dataset,seed,fold,task,target,condition,perm_rep,ccc
msp,20260920,0,raw,arousal,raw,-1,0.45839569485414017
msp,20260920,0,raw,arousal,raw_plus_true_center,-1,0.4830938946946933
msp,20260920,0,raw,dominance,raw,-1,0.37603868757779535
msp,20260920,0,raw,dominance,raw_plus_true_center,-1,0.38436707232044215
msp,20260920,0,raw,arousal,raw_plus_permuted_center,0,0.45839653512533707
msp,20260920,0,raw,dominance,raw_plus_permuted_center,0,0.3763994540482001
msp,20260920,0,raw,arousal,raw_plus_permuted_center,1,0.45871647933053483
msp,20260920,0,raw,dominance,raw_plus_permuted_center,1,0.3768750858835276
msp,20260920,0,raw,arousal,raw_plus_permuted_center,2,0.45662263461001623
msp,20260920,0,raw,dominance,raw_plus_permuted_center,2,0.37453441254029507
msp,20260920,0,raw,arousal,raw_plus_permuted_center,3,0.45875415787885515
msp,20260920,0,raw,dominance,raw_plus_permuted_center,3,0.375766799331334
msp,20260920,0,raw,arousal,raw_plus_permuted_center,4,0.45717623019479275
msp,20260920,0,raw,dominance,raw_plus_permuted_center,4,0.37526899895564836
msp,20260920,0,raw,arousal,raw_plus_permuted_center,5,0.4584591351873443
msp,20260920,0,raw,dominance,raw_plus_permuted_center,5,0.37640908116059785
msp,20260920,0,raw,arousal,raw_plus_permuted_center,6,0.4598044077575471
msp,20260920,0,raw,dominance,raw_plus_permuted_center,6,0.3769703538044688
msp,20260920,0,raw,arousal,raw_plus_permuted_center,7,0.458023713503268
msp,20260920,0,raw,dominance,raw_plus_permuted_center,7,0.3762581620572941
msp,20260920,0,raw,arousal,raw_plus_permuted_center,8,0.45690199013343
msp,20260920,0,raw,dominance,raw_plus_permuted_center,8,0.37451401974561244
msp,20260920,0,raw,arousal,raw_plus_permuted_center,9,0.45856429077278127
msp,20260920,0,raw,dominance,raw_plus_permuted_center,9,0.37582835702538414
msp,20260920,0,raw,arousal,raw_plus_permuted_center,10,0.45875880157999194
msp,20260920,0,raw,dominance,raw_plus_permuted_center,10,0.3764738780140215
msp,20260920,0,raw,arousal,raw_plus_permuted_center,11,0.45799241731164675
msp,20260920,0,raw,dominance,raw_plus_permuted_center,11,0.3760503698237315
msp,20260920,0,raw,arousal,raw_plus_permuted_center,12,0.45686367148026924
msp,20260920,0,raw,dominance,raw_plus_permuted_center,12,0.37529822522561473
msp,20260920,0,raw,arousal,raw_plus_permuted_center,13,0.4569301591276378
msp,20260920,0,raw,dominance,raw_plus_permuted_center,13,0.3747243500476349
msp,20260920,0,raw,arousal,raw_plus_permuted_center,14,0.4579212839169976
msp,20260920,0,raw,dominance,raw_plus_permuted_center,14,0.37666949725322485
msp,20260920,0,raw,arousal,raw_plus_permuted_center,15,0.45854510777228924
msp,20260920,0,raw,dominance,raw_plus_permuted_center,15,0.3764707324545007
msp,20260920,0,raw,arousal,raw_plus_permuted_center,16,0.45832401959509794
msp,20260920,0,raw,dominance,raw_plus_permuted_center,16,0.37567631535700313
msp,20260920,0,raw,arousal,raw_plus_permuted_center,17,0.45832141460974163
msp,20260920,0,raw,dominance,raw_plus_permuted_center,17,0.3756218528884458
msp,20260920,0,raw,arousal,raw_plus_permuted_center,18,0.45938362034826863
msp,20260920,0,raw,dominance,raw_plus_permuted_center,18,0.3762457263488884
msp,20260920,0,raw,arousal,raw_plus_permuted_center,19,0.4574886055866557
msp,20260920,0,raw,dominance,raw_plus_permuted_center,19,0.3754112733716055
msp,20260920,0,residual,arousal,raw,-1,0.1408182274390318
msp,20260920,0,residual,arousal,raw_plus_true_center,-1,0.33901765350199026
msp,20260920,0,residual,dominance,raw,-1,0.0950112014856872
msp,20260920,0,residual,dominance,raw_plus_true_center,-1,0.23862927014137988
msp,20260920,0,residual,arousal,raw_plus_permuted_center,0,0.1409402023763591
msp,20260920,0,residual,dominance,raw_plus_permuted_center,0,0.09513410314145974
msp,20260920,0,residual,arousal,raw_plus_permuted_center,1,0.14087837526705932
msp,20260920,0,residual,dominance,raw_plus_permuted_center,1,0.09506244051583687
msp,20260920,0,residual,arousal,raw_plus_permuted_center,2,0.1408661628170375
msp,20260920,0,residual,dominance,raw_plus_permuted_center,2,0.09504963293389092
msp,20260920,0,residual,arousal,raw_plus_permuted_center,3,0.14106508074452465
msp,20260920,0,residual,dominance,raw_plus_permuted_center,3,0.09519024481156904
msp,20260920,0,residual,arousal,raw_plus_permuted_center,4,0.14092922852939416
msp,20260920,0,residual,dominance,raw_plus_permuted_center,4,0.09508210196547066
msp,20260920,0,residual,arousal,raw_plus_permuted_center,5,0.1408443868164283
msp,20260920,0,residual,dominance,raw_plus_permuted_center,5,0.09503617737464452
msp,20260920,0,residual,arousal,raw_plus_permuted_center,6,0.14110883705096894
msp,20260920,0,residual,dominance,raw_plus_permuted_center,6,0.09521462437957856
msp,20260920,0,residual,arousal,raw_plus_permuted_center,7,0.14109082426426453
msp,20260920,0,residual,dominance,raw_plus_permuted_center,7,0.0952096039413203
msp,20260920,0,residual,arousal,raw_plus_permuted_center,8,0.14081313313696955
msp,20260920,0,residual,dominance,raw_plus_permuted_center,8,0.09501498788526751
msp,20260920,0,residual,arousal,raw_plus_permuted_center,9,0.14093705108150198
msp,20260920,0,residual,dominance,raw_plus_permuted_center,9,0.09508493093052306
msp,20260920,0,residual,arousal,raw_plus_permuted_center,10,0.1409253843564495
msp,20260920,0,residual,dominance,raw_plus_permuted_center,10,0.09507032877208436
msp,20260920,0,residual,arousal,raw_plus_permuted_center,11,0.14083195038782545
msp,20260920,0,residual,dominance,raw_plus_permuted_center,11,0.09504200679751854
msp,20260920,0,residual,arousal,raw_plus_permuted_center,12,0.14093488247081196
msp,20260920,0,residual,dominance,raw_plus_permuted_center,12,0.095099170028915
msp,20260920,0,residual,arousal,raw_plus_permuted_center,13,0.14082470559613672
msp,20260920,0,residual,dominance,raw_plus_permuted_center,13,0.09501560164814904
msp,20260920,0,residual,arousal,raw_plus_permuted_center,14,0.14105894259869983
msp,20260920,0,residual,dominance,raw_plus_permuted_center,14,0.09521061739127791
msp,20260920,0,residual,arousal,raw_plus_permuted_center,15,0.14081764898640897
msp,20260920,0,residual,dominance,raw_plus_permuted_center,15,0.09501116804792578
msp,20260920,0,residual,arousal,raw_plus_permuted_center,16,0.14104519817914613
msp,20260920,0,residual,dominance,raw_plus_permuted_center,16,0.09516612606371648
msp,20260920,0,residual,arousal,raw_plus_permuted_center,17,0.14085871208927894
msp,20260920,0,residual,dominance,raw_plus_permuted_center,17,0.09502527407472865
msp,20260920,0,residual,arousal,raw_plus_permuted_center,18,0.140979189118617
msp,20260920,0,residual,dominance,raw_plus_permuted_center,18,0.09509595363776004
msp,20260920,0,residual,arousal,raw_plus_permuted_center,19,0.14097078903159363
msp,20260920,0,residual,dominance,raw_plus_permuted_center,19,0.09510611806260298
msp,20260920,1,raw,arousal,raw,-1,0.4704443202352589
msp,20260920,1,raw,arousal,raw_plus_true_center,-1,0.5031964711456343
msp,20260920,1,raw,dominance,raw,-1,0.3746569923819161
msp,20260920,1,raw,dominance,raw_plus_true_center,-1,0.38933855095823344
msp,20260920,1,raw,arousal,raw_plus_permuted_center,0,0.4703873221872181
msp,20260920,1,raw,dominance,raw_plus_permuted_center,0,0.3746037825129304
msp,20260920,1,raw,arousal,raw_plus_permuted_center,1,0.46704871525868275
msp,20260920,1,raw,dominance,raw_plus_permuted_center,1,0.3726877242651379
msp,20260920,1,raw,arousal,raw_plus_permuted_center,2,0.47063473220384044
msp,20260920,1,raw,dominance,raw_plus_permuted_center,2,0.3749335026215947
msp,20260920,1,raw,arousal,raw_plus_permuted_center,3,0.47053387045620204
msp,20260920,1,raw,dominance,raw_plus_permuted_center,3,0.37434368553243524
msp,20260920,1,raw,arousal,raw_plus_permuted_center,4,0.47035733525408413
msp,20260920,1,raw,dominance,raw_plus_permuted_center,4,0.374486605240303
msp,20260920,1,raw,arousal,raw_plus_permuted_center,5,0.47024261052855343
msp,20260920,1,raw,dominance,raw_plus_permuted_center,5,0.37479719302550385
msp,20260920,1,raw,arousal,raw_plus_permuted_center,6,0.46934781073416953
msp,20260920,1,raw,dominance,raw_plus_permuted_center,6,0.3732913654408699
msp,20260920,1,raw,arousal,raw_plus_permuted_center,7,0.4714532686135933
msp,20260920,1,raw,dominance,raw_plus_permuted_center,7,0.3754728537952803
msp,20260920,1,raw,arousal,raw_plus_permuted_center,8,0.4704336164038261
msp,20260920,1,raw,dominance,raw_plus_permuted_center,8,0.3742051743918639
msp,20260920,1,raw,arousal,raw_plus_permuted_center,9,0.4712142024536022
msp,20260920,1,raw,dominance,raw_plus_permuted_center,9,0.375238346171669
msp,20260920,1,raw,arousal,raw_plus_permuted_center,10,0.4687330154658571
msp,20260920,1,raw,dominance,raw_plus_permuted_center,10,0.37354007609525425
msp,20260920,1,raw,arousal,raw_plus_permuted_center,11,0.47233594620095015
msp,20260920,1,raw,dominance,raw_plus_permuted_center,11,0.3764417288576516
msp,20260920,1,raw,arousal,raw_plus_permuted_center,12,0.47004066920132875
msp,20260920,1,raw,dominance,raw_plus_permuted_center,12,0.3747959227198187
msp,20260920,1,raw,arousal,raw_plus_permuted_center,13,0.47058759477213
msp,20260920,1,raw,dominance,raw_plus_permuted_center,13,0.3744256700704971
msp,20260920,1,raw,arousal,raw_plus_permuted_center,14,0.46924951529644077
msp,20260920,1,raw,dominance,raw_plus_permuted_center,14,0.37468401478225793
msp,20260920,1,raw,arousal,raw_plus_permuted_center,15,0.4698296158623661
msp,20260920,1,raw,dominance,raw_plus_permuted_center,15,0.37378951062597304
msp,20260920,1,raw,arousal,raw_plus_permuted_center,16,0.47165030279844466
msp,20260920,1,raw,dominance,raw_plus_permuted_center,16,0.374864010728589
msp,20260920,1,raw,arousal,raw_plus_permuted_center,17,0.47057720613463266
msp,20260920,1,raw,dominance,raw_plus_permuted_center,17,0.37469768400412723
msp,20260920,1,raw,arousal,raw_plus_permuted_center,18,0.4711731790294259
msp,20260920,1,raw,dominance,raw_plus_permuted_center,18,0.3743655124262305
msp,20260920,1,raw,arousal,raw_plus_permuted_center,19,0.47030531614673343
msp,20260920,1,raw,dominance,raw_plus_permuted_center,19,0.37494637248164636
msp,20260920,1,residual,arousal,raw,-1,0.14509901405247033
msp,20260920,1,residual,arousal,raw_plus_true_center,-1,0.34987231827256066
msp,20260920,1,residual,dominance,raw,-1,0.09825647735026774
msp,20260920,1,residual,dominance,raw_plus_true_center,-1,0.2501235977360178
msp,20260920,1,residual,arousal,raw_plus_permuted_center,0,0.14523996180804788
msp,20260920,1,residual,dominance,raw_plus_permuted_center,0,0.09834638388351964
msp,20260920,1,residual,arousal,raw_plus_permuted_center,1,0.14509914406965466
msp,20260920,1,residual,dominance,raw_plus_permuted_center,1,0.09826368246091008
msp,20260920,1,residual,arousal,raw_plus_permuted_center,2,0.1451243827095653
msp,20260920,1,residual,dominance,raw_plus_permuted_center,2,0.09828159443210291
msp,20260920,1,residual,arousal,raw_plus_permuted_center,3,0.14522585184664052
msp,20260920,1,residual,dominance,raw_plus_permuted_center,3,0.09834076882852862
msp,20260920,1,residual,arousal,raw_plus_permuted_center,4,0.14521994609654176
msp,20260920,1,residual,dominance,raw_plus_permuted_center,4,0.09836179497143731
msp,20260920,1,residual,arousal,raw_plus_permuted_center,5,0.1451707071469091
msp,20260920,1,residual,dominance,raw_plus_permuted_center,5,0.09832959400195411
msp,20260920,1,residual,arousal,raw_plus_permuted_center,6,0.14523445947643635
msp,20260920,1,residual,dominance,raw_plus_permuted_center,6,0.09836760982010083
msp,20260920,1,residual,arousal,raw_plus_permuted_center,7,0.14512350803315469
msp,20260920,1,residual,dominance,raw_plus_permuted_center,7,0.09827116734645938
msp,20260920,1,residual,arousal,raw_plus_permuted_center,8,0.14543606686082888
msp,20260920,1,residual,dominance,raw_plus_permuted_center,8,0.09853052083850575
msp,20260920,1,residual,arousal,raw_plus_permuted_center,9,0.14543167095940351
msp,20260920,1,residual,dominance,raw_plus_permuted_center,9,0.09849335085930382
msp,20260920,1,residual,arousal,raw_plus_permuted_center,10,0.1451330406528429
msp,20260920,1,residual,dominance,raw_plus_permuted_center,10,0.0982932129431855
msp,20260920,1,residual,arousal,raw_plus_permuted_center,11,0.1451428069586467
msp,20260920,1,residual,dominance,raw_plus_permuted_center,11,0.09829665105969423
msp,20260920,1,residual,arousal,raw_plus_permuted_center,12,0.14530832785566616
msp,20260920,1,residual,dominance,raw_plus_permuted_center,12,0.09840514087270909
msp,20260920,1,residual,arousal,raw_plus_permuted_center,13,0.14512400499072936
msp,20260920,1,residual,dominance,raw_plus_permuted_center,13,0.09827808058400996
msp,20260920,1,residual,arousal,raw_plus_permuted_center,14,0.14512611148971946
msp,20260920,1,residual,dominance,raw_plus_permuted_center,14,0.09827832735887534
msp,20260920,1,residual,arousal,raw_plus_permuted_center,15,0.14519622195716278
msp,20260920,1,residual,dominance,raw_plus_permuted_center,15,0.09831422861352412
msp,20260920,1,residual,arousal,raw_plus_permuted_center,16,0.14533303941967543
msp,20260920,1,residual,dominance,raw_plus_permuted_center,16,0.0984477019311232
msp,20260920,1,residual,arousal,raw_plus_permuted_center,17,0.14519158724938283
msp,20260920,1,residual,dominance,raw_plus_permuted_center,17,0.09829777933169956
msp,20260920,1,residual,arousal,raw_plus_permuted_center,18,0.14531793855425298
msp,20260920,1,residual,dominance,raw_plus_permuted_center,18,0.09840971200095638
msp,20260920,1,residual,arousal,raw_plus_permuted_center,19,0.1452291213792812
msp,20260920,1,residual,dominance,raw_plus_permuted_center,19,0.09834338457777546
msp,20260920,2,raw,arousal,raw,-1,0.47639095823931676
msp,20260920,2,raw,arousal,raw_plus_true_center,-1,0.49635483794575663
msp,20260920,2,raw,dominance,raw,-1,0.38558536193561904
msp,20260920,2,raw,dominance,raw_plus_true_center,-1,0.3917840774873043
msp,20260920,2,raw,arousal,raw_plus_permuted_center,0,0.47602253145210527
msp,20260920,2,raw,dominance,raw_plus_permuted_center,0,0.3849083373690756
msp,20260920,2,raw,arousal,raw_plus_permuted_center,1,0.4762098640259866
msp,20260920,2,raw,dominance,raw_plus_permuted_center,1,0.3859942815697248
msp,20260920,2,raw,arousal,raw_plus_permuted_center,2,0.4766207015254608
msp,20260920,2,raw,dominance,raw_plus_permuted_center,2,0.3856274231307817
msp,20260920,2,raw,arousal,raw_plus_permuted_center,3,0.47488814122492634
msp,20260920,2,raw,dominance,raw_plus_permuted_center,3,0.383864823056697
msp,20260920,2,raw,arousal,raw_plus_permuted_center,4,0.47623967653518334
msp,20260920,2,raw,dominance,raw_plus_permuted_center,4,0.3855641771053378
msp,20260920,2,raw,arousal,raw_plus_permuted_center,5,0.4709076704727584
msp,20260920,2,raw,dominance,raw_plus_permuted_center,5,0.3827118638592393
msp,20260920,2,raw,arousal,raw_plus_permuted_center,6,0.4753736291939073
msp,20260920,2,raw,dominance,raw_plus_permuted_center,6,0.384712578853919
msp,20260920,2,raw,arousal,raw_plus_permuted_center,7,0.47697511828689676
msp,20260920,2,raw,dominance,raw_plus_permuted_center,7,0.3860173693934993
msp,20260920,2,raw,arousal,raw_plus_permuted_center,8,0.4760380902951291
msp,20260920,2,raw,dominance,raw_plus_permuted_center,8,0.3853534509731158
msp,20260920,2,raw,arousal,raw_plus_permuted_center,9,0.47602350037850344
msp,20260920,2,raw,dominance,raw_plus_permuted_center,9,0.38564621163602525
msp,20260920,2,raw,arousal,raw_plus_permuted_center,10,0.47805912839186043
msp,20260920,2,raw,dominance,raw_plus_permuted_center,10,0.38701313115826563
msp,20260920,2,raw,arousal,raw_plus_permuted_center,11,0.4755579031295058
msp,20260920,2,raw,dominance,raw_plus_permuted_center,11,0.3856952842555076
msp,20260920,2,raw,arousal,raw_plus_permuted_center,12,0.47635481475007374
msp,20260920,2,raw,dominance,raw_plus_permuted_center,12,0.3856285083175565
msp,20260920,2,raw,arousal,raw_plus_permuted_center,13,0.475177644845747
msp,20260920,2,raw,dominance,raw_plus_permuted_center,13,0.38466708109604486
msp,20260920,2,raw,arousal,raw_plus_permuted_center,14,0.47624382771481166
msp,20260920,2,raw,dominance,raw_plus_permuted_center,14,0.38582497065177157
msp,20260920,2,raw,arousal,raw_plus_permuted_center,15,0.4767361760571048
msp,20260920,2,raw,dominance,raw_plus_permuted_center,15,0.38567065402501544
msp,20260920,2,raw,arousal,raw_plus_permuted_center,16,0.47664606252892516
msp,20260920,2,raw,dominance,raw_plus_permuted_center,16,0.38599394168855566
msp,20260920,2,raw,arousal,raw_plus_permuted_center,17,0.4760885361475976
msp,20260920,2,raw,dominance,raw_plus_permuted_center,17,0.38533212367259345
msp,20260920,2,raw,arousal,raw_plus_permuted_center,18,0.476188220102535
msp,20260920,2,raw,dominance,raw_plus_permuted_center,18,0.3857465663631114
msp,20260920,2,raw,arousal,raw_plus_permuted_center,19,0.4748847256593727
msp,20260920,2,raw,dominance,raw_plus_permuted_center,19,0.38521518354291145
msp,20260920,2,residual,arousal,raw,-1,0.14414748913675146
msp,20260920,2,residual,arousal,raw_plus_true_center,-1,0.34777270892524853
msp,20260920,2,residual,dominance,raw,-1,0.0975952015596926
msp,20260920,2,residual,dominance,raw_plus_true_center,-1,0.2474776890106999
msp,20260920,2,residual,arousal,raw_plus_permuted_center,0,0.14415942330575204
msp,20260920,2,residual,dominance,raw_plus_permuted_center,0,0.09761292469072129
msp,20260920,2,residual,arousal,raw_plus_permuted_center,1,0.14443406671054368
msp,20260920,2,residual,dominance,raw_plus_permuted_center,1,0.09776106350868154
msp,20260920,2,residual,arousal,raw_plus_permuted_center,2,0.1442131541861636
msp,20260920,2,residual,dominance,raw_plus_permuted_center,2,0.09762904068014651
msp,20260920,2,residual,arousal,raw_plus_permuted_center,3,0.144530771069874
msp,20260920,2,residual,dominance,raw_plus_permuted_center,3,0.09791102131458866
msp,20260920,2,residual,arousal,raw_plus_permuted_center,4,0.14426444001473795
msp,20260920,2,residual,dominance,raw_plus_permuted_center,4,0.09769852364327364
msp,20260920,2,residual,arousal,raw_plus_permuted_center,5,0.1442103645672829
msp,20260920,2,residual,dominance,raw_plus_permuted_center,5,0.09764634843151802
msp,20260920,2,residual,arousal,raw_plus_permuted_center,6,0.14427827626571127
msp,20260920,2,residual,dominance,raw_plus_permuted_center,6,0.09773302909372318
msp,20260920,2,residual,arousal,raw_plus_permuted_center,7,0.14426571988265752
msp,20260920,2,residual,dominance,raw_plus_permuted_center,7,0.09766917478649748
msp,20260920,2,residual,arousal,raw_plus_permuted_center,8,0.1445506353267271
msp,20260920,2,residual,dominance,raw_plus_permuted_center,8,0.09785065473074066
msp,20260920,2,residual,arousal,raw_plus_permuted_center,9,0.14427462265276156
msp,20260920,2,residual,dominance,raw_plus_permuted_center,9,0.09769527697560046
msp,20260920,2,residual,arousal,raw_plus_permuted_center,10,0.1447632251100468
msp,20260920,2,residual,dominance,raw_plus_permuted_center,10,0.0979633652552615
msp,20260920,2,residual,arousal,raw_plus_permuted_center,11,0.14450391471625953
msp,20260920,2,residual,dominance,raw_plus_permuted_center,11,0.09791984387964556
msp,20260920,2,residual,arousal,raw_plus_permuted_center,12,0.1442426148148812
msp,20260920,2,residual,dominance,raw_plus_permuted_center,12,0.09766364095400087
msp,20260920,2,residual,arousal,raw_plus_permuted_center,13,0.14423902083929266
msp,20260920,2,residual,dominance,raw_plus_permuted_center,13,0.09769551774424981
msp,20260920,2,residual,arousal,raw_plus_permuted_center,14,0.1443635337896434
msp,20260920,2,residual,dominance,raw_plus_permuted_center,14,0.09773311391815402
msp,20260920,2,residual,arousal,raw_plus_permuted_center,15,0.14430950816149507
msp,20260920,2,residual,dominance,raw_plus_permuted_center,15,0.09772035180382813
msp,20260920,2,residual,arousal,raw_plus_permuted_center,16,0.1442803986762243
msp,20260920,2,residual,dominance,raw_plus_permuted_center,16,0.09768689560712525
msp,20260920,2,residual,arousal,raw_plus_permuted_center,17,0.14453251554784952
msp,20260920,2,residual,dominance,raw_plus_permuted_center,17,0.09792360968326277
msp,20260920,2,residual,arousal,raw_plus_permuted_center,18,0.14414674180112527
msp,20260920,2,residual,dominance,raw_plus_permuted_center,18,0.09759493857685554
msp,20260920,2,residual,arousal,raw_plus_permuted_center,19,0.14433268996681844
msp,20260920,2,residual,dominance,raw_plus_permuted_center,19,0.09775573877838277
msp,20260920,3,raw,arousal,raw,-1,0.47191661497389203
msp,20260920,3,raw,arousal,raw_plus_true_center,-1,0.4916387017522311
msp,20260920,3,raw,dominance,raw,-1,0.3829949341047224
msp,20260920,3,raw,dominance,raw_plus_true_center,-1,0.38806891834718965
msp,20260920,3,raw,arousal,raw_plus_permuted_center,0,0.4719006400400424
msp,20260920,3,raw,dominance,raw_plus_permuted_center,0,0.38303000821695043
msp,20260920,3,raw,arousal,raw_plus_permuted_center,1,0.4712551367602813
msp,20260920,3,raw,dominance,raw_plus_permuted_center,1,0.3821931586521629
msp,20260920,3,raw,arousal,raw_plus_permuted_center,2,0.4712192792130229
msp,20260920,3,raw,dominance,raw_plus_permuted_center,2,0.3813415154295041
msp,20260920,3,raw,arousal,raw_plus_permuted_center,3,0.4719092489371856
msp,20260920,3,raw,dominance,raw_plus_permuted_center,3,0.38274288580046606
msp,20260920,3,raw,arousal,raw_plus_permuted_center,4,0.47129500552132925
msp,20260920,3,raw,dominance,raw_plus_permuted_center,4,0.38175828362575653
msp,20260920,3,raw,arousal,raw_plus_permuted_center,5,0.4718443278805624
msp,20260920,3,raw,dominance,raw_plus_permuted_center,5,0.38318782640837273
msp,20260920,3,raw,arousal,raw_plus_permuted_center,6,0.47217380521314745
msp,20260920,3,raw,dominance,raw_plus_permuted_center,6,0.3827715969801183
msp,20260920,3,raw,arousal,raw_plus_permuted_center,7,0.47084973233414035
msp,20260920,3,raw,dominance,raw_plus_permuted_center,7,0.38290909931830847
msp,20260920,3,raw,arousal,raw_plus_permuted_center,8,0.4722079642010212
msp,20260920,3,raw,dominance,raw_plus_permuted_center,8,0.38305743887820676
msp,20260920,3,raw,arousal,raw_plus_permuted_center,9,0.47090204835902183
msp,20260920,3,raw,dominance,raw_plus_permuted_center,9,0.3816016092525037
msp,20260920,3,raw,arousal,raw_plus_permuted_center,10,0.4697861747461202
msp,20260920,3,raw,dominance,raw_plus_permuted_center,10,0.3823192615139086
msp,20260920,3,raw,arousal,raw_plus_permuted_center,11,0.4715215014254038
msp,20260920,3,raw,dominance,raw_plus_permuted_center,11,0.3827218819500356
msp,20260920,3,raw,arousal,raw_plus_permuted_center,12,0.4729623319638407
msp,20260920,3,raw,dominance,raw_plus_permuted_center,12,0.38336330209468306
msp,20260920,3,raw,arousal,raw_plus_permuted_center,13,0.47091954219781973
msp,20260920,3,raw,dominance,raw_plus_permuted_center,13,0.38230135575985524
msp,20260920,3,raw,arousal,raw_plus_permuted_center,14,0.4714625873868232
msp,20260920,3,raw,dominance,raw_plus_permuted_center,14,0.3831617950332364
msp,20260920,3,raw,arousal,raw_plus_permuted_center,15,0.4709098538786229
msp,20260920,3,raw,dominance,raw_plus_permuted_center,15,0.3816758303413445
msp,20260920,3,raw,arousal,raw_plus_permuted_center,16,0.4731276221232009
msp,20260920,3,raw,dominance,raw_plus_permuted_center,16,0.3837010170606638
msp,20260920,3,raw,arousal,raw_plus_permuted_center,17,0.47235868414913545
msp,20260920,3,raw,dominance,raw_plus_permuted_center,17,0.3830503287851478
msp,20260920,3,raw,arousal,raw_plus_permuted_center,18,0.4713453429034326
msp,20260920,3,raw,dominance,raw_plus_permuted_center,18,0.38319148923611634
msp,20260920,3,raw,arousal,raw_plus_permuted_center,19,0.4718815951805946
msp,20260920,3,raw,dominance,raw_plus_permuted_center,19,0.38367051587777184
msp,20260920,3,residual,arousal,raw,-1,0.1371876037774577
msp,20260920,3,residual,arousal,raw_plus_true_center,-1,0.32818155206549393
msp,20260920,3,residual,dominance,raw,-1,0.09018652015212035
msp,20260920,3,residual,dominance,raw_plus_true_center,-1,0.23087566349058583
msp,20260920,3,residual,arousal,raw_plus_permuted_center,0,0.13741283525850898
msp,20260920,3,residual,dominance,raw_plus_permuted_center,0,0.09038357850276141
msp,20260920,3,residual,arousal,raw_plus_permuted_center,1,0.13719207932431057
msp,20260920,3,residual,dominance,raw_plus_permuted_center,1,0.09019584964996577
msp,20260920,3,residual,arousal,raw_plus_permuted_center,2,0.13737192629206318
msp,20260920,3,residual,dominance,raw_plus_permuted_center,2,0.09029154548318555
msp,20260920,3,residual,arousal,raw_plus_permuted_center,3,0.13724356028787213
msp,20260920,3,residual,dominance,raw_plus_permuted_center,3,0.09022917822599327
msp,20260920,3,residual,arousal,raw_plus_permuted_center,4,0.13733100006489765
msp,20260920,3,residual,dominance,raw_plus_permuted_center,4,0.09028897146210617
msp,20260920,3,residual,arousal,raw_plus_permuted_center,5,0.1372393570453545
msp,20260920,3,residual,dominance,raw_plus_permuted_center,5,0.09026105235515287
msp,20260920,3,residual,arousal,raw_plus_permuted_center,6,0.1374456907174786
msp,20260920,3,residual,dominance,raw_plus_permuted_center,6,0.0903224089933656
msp,20260920,3,residual,arousal,raw_plus_permuted_center,7,0.1372142163903166
msp,20260920,3,residual,dominance,raw_plus_permuted_center,7,0.09020214969641317
msp,20260920,3,residual,arousal,raw_plus_permuted_center,8,0.13729585243238626
msp,20260920,3,residual,dominance,raw_plus_permuted_center,8,0.09021793271311615
msp,20260920,3,residual,arousal,raw_plus_permuted_center,9,0.13738589294090722
msp,20260920,3,residual,dominance,raw_plus_permuted_center,9,0.09034833139971654
msp,20260920,3,residual,arousal,raw_plus_permuted_center,10,0.1373744210532214
msp,20260920,3,residual,dominance,raw_plus_permuted_center,10,0.09031908262112681
msp,20260920,3,residual,arousal,raw_plus_permuted_center,11,0.13732910281035296
msp,20260920,3,residual,dominance,raw_plus_permuted_center,11,0.09029379057215996
msp,20260920,3,residual,arousal,raw_plus_permuted_center,12,0.13720958159845534
msp,20260920,3,residual,dominance,raw_plus_permuted_center,12,0.09020894299134949
msp,20260920,3,residual,arousal,raw_plus_permuted_center,13,0.13721621028383826
msp,20260920,3,residual,dominance,raw_plus_permuted_center,13,0.09020674121593943
msp,20260920,3,residual,arousal,raw_plus_permuted_center,14,0.13747598594972896
msp,20260920,3,residual,dominance,raw_plus_permuted_center,14,0.09035932965351987
msp,20260920,3,residual,arousal,raw_plus_permuted_center,15,0.13728798252145522
msp,20260920,3,residual,dominance,raw_plus_permuted_center,15,0.09028410100754611
msp,20260920,3,residual,arousal,raw_plus_permuted_center,16,0.13735176558490528
msp,20260920,3,residual,dominance,raw_plus_permuted_center,16,0.09031136875910714
msp,20260920,3,residual,arousal,raw_plus_permuted_center,17,0.13730648765646083
msp,20260920,3,residual,dominance,raw_plus_permuted_center,17,0.09028854060959007
msp,20260920,3,residual,arousal,raw_plus_permuted_center,18,0.13744402404142206
msp,20260920,3,residual,dominance,raw_plus_permuted_center,18,0.09040748923049541
msp,20260920,3,residual,arousal,raw_plus_permuted_center,19,0.13727050983588698
msp,20260920,3,residual,dominance,raw_plus_permuted_center,19,0.09023857776497848
msp,20260920,4,raw,arousal,raw,-1,0.425652565583539
msp,20260920,4,raw,arousal,raw_plus_true_center,-1,0.4559338626610657
msp,20260920,4,raw,dominance,raw,-1,0.34151258982108185
msp,20260920,4,raw,dominance,raw_plus_true_center,-1,0.35358062388652983
msp,20260920,4,raw,arousal,raw_plus_permuted_center,0,0.4254572041894105
msp,20260920,4,raw,dominance,raw_plus_permuted_center,0,0.3418918167197645
msp,20260920,4,raw,arousal,raw_plus_permuted_center,1,0.4244163301513505
msp,20260920,4,raw,dominance,raw_plus_permuted_center,1,0.3407757827931517
msp,20260920,4,raw,arousal,raw_plus_permuted_center,2,0.4256776487910964
msp,20260920,4,raw,dominance,raw_plus_permuted_center,2,0.34139838291242064
msp,20260920,4,raw,arousal,raw_plus_permuted_center,3,0.4253243723268664
msp,20260920,4,raw,dominance,raw_plus_permuted_center,3,0.34201308745997355
msp,20260920,4,raw,arousal,raw_plus_permuted_center,4,0.42677390918365277
msp,20260920,4,raw,dominance,raw_plus_permuted_center,4,0.3427240788471468
msp,20260920,4,raw,arousal,raw_plus_permuted_center,5,0.42510047843976384
msp,20260920,4,raw,dominance,raw_plus_permuted_center,5,0.34060105004755886
msp,20260920,4,raw,arousal,raw_plus_permuted_center,6,0.42737057580075294
msp,20260920,4,raw,dominance,raw_plus_permuted_center,6,0.3425594194338902
msp,20260920,4,raw,arousal,raw_plus_permuted_center,7,0.42563635749761347
msp,20260920,4,raw,dominance,raw_plus_permuted_center,7,0.34152189552777656
msp,20260920,4,raw,arousal,raw_plus_permuted_center,8,0.4228288024519173
msp,20260920,4,raw,dominance,raw_plus_permuted_center,8,0.3385056618404689
msp,20260920,4,raw,arousal,raw_plus_permuted_center,9,0.42677011139807863
msp,20260920,4,raw,dominance,raw_plus_permuted_center,9,0.3422079051063916
msp,20260920,4,raw,arousal,raw_plus_permuted_center,10,0.4257636937550814
msp,20260920,4,raw,dominance,raw_plus_permuted_center,10,0.3417264027411879
msp,20260920,4,raw,arousal,raw_plus_permuted_center,11,0.42494245523496443
msp,20260920,4,raw,dominance,raw_plus_permuted_center,11,0.3409309000449658
msp,20260920,4,raw,arousal,raw_plus_permuted_center,12,0.4232848637681543
msp,20260920,4,raw,dominance,raw_plus_permuted_center,12,0.338166051087411
msp,20260920,4,raw,arousal,raw_plus_permuted_center,13,0.42656714176428157
msp,20260920,4,raw,dominance,raw_plus_permuted_center,13,0.3419875234975154
msp,20260920,4,raw,arousal,raw_plus_permuted_center,14,0.4249015274323467
msp,20260920,4,raw,dominance,raw_plus_permuted_center,14,0.34020620530191986
msp,20260920,4,raw,arousal,raw_plus_permuted_center,15,0.4242109003412152
msp,20260920,4,raw,dominance,raw_plus_permuted_center,15,0.3394412615498978
msp,20260920,4,raw,arousal,raw_plus_permuted_center,16,0.42566905216537204
msp,20260920,4,raw,dominance,raw_plus_permuted_center,16,0.34183015534016925
msp,20260920,4,raw,arousal,raw_plus_permuted_center,17,0.4256590828538071
msp,20260920,4,raw,dominance,raw_plus_permuted_center,17,0.3410316960821141
msp,20260920,4,raw,arousal,raw_plus_permuted_center,18,0.4256983289167979
msp,20260920,4,raw,dominance,raw_plus_permuted_center,18,0.3412726406895362
msp,20260920,4,raw,arousal,raw_plus_permuted_center,19,0.42555135065307187
msp,20260920,4,raw,dominance,raw_plus_permuted_center,19,0.34134860596800687
msp,20260920,4,residual,arousal,raw,-1,0.12776225452843323
msp,20260920,4,residual,arousal,raw_plus_true_center,-1,0.31349018549849167
msp,20260920,4,residual,dominance,raw,-1,0.08398360220024302
msp,20260920,4,residual,dominance,raw_plus_true_center,-1,0.21870247739122206
msp,20260920,4,residual,arousal,raw_plus_permuted_center,0,0.12777328558887627
msp,20260920,4,residual,dominance,raw_plus_permuted_center,0,0.08400561577080076
msp,20260920,4,residual,arousal,raw_plus_permuted_center,1,0.12780866953676417
msp,20260920,4,residual,dominance,raw_plus_permuted_center,1,0.08403055402126924
msp,20260920,4,residual,arousal,raw_plus_permuted_center,2,0.1279751967374544
msp,20260920,4,residual,dominance,raw_plus_permuted_center,2,0.0840978746836411
msp,20260920,4,residual,arousal,raw_plus_permuted_center,3,0.1279185537768488
msp,20260920,4,residual,dominance,raw_plus_permuted_center,3,0.08412085966076757
msp,20260920,4,residual,arousal,raw_plus_permuted_center,4,0.1277902261870572
msp,20260920,4,residual,dominance,raw_plus_permuted_center,4,0.08400107959033552
msp,20260920,4,residual,arousal,raw_plus_permuted_center,5,0.12784419982385845
msp,20260920,4,residual,dominance,raw_plus_permuted_center,5,0.08404186938320377
msp,20260920,4,residual,arousal,raw_plus_permuted_center,6,0.12787909561678049
msp,20260920,4,residual,dominance,raw_plus_permuted_center,6,0.08410242506740875
msp,20260920,4,residual,arousal,raw_plus_permuted_center,7,0.12789500345702803
msp,20260920,4,residual,dominance,raw_plus_permuted_center,7,0.08412043221416139
msp,20260920,4,residual,arousal,raw_plus_permuted_center,8,0.1280894896721927
msp,20260920,4,residual,dominance,raw_plus_permuted_center,8,0.0842956167340052
msp,20260920,4,residual,arousal,raw_plus_permuted_center,9,0.12788427755814397
msp,20260920,4,residual,dominance,raw_plus_permuted_center,9,0.08404356973403528
msp,20260920,4,residual,arousal,raw_plus_permuted_center,10,0.12783997417991516
msp,20260920,4,residual,dominance,raw_plus_permuted_center,10,0.08403390920422635
msp,20260920,4,residual,arousal,raw_plus_permuted_center,11,0.12785420339504114
msp,20260920,4,residual,dominance,raw_plus_permuted_center,11,0.0840846033545172
msp,20260920,4,residual,arousal,raw_plus_permuted_center,12,0.12781772759923654
msp,20260920,4,residual,dominance,raw_plus_permuted_center,12,0.08400462989209014
msp,20260920,4,residual,arousal,raw_plus_permuted_center,13,0.12790577211702506
msp,20260920,4,residual,dominance,raw_plus_permuted_center,13,0.08410645189873212
msp,20260920,4,residual,arousal,raw_plus_permuted_center,14,0.12801729465658754
msp,20260920,4,residual,dominance,raw_plus_permuted_center,14,0.08412841443658474
msp,20260920,4,residual,arousal,raw_plus_permuted_center,15,0.1279331537085861
msp,20260920,4,residual,dominance,raw_plus_permuted_center,15,0.08409626569622818
msp,20260920,4,residual,arousal,raw_plus_permuted_center,16,0.12789646946292224
msp,20260920,4,residual,dominance,raw_plus_permuted_center,16,0.0840656979416477
msp,20260920,4,residual,arousal,raw_plus_permuted_center,17,0.12779316761223836
msp,20260920,4,residual,dominance,raw_plus_permuted_center,17,0.08399488393214417
msp,20260920,4,residual,arousal,raw_plus_permuted_center,18,0.12799461314839078
msp,20260920,4,residual,dominance,raw_plus_permuted_center,18,0.08415898671026079
msp,20260920,4,residual,arousal,raw_plus_permuted_center,19,0.12783438179860673
msp,20260920,4,residual,dominance,raw_plus_permuted_center,19,0.08403156082164479
msp,20260921,0,raw,arousal,raw,-1,0.45969255283218274
msp,20260921,0,raw,arousal,raw_plus_true_center,-1,0.49218467822453715
msp,20260921,0,raw,dominance,raw,-1,0.3659075745000629
msp,20260921,0,raw,dominance,raw_plus_true_center,-1,0.3797809816574328
msp,20260921,0,raw,arousal,raw_plus_permuted_center,0,0.46023110326145256
msp,20260921,0,raw,dominance,raw_plus_permuted_center,0,0.36604285432329314
msp,20260921,0,raw,arousal,raw_plus_permuted_center,1,0.458767894179985
msp,20260921,0,raw,dominance,raw_plus_permuted_center,1,0.36495617263779284
msp,20260921,0,raw,arousal,raw_plus_permuted_center,2,0.45962398304825697
msp,20260921,0,raw,dominance,raw_plus_permuted_center,2,0.36661336382803306
msp,20260921,0,raw,arousal,raw_plus_permuted_center,3,0.46014404486177196
msp,20260921,0,raw,dominance,raw_plus_permuted_center,3,0.3656152445860068
msp,20260921,0,raw,arousal,raw_plus_permuted_center,4,0.45870303457568323
msp,20260921,0,raw,dominance,raw_plus_permuted_center,4,0.36530852321508384
msp,20260921,0,raw,arousal,raw_plus_permuted_center,5,0.4593603848130014
msp,20260921,0,raw,dominance,raw_plus_permuted_center,5,0.3659917100500838
msp,20260921,0,raw,arousal,raw_plus_permuted_center,6,0.4593502605285523
msp,20260921,0,raw,dominance,raw_plus_permuted_center,6,0.3660461564478135
msp,20260921,0,raw,arousal,raw_plus_permuted_center,7,0.4610662408005929
msp,20260921,0,raw,dominance,raw_plus_permuted_center,7,0.3664114531478824
msp,20260921,0,raw,arousal,raw_plus_permuted_center,8,0.459115147552853
msp,20260921,0,raw,dominance,raw_plus_permuted_center,8,0.365439628165886
msp,20260921,0,raw,arousal,raw_plus_permuted_center,9,0.4614835334991376
msp,20260921,0,raw,dominance,raw_plus_permuted_center,9,0.36658601696086857
msp,20260921,0,raw,arousal,raw_plus_permuted_center,10,0.4606047225135453
msp,20260921,0,raw,dominance,raw_plus_permuted_center,10,0.3658073958329297
msp,20260921,0,raw,arousal,raw_plus_permuted_center,11,0.4592910417164064
msp,20260921,0,raw,dominance,raw_plus_permuted_center,11,0.36559753945687146
msp,20260921,0,raw,arousal,raw_plus_permuted_center,12,0.45962338957856147
msp,20260921,0,raw,dominance,raw_plus_permuted_center,12,0.36600968359602787
msp,20260921,0,raw,arousal,raw_plus_permuted_center,13,0.45854164199717284
msp,20260921,0,raw,dominance,raw_plus_permuted_center,13,0.36431068774443126
msp,20260921,0,raw,arousal,raw_plus_permuted_center,14,0.45974840452423
msp,20260921,0,raw,dominance,raw_plus_permuted_center,14,0.36610820768033814
msp,20260921,0,raw,arousal,raw_plus_permuted_center,15,0.4573703532527509
msp,20260921,0,raw,dominance,raw_plus_permuted_center,15,0.36418419226991006
msp,20260921,0,raw,arousal,raw_plus_permuted_center,16,0.4596097611554204
msp,20260921,0,raw,dominance,raw_plus_permuted_center,16,0.3658930537341865
msp,20260921,0,raw,arousal,raw_plus_permuted_center,17,0.4591622165962458
msp,20260921,0,raw,dominance,raw_plus_permuted_center,17,0.3650042031838363
msp,20260921,0,raw,arousal,raw_plus_permuted_center,18,0.4597354068746712
msp,20260921,0,raw,dominance,raw_plus_permuted_center,18,0.3656751675013469
msp,20260921,0,raw,arousal,raw_plus_permuted_center,19,0.45899622244929306
msp,20260921,0,raw,dominance,raw_plus_permuted_center,19,0.3650113686757915
msp,20260921,0,residual,arousal,raw,-1,0.1397620570561362
msp,20260921,0,residual,arousal,raw_plus_true_center,-1,0.33909466857853693
msp,20260921,0,residual,dominance,raw,-1,0.09265213530790861
msp,20260921,0,residual,dominance,raw_plus_true_center,-1,0.23657737885579302
msp,20260921,0,residual,arousal,raw_plus_permuted_center,0,0.1400162259205381
msp,20260921,0,residual,dominance,raw_plus_permuted_center,0,0.09281908999434224
msp,20260921,0,residual,arousal,raw_plus_permuted_center,1,0.13980323201565192
msp,20260921,0,residual,dominance,raw_plus_permuted_center,1,0.09269545137115748
msp,20260921,0,residual,arousal,raw_plus_permuted_center,2,0.13977020631644332
msp,20260921,0,residual,dominance,raw_plus_permuted_center,2,0.09265663895944838
msp,20260921,0,residual,arousal,raw_plus_permuted_center,3,0.13977690275656482
msp,20260921,0,residual,dominance,raw_plus_permuted_center,3,0.09266318461277809
msp,20260921,0,residual,arousal,raw_plus_permuted_center,4,0.139876640714063
msp,20260921,0,residual,dominance,raw_plus_permuted_center,4,0.09274722378476559
msp,20260921,0,residual,arousal,raw_plus_permuted_center,5,0.13996859409109247
msp,20260921,0,residual,dominance,raw_plus_permuted_center,5,0.09276926435070887
msp,20260921,0,residual,arousal,raw_plus_permuted_center,6,0.13990024788827377
msp,20260921,0,residual,dominance,raw_plus_permuted_center,6,0.0928127258495953
msp,20260921,0,residual,arousal,raw_plus_permuted_center,7,0.13994602841485915
msp,20260921,0,residual,dominance,raw_plus_permuted_center,7,0.09278345196009799
msp,20260921,0,residual,arousal,raw_plus_permuted_center,8,0.13982014842111032
msp,20260921,0,residual,dominance,raw_plus_permuted_center,8,0.09270506343458332
msp,20260921,0,residual,arousal,raw_plus_permuted_center,9,0.13982894480503288
msp,20260921,0,residual,dominance,raw_plus_permuted_center,9,0.09270977525406743
msp,20260921,0,residual,arousal,raw_plus_permuted_center,10,0.13997899900535868
msp,20260921,0,residual,dominance,raw_plus_permuted_center,10,0.09282733907101323
msp,20260921,0,residual,arousal,raw_plus_permuted_center,11,0.14005791955419758
msp,20260921,0,residual,dominance,raw_plus_permuted_center,11,0.09280813055845619
msp,20260921,0,residual,arousal,raw_plus_permuted_center,12,0.14024328024525484
msp,20260921,0,residual,dominance,raw_plus_permuted_center,12,0.09297973438755396
msp,20260921,0,residual,arousal,raw_plus_permuted_center,13,0.13976719805475055
msp,20260921,0,residual,dominance,raw_plus_permuted_center,13,0.09265305319460071
msp,20260921,0,residual,arousal,raw_plus_permuted_center,14,0.13987203432726283
msp,20260921,0,residual,dominance,raw_plus_permuted_center,14,0.09273748665313566
msp,20260921,0,residual,arousal,raw_plus_permuted_center,15,0.13988732268788426
msp,20260921,0,residual,dominance,raw_plus_permuted_center,15,0.09274924395982354
msp,20260921,0,residual,arousal,raw_plus_permuted_center,16,0.14002865771463763
msp,20260921,0,residual,dominance,raw_plus_permuted_center,16,0.09282842386353678
msp,20260921,0,residual,arousal,raw_plus_permuted_center,17,0.13978127787505168
msp,20260921,0,residual,dominance,raw_plus_permuted_center,17,0.09266317352335991
msp,20260921,0,residual,arousal,raw_plus_permuted_center,18,0.13978479497647942
msp,20260921,0,residual,dominance,raw_plus_permuted_center,18,0.09266576302858999
msp,20260921,0,residual,arousal,raw_plus_permuted_center,19,0.13983657649479764
msp,20260921,0,residual,dominance,raw_plus_permuted_center,19,0.09270023201227098
msp,20260921,1,raw,arousal,raw,-1,0.41182790829893945
msp,20260921,1,raw,arousal,raw_plus_true_center,-1,0.42782554747257523
msp,20260921,1,raw,dominance,raw,-1,0.326794636240892
msp,20260921,1,raw,dominance,raw_plus_true_center,-1,0.33302401867937753
msp,20260921,1,raw,arousal,raw_plus_permuted_center,0,0.41200163149549945
msp,20260921,1,raw,dominance,raw_plus_permuted_center,0,0.3269050772866394
msp,20260921,1,raw,arousal,raw_plus_permuted_center,1,0.41192535713964046
msp,20260921,1,raw,dominance,raw_plus_permuted_center,1,0.32700063557397047
msp,20260921,1,raw,arousal,raw_plus_permuted_center,2,0.4116168866012087
msp,20260921,1,raw,dominance,raw_plus_permuted_center,2,0.3262560699967322
msp,20260921,1,raw,arousal,raw_plus_permuted_center,3,0.41253033445868353
msp,20260921,1,raw,dominance,raw_plus_permuted_center,3,0.32679162016173585
msp,20260921,1,raw,arousal,raw_plus_permuted_center,4,0.41022352729722106
msp,20260921,1,raw,dominance,raw_plus_permuted_center,4,0.3265476270458021
msp,20260921,1,raw,arousal,raw_plus_permuted_center,5,0.41220862103924216
msp,20260921,1,raw,dominance,raw_plus_permuted_center,5,0.3262389186289042
msp,20260921,1,raw,arousal,raw_plus_permuted_center,6,0.41224431351147867
msp,20260921,1,raw,dominance,raw_plus_permuted_center,6,0.3269289218462514
msp,20260921,1,raw,arousal,raw_plus_permuted_center,7,0.4116074237950743
msp,20260921,1,raw,dominance,raw_plus_permuted_center,7,0.32656281178353264
msp,20260921,1,raw,arousal,raw_plus_permuted_center,8,0.41294341003333146
msp,20260921,1,raw,dominance,raw_plus_permuted_center,8,0.32775834821438515
msp,20260921,1,raw,arousal,raw_plus_permuted_center,9,0.4142929271199765
msp,20260921,1,raw,dominance,raw_plus_permuted_center,9,0.32963138968670863
msp,20260921,1,raw,arousal,raw_plus_permuted_center,10,0.41114588723538825
msp,20260921,1,raw,dominance,raw_plus_permuted_center,10,0.32606791675769425
msp,20260921,1,raw,arousal,raw_plus_permuted_center,11,0.4104583802686778
msp,20260921,1,raw,dominance,raw_plus_permuted_center,11,0.32615190755232226
msp,20260921,1,raw,arousal,raw_plus_permuted_center,12,0.410977782449055
msp,20260921,1,raw,dominance,raw_plus_permuted_center,12,0.32559250609366436
msp,20260921,1,raw,arousal,raw_plus_permuted_center,13,0.41266604787008676
msp,20260921,1,raw,dominance,raw_plus_permuted_center,13,0.3273417054549184
msp,20260921,1,raw,arousal,raw_plus_permuted_center,14,0.4112655089837374
msp,20260921,1,raw,dominance,raw_plus_permuted_center,14,0.32614319956285265
msp,20260921,1,raw,arousal,raw_plus_permuted_center,15,0.4114000898252994
msp,20260921,1,raw,dominance,raw_plus_permuted_center,15,0.32642634747638705
msp,20260921,1,raw,arousal,raw_plus_permuted_center,16,0.41067419254105125
msp,20260921,1,raw,dominance,raw_plus_permuted_center,16,0.3255357460637112
msp,20260921,1,raw,arousal,raw_plus_permuted_center,17,0.41111340839543803
msp,20260921,1,raw,dominance,raw_plus_permuted_center,17,0.32560517463094785
msp,20260921,1,raw,arousal,raw_plus_permuted_center,18,0.41204444622858716
msp,20260921,1,raw,dominance,raw_plus_permuted_center,18,0.32680640019540685
msp,20260921,1,raw,arousal,raw_plus_permuted_center,19,0.41085414971802076
msp,20260921,1,raw,dominance,raw_plus_permuted_center,19,0.3268275813747841
msp,20260921,1,residual,arousal,raw,-1,0.12379831034970565
msp,20260921,1,residual,arousal,raw_plus_true_center,-1,0.30442834635568483
msp,20260921,1,residual,dominance,raw,-1,0.08071277147610255
msp,20260921,1,residual,dominance,raw_plus_true_center,-1,0.21164374162407418
msp,20260921,1,residual,arousal,raw_plus_permuted_center,0,0.12413650867466641
msp,20260921,1,residual,dominance,raw_plus_permuted_center,0,0.08096863101424703
msp,20260921,1,residual,arousal,raw_plus_permuted_center,1,0.12411555241463158
msp,20260921,1,residual,dominance,raw_plus_permuted_center,1,0.08088739026035974
msp,20260921,1,residual,arousal,raw_plus_permuted_center,2,0.12408280597180343
msp,20260921,1,residual,dominance,raw_plus_permuted_center,2,0.08089714317581308
msp,20260921,1,residual,arousal,raw_plus_permuted_center,3,0.12400778355183702
msp,20260921,1,residual,dominance,raw_plus_permuted_center,3,0.08083835837876396
msp,20260921,1,residual,arousal,raw_plus_permuted_center,4,0.12383662802308039
msp,20260921,1,residual,dominance,raw_plus_permuted_center,4,0.08072890217731139
msp,20260921,1,residual,arousal,raw_plus_permuted_center,5,0.12383942275510211
msp,20260921,1,residual,dominance,raw_plus_permuted_center,5,0.0807343805171033
msp,20260921,1,residual,arousal,raw_plus_permuted_center,6,0.12388346820074696
msp,20260921,1,residual,dominance,raw_plus_permuted_center,6,0.08075867926266918
msp,20260921,1,residual,arousal,raw_plus_permuted_center,7,0.1238369275164035
msp,20260921,1,residual,dominance,raw_plus_permuted_center,7,0.08073536607454625
msp,20260921,1,residual,arousal,raw_plus_permuted_center,8,0.12391509852798947
msp,20260921,1,residual,dominance,raw_plus_permuted_center,8,0.08078998162625334
msp,20260921,1,residual,arousal,raw_plus_permuted_center,9,0.12385089903113172
msp,20260921,1,residual,dominance,raw_plus_permuted_center,9,0.08073249885239082
msp,20260921,1,residual,arousal,raw_plus_permuted_center,10,0.12390856838201035
msp,20260921,1,residual,dominance,raw_plus_permuted_center,10,0.08081646417086047
msp,20260921,1,residual,arousal,raw_plus_permuted_center,11,0.12386831976441293
msp,20260921,1,residual,dominance,raw_plus_permuted_center,11,0.08074566876200073
msp,20260921,1,residual,arousal,raw_plus_permuted_center,12,0.12396411260919481
msp,20260921,1,residual,dominance,raw_plus_permuted_center,12,0.08081744185665045
msp,20260921,1,residual,arousal,raw_plus_permuted_center,13,0.12392450123689051
msp,20260921,1,residual,dominance,raw_plus_permuted_center,13,0.08084575862076576
msp,20260921,1,residual,arousal,raw_plus_permuted_center,14,0.12388128991432319
msp,20260921,1,residual,dominance,raw_plus_permuted_center,14,0.08079005582079893
msp,20260921,1,residual,arousal,raw_plus_permuted_center,15,0.12383628473656962
msp,20260921,1,residual,dominance,raw_plus_permuted_center,15,0.08074063399777608
msp,20260921,1,residual,arousal,raw_plus_permuted_center,16,0.12394338895254384
msp,20260921,1,residual,dominance,raw_plus_permuted_center,16,0.08079764403641035
msp,20260921,1,residual,arousal,raw_plus_permuted_center,17,0.12384920261118171
msp,20260921,1,residual,dominance,raw_plus_permuted_center,17,0.08076090983515449
msp,20260921,1,residual,arousal,raw_plus_permuted_center,18,0.12392954846103513
msp,20260921,1,residual,dominance,raw_plus_permuted_center,18,0.08075930089641814
msp,20260921,1,residual,arousal,raw_plus_permuted_center,19,0.12423769390965887
msp,20260921,1,residual,dominance,raw_plus_permuted_center,19,0.08101350964102562
msp,20260921,2,raw,arousal,raw,-1,0.4829794852544823
msp,20260921,2,raw,arousal,raw_plus_true_center,-1,0.5132875959682139
msp,20260921,2,raw,dominance,raw,-1,0.3986408094209833
msp,20260921,2,raw,dominance,raw_plus_true_center,-1,0.41046828705527966
msp,20260921,2,raw,arousal,raw_plus_permuted_center,0,0.4829807798187689
msp,20260921,2,raw,dominance,raw_plus_permuted_center,0,0.39803589558346303
msp,20260921,2,raw,arousal,raw_plus_permuted_center,1,0.48241037032828543
msp,20260921,2,raw,dominance,raw_plus_permuted_center,1,0.3979898173700196
msp,20260921,2,raw,arousal,raw_plus_permuted_center,2,0.48415489605772394
msp,20260921,2,raw,dominance,raw_plus_permuted_center,2,0.4007659876157532
msp,20260921,2,raw,arousal,raw_plus_permuted_center,3,0.4812126375833558
msp,20260921,2,raw,dominance,raw_plus_permuted_center,3,0.397535579129145
msp,20260921,2,raw,arousal,raw_plus_permuted_center,4,0.48409758774040323
msp,20260921,2,raw,dominance,raw_plus_permuted_center,4,0.3992436506630788
msp,20260921,2,raw,arousal,raw_plus_permuted_center,5,0.48308296259513883
msp,20260921,2,raw,dominance,raw_plus_permuted_center,5,0.3986616131413652
msp,20260921,2,raw,arousal,raw_plus_permuted_center,6,0.4829297430772187
msp,20260921,2,raw,dominance,raw_plus_permuted_center,6,0.3987043133821659
msp,20260921,2,raw,arousal,raw_plus_permuted_center,7,0.4829506709395012
msp,20260921,2,raw,dominance,raw_plus_permuted_center,7,0.39790097508406586
msp,20260921,2,raw,arousal,raw_plus_permuted_center,8,0.48508935764947075
msp,20260921,2,raw,dominance,raw_plus_permuted_center,8,0.39959246328549247
msp,20260921,2,raw,arousal,raw_plus_permuted_center,9,0.48262625450370167
msp,20260921,2,raw,dominance,raw_plus_permuted_center,9,0.3990100109352622
msp,20260921,2,raw,arousal,raw_plus_permuted_center,10,0.4832675268651304
msp,20260921,2,raw,dominance,raw_plus_permuted_center,10,0.39908971984688024
msp,20260921,2,raw,arousal,raw_plus_permuted_center,11,0.48316823678789594
msp,20260921,2,raw,dominance,raw_plus_permuted_center,11,0.39821599274124364
msp,20260921,2,raw,arousal,raw_plus_permuted_center,12,0.4821722083211127
msp,20260921,2,raw,dominance,raw_plus_permuted_center,12,0.39781392665511867
msp,20260921,2,raw,arousal,raw_plus_permuted_center,13,0.48183913140225726
msp,20260921,2,raw,dominance,raw_plus_permuted_center,13,0.397572978648815
msp,20260921,2,raw,arousal,raw_plus_permuted_center,14,0.48267114191521654
msp,20260921,2,raw,dominance,raw_plus_permuted_center,14,0.3982464894978851
msp,20260921,2,raw,arousal,raw_plus_permuted_center,15,0.4825735824147319
msp,20260921,2,raw,dominance,raw_plus_permuted_center,15,0.3983795268799426
msp,20260921,2,raw,arousal,raw_plus_permuted_center,16,0.48294911378863087
msp,20260921,2,raw,dominance,raw_plus_permuted_center,16,0.3982219987921577
msp,20260921,2,raw,arousal,raw_plus_permuted_center,17,0.48344182969745214
msp,20260921,2,raw,dominance,raw_plus_permuted_center,17,0.3991630243638622
msp,20260921,2,raw,arousal,raw_plus_permuted_center,18,0.48168010209795686
msp,20260921,2,raw,dominance,raw_plus_permuted_center,18,0.39860046266660215
msp,20260921,2,raw,arousal,raw_plus_permuted_center,19,0.4831635448052523
msp,20260921,2,raw,dominance,raw_plus_permuted_center,19,0.3993774018069006
msp,20260921,2,residual,arousal,raw,-1,0.1468154726051348
msp,20260921,2,residual,arousal,raw_plus_true_center,-1,0.3515001660932984
msp,20260921,2,residual,dominance,raw,-1,0.0996231272340155
msp,20260921,2,residual,dominance,raw_plus_true_center,-1,0.24987056228082707
msp,20260921,2,residual,arousal,raw_plus_permuted_center,0,0.14686208926815933
msp,20260921,2,residual,dominance,raw_plus_permuted_center,0,0.09967391363284173
msp,20260921,2,residual,arousal,raw_plus_permuted_center,1,0.14689846128046727
msp,20260921,2,residual,dominance,raw_plus_permuted_center,1,0.09965839415879854
msp,20260921,2,residual,arousal,raw_plus_permuted_center,2,0.1469910933148381
msp,20260921,2,residual,dominance,raw_plus_permuted_center,2,0.09975898891209915
msp,20260921,2,residual,arousal,raw_plus_permuted_center,3,0.14682751523585238
msp,20260921,2,residual,dominance,raw_plus_permuted_center,3,0.0996496097968706
msp,20260921,2,residual,arousal,raw_plus_permuted_center,4,0.14685668804532803
msp,20260921,2,residual,dominance,raw_plus_permuted_center,4,0.09965493968896709
msp,20260921,2,residual,arousal,raw_plus_permuted_center,5,0.1468626227182452
msp,20260921,2,residual,dominance,raw_plus_permuted_center,5,0.09966879567276889
msp,20260921,2,residual,arousal,raw_plus_permuted_center,6,0.14710117554438024
msp,20260921,2,residual,dominance,raw_plus_permuted_center,6,0.09980718686464483
msp,20260921,2,residual,arousal,raw_plus_permuted_center,7,0.1469274790335013
msp,20260921,2,residual,dominance,raw_plus_permuted_center,7,0.09973015140000478
msp,20260921,2,residual,arousal,raw_plus_permuted_center,8,0.1469161628778151
msp,20260921,2,residual,dominance,raw_plus_permuted_center,8,0.0996967298688752
msp,20260921,2,residual,arousal,raw_plus_permuted_center,9,0.146864800646883
msp,20260921,2,residual,dominance,raw_plus_permuted_center,9,0.09964950866680265
msp,20260921,2,residual,arousal,raw_plus_permuted_center,10,0.14684748687235322
msp,20260921,2,residual,dominance,raw_plus_permuted_center,10,0.09964931761599756
msp,20260921,2,residual,arousal,raw_plus_permuted_center,11,0.14715721296542503
msp,20260921,2,residual,dominance,raw_plus_permuted_center,11,0.09983454263771928
msp,20260921,2,residual,arousal,raw_plus_permuted_center,12,0.14692160341783322
msp,20260921,2,residual,dominance,raw_plus_permuted_center,12,0.09967981000013715
msp,20260921,2,residual,arousal,raw_plus_permuted_center,13,0.14690184430300862
msp,20260921,2,residual,dominance,raw_plus_permuted_center,13,0.09969379890740719
msp,20260921,2,residual,arousal,raw_plus_permuted_center,14,0.1473667509453273
msp,20260921,2,residual,dominance,raw_plus_permuted_center,14,0.1000365451983045
msp,20260921,2,residual,arousal,raw_plus_permuted_center,15,0.14689246125418096
msp,20260921,2,residual,dominance,raw_plus_permuted_center,15,0.09965935566332985
msp,20260921,2,residual,arousal,raw_plus_permuted_center,16,0.1468293925078518
msp,20260921,2,residual,dominance,raw_plus_permuted_center,16,0.0996380089775929
msp,20260921,2,residual,arousal,raw_plus_permuted_center,17,0.14688854172450344
msp,20260921,2,residual,dominance,raw_plus_permuted_center,17,0.09969619935042956
msp,20260921,2,residual,arousal,raw_plus_permuted_center,18,0.14684921877060386
msp,20260921,2,residual,dominance,raw_plus_permuted_center,18,0.0996526907248073
msp,20260921,2,residual,arousal,raw_plus_permuted_center,19,0.1470122342667718
msp,20260921,2,residual,dominance,raw_plus_permuted_center,19,0.0997382214086231
msp,20260921,3,raw,arousal,raw,-1,0.46551870167213544
msp,20260921,3,raw,arousal,raw_plus_true_center,-1,0.48728417347381736
msp,20260921,3,raw,dominance,raw,-1,0.3850044826942057
msp,20260921,3,raw,dominance,raw_plus_true_center,-1,0.3893358235538001
msp,20260921,3,raw,arousal,raw_plus_permuted_center,0,0.46559085954341234
msp,20260921,3,raw,dominance,raw_plus_permuted_center,0,0.38588304722991884
msp,20260921,3,raw,arousal,raw_plus_permuted_center,1,0.46595945055671584
msp,20260921,3,raw,dominance,raw_plus_permuted_center,1,0.3846345781451292
msp,20260921,3,raw,arousal,raw_plus_permuted_center,2,0.46583133007260674
msp,20260921,3,raw,dominance,raw_plus_permuted_center,2,0.38482620972333914
msp,20260921,3,raw,arousal,raw_plus_permuted_center,3,0.46521626045157777
msp,20260921,3,raw,dominance,raw_plus_permuted_center,3,0.38547089486178365
msp,20260921,3,raw,arousal,raw_plus_permuted_center,4,0.46452935280720364
msp,20260921,3,raw,dominance,raw_plus_permuted_center,4,0.3844300529626592
msp,20260921,3,raw,arousal,raw_plus_permuted_center,5,0.4651756867920477
msp,20260921,3,raw,dominance,raw_plus_permuted_center,5,0.383799730877982
msp,20260921,3,raw,arousal,raw_plus_permuted_center,6,0.46504963108963493
msp,20260921,3,raw,dominance,raw_plus_permuted_center,6,0.38431504168602154
msp,20260921,3,raw,arousal,raw_plus_permuted_center,7,0.4649706989136975
msp,20260921,3,raw,dominance,raw_plus_permuted_center,7,0.3838043834183792
msp,20260921,3,raw,arousal,raw_plus_permuted_center,8,0.465438571757424
msp,20260921,3,raw,dominance,raw_plus_permuted_center,8,0.3846872725404836
msp,20260921,3,raw,arousal,raw_plus_permuted_center,9,0.4648842617364474
msp,20260921,3,raw,dominance,raw_plus_permuted_center,9,0.3838972046085978
msp,20260921,3,raw,arousal,raw_plus_permuted_center,10,0.4659998664606418
msp,20260921,3,raw,dominance,raw_plus_permuted_center,10,0.38592769004127286
msp,20260921,3,raw,arousal,raw_plus_permuted_center,11,0.4651674477822829
msp,20260921,3,raw,dominance,raw_plus_permuted_center,11,0.3852141733369564
msp,20260921,3,raw,arousal,raw_plus_permuted_center,12,0.4650736504926251
msp,20260921,3,raw,dominance,raw_plus_permuted_center,12,0.38568445421004216
msp,20260921,3,raw,arousal,raw_plus_permuted_center,13,0.46558427061648516
msp,20260921,3,raw,dominance,raw_plus_permuted_center,13,0.38527545972191757
msp,20260921,3,raw,arousal,raw_plus_permuted_center,14,0.4656234035025963
msp,20260921,3,raw,dominance,raw_plus_permuted_center,14,0.3850986376783008
msp,20260921,3,raw,arousal,raw_plus_permuted_center,15,0.4651249612817284
msp,20260921,3,raw,dominance,raw_plus_permuted_center,15,0.38456897088630254
msp,20260921,3,raw,arousal,raw_plus_permuted_center,16,0.4667242817086907
msp,20260921,3,raw,dominance,raw_plus_permuted_center,16,0.38682482795772144
msp,20260921,3,raw,arousal,raw_plus_permuted_center,17,0.4612323687412926
msp,20260921,3,raw,dominance,raw_plus_permuted_center,17,0.3832053177640086
msp,20260921,3,raw,arousal,raw_plus_permuted_center,18,0.4657194843200553
msp,20260921,3,raw,dominance,raw_plus_permuted_center,18,0.3855157553069811
msp,20260921,3,raw,arousal,raw_plus_permuted_center,19,0.46526333693625443
msp,20260921,3,raw,dominance,raw_plus_permuted_center,19,0.3849171618973927
msp,20260921,3,residual,arousal,raw,-1,0.14263768113210182
msp,20260921,3,residual,arousal,raw_plus_true_center,-1,0.34270330679913474
msp,20260921,3,residual,dominance,raw,-1,0.09715667927009865
msp,20260921,3,residual,dominance,raw_plus_true_center,-1,0.24589603294084045
msp,20260921,3,residual,arousal,raw_plus_permuted_center,0,0.1428344457710587
msp,20260921,3,residual,dominance,raw_plus_permuted_center,0,0.09722898412213342
msp,20260921,3,residual,arousal,raw_plus_permuted_center,1,0.1427243986137299
msp,20260921,3,residual,dominance,raw_plus_permuted_center,1,0.09722032334777929
msp,20260921,3,residual,arousal,raw_plus_permuted_center,2,0.1429208134800892
msp,20260921,3,residual,dominance,raw_plus_permuted_center,2,0.09732902758635079
msp,20260921,3,residual,arousal,raw_plus_permuted_center,3,0.14275029544163878
msp,20260921,3,residual,dominance,raw_plus_permuted_center,3,0.0972499346665199
msp,20260921,3,residual,arousal,raw_plus_permuted_center,4,0.1429400634965415
msp,20260921,3,residual,dominance,raw_plus_permuted_center,4,0.09740227789178171
msp,20260921,3,residual,arousal,raw_plus_permuted_center,5,0.14288796235271295
msp,20260921,3,residual,dominance,raw_plus_permuted_center,5,0.09731765010606319
msp,20260921,3,residual,arousal,raw_plus_permuted_center,6,0.1426764620414791
msp,20260921,3,residual,dominance,raw_plus_permuted_center,6,0.09718370299272523
msp,20260921,3,residual,arousal,raw_plus_permuted_center,7,0.1426550754751829
msp,20260921,3,residual,dominance,raw_plus_permuted_center,7,0.09716959195070016
msp,20260921,3,residual,arousal,raw_plus_permuted_center,8,0.14267535564035994
msp,20260921,3,residual,dominance,raw_plus_permuted_center,8,0.09720875493811221
msp,20260921,3,residual,arousal,raw_plus_permuted_center,9,0.14301152838030193
msp,20260921,3,residual,dominance,raw_plus_permuted_center,9,0.09738966334877165
msp,20260921,3,residual,arousal,raw_plus_permuted_center,10,0.14273706373095127
msp,20260921,3,residual,dominance,raw_plus_permuted_center,10,0.09725190502842292
msp,20260921,3,residual,arousal,raw_plus_permuted_center,11,0.14281913374973912
msp,20260921,3,residual,dominance,raw_plus_permuted_center,11,0.09728759796484024
msp,20260921,3,residual,arousal,raw_plus_permuted_center,12,0.14283654052588568
msp,20260921,3,residual,dominance,raw_plus_permuted_center,12,0.09732090367256747
msp,20260921,3,residual,arousal,raw_plus_permuted_center,13,0.14281269098406027
msp,20260921,3,residual,dominance,raw_plus_permuted_center,13,0.09728769217397387
msp,20260921,3,residual,arousal,raw_plus_permuted_center,14,0.14273285422268822
msp,20260921,3,residual,dominance,raw_plus_permuted_center,14,0.09720062206931085
msp,20260921,3,residual,arousal,raw_plus_permuted_center,15,0.14275490995916632
msp,20260921,3,residual,dominance,raw_plus_permuted_center,15,0.09719400754783471
msp,20260921,3,residual,arousal,raw_plus_permuted_center,16,0.14311112127375397
msp,20260921,3,residual,dominance,raw_plus_permuted_center,16,0.0975132698821112
msp,20260921,3,residual,arousal,raw_plus_permuted_center,17,0.14307243848328283
msp,20260921,3,residual,dominance,raw_plus_permuted_center,17,0.09743676996869766
msp,20260921,3,residual,arousal,raw_plus_permuted_center,18,0.14286070729332798
msp,20260921,3,residual,dominance,raw_plus_permuted_center,18,0.09736520225745597
msp,20260921,3,residual,arousal,raw_plus_permuted_center,19,0.14274969283827463
msp,20260921,3,residual,dominance,raw_plus_permuted_center,19,0.09722479983173955
msp,20260921,4,raw,arousal,raw,-1,0.47824203146124444
msp,20260921,4,raw,arousal,raw_plus_true_center,-1,0.5057373899045514
msp,20260921,4,raw,dominance,raw,-1,0.3832048176081776
msp,20260921,4,raw,dominance,raw_plus_true_center,-1,0.39439656035764065
msp,20260921,4,raw,arousal,raw_plus_permuted_center,0,0.47729047027876415
msp,20260921,4,raw,dominance,raw_plus_permuted_center,0,0.38239896951686014
msp,20260921,4,raw,arousal,raw_plus_permuted_center,1,0.47801249186309014
msp,20260921,4,raw,dominance,raw_plus_permuted_center,1,0.3825932043509268
msp,20260921,4,raw,arousal,raw_plus_permuted_center,2,0.4778637309425697
msp,20260921,4,raw,dominance,raw_plus_permuted_center,2,0.38251450077472604
msp,20260921,4,raw,arousal,raw_plus_permuted_center,3,0.4791132519991058
msp,20260921,4,raw,dominance,raw_plus_permuted_center,3,0.38364796869818885
msp,20260921,4,raw,arousal,raw_plus_permuted_center,4,0.4766358980676521
msp,20260921,4,raw,dominance,raw_plus_permuted_center,4,0.3805967364180758
msp,20260921,4,raw,arousal,raw_plus_permuted_center,5,0.478790895163632
msp,20260921,4,raw,dominance,raw_plus_permuted_center,5,0.3834460067605612
msp,20260921,4,raw,arousal,raw_plus_permuted_center,6,0.47826665471496654
msp,20260921,4,raw,dominance,raw_plus_permuted_center,6,0.3831437120921851
msp,20260921,4,raw,arousal,raw_plus_permuted_center,7,0.47919709435438723
msp,20260921,4,raw,dominance,raw_plus_permuted_center,7,0.3832356827411933
msp,20260921,4,raw,arousal,raw_plus_permuted_center,8,0.4774500119574528
msp,20260921,4,raw,dominance,raw_plus_permuted_center,8,0.38315788383678356
msp,20260921,4,raw,arousal,raw_plus_permuted_center,9,0.47776774544133227
msp,20260921,4,raw,dominance,raw_plus_permuted_center,9,0.3827409288300732
msp,20260921,4,raw,arousal,raw_plus_permuted_center,10,0.47846373859163077
msp,20260921,4,raw,dominance,raw_plus_permuted_center,10,0.3839239330301826
msp,20260921,4,raw,arousal,raw_plus_permuted_center,11,0.47879659691690213
msp,20260921,4,raw,dominance,raw_plus_permuted_center,11,0.3830655106116846
msp,20260921,4,raw,arousal,raw_plus_permuted_center,12,0.47800522505536125
msp,20260921,4,raw,dominance,raw_plus_permuted_center,12,0.38271231503045
msp,20260921,4,raw,arousal,raw_plus_permuted_center,13,0.4792101130349126
msp,20260921,4,raw,dominance,raw_plus_permuted_center,13,0.3839631712005467
msp,20260921,4,raw,arousal,raw_plus_permuted_center,14,0.4782084861269687
msp,20260921,4,raw,dominance,raw_plus_permuted_center,14,0.3833077444869303
msp,20260921,4,raw,arousal,raw_plus_permuted_center,15,0.4772171276573263
msp,20260921,4,raw,dominance,raw_plus_permuted_center,15,0.38242832414448685
msp,20260921,4,raw,arousal,raw_plus_permuted_center,16,0.4787775228460573
msp,20260921,4,raw,dominance,raw_plus_permuted_center,16,0.38351267742657724
msp,20260921,4,raw,arousal,raw_plus_permuted_center,17,0.47800267379101047
msp,20260921,4,raw,dominance,raw_plus_permuted_center,17,0.38272685436966275
msp,20260921,4,raw,arousal,raw_plus_permuted_center,18,0.4783013293398238
msp,20260921,4,raw,dominance,raw_plus_permuted_center,18,0.3832511658475549
msp,20260921,4,raw,arousal,raw_plus_permuted_center,19,0.47823384247473155
msp,20260921,4,raw,dominance,raw_plus_permuted_center,19,0.38305142227264927
msp,20260921,4,residual,arousal,raw,-1,0.14268087861946072
msp,20260921,4,residual,arousal,raw_plus_true_center,-1,0.3416263856788468
msp,20260921,4,residual,dominance,raw,-1,0.09552610047585332
msp,20260921,4,residual,dominance,raw_plus_true_center,-1,0.24288346059218366
msp,20260921,4,residual,arousal,raw_plus_permuted_center,0,0.14281757826524602
msp,20260921,4,residual,dominance,raw_plus_permuted_center,0,0.0956261377005115
msp,20260921,4,residual,arousal,raw_plus_permuted_center,1,0.14271073976949558
msp,20260921,4,residual,dominance,raw_plus_permuted_center,1,0.09554492020874544
msp,20260921,4,residual,arousal,raw_plus_permuted_center,2,0.14297577522794128
msp,20260921,4,residual,dominance,raw_plus_permuted_center,2,0.0957392409389031
msp,20260921,4,residual,arousal,raw_plus_permuted_center,3,0.14274864749780747
msp,20260921,4,residual,dominance,raw_plus_permuted_center,3,0.09562718647509665
msp,20260921,4,residual,arousal,raw_plus_permuted_center,4,0.14279138822725548
msp,20260921,4,residual,dominance,raw_plus_permuted_center,4,0.09561365056510239
msp,20260921,4,residual,arousal,raw_plus_permuted_center,5,0.14278949579763486
msp,20260921,4,residual,dominance,raw_plus_permuted_center,5,0.0956068978840026
msp,20260921,4,residual,arousal,raw_plus_permuted_center,6,0.14276617117243887
msp,20260921,4,residual,dominance,raw_plus_permuted_center,6,0.09561879174064337
msp,20260921,4,residual,arousal,raw_plus_permuted_center,7,0.14276688313516234
msp,20260921,4,residual,dominance,raw_plus_permuted_center,7,0.09558420366500202
msp,20260921,4,residual,arousal,raw_plus_permuted_center,8,0.14310831559334836
msp,20260921,4,residual,dominance,raw_plus_permuted_center,8,0.09589512068719926
msp,20260921,4,residual,arousal,raw_plus_permuted_center,9,0.14294286352100796
msp,20260921,4,residual,dominance,raw_plus_permuted_center,9,0.09570756639938952
msp,20260921,4,residual,arousal,raw_plus_permuted_center,10,0.14278185191283507
msp,20260921,4,residual,dominance,raw_plus_permuted_center,10,0.09558449300235292
msp,20260921,4,residual,arousal,raw_plus_permuted_center,11,0.14288641148033626
msp,20260921,4,residual,dominance,raw_plus_permuted_center,11,0.09568271542919185
msp,20260921,4,residual,arousal,raw_plus_permuted_center,12,0.14283568507207225
msp,20260921,4,residual,dominance,raw_plus_permuted_center,12,0.09562190980515069
msp,20260921,4,residual,arousal,raw_plus_permuted_center,13,0.14276991017833446
msp,20260921,4,residual,dominance,raw_plus_permuted_center,13,0.09557606958678813
msp,20260921,4,residual,arousal,raw_plus_permuted_center,14,0.14270079865240218
msp,20260921,4,residual,dominance,raw_plus_permuted_center,14,0.09555302397533977
msp,20260921,4,residual,arousal,raw_plus_permuted_center,15,0.14306464250887235
msp,20260921,4,residual,dominance,raw_plus_permuted_center,15,0.09577859367228887
msp,20260921,4,residual,arousal,raw_plus_permuted_center,16,0.14272833325903247
msp,20260921,4,residual,dominance,raw_plus_permuted_center,16,0.09555067118479521
msp,20260921,4,residual,arousal,raw_plus_permuted_center,17,0.14280641155744653
msp,20260921,4,residual,dominance,raw_plus_permuted_center,17,0.09564874955384185
msp,20260921,4,residual,arousal,raw_plus_permuted_center,18,0.1428098635223602
msp,20260921,4,residual,dominance,raw_plus_permuted_center,18,0.0956481572119484
msp,20260921,4,residual,arousal,raw_plus_permuted_center,19,0.14290322548461423
msp,20260921,4,residual,dominance,raw_plus_permuted_center,19,0.09574481921100879
msp,20260922,0,raw,arousal,raw,-1,0.46357285999152426
msp,20260922,0,raw,arousal,raw_plus_true_center,-1,0.48346665679444495
msp,20260922,0,raw,dominance,raw,-1,0.3603878823867769
msp,20260922,0,raw,dominance,raw_plus_true_center,-1,0.36604059486383
msp,20260922,0,raw,arousal,raw_plus_permuted_center,0,0.4635576218993049
msp,20260922,0,raw,dominance,raw_plus_permuted_center,0,0.36052131845854835
msp,20260922,0,raw,arousal,raw_plus_permuted_center,1,0.46368314563208435
msp,20260922,0,raw,dominance,raw_plus_permuted_center,1,0.36131578616417726
msp,20260922,0,raw,arousal,raw_plus_permuted_center,2,0.46394238778537394
msp,20260922,0,raw,dominance,raw_plus_permuted_center,2,0.3605522754182199
msp,20260922,0,raw,arousal,raw_plus_permuted_center,3,0.46174953393774476
msp,20260922,0,raw,dominance,raw_plus_permuted_center,3,0.35979887378556186
msp,20260922,0,raw,arousal,raw_plus_permuted_center,4,0.4629380697757988
msp,20260922,0,raw,dominance,raw_plus_permuted_center,4,0.3600481578366582
msp,20260922,0,raw,arousal,raw_plus_permuted_center,5,0.4637189220364962
msp,20260922,0,raw,dominance,raw_plus_permuted_center,5,0.3610181905940564
msp,20260922,0,raw,arousal,raw_plus_permuted_center,6,0.46448633974419995
msp,20260922,0,raw,dominance,raw_plus_permuted_center,6,0.36061884464410465
msp,20260922,0,raw,arousal,raw_plus_permuted_center,7,0.4604463072913029
msp,20260922,0,raw,dominance,raw_plus_permuted_center,7,0.3583116250380425
msp,20260922,0,raw,arousal,raw_plus_permuted_center,8,0.46392878464626425
msp,20260922,0,raw,dominance,raw_plus_permuted_center,8,0.36065542620870034
msp,20260922,0,raw,arousal,raw_plus_permuted_center,9,0.4635930956037889
msp,20260922,0,raw,dominance,raw_plus_permuted_center,9,0.36052554198456344
msp,20260922,0,raw,arousal,raw_plus_permuted_center,10,0.4626620699505744
msp,20260922,0,raw,dominance,raw_plus_permuted_center,10,0.3589857177826426
msp,20260922,0,raw,arousal,raw_plus_permuted_center,11,0.4633710573704174
msp,20260922,0,raw,dominance,raw_plus_permuted_center,11,0.36073754127262864
msp,20260922,0,raw,arousal,raw_plus_permuted_center,12,0.4636493414638961
msp,20260922,0,raw,dominance,raw_plus_permuted_center,12,0.36048201847461353
msp,20260922,0,raw,arousal,raw_plus_permuted_center,13,0.4627433386091224
msp,20260922,0,raw,dominance,raw_plus_permuted_center,13,0.36002667981835973
msp,20260922,0,raw,arousal,raw_plus_permuted_center,14,0.4621544828420053
msp,20260922,0,raw,dominance,raw_plus_permuted_center,14,0.35928799432657954
msp,20260922,0,raw,arousal,raw_plus_permuted_center,15,0.4644189303693554
msp,20260922,0,raw,dominance,raw_plus_permuted_center,15,0.36179270112273376
msp,20260922,0,raw,arousal,raw_plus_permuted_center,16,0.46298184129369097
msp,20260922,0,raw,dominance,raw_plus_permuted_center,16,0.3604577573195721
msp,20260922,0,raw,arousal,raw_plus_permuted_center,17,0.46362155657281845
msp,20260922,0,raw,dominance,raw_plus_permuted_center,17,0.36089202058494757
msp,20260922,0,raw,arousal,raw_plus_permuted_center,18,0.463450212903221
msp,20260922,0,raw,dominance,raw_plus_permuted_center,18,0.36026857525125905
msp,20260922,0,raw,arousal,raw_plus_permuted_center,19,0.46316655993300804
msp,20260922,0,raw,dominance,raw_plus_permuted_center,19,0.3583225443242444
msp,20260922,0,residual,arousal,raw,-1,0.1385396071328975
msp,20260922,0,residual,arousal,raw_plus_true_center,-1,0.3320354263219903
msp,20260922,0,residual,dominance,raw,-1,0.0882687302051066
msp,20260922,0,residual,dominance,raw_plus_true_center,-1,0.22200224770973132
msp,20260922,0,residual,arousal,raw_plus_permuted_center,0,0.13868442562847327
msp,20260922,0,residual,dominance,raw_plus_permuted_center,0,0.08836402983197865
msp,20260922,0,residual,arousal,raw_plus_permuted_center,1,0.13875088563774285
msp,20260922,0,residual,dominance,raw_plus_permuted_center,1,0.08840718658951334
msp,20260922,0,residual,arousal,raw_plus_permuted_center,2,0.1387436830418937
msp,20260922,0,residual,dominance,raw_plus_permuted_center,2,0.08841699894426587
msp,20260922,0,residual,arousal,raw_plus_permuted_center,3,0.1386504477038246
msp,20260922,0,residual,dominance,raw_plus_permuted_center,3,0.08832914654447134
msp,20260922,0,residual,arousal,raw_plus_permuted_center,4,0.13866095433830297
msp,20260922,0,residual,dominance,raw_plus_permuted_center,4,0.08834252733226804
msp,20260922,0,residual,arousal,raw_plus_permuted_center,5,0.13878085306134255
msp,20260922,0,residual,dominance,raw_plus_permuted_center,5,0.08843898507796573
msp,20260922,0,residual,arousal,raw_plus_permuted_center,6,0.1390380394570776
msp,20260922,0,residual,dominance,raw_plus_permuted_center,6,0.08862606716047636
msp,20260922,0,residual,arousal,raw_plus_permuted_center,7,0.1385691686741178
msp,20260922,0,residual,dominance,raw_plus_permuted_center,7,0.08829892892635612
msp,20260922,0,residual,arousal,raw_plus_permuted_center,8,0.13855861058684504
msp,20260922,0,residual,dominance,raw_plus_permuted_center,8,0.08828393137136295
msp,20260922,0,residual,arousal,raw_plus_permuted_center,9,0.13866307421571472
msp,20260922,0,residual,dominance,raw_plus_permuted_center,9,0.08835515141796889
msp,20260922,0,residual,arousal,raw_plus_permuted_center,10,0.13868065078165856
msp,20260922,0,residual,dominance,raw_plus_permuted_center,10,0.08840144690801909
msp,20260922,0,residual,arousal,raw_plus_permuted_center,11,0.1388868613670788
msp,20260922,0,residual,dominance,raw_plus_permuted_center,11,0.08847873466421766
msp,20260922,0,residual,arousal,raw_plus_permuted_center,12,0.13878595294890061
msp,20260922,0,residual,dominance,raw_plus_permuted_center,12,0.088412766312662
msp,20260922,0,residual,arousal,raw_plus_permuted_center,13,0.13880943810330743
msp,20260922,0,residual,dominance,raw_plus_permuted_center,13,0.08851186240966236
msp,20260922,0,residual,arousal,raw_plus_permuted_center,14,0.13867038368294646
msp,20260922,0,residual,dominance,raw_plus_permuted_center,14,0.08835379428811832
msp,20260922,0,residual,arousal,raw_plus_permuted_center,15,0.1387518349520966
msp,20260922,0,residual,dominance,raw_plus_permuted_center,15,0.08841988240691515
msp,20260922,0,residual,arousal,raw_plus_permuted_center,16,0.1385714428694622
msp,20260922,0,residual,dominance,raw_plus_permuted_center,16,0.08830262324089627
msp,20260922,0,residual,arousal,raw_plus_permuted_center,17,0.1386094805176021
msp,20260922,0,residual,dominance,raw_plus_permuted_center,17,0.08834171144889634
msp,20260922,0,residual,arousal,raw_plus_permuted_center,18,0.13880995003200383
msp,20260922,0,residual,dominance,raw_plus_permuted_center,18,0.08842483796112327
msp,20260922,0,residual,arousal,raw_plus_permuted_center,19,0.1386727149118959
msp,20260922,0,residual,dominance,raw_plus_permuted_center,19,0.0883522368962464
msp,20260922,1,raw,arousal,raw,-1,0.4750075963932816
msp,20260922,1,raw,arousal,raw_plus_true_center,-1,0.5016564595548192
msp,20260922,1,raw,dominance,raw,-1,0.3909843618299099
msp,20260922,1,raw,dominance,raw_plus_true_center,-1,0.40096165669272243
msp,20260922,1,raw,arousal,raw_plus_permuted_center,0,0.47407115925405424
msp,20260922,1,raw,dominance,raw_plus_permuted_center,0,0.3906218353654373
msp,20260922,1,raw,arousal,raw_plus_permuted_center,1,0.4756637814504229
msp,20260922,1,raw,dominance,raw_plus_permuted_center,1,0.39099559349078544
msp,20260922,1,raw,arousal,raw_plus_permuted_center,2,0.47322585307428294
msp,20260922,1,raw,dominance,raw_plus_permuted_center,2,0.3913585613605303
msp,20260922,1,raw,arousal,raw_plus_permuted_center,3,0.47492660881569426
msp,20260922,1,raw,dominance,raw_plus_permuted_center,3,0.390848964438036
msp,20260922,1,raw,arousal,raw_plus_permuted_center,4,0.474544728265812
msp,20260922,1,raw,dominance,raw_plus_permuted_center,4,0.3909284334151332
msp,20260922,1,raw,arousal,raw_plus_permuted_center,5,0.47514087597068044
msp,20260922,1,raw,dominance,raw_plus_permuted_center,5,0.3916737315365505
msp,20260922,1,raw,arousal,raw_plus_permuted_center,6,0.4726207783694431
msp,20260922,1,raw,dominance,raw_plus_permuted_center,6,0.39027617834901995
msp,20260922,1,raw,arousal,raw_plus_permuted_center,7,0.4762263733508747
msp,20260922,1,raw,dominance,raw_plus_permuted_center,7,0.3924132033096929
msp,20260922,1,raw,arousal,raw_plus_permuted_center,8,0.4740199056804093
msp,20260922,1,raw,dominance,raw_plus_permuted_center,8,0.3906557175257542
msp,20260922,1,raw,arousal,raw_plus_permuted_center,9,0.4728319566708286
msp,20260922,1,raw,dominance,raw_plus_permuted_center,9,0.3902104096063896
msp,20260922,1,raw,arousal,raw_plus_permuted_center,10,0.4749449841520959
msp,20260922,1,raw,dominance,raw_plus_permuted_center,10,0.3904431134380107
msp,20260922,1,raw,arousal,raw_plus_permuted_center,11,0.4745717402595553
msp,20260922,1,raw,dominance,raw_plus_permuted_center,11,0.3906032848904007
msp,20260922,1,raw,arousal,raw_plus_permuted_center,12,0.4754954983420282
msp,20260922,1,raw,dominance,raw_plus_permuted_center,12,0.39144060178577694
msp,20260922,1,raw,arousal,raw_plus_permuted_center,13,0.4754491594259951
msp,20260922,1,raw,dominance,raw_plus_permuted_center,13,0.39098898506608526
msp,20260922,1,raw,arousal,raw_plus_permuted_center,14,0.47570078403149074
msp,20260922,1,raw,dominance,raw_plus_permuted_center,14,0.3922925977139753
msp,20260922,1,raw,arousal,raw_plus_permuted_center,15,0.47454178004251263
msp,20260922,1,raw,dominance,raw_plus_permuted_center,15,0.3908670958146917
msp,20260922,1,raw,arousal,raw_plus_permuted_center,16,0.47447400795432354
msp,20260922,1,raw,dominance,raw_plus_permuted_center,16,0.3904196950775837
msp,20260922,1,raw,arousal,raw_plus_permuted_center,17,0.47536240253757817
msp,20260922,1,raw,dominance,raw_plus_permuted_center,17,0.3907154327847803
msp,20260922,1,raw,arousal,raw_plus_permuted_center,18,0.4745936795341031
msp,20260922,1,raw,dominance,raw_plus_permuted_center,18,0.3907664212540159
msp,20260922,1,raw,arousal,raw_plus_permuted_center,19,0.47389840167415376
msp,20260922,1,raw,dominance,raw_plus_permuted_center,19,0.3901083527265285
msp,20260922,1,residual,arousal,raw,-1,0.14333970812729643
msp,20260922,1,residual,arousal,raw_plus_true_center,-1,0.3459485040565029
msp,20260922,1,residual,dominance,raw,-1,0.0963341907515276
msp,20260922,1,residual,dominance,raw_plus_true_center,-1,0.24563646951112805
msp,20260922,1,residual,arousal,raw_plus_permuted_center,0,0.1434074501446018
msp,20260922,1,residual,dominance,raw_plus_permuted_center,0,0.0963817698298348
msp,20260922,1,residual,arousal,raw_plus_permuted_center,1,0.1436589581408174
msp,20260922,1,residual,dominance,raw_plus_permuted_center,1,0.09656105947497545
msp,20260922,1,residual,arousal,raw_plus_permuted_center,2,0.14353886553213263
msp,20260922,1,residual,dominance,raw_plus_permuted_center,2,0.09648518494131678
msp,20260922,1,residual,arousal,raw_plus_permuted_center,3,0.14347368574752473
msp,20260922,1,residual,dominance,raw_plus_permuted_center,3,0.09641607109040741
msp,20260922,1,residual,arousal,raw_plus_permuted_center,4,0.14343373078319566
msp,20260922,1,residual,dominance,raw_plus_permuted_center,4,0.09642569553522226
msp,20260922,1,residual,arousal,raw_plus_permuted_center,5,0.14334191945802802
msp,20260922,1,residual,dominance,raw_plus_permuted_center,5,0.09634200827292946
msp,20260922,1,residual,arousal,raw_plus_permuted_center,6,0.14336404684841428
msp,20260922,1,residual,dominance,raw_plus_permuted_center,6,0.0963573466405113
msp,20260922,1,residual,arousal,raw_plus_permuted_center,7,0.14342588711021015
msp,20260922,1,residual,dominance,raw_plus_permuted_center,7,0.09641647518091497
msp,20260922,1,residual,arousal,raw_plus_permuted_center,8,0.14340030732531403
msp,20260922,1,residual,dominance,raw_plus_permuted_center,8,0.09637506614863925
msp,20260922,1,residual,arousal,raw_plus_permuted_center,9,0.14356848297423178
msp,20260922,1,residual,dominance,raw_plus_permuted_center,9,0.09648544538823711
msp,20260922,1,residual,arousal,raw_plus_permuted_center,10,0.14346320983059688
msp,20260922,1,residual,dominance,raw_plus_permuted_center,10,0.09640840558368491
msp,20260922,1,residual,arousal,raw_plus_permuted_center,11,0.14358284176600747
msp,20260922,1,residual,dominance,raw_plus_permuted_center,11,0.09648963911241505
msp,20260922,1,residual,arousal,raw_plus_permuted_center,12,0.14336246090826713
msp,20260922,1,residual,dominance,raw_plus_permuted_center,12,0.096353591599956
msp,20260922,1,residual,arousal,raw_plus_permuted_center,13,0.14373425889748112
msp,20260922,1,residual,dominance,raw_plus_permuted_center,13,0.09660335234352513
msp,20260922,1,residual,arousal,raw_plus_permuted_center,14,0.14350983896273087
msp,20260922,1,residual,dominance,raw_plus_permuted_center,14,0.09647949387431747
msp,20260922,1,residual,arousal,raw_plus_permuted_center,15,0.14335620439552316
msp,20260922,1,residual,dominance,raw_plus_permuted_center,15,0.09636222227756318
msp,20260922,1,residual,arousal,raw_plus_permuted_center,16,0.14340258424516902
msp,20260922,1,residual,dominance,raw_plus_permuted_center,16,0.0963682737744565
msp,20260922,1,residual,arousal,raw_plus_permuted_center,17,0.14341642940758137
msp,20260922,1,residual,dominance,raw_plus_permuted_center,17,0.09639498945713904
msp,20260922,1,residual,arousal,raw_plus_permuted_center,18,0.14340972651394485
msp,20260922,1,residual,dominance,raw_plus_permuted_center,18,0.09637295083164946
msp,20260922,1,residual,arousal,raw_plus_permuted_center,19,0.14333992465360182
msp,20260922,1,residual,dominance,raw_plus_permuted_center,19,0.09634253694966254
msp,20260922,2,raw,arousal,raw,-1,0.44706311385585135
msp,20260922,2,raw,arousal,raw_plus_true_center,-1,0.47682924193872717
msp,20260922,2,raw,dominance,raw,-1,0.3677891742968287
msp,20260922,2,raw,dominance,raw_plus_true_center,-1,0.3798694170852696
msp,20260922,2,raw,arousal,raw_plus_permuted_center,0,0.44754327793281545
msp,20260922,2,raw,dominance,raw_plus_permuted_center,0,0.3680891762013535
msp,20260922,2,raw,arousal,raw_plus_permuted_center,1,0.44760557099249587
msp,20260922,2,raw,dominance,raw_plus_permuted_center,1,0.36746561403370803
msp,20260922,2,raw,arousal,raw_plus_permuted_center,2,0.4485570090330796
msp,20260922,2,raw,dominance,raw_plus_permuted_center,2,0.36848852753960787
msp,20260922,2,raw,arousal,raw_plus_permuted_center,3,0.44677073820098817
msp,20260922,2,raw,dominance,raw_plus_permuted_center,3,0.3673838887773909
msp,20260922,2,raw,arousal,raw_plus_permuted_center,4,0.44665548320467113
msp,20260922,2,raw,dominance,raw_plus_permuted_center,4,0.3678124842203501
msp,20260922,2,raw,arousal,raw_plus_permuted_center,5,0.4480054858832121
msp,20260922,2,raw,dominance,raw_plus_permuted_center,5,0.3680595129924688
msp,20260922,2,raw,arousal,raw_plus_permuted_center,6,0.4463914570677589
msp,20260922,2,raw,dominance,raw_plus_permuted_center,6,0.3675014919862604
msp,20260922,2,raw,arousal,raw_plus_permuted_center,7,0.4468581299621149
msp,20260922,2,raw,dominance,raw_plus_permuted_center,7,0.3683762244649284
msp,20260922,2,raw,arousal,raw_plus_permuted_center,8,0.4460938584919705
msp,20260922,2,raw,dominance,raw_plus_permuted_center,8,0.36657789945051306
msp,20260922,2,raw,arousal,raw_plus_permuted_center,9,0.44737822237574265
msp,20260922,2,raw,dominance,raw_plus_permuted_center,9,0.3686944297326081
msp,20260922,2,raw,arousal,raw_plus_permuted_center,10,0.4464265821330725
msp,20260922,2,raw,dominance,raw_plus_permuted_center,10,0.3677407886485104
msp,20260922,2,raw,arousal,raw_plus_permuted_center,11,0.4477564759424623
msp,20260922,2,raw,dominance,raw_plus_permuted_center,11,0.3688439424525564
msp,20260922,2,raw,arousal,raw_plus_permuted_center,12,0.4451794804468914
msp,20260922,2,raw,dominance,raw_plus_permuted_center,12,0.3654335886465688
msp,20260922,2,raw,arousal,raw_plus_permuted_center,13,0.44721496634082447
msp,20260922,2,raw,dominance,raw_plus_permuted_center,13,0.36814892466679094
msp,20260922,2,raw,arousal,raw_plus_permuted_center,14,0.4472804862943081
msp,20260922,2,raw,dominance,raw_plus_permuted_center,14,0.3677270512706585
msp,20260922,2,raw,arousal,raw_plus_permuted_center,15,0.446153465255161
msp,20260922,2,raw,dominance,raw_plus_permuted_center,15,0.3672705817229208
msp,20260922,2,raw,arousal,raw_plus_permuted_center,16,0.44702213908239
msp,20260922,2,raw,dominance,raw_plus_permuted_center,16,0.36746617785244123
msp,20260922,2,raw,arousal,raw_plus_permuted_center,17,0.44773651031946254
msp,20260922,2,raw,dominance,raw_plus_permuted_center,17,0.3693129276594804
msp,20260922,2,raw,arousal,raw_plus_permuted_center,18,0.44687394123910057
msp,20260922,2,raw,dominance,raw_plus_permuted_center,18,0.36691586854538827
msp,20260922,2,raw,arousal,raw_plus_permuted_center,19,0.4460150717383594
msp,20260922,2,raw,dominance,raw_plus_permuted_center,19,0.3672305919486609
msp,20260922,2,residual,arousal,raw,-1,0.14148233381307976
msp,20260922,2,residual,arousal,raw_plus_true_center,-1,0.3463518761040399
msp,20260922,2,residual,dominance,raw,-1,0.09729337459107162
msp,20260922,2,residual,dominance,raw_plus_true_center,-1,0.2519887925221665
msp,20260922,2,residual,arousal,raw_plus_permuted_center,0,0.14185245588057308
msp,20260922,2,residual,dominance,raw_plus_permuted_center,0,0.09755395485835584
msp,20260922,2,residual,arousal,raw_plus_permuted_center,1,0.14168652557989173
msp,20260922,2,residual,dominance,raw_plus_permuted_center,1,0.09747094766023616
msp,20260922,2,residual,arousal,raw_plus_permuted_center,2,0.14150651831134706
msp,20260922,2,residual,dominance,raw_plus_permuted_center,2,0.09732289381086716
msp,20260922,2,residual,arousal,raw_plus_permuted_center,3,0.14168772785045536
msp,20260922,2,residual,dominance,raw_plus_permuted_center,3,0.09745881987967807
msp,20260922,2,residual,arousal,raw_plus_permuted_center,4,0.14176952451981997
msp,20260922,2,residual,dominance,raw_plus_permuted_center,4,0.09757485534340157
msp,20260922,2,residual,arousal,raw_plus_permuted_center,5,0.14163233185766844
msp,20260922,2,residual,dominance,raw_plus_permuted_center,5,0.09739377908704619
msp,20260922,2,residual,arousal,raw_plus_permuted_center,6,0.14187343605248245
msp,20260922,2,residual,dominance,raw_plus_permuted_center,6,0.09757219897858659
msp,20260922,2,residual,arousal,raw_plus_permuted_center,7,0.1414903696952842
msp,20260922,2,residual,dominance,raw_plus_permuted_center,7,0.09730932447450039
msp,20260922,2,residual,arousal,raw_plus_permuted_center,8,0.14158861889467608
msp,20260922,2,residual,dominance,raw_plus_permuted_center,8,0.09737071395095104
msp,20260922,2,residual,arousal,raw_plus_permuted_center,9,0.14168932307927443
msp,20260922,2,residual,dominance,raw_plus_permuted_center,9,0.09748067770696436
msp,20260922,2,residual,arousal,raw_plus_permuted_center,10,0.14153160158925615
msp,20260922,2,residual,dominance,raw_plus_permuted_center,10,0.09734694422812025
msp,20260922,2,residual,arousal,raw_plus_permuted_center,11,0.1416115707565371
msp,20260922,2,residual,dominance,raw_plus_permuted_center,11,0.09739267932529977
msp,20260922,2,residual,arousal,raw_plus_permuted_center,12,0.1415616954259337
msp,20260922,2,residual,dominance,raw_plus_permuted_center,12,0.09738139128746935
msp,20260922,2,residual,arousal,raw_plus_permuted_center,13,0.14159472723919625
msp,20260922,2,residual,dominance,raw_plus_permuted_center,13,0.09734457057974774
msp,20260922,2,residual,arousal,raw_plus_permuted_center,14,0.14158614345359563
msp,20260922,2,residual,dominance,raw_plus_permuted_center,14,0.09734849144872687
msp,20260922,2,residual,arousal,raw_plus_permuted_center,15,0.14153605212429204
msp,20260922,2,residual,dominance,raw_plus_permuted_center,15,0.09733770470861126
msp,20260922,2,residual,arousal,raw_plus_permuted_center,16,0.14168350000315907
msp,20260922,2,residual,dominance,raw_plus_permuted_center,16,0.09741074517181733
msp,20260922,2,residual,arousal,raw_plus_permuted_center,17,0.1415022254560909
msp,20260922,2,residual,dominance,raw_plus_permuted_center,17,0.09731412016786403
msp,20260922,2,residual,arousal,raw_plus_permuted_center,18,0.1416987514952853
msp,20260922,2,residual,dominance,raw_plus_permuted_center,18,0.09747149174764222
msp,20260922,2,residual,arousal,raw_plus_permuted_center,19,0.14157633934773975
msp,20260922,2,residual,dominance,raw_plus_permuted_center,19,0.09738229265835054
msp,20260922,3,raw,arousal,raw,-1,0.4630645353128125
msp,20260922,3,raw,arousal,raw_plus_true_center,-1,0.49168011060532096
msp,20260922,3,raw,dominance,raw,-1,0.37157092639852296
msp,20260922,3,raw,dominance,raw_plus_true_center,-1,0.3846502784903631
msp,20260922,3,raw,arousal,raw_plus_permuted_center,0,0.46251963972965787
msp,20260922,3,raw,dominance,raw_plus_permuted_center,0,0.3709281188203097
msp,20260922,3,raw,arousal,raw_plus_permuted_center,1,0.46234014004631335
msp,20260922,3,raw,dominance,raw_plus_permuted_center,1,0.3706050806461896
msp,20260922,3,raw,arousal,raw_plus_permuted_center,2,0.46325754511199546
msp,20260922,3,raw,dominance,raw_plus_permuted_center,2,0.3710183781452274
msp,20260922,3,raw,arousal,raw_plus_permuted_center,3,0.46417773474691404
msp,20260922,3,raw,dominance,raw_plus_permuted_center,3,0.3725056672927388
msp,20260922,3,raw,arousal,raw_plus_permuted_center,4,0.4641883746913265
msp,20260922,3,raw,dominance,raw_plus_permuted_center,4,0.37164602112546447
msp,20260922,3,raw,arousal,raw_plus_permuted_center,5,0.46238882095856804
msp,20260922,3,raw,dominance,raw_plus_permuted_center,5,0.371035470733734
msp,20260922,3,raw,arousal,raw_plus_permuted_center,6,0.4630329062423775
msp,20260922,3,raw,dominance,raw_plus_permuted_center,6,0.3712778810856869
msp,20260922,3,raw,arousal,raw_plus_permuted_center,7,0.4634074996571643
msp,20260922,3,raw,dominance,raw_plus_permuted_center,7,0.3714681344458659
msp,20260922,3,raw,arousal,raw_plus_permuted_center,8,0.45979899708185695
msp,20260922,3,raw,dominance,raw_plus_permuted_center,8,0.37076073777424107
msp,20260922,3,raw,arousal,raw_plus_permuted_center,9,0.4628840413107454
msp,20260922,3,raw,dominance,raw_plus_permuted_center,9,0.37137855221318766
msp,20260922,3,raw,arousal,raw_plus_permuted_center,10,0.4634790435236232
msp,20260922,3,raw,dominance,raw_plus_permuted_center,10,0.3717690991350931
msp,20260922,3,raw,arousal,raw_plus_permuted_center,11,0.46131763898864564
msp,20260922,3,raw,dominance,raw_plus_permuted_center,11,0.3696358913582101
msp,20260922,3,raw,arousal,raw_plus_permuted_center,12,0.46260940014092033
msp,20260922,3,raw,dominance,raw_plus_permuted_center,12,0.3719087954095054
msp,20260922,3,raw,arousal,raw_plus_permuted_center,13,0.46329420390185305
msp,20260922,3,raw,dominance,raw_plus_permuted_center,13,0.3715324699480948
msp,20260922,3,raw,arousal,raw_plus_permuted_center,14,0.4648103319717139
msp,20260922,3,raw,dominance,raw_plus_permuted_center,14,0.37285028176013024
msp,20260922,3,raw,arousal,raw_plus_permuted_center,15,0.462186038164421
msp,20260922,3,raw,dominance,raw_plus_permuted_center,15,0.3710307685050289
msp,20260922,3,raw,arousal,raw_plus_permuted_center,16,0.46277593184511095
msp,20260922,3,raw,dominance,raw_plus_permuted_center,16,0.3717254908345301
msp,20260922,3,raw,arousal,raw_plus_permuted_center,17,0.46248256455002934
msp,20260922,3,raw,dominance,raw_plus_permuted_center,17,0.37134128085771595
msp,20260922,3,raw,arousal,raw_plus_permuted_center,18,0.462589214859717
msp,20260922,3,raw,dominance,raw_plus_permuted_center,18,0.37108032455806894
msp,20260922,3,raw,arousal,raw_plus_permuted_center,19,0.4620605695004157
msp,20260922,3,raw,dominance,raw_plus_permuted_center,19,0.3699094113045023
msp,20260922,3,residual,arousal,raw,-1,0.14004278719161675
msp,20260922,3,residual,arousal,raw_plus_true_center,-1,0.3384903229650312
msp,20260922,3,residual,dominance,raw,-1,0.09402395611605745
msp,20260922,3,residual,dominance,raw_plus_true_center,-1,0.2406417955488839
msp,20260922,3,residual,arousal,raw_plus_permuted_center,0,0.14014069387443345
msp,20260922,3,residual,dominance,raw_plus_permuted_center,0,0.09411184276558934
msp,20260922,3,residual,arousal,raw_plus_permuted_center,1,0.1403066496108365
msp,20260922,3,residual,dominance,raw_plus_permuted_center,1,0.09421985367552366
msp,20260922,3,residual,arousal,raw_plus_permuted_center,2,0.14010139666431298
msp,20260922,3,residual,dominance,raw_plus_permuted_center,2,0.0940723012057998
msp,20260922,3,residual,arousal,raw_plus_permuted_center,3,0.14015947417307598
msp,20260922,3,residual,dominance,raw_plus_permuted_center,3,0.09413180226896359
msp,20260922,3,residual,arousal,raw_plus_permuted_center,4,0.14024324799628093
msp,20260922,3,residual,dominance,raw_plus_permuted_center,4,0.09415992269476205
msp,20260922,3,residual,arousal,raw_plus_permuted_center,5,0.14018202661662202
msp,20260922,3,residual,dominance,raw_plus_permuted_center,5,0.09410471897065334
msp,20260922,3,residual,arousal,raw_plus_permuted_center,6,0.14008287210323442
msp,20260922,3,residual,dominance,raw_plus_permuted_center,6,0.09407452334351561
msp,20260922,3,residual,arousal,raw_plus_permuted_center,7,0.14043866645089564
msp,20260922,3,residual,dominance,raw_plus_permuted_center,7,0.09435677117942803
msp,20260922,3,residual,arousal,raw_plus_permuted_center,8,0.1403950486541534
msp,20260922,3,residual,dominance,raw_plus_permuted_center,8,0.09424875890502786
msp,20260922,3,residual,arousal,raw_plus_permuted_center,9,0.140166180899746
msp,20260922,3,residual,dominance,raw_plus_permuted_center,9,0.09416051641921457
msp,20260922,3,residual,arousal,raw_plus_permuted_center,10,0.14020480212156602
msp,20260922,3,residual,dominance,raw_plus_permuted_center,10,0.09411281136909012
msp,20260922,3,residual,arousal,raw_plus_permuted_center,11,0.14014107082567862
msp,20260922,3,residual,dominance,raw_plus_permuted_center,11,0.09406925902735948
msp,20260922,3,residual,arousal,raw_plus_permuted_center,12,0.14014561925402008
msp,20260922,3,residual,dominance,raw_plus_permuted_center,12,0.09410339655286616
msp,20260922,3,residual,arousal,raw_plus_permuted_center,13,0.14021112030937596
msp,20260922,3,residual,dominance,raw_plus_permuted_center,13,0.09415060396344598
msp,20260922,3,residual,arousal,raw_plus_permuted_center,14,0.14022845786601934
msp,20260922,3,residual,dominance,raw_plus_permuted_center,14,0.09411482578639335
msp,20260922,3,residual,arousal,raw_plus_permuted_center,15,0.14007894841522522
msp,20260922,3,residual,dominance,raw_plus_permuted_center,15,0.0940484368900405
msp,20260922,3,residual,arousal,raw_plus_permuted_center,16,0.1403516918708252
msp,20260922,3,residual,dominance,raw_plus_permuted_center,16,0.0942428682024988
msp,20260922,3,residual,arousal,raw_plus_permuted_center,17,0.1401414574018745
msp,20260922,3,residual,dominance,raw_plus_permuted_center,17,0.09410269675367229
msp,20260922,3,residual,arousal,raw_plus_permuted_center,18,0.14024717388114055
msp,20260922,3,residual,dominance,raw_plus_permuted_center,18,0.09416787703234715
msp,20260922,3,residual,arousal,raw_plus_permuted_center,19,0.14013103414651407
msp,20260922,3,residual,dominance,raw_plus_permuted_center,19,0.09409054556731285
msp,20260922,4,raw,arousal,raw,-1,0.4532932880467849
msp,20260922,4,raw,arousal,raw_plus_true_center,-1,0.47663879799360703
msp,20260922,4,raw,dominance,raw,-1,0.3713817846999887
msp,20260922,4,raw,dominance,raw_plus_true_center,-1,0.37815402513359997
msp,20260922,4,raw,arousal,raw_plus_permuted_center,0,0.45401060825929496
msp,20260922,4,raw,dominance,raw_plus_permuted_center,0,0.37144490639853267
msp,20260922,4,raw,arousal,raw_plus_permuted_center,1,0.4512823519257219
msp,20260922,4,raw,dominance,raw_plus_permuted_center,1,0.36951069427853683
msp,20260922,4,raw,arousal,raw_plus_permuted_center,2,0.453753296636452
msp,20260922,4,raw,dominance,raw_plus_permuted_center,2,0.37290401010199364
msp,20260922,4,raw,arousal,raw_plus_permuted_center,3,0.4540127527625451
msp,20260922,4,raw,dominance,raw_plus_permuted_center,3,0.37146590974130006
msp,20260922,4,raw,arousal,raw_plus_permuted_center,4,0.45413762939647895
msp,20260922,4,raw,dominance,raw_plus_permuted_center,4,0.3728433141186819
msp,20260922,4,raw,arousal,raw_plus_permuted_center,5,0.45232756337669133
msp,20260922,4,raw,dominance,raw_plus_permuted_center,5,0.37064656552719294
msp,20260922,4,raw,arousal,raw_plus_permuted_center,6,0.4485442256470809
msp,20260922,4,raw,dominance,raw_plus_permuted_center,6,0.3693693055880832
msp,20260922,4,raw,arousal,raw_plus_permuted_center,7,0.4523902725809442
msp,20260922,4,raw,dominance,raw_plus_permuted_center,7,0.3704370931009017
msp,20260922,4,raw,arousal,raw_plus_permuted_center,8,0.4504474140819915
msp,20260922,4,raw,dominance,raw_plus_permuted_center,8,0.3700715083053745
msp,20260922,4,raw,arousal,raw_plus_permuted_center,9,0.4528334878641116
msp,20260922,4,raw,dominance,raw_plus_permuted_center,9,0.37092431855444286
msp,20260922,4,raw,arousal,raw_plus_permuted_center,10,0.4549615399751366
msp,20260922,4,raw,dominance,raw_plus_permuted_center,10,0.37270038470939454
msp,20260922,4,raw,arousal,raw_plus_permuted_center,11,0.45344322772553597
msp,20260922,4,raw,dominance,raw_plus_permuted_center,11,0.37170949586842733
msp,20260922,4,raw,arousal,raw_plus_permuted_center,12,0.45318524506807706
msp,20260922,4,raw,dominance,raw_plus_permuted_center,12,0.37121201634444956
msp,20260922,4,raw,arousal,raw_plus_permuted_center,13,0.45319218648525683
msp,20260922,4,raw,dominance,raw_plus_permuted_center,13,0.37019155090566264
msp,20260922,4,raw,arousal,raw_plus_permuted_center,14,0.4525273398814309
msp,20260922,4,raw,dominance,raw_plus_permuted_center,14,0.37035096855205907
msp,20260922,4,raw,arousal,raw_plus_permuted_center,15,0.45292966446682104
msp,20260922,4,raw,dominance,raw_plus_permuted_center,15,0.370829402690758
msp,20260922,4,raw,arousal,raw_plus_permuted_center,16,0.4555822092047626
msp,20260922,4,raw,dominance,raw_plus_permuted_center,16,0.3729512705624881
msp,20260922,4,raw,arousal,raw_plus_permuted_center,17,0.453852948721004
msp,20260922,4,raw,dominance,raw_plus_permuted_center,17,0.37152951043895716
msp,20260922,4,raw,arousal,raw_plus_permuted_center,18,0.4538109197317777
msp,20260922,4,raw,dominance,raw_plus_permuted_center,18,0.37149787556384756
msp,20260922,4,raw,arousal,raw_plus_permuted_center,19,0.4527289253357056
msp,20260922,4,raw,dominance,raw_plus_permuted_center,19,0.3719111415267775
msp,20260922,4,residual,arousal,raw,-1,0.12986987347990808
msp,20260922,4,residual,arousal,raw_plus_true_center,-1,0.3124684799643926
msp,20260922,4,residual,dominance,raw,-1,0.08783256588590266
msp,20260922,4,residual,dominance,raw_plus_true_center,-1,0.22333734174156167
msp,20260922,4,residual,arousal,raw_plus_permuted_center,0,0.1299945630772032
msp,20260922,4,residual,dominance,raw_plus_permuted_center,0,0.08788198754801828
msp,20260922,4,residual,arousal,raw_plus_permuted_center,1,0.13005619529011783
msp,20260922,4,residual,dominance,raw_plus_permuted_center,1,0.08792756709171506
msp,20260922,4,residual,arousal,raw_plus_permuted_center,2,0.12994159616270906
msp,20260922,4,residual,dominance,raw_plus_permuted_center,2,0.08790494549445459
msp,20260922,4,residual,arousal,raw_plus_permuted_center,3,0.1301999494855028
msp,20260922,4,residual,dominance,raw_plus_permuted_center,3,0.08801293393572725
msp,20260922,4,residual,arousal,raw_plus_permuted_center,4,0.13000170055324214
msp,20260922,4,residual,dominance,raw_plus_permuted_center,4,0.08792858068386851
msp,20260922,4,residual,arousal,raw_plus_permuted_center,5,0.12995951171246609
msp,20260922,4,residual,dominance,raw_plus_permuted_center,5,0.08791341546493295
msp,20260922,4,residual,arousal,raw_plus_permuted_center,6,0.12987627573299165
msp,20260922,4,residual,dominance,raw_plus_permuted_center,6,0.08783685249174243
msp,20260922,4,residual,arousal,raw_plus_permuted_center,7,0.12994524258908619
msp,20260922,4,residual,dominance,raw_plus_permuted_center,7,0.08789733760427931
msp,20260922,4,residual,arousal,raw_plus_permuted_center,8,0.12994010162354883
msp,20260922,4,residual,dominance,raw_plus_permuted_center,8,0.08786708205052919
msp,20260922,4,residual,arousal,raw_plus_permuted_center,9,0.1303124944681348
msp,20260922,4,residual,dominance,raw_plus_permuted_center,9,0.0881117856039716
msp,20260922,4,residual,arousal,raw_plus_permuted_center,10,0.12988781871619953
msp,20260922,4,residual,dominance,raw_plus_permuted_center,10,0.08784052454403485
msp,20260922,4,residual,arousal,raw_plus_permuted_center,11,0.1300335059913895
msp,20260922,4,residual,dominance,raw_plus_permuted_center,11,0.08799577309522913
msp,20260922,4,residual,arousal,raw_plus_permuted_center,12,0.1303387714909058
msp,20260922,4,residual,dominance,raw_plus_permuted_center,12,0.08815130221752156
msp,20260922,4,residual,arousal,raw_plus_permuted_center,13,0.12988009812729584
msp,20260922,4,residual,dominance,raw_plus_permuted_center,13,0.08784664022454124
msp,20260922,4,residual,arousal,raw_plus_permuted_center,14,0.1299275399483371
msp,20260922,4,residual,dominance,raw_plus_permuted_center,14,0.08786213968631917
msp,20260922,4,residual,arousal,raw_plus_permuted_center,15,0.12988743857428642
msp,20260922,4,residual,dominance,raw_plus_permuted_center,15,0.08784295475218785
msp,20260922,4,residual,arousal,raw_plus_permuted_center,16,0.1299751110702326
msp,20260922,4,residual,dominance,raw_plus_permuted_center,16,0.08791283851725398
msp,20260922,4,residual,arousal,raw_plus_permuted_center,17,0.12990773110886156
msp,20260922,4,residual,dominance,raw_plus_permuted_center,17,0.08786027160040304
msp,20260922,4,residual,arousal,raw_plus_permuted_center,18,0.12989604737965607
msp,20260922,4,residual,dominance,raw_plus_permuted_center,18,0.0878541740610222
msp,20260922,4,residual,arousal,raw_plus_permuted_center,19,0.12993767168023887
msp,20260922,4,residual,dominance,raw_plus_permuted_center,19,0.08788613396397928
