dataset,seed,fold,lambda,target,model_family,representation,ccc
msp,20260920,0,0.0,valence,linear_ridge,absolute,0.005692549633351075
msp,20260920,0,0.0,arousal,linear_ridge,absolute,0.14081758876832584
msp,20260920,0,0.0,dominance,linear_ridge,absolute,0.09501034736470272
msp,20260920,0,0.0,valence,linear_ridge,relative,0.01423635239544278
msp,20260920,0,0.0,arousal,linear_ridge,relative,0.33757785286573255
msp,20260920,0,0.0,dominance,linear_ridge,relative,0.2375939807481573
msp,20260920,0,0.0,valence,linear_ridge,hybrid,0.014309709453449927
msp,20260920,0,0.0,arousal,linear_ridge,hybrid,0.3390217302629133
msp,20260920,0,0.0,dominance,linear_ridge,hybrid,0.23863248498296485
msp,20260920,0,0.0,valence,quadratic_ridge,absolute,0.008801056921781882
msp,20260920,0,0.0,arousal,quadratic_ridge,absolute,0.14522111933807239
msp,20260920,0,0.0,dominance,quadratic_ridge,absolute,0.09713734851106087
msp,20260920,0,0.0,valence,quadratic_ridge,relative,0.019476686535933672
msp,20260920,0,0.0,arousal,quadratic_ridge,relative,0.3410914634190474
msp,20260920,0,0.0,dominance,quadratic_ridge,relative,0.23972550499783882
msp,20260920,0,0.0,valence,quadratic_ridge,hybrid,0.02277948498473043
msp,20260920,0,0.0,arousal,quadratic_ridge,hybrid,0.3416739623676579
msp,20260920,0,0.0,dominance,quadratic_ridge,hybrid,0.24079523096227
msp,20260920,0,0.25,valence,linear_ridge,absolute,0.003632195794167072
msp,20260920,0,0.25,arousal,linear_ridge,absolute,0.2485158451965602
msp,20260920,0,0.25,dominance,linear_ridge,absolute,0.17574353479896818
msp,20260920,0,0.25,valence,linear_ridge,relative,0.014494624446109433
msp,20260920,0,0.25,arousal,linear_ridge,relative,0.31956125385020684
msp,20260920,0,0.25,dominance,linear_ridge,relative,0.22642239675598982
msp,20260920,0,0.25,valence,linear_ridge,hybrid,0.014835440795704747
msp,20260920,0,0.25,arousal,linear_ridge,hybrid,0.35929534633973437
msp,20260920,0,0.25,dominance,linear_ridge,hybrid,0.2562096000163183
msp,20260920,0,0.25,valence,quadratic_ridge,absolute,0.007668341149442226
msp,20260920,0,0.25,arousal,quadratic_ridge,absolute,0.2515694713907562
msp,20260920,0,0.25,dominance,quadratic_ridge,absolute,0.17729432549694604
msp,20260920,0,0.25,valence,quadratic_ridge,relative,0.0202457629027509
msp,20260920,0,0.25,arousal,quadratic_ridge,relative,0.32270588323970073
msp,20260920,0,0.25,dominance,quadratic_ridge,relative,0.22864458874105265
msp,20260920,0,0.25,valence,quadratic_ridge,hybrid,0.024164361802204957
msp,20260920,0,0.25,arousal,quadratic_ridge,hybrid,0.36165738488396204
msp,20260920,0,0.25,dominance,quadratic_ridge,hybrid,0.25787815758032395
msp,20260920,0,0.5,valence,linear_ridge,absolute,0.0020081142920068814
msp,20260920,0,0.5,arousal,linear_ridge,absolute,0.3439092694885213
msp,20260920,0,0.5,dominance,linear_ridge,absolute,0.2565758009579835
msp,20260920,0,0.5,valence,linear_ridge,relative,0.014296260210061954
msp,20260920,0,0.5,arousal,linear_ridge,relative,0.2828510220093442
msp,20260920,0,0.5,dominance,linear_ridge,relative,0.2048713723939491
msp,20260920,0,0.5,valence,linear_ridge,hybrid,0.01597486204851195
msp,20260920,0,0.5,arousal,linear_ridge,hybrid,0.39964345884248126
msp,20260920,0,0.5,dominance,linear_ridge,hybrid,0.2942874784909244
msp,20260920,0,0.5,valence,quadratic_ridge,absolute,0.007077484216937344
msp,20260920,0,0.5,arousal,quadratic_ridge,absolute,0.3459528284566897
msp,20260920,0,0.5,dominance,quadratic_ridge,absolute,0.2577178086652061
msp,20260920,0,0.5,valence,quadratic_ridge,relative,0.020360155188748754
msp,20260920,0,0.5,arousal,quadratic_ridge,relative,0.2858467773622937
msp,20260920,0,0.5,dominance,quadratic_ridge,relative,0.20733967421341792
msp,20260920,0,0.5,valence,quadratic_ridge,hybrid,0.02664380268297305
msp,20260920,0,0.5,arousal,quadratic_ridge,hybrid,0.4013443285996254
msp,20260920,0,0.5,dominance,quadratic_ridge,hybrid,0.2952490933189513
msp,20260920,0,0.75,valence,linear_ridge,absolute,0.000906071549263751
msp,20260920,0,0.75,arousal,linear_ridge,absolute,0.4133819632177845
msp,20260920,0,0.75,dominance,linear_ridge,absolute,0.3246161961020144
msp,20260920,0,0.75,valence,linear_ridge,relative,0.013717614354780144
msp,20260920,0,0.75,arousal,linear_ridge,relative,0.2382596891612831
msp,20260920,0,0.75,dominance,linear_ridge,relative,0.17789343575815408
msp,20260920,0,0.75,valence,linear_ridge,hybrid,0.017548303610563525
msp,20260920,0,0.75,arousal,linear_ridge,hybrid,0.44415882260649
msp,20260920,0,0.75,dominance,linear_ridge,hybrid,0.34029158795197023
msp,20260920,0,0.75,valence,quadratic_ridge,absolute,0.007009966246672596
msp,20260920,0,0.75,arousal,quadratic_ridge,absolute,0.4147921841434293
msp,20260920,0,0.75,dominance,quadratic_ridge,absolute,0.3255339359906744
msp,20260920,0,0.75,valence,quadratic_ridge,relative,0.019895262467365844
msp,20260920,0,0.75,arousal,quadratic_ridge,relative,0.2412868011695018
msp,20260920,0,0.75,dominance,quadratic_ridge,relative,0.18070910393857667
msp,20260920,0,0.75,valence,quadratic_ridge,hybrid,0.029855438033617253
msp,20260920,0,0.75,arousal,quadratic_ridge,hybrid,0.44520625449078877
msp,20260920,0,0.75,dominance,quadratic_ridge,hybrid,0.34060059941825466
msp,20260920,0,1.0,valence,linear_ridge,absolute,0.00031130508855648317
msp,20260920,0,1.0,arousal,linear_ridge,absolute,0.458395696234814
msp,20260920,0,1.0,dominance,linear_ridge,absolute,0.37603874196975
msp,20260920,0,1.0,valence,linear_ridge,relative,0.012878503398495833
msp,20260920,0,1.0,arousal,linear_ridge,relative,0.19486176419155454
msp,20260920,0,1.0,dominance,linear_ridge,relative,0.15021101019658412
msp,20260920,0,1.0,valence,linear_ridge,hybrid,0.019345380740752056
msp,20260920,0,1.0,arousal,linear_ridge,hybrid,0.4830941174225971
msp,20260920,0,1.0,dominance,linear_ridge,hybrid,0.3843671131632766
msp,20260920,0,1.0,valence,quadratic_ridge,absolute,0.0073681411463926184
msp,20260920,0,1.0,arousal,quadratic_ridge,absolute,0.4594395328786525
msp,20260920,0,1.0,dominance,quadratic_ridge,absolute,0.37685889421882046
msp,20260920,0,1.0,valence,quadratic_ridge,relative,0.019001089334131388
msp,20260920,0,1.0,arousal,quadratic_ridge,relative,0.1980347822627891
msp,20260920,0,1.0,dominance,quadratic_ridge,relative,0.1534130678671162
msp,20260920,0,1.0,valence,quadratic_ridge,hybrid,0.03339762809716414
msp,20260920,0,1.0,arousal,quadratic_ridge,hybrid,0.48365222222997256
msp,20260920,0,1.0,dominance,quadratic_ridge,hybrid,0.384197238946628
msp,20260920,1,0.0,valence,linear_ridge,absolute,0.005039247312942315
msp,20260920,1,0.0,arousal,linear_ridge,absolute,0.14509901103520847
msp,20260920,1,0.0,dominance,linear_ridge,absolute,0.09825646236563773
msp,20260920,1,0.0,valence,linear_ridge,relative,0.013571097621214183
msp,20260920,1,0.0,arousal,linear_ridge,relative,0.3484334485762688
msp,20260920,1,0.0,dominance,linear_ridge,relative,0.24910819430572145
msp,20260920,1,0.0,valence,linear_ridge,hybrid,0.013632359518505652
msp,20260920,1,0.0,arousal,linear_ridge,hybrid,0.34987673807459857
msp,20260920,1,0.0,dominance,linear_ridge,hybrid,0.25012760592511263
msp,20260920,1,0.0,valence,quadratic_ridge,absolute,0.00791334330610635
msp,20260920,1,0.0,arousal,quadratic_ridge,absolute,0.15082009734030466
msp,20260920,1,0.0,dominance,quadratic_ridge,absolute,0.10035855536159126
msp,20260920,1,0.0,valence,quadratic_ridge,relative,0.018105061054600823
msp,20260920,1,0.0,arousal,quadratic_ridge,relative,0.3516385551234441
msp,20260920,1,0.0,dominance,quadratic_ridge,relative,0.2506646319844721
msp,20260920,1,0.0,valence,quadratic_ridge,hybrid,0.021446766523614724
msp,20260920,1,0.0,arousal,quadratic_ridge,hybrid,0.3529911155702228
msp,20260920,1,0.0,dominance,quadratic_ridge,hybrid,0.25190634017376606
msp,20260920,1,0.25,valence,linear_ridge,absolute,0.0030860583973937273
msp,20260920,1,0.25,arousal,linear_ridge,absolute,0.25401322237677204
msp,20260920,1,0.25,dominance,linear_ridge,absolute,0.1784668386789918
msp,20260920,1,0.25,valence,linear_ridge,relative,0.0141396216942981
msp,20260920,1,0.25,arousal,linear_ridge,relative,0.32988291267701714
msp,20260920,1,0.25,dominance,linear_ridge,relative,0.23707090117564739
msp,20260920,1,0.25,valence,linear_ridge,hybrid,0.014454323614043018
msp,20260920,1,0.25,arousal,linear_ridge,hybrid,0.36949247245773703
msp,20260920,1,0.25,dominance,linear_ridge,hybrid,0.26581679512957623
msp,20260920,1,0.25,valence,quadratic_ridge,absolute,0.006702333697829901
msp,20260920,1,0.25,arousal,quadratic_ridge,absolute,0.25938166676804764
msp,20260920,1,0.25,dominance,quadratic_ridge,absolute,0.18018670642870566
msp,20260920,1,0.25,valence,quadratic_ridge,relative,0.01879358732628946
msp,20260920,1,0.25,arousal,quadratic_ridge,relative,0.3323482409525987
msp,20260920,1,0.25,dominance,quadratic_ridge,relative,0.23891854041958133
msp,20260920,1,0.25,valence,quadratic_ridge,hybrid,0.022344632151831204
msp,20260920,1,0.25,arousal,quadratic_ridge,hybrid,0.37276459170954807
msp,20260920,1,0.25,dominance,quadratic_ridge,hybrid,0.26771564856154006
msp,20260920,1,0.5,valence,linear_ridge,absolute,0.001602176547631892
msp,20260920,1,0.5,arousal,linear_ridge,absolute,0.35125772092185503
msp,20260920,1,0.5,dominance,linear_ridge,absolute,0.25798393186828356
msp,20260920,1,0.5,valence,linear_ridge,relative,0.014282398712549488
msp,20260920,1,0.5,arousal,linear_ridge,relative,0.2934797710818912
msp,20260920,1,0.5,dominance,linear_ridge,relative,0.21461977917044292
msp,20260920,1,0.5,valence,linear_ridge,hybrid,0.015890679553075045
msp,20260920,1,0.5,arousal,linear_ridge,hybrid,0.4113230706440744
msp,20260920,1,0.5,dominance,linear_ridge,hybrid,0.3015748990708227
msp,20260920,1,0.5,valence,quadratic_ridge,absolute,0.006030223270893799
msp,20260920,1,0.5,arousal,quadratic_ridge,absolute,0.3559799158174227
msp,20260920,1,0.5,dominance,quadratic_ridge,absolute,0.2591955544578587
msp,20260920,1,0.5,valence,quadratic_ridge,relative,0.018898681289246506
msp,20260920,1,0.5,arousal,quadratic_ridge,relative,0.2954260797791273
msp,20260920,1,0.5,dominance,quadratic_ridge,relative,0.21687155755368603
msp,20260920,1,0.5,valence,quadratic_ridge,hybrid,0.023844407938374022
msp,20260920,1,0.5,arousal,quadratic_ridge,hybrid,0.41449511905741726
msp,20260920,1,0.5,dominance,quadratic_ridge,hybrid,0.3035089599483175
msp,20260920,1,0.75,valence,linear_ridge,absolute,0.0006530135682509515
msp,20260920,1,0.75,arousal,linear_ridge,absolute,0.42311581041450064
msp,20260920,1,0.75,dominance,linear_ridge,absolute,0.3245632819765624
msp,20260920,1,0.75,valence,linear_ridge,relative,0.01403982331470287
msp,20260920,1,0.75,arousal,linear_ridge,relative,0.24907159586333127
msp,20260920,1,0.75,dominance,linear_ridge,relative,0.1866532499690458
msp,20260920,1,0.75,valence,linear_ridge,hybrid,0.017746816186589465
msp,20260920,1,0.75,arousal,linear_ridge,hybrid,0.45949842826310056
msp,20260920,1,0.75,dominance,linear_ridge,hybrid,0.3459244803933414
msp,20260920,1,0.75,valence,quadratic_ridge,absolute,0.005886789651478886
msp,20260920,1,0.75,arousal,quadratic_ridge,absolute,0.42722902974002674
msp,20260920,1,0.75,dominance,quadratic_ridge,absolute,0.32528326159953413
msp,20260920,1,0.75,valence,quadratic_ridge,relative,0.018483481865025773
msp,20260920,1,0.75,arousal,quadratic_ridge,relative,0.2507676863773116
msp,20260920,1,0.75,dominance,quadratic_ridge,relative,0.1893618800399681
msp,20260920,1,0.75,valence,quadratic_ridge,hybrid,0.02574365403719908
msp,20260920,1,0.75,arousal,quadratic_ridge,hybrid,0.46231747632944964
msp,20260920,1,0.75,dominance,quadratic_ridge,hybrid,0.3477026625350521
msp,20260920,1,1.0,valence,linear_ridge,absolute,0.0002109593989829416
msp,20260920,1,1.0,arousal,linear_ridge,absolute,0.47044431183712937
msp,20260920,1,1.0,dominance,linear_ridge,absolute,0.3746569921026846
msp,20260920,1,1.0,valence,linear_ridge,relative,0.013501406708778071
msp,20260920,1,1.0,arousal,linear_ridge,relative,0.20524602042277548
msp,20260920,1,1.0,dominance,linear_ridge,relative,0.15788862365412412
msp,20260920,1,1.0,valence,linear_ridge,hybrid,0.019804260008962404
msp,20260920,1,1.0,arousal,linear_ridge,hybrid,0.5031967029236102
msp,20260920,1,1.0,dominance,linear_ridge,hybrid,0.38933910433231966
msp,20260920,1,1.0,valence,quadratic_ridge,absolute,0.006184352021996173
msp,20260920,1,1.0,arousal,quadratic_ridge,absolute,0.4741007086912929
msp,20260920,1,1.0,dominance,quadratic_ridge,absolute,0.37498177530270016
msp,20260920,1,1.0,valence,quadratic_ridge,relative,0.017675524588072422
msp,20260920,1,1.0,arousal,quadratic_ridge,relative,0.20692705573860587
msp,20260920,1,1.0,dominance,quadratic_ridge,relative,0.16105393561697712
msp,20260920,1,1.0,valence,quadratic_ridge,hybrid,0.027820558654400782
msp,20260920,1,1.0,arousal,quadratic_ridge,hybrid,0.5055211645867825
msp,20260920,1,1.0,dominance,quadratic_ridge,hybrid,0.39077348460118455
msp,20260920,2,0.0,valence,linear_ridge,absolute,0.005489142007924419
msp,20260920,2,0.0,arousal,linear_ridge,absolute,0.14414349534708795
msp,20260920,2,0.0,dominance,linear_ridge,absolute,0.09759364569889403
msp,20260920,2,0.0,valence,linear_ridge,relative,0.01499442239657836
msp,20260920,2,0.0,arousal,linear_ridge,relative,0.3463244549588824
msp,20260920,2,0.0,dominance,linear_ridge,relative,0.24642327560370172
msp,20260920,2,0.0,valence,linear_ridge,hybrid,0.015070934414873362
msp,20260920,2,0.0,arousal,linear_ridge,hybrid,0.34777780885134524
msp,20260920,2,0.0,dominance,linear_ridge,hybrid,0.2474820510269484
msp,20260920,2,0.0,valence,quadratic_ridge,absolute,0.008859603667256289
msp,20260920,2,0.0,arousal,quadratic_ridge,absolute,0.14900523531090912
msp,20260920,2,0.0,dominance,quadratic_ridge,absolute,0.10004949305492912
msp,20260920,2,0.0,valence,quadratic_ridge,relative,0.02122781547616718
msp,20260920,2,0.0,arousal,quadratic_ridge,relative,0.3504650495910796
msp,20260920,2,0.0,dominance,quadratic_ridge,relative,0.24802821776888012
msp,20260920,2,0.0,valence,quadratic_ridge,hybrid,0.02382576266338917
msp,20260920,2,0.0,arousal,quadratic_ridge,hybrid,0.3538400508102921
msp,20260920,2,0.0,dominance,quadratic_ridge,hybrid,0.25040064289547775
msp,20260920,2,0.25,valence,linear_ridge,absolute,0.0035695789087116167
msp,20260920,2,0.25,arousal,linear_ridge,absolute,0.25702519291093967
msp,20260920,2,0.25,dominance,linear_ridge,absolute,0.18208037448702927
msp,20260920,2,0.25,valence,linear_ridge,relative,0.015178513689797947
msp,20260920,2,0.25,arousal,linear_ridge,relative,0.3255612863453383
msp,20260920,2,0.25,dominance,linear_ridge,relative,0.23308067173701721
msp,20260920,2,0.25,valence,linear_ridge,hybrid,0.01527662334460994
msp,20260920,2,0.25,arousal,linear_ridge,hybrid,0.36722329925443714
msp,20260920,2,0.25,dominance,linear_ridge,hybrid,0.2643979870339079
msp,20260920,2,0.25,valence,quadratic_ridge,absolute,0.007885734826130272
msp,20260920,2,0.25,arousal,quadratic_ridge,absolute,0.26127993239643854
msp,20260920,2,0.25,dominance,quadratic_ridge,absolute,0.18409507230851518
msp,20260920,2,0.25,valence,quadratic_ridge,relative,0.022031154717813316
msp,20260920,2,0.25,arousal,quadratic_ridge,relative,0.32919395352881553
msp,20260920,2,0.25,dominance,quadratic_ridge,relative,0.23484195141915487
msp,20260920,2,0.25,valence,quadratic_ridge,hybrid,0.025104309560967798
msp,20260920,2,0.25,arousal,quadratic_ridge,hybrid,0.3737126652619019
msp,20260920,2,0.25,dominance,quadratic_ridge,hybrid,0.2674727682311784
msp,20260920,2,0.5,valence,linear_ridge,absolute,0.001838223251218542
msp,20260920,2,0.5,arousal,linear_ridge,absolute,0.35703282514445417
msp,20260920,2,0.5,dominance,linear_ridge,absolute,0.2656918471842244
msp,20260920,2,0.5,valence,linear_ridge,relative,0.014859751751716924
msp,20260920,2,0.5,arousal,linear_ridge,relative,0.2857978570150331
msp,20260920,2,0.5,dominance,linear_ridge,relative,0.20837713525435142
msp,20260920,2,0.5,valence,linear_ridge,hybrid,0.015543624232986964
msp,20260920,2,0.5,arousal,linear_ridge,hybrid,0.40850003040746447
msp,20260920,2,0.5,dominance,linear_ridge,hybrid,0.3022443149575184
msp,20260920,2,0.5,valence,quadratic_ridge,absolute,0.00727027532007485
msp,20260920,2,0.5,arousal,quadratic_ridge,absolute,0.36099895387452396
msp,20260920,2,0.5,dominance,quadratic_ridge,absolute,0.26747780380967656
msp,20260920,2,0.5,valence,quadratic_ridge,relative,0.02212140246882139
msp,20260920,2,0.5,arousal,quadratic_ridge,relative,0.28913674665778755
msp,20260920,2,0.5,dominance,quadratic_ridge,relative,0.2105339098641506
msp,20260920,2,0.5,valence,quadratic_ridge,hybrid,0.02716078405377682
msp,20260920,2,0.5,arousal,quadratic_ridge,hybrid,0.4149023783111096
msp,20260920,2,0.5,dominance,quadratic_ridge,hybrid,0.3051186265323165
msp,20260920,2,0.75,valence,linear_ridge,absolute,0.00042485354651616516
msp,20260920,2,0.75,arousal,linear_ridge,absolute,0.4296132050605165
msp,20260920,2,0.75,dominance,linear_ridge,absolute,0.3346874352929415
msp,20260920,2,0.75,valence,linear_ridge,relative,0.01413278766762876
msp,20260920,2,0.75,arousal,linear_ridge,relative,0.23863151170754665
msp,20260920,2,0.75,dominance,linear_ridge,relative,0.17832356716247022
msp,20260920,2,0.75,valence,linear_ridge,hybrid,0.015839865488082375
msp,20260920,2,0.75,arousal,linear_ridge,hybrid,0.4550585163564998
msp,20260920,2,0.75,dominance,linear_ridge,hybrid,0.34805794641761234
msp,20260920,2,0.75,valence,quadratic_ridge,absolute,0.00702088846124659
msp,20260920,2,0.75,arousal,quadratic_ridge,absolute,0.4334230340681763
msp,20260920,2,0.75,dominance,quadratic_ridge,absolute,0.3363814426965408
msp,20260920,2,0.75,valence,quadratic_ridge,relative,0.021585287940359254
msp,20260920,2,0.75,arousal,quadratic_ridge,relative,0.24189205654916535
msp,20260920,2,0.75,dominance,quadratic_ridge,relative,0.18102098147204032
msp,20260920,2,0.75,valence,quadratic_ridge,hybrid,0.02970504361719827
msp,20260920,2,0.75,arousal,quadratic_ridge,hybrid,0.46107487645283135
msp,20260920,2,0.75,dominance,quadratic_ridge,hybrid,0.3505513572088253
msp,20260920,2,1.0,valence,linear_ridge,absolute,-0.0006196263641121808
msp,20260920,2,1.0,arousal,linear_ridge,absolute,0.47639099463299267
msp,20260920,2,1.0,dominance,linear_ridge,absolute,0.3855854607708147
msp,20260920,2,1.0,valence,linear_ridge,relative,0.013137031734809302
msp,20260920,2,1.0,arousal,linear_ridge,relative,0.1934632097503187
msp,20260920,2,1.0,dominance,linear_ridge,relative,0.14830774735015348
msp,20260920,2,1.0,valence,linear_ridge,hybrid,0.016135413224951507
msp,20260920,2,1.0,arousal,linear_ridge,hybrid,0.4963547931276577
msp,20260920,2,1.0,dominance,linear_ridge,hybrid,0.39178403894973685
msp,20260920,2,1.0,valence,quadratic_ridge,absolute,0.00708437029626885
msp,20260920,2,1.0,arousal,quadratic_ridge,absolute,0.48009551370992587
msp,20260920,2,1.0,dominance,quadratic_ridge,absolute,0.38725453632436746
msp,20260920,2,1.0,valence,quadratic_ridge,relative,0.020590491137695843
msp,20260920,2,1.0,arousal,quadratic_ridge,relative,0.19679602268154575
msp,20260920,2,1.0,dominance,quadratic_ridge,relative,0.15158758608797063
msp,20260920,2,1.0,valence,quadratic_ridge,hybrid,0.0324306806274676
msp,20260920,2,1.0,arousal,quadratic_ridge,hybrid,0.5019065590295602
msp,20260920,2,1.0,dominance,quadratic_ridge,hybrid,0.3938789614563195
msp,20260920,3,0.0,valence,linear_ridge,absolute,0.0037529920500179626
msp,20260920,3,0.0,arousal,linear_ridge,absolute,0.1371878821051192
msp,20260920,3,0.0,dominance,linear_ridge,absolute,0.09018675062437022
msp,20260920,3,0.0,valence,linear_ridge,relative,0.009854762599462628
msp,20260920,3,0.0,arousal,linear_ridge,relative,0.3268105973167413
msp,20260920,3,0.0,dominance,linear_ridge,relative,0.229855363901066
msp,20260920,3,0.0,valence,linear_ridge,hybrid,0.009907729690754768
msp,20260920,3,0.0,arousal,linear_ridge,hybrid,0.328186309721439
msp,20260920,3,0.0,dominance,linear_ridge,hybrid,0.23087981352290982
msp,20260920,3,0.0,valence,quadratic_ridge,absolute,0.006843502882870749
msp,20260920,3,0.0,arousal,quadratic_ridge,absolute,0.14360452557529838
msp,20260920,3,0.0,dominance,quadratic_ridge,absolute,0.0929595822879899
msp,20260920,3,0.0,valence,quadratic_ridge,relative,0.012810493681847175
msp,20260920,3,0.0,arousal,quadratic_ridge,relative,0.32933648280738237
msp,20260920,3,0.0,dominance,quadratic_ridge,relative,0.23188250834666077
msp,20260920,3,0.0,valence,quadratic_ridge,hybrid,0.015376199357539835
msp,20260920,3,0.0,arousal,quadratic_ridge,hybrid,0.33356430962032474
msp,20260920,3,0.0,dominance,quadratic_ridge,hybrid,0.2348982022763013
msp,20260920,3,0.25,valence,linear_ridge,absolute,0.002266725316485777
msp,20260920,3,0.25,arousal,linear_ridge,absolute,0.24923937135629012
msp,20260920,3,0.25,dominance,linear_ridge,absolute,0.1735885434771131
msp,20260920,3,0.25,valence,linear_ridge,relative,0.010063948913459212
msp,20260920,3,0.25,arousal,linear_ridge,relative,0.30821866536743936
msp,20260920,3,0.25,dominance,linear_ridge,relative,0.21757224815478746
msp,20260920,3,0.25,valence,linear_ridge,hybrid,0.010334856364127717
msp,20260920,3,0.25,arousal,linear_ridge,hybrid,0.3505725126263888
msp,20260920,3,0.25,dominance,linear_ridge,hybrid,0.24931757682486927
msp,20260920,3,0.25,valence,quadratic_ridge,absolute,0.006292372073158444
msp,20260920,3,0.25,arousal,quadratic_ridge,absolute,0.25491666274085917
msp,20260920,3,0.25,dominance,quadratic_ridge,absolute,0.1756414588576348
msp,20260920,3,0.25,valence,quadratic_ridge,relative,0.013320772197794368
msp,20260920,3,0.25,arousal,quadratic_ridge,relative,0.31046985057380666
msp,20260920,3,0.25,dominance,quadratic_ridge,relative,0.2199707225091235
msp,20260920,3,0.25,valence,quadratic_ridge,hybrid,0.01678198126338272
msp,20260920,3,0.25,arousal,quadratic_ridge,hybrid,0.3562295053850188
msp,20260920,3,0.25,dominance,quadratic_ridge,hybrid,0.2533630017001057
msp,20260920,3,0.5,valence,linear_ridge,absolute,0.0011460574307963424
msp,20260920,3,0.5,arousal,linear_ridge,absolute,0.3497295781666593
msp,20260920,3,0.5,dominance,linear_ridge,absolute,0.2579867508022853
msp,20260920,3,0.5,valence,linear_ridge,relative,0.009963650416333203
msp,20260920,3,0.5,arousal,linear_ridge,relative,0.2713807000708138
msp,20260920,3,0.5,dominance,linear_ridge,relative,0.19489455195046984
msp,20260920,3,0.5,valence,linear_ridge,hybrid,0.011282291265638488
msp,20260920,3,0.5,arousal,linear_ridge,hybrid,0.396361673878493
msp,20260920,3,0.5,dominance,linear_ridge,hybrid,0.29040281597473927
msp,20260920,3,0.5,valence,quadratic_ridge,absolute,0.006285080873146972
msp,20260920,3,0.5,arousal,quadratic_ridge,absolute,0.35450875262704923
msp,20260920,3,0.5,dominance,quadratic_ridge,absolute,0.25929117401708185
msp,20260920,3,0.5,valence,quadratic_ridge,relative,0.013445869456928172
msp,20260920,3,0.5,arousal,quadratic_ridge,relative,0.2735371109750602
msp,20260920,3,0.5,dominance,quadratic_ridge,relative,0.19776459127932025
msp,20260920,3,0.5,valence,quadratic_ridge,hybrid,0.0195752722533605
msp,20260920,3,0.5,arousal,quadratic_ridge,hybrid,0.40179012335246506
msp,20260920,3,0.5,dominance,quadratic_ridge,hybrid,0.2942436817710369
msp,20260920,3,0.75,valence,linear_ridge,absolute,0.00044129624054602655
msp,20260920,3,0.75,arousal,linear_ridge,absolute,0.4235933647351059
msp,20260920,3,0.75,dominance,linear_ridge,absolute,0.3292217619757595
msp,20260920,3,0.75,valence,linear_ridge,relative,0.009602114308654385
msp,20260920,3,0.75,arousal,linear_ridge,relative,0.22723844641237131
msp,20260920,3,0.75,dominance,linear_ridge,relative,0.16722005568894052
msp,20260920,3,0.75,valence,linear_ridge,hybrid,0.01260088838988899
msp,20260920,3,0.75,arousal,linear_ridge,hybrid,0.4471540832409948
msp,20260920,3,0.75,dominance,linear_ridge,hybrid,0.34027064299982174
msp,20260920,3,0.75,valence,quadratic_ridge,absolute,0.00675333136270858
msp,20260920,3,0.75,arousal,quadratic_ridge,absolute,0.42754781017050064
msp,20260920,3,0.75,dominance,quadratic_ridge,absolute,0.3298702487907568
msp,20260920,3,0.75,valence,quadratic_ridge,relative,0.013224863291975548
msp,20260920,3,0.75,arousal,quadratic_ridge,relative,0.2294493299390381
msp,20260920,3,0.75,dominance,quadratic_ridge,relative,0.17058810548537398
msp,20260920,3,0.75,valence,quadratic_ridge,hybrid,0.023329247919837072
msp,20260920,3,0.75,arousal,quadratic_ridge,hybrid,0.4520816089575827
msp,20260920,3,0.75,dominance,quadratic_ridge,hybrid,0.3437671208064518
msp,20260920,3,1.0,valence,linear_ridge,absolute,0.00012739246699617983
msp,20260920,3,1.0,arousal,linear_ridge,absolute,0.47191662972192955
msp,20260920,3,1.0,dominance,linear_ridge,absolute,0.3829948653772395
msp,20260920,3,1.0,valence,linear_ridge,relative,0.009057183633279548
msp,20260920,3,1.0,arousal,linear_ridge,relative,0.18473906286595818
msp,20260920,3,1.0,dominance,linear_ridge,relative,0.13945437355459092
msp,20260920,3,1.0,valence,linear_ridge,hybrid,0.014113500135393304
msp,20260920,3,1.0,arousal,linear_ridge,hybrid,0.49163862914296785
msp,20260920,3,1.0,dominance,linear_ridge,hybrid,0.388068960002732
msp,20260920,3,1.0,valence,quadratic_ridge,absolute,0.007567770295191925
msp,20260920,3,1.0,arousal,quadratic_ridge,absolute,0.4752073183951142
msp,20260920,3,1.0,dominance,quadratic_ridge,absolute,0.38312583288316954
msp,20260920,3,1.0,valence,quadratic_ridge,relative,0.012741008789329848
msp,20260920,3,1.0,arousal,quadratic_ridge,relative,0.18709438894652458
msp,20260920,3,1.0,dominance,quadratic_ridge,relative,0.14328376725412445
msp,20260920,3,1.0,valence,quadratic_ridge,hybrid,0.02755349486335237
msp,20260920,3,1.0,arousal,quadratic_ridge,hybrid,0.4960335250534501
msp,20260920,3,1.0,dominance,quadratic_ridge,hybrid,0.3911928062502284
msp,20260920,4,0.0,valence,linear_ridge,absolute,0.004949570419098342
msp,20260920,4,0.0,arousal,linear_ridge,absolute,0.1277610233819492
msp,20260920,4,0.0,dominance,linear_ridge,absolute,0.0839833606676877
msp,20260920,4,0.0,valence,linear_ridge,relative,0.012430673315472231
msp,20260920,4,0.0,arousal,linear_ridge,relative,0.312146975396515
msp,20260920,4,0.0,dominance,linear_ridge,relative,0.21775250774196056
msp,20260920,4,0.0,valence,linear_ridge,hybrid,0.012489971827310162
msp,20260920,4,0.0,arousal,linear_ridge,hybrid,0.3134946685492889
msp,20260920,4,0.0,dominance,linear_ridge,hybrid,0.2187062833762696
msp,20260920,4,0.0,valence,quadratic_ridge,absolute,0.0067505775713078775
msp,20260920,4,0.0,arousal,quadratic_ridge,absolute,0.1362774555583993
msp,20260920,4,0.0,dominance,quadratic_ridge,absolute,0.08826310778707681
msp,20260920,4,0.0,valence,quadratic_ridge,relative,0.015758526532209015
msp,20260920,4,0.0,arousal,quadratic_ridge,relative,0.3155783776175541
msp,20260920,4,0.0,dominance,quadratic_ridge,relative,0.2192749520462132
msp,20260920,4,0.0,valence,quadratic_ridge,hybrid,0.018094477675236646
msp,20260920,4,0.0,arousal,quadratic_ridge,hybrid,0.3206264578093795
msp,20260920,4,0.0,dominance,quadratic_ridge,hybrid,0.22299468830104638
msp,20260920,4,0.25,valence,linear_ridge,absolute,0.002539998020452595
msp,20260920,4,0.25,arousal,linear_ridge,absolute,0.22773601629276552
msp,20260920,4,0.25,dominance,linear_ridge,absolute,0.15761280273204578
msp,20260920,4,0.25,valence,linear_ridge,relative,0.012745229633771935
msp,20260920,4,0.25,arousal,linear_ridge,relative,0.2940859696044891
msp,20260920,4,0.25,dominance,linear_ridge,relative,0.20585400021410136
msp,20260920,4,0.25,valence,linear_ridge,hybrid,0.013121433985764965
msp,20260920,4,0.25,arousal,linear_ridge,hybrid,0.33216241419752424
msp,20260920,4,0.25,dominance,linear_ridge,hybrid,0.23383428437859197
msp,20260920,4,0.25,valence,quadratic_ridge,absolute,0.004846812072264734
msp,20260920,4,0.25,arousal,quadratic_ridge,absolute,0.23676359258550297
msp,20260920,4,0.25,dominance,quadratic_ridge,absolute,0.1626188426763856
msp,20260920,4,0.25,valence,quadratic_ridge,relative,0.01657935756091774
msp,20260920,4,0.25,arousal,quadratic_ridge,relative,0.29649076080269743
msp,20260920,4,0.25,dominance,quadratic_ridge,relative,0.20747850971625115
msp,20260920,4,0.25,valence,quadratic_ridge,hybrid,0.01947742834081257
msp,20260920,4,0.25,arousal,quadratic_ridge,hybrid,0.33905400289119236
msp,20260920,4,0.25,dominance,quadratic_ridge,hybrid,0.23838416676683477
msp,20260920,4,0.5,valence,linear_ridge,absolute,0.0007727151000776896
msp,20260920,4,0.5,arousal,linear_ridge,absolute,0.3173539399787216
msp,20260920,4,0.5,dominance,linear_ridge,absolute,0.23187490405999545
msp,20260920,4,0.5,valence,linear_ridge,relative,0.012589153139919826
msp,20260920,4,0.5,arousal,linear_ridge,relative,0.2585785765272698
msp,20260920,4,0.5,dominance,linear_ridge,relative,0.1840369626373831
msp,20260920,4,0.5,valence,linear_ridge,hybrid,0.014561569743195791
msp,20260920,4,0.5,arousal,linear_ridge,hybrid,0.37137462570500435
msp,20260920,4,0.5,dominance,linear_ridge,hybrid,0.26856824967223925
msp,20260920,4,0.5,valence,quadratic_ridge,absolute,0.0037847976685082183
msp,20260920,4,0.5,arousal,quadratic_ridge,absolute,0.32593194631098865
msp,20260920,4,0.5,dominance,quadratic_ridge,absolute,0.2371385913640763
msp,20260920,4,0.5,valence,quadratic_ridge,relative,0.016817031029104132
msp,20260920,4,0.5,arousal,quadratic_ridge,relative,0.26016807946064513
msp,20260920,4,0.5,dominance,quadratic_ridge,relative,0.18603735112342557
msp,20260920,4,0.5,valence,quadratic_ridge,hybrid,0.02226088810858096
msp,20260920,4,0.5,arousal,quadratic_ridge,hybrid,0.37752895049541063
msp,20260920,4,0.5,dominance,quadratic_ridge,hybrid,0.2737720897252214
msp,20260920,4,0.75,valence,linear_ridge,absolute,-0.0002705001236535006
msp,20260920,4,0.75,arousal,linear_ridge,absolute,0.38306391091322356
msp,20260920,4,0.75,dominance,linear_ridge,absolute,0.29445695515991255
msp,20260920,4,0.75,valence,linear_ridge,relative,0.012048260366979258
msp,20260920,4,0.75,arousal,linear_ridge,relative,0.2161942351754424
msp,20260920,4,0.75,dominance,linear_ridge,relative,0.157550499338637
msp,20260920,4,0.75,valence,linear_ridge,hybrid,0.01654428817382967
msp,20260920,4,0.75,arousal,linear_ridge,hybrid,0.4159702444289473
msp,20260920,4,0.75,dominance,linear_ridge,hybrid,0.3115827018756883
msp,20260920,4,0.75,valence,quadratic_ridge,absolute,0.003545511412201547
msp,20260920,4,0.75,arousal,quadratic_ridge,absolute,0.39081811779524206
msp,20260920,4,0.75,dominance,quadratic_ridge,absolute,0.2996507892728919
msp,20260920,4,0.75,valence,quadratic_ridge,relative,0.016535220713048426
msp,20260920,4,0.75,arousal,quadratic_ridge,relative,0.21726740464824673
msp,20260920,4,0.75,dominance,quadratic_ridge,relative,0.16009352772332197
msp,20260920,4,0.75,valence,quadratic_ridge,hybrid,0.025949967660810556
msp,20260920,4,0.75,arousal,quadratic_ridge,hybrid,0.42122571612950666
msp,20260920,4,0.75,dominance,quadratic_ridge,hybrid,0.31754960932585097
msp,20260920,4,1.0,valence,linear_ridge,absolute,-0.0006571358762125449
msp,20260920,4,1.0,arousal,linear_ridge,absolute,0.42565263096984834
msp,20260920,4,1.0,dominance,linear_ridge,absolute,0.34151268827844544
msp,20260920,4,1.0,valence,linear_ridge,relative,0.011256280259068501
msp,20260920,4,1.0,arousal,linear_ridge,relative,0.17551690758247387
msp,20260920,4,1.0,dominance,linear_ridge,relative,0.13108981065422912
msp,20260920,4,1.0,valence,linear_ridge,hybrid,0.01876992209649565
msp,20260920,4,1.0,arousal,linear_ridge,hybrid,0.4559339395792776
msp,20260920,4,1.0,dominance,linear_ridge,hybrid,0.3535807305391066
msp,20260920,4,1.0,valence,quadratic_ridge,absolute,0.003966569397265383
msp,20260920,4,1.0,arousal,quadratic_ridge,absolute,0.4325598956917353
msp,20260920,4,1.0,dominance,quadratic_ridge,absolute,0.3464747006681017
msp,20260920,4,1.0,valence,quadratic_ridge,relative,0.015874535333789495
msp,20260920,4,1.0,arousal,quadratic_ridge,relative,0.17636189949283976
msp,20260920,4,1.0,dominance,quadratic_ridge,relative,0.13422974352742054
msp,20260920,4,1.0,valence,quadratic_ridge,hybrid,0.030005839602353895
msp,20260920,4,1.0,arousal,quadratic_ridge,hybrid,0.46035656696697974
msp,20260920,4,1.0,dominance,quadratic_ridge,hybrid,0.3602227159310883
msp,20260921,0,0.0,valence,linear_ridge,absolute,0.005207293166925454
msp,20260921,0,0.0,arousal,linear_ridge,absolute,0.13976170531008528
msp,20260921,0,0.0,dominance,linear_ridge,absolute,0.09265215398206304
msp,20260921,0,0.0,valence,linear_ridge,relative,0.013293349666005032
msp,20260921,0,0.0,arousal,linear_ridge,relative,0.3376475325617221
msp,20260921,0,0.0,dominance,linear_ridge,relative,0.23554959149967877
msp,20260921,0,0.0,valence,linear_ridge,hybrid,0.01335808708939308
msp,20260921,0,0.0,arousal,linear_ridge,hybrid,0.3390989083932724
msp,20260921,0,0.0,dominance,linear_ridge,hybrid,0.2365810482488261
msp,20260921,0,0.0,valence,quadratic_ridge,absolute,0.008721485330956522
msp,20260921,0,0.0,arousal,quadratic_ridge,absolute,0.14876518864745064
msp,20260921,0,0.0,dominance,quadratic_ridge,absolute,0.0972805307523036
msp,20260921,0,0.0,valence,quadratic_ridge,relative,0.01857274531953644
msp,20260921,0,0.0,arousal,quadratic_ridge,relative,0.34132242654800826
msp,20260921,0,0.0,dominance,quadratic_ridge,relative,0.23740577411229358
msp,20260921,0,0.0,valence,quadratic_ridge,hybrid,0.02114795585989264
msp,20260921,0,0.0,arousal,quadratic_ridge,hybrid,0.3466549487108499
msp,20260921,0,0.0,dominance,quadratic_ridge,hybrid,0.24101280357097446
msp,20260921,0,0.25,valence,linear_ridge,absolute,0.0033301475241304295
msp,20260921,0,0.25,arousal,linear_ridge,absolute,0.2474556393128381
msp,20260921,0,0.25,dominance,linear_ridge,absolute,0.17084662664434608
msp,20260921,0,0.25,valence,linear_ridge,relative,0.013492592956703211
msp,20260921,0,0.25,arousal,linear_ridge,relative,0.3184132105620622
msp,20260921,0,0.25,dominance,linear_ridge,relative,0.22314750660542385
msp,20260921,0,0.25,valence,linear_ridge,hybrid,0.013795072464637102
msp,20260921,0,0.25,arousal,linear_ridge,hybrid,0.35920458948801787
msp,20260921,0,0.25,dominance,linear_ridge,hybrid,0.2524845955646021
msp,20260921,0,0.25,valence,quadratic_ridge,absolute,0.007033247708356412
msp,20260921,0,0.25,arousal,quadratic_ridge,absolute,0.25670544370084036
msp,20260921,0,0.25,dominance,quadratic_ridge,absolute,0.17578232853185533
msp,20260921,0,0.25,valence,quadratic_ridge,relative,0.019116270181416286
msp,20260921,0,0.25,arousal,quadratic_ridge,relative,0.3216531364291038
msp,20260921,0,0.25,dominance,quadratic_ridge,relative,0.22525117640245015
msp,20260921,0,0.25,valence,quadratic_ridge,hybrid,0.021898945265791597
msp,20260921,0,0.25,arousal,quadratic_ridge,hybrid,0.36786262569031614
msp,20260921,0,0.25,dominance,quadratic_ridge,hybrid,0.25756929746191054
msp,20260921,0,0.5,valence,linear_ridge,absolute,0.0017657853415361923
msp,20260921,0,0.5,arousal,linear_ridge,absolute,0.34354526587704026
msp,20260921,0,0.5,dominance,linear_ridge,absolute,0.24934804291616008
msp,20260921,0,0.5,valence,linear_ridge,relative,0.013231069309331994
msp,20260921,0,0.5,arousal,linear_ridge,relative,0.2807775384845956
msp,20260921,0,0.5,dominance,linear_ridge,relative,0.20066543079101457
msp,20260921,0,0.5,valence,linear_ridge,hybrid,0.014713742342620057
msp,20260921,0,0.5,arousal,linear_ridge,hybrid,0.4015579191416036
msp,20260921,0,0.5,dominance,linear_ridge,hybrid,0.28930750176681763
msp,20260921,0,0.5,valence,quadratic_ridge,absolute,0.005467944331608041
msp,20260921,0,0.5,arousal,quadratic_ridge,absolute,0.3525254747698642
msp,20260921,0,0.5,dominance,quadratic_ridge,absolute,0.25445182298687663
msp,20260921,0,0.5,valence,quadratic_ridge,relative,0.018990075493751247
msp,20260921,0,0.5,arousal,quadratic_ridge,relative,0.2836726894591031
msp,20260921,0,0.5,dominance,quadratic_ridge,relative,0.20312715289768699
msp,20260921,0,0.5,valence,quadratic_ridge,hybrid,0.02284860332364038
msp,20260921,0,0.5,arousal,quadratic_ridge,hybrid,0.4110808486461645
msp,20260921,0,0.5,dominance,quadratic_ridge,hybrid,0.2953799170085699
msp,20260921,0,0.75,valence,linear_ridge,absolute,0.0006186957901172012
msp,20260921,0,0.75,arousal,linear_ridge,absolute,0.413943219347777
msp,20260921,0,0.75,dominance,linear_ridge,absolute,0.3156808561599565
msp,20260921,0,0.75,valence,linear_ridge,relative,0.01259814686053847
msp,20260921,0,0.75,arousal,linear_ridge,relative,0.23564100534114407
msp,20260921,0,0.75,dominance,linear_ridge,relative,0.17313976111346835
msp,20260921,0,0.75,valence,linear_ridge,hybrid,0.01595822222846952
msp,20260921,0,0.75,arousal,linear_ridge,hybrid,0.4494748534728587
msp,20260921,0,0.75,dominance,linear_ridge,hybrid,0.3350376820650553
msp,20260921,0,0.75,valence,quadratic_ridge,absolute,0.004157310700512268
msp,20260921,0,0.75,arousal,quadratic_ridge,absolute,0.4224931014899459
msp,20260921,0,0.75,dominance,quadratic_ridge,absolute,0.3208290738922579
msp,20260921,0,0.75,valence,quadratic_ridge,relative,0.018300537687004362
msp,20260921,0,0.75,arousal,quadratic_ridge,relative,0.23832380833066222
msp,20260921,0,0.75,dominance,quadratic_ridge,relative,0.17601157754835953
msp,20260921,0,0.75,valence,quadratic_ridge,hybrid,0.023875871790824992
msp,20260921,0,0.75,arousal,quadratic_ridge,hybrid,0.45944032982366156
msp,20260921,0,0.75,dominance,quadratic_ridge,hybrid,0.342060035700239
msp,20260921,0,1.0,valence,linear_ridge,absolute,-0.00010123714839122317
msp,20260921,0,1.0,arousal,linear_ridge,absolute,0.45969243630093143
msp,20260921,0,1.0,dominance,linear_ridge,absolute,0.36590756817709347
msp,20260921,0,1.0,valence,linear_ridge,relative,0.011725620361600353
msp,20260921,0,1.0,arousal,linear_ridge,relative,0.19203157282821748
msp,20260921,0,1.0,dominance,linear_ridge,relative,0.14528271262182477
msp,20260921,0,1.0,valence,linear_ridge,hybrid,0.017352845390503534
msp,20260921,0,1.0,arousal,linear_ridge,hybrid,0.49218475841899006
msp,20260921,0,1.0,dominance,linear_ridge,hybrid,0.37978101391210645
msp,20260921,0,1.0,valence,quadratic_ridge,absolute,0.0031596202669183443
msp,20260921,0,1.0,arousal,quadratic_ridge,absolute,0.4678352844080121
msp,20260921,0,1.0,dominance,quadratic_ridge,absolute,0.37103244978402705
msp,20260921,0,1.0,valence,quadratic_ridge,relative,0.017224848921198268
msp,20260921,0,1.0,arousal,quadratic_ridge,relative,0.1946320466927441
msp,20260921,0,1.0,dominance,quadratic_ridge,relative,0.14856061417844574
msp,20260921,0,1.0,valence,quadratic_ridge,hybrid,0.024874918565432162
msp,20260921,0,1.0,arousal,quadratic_ridge,hybrid,0.5022597874782311
msp,20260921,0,1.0,dominance,quadratic_ridge,hybrid,0.3875207481589502
msp,20260921,1,0.0,valence,linear_ridge,absolute,0.005289120404418387
msp,20260921,1,0.0,arousal,linear_ridge,absolute,0.12379862045906478
msp,20260921,1,0.0,dominance,linear_ridge,absolute,0.08071250554474366
msp,20260921,1,0.0,valence,linear_ridge,relative,0.01339803180183377
msp,20260921,1,0.0,arousal,linear_ridge,relative,0.30312738697490227
msp,20260921,1,0.0,dominance,linear_ridge,relative,0.21072478175850282
msp,20260921,1,0.0,valence,linear_ridge,hybrid,0.01346250520256673
msp,20260921,1,0.0,arousal,linear_ridge,hybrid,0.30443236891324726
msp,20260921,1,0.0,dominance,linear_ridge,hybrid,0.21164692826545997
msp,20260921,1,0.0,valence,quadratic_ridge,absolute,0.008271305009200975
msp,20260921,1,0.0,arousal,quadratic_ridge,absolute,0.13117499146842213
msp,20260921,1,0.0,dominance,quadratic_ridge,absolute,0.08388118024759011
msp,20260921,1,0.0,valence,quadratic_ridge,relative,0.01763315472162859
msp,20260921,1,0.0,arousal,quadratic_ridge,relative,0.3060649789968667
msp,20260921,1,0.0,dominance,quadratic_ridge,relative,0.21217357581649426
msp,20260921,1,0.0,valence,quadratic_ridge,hybrid,0.020781145712644923
msp,20260921,1,0.0,arousal,quadratic_ridge,hybrid,0.3093315714828422
msp,20260921,1,0.0,dominance,quadratic_ridge,hybrid,0.214672347599473
msp,20260921,1,0.25,valence,linear_ridge,absolute,0.00288836238286719
msp,20260921,1,0.25,arousal,linear_ridge,absolute,0.21567188027105624
msp,20260921,1,0.25,dominance,linear_ridge,absolute,0.148657132740364
msp,20260921,1,0.25,valence,linear_ridge,relative,0.013862870172267675
msp,20260921,1,0.25,arousal,linear_ridge,relative,0.28824385796260255
msp,20260921,1,0.25,dominance,linear_ridge,relative,0.20116872938252955
msp,20260921,1,0.25,valence,linear_ridge,hybrid,0.014054544877108017
msp,20260921,1,0.25,arousal,linear_ridge,hybrid,0.3200388787439748
msp,20260921,1,0.25,dominance,linear_ridge,hybrid,0.22544496607006168
msp,20260921,1,0.25,valence,quadratic_ridge,absolute,0.006874316120545699
msp,20260921,1,0.25,arousal,quadratic_ridge,absolute,0.22292608773086048
msp,20260921,1,0.25,dominance,quadratic_ridge,absolute,0.1523185413572513
msp,20260921,1,0.25,valence,quadratic_ridge,relative,0.01853452282207947
msp,20260921,1,0.25,arousal,quadratic_ridge,relative,0.291098872416893
msp,20260921,1,0.25,dominance,quadratic_ridge,relative,0.20324119885723713
msp,20260921,1,0.25,valence,quadratic_ridge,hybrid,0.022377244169674078
msp,20260921,1,0.25,arousal,quadratic_ridge,hybrid,0.32575451353335155
msp,20260921,1,0.25,dominance,quadratic_ridge,hybrid,0.22937110150922163
msp,20260921,1,0.5,valence,linear_ridge,absolute,0.0010373951268428268
msp,20260921,1,0.5,arousal,linear_ridge,absolute,0.3005516571701754
msp,20260921,1,0.5,dominance,linear_ridge,absolute,0.21845233909243938
msp,20260921,1,0.5,valence,linear_ridge,relative,0.013853456353004393
msp,20260921,1,0.5,arousal,linear_ridge,relative,0.2590917936444984
msp,20260921,1,0.5,dominance,linear_ridge,relative,0.18311650397144816
msp,20260921,1,0.5,valence,linear_ridge,hybrid,0.015090836978934749
msp,20260921,1,0.5,arousal,linear_ridge,hybrid,0.352923929542342
msp,20260921,1,0.5,dominance,linear_ridge,hybrid,0.25611767476758474
msp,20260921,1,0.5,valence,quadratic_ridge,absolute,0.00627589564327177
msp,20260921,1,0.5,arousal,quadratic_ridge,absolute,0.3072405535917201
msp,20260921,1,0.5,dominance,quadratic_ridge,absolute,0.22242608330952374
msp,20260921,1,0.5,valence,quadratic_ridge,relative,0.018837534148835152
msp,20260921,1,0.5,arousal,quadratic_ridge,relative,0.26205794286079953
msp,20260921,1,0.5,dominance,quadratic_ridge,relative,0.18598627991003672
msp,20260921,1,0.5,valence,quadratic_ridge,hybrid,0.025273780468769984
msp,20260921,1,0.5,arousal,quadratic_ridge,hybrid,0.3590935747439232
msp,20260921,1,0.5,dominance,quadratic_ridge,hybrid,0.2612050842900326
msp,20260921,1,0.75,valence,linear_ridge,absolute,-0.00016738048355820914
msp,20260921,1,0.75,arousal,linear_ridge,absolute,0.3662673242755542
msp,20260921,1,0.75,dominance,linear_ridge,absolute,0.2792308447169171
msp,20260921,1,0.75,valence,linear_ridge,relative,0.013436167335692233
msp,20260921,1,0.75,arousal,linear_ridge,relative,0.22290771723137084
msp,20260921,1,0.75,dominance,linear_ridge,relative,0.16037526747765254
msp,20260921,1,0.75,valence,linear_ridge,hybrid,0.016412950155435525
msp,20260921,1,0.75,arousal,linear_ridge,hybrid,0.3916718466864998
msp,20260921,1,0.75,dominance,linear_ridge,hybrid,0.29460484780335366
msp,20260921,1,0.75,valence,quadratic_ridge,absolute,0.006421788469085582
msp,20260921,1,0.75,arousal,quadratic_ridge,absolute,0.372282279429392
msp,20260921,1,0.75,dominance,quadratic_ridge,absolute,0.2833645990201594
msp,20260921,1,0.75,valence,quadratic_ridge,relative,0.01859717827223309
msp,20260921,1,0.75,arousal,quadratic_ridge,relative,0.22612686258370038
msp,20260921,1,0.75,dominance,quadratic_ridge,relative,0.16409357198347757
msp,20260921,1,0.75,valence,quadratic_ridge,hybrid,0.029016678554402413
msp,20260921,1,0.75,arousal,quadratic_ridge,hybrid,0.3978992409519008
msp,20260921,1,0.75,dominance,quadratic_ridge,hybrid,0.3008141985194576
msp,20260921,1,1.0,valence,linear_ridge,absolute,-0.0007590594461178032
msp,20260921,1,1.0,arousal,linear_ridge,absolute,0.4118279484603335
msp,20260921,1,1.0,dominance,linear_ridge,absolute,0.3267945756927288
msp,20260921,1,1.0,valence,linear_ridge,relative,0.012730283573356507
msp,20260921,1,1.0,arousal,linear_ridge,relative,0.18633671700159116
msp,20260921,1,1.0,dominance,linear_ridge,relative,0.1367014457176899
msp,20260921,1,1.0,valence,linear_ridge,hybrid,0.01784996331425858
msp,20260921,1,1.0,arousal,linear_ridge,hybrid,0.4278256880448245
msp,20260921,1,1.0,dominance,linear_ridge,hybrid,0.33302422209611776
msp,20260921,1,1.0,valence,quadratic_ridge,absolute,0.007144931432192321
msp,20260921,1,1.0,arousal,quadratic_ridge,absolute,0.4172508616928156
msp,20260921,1,1.0,dominance,quadratic_ridge,absolute,0.33099348399036416
msp,20260921,1,1.0,valence,quadratic_ridge,relative,0.017946212414414246
msp,20260921,1,1.0,arousal,quadratic_ridge,relative,0.18988240767028675
msp,20260921,1,1.0,dominance,quadratic_ridge,relative,0.1412188070810953
msp,20260921,1,1.0,valence,quadratic_ridge,hybrid,0.03311148894207279
msp,20260921,1,1.0,arousal,quadratic_ridge,hybrid,0.43384130873849136
msp,20260921,1,1.0,dominance,quadratic_ridge,hybrid,0.3401508511975529
msp,20260921,2,0.0,valence,linear_ridge,absolute,0.0036562121864382323
msp,20260921,2,0.0,arousal,linear_ridge,absolute,0.14681326872692743
msp,20260921,2,0.0,dominance,linear_ridge,absolute,0.09962002086328893
msp,20260921,2,0.0,valence,linear_ridge,relative,0.01086040822215414
msp,20260921,2,0.0,arousal,linear_ridge,relative,0.3500338998303513
msp,20260921,2,0.0,dominance,linear_ridge,relative,0.2488385644023038
msp,20260921,2,0.0,valence,linear_ridge,hybrid,0.010914195473616911
msp,20260921,2,0.0,arousal,linear_ridge,hybrid,0.35150481687810725
msp,20260921,2,0.0,dominance,linear_ridge,hybrid,0.24987420163700985
msp,20260921,2,0.0,valence,quadratic_ridge,absolute,0.00509712242705232
msp,20260921,2,0.0,arousal,quadratic_ridge,absolute,0.14859728650985157
msp,20260921,2,0.0,dominance,quadratic_ridge,absolute,0.10026084325715183
msp,20260921,2,0.0,valence,quadratic_ridge,relative,0.014658407914636884
msp,20260921,2,0.0,arousal,quadratic_ridge,relative,0.35207279769653965
msp,20260921,2,0.0,dominance,quadratic_ridge,relative,0.2516478523597779
msp,20260921,2,0.0,valence,quadratic_ridge,hybrid,0.01707356209180191
msp,20260921,2,0.0,arousal,quadratic_ridge,hybrid,0.35442256989995147
msp,20260921,2,0.0,dominance,quadratic_ridge,hybrid,0.2535618320387305
msp,20260921,2,0.25,valence,linear_ridge,absolute,0.0013819185130862018
msp,20260921,2,0.25,arousal,linear_ridge,absolute,0.2646636953143212
msp,20260921,2,0.25,dominance,linear_ridge,absolute,0.18946538052266582
msp,20260921,2,0.25,valence,linear_ridge,relative,0.011062366949188619
msp,20260921,2,0.25,arousal,linear_ridge,relative,0.32740316336545305
msp,20260921,2,0.25,dominance,linear_ridge,relative,0.2336553167872386
msp,20260921,2,0.25,valence,linear_ridge,hybrid,0.0114396553520869
msp,20260921,2,0.25,arousal,linear_ridge,hybrid,0.3734053686603903
msp,20260921,2,0.25,dominance,linear_ridge,hybrid,0.2685681071785872
msp,20260921,2,0.25,valence,quadratic_ridge,absolute,0.0035272378071041933
msp,20260921,2,0.25,arousal,quadratic_ridge,absolute,0.26586234211274806
msp,20260921,2,0.25,dominance,quadratic_ridge,absolute,0.18935465172429564
msp,20260921,2,0.25,valence,quadratic_ridge,relative,0.015286394938931249
msp,20260921,2,0.25,arousal,quadratic_ridge,relative,0.32881178691905644
msp,20260921,2,0.25,dominance,quadratic_ridge,relative,0.23699289564160192
msp,20260921,2,0.25,valence,quadratic_ridge,hybrid,0.018326720359082553
msp,20260921,2,0.25,arousal,quadratic_ridge,hybrid,0.37626537353180733
msp,20260921,2,0.25,dominance,quadratic_ridge,hybrid,0.27240528134808734
msp,20260921,2,0.5,valence,linear_ridge,absolute,-0.0002154111708241938
msp,20260921,2,0.5,arousal,linear_ridge,absolute,0.36685388555923076
msp,20260921,2,0.5,dominance,linear_ridge,absolute,0.2772188241381697
msp,20260921,2,0.5,valence,linear_ridge,relative,0.010932605867110118
msp,20260921,2,0.5,arousal,linear_ridge,relative,0.2838728442048171
msp,20260921,2,0.5,dominance,linear_ridge,relative,0.20613996118168715
msp,20260921,2,0.5,valence,linear_ridge,hybrid,0.01292225526941297
msp,20260921,2,0.5,arousal,linear_ridge,hybrid,0.41935078635719036
msp,20260921,2,0.5,dominance,linear_ridge,hybrid,0.311403423081344
msp,20260921,2,0.5,valence,quadratic_ridge,absolute,0.002803569865311204
msp,20260921,2,0.5,arousal,quadratic_ridge,absolute,0.36808542541395667
msp,20260921,2,0.5,dominance,quadratic_ridge,absolute,0.27683183651293514
msp,20260921,2,0.5,valence,quadratic_ridge,relative,0.015499037168288517
msp,20260921,2,0.5,arousal,quadratic_ridge,relative,0.2850351002741636
msp,20260921,2,0.5,dominance,quadratic_ridge,relative,0.21011230046293788
msp,20260921,2,0.5,valence,quadratic_ridge,hybrid,0.02113781495571361
msp,20260921,2,0.5,arousal,quadratic_ridge,hybrid,0.42187700970079534
msp,20260921,2,0.5,dominance,quadratic_ridge,hybrid,0.3149126265921581
msp,20260921,2,0.75,valence,linear_ridge,absolute,-0.0010850594929698958
msp,20260921,2,0.75,arousal,linear_ridge,absolute,0.43855868132924647
msp,20260921,2,0.75,dominance,linear_ridge,absolute,0.3479258544306357
msp,20260921,2,0.75,valence,linear_ridge,relative,0.01052355097398924
msp,20260921,2,0.75,arousal,linear_ridge,relative,0.23334094873674455
msp,20260921,2,0.75,dominance,linear_ridge,relative,0.17352136838207785
msp,20260921,2,0.75,valence,linear_ridge,hybrid,0.015116730561716349
msp,20260921,2,0.75,arousal,linear_ridge,hybrid,0.46980646166654116
msp,20260921,2,0.75,dominance,linear_ridge,hybrid,0.3625883412813424
msp,20260921,2,0.75,valence,quadratic_ridge,absolute,0.0028814055068089425
msp,20260921,2,0.75,arousal,quadratic_ridge,absolute,0.4400826514593732
msp,20260921,2,0.75,dominance,quadratic_ridge,absolute,0.34759319095712904
msp,20260921,2,0.75,valence,quadratic_ridge,relative,0.015331093478700474
msp,20260921,2,0.75,arousal,quadratic_ridge,relative,0.23459653053612525
msp,20260921,2,0.75,dominance,quadratic_ridge,relative,0.17812938426755787
msp,20260921,2,0.75,valence,quadratic_ridge,hybrid,0.025068120533701808
msp,20260921,2,0.75,arousal,quadratic_ridge,hybrid,0.47195323358195773
msp,20260921,2,0.75,dominance,quadratic_ridge,hybrid,0.3655425339702193
msp,20260921,2,1.0,valence,linear_ridge,absolute,-0.001297775418062568
msp,20260921,2,1.0,arousal,linear_ridge,absolute,0.48297942674681377
msp,20260921,2,1.0,dominance,linear_ridge,absolute,0.3986407663633764
msp,20260921,2,1.0,valence,linear_ridge,relative,0.009919284587555248
msp,20260921,2,1.0,arousal,linear_ridge,relative,0.1862607444659223
msp,20260921,2,1.0,dominance,linear_ridge,relative,0.14186796995968773
msp,20260921,2,1.0,valence,linear_ridge,hybrid,0.017719492327618602
msp,20260921,2,1.0,arousal,linear_ridge,hybrid,0.5132875627159705
msp,20260921,2,1.0,dominance,linear_ridge,hybrid,0.41046810765966835
msp,20260921,2,1.0,valence,quadratic_ridge,absolute,0.0036025848532664304
msp,20260921,2,1.0,arousal,quadratic_ridge,absolute,0.4848370013359725
msp,20260921,2,1.0,dominance,quadratic_ridge,absolute,0.3985174413133712
msp,20260921,2,1.0,valence,quadratic_ridge,relative,0.014867825362848011
msp,20260921,2,1.0,arousal,quadratic_ridge,relative,0.18780987092964663
msp,20260921,2,1.0,dominance,quadratic_ridge,relative,0.14703053245457007
msp,20260921,2,1.0,valence,quadratic_ridge,hybrid,0.029597628826670164
msp,20260921,2,1.0,arousal,quadratic_ridge,hybrid,0.5151302650599247
msp,20260921,2,1.0,dominance,quadratic_ridge,hybrid,0.41285352012768933
msp,20260921,3,0.0,valence,linear_ridge,absolute,0.005118202709690301
msp,20260921,3,0.0,arousal,linear_ridge,absolute,0.14263716113963307
msp,20260921,3,0.0,dominance,linear_ridge,absolute,0.09715544876484088
msp,20260921,3,0.0,valence,linear_ridge,relative,0.013339925944423568
msp,20260921,3,0.0,arousal,linear_ridge,relative,0.34127518724614575
msp,20260921,3,0.0,dominance,linear_ridge,relative,0.2448183589638923
msp,20260921,3,0.0,valence,linear_ridge,hybrid,0.013414154803890748
msp,20260921,3,0.0,arousal,linear_ridge,hybrid,0.34270663352056624
msp,20260921,3,0.0,dominance,linear_ridge,hybrid,0.2458987151016814
msp,20260921,3,0.0,valence,quadratic_ridge,absolute,0.008407336583005876
msp,20260921,3,0.0,arousal,quadratic_ridge,absolute,0.14918782478510104
msp,20260921,3,0.0,dominance,quadratic_ridge,absolute,0.10110048967681984
msp,20260921,3,0.0,valence,quadratic_ridge,relative,0.01804741735992431
msp,20260921,3,0.0,arousal,quadratic_ridge,relative,0.34406136808307325
msp,20260921,3,0.0,dominance,quadratic_ridge,relative,0.24547688110107133
msp,20260921,3,0.0,valence,quadratic_ridge,hybrid,0.02157670949358015
msp,20260921,3,0.0,arousal,quadratic_ridge,hybrid,0.346891546898316
msp,20260921,3,0.0,dominance,quadratic_ridge,hybrid,0.2473793211513495
msp,20260921,3,0.25,valence,linear_ridge,absolute,0.0034142536944719746
msp,20260921,3,0.25,arousal,linear_ridge,absolute,0.25416062717219334
msp,20260921,3,0.25,dominance,linear_ridge,absolute,0.18114411516032844
msp,20260921,3,0.25,valence,linear_ridge,relative,0.013871134726519895
msp,20260921,3,0.25,arousal,linear_ridge,relative,0.32253004578849853
msp,20260921,3,0.25,dominance,linear_ridge,relative,0.23285347083655916
msp,20260921,3,0.25,valence,linear_ridge,hybrid,0.0138979657991497
msp,20260921,3,0.25,arousal,linear_ridge,hybrid,0.36352114120415835
msp,20260921,3,0.25,dominance,linear_ridge,hybrid,0.2635152825382482
msp,20260921,3,0.25,valence,quadratic_ridge,absolute,0.007449867910581596
msp,20260921,3,0.25,arousal,quadratic_ridge,absolute,0.25942035015830417
msp,20260921,3,0.25,dominance,quadratic_ridge,absolute,0.18450121975052342
msp,20260921,3,0.25,valence,quadratic_ridge,relative,0.019171978047967435
msp,20260921,3,0.25,arousal,quadratic_ridge,relative,0.3248330790647491
msp,20260921,3,0.25,dominance,quadratic_ridge,relative,0.2335828572979603
msp,20260921,3,0.25,valence,quadratic_ridge,hybrid,0.02270318019849726
msp,20260921,3,0.25,arousal,quadratic_ridge,hybrid,0.36751555004283437
msp,20260921,3,0.25,dominance,quadratic_ridge,hybrid,0.26460521990495384
msp,20260921,3,0.5,valence,linear_ridge,absolute,0.0018421498265059864
msp,20260921,3,0.5,arousal,linear_ridge,absolute,0.35172532679893687
msp,20260921,3,0.5,dominance,linear_ridge,absolute,0.2644436725399539
msp,20260921,3,0.5,valence,linear_ridge,relative,0.0139500692325139
msp,20260921,3,0.5,arousal,linear_ridge,relative,0.284009459526788
msp,20260921,3,0.5,dominance,linear_ridge,relative,0.209768850050624
msp,20260921,3,0.5,valence,linear_ridge,hybrid,0.014366905668563577
msp,20260921,3,0.5,arousal,linear_ridge,hybrid,0.40425631530354433
msp,20260921,3,0.5,dominance,linear_ridge,hybrid,0.3012375347565231
msp,20260921,3,0.5,valence,quadratic_ridge,absolute,0.006646816323141032
msp,20260921,3,0.5,arousal,quadratic_ridge,absolute,0.355422302044796
msp,20260921,3,0.5,dominance,quadratic_ridge,absolute,0.2667583871240674
msp,20260921,3,0.5,valence,quadratic_ridge,relative,0.019683533935853814
msp,20260921,3,0.5,arousal,quadratic_ridge,relative,0.2859777225435343
msp,20260921,3,0.5,dominance,quadratic_ridge,relative,0.21081402081300843
msp,20260921,3,0.5,valence,quadratic_ridge,hybrid,0.02409336583646025
msp,20260921,3,0.5,arousal,quadratic_ridge,hybrid,0.4070476756267626
msp,20260921,3,0.5,dominance,quadratic_ridge,hybrid,0.30140459967815125
msp,20260921,3,0.75,valence,linear_ridge,absolute,0.0005235666160730569
msp,20260921,3,0.75,arousal,linear_ridge,absolute,0.4214090582420418
msp,20260921,3,0.75,dominance,linear_ridge,absolute,0.33358275687013694
msp,20260921,3,0.75,valence,linear_ridge,relative,0.013628866621584104
msp,20260921,3,0.75,arousal,linear_ridge,relative,0.23760208541389177
msp,20260921,3,0.75,dominance,linear_ridge,relative,0.1810928006709287
msp,20260921,3,0.75,valence,linear_ridge,hybrid,0.01478115810666408
msp,20260921,3,0.75,arousal,linear_ridge,hybrid,0.44872852378676137
msp,20260921,3,0.75,dominance,linear_ridge,hybrid,0.34641214304381707
msp,20260921,3,0.75,valence,quadratic_ridge,absolute,0.0060490565490575335
msp,20260921,3,0.75,arousal,quadratic_ridge,absolute,0.42372013103973905
msp,20260921,3,0.75,dominance,quadratic_ridge,absolute,0.3347726867894283
msp,20260921,3,0.75,valence,quadratic_ridge,relative,0.019617790158052737
msp,20260921,3,0.75,arousal,quadratic_ridge,relative,0.2393989821085553
msp,20260921,3,0.75,dominance,quadratic_ridge,relative,0.18261148265788124
msp,20260921,3,0.75,valence,quadratic_ridge,hybrid,0.02558593615568266
msp,20260921,3,0.75,arousal,quadratic_ridge,hybrid,0.4500053586430924
msp,20260921,3,0.75,dominance,quadratic_ridge,hybrid,0.3454901661863687
msp,20260921,3,1.0,valence,linear_ridge,absolute,-0.0004858735719011052
msp,20260921,3,1.0,arousal,linear_ridge,absolute,0.46551874147665845
msp,20260921,3,1.0,dominance,linear_ridge,absolute,0.38500458577352586
msp,20260921,3,1.0,valence,linear_ridge,relative,0.01301211119739129
msp,20260921,3,1.0,arousal,linear_ridge,relative,0.19298758341771766
msp,20260921,3,1.0,dominance,linear_ridge,relative,0.15197401062093427
msp,20260921,3,1.0,valence,linear_ridge,hybrid,0.01511855888245825
msp,20260921,3,1.0,arousal,linear_ridge,hybrid,0.48728422622735446
msp,20260921,3,1.0,dominance,linear_ridge,hybrid,0.3893359030044561
msp,20260921,3,1.0,valence,quadratic_ridge,absolute,0.005663838972222088
msp,20260921,3,1.0,arousal,quadratic_ridge,absolute,0.46673525986819936
msp,20260921,3,1.0,dominance,quadratic_ridge,absolute,0.38518569818837034
msp,20260921,3,1.0,valence,quadratic_ridge,relative,0.0190942060985546
msp,20260921,3,1.0,arousal,quadratic_ridge,relative,0.19475896096583795
msp,20260921,3,1.0,dominance,quadratic_ridge,relative,0.15403107211793726
msp,20260921,3,1.0,valence,quadratic_ridge,hybrid,0.02703858868269915
msp,20260921,3,1.0,arousal,quadratic_ridge,hybrid,0.4871764565402222
msp,20260921,3,1.0,dominance,quadratic_ridge,hybrid,0.3874072351884161
msp,20260921,4,0.0,valence,linear_ridge,absolute,0.005344542720764188
msp,20260921,4,0.0,arousal,linear_ridge,absolute,0.14268019092897158
msp,20260921,4,0.0,dominance,linear_ridge,absolute,0.09552559732113997
msp,20260921,4,0.0,valence,linear_ridge,relative,0.01399665384424457
msp,20260921,4,0.0,arousal,linear_ridge,relative,0.3402126007010308
msp,20260921,4,0.0,dominance,linear_ridge,relative,0.24184836419759323
msp,20260921,4,0.0,valence,linear_ridge,hybrid,0.014066981969864613
msp,20260921,4,0.0,arousal,linear_ridge,hybrid,0.3416315830821921
msp,20260921,4,0.0,dominance,linear_ridge,hybrid,0.24288799403575365
msp,20260921,4,0.0,valence,quadratic_ridge,absolute,0.00856685580813793
msp,20260921,4,0.0,arousal,quadratic_ridge,absolute,0.1476003499589597
msp,20260921,4,0.0,dominance,quadratic_ridge,absolute,0.09659187351522905
msp,20260921,4,0.0,valence,quadratic_ridge,relative,0.01898697987187584
msp,20260921,4,0.0,arousal,quadratic_ridge,relative,0.3446421290578886
msp,20260921,4,0.0,dominance,quadratic_ridge,relative,0.2430872722928674
msp,20260921,4,0.0,valence,quadratic_ridge,hybrid,0.022184578837966203
msp,20260921,4,0.0,arousal,quadratic_ridge,hybrid,0.3448468327039439
msp,20260921,4,0.0,dominance,quadratic_ridge,hybrid,0.2437668122965951
msp,20260921,4,0.25,valence,linear_ridge,absolute,0.0035088501362033923
msp,20260921,4,0.25,arousal,linear_ridge,absolute,0.25496268685955237
msp,20260921,4,0.25,dominance,linear_ridge,absolute,0.17861424549108273
msp,20260921,4,0.25,valence,linear_ridge,relative,0.014194413672017075
msp,20260921,4,0.25,arousal,linear_ridge,relative,0.32105042920427956
msp,20260921,4,0.25,dominance,linear_ridge,relative,0.22966127620191532
msp,20260921,4,0.25,valence,linear_ridge,hybrid,0.014479532807787672
msp,20260921,4,0.25,arousal,linear_ridge,hybrid,0.3631119839597795
msp,20260921,4,0.25,dominance,linear_ridge,hybrid,0.2606293897689898
msp,20260921,4,0.25,valence,quadratic_ridge,absolute,0.007648351133899203
msp,20260921,4,0.25,arousal,quadratic_ridge,absolute,0.2594740463047802
msp,20260921,4,0.25,dominance,quadratic_ridge,absolute,0.17950334287886174
msp,20260921,4,0.25,valence,quadratic_ridge,relative,0.019346180619032566
msp,20260921,4,0.25,arousal,quadratic_ridge,relative,0.3245151176125845
msp,20260921,4,0.25,dominance,quadratic_ridge,relative,0.23074022191437213
msp,20260921,4,0.25,valence,quadratic_ridge,hybrid,0.023376546658517
msp,20260921,4,0.25,arousal,quadratic_ridge,hybrid,0.3662229396075005
msp,20260921,4,0.25,dominance,quadratic_ridge,hybrid,0.26152585327167505
msp,20260921,4,0.5,valence,linear_ridge,absolute,0.0018728990414152503
msp,20260921,4,0.5,arousal,linear_ridge,absolute,0.35550966589535693
msp,20260921,4,0.5,dominance,linear_ridge,absolute,0.2616271469308204
msp,20260921,4,0.5,valence,linear_ridge,relative,0.013958560422315356
msp,20260921,4,0.5,arousal,linear_ridge,relative,0.28367126221638883
msp,20260921,4,0.5,dominance,linear_ridge,relative,0.20675327744185046
msp,20260921,4,0.5,valence,linear_ridge,hybrid,0.01528358072330836
msp,20260921,4,0.5,arousal,linear_ridge,hybrid,0.4085408677133413
msp,20260921,4,0.5,dominance,linear_ridge,hybrid,0.30010043639702855
msp,20260921,4,0.5,valence,quadratic_ridge,absolute,0.007104699329514632
msp,20260921,4,0.5,arousal,quadratic_ridge,absolute,0.35955796996157446
msp,20260921,4,0.5,dominance,quadratic_ridge,absolute,0.2624334447785859
msp,20260921,4,0.5,valence,quadratic_ridge,relative,0.019121642707060783
msp,20260921,4,0.5,arousal,quadratic_ridge,relative,0.2864688068760165
msp,20260921,4,0.5,dominance,quadratic_ridge,relative,0.2080222176479489
msp,20260921,4,0.5,valence,quadratic_ridge,hybrid,0.025721742083260724
msp,20260921,4,0.5,arousal,quadratic_ridge,hybrid,0.4114785221008428
msp,20260921,4,0.5,dominance,quadratic_ridge,hybrid,0.301408661375458
msp,20260921,4,0.75,valence,linear_ridge,absolute,0.000550681110460436
msp,20260921,4,0.75,arousal,linear_ridge,absolute,0.4295969430510292
msp,20260921,4,0.75,dominance,linear_ridge,absolute,0.3311027913933102
msp,20260921,4,0.75,valence,linear_ridge,relative,0.013363612488401512
msp,20260921,4,0.75,arousal,linear_ridge,relative,0.238683168886952
msp,20260921,4,0.75,dominance,linear_ridge,relative,0.17846052068467025
msp,20260921,4,0.75,valence,linear_ridge,hybrid,0.01636096233106338
msp,20260921,4,0.75,arousal,linear_ridge,hybrid,0.4599457902921901
msp,20260921,4,0.75,dominance,linear_ridge,hybrid,0.3481551916126511
msp,20260921,4,0.75,valence,quadratic_ridge,absolute,0.006935036262425985
msp,20260921,4,0.75,arousal,quadratic_ridge,absolute,0.43317720633567885
msp,20260921,4,0.75,dominance,quadratic_ridge,absolute,0.33186156929501087
msp,20260921,4,0.75,valence,quadratic_ridge,relative,0.01840626427456998
msp,20260921,4,0.75,arousal,quadratic_ridge,relative,0.24113564551513889
msp,20260921,4,0.75,dominance,quadratic_ridge,relative,0.18017907840686778
msp,20260921,4,0.75,valence,quadratic_ridge,hybrid,0.028871448118451385
msp,20260921,4,0.75,arousal,quadratic_ridge,hybrid,0.46269267849816875
msp,20260921,4,0.75,dominance,quadratic_ridge,hybrid,0.35002186654013523
msp,20260921,4,1.0,valence,linear_ridge,absolute,-0.00041543862716405904
msp,20260921,4,1.0,arousal,linear_ridge,absolute,0.47824208304785404
msp,20260921,4,1.0,dominance,linear_ridge,absolute,0.38320491404224116
msp,20260921,4,1.0,valence,linear_ridge,relative,0.012523570544011596
msp,20260921,4,1.0,arousal,linear_ridge,relative,0.19497902099697653
msp,20260921,4,1.0,dominance,linear_ridge,relative,0.14975942747469562
msp,20260921,4,1.0,valence,linear_ridge,hybrid,0.017575620441191285
msp,20260921,4,1.0,arousal,linear_ridge,hybrid,0.505737486809192
msp,20260921,4,1.0,dominance,linear_ridge,hybrid,0.39439687262236606
msp,20260921,4,1.0,valence,quadratic_ridge,absolute,0.007080778986778601
msp,20260921,4,1.0,arousal,quadratic_ridge,absolute,0.48140434594320397
msp,20260921,4,1.0,dominance,quadratic_ridge,absolute,0.38392229052734994
msp,20260921,4,1.0,valence,quadratic_ridge,relative,0.017348462380468218
msp,20260921,4,1.0,arousal,quadratic_ridge,relative,0.1973486729882475
msp,20260921,4,1.0,dominance,quadratic_ridge,relative,0.15206553590375868
msp,20260921,4,1.0,valence,quadratic_ridge,hybrid,0.032424515467279987
msp,20260921,4,1.0,arousal,quadratic_ridge,hybrid,0.5083145523538583
msp,20260921,4,1.0,dominance,quadratic_ridge,hybrid,0.39678992145586883
msp,20260922,0,0.0,valence,linear_ridge,absolute,0.004258447515041673
msp,20260922,0,0.0,arousal,linear_ridge,absolute,0.13853963372590572
msp,20260922,0,0.0,dominance,linear_ridge,absolute,0.08826864344694292
msp,20260922,0,0.0,valence,linear_ridge,relative,0.010953641969304304
msp,20260922,0,0.0,arousal,linear_ridge,relative,0.3306320071872973
msp,20260922,0,0.0,dominance,linear_ridge,relative,0.22108246704389914
msp,20260922,0,0.0,valence,linear_ridge,hybrid,0.011005886822941754
msp,20260922,0,0.0,arousal,linear_ridge,hybrid,0.33203982319554604
msp,20260922,0,0.0,dominance,linear_ridge,hybrid,0.2220071735666476
msp,20260922,0,0.0,valence,quadratic_ridge,absolute,0.007336293436856389
msp,20260922,0,0.0,arousal,quadratic_ridge,absolute,0.14330008655870383
msp,20260922,0,0.0,dominance,quadratic_ridge,absolute,0.09115221774872284
msp,20260922,0,0.0,valence,quadratic_ridge,relative,0.015884798748203362
msp,20260922,0,0.0,arousal,quadratic_ridge,relative,0.333569531756516
msp,20260922,0,0.0,dominance,quadratic_ridge,relative,0.22267376759445603
msp,20260922,0,0.0,valence,quadratic_ridge,hybrid,0.019524073019188952
msp,20260922,0,0.0,arousal,quadratic_ridge,hybrid,0.336010452804269
msp,20260922,0,0.0,dominance,quadratic_ridge,hybrid,0.22462532830885135
msp,20260922,0,0.25,valence,linear_ridge,absolute,0.002559893001938492
msp,20260922,0,0.25,arousal,linear_ridge,absolute,0.24765745522603294
msp,20260922,0,0.25,dominance,linear_ridge,absolute,0.1665358877658137
msp,20260922,0,0.25,valence,linear_ridge,relative,0.011468776096360435
msp,20260922,0,0.25,arousal,linear_ridge,relative,0.31013205747560924
msp,20260922,0,0.25,dominance,linear_ridge,relative,0.20820410270476733
msp,20260922,0,0.25,valence,linear_ridge,hybrid,0.011435138417406412
msp,20260922,0,0.25,arousal,linear_ridge,hybrid,0.35120965711104757
msp,20260922,0,0.25,dominance,linear_ridge,hybrid,0.23793566702380628
msp,20260922,0,0.25,valence,quadratic_ridge,absolute,0.0060999939770294215
msp,20260922,0,0.25,arousal,quadratic_ridge,absolute,0.2521651267982933
msp,20260922,0,0.25,dominance,quadratic_ridge,absolute,0.16932074073580217
msp,20260922,0,0.25,valence,quadratic_ridge,relative,0.01677212917965849
msp,20260922,0,0.25,arousal,quadratic_ridge,relative,0.3131072387863976
msp,20260922,0,0.25,dominance,quadratic_ridge,relative,0.21028103395031422
msp,20260922,0,0.25,valence,quadratic_ridge,hybrid,0.020341440825319555
msp,20260922,0,0.25,arousal,quadratic_ridge,hybrid,0.3558409020202437
msp,20260922,0,0.25,dominance,quadratic_ridge,hybrid,0.2410131872216316
msp,20260922,0,0.5,valence,linear_ridge,absolute,0.001219785146061498
msp,20260922,0,0.5,arousal,linear_ridge,absolute,0.3451024923751343
msp,20260922,0,0.5,dominance,linear_ridge,absolute,0.24508351143039508
msp,20260922,0,0.5,valence,linear_ridge,relative,0.01164028827243665
msp,20260922,0,0.5,arousal,linear_ridge,relative,0.2720703627994772
msp,20260922,0,0.5,dominance,linear_ridge,relative,0.18554684390847223
msp,20260922,0,0.5,valence,linear_ridge,hybrid,0.011896938215901378
msp,20260922,0,0.5,arousal,linear_ridge,hybrid,0.39325718612509725
msp,20260922,0,0.5,dominance,linear_ridge,hybrid,0.2754358935926779
msp,20260922,0,0.5,valence,quadratic_ridge,absolute,0.005127500332232788
msp,20260922,0,0.5,arousal,quadratic_ridge,absolute,0.3493047361640405
msp,20260922,0,0.5,dominance,quadratic_ridge,absolute,0.24780881121361498
msp,20260922,0,0.5,valence,quadratic_ridge,relative,0.017134469522495668
msp,20260922,0,0.5,arousal,quadratic_ridge,relative,0.27526751215849693
msp,20260922,0,0.5,dominance,quadratic_ridge,relative,0.18821255826143457
msp,20260922,0,0.5,valence,quadratic_ridge,hybrid,0.02121198406942448
msp,20260922,0,0.5,arousal,quadratic_ridge,hybrid,0.3983484147157731
msp,20260922,0,0.5,dominance,quadratic_ridge,hybrid,0.27928907288185206
msp,20260922,0,0.75,valence,linear_ridge,absolute,0.00030480008516912564
msp,20260922,0,0.75,arousal,linear_ridge,absolute,0.4166970131845705
msp,20260922,0,0.75,dominance,linear_ridge,absolute,0.3109588025206664
msp,20260922,0,0.75,valence,linear_ridge,relative,0.01149607604653009
msp,20260922,0,0.75,arousal,linear_ridge,relative,0.22718470765474091
msp,20260922,0,0.75,dominance,linear_ridge,relative,0.15838883181450875
msp,20260922,0,0.75,valence,linear_ridge,hybrid,0.012349147549515301
msp,20260922,0,0.75,arousal,linear_ridge,hybrid,0.44101545561946065
msp,20260922,0,0.75,dominance,linear_ridge,hybrid,0.32157151082859114
msp,20260922,0,0.75,valence,quadratic_ridge,absolute,0.004466733579081839
msp,20260922,0,0.75,arousal,quadratic_ridge,absolute,0.4206467192753125
msp,20260922,0,0.75,dominance,quadratic_ridge,absolute,0.3136644376175473
msp,20260922,0,0.75,valence,quadratic_ridge,relative,0.017006556438115626
msp,20260922,0,0.75,arousal,quadratic_ridge,relative,0.23073015845315686
msp,20260922,0,0.75,dominance,quadratic_ridge,relative,0.16166102582275596
msp,20260922,0,0.75,valence,quadratic_ridge,hybrid,0.02205591854114019
msp,20260922,0,0.75,arousal,quadratic_ridge,hybrid,0.44627350349996225
msp,20260922,0,0.75,dominance,quadratic_ridge,hybrid,0.3261900925055441
msp,20260922,0,1.0,valence,linear_ridge,absolute,-0.0001948160935745507
msp,20260922,0,1.0,arousal,linear_ridge,absolute,0.46357291008478413
msp,20260922,0,1.0,dominance,linear_ridge,absolute,0.3603877854354567
msp,20260922,0,1.0,valence,linear_ridge,relative,0.01110487349095464
msp,20260922,0,1.0,arousal,linear_ridge,relative,0.1841807350237168
msp,20260922,0,1.0,dominance,linear_ridge,relative,0.13140748085543683
msp,20260922,0,1.0,valence,linear_ridge,hybrid,0.012759463387204985
msp,20260922,0,1.0,arousal,linear_ridge,hybrid,0.4834667769269265
msp,20260922,0,1.0,dominance,linear_ridge,hybrid,0.3660406951194603
msp,20260922,0,1.0,valence,quadratic_ridge,absolute,0.0041093935457339895
msp,20260922,0,1.0,arousal,quadratic_ridge,absolute,0.46734839032779935
msp,20260922,0,1.0,dominance,quadratic_ridge,absolute,0.3631084521126007
msp,20260922,0,1.0,valence,quadratic_ridge,relative,0.01648813156069156
msp,20260922,0,1.0,arousal,quadratic_ridge,relative,0.18811349922082923
msp,20260922,0,1.0,dominance,quadratic_ridge,relative,0.13523160620220107
msp,20260922,0,1.0,valence,quadratic_ridge,hybrid,0.022813729943156207
msp,20260922,0,1.0,arousal,quadratic_ridge,hybrid,0.4886787991460988
msp,20260922,0,1.0,dominance,quadratic_ridge,hybrid,0.3712431600652111
msp,20260922,1,0.0,valence,linear_ridge,absolute,0.005219770688747742
msp,20260922,1,0.0,arousal,linear_ridge,absolute,0.14333992268281415
msp,20260922,1,0.0,dominance,linear_ridge,absolute,0.09633455277992585
msp,20260922,1,0.0,valence,linear_ridge,relative,0.014678223677297887
msp,20260922,1,0.0,arousal,linear_ridge,relative,0.3445130982646488
msp,20260922,1,0.0,dominance,linear_ridge,relative,0.24457235098016378
msp,20260922,1,0.0,valence,linear_ridge,hybrid,0.014754251779854857
msp,20260922,1,0.0,arousal,linear_ridge,hybrid,0.34595348292373
msp,20260922,1,0.0,dominance,linear_ridge,hybrid,0.24564076700114693
msp,20260922,1,0.0,valence,quadratic_ridge,absolute,0.0075195033248585015
msp,20260922,1,0.0,arousal,quadratic_ridge,absolute,0.14918261004295993
msp,20260922,1,0.0,dominance,quadratic_ridge,absolute,0.0989147442545665
msp,20260922,1,0.0,valence,quadratic_ridge,relative,0.017459112554728318
msp,20260922,1,0.0,arousal,quadratic_ridge,relative,0.34738654731325996
msp,20260922,1,0.0,dominance,quadratic_ridge,relative,0.24597846378549085
msp,20260922,1,0.0,valence,quadratic_ridge,hybrid,0.020782593525977066
msp,20260922,1,0.0,arousal,quadratic_ridge,hybrid,0.35014108261074445
msp,20260922,1,0.0,dominance,quadratic_ridge,hybrid,0.24811243386528414
msp,20260922,1,0.25,valence,linear_ridge,absolute,0.003475690523881047
msp,20260922,1,0.25,arousal,linear_ridge,absolute,0.25476803269368986
msp,20260922,1,0.25,dominance,linear_ridge,absolute,0.18014517489607929
msp,20260922,1,0.25,valence,linear_ridge,relative,0.014839278489727799
msp,20260922,1,0.25,arousal,linear_ridge,relative,0.3261746114212007
msp,20260922,1,0.25,dominance,linear_ridge,relative,0.23332701312981913
msp,20260922,1,0.25,valence,linear_ridge,hybrid,0.015001046340966141
msp,20260922,1,0.25,arousal,linear_ridge,hybrid,0.3671656873788154
msp,20260922,1,0.25,dominance,linear_ridge,hybrid,0.2642130936695856
msp,20260922,1,0.25,valence,quadratic_ridge,absolute,0.006849792368075528
msp,20260922,1,0.25,arousal,quadratic_ridge,absolute,0.26009490171378585
msp,20260922,1,0.25,dominance,quadratic_ridge,absolute,0.1826652791005724
msp,20260922,1,0.25,valence,quadratic_ridge,relative,0.01781987494927601
msp,20260922,1,0.25,arousal,quadratic_ridge,relative,0.3284425391098068
msp,20260922,1,0.25,dominance,quadratic_ridge,relative,0.23535792624221397
msp,20260922,1,0.25,valence,quadratic_ridge,hybrid,0.021711372081089357
msp,20260922,1,0.25,arousal,quadratic_ridge,hybrid,0.37164982635156063
msp,20260922,1,0.25,dominance,quadratic_ridge,hybrid,0.26687824368954977
msp,20260922,1,0.5,valence,linear_ridge,absolute,0.0019596869858516017
msp,20260922,1,0.5,arousal,linear_ridge,absolute,0.3543597904551749
msp,20260922,1,0.5,dominance,linear_ridge,absolute,0.2647885009113138
msp,20260922,1,0.5,valence,linear_ridge,relative,0.01453276098884627
msp,20260922,1,0.5,arousal,linear_ridge,relative,0.2889220634491921
msp,20260922,1,0.5,dominance,linear_ridge,relative,0.2113135480289818
msp,20260922,1,0.5,valence,linear_ridge,hybrid,0.01541581433501829
msp,20260922,1,0.5,arousal,linear_ridge,hybrid,0.410284048379506
msp,20260922,1,0.5,dominance,linear_ridge,hybrid,0.30444580750709316
msp,20260922,1,0.5,valence,quadratic_ridge,absolute,0.006728899324294486
msp,20260922,1,0.5,arousal,quadratic_ridge,absolute,0.3589538473311435
msp,20260922,1,0.5,dominance,quadratic_ridge,absolute,0.26693033227448537
msp,20260922,1,0.5,valence,quadratic_ridge,relative,0.01763651682434308
msp,20260922,1,0.5,arousal,quadratic_ridge,relative,0.2909967213309847
msp,20260922,1,0.5,dominance,quadratic_ridge,relative,0.21428355259109166
msp,20260922,1,0.5,valence,quadratic_ridge,hybrid,0.023742593995856435
msp,20260922,1,0.5,arousal,quadratic_ridge,hybrid,0.414943886327196
msp,20260922,1,0.5,dominance,quadratic_ridge,hybrid,0.30702886112591227
msp,20260922,1,0.75,valence,linear_ridge,absolute,0.0007742936472099261
msp,20260922,1,0.75,arousal,linear_ridge,absolute,0.427420450359417
msp,20260922,1,0.75,dominance,linear_ridge,absolute,0.33651879610001717
msp,20260922,1,0.75,valence,linear_ridge,relative,0.01384544856266738
msp,20260922,1,0.75,arousal,linear_ridge,relative,0.24362165441133066
msp,20260922,1,0.75,dominance,linear_ridge,relative,0.18363378689933219
msp,20260922,1,0.75,valence,linear_ridge,hybrid,0.01594058869734826
msp,20260922,1,0.75,arousal,linear_ridge,hybrid,0.45866731872582595
msp,20260922,1,0.75,dominance,linear_ridge,hybrid,0.35348387763851624
msp,20260922,1,0.75,valence,quadratic_ridge,absolute,0.007096852668001307
msp,20260922,1,0.75,arousal,quadratic_ridge,absolute,0.431258637428154
msp,20260922,1,0.75,dominance,quadratic_ridge,absolute,0.3381198756835434
msp,20260922,1,0.75,valence,quadratic_ridge,relative,0.01699539824032116
msp,20260922,1,0.75,arousal,quadratic_ridge,relative,0.2458597935180131
msp,20260922,1,0.75,dominance,quadratic_ridge,relative,0.1876807935543363
msp,20260922,1,0.75,valence,quadratic_ridge,hybrid,0.026553272088170935
msp,20260922,1,0.75,arousal,quadratic_ridge,hybrid,0.46333978319377855
msp,20260922,1,0.75,dominance,quadratic_ridge,hybrid,0.3557648918175033
msp,20260922,1,1.0,valence,linear_ridge,absolute,-5.136021082374056e-05
msp,20260922,1,1.0,arousal,linear_ridge,absolute,0.47500759923370073
msp,20260922,1,1.0,dominance,linear_ridge,absolute,0.3909844277889578
msp,20260922,1,1.0,valence,linear_ridge,relative,0.01290517377698525
msp,20260922,1,1.0,arousal,linear_ridge,relative,0.1994460104912302
msp,20260922,1,1.0,dominance,linear_ridge,relative,0.15517511613335958
msp,20260922,1,1.0,valence,linear_ridge,hybrid,0.016512197534076803
msp,20260922,1,1.0,arousal,linear_ridge,hybrid,0.5016564655068129
msp,20260922,1,1.0,dominance,linear_ridge,hybrid,0.4009616146057793
msp,20260922,1,1.0,valence,quadratic_ridge,absolute,0.007828955136280881
msp,20260922,1,1.0,arousal,quadratic_ridge,absolute,0.47817346421119894
msp,20260922,1,1.0,dominance,quadratic_ridge,absolute,0.3920070867428605
msp,20260922,1,1.0,valence,quadratic_ridge,relative,0.016035806480555904
msp,20260922,1,1.0,arousal,quadratic_ridge,relative,0.20206399187851265
msp,20260922,1,1.0,dominance,quadratic_ridge,relative,0.1602767938369994
msp,20260922,1,1.0,valence,quadratic_ridge,hybrid,0.029765349471160576
msp,20260922,1,1.0,arousal,quadratic_ridge,hybrid,0.5062306451467904
msp,20260922,1,1.0,dominance,quadratic_ridge,hybrid,0.40282824422329916
msp,20260922,2,0.0,valence,linear_ridge,absolute,0.0053952354689495155
msp,20260922,2,0.0,arousal,linear_ridge,absolute,0.1414837234506405
msp,20260922,2,0.0,dominance,linear_ridge,absolute,0.09729416616867259
msp,20260922,2,0.0,valence,linear_ridge,relative,0.014030358366110458
msp,20260922,2,0.0,arousal,linear_ridge,relative,0.3448871486065467
msp,20260922,2,0.0,dominance,linear_ridge,relative,0.2508982864288626
msp,20260922,2,0.0,valence,linear_ridge,hybrid,0.014099959800024939
msp,20260922,2,0.0,arousal,linear_ridge,hybrid,0.346355647185502
msp,20260922,2,0.0,dominance,linear_ridge,hybrid,0.2519923440433927
msp,20260922,2,0.0,valence,quadratic_ridge,absolute,0.007706302701555954
msp,20260922,2,0.0,arousal,quadratic_ridge,absolute,0.14744078723676557
msp,20260922,2,0.0,dominance,quadratic_ridge,absolute,0.10047538845917768
msp,20260922,2,0.0,valence,quadratic_ridge,relative,0.018746527711620647
msp,20260922,2,0.0,arousal,quadratic_ridge,relative,0.34891614841985974
msp,20260922,2,0.0,dominance,quadratic_ridge,relative,0.2527652289375968
msp,20260922,2,0.0,valence,quadratic_ridge,hybrid,0.021602131290258324
msp,20260922,2,0.0,arousal,quadratic_ridge,hybrid,0.3521852539565456
msp,20260922,2,0.0,dominance,quadratic_ridge,hybrid,0.2558613645829692
msp,20260922,2,0.25,valence,linear_ridge,absolute,0.0025531263540931135
msp,20260922,2,0.25,arousal,linear_ridge,absolute,0.2478370753678896
msp,20260922,2,0.25,dominance,linear_ridge,absolute,0.17848034123660567
msp,20260922,2,0.25,valence,linear_ridge,relative,0.014362385812898976
msp,20260922,2,0.25,arousal,linear_ridge,relative,0.32469378822239897
msp,20260922,2,0.25,dominance,linear_ridge,relative,0.23682565924687757
msp,20260922,2,0.25,valence,linear_ridge,hybrid,0.014745890175401184
msp,20260922,2,0.25,arousal,linear_ridge,hybrid,0.36411909685841637
msp,20260922,2,0.25,dominance,linear_ridge,hybrid,0.26693440030948967
msp,20260922,2,0.25,valence,quadratic_ridge,absolute,0.005689784493743712
msp,20260922,2,0.25,arousal,quadratic_ridge,absolute,0.25456151527317616
msp,20260922,2,0.25,dominance,quadratic_ridge,absolute,0.18201633221678037
msp,20260922,2,0.25,valence,quadratic_ridge,relative,0.019793732561548746
msp,20260922,2,0.25,arousal,quadratic_ridge,relative,0.3274285538233067
msp,20260922,2,0.25,dominance,quadratic_ridge,relative,0.2383477153252298
msp,20260922,2,0.25,valence,quadratic_ridge,hybrid,0.023152699824472017
msp,20260922,2,0.25,arousal,quadratic_ridge,hybrid,0.3694371481150804
msp,20260922,2,0.25,dominance,quadratic_ridge,hybrid,0.2706887914181154
msp,20260922,2,0.5,valence,linear_ridge,absolute,0.00033675976356507885
msp,20260922,2,0.5,arousal,linear_ridge,absolute,0.34038983293599806
msp,20260922,2,0.5,dominance,linear_ridge,absolute,0.2575189530077381
msp,20260922,2,0.5,valence,linear_ridge,relative,0.01418750549260483
msp,20260922,2,0.5,arousal,linear_ridge,relative,0.2847820874070127
msp,20260922,2,0.5,dominance,linear_ridge,relative,0.21085038377783213
msp,20260922,2,0.5,valence,linear_ridge,hybrid,0.016261397922200427
msp,20260922,2,0.5,arousal,linear_ridge,hybrid,0.4005334406249238
msp,20260922,2,0.5,dominance,linear_ridge,hybrid,0.3005624083573529
msp,20260922,2,0.5,valence,quadratic_ridge,absolute,0.0043369960452899125
msp,20260922,2,0.5,arousal,quadratic_ridge,absolute,0.3471938314553876
msp,20260922,2,0.5,dominance,quadratic_ridge,absolute,0.26119610482103167
msp,20260922,2,0.5,valence,quadratic_ridge,relative,0.02013073280975646
msp,20260922,2,0.5,arousal,quadratic_ridge,relative,0.2865528617366956
msp,20260922,2,0.5,dominance,quadratic_ridge,relative,0.21238851883054993
msp,20260922,2,0.5,valence,quadratic_ridge,hybrid,0.026039966426396517
msp,20260922,2,0.5,arousal,quadratic_ridge,hybrid,0.40533551902089465
msp,20260922,2,0.5,dominance,quadratic_ridge,hybrid,0.3047080402579198
msp,20260922,2,0.75,valence,linear_ridge,absolute,-0.0011298024923305013
msp,20260922,2,0.75,arousal,linear_ridge,absolute,0.4060326787813755
msp,20260922,2,0.75,dominance,linear_ridge,absolute,0.32155429167276645
msp,20260922,2,0.75,valence,linear_ridge,relative,0.013595094496006653
msp,20260922,2,0.75,arousal,linear_ridge,relative,0.23732517528885957
msp,20260922,2,0.75,dominance,linear_ridge,relative,0.17948553543202317
msp,20260922,2,0.75,valence,linear_ridge,hybrid,0.01837567772468132
msp,20260922,2,0.75,arousal,linear_ridge,hybrid,0.4411242366540898
msp,20260922,2,0.75,dominance,linear_ridge,hybrid,0.341201774498426
msp,20260922,2,0.75,valence,quadratic_ridge,absolute,0.0036831610224459074
msp,20260922,2,0.75,arousal,quadratic_ridge,absolute,0.41255123463157517
msp,20260922,2,0.75,dominance,quadratic_ridge,absolute,0.325236095760596
msp,20260922,2,0.75,valence,quadratic_ridge,relative,0.01982757084210215
msp,20260922,2,0.75,arousal,quadratic_ridge,relative,0.23851925359899698
msp,20260922,2,0.75,dominance,quadratic_ridge,relative,0.18131647563640912
msp,20260922,2,0.75,valence,quadratic_ridge,hybrid,0.029788853134014342
msp,20260922,2,0.75,arousal,quadratic_ridge,hybrid,0.44556961057124067
msp,20260922,2,0.75,dominance,quadratic_ridge,hybrid,0.3459996838197161
msp,20260922,2,1.0,valence,linear_ridge,absolute,-0.0018805056444464393
msp,20260922,2,1.0,arousal,linear_ridge,absolute,0.44706309874624117
msp,20260922,2,1.0,dominance,linear_ridge,absolute,0.3677892941246021
msp,20260922,2,1.0,valence,linear_ridge,relative,0.01272550305979052
msp,20260922,2,1.0,arousal,linear_ridge,relative,0.19202106161976282
msp,20260922,2,1.0,dominance,linear_ridge,relative,0.14845427188817167
msp,20260922,2,1.0,valence,linear_ridge,hybrid,0.020777029763198136
msp,20260922,2,1.0,arousal,linear_ridge,hybrid,0.47682941266932155
msp,20260922,2,1.0,dominance,linear_ridge,hybrid,0.37986957163527035
msp,20260922,2,1.0,valence,quadratic_ridge,absolute,0.0036342241007518614
msp,20260922,2,1.0,arousal,quadratic_ridge,absolute,0.45315092856933564
msp,20260922,2,1.0,dominance,quadratic_ridge,absolute,0.3714047694147886
msp,20260922,2,1.0,valence,quadratic_ridge,relative,0.019047585493219926
msp,20260922,2,1.0,arousal,quadratic_ridge,relative,0.19298272657811896
msp,20260922,2,1.0,dominance,quadratic_ridge,relative,0.15073576136380465
msp,20260922,2,1.0,valence,quadratic_ridge,hybrid,0.033885138054285766
msp,20260922,2,1.0,arousal,quadratic_ridge,hybrid,0.4810783083904075
msp,20260922,2,1.0,dominance,quadratic_ridge,hybrid,0.3853512036212985
msp,20260922,3,0.0,valence,linear_ridge,absolute,0.0052026110944801435
msp,20260922,3,0.0,arousal,linear_ridge,absolute,0.14004313845538238
msp,20260922,3,0.0,dominance,linear_ridge,absolute,0.09402419998024261
msp,20260922,3,0.0,valence,linear_ridge,relative,0.012886238185929355
msp,20260922,3,0.0,arousal,linear_ridge,relative,0.33707395605051527
msp,20260922,3,0.0,dominance,linear_ridge,relative,0.23961053675950536
msp,20260922,3,0.0,valence,linear_ridge,hybrid,0.01294930306530249
msp,20260922,3,0.0,arousal,linear_ridge,hybrid,0.33849355809243625
msp,20260922,3,0.0,dominance,linear_ridge,hybrid,0.24064485310896971
msp,20260922,3,0.0,valence,quadratic_ridge,absolute,0.008761168366617505
msp,20260922,3,0.0,arousal,quadratic_ridge,absolute,0.14657153060774944
msp,20260922,3,0.0,dominance,quadratic_ridge,absolute,0.09628187560303013
msp,20260922,3,0.0,valence,quadratic_ridge,relative,0.018521288377371794
msp,20260922,3,0.0,arousal,quadratic_ridge,relative,0.3412979278582514
msp,20260922,3,0.0,dominance,quadratic_ridge,relative,0.24140295436813664
msp,20260922,3,0.0,valence,quadratic_ridge,hybrid,0.02064322416635926
msp,20260922,3,0.0,arousal,quadratic_ridge,hybrid,0.3435981435295682
msp,20260922,3,0.0,dominance,quadratic_ridge,hybrid,0.24361825524852293
msp,20260922,3,0.25,valence,linear_ridge,absolute,0.003536408474555371
msp,20260922,3,0.25,arousal,linear_ridge,absolute,0.24826286066617279
msp,20260922,3,0.25,dominance,linear_ridge,absolute,0.17346558951585153
msp,20260922,3,0.25,valence,linear_ridge,relative,0.013368996362199704
msp,20260922,3,0.25,arousal,linear_ridge,relative,0.32053970202300686
msp,20260922,3,0.25,dominance,linear_ridge,relative,0.22912307854903696
msp,20260922,3,0.25,valence,linear_ridge,hybrid,0.013590665009094222
msp,20260922,3,0.25,arousal,linear_ridge,hybrid,0.36014145816276266
msp,20260922,3,0.25,dominance,linear_ridge,hybrid,0.25802663980837204
msp,20260922,3,0.25,valence,quadratic_ridge,absolute,0.007774431536586814
msp,20260922,3,0.25,arousal,quadratic_ridge,absolute,0.25366371228887086
msp,20260922,3,0.25,dominance,quadratic_ridge,absolute,0.17510257610371108
msp,20260922,3,0.25,valence,quadratic_ridge,relative,0.01921866838933372
msp,20260922,3,0.25,arousal,quadratic_ridge,relative,0.3243801484092226
msp,20260922,3,0.25,dominance,quadratic_ridge,relative,0.23075816108326538
msp,20260922,3,0.25,valence,quadratic_ridge,hybrid,0.021658662699299978
msp,20260922,3,0.25,arousal,quadratic_ridge,hybrid,0.36564728811336833
msp,20260922,3,0.25,dominance,quadratic_ridge,hybrid,0.2609953080566659
msp,20260922,3,0.5,valence,linear_ridge,absolute,0.002095197388570265
msp,20260922,3,0.5,arousal,linear_ridge,absolute,0.3451410781086031
msp,20260922,3,0.5,dominance,linear_ridge,absolute,0.25321258599285784
msp,20260922,3,0.5,valence,linear_ridge,relative,0.013392027462975539
msp,20260922,3,0.5,arousal,linear_ridge,relative,0.28531714059516483
msp,20260922,3,0.5,dominance,linear_ridge,relative,0.208074831614823
msp,20260922,3,0.5,valence,linear_ridge,hybrid,0.014515727216388826
msp,20260922,3,0.5,arousal,linear_ridge,hybrid,0.4025531947100767
msp,20260922,3,0.5,dominance,linear_ridge,hybrid,0.295252869577435
msp,20260922,3,0.5,valence,quadratic_ridge,absolute,0.0070079948714918275
msp,20260922,3,0.5,arousal,quadratic_ridge,absolute,0.3496728375509562
msp,20260922,3,0.5,dominance,quadratic_ridge,absolute,0.2544502414701763
msp,20260922,3,0.5,valence,quadratic_ridge,relative,0.019266165665985515
msp,20260922,3,0.5,arousal,quadratic_ridge,relative,0.2887796372515734
msp,20260922,3,0.5,dominance,quadratic_ridge,relative,0.20961387501682266
msp,20260922,3,0.5,valence,quadratic_ridge,hybrid,0.022924988653668932
msp,20260922,3,0.5,arousal,quadratic_ridge,hybrid,0.4076034592780037
msp,20260922,3,0.5,dominance,quadratic_ridge,hybrid,0.29780163090725603
msp,20260922,3,0.75,valence,linear_ridge,absolute,0.0009823786830692775
msp,20260922,3,0.75,arousal,linear_ridge,absolute,0.41643945710973596
msp,20260922,3,0.75,dominance,linear_ridge,absolute,0.32056562555811047
msp,20260922,3,0.75,valence,linear_ridge,relative,0.013016779295329324
msp,20260922,3,0.75,arousal,linear_ridge,relative,0.24179825614640973
msp,20260922,3,0.75,dominance,linear_ridge,relative,0.18135540976856507
msp,20260922,3,0.75,valence,linear_ridge,hybrid,0.015598413937378952
msp,20260922,3,0.75,arousal,linear_ridge,hybrid,0.44980581448776846
msp,20260922,3,0.75,dominance,linear_ridge,hybrid,0.340632110637238
msp,20260922,3,0.75,valence,quadratic_ridge,absolute,0.006502918641475758
msp,20260922,3,0.75,arousal,quadratic_ridge,absolute,0.4203884918509259
msp,20260922,3,0.75,dominance,quadratic_ridge,absolute,0.3215916575049226
msp,20260922,3,0.75,valence,quadratic_ridge,relative,0.01874956027873635
msp,20260922,3,0.75,arousal,quadratic_ridge,relative,0.24493531671227947
msp,20260922,3,0.75,dominance,quadratic_ridge,relative,0.18286780388700713
msp,20260922,3,0.75,valence,quadratic_ridge,hybrid,0.02428700479720368
msp,20260922,3,0.75,arousal,quadratic_ridge,hybrid,0.4539906436264949
msp,20260922,3,0.75,dominance,quadratic_ridge,hybrid,0.34260021631622184
msp,20260922,3,1.0,valence,linear_ridge,absolute,0.00022338158854033776
msp,20260922,3,1.0,arousal,linear_ridge,absolute,0.46306464905263856
msp,20260922,3,1.0,dominance,linear_ridge,absolute,0.3715708880263297
msp,20260922,3,1.0,valence,linear_ridge,relative,0.012356998416188786
msp,20260922,3,1.0,arousal,linear_ridge,relative,0.1989411753917061
msp,20260922,3,1.0,dominance,linear_ridge,relative,0.15370647902870277
msp,20260922,3,1.0,valence,linear_ridge,hybrid,0.01671427967254231
msp,20260922,3,1.0,arousal,linear_ridge,hybrid,0.4916801594538814
msp,20260922,3,1.0,dominance,linear_ridge,hybrid,0.38465048347293845
msp,20260922,3,1.0,valence,quadratic_ridge,absolute,0.006247078687998775
msp,20260922,3,1.0,arousal,quadratic_ridge,absolute,0.46665793810371686
msp,20260922,3,1.0,dominance,quadratic_ridge,absolute,0.3725089436227695
msp,20260922,3,1.0,valence,quadratic_ridge,relative,0.01782871855213914
msp,20260922,3,1.0,arousal,quadratic_ridge,relative,0.20184007576974974
msp,20260922,3,1.0,dominance,quadratic_ridge,relative,0.15525287446658761
msp,20260922,3,1.0,valence,quadratic_ridge,hybrid,0.025608351471383455
msp,20260922,3,1.0,arousal,quadratic_ridge,hybrid,0.49496337498568294
msp,20260922,3,1.0,dominance,quadratic_ridge,hybrid,0.38607061932108483
msp,20260922,4,0.0,valence,linear_ridge,absolute,0.004977978634877056
msp,20260922,4,0.0,arousal,linear_ridge,absolute,0.12986958486272362
msp,20260922,4,0.0,dominance,linear_ridge,absolute,0.08783253912190746
msp,20260922,4,0.0,valence,linear_ridge,relative,0.012956973977143809
msp,20260922,4,0.0,arousal,linear_ridge,relative,0.3111462600421887
msp,20260922,4,0.0,dominance,linear_ridge,relative,0.2223721532021866
msp,20260922,4,0.0,valence,linear_ridge,hybrid,0.01302397526381668
msp,20260922,4,0.0,arousal,linear_ridge,hybrid,0.3124724644291901
msp,20260922,4,0.0,dominance,linear_ridge,hybrid,0.22334093613080291
msp,20260922,4,0.0,valence,quadratic_ridge,absolute,0.007749210682278662
msp,20260922,4,0.0,arousal,quadratic_ridge,absolute,0.13699061493710704
msp,20260922,4,0.0,dominance,quadratic_ridge,absolute,0.09079148999101275
msp,20260922,4,0.0,valence,quadratic_ridge,relative,0.01720520538159648
msp,20260922,4,0.0,arousal,quadratic_ridge,relative,0.31400216193941005
msp,20260922,4,0.0,dominance,quadratic_ridge,relative,0.22416453882109846
msp,20260922,4,0.0,valence,quadratic_ridge,hybrid,0.019902326768931694
msp,20260922,4,0.0,arousal,quadratic_ridge,hybrid,0.3176712281775098
msp,20260922,4,0.0,dominance,quadratic_ridge,hybrid,0.22674097252132955
msp,20260922,4,0.25,valence,linear_ridge,absolute,0.0029187305835313634
msp,20260922,4,0.25,arousal,linear_ridge,absolute,0.23606007220680905
msp,20260922,4,0.25,dominance,linear_ridge,absolute,0.16782079103004938
msp,20260922,4,0.25,valence,linear_ridge,relative,0.013114295565805276
msp,20260922,4,0.25,arousal,linear_ridge,relative,0.2925596931241063
msp,20260922,4,0.25,dominance,linear_ridge,relative,0.2100127270299015
msp,20260922,4,0.25,valence,linear_ridge,hybrid,0.01349308786796287
msp,20260922,4,0.25,arousal,linear_ridge,hybrid,0.3332236199287929
msp,20260922,4,0.25,dominance,linear_ridge,hybrid,0.24049566970281888
msp,20260922,4,0.25,valence,quadratic_ridge,absolute,0.006548093408766527
msp,20260922,4,0.25,arousal,quadratic_ridge,absolute,0.2421802495467231
msp,20260922,4,0.25,dominance,quadratic_ridge,absolute,0.17042436615492135
msp,20260922,4,0.25,valence,quadratic_ridge,relative,0.01772160296469251
msp,20260922,4,0.25,arousal,quadratic_ridge,relative,0.2947611979755876
msp,20260922,4,0.25,dominance,quadratic_ridge,relative,0.21207030262595317
msp,20260922,4,0.25,valence,quadratic_ridge,hybrid,0.021375434635784403
msp,20260922,4,0.25,arousal,quadratic_ridge,hybrid,0.3386283984555254
msp,20260922,4,0.25,dominance,quadratic_ridge,hybrid,0.24437330754461448
msp,20260922,4,0.5,valence,linear_ridge,absolute,0.0013119295762373628
msp,20260922,4,0.5,arousal,linear_ridge,absolute,0.3325575412910462
msp,20260922,4,0.5,dominance,linear_ridge,absolute,0.24909884578686656
msp,20260922,4,0.5,valence,linear_ridge,relative,0.012862361495043233
msp,20260922,4,0.5,arousal,linear_ridge,relative,0.25769851686278494
msp,20260922,4,0.5,dominance,linear_ridge,relative,0.1882751421128397
msp,20260922,4,0.5,valence,linear_ridge,hybrid,0.014719388949770694
msp,20260922,4,0.5,arousal,linear_ridge,hybrid,0.3784286548499996
msp,20260922,4,0.5,dominance,linear_ridge,hybrid,0.2804979395710035
msp,20260922,4,0.5,valence,quadratic_ridge,absolute,0.005953503288661672
msp,20260922,4,0.5,arousal,quadratic_ridge,absolute,0.3374018429749599
msp,20260922,4,0.5,dominance,quadratic_ridge,absolute,0.2513170656959777
msp,20260922,4,0.5,valence,quadratic_ridge,relative,0.017723915503092214
msp,20260922,4,0.5,arousal,quadratic_ridge,relative,0.25936611103471385
msp,20260922,4,0.5,dominance,quadratic_ridge,relative,0.1907609606795375
msp,20260922,4,0.5,valence,quadratic_ridge,hybrid,0.0242825195891681
msp,20260922,4,0.5,arousal,quadratic_ridge,hybrid,0.3832572121126965
msp,20260922,4,0.5,dominance,quadratic_ridge,hybrid,0.28510436080386836
msp,20260922,4,0.75,valence,linear_ridge,absolute,0.00023928709255593273
msp,20260922,4,0.75,arousal,linear_ridge,absolute,0.404876100631077
msp,20260922,4,0.75,dominance,linear_ridge,absolute,0.3183883616494573
msp,20260922,4,0.75,valence,linear_ridge,relative,0.012275617784025208
msp,20260922,4,0.75,arousal,linear_ridge,relative,0.2162208160894971
msp,20260922,4,0.75,dominance,linear_ridge,relative,0.16195334186122615
msp,20260922,4,0.75,valence,linear_ridge,hybrid,0.01649751643881986
msp,20260922,4,0.75,arousal,linear_ridge,hybrid,0.43016569669569665
msp,20260922,4,0.75,dominance,linear_ridge,hybrid,0.3299931429853938
msp,20260922,4,0.75,valence,quadratic_ridge,absolute,0.0059393417975538
msp,20260922,4,0.75,arousal,quadratic_ridge,absolute,0.40859145102232625
msp,20260922,4,0.75,dominance,quadratic_ridge,absolute,0.3202773229156647
msp,20260922,4,0.75,valence,quadratic_ridge,relative,0.01727853597585866
msp,20260922,4,0.75,arousal,quadratic_ridge,relative,0.21753918009157572
msp,20260922,4,0.75,dominance,quadratic_ridge,relative,0.1649550882600989
msp,20260922,4,0.75,valence,quadratic_ridge,hybrid,0.02817877241232593
msp,20260922,4,0.75,arousal,quadratic_ridge,hybrid,0.43400417346609194
msp,20260922,4,0.75,dominance,quadratic_ridge,hybrid,0.33529889147262454
msp,20260922,4,1.0,valence,linear_ridge,absolute,-0.0003185408542386073
msp,20260922,4,1.0,arousal,linear_ridge,absolute,0.4532932960214221
msp,20260922,4,1.0,dominance,linear_ridge,absolute,0.37138172632165906
msp,20260922,4,1.0,valence,linear_ridge,relative,0.011465137443018572
msp,20260922,4,1.0,arousal,linear_ridge,relative,0.1761379388629822
msp,20260922,4,1.0,dominance,linear_ridge,relative,0.13545500898176324
msp,20260922,4,1.0,valence,linear_ridge,hybrid,0.018578301989927166
msp,20260922,4,1.0,arousal,linear_ridge,hybrid,0.476638733544793
msp,20260922,4,1.0,dominance,linear_ridge,hybrid,0.3781539638566194
msp,20260922,4,1.0,valence,quadratic_ridge,absolute,0.006393267742534656
msp,20260922,4,1.0,arousal,quadratic_ridge,absolute,0.45616574446801833
msp,20260922,4,1.0,dominance,quadratic_ridge,absolute,0.37303174306971865
msp,20260922,4,1.0,valence,quadratic_ridge,relative,0.016507541497300535
msp,20260922,4,1.0,arousal,quadratic_ridge,relative,0.177287918242742
msp,20260922,4,1.0,dominance,quadratic_ridge,relative,0.13898553931076427
msp,20260922,4,1.0,valence,quadratic_ridge,hybrid,0.03255664642986491
msp,20260922,4,1.0,arousal,quadratic_ridge,hybrid,0.4794308575672136
msp,20260922,4,1.0,dominance,quadratic_ridge,hybrid,0.3839902537492396
iemocap,20260920,0,0.0,valence,linear_ridge,absolute,0.0277466072968182
iemocap,20260920,0,0.0,arousal,linear_ridge,absolute,0.39172514277390147
iemocap,20260920,0,0.0,dominance,linear_ridge,absolute,0.3238436641038937
iemocap,20260920,0,0.0,valence,linear_ridge,relative,0.029139604675441015
iemocap,20260920,0,0.0,arousal,linear_ridge,relative,0.4800156256549522
iemocap,20260920,0,0.0,dominance,linear_ridge,relative,0.3492753771622764
iemocap,20260920,0,0.0,valence,linear_ridge,hybrid,0.029162940879748925
iemocap,20260920,0,0.0,arousal,linear_ridge,hybrid,0.48117956471726975
iemocap,20260920,0,0.0,dominance,linear_ridge,hybrid,0.34983755893213153
iemocap,20260920,0,0.0,valence,quadratic_ridge,absolute,0.058906379552437625
iemocap,20260920,0,0.0,arousal,quadratic_ridge,absolute,0.4351282113667721
iemocap,20260920,0,0.0,dominance,quadratic_ridge,absolute,0.3526217338065619
iemocap,20260920,0,0.0,valence,quadratic_ridge,relative,0.05035173125049775
iemocap,20260920,0,0.0,arousal,quadratic_ridge,relative,0.4950753395131587
iemocap,20260920,0,0.0,dominance,quadratic_ridge,relative,0.3633318567021593
iemocap,20260920,0,0.0,valence,quadratic_ridge,hybrid,0.07169593498843606
iemocap,20260920,0,0.0,arousal,quadratic_ridge,hybrid,0.5082913597000147
iemocap,20260920,0,0.0,dominance,quadratic_ridge,hybrid,0.3668073074751975
iemocap,20260920,0,0.25,valence,linear_ridge,absolute,0.02873533408608277
iemocap,20260920,0,0.25,arousal,linear_ridge,absolute,0.400245079233048
iemocap,20260920,0,0.25,dominance,linear_ridge,absolute,0.3293859787257004
iemocap,20260920,0,0.25,valence,linear_ridge,relative,0.028980199906074297
iemocap,20260920,0,0.25,arousal,linear_ridge,relative,0.4790087610190025
iemocap,20260920,0,0.25,dominance,linear_ridge,relative,0.349309111299053
iemocap,20260920,0,0.25,valence,linear_ridge,hybrid,0.029250852611555283
iemocap,20260920,0,0.25,arousal,linear_ridge,hybrid,0.48019063071406565
iemocap,20260920,0,0.25,dominance,linear_ridge,hybrid,0.3494334082213966
iemocap,20260920,0,0.25,valence,quadratic_ridge,absolute,0.05951803657473412
iemocap,20260920,0,0.25,arousal,quadratic_ridge,absolute,0.4475310966914472
iemocap,20260920,0,0.25,dominance,quadratic_ridge,absolute,0.360208463054082
iemocap,20260920,0,0.25,valence,quadratic_ridge,relative,0.05122688921085862
iemocap,20260920,0,0.25,arousal,quadratic_ridge,relative,0.493927257364861
iemocap,20260920,0,0.25,dominance,quadratic_ridge,relative,0.36264572942598317
iemocap,20260920,0,0.25,valence,quadratic_ridge,hybrid,0.07329967655803328
iemocap,20260920,0,0.25,arousal,quadratic_ridge,hybrid,0.5158937814670622
iemocap,20260920,0,0.25,dominance,quadratic_ridge,hybrid,0.35383975039448123
iemocap,20260920,0,0.5,valence,linear_ridge,absolute,0.02972109998798808
iemocap,20260920,0,0.5,arousal,linear_ridge,absolute,0.40827170686588593
iemocap,20260920,0,0.5,dominance,linear_ridge,absolute,0.33471203909864344
iemocap,20260920,0,0.5,valence,linear_ridge,relative,0.02878212443375498
iemocap,20260920,0,0.5,arousal,linear_ridge,relative,0.47746096740236027
iemocap,20260920,0,0.5,dominance,linear_ridge,relative,0.349224557468164
iemocap,20260920,0,0.5,valence,linear_ridge,hybrid,0.029611614007723087
iemocap,20260920,0,0.5,arousal,linear_ridge,hybrid,0.4781962474015165
iemocap,20260920,0,0.5,dominance,linear_ridge,hybrid,0.348340361616115
iemocap,20260920,0,0.5,valence,quadratic_ridge,absolute,0.0600418170500837
iemocap,20260920,0,0.5,arousal,quadratic_ridge,absolute,0.4593070668649518
iemocap,20260920,0,0.5,dominance,quadratic_ridge,absolute,0.3673866910821642
iemocap,20260920,0,0.5,valence,quadratic_ridge,relative,0.05203239137927583
iemocap,20260920,0,0.5,arousal,quadratic_ridge,relative,0.49203610729383457
iemocap,20260920,0,0.5,dominance,quadratic_ridge,relative,0.36165700282124197
iemocap,20260920,0,0.5,valence,quadratic_ridge,hybrid,0.0760463610154615
iemocap,20260920,0,0.5,arousal,quadratic_ridge,hybrid,0.49091911279294004
iemocap,20260920,0,0.5,dominance,quadratic_ridge,hybrid,0.3113405230719614
iemocap,20260920,0,0.75,valence,linear_ridge,absolute,0.030700111515853005
iemocap,20260920,0,0.75,arousal,linear_ridge,absolute,0.4157854578342603
iemocap,20260920,0,0.75,dominance,linear_ridge,absolute,0.3398105044972838
iemocap,20260920,0,0.75,valence,linear_ridge,relative,0.028546052066851266
iemocap,20260920,0,0.75,arousal,linear_ridge,relative,0.47537598987880514
iemocap,20260920,0,0.75,dominance,linear_ridge,relative,0.3490239225114047
iemocap,20260920,0,0.75,valence,linear_ridge,hybrid,0.030242542992592183
iemocap,20260920,0,0.75,arousal,linear_ridge,hybrid,0.4752093556632677
iemocap,20260920,0,0.75,dominance,linear_ridge,hybrid,0.34656436017623754
iemocap,20260920,0,0.75,valence,quadratic_ridge,absolute,0.060476068431728064
iemocap,20260920,0,0.75,arousal,quadratic_ridge,absolute,0.4704256974412393
iemocap,20260920,0,0.75,dominance,quadratic_ridge,absolute,0.37414615446336696
iemocap,20260920,0,0.75,valence,quadratic_ridge,relative,0.05276531948030494
iemocap,20260920,0,0.75,arousal,quadratic_ridge,relative,0.48940925041322386
iemocap,20260920,0,0.75,dominance,quadratic_ridge,relative,0.36036989329120855
iemocap,20260920,0,0.75,valence,quadratic_ridge,hybrid,0.07911008277840105
iemocap,20260920,0,0.75,arousal,quadratic_ridge,hybrid,0.4539674694213663
iemocap,20260920,0,0.75,dominance,quadratic_ridge,hybrid,0.25140282878281
iemocap,20260920,0,1.0,valence,linear_ridge,absolute,0.03167022700223993
iemocap,20260920,0,1.0,arousal,linear_ridge,absolute,0.42271798314352854
iemocap,20260920,0,1.0,dominance,linear_ridge,absolute,0.344671537441178
iemocap,20260920,0,1.0,valence,linear_ridge,relative,0.0282741455838144
iemocap,20260920,0,1.0,arousal,linear_ridge,relative,0.47277932699221414
iemocap,20260920,0,1.0,dominance,linear_ridge,relative,0.34871004753785245
iemocap,20260920,0,1.0,valence,linear_ridge,hybrid,0.031139911228433417
iemocap,20260920,0,1.0,arousal,linear_ridge,hybrid,0.4712649350976631
iemocap,20260920,0,1.0,dominance,linear_ridge,hybrid,0.3441134769803263
iemocap,20260920,0,1.0,valence,quadratic_ridge,absolute,0.060820538333522314
iemocap,20260920,0,1.0,arousal,quadratic_ridge,absolute,0.4808033796431764
iemocap,20260920,0,1.0,dominance,quadratic_ridge,absolute,0.38047720771493193
iemocap,20260920,0,1.0,valence,quadratic_ridge,relative,0.05342407320963509
iemocap,20260920,0,1.0,arousal,quadratic_ridge,relative,0.48607816890735167
iemocap,20260920,0,1.0,dominance,quadratic_ridge,relative,0.35879180970605684
iemocap,20260920,0,1.0,valence,quadratic_ridge,hybrid,0.0831107367026144
iemocap,20260920,0,1.0,arousal,quadratic_ridge,hybrid,0.3944357417320598
iemocap,20260920,0,1.0,dominance,quadratic_ridge,hybrid,0.1997617245001374
iemocap,20260920,1,0.0,valence,linear_ridge,absolute,0.028916054276218156
iemocap,20260920,1,0.0,arousal,linear_ridge,absolute,0.4082456679466249
iemocap,20260920,1,0.0,dominance,linear_ridge,absolute,0.31565652151988993
iemocap,20260920,1,0.0,valence,linear_ridge,relative,0.028707170337815474
iemocap,20260920,1,0.0,arousal,linear_ridge,relative,0.5248091094624231
iemocap,20260920,1,0.0,dominance,linear_ridge,relative,0.35854554784272397
iemocap,20260920,1,0.0,valence,linear_ridge,hybrid,0.028659325424928293
iemocap,20260920,1,0.0,arousal,linear_ridge,hybrid,0.5248369011065483
iemocap,20260920,1,0.0,dominance,linear_ridge,hybrid,0.3591203172366542
iemocap,20260920,1,0.0,valence,quadratic_ridge,absolute,0.05445160254364417
iemocap,20260920,1,0.0,arousal,quadratic_ridge,absolute,0.42900991516319575
iemocap,20260920,1,0.0,dominance,quadratic_ridge,absolute,0.33051742646469856
iemocap,20260920,1,0.0,valence,quadratic_ridge,relative,0.06457550476423803
iemocap,20260920,1,0.0,arousal,quadratic_ridge,relative,0.5636667479767165
iemocap,20260920,1,0.0,dominance,quadratic_ridge,relative,0.38957455815964825
iemocap,20260920,1,0.0,valence,quadratic_ridge,hybrid,0.04549931672889082
iemocap,20260920,1,0.0,arousal,quadratic_ridge,hybrid,0.52165912570247
iemocap,20260920,1,0.0,dominance,quadratic_ridge,hybrid,0.4057921753485507
iemocap,20260920,1,0.25,valence,linear_ridge,absolute,0.02796293675965701
iemocap,20260920,1,0.25,arousal,linear_ridge,absolute,0.4141486079350376
iemocap,20260920,1,0.25,dominance,linear_ridge,absolute,0.32248790833940544
iemocap,20260920,1,0.25,valence,linear_ridge,relative,0.02869051571814742
iemocap,20260920,1,0.25,arousal,linear_ridge,relative,0.5243900296194883
iemocap,20260920,1,0.25,dominance,linear_ridge,relative,0.3558165910455785
iemocap,20260920,1,0.25,valence,linear_ridge,hybrid,0.028770630756238685
iemocap,20260920,1,0.25,arousal,linear_ridge,hybrid,0.525780786300917
iemocap,20260920,1,0.25,dominance,linear_ridge,hybrid,0.3582684163171589
iemocap,20260920,1,0.25,valence,quadratic_ridge,absolute,0.05351412738715465
iemocap,20260920,1,0.25,arousal,quadratic_ridge,absolute,0.4353242273764209
iemocap,20260920,1,0.25,dominance,quadratic_ridge,absolute,0.33735743715551847
iemocap,20260920,1,0.25,valence,quadratic_ridge,relative,0.06472160552691099
iemocap,20260920,1,0.25,arousal,quadratic_ridge,relative,0.5629332547531546
iemocap,20260920,1,0.25,dominance,quadratic_ridge,relative,0.3854357121549773
iemocap,20260920,1,0.25,valence,quadratic_ridge,hybrid,0.04548409301585324
iemocap,20260920,1,0.25,arousal,quadratic_ridge,hybrid,0.5051550160191097
iemocap,20260920,1,0.25,dominance,quadratic_ridge,hybrid,0.40127414908522885
iemocap,20260920,1,0.5,valence,linear_ridge,absolute,0.027030145902566017
iemocap,20260920,1,0.5,arousal,linear_ridge,absolute,0.4181801445821653
iemocap,20260920,1,0.5,dominance,linear_ridge,absolute,0.322506195834719
iemocap,20260920,1,0.5,valence,linear_ridge,relative,0.028670825355983802
iemocap,20260920,1,0.5,arousal,linear_ridge,relative,0.5220636364096334
iemocap,20260920,1,0.5,dominance,linear_ridge,relative,0.3465865942014617
iemocap,20260920,1,0.5,valence,linear_ridge,hybrid,0.028915110800464907
iemocap,20260920,1,0.5,arousal,linear_ridge,hybrid,0.5260435416990592
iemocap,20260920,1,0.5,dominance,linear_ridge,hybrid,0.3520595010900582
iemocap,20260920,1,0.5,valence,quadratic_ridge,absolute,0.05259043264136068
iemocap,20260920,1,0.5,arousal,quadratic_ridge,absolute,0.43966441268374895
iemocap,20260920,1,0.5,dominance,quadratic_ridge,absolute,0.33714027734663893
iemocap,20260920,1,0.5,valence,quadratic_ridge,relative,0.06486019077489784
iemocap,20260920,1,0.5,arousal,quadratic_ridge,relative,0.5602456939596504
iemocap,20260920,1,0.5,dominance,quadratic_ridge,relative,0.3745234756080899
iemocap,20260920,1,0.5,valence,quadratic_ridge,hybrid,0.04541811897001826
iemocap,20260920,1,0.5,arousal,quadratic_ridge,hybrid,0.4305121051423528
iemocap,20260920,1,0.5,dominance,quadratic_ridge,hybrid,0.3834413257507247
iemocap,20260920,1,0.75,valence,linear_ridge,absolute,0.02611809914418119
iemocap,20260920,1,0.75,arousal,linear_ridge,absolute,0.42032240798404225
iemocap,20260920,1,0.75,dominance,linear_ridge,absolute,0.3161339711224424
iemocap,20260920,1,0.75,valence,linear_ridge,relative,0.028648086665682127
iemocap,20260920,1,0.75,arousal,linear_ridge,relative,0.5178447108266371
iemocap,20260920,1,0.75,dominance,linear_ridge,relative,0.33183326999178153
iemocap,20260920,1,0.75,valence,linear_ridge,hybrid,0.029091294913560096
iemocap,20260920,1,0.75,arousal,linear_ridge,hybrid,0.5256339102037425
iemocap,20260920,1,0.75,dominance,linear_ridge,hybrid,0.3411897685635519
iemocap,20260920,1,0.75,valence,quadratic_ridge,absolute,0.05168110009269551
iemocap,20260920,1,0.75,arousal,quadratic_ridge,absolute,0.4420063230584709
iemocap,20260920,1,0.75,dominance,quadratic_ridge,absolute,0.3302438095163575
iemocap,20260920,1,0.75,valence,quadratic_ridge,relative,0.06499105816941989
iemocap,20260920,1,0.75,arousal,quadratic_ridge,relative,0.5556169062543173
iemocap,20260920,1,0.75,dominance,quadratic_ridge,relative,0.3579636922272509
iemocap,20260920,1,0.75,valence,quadratic_ridge,hybrid,0.0452146229789269
iemocap,20260920,1,0.75,arousal,quadratic_ridge,hybrid,0.33689662491029315
iemocap,20260920,1,0.75,dominance,quadratic_ridge,hybrid,0.3580175246193983
iemocap,20260920,1,1.0,valence,linear_ridge,absolute,0.025227217483769906
iemocap,20260920,1,1.0,arousal,linear_ridge,absolute,0.4206135356831011
iemocap,20260920,1,1.0,dominance,linear_ridge,absolute,0.3044492627038624
iemocap,20260920,1,1.0,valence,linear_ridge,relative,0.028622362307621642
iemocap,20260920,1,1.0,arousal,linear_ridge,relative,0.5118543907646798
iemocap,20260920,1,1.0,dominance,linear_ridge,relative,0.3129636820181852
iemocap,20260920,1,1.0,valence,linear_ridge,hybrid,0.029297315893197996
iemocap,20260920,1,1.0,arousal,linear_ridge,hybrid,0.5245524010108485
iemocap,20260920,1,1.0,dominance,linear_ridge,hybrid,0.32674646947589675
iemocap,20260920,1,1.0,valence,quadratic_ridge,absolute,0.05078671567795358
iemocap,20260920,1,1.0,arousal,quadratic_ridge,absolute,0.4423605042341748
iemocap,20260920,1,1.0,dominance,quadratic_ridge,absolute,0.3177536234669834
iemocap,20260920,1,1.0,valence,quadratic_ridge,relative,0.06511406656174244
iemocap,20260920,1,1.0,arousal,quadratic_ridge,relative,0.5491947317556897
iemocap,20260920,1,1.0,dominance,quadratic_ridge,relative,0.33727832746373265
iemocap,20260920,1,1.0,valence,quadratic_ridge,hybrid,0.04538856961538551
iemocap,20260920,1,1.0,arousal,quadratic_ridge,hybrid,0.24151566139052558
iemocap,20260920,1,1.0,dominance,quadratic_ridge,hybrid,0.32165470716501465
iemocap,20260920,2,0.0,valence,linear_ridge,absolute,0.029817970018444006
iemocap,20260920,2,0.0,arousal,linear_ridge,absolute,0.2997928112671846
iemocap,20260920,2,0.0,dominance,linear_ridge,absolute,0.23963714026084787
iemocap,20260920,2,0.0,valence,linear_ridge,relative,0.030049299140569783
iemocap,20260920,2,0.0,arousal,linear_ridge,relative,0.41223624139577875
iemocap,20260920,2,0.0,dominance,linear_ridge,relative,0.27714891707415584
iemocap,20260920,2,0.0,valence,linear_ridge,hybrid,0.03007941436608391
iemocap,20260920,2,0.0,arousal,linear_ridge,hybrid,0.4126502704227975
iemocap,20260920,2,0.0,dominance,linear_ridge,hybrid,0.2776259305353182
iemocap,20260920,2,0.0,valence,quadratic_ridge,absolute,0.060432775286611624
iemocap,20260920,2,0.0,arousal,quadratic_ridge,absolute,0.3473250970015069
iemocap,20260920,2,0.0,dominance,quadratic_ridge,absolute,0.268096374067789
iemocap,20260920,2,0.0,valence,quadratic_ridge,relative,0.05339607241405502
iemocap,20260920,2,0.0,arousal,quadratic_ridge,relative,0.43910770305095614
iemocap,20260920,2,0.0,dominance,quadratic_ridge,relative,0.2858750068904737
iemocap,20260920,2,0.0,valence,quadratic_ridge,hybrid,0.07284630437540524
iemocap,20260920,2,0.0,arousal,quadratic_ridge,hybrid,0.41363684846264914
iemocap,20260920,2,0.0,dominance,quadratic_ridge,hybrid,0.26759455424882034
iemocap,20260920,2,0.25,valence,linear_ridge,absolute,0.030221319289613666
iemocap,20260920,2,0.25,arousal,linear_ridge,absolute,0.3249873075275221
iemocap,20260920,2,0.25,dominance,linear_ridge,absolute,0.25069203967254555
iemocap,20260920,2,0.25,valence,linear_ridge,relative,0.02997473994271458
iemocap,20260920,2,0.25,arousal,linear_ridge,relative,0.4091234070440575
iemocap,20260920,2,0.25,dominance,linear_ridge,relative,0.27567794046017774
iemocap,20260920,2,0.25,valence,linear_ridge,hybrid,0.02980030813444904
iemocap,20260920,2,0.25,arousal,linear_ridge,hybrid,0.4108156049143068
iemocap,20260920,2,0.25,dominance,linear_ridge,hybrid,0.2790088318238081
iemocap,20260920,2,0.25,valence,quadratic_ridge,absolute,0.06045443716207614
iemocap,20260920,2,0.25,arousal,quadratic_ridge,absolute,0.3747343462748761
iemocap,20260920,2,0.25,dominance,quadratic_ridge,absolute,0.28082190006803903
iemocap,20260920,2,0.25,valence,quadratic_ridge,relative,0.05328299225962301
iemocap,20260920,2,0.25,arousal,quadratic_ridge,relative,0.4355083821652549
iemocap,20260920,2,0.25,dominance,quadratic_ridge,relative,0.283097152200793
iemocap,20260920,2,0.25,valence,quadratic_ridge,hybrid,0.0728926179737392
iemocap,20260920,2,0.25,arousal,quadratic_ridge,hybrid,0.4165183958277683
iemocap,20260920,2,0.25,dominance,quadratic_ridge,hybrid,0.26562264473800223
iemocap,20260920,2,0.5,valence,linear_ridge,absolute,0.030359434068502986
iemocap,20260920,2,0.5,arousal,linear_ridge,absolute,0.3460509082498487
iemocap,20260920,2,0.5,dominance,linear_ridge,absolute,0.2589130248459886
iemocap,20260920,2,0.5,valence,linear_ridge,relative,0.029887737600841166
iemocap,20260920,2,0.5,arousal,linear_ridge,relative,0.40269647252108787
iemocap,20260920,2,0.5,dominance,linear_ridge,relative,0.2715172103705632
iemocap,20260920,2,0.5,valence,linear_ridge,hybrid,0.028941356976399577
iemocap,20260920,2,0.5,arousal,linear_ridge,hybrid,0.4048827137829412
iemocap,20260920,2,0.5,dominance,linear_ridge,hybrid,0.2812951733310712
iemocap,20260920,2,0.5,valence,quadratic_ridge,absolute,0.06017758878087282
iemocap,20260920,2,0.5,arousal,quadratic_ridge,absolute,0.3978985566606644
iemocap,20260920,2,0.5,dominance,quadratic_ridge,absolute,0.2905728783585565
iemocap,20260920,2,0.5,valence,quadratic_ridge,relative,0.05313178855819309
iemocap,20260920,2,0.5,arousal,quadratic_ridge,relative,0.42852050450228063
iemocap,20260920,2,0.5,dominance,quadratic_ridge,relative,0.2777379150947664
iemocap,20260920,2,0.5,valence,quadratic_ridge,hybrid,0.07234963610727856
iemocap,20260920,2,0.5,arousal,quadratic_ridge,hybrid,0.415743150802337
iemocap,20260920,2,0.5,dominance,quadratic_ridge,hybrid,0.25857842184869245
iemocap,20260920,2,0.75,valence,linear_ridge,absolute,0.030231859356412014
iemocap,20260920,2,0.75,arousal,linear_ridge,absolute,0.36246436020211553
iemocap,20260920,2,0.75,dominance,linear_ridge,absolute,0.26404316541625056
iemocap,20260920,2,0.75,valence,linear_ridge,relative,0.029788594222197554
iemocap,20260920,2,0.75,arousal,linear_ridge,relative,0.393237364742353
iemocap,20260920,2,0.75,dominance,linear_ridge,relative,0.26489410446104367
iemocap,20260920,2,0.75,valence,linear_ridge,hybrid,0.027505818374513935
iemocap,20260920,2,0.75,arousal,linear_ridge,hybrid,0.39559241644924525
iemocap,20260920,2,0.75,dominance,linear_ridge,hybrid,0.2844519848036404
iemocap,20260920,2,0.75,valence,quadratic_ridge,absolute,0.059603197084131095
iemocap,20260920,2,0.75,arousal,quadratic_ridge,absolute,0.41628861540721734
iemocap,20260920,2,0.75,dominance,quadratic_ridge,absolute,0.29705908451902496
iemocap,20260920,2,0.75,valence,quadratic_ridge,relative,0.05294370261251682
iemocap,20260920,2,0.75,arousal,quadratic_ridge,relative,0.41844728784442287
iemocap,20260920,2,0.75,dominance,quadratic_ridge,relative,0.2700587677202371
iemocap,20260920,2,0.75,valence,quadratic_ridge,hybrid,0.07149293638681851
iemocap,20260920,2,0.75,arousal,quadratic_ridge,hybrid,0.4138457111539396
iemocap,20260920,2,0.75,dominance,quadratic_ridge,hybrid,0.2469111098511141
iemocap,20260920,2,1.0,valence,linear_ridge,absolute,0.029839308001297304
iemocap,20260920,2,1.0,arousal,linear_ridge,absolute,0.37397098995505457
iemocap,20260920,2,1.0,dominance,linear_ridge,absolute,0.2660018662741448
iemocap,20260920,2,1.0,valence,linear_ridge,relative,0.02967731052304227
iemocap,20260920,2,1.0,arousal,linear_ridge,relative,0.38114142072742235
iemocap,20260920,2,1.0,dominance,linear_ridge,relative,0.2561854042354047
iemocap,20260920,2,1.0,valence,linear_ridge,hybrid,0.025499045225810233
iemocap,20260920,2,1.0,arousal,linear_ridge,hybrid,0.3839632926960019
iemocap,20260920,2,1.0,dominance,linear_ridge,hybrid,0.2884157226648227
iemocap,20260920,2,1.0,valence,quadratic_ridge,absolute,0.05873387848243874
iemocap,20260920,2,1.0,arousal,quadratic_ridge,absolute,0.4296352981265655
iemocap,20260920,2,1.0,dominance,quadratic_ridge,absolute,0.30017163808670977
iemocap,20260920,2,1.0,valence,quadratic_ridge,relative,0.05271820385270341
iemocap,20260920,2,1.0,arousal,quadratic_ridge,relative,0.40569613931929
iemocap,20260920,2,1.0,dominance,quadratic_ridge,relative,0.2604574475470724
iemocap,20260920,2,1.0,valence,quadratic_ridge,hybrid,0.0696888371850606
iemocap,20260920,2,1.0,arousal,quadratic_ridge,hybrid,0.4070575581429225
iemocap,20260920,2,1.0,dominance,quadratic_ridge,hybrid,0.23154526425103386
iemocap,20260920,3,0.0,valence,linear_ridge,absolute,0.03826925758744826
iemocap,20260920,3,0.0,arousal,linear_ridge,absolute,0.4080078006787715
iemocap,20260920,3,0.0,dominance,linear_ridge,absolute,0.34242634847619446
iemocap,20260920,3,0.0,valence,linear_ridge,relative,0.038761318831010576
iemocap,20260920,3,0.0,arousal,linear_ridge,relative,0.5249507177451483
iemocap,20260920,3,0.0,dominance,linear_ridge,relative,0.3817068755205646
iemocap,20260920,3,0.0,valence,linear_ridge,hybrid,0.03879507616158929
iemocap,20260920,3,0.0,arousal,linear_ridge,hybrid,0.525724601199602
iemocap,20260920,3,0.0,dominance,linear_ridge,hybrid,0.38220732448272243
iemocap,20260920,3,0.0,valence,quadratic_ridge,absolute,0.06954081545988607
iemocap,20260920,3,0.0,arousal,quadratic_ridge,absolute,0.43127960768812096
iemocap,20260920,3,0.0,dominance,quadratic_ridge,absolute,0.354978515671449
iemocap,20260920,3,0.0,valence,quadratic_ridge,relative,0.08628610802344952
iemocap,20260920,3,0.0,arousal,quadratic_ridge,relative,0.5684917426296981
iemocap,20260920,3,0.0,dominance,quadratic_ridge,relative,0.41413712866781566
iemocap,20260920,3,0.0,valence,quadratic_ridge,hybrid,0.05863660583106336
iemocap,20260920,3,0.0,arousal,quadratic_ridge,hybrid,0.5692081785152081
iemocap,20260920,3,0.0,dominance,quadratic_ridge,hybrid,0.383306037999673
iemocap,20260920,3,0.25,valence,linear_ridge,absolute,0.03831602982138092
iemocap,20260920,3,0.25,arousal,linear_ridge,absolute,0.40506451321489334
iemocap,20260920,3,0.25,dominance,linear_ridge,absolute,0.34421690034838937
iemocap,20260920,3,0.25,valence,linear_ridge,relative,0.03860346559699568
iemocap,20260920,3,0.25,arousal,linear_ridge,relative,0.5247038386589755
iemocap,20260920,3,0.25,dominance,linear_ridge,relative,0.38387070913164895
iemocap,20260920,3,0.25,valence,linear_ridge,hybrid,0.03875845192678799
iemocap,20260920,3,0.25,arousal,linear_ridge,hybrid,0.5274683117956362
iemocap,20260920,3,0.25,dominance,linear_ridge,hybrid,0.38324178582255264
iemocap,20260920,3,0.25,valence,quadratic_ridge,absolute,0.06952300676201636
iemocap,20260920,3,0.25,arousal,quadratic_ridge,absolute,0.4302540575961172
iemocap,20260920,3,0.25,dominance,quadratic_ridge,absolute,0.3580037410889718
iemocap,20260920,3,0.25,valence,quadratic_ridge,relative,0.08660985355146118
iemocap,20260920,3,0.25,arousal,quadratic_ridge,relative,0.5682033456534527
iemocap,20260920,3,0.25,dominance,quadratic_ridge,relative,0.4159153218748726
iemocap,20260920,3,0.25,valence,quadratic_ridge,hybrid,0.058832177296208064
iemocap,20260920,3,0.25,arousal,quadratic_ridge,hybrid,0.5715203630820634
iemocap,20260920,3,0.25,dominance,quadratic_ridge,hybrid,0.377419389692943
iemocap,20260920,3,0.5,valence,linear_ridge,absolute,0.038460107436412844
iemocap,20260920,3,0.5,arousal,linear_ridge,absolute,0.3986518436000303
iemocap,20260920,3,0.5,dominance,linear_ridge,absolute,0.3438893361623204
iemocap,20260920,3,0.5,valence,linear_ridge,relative,0.03843966012922108
iemocap,20260920,3,0.5,arousal,linear_ridge,relative,0.5211649625018651
iemocap,20260920,3,0.5,dominance,linear_ridge,relative,0.38477552610434135
iemocap,20260920,3,0.5,valence,linear_ridge,hybrid,0.03868469561452599
iemocap,20260920,3,0.5,arousal,linear_ridge,hybrid,0.5278274373154966
iemocap,20260920,3,0.5,dominance,linear_ridge,hybrid,0.38032624422746486
iemocap,20260920,3,0.5,valence,quadratic_ridge,absolute,0.06960023678569723
iemocap,20260920,3,0.5,arousal,quadratic_ridge,absolute,0.42580357647927514
iemocap,20260920,3,0.5,dominance,quadratic_ridge,absolute,0.35905563117227707
iemocap,20260920,3,0.5,valence,quadratic_ridge,relative,0.08692105638223052
iemocap,20260920,3,0.5,arousal,quadratic_ridge,relative,0.5644577501162139
iemocap,20260920,3,0.5,dominance,quadratic_ridge,relative,0.41614442642078353
iemocap,20260920,3,0.5,valence,quadratic_ridge,hybrid,0.059262700347100204
iemocap,20260920,3,0.5,arousal,quadratic_ridge,hybrid,0.5599742260802267
iemocap,20260920,3,0.5,dominance,quadratic_ridge,hybrid,0.3571131108529021
iemocap,20260920,3,0.75,valence,linear_ridge,absolute,0.038701289028163145
iemocap,20260920,3,0.75,arousal,linear_ridge,absolute,0.38900577470222253
iemocap,20260920,3,0.75,dominance,linear_ridge,absolute,0.34152818352453257
iemocap,20260920,3,0.75,valence,linear_ridge,relative,0.03827006118358559
iemocap,20260920,3,0.75,arousal,linear_ridge,relative,0.5145385590769938
iemocap,20260920,3,0.75,dominance,linear_ridge,relative,0.38442987903751485
iemocap,20260920,3,0.75,valence,linear_ridge,hybrid,0.038574201602332873
iemocap,20260920,3,0.75,arousal,linear_ridge,hybrid,0.5268109720565116
iemocap,20260920,3,0.75,dominance,linear_ridge,hybrid,0.37370516340413107
iemocap,20260920,3,0.75,valence,quadratic_ridge,absolute,0.06977267747503896
iemocap,20260920,3,0.75,arousal,quadratic_ridge,absolute,0.41811443636390133
iemocap,20260920,3,0.75,dominance,quadratic_ridge,absolute,0.3582016415374008
iemocap,20260920,3,0.75,valence,quadratic_ridge,relative,0.0872197895571105
iemocap,20260920,3,0.75,arousal,quadratic_ridge,relative,0.5574418362567757
iemocap,20260920,3,0.75,dominance,quadratic_ridge,relative,0.4148317692702442
iemocap,20260920,3,0.75,valence,quadratic_ridge,hybrid,0.05954919777994359
iemocap,20260920,3,0.75,arousal,quadratic_ridge,hybrid,0.538490428776741
iemocap,20260920,3,0.75,dominance,quadratic_ridge,hybrid,0.31766504956363023
iemocap,20260920,3,1.0,valence,linear_ridge,absolute,0.039038563874782675
iemocap,20260920,3,1.0,arousal,linear_ridge,absolute,0.37645680518313757
iemocap,20260920,3,1.0,dominance,linear_ridge,absolute,0.3372501831102673
iemocap,20260920,3,1.0,valence,linear_ridge,relative,0.038094603343759775
iemocap,20260920,3,1.0,arousal,linear_ridge,relative,0.5050669657958148
iemocap,20260920,3,1.0,dominance,linear_ridge,relative,0.3828662803207984
iemocap,20260920,3,1.0,valence,linear_ridge,hybrid,0.038426855156608354
iemocap,20260920,3,1.0,arousal,linear_ridge,hybrid,0.5244311772328805
iemocap,20260920,3,1.0,dominance,linear_ridge,hybrid,0.36384214999276204
iemocap,20260920,3,1.0,valence,quadratic_ridge,absolute,0.07003854671828803
iemocap,20260920,3,1.0,arousal,quadratic_ridge,absolute,0.40746841464283345
iemocap,20260920,3,1.0,dominance,quadratic_ridge,absolute,0.35553701375908886
iemocap,20260920,3,1.0,valence,quadratic_ridge,relative,0.08750549258444776
iemocap,20260920,3,1.0,arousal,quadratic_ridge,relative,0.5473817107377557
iemocap,20260920,3,1.0,dominance,quadratic_ridge,relative,0.4120147318781594
iemocap,20260920,3,1.0,valence,quadratic_ridge,hybrid,0.06047861578303519
iemocap,20260920,3,1.0,arousal,quadratic_ridge,hybrid,0.49730866436364507
iemocap,20260920,3,1.0,dominance,quadratic_ridge,hybrid,0.2634730080814151
iemocap,20260920,4,0.0,valence,linear_ridge,absolute,0.03057244633794505
iemocap,20260920,4,0.0,arousal,linear_ridge,absolute,0.3206082666860903
iemocap,20260920,4,0.0,dominance,linear_ridge,absolute,0.19040051147538847
iemocap,20260920,4,0.0,valence,linear_ridge,relative,0.03334429330937963
iemocap,20260920,4,0.0,arousal,linear_ridge,relative,0.45290934793036897
iemocap,20260920,4,0.0,dominance,linear_ridge,relative,0.21331172066314688
iemocap,20260920,4,0.0,valence,linear_ridge,hybrid,0.03335821565280761
iemocap,20260920,4,0.0,arousal,linear_ridge,hybrid,0.45281644036769403
iemocap,20260920,4,0.0,dominance,linear_ridge,hybrid,0.21355107967050893
iemocap,20260920,4,0.0,valence,quadratic_ridge,absolute,0.03927959162573275
iemocap,20260920,4,0.0,arousal,quadratic_ridge,absolute,0.2835724560195527
iemocap,20260920,4,0.0,dominance,quadratic_ridge,absolute,0.19693596557483936
iemocap,20260920,4,0.0,valence,quadratic_ridge,relative,0.05505081784517559
iemocap,20260920,4,0.0,arousal,quadratic_ridge,relative,0.4722538712687599
iemocap,20260920,4,0.0,dominance,quadratic_ridge,relative,0.22132418413812982
iemocap,20260920,4,0.0,valence,quadratic_ridge,hybrid,0.046526414127963905
iemocap,20260920,4,0.0,arousal,quadratic_ridge,hybrid,0.44285069608809
iemocap,20260920,4,0.0,dominance,quadratic_ridge,hybrid,0.23123785807361408
iemocap,20260920,4,0.25,valence,linear_ridge,absolute,0.03127416277236823
iemocap,20260920,4,0.25,arousal,linear_ridge,absolute,0.32130677954811093
iemocap,20260920,4,0.25,dominance,linear_ridge,absolute,0.19361855263248148
iemocap,20260920,4,0.25,valence,linear_ridge,relative,0.03326402711991691
iemocap,20260920,4,0.25,arousal,linear_ridge,relative,0.45094295184652394
iemocap,20260920,4,0.25,dominance,linear_ridge,relative,0.2133028985984267
iemocap,20260920,4,0.25,valence,linear_ridge,hybrid,0.03344174232678943
iemocap,20260920,4,0.25,arousal,linear_ridge,hybrid,0.44955904880518727
iemocap,20260920,4,0.25,dominance,linear_ridge,hybrid,0.21423750752207774
iemocap,20260920,4,0.25,valence,quadratic_ridge,absolute,0.040058643107653065
iemocap,20260920,4,0.25,arousal,quadratic_ridge,absolute,0.2829716387881919
iemocap,20260920,4,0.25,dominance,quadratic_ridge,absolute,0.19875382417552379
iemocap,20260920,4,0.25,valence,quadratic_ridge,relative,0.055230186147783585
iemocap,20260920,4,0.25,arousal,quadratic_ridge,relative,0.47006590098230105
iemocap,20260920,4,0.25,dominance,quadratic_ridge,relative,0.22023399501950544
iemocap,20260920,4,0.25,valence,quadratic_ridge,hybrid,0.0460917603688768
iemocap,20260920,4,0.25,arousal,quadratic_ridge,hybrid,0.4466148012933335
iemocap,20260920,4,0.25,dominance,quadratic_ridge,hybrid,0.22399352674823822
iemocap,20260920,4,0.5,valence,linear_ridge,absolute,0.03194941262859198
iemocap,20260920,4,0.5,arousal,linear_ridge,absolute,0.3183686257766068
iemocap,20260920,4,0.5,dominance,linear_ridge,absolute,0.1958704358885836
iemocap,20260920,4,0.5,valence,linear_ridge,relative,0.033125440721415815
iemocap,20260920,4,0.5,arousal,linear_ridge,relative,0.4443936109896021
iemocap,20260920,4,0.5,dominance,linear_ridge,relative,0.2125184052882962
iemocap,20260920,4,0.5,valence,linear_ridge,hybrid,0.03364845140617322
iemocap,20260920,4,0.5,arousal,linear_ridge,hybrid,0.44445224137361605
iemocap,20260920,4,0.5,dominance,linear_ridge,hybrid,0.21601424901709343
iemocap,20260920,4,0.5,valence,quadratic_ridge,absolute,0.04078194869920729
iemocap,20260920,4,0.5,arousal,quadratic_ridge,absolute,0.27907058170988747
iemocap,20260920,4,0.5,dominance,quadratic_ridge,absolute,0.19964582265381361
iemocap,20260920,4,0.5,valence,quadratic_ridge,relative,0.055315244044309535
iemocap,20260920,4,0.5,arousal,quadratic_ridge,relative,0.46336680911139144
iemocap,20260920,4,0.5,dominance,quadratic_ridge,relative,0.21840714888218202
iemocap,20260920,4,0.5,valence,quadratic_ridge,hybrid,0.044959555635735914
iemocap,20260920,4,0.5,arousal,quadratic_ridge,hybrid,0.43884372580805314
iemocap,20260920,4,0.5,dominance,quadratic_ridge,hybrid,0.19330442161224579
iemocap,20260920,4,0.75,valence,linear_ridge,absolute,0.032595998982530794
iemocap,20260920,4,0.75,arousal,linear_ridge,absolute,0.3125523184363407
iemocap,20260920,4,0.75,dominance,linear_ridge,absolute,0.19718271323680275
iemocap,20260920,4,0.75,valence,linear_ridge,relative,0.03293050887123217
iemocap,20260920,4,0.75,arousal,linear_ridge,relative,0.4336546541477882
iemocap,20260920,4,0.75,dominance,linear_ridge,relative,0.21097497108751073
iemocap,20260920,4,0.75,valence,linear_ridge,hybrid,0.03397740231369813
iemocap,20260920,4,0.75,arousal,linear_ridge,hybrid,0.4378973123694482
iemocap,20260920,4,0.75,dominance,linear_ridge,hybrid,0.2188418395980845
iemocap,20260920,4,0.75,valence,quadratic_ridge,absolute,0.041446976197431
iemocap,20260920,4,0.75,arousal,quadratic_ridge,absolute,0.2725511620553796
iemocap,20260920,4,0.75,dominance,quadratic_ridge,absolute,0.199647613382238
iemocap,20260920,4,0.75,valence,quadratic_ridge,relative,0.055306894862917635
iemocap,20260920,4,0.75,arousal,quadratic_ridge,relative,0.4525883568135553
iemocap,20260920,4,0.75,dominance,quadratic_ridge,relative,0.2158734916613394
iemocap,20260920,4,0.75,valence,quadratic_ridge,hybrid,0.043205630992140726
iemocap,20260920,4,0.75,arousal,quadratic_ridge,hybrid,0.42166692036221526
iemocap,20260920,4,0.75,dominance,quadratic_ridge,hybrid,0.15199305066944668
iemocap,20260920,4,1.0,valence,linear_ridge,absolute,0.03321056558631032
iemocap,20260920,4,1.0,arousal,linear_ridge,absolute,0.3045795547985173
iemocap,20260920,4,1.0,dominance,linear_ridge,absolute,0.1976157817191261
iemocap,20260920,4,1.0,valence,linear_ridge,relative,0.03268021352492847
iemocap,20260920,4,1.0,arousal,linear_ridge,relative,0.41932000333638003
iemocap,20260920,4,1.0,dominance,linear_ridge,relative,0.2087096092660464
iemocap,20260920,4,1.0,valence,linear_ridge,hybrid,0.034425745029419974
iemocap,20260920,4,1.0,arousal,linear_ridge,hybrid,0.43032844805497444
iemocap,20260920,4,1.0,dominance,linear_ridge,hybrid,0.2226672284667149
iemocap,20260920,4,1.0,valence,quadratic_ridge,absolute,0.04205044242019338
iemocap,20260920,4,1.0,arousal,quadratic_ridge,absolute,0.264085961109529
iemocap,20260920,4,1.0,dominance,quadratic_ridge,absolute,0.19882367349046728
iemocap,20260920,4,1.0,valence,quadratic_ridge,relative,0.05520522917097392
iemocap,20260920,4,1.0,arousal,quadratic_ridge,relative,0.4383368036512846
iemocap,20260920,4,1.0,dominance,quadratic_ridge,relative,0.21268298923266593
iemocap,20260920,4,1.0,valence,quadratic_ridge,hybrid,0.041357535532072706
iemocap,20260920,4,1.0,arousal,quadratic_ridge,hybrid,0.4007798047955471
iemocap,20260920,4,1.0,dominance,quadratic_ridge,hybrid,0.1082029216375211
iemocap,20260921,0,0.0,valence,linear_ridge,absolute,0.04377354325999168
iemocap,20260921,0,0.0,arousal,linear_ridge,absolute,0.409391144069128
iemocap,20260921,0,0.0,dominance,linear_ridge,absolute,0.3564745417422363
iemocap,20260921,0,0.0,valence,linear_ridge,relative,0.044885274735011575
iemocap,20260921,0,0.0,arousal,linear_ridge,relative,0.486808492196649
iemocap,20260921,0,0.0,dominance,linear_ridge,relative,0.38172047978202733
iemocap,20260921,0,0.0,valence,linear_ridge,hybrid,0.04491952198886861
iemocap,20260921,0,0.0,arousal,linear_ridge,hybrid,0.48789433062235116
iemocap,20260921,0,0.0,dominance,linear_ridge,hybrid,0.3823201833499561
iemocap,20260921,0,0.0,valence,quadratic_ridge,absolute,0.09690836304221953
iemocap,20260921,0,0.0,arousal,quadratic_ridge,absolute,0.4510475961973706
iemocap,20260921,0,0.0,dominance,quadratic_ridge,absolute,0.3747420215262433
iemocap,20260921,0,0.0,valence,quadratic_ridge,relative,0.07940231231242083
iemocap,20260921,0,0.0,arousal,quadratic_ridge,relative,0.5156070992818697
iemocap,20260921,0,0.0,dominance,quadratic_ridge,relative,0.40195621528422315
iemocap,20260921,0,0.0,valence,quadratic_ridge,hybrid,0.08013192204998279
iemocap,20260921,0,0.0,arousal,quadratic_ridge,hybrid,0.5296112440640334
iemocap,20260921,0,0.0,dominance,quadratic_ridge,hybrid,0.37619605652988464
iemocap,20260921,0,0.25,valence,linear_ridge,absolute,0.04485022849320015
iemocap,20260921,0,0.25,arousal,linear_ridge,absolute,0.41551944233781224
iemocap,20260921,0,0.25,dominance,linear_ridge,absolute,0.36379212837023445
iemocap,20260921,0,0.25,valence,linear_ridge,relative,0.044793464923455865
iemocap,20260921,0,0.25,arousal,linear_ridge,relative,0.48492713920728064
iemocap,20260921,0,0.25,dominance,linear_ridge,relative,0.3816412810587794
iemocap,20260921,0,0.25,valence,linear_ridge,hybrid,0.04508890697189237
iemocap,20260921,0,0.25,arousal,linear_ridge,hybrid,0.4876146158876057
iemocap,20260921,0,0.25,dominance,linear_ridge,hybrid,0.3830134560141713
iemocap,20260921,0,0.25,valence,quadratic_ridge,absolute,0.0982318338820123
iemocap,20260921,0,0.25,arousal,quadratic_ridge,absolute,0.46119439940131846
iemocap,20260921,0,0.25,dominance,quadratic_ridge,absolute,0.3858365248981594
iemocap,20260921,0,0.25,valence,quadratic_ridge,relative,0.07984160996168375
iemocap,20260921,0,0.25,arousal,quadratic_ridge,relative,0.5141484206932423
iemocap,20260921,0,0.25,dominance,quadratic_ridge,relative,0.4015753968770976
iemocap,20260921,0,0.25,valence,quadratic_ridge,hybrid,0.08042971511578995
iemocap,20260921,0,0.25,arousal,quadratic_ridge,hybrid,0.5385496792437544
iemocap,20260921,0,0.25,dominance,quadratic_ridge,hybrid,0.3717182660367238
iemocap,20260921,0,0.5,valence,linear_ridge,absolute,0.04586761664969632
iemocap,20260921,0,0.5,arousal,linear_ridge,absolute,0.41892075725194944
iemocap,20260921,0,0.5,dominance,linear_ridge,absolute,0.3701251300918646
iemocap,20260921,0,0.5,valence,linear_ridge,relative,0.044616317069358646
iemocap,20260921,0,0.5,arousal,linear_ridge,relative,0.4802419642839661
iemocap,20260921,0,0.5,dominance,linear_ridge,relative,0.3806938833025043
iemocap,20260921,0,0.5,valence,linear_ridge,hybrid,0.0455398774925915
iemocap,20260921,0,0.5,arousal,linear_ridge,hybrid,0.488118026396017
iemocap,20260921,0,0.5,dominance,linear_ridge,hybrid,0.3847655136837658
iemocap,20260921,0,0.5,valence,quadratic_ridge,absolute,0.0993874953367597
iemocap,20260921,0,0.5,arousal,quadratic_ridge,absolute,0.4683916948831963
iemocap,20260921,0,0.5,dominance,quadratic_ridge,absolute,0.3958076213142031
iemocap,20260921,0,0.5,valence,quadratic_ridge,relative,0.08013199773824209
iemocap,20260921,0,0.5,arousal,quadratic_ridge,relative,0.5095239591339167
iemocap,20260921,0,0.5,dominance,quadratic_ridge,relative,0.4001162730860573
iemocap,20260921,0,0.5,valence,quadratic_ridge,hybrid,0.08019537063525546
iemocap,20260921,0,0.5,arousal,quadratic_ridge,hybrid,0.5431081889595399
iemocap,20260921,0,0.5,dominance,quadratic_ridge,hybrid,0.3558294343677447
iemocap,20260921,0,0.75,valence,linear_ridge,absolute,0.04681944245334444
iemocap,20260921,0,0.75,arousal,linear_ridge,absolute,0.4197897495333493
iemocap,20260921,0,0.75,dominance,linear_ridge,absolute,0.37544795048015256
iemocap,20260921,0,0.75,valence,linear_ridge,relative,0.04435467388520829
iemocap,20260921,0,0.75,arousal,linear_ridge,relative,0.4728994678866508
iemocap,20260921,0,0.75,dominance,linear_ridge,relative,0.3788962174394144
iemocap,20260921,0,0.75,valence,linear_ridge,hybrid,0.046263227995228084
iemocap,20260921,0,0.75,arousal,linear_ridge,hybrid,0.4893718076842065
iemocap,20260921,0,0.75,dominance,linear_ridge,hybrid,0.3875349334242595
iemocap,20260921,0,0.75,valence,quadratic_ridge,absolute,0.10036819242978932
iemocap,20260921,0,0.75,arousal,quadratic_ridge,absolute,0.4728175090055877
iemocap,20260921,0,0.75,dominance,quadratic_ridge,absolute,0.4046081963590692
iemocap,20260921,0,0.75,valence,quadratic_ridge,relative,0.08027160693124681
iemocap,20260921,0,0.75,arousal,quadratic_ridge,relative,0.5019062550267955
iemocap,20260921,0,0.75,dominance,quadratic_ridge,relative,0.39760079376350993
iemocap,20260921,0,0.75,valence,quadratic_ridge,hybrid,0.0793096972455755
iemocap,20260921,0,0.75,arousal,quadratic_ridge,hybrid,0.5453492507366487
iemocap,20260921,0,0.75,dominance,quadratic_ridge,hybrid,0.3330251214644546
iemocap,20260921,0,1.0,valence,linear_ridge,absolute,0.04770354960934841
iemocap,20260921,0,1.0,arousal,linear_ridge,absolute,0.41822578406264665
iemocap,20260921,0,1.0,dominance,linear_ridge,absolute,0.37975088215587055
iemocap,20260921,0,1.0,valence,linear_ridge,relative,0.04401211120054644
iemocap,20260921,0,1.0,arousal,linear_ridge,relative,0.4631101617276741
iemocap,20260921,0,1.0,dominance,linear_ridge,relative,0.37626683676542594
iemocap,20260921,0,1.0,valence,linear_ridge,hybrid,0.047247193911989956
iemocap,20260921,0,1.0,arousal,linear_ridge,hybrid,0.4913378884755726
iemocap,20260921,0,1.0,dominance,linear_ridge,hybrid,0.3912668642027405
iemocap,20260921,0,1.0,valence,quadratic_ridge,absolute,0.10117602090570237
iemocap,20260921,0,1.0,arousal,quadratic_ridge,absolute,0.4745456402810815
iemocap,20260921,0,1.0,dominance,quadratic_ridge,absolute,0.41221262878627196
iemocap,20260921,0,1.0,valence,quadratic_ridge,relative,0.08026308597259364
iemocap,20260921,0,1.0,arousal,quadratic_ridge,relative,0.4915309915870433
iemocap,20260921,0,1.0,dominance,quadratic_ridge,relative,0.3940575596926312
iemocap,20260921,0,1.0,valence,quadratic_ridge,hybrid,0.07784845817916386
iemocap,20260921,0,1.0,arousal,quadratic_ridge,hybrid,0.5375794659040898
iemocap,20260921,0,1.0,dominance,quadratic_ridge,hybrid,0.3126161027468487
iemocap,20260921,1,0.0,valence,linear_ridge,absolute,0.020293847921156585
iemocap,20260921,1,0.0,arousal,linear_ridge,absolute,0.367658220936641
iemocap,20260921,1,0.0,dominance,linear_ridge,absolute,0.25437173129933616
iemocap,20260921,1,0.0,valence,linear_ridge,relative,0.02302008471156133
iemocap,20260921,1,0.0,arousal,linear_ridge,relative,0.49952023914949817
iemocap,20260921,1,0.0,dominance,linear_ridge,relative,0.28565474734076846
iemocap,20260921,1,0.0,valence,linear_ridge,hybrid,0.022978182216314078
iemocap,20260921,1,0.0,arousal,linear_ridge,hybrid,0.49976669538355667
iemocap,20260921,1,0.0,dominance,linear_ridge,hybrid,0.2860895743819672
iemocap,20260921,1,0.0,valence,quadratic_ridge,absolute,0.031117348207624518
iemocap,20260921,1,0.0,arousal,quadratic_ridge,absolute,0.3226681059281259
iemocap,20260921,1,0.0,dominance,quadratic_ridge,absolute,0.2612237167102826
iemocap,20260921,1,0.0,valence,quadratic_ridge,relative,0.05099841021741891
iemocap,20260921,1,0.0,arousal,quadratic_ridge,relative,0.5291184028079909
iemocap,20260921,1,0.0,dominance,quadratic_ridge,relative,0.31316289944592335
iemocap,20260921,1,0.0,valence,quadratic_ridge,hybrid,0.04771681132051034
iemocap,20260921,1,0.0,arousal,quadratic_ridge,hybrid,0.476566051132818
iemocap,20260921,1,0.0,dominance,quadratic_ridge,hybrid,0.31055610848584986
iemocap,20260921,1,0.25,valence,linear_ridge,absolute,0.020338976921146522
iemocap,20260921,1,0.25,arousal,linear_ridge,absolute,0.37131798302810637
iemocap,20260921,1,0.25,dominance,linear_ridge,absolute,0.25757002094983683
iemocap,20260921,1,0.25,valence,linear_ridge,relative,0.022977401857657002
iemocap,20260921,1,0.25,arousal,linear_ridge,relative,0.4993929872487549
iemocap,20260921,1,0.25,dominance,linear_ridge,relative,0.28457432268308497
iemocap,20260921,1,0.25,valence,linear_ridge,hybrid,0.023138328523727384
iemocap,20260921,1,0.25,arousal,linear_ridge,hybrid,0.4995607911656447
iemocap,20260921,1,0.25,dominance,linear_ridge,hybrid,0.2864286687861983
iemocap,20260921,1,0.25,valence,quadratic_ridge,absolute,0.031640645706403965
iemocap,20260921,1,0.25,arousal,quadratic_ridge,absolute,0.323627085359048
iemocap,20260921,1,0.25,dominance,quadratic_ridge,absolute,0.26454450884439973
iemocap,20260921,1,0.25,valence,quadratic_ridge,relative,0.05150024107235601
iemocap,20260921,1,0.25,arousal,quadratic_ridge,relative,0.5286499743933508
iemocap,20260921,1,0.25,dominance,quadratic_ridge,relative,0.3095038543547644
iemocap,20260921,1,0.25,valence,quadratic_ridge,hybrid,0.049298688293276015
iemocap,20260921,1,0.25,arousal,quadratic_ridge,hybrid,0.46750969521083835
iemocap,20260921,1,0.25,dominance,quadratic_ridge,hybrid,0.31192007292668233
iemocap,20260921,1,0.5,valence,linear_ridge,absolute,0.020377132447166737
iemocap,20260921,1,0.5,arousal,linear_ridge,absolute,0.3743106150295714
iemocap,20260921,1,0.5,dominance,linear_ridge,absolute,0.25611905022287174
iemocap,20260921,1,0.5,valence,linear_ridge,relative,0.02289054163795156
iemocap,20260921,1,0.5,arousal,linear_ridge,relative,0.4984297392640691
iemocap,20260921,1,0.5,dominance,linear_ridge,relative,0.2787229092187937
iemocap,20260921,1,0.5,valence,linear_ridge,hybrid,0.023483137148773904
iemocap,20260921,1,0.5,arousal,linear_ridge,hybrid,0.49957360709449233
iemocap,20260921,1,0.5,dominance,linear_ridge,hybrid,0.2855334197612355
iemocap,20260921,1,0.5,valence,quadratic_ridge,absolute,0.0321296015776625
iemocap,20260921,1,0.5,arousal,quadratic_ridge,absolute,0.3240385501446119
iemocap,20260921,1,0.5,dominance,quadratic_ridge,absolute,0.2634363473123462
iemocap,20260921,1,0.5,valence,quadratic_ridge,relative,0.0519127640438347
iemocap,20260921,1,0.5,arousal,quadratic_ridge,relative,0.5273415936591139
iemocap,20260921,1,0.5,dominance,quadratic_ridge,relative,0.30093586108480647
iemocap,20260921,1,0.5,valence,quadratic_ridge,hybrid,0.05248821681222255
iemocap,20260921,1,0.5,arousal,quadratic_ridge,hybrid,0.41549656885846037
iemocap,20260921,1,0.5,dominance,quadratic_ridge,hybrid,0.3129147627905215
iemocap,20260921,1,0.75,valence,linear_ridge,absolute,0.020408104296436406
iemocap,20260921,1,0.75,arousal,linear_ridge,absolute,0.37665298241355305
iemocap,20260921,1,0.75,dominance,linear_ridge,absolute,0.2502075773513524
iemocap,20260921,1,0.75,valence,linear_ridge,relative,0.022760528171766898
iemocap,20260921,1,0.75,arousal,linear_ridge,relative,0.49663076781922166
iemocap,20260921,1,0.75,dominance,linear_ridge,relative,0.2687646877152871
iemocap,20260921,1,0.75,valence,linear_ridge,hybrid,0.024010080859741663
iemocap,20260921,1,0.75,arousal,linear_ridge,hybrid,0.4998182157326203
iemocap,20260921,1,0.75,dominance,linear_ridge,hybrid,0.2835186909380963
iemocap,20260921,1,0.75,valence,quadratic_ridge,absolute,0.03258175517631081
iemocap,20260921,1,0.75,arousal,quadratic_ridge,absolute,0.3239219759088839
iemocap,20260921,1,0.75,dominance,quadratic_ridge,absolute,0.258074869785786
iemocap,20260921,1,0.75,valence,quadratic_ridge,relative,0.052234811064680656
iemocap,20260921,1,0.75,arousal,quadratic_ridge,relative,0.5251964517877505
iemocap,20260921,1,0.75,dominance,quadratic_ridge,relative,0.288248105821273
iemocap,20260921,1,0.75,valence,quadratic_ridge,hybrid,0.05674994513860299
iemocap,20260921,1,0.75,arousal,quadratic_ridge,hybrid,0.35520098107588244
iemocap,20260921,1,0.75,dominance,quadratic_ridge,hybrid,0.31288479993133234
iemocap,20260921,1,1.0,valence,linear_ridge,absolute,0.02043174769015712
iemocap,20260921,1,1.0,arousal,linear_ridge,absolute,0.3782816093924177
iemocap,20260921,1,1.0,dominance,linear_ridge,absolute,0.2404913100597774
iemocap,20260921,1,1.0,valence,linear_ridge,relative,0.022588568008749317
iemocap,20260921,1,1.0,arousal,linear_ridge,relative,0.4940257393508056
iemocap,20260921,1,1.0,dominance,linear_ridge,relative,0.2556230512273494
iemocap,20260921,1,1.0,valence,linear_ridge,hybrid,0.024714894031728652
iemocap,20260921,1,1.0,arousal,linear_ridge,hybrid,0.5002744892566005
iemocap,20260921,1,1.0,dominance,linear_ridge,hybrid,0.28055457578121945
iemocap,20260921,1,1.0,valence,quadratic_ridge,absolute,0.03299477090722013
iemocap,20260921,1,1.0,arousal,quadratic_ridge,absolute,0.32323369413261654
iemocap,20260921,1,1.0,dominance,quadratic_ridge,absolute,0.24909330669217133
iemocap,20260921,1,1.0,valence,quadratic_ridge,relative,0.052465455586031266
iemocap,20260921,1,1.0,arousal,quadratic_ridge,relative,0.5222422896691428
iemocap,20260921,1,1.0,dominance,quadratic_ridge,relative,0.2724707851667437
iemocap,20260921,1,1.0,valence,quadratic_ridge,hybrid,0.06254483300666372
iemocap,20260921,1,1.0,arousal,quadratic_ridge,hybrid,0.29909242597290264
iemocap,20260921,1,1.0,dominance,quadratic_ridge,hybrid,0.31593550282037286
iemocap,20260921,2,0.0,valence,linear_ridge,absolute,0.03288980278492863
iemocap,20260921,2,0.0,arousal,linear_ridge,absolute,0.4240021183896062
iemocap,20260921,2,0.0,dominance,linear_ridge,absolute,0.2853487535780664
iemocap,20260921,2,0.0,valence,linear_ridge,relative,0.03384887290704338
iemocap,20260921,2,0.0,arousal,linear_ridge,relative,0.5506900079655164
iemocap,20260921,2,0.0,dominance,linear_ridge,relative,0.3255165545400222
iemocap,20260921,2,0.0,valence,linear_ridge,hybrid,0.03387182134916205
iemocap,20260921,2,0.0,arousal,linear_ridge,hybrid,0.5518694056494794
iemocap,20260921,2,0.0,dominance,linear_ridge,hybrid,0.3260180832353048
iemocap,20260921,2,0.0,valence,quadratic_ridge,absolute,0.047317152560150254
iemocap,20260921,2,0.0,arousal,quadratic_ridge,absolute,0.4123758475297002
iemocap,20260921,2,0.0,dominance,quadratic_ridge,absolute,0.28599807716676634
iemocap,20260921,2,0.0,valence,quadratic_ridge,relative,0.0722016398832856
iemocap,20260921,2,0.0,arousal,quadratic_ridge,relative,0.5846906298751017
iemocap,20260921,2,0.0,dominance,quadratic_ridge,relative,0.355488172242144
iemocap,20260921,2,0.0,valence,quadratic_ridge,hybrid,0.055071791131269976
iemocap,20260921,2,0.0,arousal,quadratic_ridge,hybrid,0.5790279322663527
iemocap,20260921,2,0.0,dominance,quadratic_ridge,hybrid,0.34722881524651983
iemocap,20260921,2,0.25,valence,linear_ridge,absolute,0.03353949393481005
iemocap,20260921,2,0.25,arousal,linear_ridge,absolute,0.4244963555797953
iemocap,20260921,2,0.25,dominance,linear_ridge,absolute,0.28899683307538826
iemocap,20260921,2,0.25,valence,linear_ridge,relative,0.03374650579188954
iemocap,20260921,2,0.25,arousal,linear_ridge,relative,0.5476993174863917
iemocap,20260921,2,0.25,dominance,linear_ridge,relative,0.32566196064709696
iemocap,20260921,2,0.25,valence,linear_ridge,hybrid,0.03386180230539262
iemocap,20260921,2,0.25,arousal,linear_ridge,hybrid,0.5513618290179992
iemocap,20260921,2,0.25,dominance,linear_ridge,hybrid,0.3260908097931439
iemocap,20260921,2,0.25,valence,quadratic_ridge,absolute,0.0481863761168066
iemocap,20260921,2,0.25,arousal,quadratic_ridge,absolute,0.4103447234753502
iemocap,20260921,2,0.25,dominance,quadratic_ridge,absolute,0.28854918566352367
iemocap,20260921,2,0.25,valence,quadratic_ridge,relative,0.07274839084370477
iemocap,20260921,2,0.25,arousal,quadratic_ridge,relative,0.581298835661458
iemocap,20260921,2,0.25,dominance,quadratic_ridge,relative,0.35471152305527653
iemocap,20260921,2,0.25,valence,quadratic_ridge,hybrid,0.05498860880301672
iemocap,20260921,2,0.25,arousal,quadratic_ridge,hybrid,0.5762229659464365
iemocap,20260921,2,0.25,dominance,quadratic_ridge,hybrid,0.34590194844985567
iemocap,20260921,2,0.5,valence,linear_ridge,absolute,0.034186175098081424
iemocap,20260921,2,0.5,arousal,linear_ridge,absolute,0.42033017773033754
iemocap,20260921,2,0.5,dominance,linear_ridge,absolute,0.2903839100963502
iemocap,20260921,2,0.5,valence,linear_ridge,relative,0.03364284016018198
iemocap,20260921,2,0.5,arousal,linear_ridge,relative,0.5398796754764608
iemocap,20260921,2,0.5,dominance,linear_ridge,relative,0.3240549766016667
iemocap,20260921,2,0.5,valence,linear_ridge,hybrid,0.03384968047695965
iemocap,20260921,2,0.5,arousal,linear_ridge,hybrid,0.5497066776476667
iemocap,20260921,2,0.5,dominance,linear_ridge,hybrid,0.32374143809268224
iemocap,20260921,2,0.5,valence,quadratic_ridge,absolute,0.04904903825320192
iemocap,20260921,2,0.5,arousal,quadratic_ridge,absolute,0.4037723384601321
iemocap,20260921,2,0.5,dominance,quadratic_ridge,absolute,0.2889359869144007
iemocap,20260921,2,0.5,valence,quadratic_ridge,relative,0.0732909180855633
iemocap,20260921,2,0.5,arousal,quadratic_ridge,relative,0.5733016823419005
iemocap,20260921,2,0.5,dominance,quadratic_ridge,relative,0.35206466419093463
iemocap,20260921,2,0.5,valence,quadratic_ridge,hybrid,0.05487551632107678
iemocap,20260921,2,0.5,arousal,quadratic_ridge,hybrid,0.5677694962872317
iemocap,20260921,2,0.5,dominance,quadratic_ridge,hybrid,0.3380826776528641
iemocap,20260921,2,0.75,valence,linear_ridge,absolute,0.03482961707518669
iemocap,20260921,2,0.75,arousal,linear_ridge,absolute,0.41226947972674544
iemocap,20260921,2,0.75,dominance,linear_ridge,absolute,0.28964860150948885
iemocap,20260921,2,0.75,valence,linear_ridge,relative,0.033537808314838706
iemocap,20260921,2,0.75,arousal,linear_ridge,relative,0.5275124494937484
iemocap,20260921,2,0.75,dominance,linear_ridge,relative,0.3207366216470637
iemocap,20260921,2,0.75,valence,linear_ridge,hybrid,0.033835548233310135
iemocap,20260921,2,0.75,arousal,linear_ridge,hybrid,0.5469852024230027
iemocap,20260921,2,0.75,dominance,linear_ridge,hybrid,0.3191221112540918
iemocap,20260921,2,0.75,valence,quadratic_ridge,absolute,0.049904561938991315
iemocap,20260921,2,0.75,arousal,quadratic_ridge,absolute,0.3934352119434096
iemocap,20260921,2,0.75,dominance,quadratic_ridge,absolute,0.2872976779294508
iemocap,20260921,2,0.75,valence,quadratic_ridge,relative,0.07382922552591897
iemocap,20260921,2,0.75,arousal,quadratic_ridge,relative,0.5609324852301573
iemocap,20260921,2,0.75,dominance,quadratic_ridge,relative,0.3475874595773313
iemocap,20260921,2,0.75,valence,quadratic_ridge,hybrid,0.05468900006001412
iemocap,20260921,2,0.75,arousal,quadratic_ridge,hybrid,0.5524457043734097
iemocap,20260921,2,0.75,dominance,quadratic_ridge,hybrid,0.32516506876701445
iemocap,20260921,2,1.0,valence,linear_ridge,absolute,0.035469953788427246
iemocap,20260921,2,1.0,arousal,linear_ridge,absolute,0.4011606018983316
iemocap,20260921,2,1.0,dominance,linear_ridge,absolute,0.2870079662319962
iemocap,20260921,2,1.0,valence,linear_ridge,relative,0.033431570040450186
iemocap,20260921,2,1.0,arousal,linear_ridge,relative,0.5111124601151525
iemocap,20260921,2,1.0,dominance,linear_ridge,relative,0.3158078326744578
iemocap,20260921,2,1.0,valence,linear_ridge,hybrid,0.03381923574860125
iemocap,20260921,2,1.0,arousal,linear_ridge,hybrid,0.5433599804000585
iemocap,20260921,2,1.0,dominance,linear_ridge,hybrid,0.3125264559245199
iemocap,20260921,2,1.0,valence,quadratic_ridge,absolute,0.05075303813386813
iemocap,20260921,2,1.0,arousal,quadratic_ridge,absolute,0.38019536138667126
iemocap,20260921,2,1.0,dominance,quadratic_ridge,absolute,0.28384429638059633
iemocap,20260921,2,1.0,valence,quadratic_ridge,relative,0.07436370410368076
iemocap,20260921,2,1.0,arousal,quadratic_ridge,relative,0.5446358036549702
iemocap,20260921,2,1.0,dominance,quadratic_ridge,relative,0.3413870519842955
iemocap,20260921,2,1.0,valence,quadratic_ridge,hybrid,0.054482166024377145
iemocap,20260921,2,1.0,arousal,quadratic_ridge,hybrid,0.5274638161320127
iemocap,20260921,2,1.0,dominance,quadratic_ridge,hybrid,0.30662988976715366
iemocap,20260921,3,0.0,valence,linear_ridge,absolute,0.025299476228730883
iemocap,20260921,3,0.0,arousal,linear_ridge,absolute,0.30057525244025535
iemocap,20260921,3,0.0,dominance,linear_ridge,absolute,0.2435375661878915
iemocap,20260921,3,0.0,valence,linear_ridge,relative,0.02642088280710729
iemocap,20260921,3,0.0,arousal,linear_ridge,relative,0.4026812654663683
iemocap,20260921,3,0.0,dominance,linear_ridge,relative,0.2778521059995975
iemocap,20260921,3,0.0,valence,linear_ridge,hybrid,0.026445927395310063
iemocap,20260921,3,0.0,arousal,linear_ridge,hybrid,0.4029590796619888
iemocap,20260921,3,0.0,dominance,linear_ridge,hybrid,0.2782183350210146
iemocap,20260921,3,0.0,valence,quadratic_ridge,absolute,0.05450750916926377
iemocap,20260921,3,0.0,arousal,quadratic_ridge,absolute,0.34058934172584565
iemocap,20260921,3,0.0,dominance,quadratic_ridge,absolute,0.2815728889035252
iemocap,20260921,3,0.0,valence,quadratic_ridge,relative,0.04334671080630604
iemocap,20260921,3,0.0,arousal,quadratic_ridge,relative,0.416406124074314
iemocap,20260921,3,0.0,dominance,quadratic_ridge,relative,0.28528273808080074
iemocap,20260921,3,0.0,valence,quadratic_ridge,hybrid,0.06742892451747169
iemocap,20260921,3,0.0,arousal,quadratic_ridge,hybrid,0.38884753315238585
iemocap,20260921,3,0.0,dominance,quadratic_ridge,hybrid,0.2807189662433898
iemocap,20260921,3,0.25,valence,linear_ridge,absolute,0.025855745093333295
iemocap,20260921,3,0.25,arousal,linear_ridge,absolute,0.31435379869429647
iemocap,20260921,3,0.25,dominance,linear_ridge,absolute,0.2549728209775133
iemocap,20260921,3,0.25,valence,linear_ridge,relative,0.02632980291824767
iemocap,20260921,3,0.25,arousal,linear_ridge,relative,0.40108910759512506
iemocap,20260921,3,0.25,dominance,linear_ridge,relative,0.2769540044043517
iemocap,20260921,3,0.25,valence,linear_ridge,hybrid,0.02651278332275066
iemocap,20260921,3,0.25,arousal,linear_ridge,hybrid,0.4051178640469218
iemocap,20260921,3,0.25,dominance,linear_ridge,hybrid,0.28048872690712007
iemocap,20260921,3,0.25,valence,quadratic_ridge,absolute,0.05547939009369151
iemocap,20260921,3,0.25,arousal,quadratic_ridge,absolute,0.35802569270497525
iemocap,20260921,3,0.25,dominance,quadratic_ridge,absolute,0.29472816819917974
iemocap,20260921,3,0.25,valence,quadratic_ridge,relative,0.04340801550422111
iemocap,20260921,3,0.25,arousal,quadratic_ridge,relative,0.41389011736588316
iemocap,20260921,3,0.25,dominance,quadratic_ridge,relative,0.28285487880357146
iemocap,20260921,3,0.25,valence,quadratic_ridge,hybrid,0.06756501915802765
iemocap,20260921,3,0.25,arousal,quadratic_ridge,hybrid,0.4115891263084027
iemocap,20260921,3,0.25,dominance,quadratic_ridge,hybrid,0.265094092655757
iemocap,20260921,3,0.5,valence,linear_ridge,absolute,0.026404573624870566
iemocap,20260921,3,0.5,arousal,linear_ridge,absolute,0.32633881702779916
iemocap,20260921,3,0.5,dominance,linear_ridge,absolute,0.26439424576078135
iemocap,20260921,3,0.5,valence,linear_ridge,relative,0.026235933307395588
iemocap,20260921,3,0.5,arousal,linear_ridge,relative,0.3967508799023963
iemocap,20260921,3,0.5,dominance,linear_ridge,relative,0.27385726280667805
iemocap,20260921,3,0.5,valence,linear_ridge,hybrid,0.026675220907997337
iemocap,20260921,3,0.5,arousal,linear_ridge,hybrid,0.4100493156464564
iemocap,20260921,3,0.5,dominance,linear_ridge,hybrid,0.28622875629712113
iemocap,20260921,3,0.5,valence,quadratic_ridge,absolute,0.05641825652682825
iemocap,20260921,3,0.5,arousal,quadratic_ridge,absolute,0.37377242685638606
iemocap,20260921,3,0.5,dominance,quadratic_ridge,absolute,0.305715908893106
iemocap,20260921,3,0.5,valence,quadratic_ridge,relative,0.043463914917162894
iemocap,20260921,3,0.5,arousal,quadratic_ridge,relative,0.40862235919402695
iemocap,20260921,3,0.5,dominance,quadratic_ridge,relative,0.2783173987007669
iemocap,20260921,3,0.5,valence,quadratic_ridge,hybrid,0.06804619018525536
iemocap,20260921,3,0.5,arousal,quadratic_ridge,hybrid,0.3813402413637518
iemocap,20260921,3,0.5,dominance,quadratic_ridge,hybrid,0.1891336850862336
iemocap,20260921,3,0.75,valence,linear_ridge,absolute,0.026945182480262238
iemocap,20260921,3,0.75,arousal,linear_ridge,absolute,0.33619414639305395
iemocap,20260921,3,0.75,dominance,linear_ridge,absolute,0.2714928126107484
iemocap,20260921,3,0.75,valence,linear_ridge,relative,0.02613933237184251
iemocap,20260921,3,0.75,arousal,linear_ridge,relative,0.38983163807774734
iemocap,20260921,3,0.75,dominance,linear_ridge,relative,0.2687252972227323
iemocap,20260921,3,0.75,valence,linear_ridge,hybrid,0.02693086051961889
iemocap,20260921,3,0.75,arousal,linear_ridge,hybrid,0.4176153884529033
iemocap,20260921,3,0.75,dominance,linear_ridge,hybrid,0.29522924488334895
iemocap,20260921,3,0.75,valence,quadratic_ridge,absolute,0.0573229896671206
iemocap,20260921,3,0.75,arousal,quadratic_ridge,absolute,0.3874509994595373
iemocap,20260921,3,0.75,dominance,quadratic_ridge,absolute,0.3141941217110751
iemocap,20260921,3,0.75,valence,quadratic_ridge,relative,0.043514667130982045
iemocap,20260921,3,0.75,arousal,quadratic_ridge,relative,0.4007883618885988
iemocap,20260921,3,0.75,dominance,quadratic_ridge,relative,0.2718680494225106
iemocap,20260921,3,0.75,valence,quadratic_ridge,hybrid,0.06882557677910683
iemocap,20260921,3,0.75,arousal,quadratic_ridge,hybrid,0.30838768702214225
iemocap,20260921,3,0.75,dominance,quadratic_ridge,hybrid,0.09482197876572095
iemocap,20260921,3,1.0,valence,linear_ridge,absolute,0.027476501484775973
iemocap,20260921,3,1.0,arousal,linear_ridge,absolute,0.34355147933523555
iemocap,20260921,3,1.0,dominance,linear_ridge,absolute,0.27608416957804244
iemocap,20260921,3,1.0,valence,linear_ridge,relative,0.02603992878573733
iemocap,20260921,3,1.0,arousal,linear_ridge,relative,0.3806492481249773
iemocap,20260921,3,1.0,dominance,linear_ridge,relative,0.2618210716389334
iemocap,20260921,3,1.0,valence,linear_ridge,hybrid,0.027275154991961616
iemocap,20260921,3,1.0,arousal,linear_ridge,hybrid,0.4275786738102838
iemocap,20260921,3,1.0,dominance,linear_ridge,hybrid,0.30716969811125205
iemocap,20260921,3,1.0,valence,quadratic_ridge,absolute,0.05819117195772659
iemocap,20260921,3,1.0,arousal,quadratic_ridge,absolute,0.3986246500735064
iemocap,20260921,3,1.0,dominance,quadratic_ridge,absolute,0.31994548355264074
iemocap,20260921,3,1.0,valence,quadratic_ridge,relative,0.043560264722629374
iemocap,20260921,3,1.0,arousal,quadratic_ridge,relative,0.39072942060010823
iemocap,20260921,3,1.0,dominance,quadratic_ridge,relative,0.2637945684807746
iemocap,20260921,3,1.0,valence,quadratic_ridge,hybrid,0.06995419361418964
iemocap,20260921,3,1.0,arousal,quadratic_ridge,hybrid,0.210877213906058
iemocap,20260921,3,1.0,dominance,quadratic_ridge,hybrid,0.014686762999113994
iemocap,20260921,4,0.0,valence,linear_ridge,absolute,0.037984564227077695
iemocap,20260921,4,0.0,arousal,linear_ridge,absolute,0.37447290385144255
iemocap,20260921,4,0.0,dominance,linear_ridge,absolute,0.28717282149231527
iemocap,20260921,4,0.0,valence,linear_ridge,relative,0.04086369054879278
iemocap,20260921,4,0.0,arousal,linear_ridge,relative,0.4896075660666549
iemocap,20260921,4,0.0,dominance,linear_ridge,relative,0.32555386828760535
iemocap,20260921,4,0.0,valence,linear_ridge,hybrid,0.04088310550963106
iemocap,20260921,4,0.0,arousal,linear_ridge,hybrid,0.4903551855296981
iemocap,20260921,4,0.0,dominance,linear_ridge,hybrid,0.3261080031908857
iemocap,20260921,4,0.0,valence,quadratic_ridge,absolute,0.05995387489702451
iemocap,20260921,4,0.0,arousal,quadratic_ridge,absolute,0.4061007349017375
iemocap,20260921,4,0.0,dominance,quadratic_ridge,absolute,0.30377436449374806
iemocap,20260921,4,0.0,valence,quadratic_ridge,relative,0.07440670079362623
iemocap,20260921,4,0.0,arousal,quadratic_ridge,relative,0.5252734220402756
iemocap,20260921,4,0.0,dominance,quadratic_ridge,relative,0.34207696341033533
iemocap,20260921,4,0.0,valence,quadratic_ridge,hybrid,0.06654882179805077
iemocap,20260921,4,0.0,arousal,quadratic_ridge,hybrid,0.5116097013811297
iemocap,20260921,4,0.0,dominance,quadratic_ridge,hybrid,0.36708716982121364
iemocap,20260921,4,0.25,valence,linear_ridge,absolute,0.037699800829636254
iemocap,20260921,4,0.25,arousal,linear_ridge,absolute,0.3774046995534525
iemocap,20260921,4,0.25,dominance,linear_ridge,absolute,0.2921607450235061
iemocap,20260921,4,0.25,valence,linear_ridge,relative,0.040846070616721214
iemocap,20260921,4,0.25,arousal,linear_ridge,relative,0.48890571071079064
iemocap,20260921,4,0.25,dominance,linear_ridge,relative,0.32662725060519443
iemocap,20260921,4,0.25,valence,linear_ridge,hybrid,0.040330654311069775
iemocap,20260921,4,0.25,arousal,linear_ridge,hybrid,0.48861397484266644
iemocap,20260921,4,0.25,dominance,linear_ridge,hybrid,0.3283489500761777
iemocap,20260921,4,0.25,valence,quadratic_ridge,absolute,0.05958250043542074
iemocap,20260921,4,0.25,arousal,quadratic_ridge,absolute,0.4105824302883245
iemocap,20260921,4,0.25,dominance,quadratic_ridge,absolute,0.3092875848840927
iemocap,20260921,4,0.25,valence,quadratic_ridge,relative,0.07383649292642133
iemocap,20260921,4,0.25,arousal,quadratic_ridge,relative,0.5248873530740181
iemocap,20260921,4,0.25,dominance,quadratic_ridge,relative,0.34229322809462415
iemocap,20260921,4,0.25,valence,quadratic_ridge,hybrid,0.06710419007932768
iemocap,20260921,4,0.25,arousal,quadratic_ridge,hybrid,0.5145152110122863
iemocap,20260921,4,0.25,dominance,quadratic_ridge,hybrid,0.3523595777524922
iemocap,20260921,4,0.5,valence,linear_ridge,absolute,0.03717922576132649
iemocap,20260921,4,0.5,arousal,linear_ridge,absolute,0.3783134241790673
iemocap,20260921,4,0.5,dominance,linear_ridge,absolute,0.2964929163016012
iemocap,20260921,4,0.5,valence,linear_ridge,relative,0.04080924075819554
iemocap,20260921,4,0.5,arousal,linear_ridge,relative,0.48626743460085364
iemocap,20260921,4,0.5,dominance,linear_ridge,relative,0.32723195748074807
iemocap,20260921,4,0.5,valence,linear_ridge,hybrid,0.038671090829574255
iemocap,20260921,4,0.5,arousal,linear_ridge,hybrid,0.4816374395836564
iemocap,20260921,4,0.5,dominance,linear_ridge,hybrid,0.3332575740896486
iemocap,20260921,4,0.5,valence,quadratic_ridge,absolute,0.058944181067745176
iemocap,20260921,4,0.5,arousal,quadratic_ridge,absolute,0.41293959241451317
iemocap,20260921,4,0.5,dominance,quadratic_ridge,absolute,0.314074766408369
iemocap,20260921,4,0.5,valence,quadratic_ridge,relative,0.07320526906593249
iemocap,20260921,4,0.5,arousal,quadratic_ridge,relative,0.5224244605177174
iemocap,20260921,4,0.5,dominance,quadratic_ridge,relative,0.34204937019935977
iemocap,20260921,4,0.5,valence,quadratic_ridge,hybrid,0.0685231780931005
iemocap,20260921,4,0.5,arousal,quadratic_ridge,hybrid,0.5107177457847956
iemocap,20260921,4,0.5,dominance,quadratic_ridge,hybrid,0.30007135255001494
iemocap,20260921,4,0.75,valence,linear_ridge,absolute,0.03642392778469214
iemocap,20260921,4,0.75,arousal,linear_ridge,absolute,0.37725092188788334
iemocap,20260921,4,0.75,dominance,linear_ridge,absolute,0.3001642953769373
iemocap,20260921,4,0.75,valence,linear_ridge,relative,0.04075298579703091
iemocap,20260921,4,0.75,arousal,linear_ridge,relative,0.481744805024182
iemocap,20260921,4,0.75,dominance,linear_ridge,relative,0.32736976803943646
iemocap,20260921,4,0.75,valence,linear_ridge,hybrid,0.03591742053592537
iemocap,20260921,4,0.75,arousal,linear_ridge,hybrid,0.4698924509612159
iemocap,20260921,4,0.75,dominance,linear_ridge,hybrid,0.3406720009166968
iemocap,20260921,4,0.75,valence,quadratic_ridge,absolute,0.05804033066119828
iemocap,20260921,4,0.75,arousal,quadratic_ridge,absolute,0.41319663501138637
iemocap,20260921,4,0.75,dominance,quadratic_ridge,absolute,0.31813070318389897
iemocap,20260921,4,0.75,valence,quadratic_ridge,relative,0.07251316614052578
iemocap,20260921,4,0.75,arousal,quadratic_ridge,relative,0.5179400029618304
iemocap,20260921,4,0.75,dominance,quadratic_ridge,relative,0.34134852640178714
iemocap,20260921,4,0.75,valence,quadratic_ridge,hybrid,0.07097555014434882
iemocap,20260921,4,0.75,arousal,quadratic_ridge,hybrid,0.5050523523624749
iemocap,20260921,4,0.75,dominance,quadratic_ridge,hybrid,0.25557174780172426
iemocap,20260921,4,1.0,valence,linear_ridge,absolute,0.03543581638356497
iemocap,20260921,4,1.0,arousal,linear_ridge,absolute,0.37435722634764407
iemocap,20260921,4,1.0,dominance,linear_ridge,absolute,0.303177828582859
iemocap,20260921,4,1.0,valence,linear_ridge,relative,0.040677873890637525
iemocap,20260921,4,1.0,arousal,linear_ridge,relative,0.4754705470140845
iemocap,20260921,4,1.0,dominance,linear_ridge,relative,0.3270468734019885
iemocap,20260921,4,1.0,valence,linear_ridge,hybrid,0.03209116553954205
iemocap,20260921,4,1.0,arousal,linear_ridge,hybrid,0.4541726547343003
iemocap,20260921,4,1.0,dominance,linear_ridge,hybrid,0.3503531988894791
iemocap,20260921,4,1.0,valence,quadratic_ridge,absolute,0.05687465561784817
iemocap,20260921,4,1.0,arousal,quadratic_ridge,absolute,0.4114648755756048
iemocap,20260921,4,1.0,dominance,quadratic_ridge,absolute,0.3214552691863418
iemocap,20260921,4,1.0,valence,quadratic_ridge,relative,0.07176240704258778
iemocap,20260921,4,1.0,arousal,quadratic_ridge,relative,0.5115732906030438
iemocap,20260921,4,1.0,dominance,quadratic_ridge,relative,0.340199602958924
iemocap,20260921,4,1.0,valence,quadratic_ridge,hybrid,0.07359773073751087
iemocap,20260921,4,1.0,arousal,quadratic_ridge,hybrid,0.4931979157545592
iemocap,20260921,4,1.0,dominance,quadratic_ridge,hybrid,0.21397828630577082
iemocap,20260922,0,0.0,valence,linear_ridge,absolute,0.04221762564829237
iemocap,20260922,0,0.0,arousal,linear_ridge,absolute,0.3753354693580435
iemocap,20260922,0,0.0,dominance,linear_ridge,absolute,0.31948057988287126
iemocap,20260922,0,0.0,valence,linear_ridge,relative,0.04383500522749694
iemocap,20260922,0,0.0,arousal,linear_ridge,relative,0.4772144269416502
iemocap,20260922,0,0.0,dominance,linear_ridge,relative,0.354997662279265
iemocap,20260922,0,0.0,valence,linear_ridge,hybrid,0.04385829685355482
iemocap,20260922,0,0.0,arousal,linear_ridge,hybrid,0.4780867725717663
iemocap,20260922,0,0.0,dominance,linear_ridge,hybrid,0.35558370686280594
iemocap,20260922,0,0.0,valence,quadratic_ridge,absolute,0.07820287013437986
iemocap,20260922,0,0.0,arousal,quadratic_ridge,absolute,0.4020677631550852
iemocap,20260922,0,0.0,dominance,quadratic_ridge,absolute,0.33332962345412864
iemocap,20260922,0,0.0,valence,quadratic_ridge,relative,0.0821726291020082
iemocap,20260922,0,0.0,arousal,quadratic_ridge,relative,0.5153493959500667
iemocap,20260922,0,0.0,dominance,quadratic_ridge,relative,0.38079684846657097
iemocap,20260922,0,0.0,valence,quadratic_ridge,hybrid,0.06623367294616364
iemocap,20260922,0,0.0,arousal,quadratic_ridge,hybrid,0.5103680161152421
iemocap,20260922,0,0.0,dominance,quadratic_ridge,hybrid,0.37908081475408884
iemocap,20260922,0,0.25,valence,linear_ridge,absolute,0.04163089295276448
iemocap,20260922,0,0.25,arousal,linear_ridge,absolute,0.37703222751306126
iemocap,20260922,0,0.25,dominance,linear_ridge,absolute,0.3248733077328489
iemocap,20260922,0,0.25,valence,linear_ridge,relative,0.04375534012485466
iemocap,20260922,0,0.25,arousal,linear_ridge,relative,0.4761834563464589
iemocap,20260922,0,0.25,dominance,linear_ridge,relative,0.3552191295347894
iemocap,20260922,0,0.25,valence,linear_ridge,hybrid,0.04362468017663141
iemocap,20260922,0,0.25,arousal,linear_ridge,hybrid,0.4778753341588302
iemocap,20260922,0,0.25,dominance,linear_ridge,hybrid,0.35610951576533434
iemocap,20260922,0,0.25,valence,quadratic_ridge,absolute,0.0777786948661428
iemocap,20260922,0,0.25,arousal,quadratic_ridge,absolute,0.40573805137054986
iemocap,20260922,0,0.25,dominance,quadratic_ridge,absolute,0.34084315350046496
iemocap,20260922,0,0.25,valence,quadratic_ridge,relative,0.08212178171816048
iemocap,20260922,0,0.25,arousal,quadratic_ridge,relative,0.5141369659267974
iemocap,20260922,0,0.25,dominance,quadratic_ridge,relative,0.380370844744952
iemocap,20260922,0,0.25,valence,quadratic_ridge,hybrid,0.06693578696089515
iemocap,20260922,0,0.25,arousal,quadratic_ridge,hybrid,0.5186645142635011
iemocap,20260922,0,0.25,dominance,quadratic_ridge,hybrid,0.3473613011140715
iemocap,20260922,0,0.5,valence,linear_ridge,absolute,0.04104457793247945
iemocap,20260922,0,0.5,arousal,linear_ridge,absolute,0.37471834877553417
iemocap,20260922,0,0.5,dominance,linear_ridge,absolute,0.3286031690327029
iemocap,20260922,0,0.5,valence,linear_ridge,relative,0.043667935242366514
iemocap,20260922,0,0.5,arousal,linear_ridge,relative,0.4711067957396399
iemocap,20260922,0,0.5,dominance,linear_ridge,relative,0.3539585553495417
iemocap,20260922,0,0.5,valence,linear_ridge,hybrid,0.04283626247578392
iemocap,20260922,0,0.5,arousal,linear_ridge,hybrid,0.4766970582908817
iemocap,20260922,0,0.5,dominance,linear_ridge,hybrid,0.3566337783417456
iemocap,20260922,0,0.5,valence,quadratic_ridge,absolute,0.07734623132749496
iemocap,20260922,0,0.5,arousal,quadratic_ridge,absolute,0.4051478873297431
iemocap,20260922,0,0.5,dominance,quadratic_ridge,absolute,0.3466364972497347
iemocap,20260922,0,0.5,valence,quadratic_ridge,relative,0.08205664714582422
iemocap,20260922,0,0.5,arousal,quadratic_ridge,relative,0.5086150962625472
iemocap,20260922,0,0.5,dominance,quadratic_ridge,relative,0.37836487255465534
iemocap,20260922,0,0.5,valence,quadratic_ridge,hybrid,0.06853049248015697
iemocap,20260922,0,0.5,arousal,quadratic_ridge,hybrid,0.5175610434226152
iemocap,20260922,0,0.5,dominance,quadratic_ridge,hybrid,0.2550909646807555
iemocap,20260922,0,0.75,valence,linear_ridge,absolute,0.040458538155739084
iemocap,20260922,0,0.75,arousal,linear_ridge,absolute,0.3687787921832197
iemocap,20260922,0,0.75,dominance,linear_ridge,absolute,0.3306701357556877
iemocap,20260922,0,0.75,valence,linear_ridge,relative,0.04357256710001162
iemocap,20260922,0,0.75,arousal,linear_ridge,relative,0.4622276483121171
iemocap,20260922,0,0.75,dominance,linear_ridge,relative,0.35125213133258054
iemocap,20260922,0,0.75,valence,linear_ridge,hybrid,0.041496806219840955
iemocap,20260922,0,0.75,arousal,linear_ridge,hybrid,0.47457817064691876
iemocap,20260922,0,0.75,dominance,linear_ridge,hybrid,0.3571552465576185
iemocap,20260922,0,0.75,valence,quadratic_ridge,absolute,0.07690414373932647
iemocap,20260922,0,0.75,arousal,quadratic_ridge,absolute,0.4006393796084087
iemocap,20260922,0,0.75,dominance,quadratic_ridge,absolute,0.35068077342577125
iemocap,20260922,0,0.75,valence,quadratic_ridge,relative,0.08197664012539556
iemocap,20260922,0,0.75,arousal,quadratic_ridge,relative,0.4990607418012143
iemocap,20260922,0,0.75,dominance,quadratic_ridge,relative,0.3748263414129263
iemocap,20260922,0,0.75,valence,quadratic_ridge,hybrid,0.07142926169747307
iemocap,20260922,0,0.75,arousal,quadratic_ridge,hybrid,0.5058220385691693
iemocap,20260922,0,0.75,dominance,quadratic_ridge,hybrid,0.16850488554610865
iemocap,20260922,0,1.0,valence,linear_ridge,absolute,0.03987336715303617
iemocap,20260922,0,1.0,arousal,linear_ridge,absolute,0.3597846814303135
iemocap,20260922,0,1.0,dominance,linear_ridge,absolute,0.33112609424321904
iemocap,20260922,0,1.0,valence,linear_ridge,relative,0.04346946759597656
iemocap,20260922,0,1.0,arousal,linear_ridge,relative,0.4499824108142912
iemocap,20260922,0,1.0,dominance,linear_ridge,relative,0.34717572224663856
iemocap,20260922,0,1.0,valence,linear_ridge,hybrid,0.03961231303965656
iemocap,20260922,0,1.0,arousal,linear_ridge,hybrid,0.4715750988052583
iemocap,20260922,0,1.0,dominance,linear_ridge,hybrid,0.35767143267626755
iemocap,20260922,0,1.0,valence,quadratic_ridge,absolute,0.07645381883131291
iemocap,20260922,0,1.0,arousal,quadratic_ridge,absolute,0.39276205525143987
iemocap,20260922,0,1.0,dominance,quadratic_ridge,absolute,0.35300161776140554
iemocap,20260922,0,1.0,valence,quadratic_ridge,relative,0.08188190122537028
iemocap,20260922,0,1.0,arousal,quadratic_ridge,relative,0.4859483099470592
iemocap,20260922,0,1.0,dominance,quadratic_ridge,relative,0.36984190054167554
iemocap,20260922,0,1.0,valence,quadratic_ridge,hybrid,0.07467902598657257
iemocap,20260922,0,1.0,arousal,quadratic_ridge,hybrid,0.4781475405210264
iemocap,20260922,0,1.0,dominance,quadratic_ridge,hybrid,0.11672923989804039
iemocap,20260922,1,0.0,valence,linear_ridge,absolute,0.025299476228730883
iemocap,20260922,1,0.0,arousal,linear_ridge,absolute,0.30057525244025535
iemocap,20260922,1,0.0,dominance,linear_ridge,absolute,0.2435375661878915
iemocap,20260922,1,0.0,valence,linear_ridge,relative,0.02642088280710729
iemocap,20260922,1,0.0,arousal,linear_ridge,relative,0.4026812654663683
iemocap,20260922,1,0.0,dominance,linear_ridge,relative,0.2778521059995975
iemocap,20260922,1,0.0,valence,linear_ridge,hybrid,0.026445927395310063
iemocap,20260922,1,0.0,arousal,linear_ridge,hybrid,0.4029590796619888
iemocap,20260922,1,0.0,dominance,linear_ridge,hybrid,0.2782183350210146
iemocap,20260922,1,0.0,valence,quadratic_ridge,absolute,0.05450750916926377
iemocap,20260922,1,0.0,arousal,quadratic_ridge,absolute,0.34058934172584565
iemocap,20260922,1,0.0,dominance,quadratic_ridge,absolute,0.2815728889035252
iemocap,20260922,1,0.0,valence,quadratic_ridge,relative,0.04334671080630604
iemocap,20260922,1,0.0,arousal,quadratic_ridge,relative,0.416406124074314
iemocap,20260922,1,0.0,dominance,quadratic_ridge,relative,0.28528273808080074
iemocap,20260922,1,0.0,valence,quadratic_ridge,hybrid,0.06742892451747169
iemocap,20260922,1,0.0,arousal,quadratic_ridge,hybrid,0.38884753315238585
iemocap,20260922,1,0.0,dominance,quadratic_ridge,hybrid,0.2807189662433898
iemocap,20260922,1,0.25,valence,linear_ridge,absolute,0.025855745093333295
iemocap,20260922,1,0.25,arousal,linear_ridge,absolute,0.31435379869429647
iemocap,20260922,1,0.25,dominance,linear_ridge,absolute,0.2549728209775133
iemocap,20260922,1,0.25,valence,linear_ridge,relative,0.02632980291824767
iemocap,20260922,1,0.25,arousal,linear_ridge,relative,0.40108910759512506
iemocap,20260922,1,0.25,dominance,linear_ridge,relative,0.2769540044043517
iemocap,20260922,1,0.25,valence,linear_ridge,hybrid,0.02651278332275066
iemocap,20260922,1,0.25,arousal,linear_ridge,hybrid,0.4051178640469218
iemocap,20260922,1,0.25,dominance,linear_ridge,hybrid,0.28048872690712007
iemocap,20260922,1,0.25,valence,quadratic_ridge,absolute,0.05547939009369151
iemocap,20260922,1,0.25,arousal,quadratic_ridge,absolute,0.35802569270497525
iemocap,20260922,1,0.25,dominance,quadratic_ridge,absolute,0.29472816819917974
iemocap,20260922,1,0.25,valence,quadratic_ridge,relative,0.04340801550422111
iemocap,20260922,1,0.25,arousal,quadratic_ridge,relative,0.41389011736588316
iemocap,20260922,1,0.25,dominance,quadratic_ridge,relative,0.28285487880357146
iemocap,20260922,1,0.25,valence,quadratic_ridge,hybrid,0.06756501915802765
iemocap,20260922,1,0.25,arousal,quadratic_ridge,hybrid,0.4115891263084027
iemocap,20260922,1,0.25,dominance,quadratic_ridge,hybrid,0.265094092655757
iemocap,20260922,1,0.5,valence,linear_ridge,absolute,0.026404573624870566
iemocap,20260922,1,0.5,arousal,linear_ridge,absolute,0.32633881702779916
iemocap,20260922,1,0.5,dominance,linear_ridge,absolute,0.26439424576078135
iemocap,20260922,1,0.5,valence,linear_ridge,relative,0.026235933307395588
iemocap,20260922,1,0.5,arousal,linear_ridge,relative,0.3967508799023963
iemocap,20260922,1,0.5,dominance,linear_ridge,relative,0.27385726280667805
iemocap,20260922,1,0.5,valence,linear_ridge,hybrid,0.026675220907997337
iemocap,20260922,1,0.5,arousal,linear_ridge,hybrid,0.4100493156464564
iemocap,20260922,1,0.5,dominance,linear_ridge,hybrid,0.28622875629712113
iemocap,20260922,1,0.5,valence,quadratic_ridge,absolute,0.05641825652682825
iemocap,20260922,1,0.5,arousal,quadratic_ridge,absolute,0.37377242685638606
iemocap,20260922,1,0.5,dominance,quadratic_ridge,absolute,0.305715908893106
iemocap,20260922,1,0.5,valence,quadratic_ridge,relative,0.043463914917162894
iemocap,20260922,1,0.5,arousal,quadratic_ridge,relative,0.40862235919402695
iemocap,20260922,1,0.5,dominance,quadratic_ridge,relative,0.2783173987007669
iemocap,20260922,1,0.5,valence,quadratic_ridge,hybrid,0.06804619018525536
iemocap,20260922,1,0.5,arousal,quadratic_ridge,hybrid,0.3813402413637518
iemocap,20260922,1,0.5,dominance,quadratic_ridge,hybrid,0.1891336850862336
iemocap,20260922,1,0.75,valence,linear_ridge,absolute,0.026945182480262238
iemocap,20260922,1,0.75,arousal,linear_ridge,absolute,0.33619414639305395
iemocap,20260922,1,0.75,dominance,linear_ridge,absolute,0.2714928126107484
iemocap,20260922,1,0.75,valence,linear_ridge,relative,0.02613933237184251
iemocap,20260922,1,0.75,arousal,linear_ridge,relative,0.38983163807774734
iemocap,20260922,1,0.75,dominance,linear_ridge,relative,0.2687252972227323
iemocap,20260922,1,0.75,valence,linear_ridge,hybrid,0.02693086051961889
iemocap,20260922,1,0.75,arousal,linear_ridge,hybrid,0.4176153884529033
iemocap,20260922,1,0.75,dominance,linear_ridge,hybrid,0.29522924488334895
iemocap,20260922,1,0.75,valence,quadratic_ridge,absolute,0.0573229896671206
iemocap,20260922,1,0.75,arousal,quadratic_ridge,absolute,0.3874509994595373
iemocap,20260922,1,0.75,dominance,quadratic_ridge,absolute,0.3141941217110751
iemocap,20260922,1,0.75,valence,quadratic_ridge,relative,0.043514667130982045
iemocap,20260922,1,0.75,arousal,quadratic_ridge,relative,0.4007883618885988
iemocap,20260922,1,0.75,dominance,quadratic_ridge,relative,0.2718680494225106
iemocap,20260922,1,0.75,valence,quadratic_ridge,hybrid,0.06882557677910683
iemocap,20260922,1,0.75,arousal,quadratic_ridge,hybrid,0.30838768702214225
iemocap,20260922,1,0.75,dominance,quadratic_ridge,hybrid,0.09482197876572095
iemocap,20260922,1,1.0,valence,linear_ridge,absolute,0.027476501484775973
iemocap,20260922,1,1.0,arousal,linear_ridge,absolute,0.34355147933523555
iemocap,20260922,1,1.0,dominance,linear_ridge,absolute,0.27608416957804244
iemocap,20260922,1,1.0,valence,linear_ridge,relative,0.02603992878573733
iemocap,20260922,1,1.0,arousal,linear_ridge,relative,0.3806492481249773
iemocap,20260922,1,1.0,dominance,linear_ridge,relative,0.2618210716389334
iemocap,20260922,1,1.0,valence,linear_ridge,hybrid,0.027275154991961616
iemocap,20260922,1,1.0,arousal,linear_ridge,hybrid,0.4275786738102838
iemocap,20260922,1,1.0,dominance,linear_ridge,hybrid,0.30716969811125205
iemocap,20260922,1,1.0,valence,quadratic_ridge,absolute,0.05819117195772659
iemocap,20260922,1,1.0,arousal,quadratic_ridge,absolute,0.3986246500735064
iemocap,20260922,1,1.0,dominance,quadratic_ridge,absolute,0.31994548355264074
iemocap,20260922,1,1.0,valence,quadratic_ridge,relative,0.043560264722629374
iemocap,20260922,1,1.0,arousal,quadratic_ridge,relative,0.39072942060010823
iemocap,20260922,1,1.0,dominance,quadratic_ridge,relative,0.2637945684807746
iemocap,20260922,1,1.0,valence,quadratic_ridge,hybrid,0.06995419361418964
iemocap,20260922,1,1.0,arousal,quadratic_ridge,hybrid,0.210877213906058
iemocap,20260922,1,1.0,dominance,quadratic_ridge,hybrid,0.014686762999113994
iemocap,20260922,2,0.0,valence,linear_ridge,absolute,0.03057244633794505
iemocap,20260922,2,0.0,arousal,linear_ridge,absolute,0.3206082666860903
iemocap,20260922,2,0.0,dominance,linear_ridge,absolute,0.19040051147538847
iemocap,20260922,2,0.0,valence,linear_ridge,relative,0.03334429330937963
iemocap,20260922,2,0.0,arousal,linear_ridge,relative,0.45290934793036897
iemocap,20260922,2,0.0,dominance,linear_ridge,relative,0.21331172066314688
iemocap,20260922,2,0.0,valence,linear_ridge,hybrid,0.03335821565280761
iemocap,20260922,2,0.0,arousal,linear_ridge,hybrid,0.45281644036769403
iemocap,20260922,2,0.0,dominance,linear_ridge,hybrid,0.21355107967050893
iemocap,20260922,2,0.0,valence,quadratic_ridge,absolute,0.03927959162573275
iemocap,20260922,2,0.0,arousal,quadratic_ridge,absolute,0.2835724560195527
iemocap,20260922,2,0.0,dominance,quadratic_ridge,absolute,0.19693596557483936
iemocap,20260922,2,0.0,valence,quadratic_ridge,relative,0.05505081784517559
iemocap,20260922,2,0.0,arousal,quadratic_ridge,relative,0.4722538712687599
iemocap,20260922,2,0.0,dominance,quadratic_ridge,relative,0.22132418413812982
iemocap,20260922,2,0.0,valence,quadratic_ridge,hybrid,0.046526414127963905
iemocap,20260922,2,0.0,arousal,quadratic_ridge,hybrid,0.44285069608809
iemocap,20260922,2,0.0,dominance,quadratic_ridge,hybrid,0.23123785807361408
iemocap,20260922,2,0.25,valence,linear_ridge,absolute,0.03127416277236823
iemocap,20260922,2,0.25,arousal,linear_ridge,absolute,0.32130677954811093
iemocap,20260922,2,0.25,dominance,linear_ridge,absolute,0.19361855263248148
iemocap,20260922,2,0.25,valence,linear_ridge,relative,0.03326402711991691
iemocap,20260922,2,0.25,arousal,linear_ridge,relative,0.45094295184652394
iemocap,20260922,2,0.25,dominance,linear_ridge,relative,0.2133028985984267
iemocap,20260922,2,0.25,valence,linear_ridge,hybrid,0.03344174232678943
iemocap,20260922,2,0.25,arousal,linear_ridge,hybrid,0.44955904880518727
iemocap,20260922,2,0.25,dominance,linear_ridge,hybrid,0.21423750752207774
iemocap,20260922,2,0.25,valence,quadratic_ridge,absolute,0.040058643107653065
iemocap,20260922,2,0.25,arousal,quadratic_ridge,absolute,0.2829716387881919
iemocap,20260922,2,0.25,dominance,quadratic_ridge,absolute,0.19875382417552379
iemocap,20260922,2,0.25,valence,quadratic_ridge,relative,0.055230186147783585
iemocap,20260922,2,0.25,arousal,quadratic_ridge,relative,0.47006590098230105
iemocap,20260922,2,0.25,dominance,quadratic_ridge,relative,0.22023399501950544
iemocap,20260922,2,0.25,valence,quadratic_ridge,hybrid,0.0460917603688768
iemocap,20260922,2,0.25,arousal,quadratic_ridge,hybrid,0.4466148012933335
iemocap,20260922,2,0.25,dominance,quadratic_ridge,hybrid,0.22399352674823822
iemocap,20260922,2,0.5,valence,linear_ridge,absolute,0.03194941262859198
iemocap,20260922,2,0.5,arousal,linear_ridge,absolute,0.3183686257766068
iemocap,20260922,2,0.5,dominance,linear_ridge,absolute,0.1958704358885836
iemocap,20260922,2,0.5,valence,linear_ridge,relative,0.033125440721415815
iemocap,20260922,2,0.5,arousal,linear_ridge,relative,0.4443936109896021
iemocap,20260922,2,0.5,dominance,linear_ridge,relative,0.2125184052882962
iemocap,20260922,2,0.5,valence,linear_ridge,hybrid,0.03364845140617322
iemocap,20260922,2,0.5,arousal,linear_ridge,hybrid,0.44445224137361605
iemocap,20260922,2,0.5,dominance,linear_ridge,hybrid,0.21601424901709343
iemocap,20260922,2,0.5,valence,quadratic_ridge,absolute,0.04078194869920729
iemocap,20260922,2,0.5,arousal,quadratic_ridge,absolute,0.27907058170988747
iemocap,20260922,2,0.5,dominance,quadratic_ridge,absolute,0.19964582265381361
iemocap,20260922,2,0.5,valence,quadratic_ridge,relative,0.055315244044309535
iemocap,20260922,2,0.5,arousal,quadratic_ridge,relative,0.46336680911139144
iemocap,20260922,2,0.5,dominance,quadratic_ridge,relative,0.21840714888218202
iemocap,20260922,2,0.5,valence,quadratic_ridge,hybrid,0.044959555635735914
iemocap,20260922,2,0.5,arousal,quadratic_ridge,hybrid,0.43884372580805314
iemocap,20260922,2,0.5,dominance,quadratic_ridge,hybrid,0.19330442161224579
iemocap,20260922,2,0.75,valence,linear_ridge,absolute,0.032595998982530794
iemocap,20260922,2,0.75,arousal,linear_ridge,absolute,0.3125523184363407
iemocap,20260922,2,0.75,dominance,linear_ridge,absolute,0.19718271323680275
iemocap,20260922,2,0.75,valence,linear_ridge,relative,0.03293050887123217
iemocap,20260922,2,0.75,arousal,linear_ridge,relative,0.4336546541477882
iemocap,20260922,2,0.75,dominance,linear_ridge,relative,0.21097497108751073
iemocap,20260922,2,0.75,valence,linear_ridge,hybrid,0.03397740231369813
iemocap,20260922,2,0.75,arousal,linear_ridge,hybrid,0.4378973123694482
iemocap,20260922,2,0.75,dominance,linear_ridge,hybrid,0.2188418395980845
iemocap,20260922,2,0.75,valence,quadratic_ridge,absolute,0.041446976197431
iemocap,20260922,2,0.75,arousal,quadratic_ridge,absolute,0.2725511620553796
iemocap,20260922,2,0.75,dominance,quadratic_ridge,absolute,0.199647613382238
iemocap,20260922,2,0.75,valence,quadratic_ridge,relative,0.055306894862917635
iemocap,20260922,2,0.75,arousal,quadratic_ridge,relative,0.4525883568135553
iemocap,20260922,2,0.75,dominance,quadratic_ridge,relative,0.2158734916613394
iemocap,20260922,2,0.75,valence,quadratic_ridge,hybrid,0.043205630992140726
iemocap,20260922,2,0.75,arousal,quadratic_ridge,hybrid,0.42166692036221526
iemocap,20260922,2,0.75,dominance,quadratic_ridge,hybrid,0.15199305066944668
iemocap,20260922,2,1.0,valence,linear_ridge,absolute,0.03321056558631032
iemocap,20260922,2,1.0,arousal,linear_ridge,absolute,0.3045795547985173
iemocap,20260922,2,1.0,dominance,linear_ridge,absolute,0.1976157817191261
iemocap,20260922,2,1.0,valence,linear_ridge,relative,0.03268021352492847
iemocap,20260922,2,1.0,arousal,linear_ridge,relative,0.41932000333638003
iemocap,20260922,2,1.0,dominance,linear_ridge,relative,0.2087096092660464
iemocap,20260922,2,1.0,valence,linear_ridge,hybrid,0.034425745029419974
iemocap,20260922,2,1.0,arousal,linear_ridge,hybrid,0.43032844805497444
iemocap,20260922,2,1.0,dominance,linear_ridge,hybrid,0.2226672284667149
iemocap,20260922,2,1.0,valence,quadratic_ridge,absolute,0.04205044242019338
iemocap,20260922,2,1.0,arousal,quadratic_ridge,absolute,0.264085961109529
iemocap,20260922,2,1.0,dominance,quadratic_ridge,absolute,0.19882367349046728
iemocap,20260922,2,1.0,valence,quadratic_ridge,relative,0.05520522917097392
iemocap,20260922,2,1.0,arousal,quadratic_ridge,relative,0.4383368036512846
iemocap,20260922,2,1.0,dominance,quadratic_ridge,relative,0.21268298923266593
iemocap,20260922,2,1.0,valence,quadratic_ridge,hybrid,0.041357535532072706
iemocap,20260922,2,1.0,arousal,quadratic_ridge,hybrid,0.4007798047955471
iemocap,20260922,2,1.0,dominance,quadratic_ridge,hybrid,0.1082029216375211
iemocap,20260922,3,0.0,valence,linear_ridge,absolute,0.03510910540689248
iemocap,20260922,3,0.0,arousal,linear_ridge,absolute,0.41782665928518326
iemocap,20260922,3,0.0,dominance,linear_ridge,absolute,0.32650158610008234
iemocap,20260922,3,0.0,valence,linear_ridge,relative,0.03504612324280777
iemocap,20260922,3,0.0,arousal,linear_ridge,relative,0.49736244874853014
iemocap,20260922,3,0.0,dominance,linear_ridge,relative,0.3523989959027942
iemocap,20260922,3,0.0,valence,linear_ridge,hybrid,0.035080456846507825
iemocap,20260922,3,0.0,arousal,linear_ridge,hybrid,0.4983171031789643
iemocap,20260922,3,0.0,dominance,linear_ridge,hybrid,0.3529269158671222
iemocap,20260922,3,0.0,valence,quadratic_ridge,absolute,0.07218548177648373
iemocap,20260922,3,0.0,arousal,quadratic_ridge,absolute,0.45647873521176136
iemocap,20260922,3,0.0,dominance,quadratic_ridge,absolute,0.3493914430401002
iemocap,20260922,3,0.0,valence,quadratic_ridge,relative,0.06666937340259363
iemocap,20260922,3,0.0,arousal,quadratic_ridge,relative,0.522193664515624
iemocap,20260922,3,0.0,dominance,quadratic_ridge,relative,0.3644325876297651
iemocap,20260922,3,0.0,valence,quadratic_ridge,hybrid,0.07922915263876196
iemocap,20260922,3,0.0,arousal,quadratic_ridge,hybrid,0.5287355621078739
iemocap,20260922,3,0.0,dominance,quadratic_ridge,hybrid,0.3692837424490089
iemocap,20260922,3,0.25,valence,linear_ridge,absolute,0.0352442877163536
iemocap,20260922,3,0.25,arousal,linear_ridge,absolute,0.43327152608110586
iemocap,20260922,3,0.25,dominance,linear_ridge,absolute,0.33193404582105035
iemocap,20260922,3,0.25,valence,linear_ridge,relative,0.03490479489584073
iemocap,20260922,3,0.25,arousal,linear_ridge,relative,0.4951167065319697
iemocap,20260922,3,0.25,dominance,linear_ridge,relative,0.3526193972847666
iemocap,20260922,3,0.25,valence,linear_ridge,hybrid,0.03530193306956609
iemocap,20260922,3,0.25,arousal,linear_ridge,hybrid,0.4935913590289175
iemocap,20260922,3,0.25,dominance,linear_ridge,hybrid,0.3529377458186207
iemocap,20260922,3,0.25,valence,quadratic_ridge,absolute,0.07273769544643921
iemocap,20260922,3,0.25,arousal,quadratic_ridge,absolute,0.4740764228979573
iemocap,20260922,3,0.25,dominance,quadratic_ridge,absolute,0.35580623050173493
iemocap,20260922,3,0.25,valence,quadratic_ridge,relative,0.0671125834487363
iemocap,20260922,3,0.25,arousal,quadratic_ridge,relative,0.5207738926770825
iemocap,20260922,3,0.25,dominance,quadratic_ridge,relative,0.36460970342925214
iemocap,20260922,3,0.25,valence,quadratic_ridge,hybrid,0.07973735088653754
iemocap,20260922,3,0.25,arousal,quadratic_ridge,hybrid,0.5259107188096503
iemocap,20260922,3,0.25,dominance,quadratic_ridge,hybrid,0.3679414723407042
iemocap,20260922,3,0.5,valence,linear_ridge,absolute,0.035440533096305814
iemocap,20260922,3,0.5,arousal,linear_ridge,absolute,0.44661686488238567
iemocap,20260922,3,0.5,dominance,linear_ridge,absolute,0.33698559327239297
iemocap,20260922,3,0.5,valence,linear_ridge,relative,0.034666674294188425
iemocap,20260922,3,0.5,arousal,linear_ridge,relative,0.49181224448654637
iemocap,20260922,3,0.5,dominance,linear_ridge,relative,0.3525148999556178
iemocap,20260922,3,0.5,valence,linear_ridge,hybrid,0.03582862468039554
iemocap,20260922,3,0.5,arousal,linear_ridge,hybrid,0.4797059228971291
iemocap,20260922,3,0.5,dominance,linear_ridge,hybrid,0.3523768744944903
iemocap,20260922,3,0.5,valence,quadratic_ridge,absolute,0.07323915499830752
iemocap,20260922,3,0.5,arousal,quadratic_ridge,absolute,0.48961938580902475
iemocap,20260922,3,0.5,dominance,quadratic_ridge,absolute,0.36171156764875767
iemocap,20260922,3,0.5,valence,quadratic_ridge,relative,0.0673873749598559
iemocap,20260922,3,0.5,arousal,quadratic_ridge,relative,0.517914993641165
iemocap,20260922,3,0.5,dominance,quadratic_ridge,relative,0.3643548742906653
iemocap,20260922,3,0.5,valence,quadratic_ridge,hybrid,0.0798681699642267
iemocap,20260922,3,0.5,arousal,quadratic_ridge,hybrid,0.5152930421447514
iemocap,20260922,3,0.5,dominance,quadratic_ridge,hybrid,0.36259331309666637
iemocap,20260922,3,0.75,valence,linear_ridge,absolute,0.035695721699321836
iemocap,20260922,3,0.75,arousal,linear_ridge,absolute,0.45782334981850287
iemocap,20260922,3,0.75,dominance,linear_ridge,absolute,0.3416462305993732
iemocap,20260922,3,0.75,valence,linear_ridge,relative,0.034335109035953326
iemocap,20260922,3,0.75,arousal,linear_ridge,relative,0.48747966916614216
iemocap,20260922,3,0.75,dominance,linear_ridge,relative,0.35209653177800154
iemocap,20260922,3,0.75,valence,linear_ridge,hybrid,0.03665260296092281
iemocap,20260922,3,0.75,arousal,linear_ridge,hybrid,0.45726500957500393
iemocap,20260922,3,0.75,dominance,linear_ridge,hybrid,0.35125564397343556
iemocap,20260922,3,0.75,valence,quadratic_ridge,absolute,0.07368607084814154
iemocap,20260922,3,0.75,arousal,quadratic_ridge,absolute,0.5030682162040341
iemocap,20260922,3,0.75,dominance,quadratic_ridge,absolute,0.36709423029586247
iemocap,20260922,3,0.75,valence,quadratic_ridge,relative,0.06749333637317663
iemocap,20260922,3,0.75,arousal,quadratic_ridge,relative,0.5136561068914355
iemocap,20260922,3,0.75,dominance,quadratic_ridge,relative,0.36367771825670975
iemocap,20260922,3,0.75,valence,quadratic_ridge,hybrid,0.07971147200761226
iemocap,20260922,3,0.75,arousal,quadratic_ridge,hybrid,0.4970110531108102
iemocap,20260922,3,0.75,dominance,quadratic_ridge,hybrid,0.3537383252959267
iemocap,20260922,3,1.0,valence,linear_ridge,absolute,0.03600699029570822
iemocap,20260922,3,1.0,arousal,linear_ridge,absolute,0.4668671555297364
iemocap,20260922,3,1.0,dominance,linear_ridge,absolute,0.3459153917013077
iemocap,20260922,3,1.0,valence,linear_ridge,relative,0.03391485143160082
iemocap,20260922,3,1.0,arousal,linear_ridge,relative,0.48216611576209
iemocap,20260922,3,1.0,dominance,linear_ridge,relative,0.3513674069730125
iemocap,20260922,3,1.0,valence,linear_ridge,hybrid,0.03776137512772586
iemocap,20260922,3,1.0,arousal,linear_ridge,hybrid,0.42719595859092013
iemocap,20260922,3,1.0,dominance,linear_ridge,hybrid,0.3495932221662914
iemocap,20260922,3,1.0,valence,quadratic_ridge,absolute,0.07407526484558632
iemocap,20260922,3,1.0,arousal,quadratic_ridge,absolute,0.5143942280697567
iemocap,20260922,3,1.0,dominance,quadratic_ridge,absolute,0.3719553813272165
iemocap,20260922,3,1.0,valence,quadratic_ridge,relative,0.06743278317798093
iemocap,20260922,3,1.0,arousal,quadratic_ridge,relative,0.508052894818411
iemocap,20260922,3,1.0,dominance,quadratic_ridge,relative,0.3625845926265613
iemocap,20260922,3,1.0,valence,quadratic_ridge,hybrid,0.07941307004274752
iemocap,20260922,3,1.0,arousal,quadratic_ridge,hybrid,0.4697158948808591
iemocap,20260922,3,1.0,dominance,quadratic_ridge,hybrid,0.34212520386180717
iemocap,20260922,4,0.0,valence,linear_ridge,absolute,0.027366242132495826
iemocap,20260922,4,0.0,arousal,linear_ridge,absolute,0.4423270785586676
iemocap,20260922,4,0.0,dominance,linear_ridge,absolute,0.3357533125455501
iemocap,20260922,4,0.0,valence,linear_ridge,relative,0.029484951439251696
iemocap,20260922,4,0.0,arousal,linear_ridge,relative,0.5765444230141522
iemocap,20260922,4,0.0,dominance,linear_ridge,relative,0.3833056756515521
iemocap,20260922,4,0.0,valence,linear_ridge,hybrid,0.029505126339071867
iemocap,20260922,4,0.0,arousal,linear_ridge,hybrid,0.5774915933347666
iemocap,20260922,4,0.0,dominance,linear_ridge,hybrid,0.38384017267480025
iemocap,20260922,4,0.0,valence,quadratic_ridge,absolute,0.046742966921751325
iemocap,20260922,4,0.0,arousal,quadratic_ridge,absolute,0.4198350974330514
iemocap,20260922,4,0.0,dominance,quadratic_ridge,absolute,0.3382212348458814
iemocap,20260922,4,0.0,valence,quadratic_ridge,relative,0.07324279476102075
iemocap,20260922,4,0.0,arousal,quadratic_ridge,relative,0.6186881819325184
iemocap,20260922,4,0.0,dominance,quadratic_ridge,relative,0.4213355130416661
iemocap,20260922,4,0.0,valence,quadratic_ridge,hybrid,0.07099586104951118
iemocap,20260922,4,0.0,arousal,quadratic_ridge,hybrid,0.6027001371545931
iemocap,20260922,4,0.0,dominance,quadratic_ridge,hybrid,0.39250122128865456
iemocap,20260922,4,0.25,valence,linear_ridge,absolute,0.027131063107477465
iemocap,20260922,4,0.25,arousal,linear_ridge,absolute,0.4501461154626356
iemocap,20260922,4,0.25,dominance,linear_ridge,absolute,0.34097977812747376
iemocap,20260922,4,0.25,valence,linear_ridge,relative,0.029450753395666187
iemocap,20260922,4,0.25,arousal,linear_ridge,relative,0.5762903529210066
iemocap,20260922,4,0.25,dominance,linear_ridge,relative,0.38318950592499224
iemocap,20260922,4,0.25,valence,linear_ridge,hybrid,0.029512720922849605
iemocap,20260922,4,0.25,arousal,linear_ridge,hybrid,0.5793615142707983
iemocap,20260922,4,0.25,dominance,linear_ridge,hybrid,0.38531534899573244
iemocap,20260922,4,0.25,valence,quadratic_ridge,absolute,0.04617945905859079
iemocap,20260922,4,0.25,arousal,quadratic_ridge,absolute,0.42479654447525345
iemocap,20260922,4,0.25,dominance,quadratic_ridge,absolute,0.3435031644640768
iemocap,20260922,4,0.25,valence,quadratic_ridge,relative,0.07375585686100312
iemocap,20260922,4,0.25,arousal,quadratic_ridge,relative,0.6178536123759153
iemocap,20260922,4,0.25,dominance,quadratic_ridge,relative,0.41861439188943583
iemocap,20260922,4,0.25,valence,quadratic_ridge,hybrid,0.07082778456699944
iemocap,20260922,4,0.25,arousal,quadratic_ridge,hybrid,0.6056112779384857
iemocap,20260922,4,0.25,dominance,quadratic_ridge,hybrid,0.3874846705557339
iemocap,20260922,4,0.5,valence,linear_ridge,absolute,0.02688742109897572
iemocap,20260922,4,0.5,arousal,linear_ridge,absolute,0.45714872362964065
iemocap,20260922,4,0.5,dominance,linear_ridge,absolute,0.3401818736745748
iemocap,20260922,4,0.5,valence,linear_ridge,relative,0.02941310407917611
iemocap,20260922,4,0.5,arousal,linear_ridge,relative,0.57506827403805
iemocap,20260922,4,0.5,dominance,linear_ridge,relative,0.376754898697964
iemocap,20260922,4,0.5,valence,linear_ridge,hybrid,0.02949872622079453
iemocap,20260922,4,0.5,arousal,linear_ridge,hybrid,0.5802394903058449
iemocap,20260922,4,0.5,dominance,linear_ridge,hybrid,0.38345720187344456
iemocap,20260922,4,0.5,valence,quadratic_ridge,absolute,0.04559779110961024
iemocap,20260922,4,0.5,arousal,quadratic_ridge,absolute,0.429016169322433
iemocap,20260922,4,0.5,dominance,quadratic_ridge,absolute,0.3428676769989586
iemocap,20260922,4,0.5,valence,quadratic_ridge,relative,0.07425761414694469
iemocap,20260922,4,0.5,arousal,quadratic_ridge,relative,0.6160770794360824
iemocap,20260922,4,0.5,dominance,quadratic_ridge,relative,0.4094168159579474
iemocap,20260922,4,0.5,valence,quadratic_ridge,hybrid,0.07057559517363067
iemocap,20260922,4,0.5,arousal,quadratic_ridge,hybrid,0.5956209672894112
iemocap,20260922,4,0.5,dominance,quadratic_ridge,hybrid,0.3721209953450996
iemocap,20260922,4,0.75,valence,linear_ridge,absolute,0.026635349568202016
iemocap,20260922,4,0.75,arousal,linear_ridge,absolute,0.4631972001487325
iemocap,20260922,4,0.75,dominance,linear_ridge,absolute,0.3336988676159443
iemocap,20260922,4,0.75,valence,linear_ridge,relative,0.02937214007693197
iemocap,20260922,4,0.75,arousal,linear_ridge,relative,0.5729530976941977
iemocap,20260922,4,0.75,dominance,linear_ridge,relative,0.36481040309752694
iemocap,20260922,4,0.75,valence,linear_ridge,hybrid,0.029463248145133736
iemocap,20260922,4,0.75,arousal,linear_ridge,hybrid,0.5801125739078431
iemocap,20260922,4,0.75,dominance,linear_ridge,hybrid,0.3785009065563883
iemocap,20260922,4,0.75,valence,quadratic_ridge,absolute,0.04499826679265809
iemocap,20260922,4,0.75,arousal,quadratic_ridge,absolute,0.43236958543925097
iemocap,20260922,4,0.75,dominance,quadratic_ridge,absolute,0.3366214655600762
iemocap,20260922,4,0.75,valence,quadratic_ridge,relative,0.07474890933260135
iemocap,20260922,4,0.75,arousal,quadratic_ridge,relative,0.6134473110194646
iemocap,20260922,4,0.75,dominance,quadratic_ridge,relative,0.3946759186608166
iemocap,20260922,4,0.75,valence,quadratic_ridge,hybrid,0.07026186179967035
iemocap,20260922,4,0.75,arousal,quadratic_ridge,hybrid,0.5707736134959305
iemocap,20260922,4,0.75,dominance,quadratic_ridge,hybrid,0.3472090689705909
iemocap,20260922,4,1.0,valence,linear_ridge,absolute,0.026374963387622085
iemocap,20260922,4,1.0,arousal,linear_ridge,absolute,0.4683446998175574
iemocap,20260922,4,1.0,dominance,linear_ridge,absolute,0.32237726100969694
iemocap,20260922,4,1.0,valence,linear_ridge,relative,0.029327706661990843
iemocap,20260922,4,1.0,arousal,linear_ridge,relative,0.5699062721767575
iemocap,20260922,4,1.0,dominance,linear_ridge,relative,0.3485324748078908
iemocap,20260922,4,1.0,valence,linear_ridge,hybrid,0.029406196787999647
iemocap,20260922,4,1.0,arousal,linear_ridge,hybrid,0.5790043026623111
iemocap,20260922,4,1.0,dominance,linear_ridge,hybrid,0.370858781464907
iemocap,20260922,4,1.0,valence,quadratic_ridge,absolute,0.04438104251407661
iemocap,20260922,4,1.0,arousal,quadratic_ridge,absolute,0.43491470486384015
iemocap,20260922,4,1.0,dominance,quadratic_ridge,absolute,0.3255826129235329
iemocap,20260922,4,1.0,valence,quadratic_ridge,relative,0.07522862880167142
iemocap,20260922,4,1.0,arousal,quadratic_ridge,relative,0.6099138243218398
iemocap,20260922,4,1.0,dominance,quadratic_ridge,relative,0.37566079601549474
iemocap,20260922,4,1.0,valence,quadratic_ridge,hybrid,0.0697697875255273
iemocap,20260922,4,1.0,arousal,quadratic_ridge,hybrid,0.5422262339877721
iemocap,20260922,4,1.0,dominance,quadratic_ridge,hybrid,0.3214022771432903
