seed,fold,K,representation,target,ccc,n_train,n_test
20260920,0,1,absolute,valence,-0.00015726081038134812,136288,31068
20260920,0,1,absolute,arousal,0.4778076481886438,136288,31068
20260920,0,1,absolute,dominance,0.3903181585814641,136288,31068
20260920,0,1,kshot_relative,valence,0.001987474427848207,136288,31068
20260920,0,1,kshot_relative,arousal,0.12105779532426889,136288,31068
20260920,0,1,kshot_relative,dominance,0.10055232574041172,136288,31068
20260920,0,1,kshot_hybrid,valence,0.002732190959036618,136288,31068
20260920,0,1,kshot_hybrid,arousal,0.4821899339779682,136288,31068
20260920,0,1,kshot_hybrid,dominance,0.3930968692122862,136288,31068
20260920,0,1,neutral_oracle_relative,valence,0.0034516573531357766,136288,31068
20260920,0,1,neutral_oracle_relative,arousal,0.2835573176109905,136288,31068
20260920,0,1,neutral_oracle_relative,dominance,0.2296171177825059,136288,31068
20260920,0,1,neutral_oracle_hybrid,valence,0.010469388899489087,136288,31068
20260920,0,1,neutral_oracle_hybrid,arousal,0.5132566636381548,136288,31068
20260920,0,1,neutral_oracle_hybrid,dominance,0.4113422171313442,136288,31068
20260920,0,1,marginal_oracle_relative,valence,0.01069073812798809,136288,31068
20260920,0,1,marginal_oracle_relative,arousal,0.19540339006207647,136288,31068
20260920,0,1,marginal_oracle_relative,dominance,0.15204902893936975,136288,31068
20260920,0,1,marginal_oracle_hybrid,valence,0.021650385803692402,136288,31068
20260920,0,1,marginal_oracle_hybrid,arousal,0.5073764928350613,136288,31068
20260920,0,1,marginal_oracle_hybrid,dominance,0.40298977573854633,136288,31068
20260920,1,1,absolute,valence,-7.544574172543137e-05,135766,31590
20260920,1,1,absolute,arousal,0.4982507222549441,135766,31590
20260920,1,1,absolute,dominance,0.3809835126809979,135766,31590
20260920,1,1,kshot_relative,valence,0.002858420831061862,135766,31590
20260920,1,1,kshot_relative,arousal,0.09389092891461441,135766,31590
20260920,1,1,kshot_relative,dominance,0.08407820549176867,135766,31590
20260920,1,1,kshot_hybrid,valence,0.0022282234898174024,135766,31590
20260920,1,1,kshot_hybrid,arousal,0.496503903463602,135766,31590
20260920,1,1,kshot_hybrid,dominance,0.3792575645338379,135766,31590
20260920,1,1,neutral_oracle_relative,valence,0.0044905356482156135,135766,31590
20260920,1,1,neutral_oracle_relative,arousal,0.28757946905625353,135766,31590
20260920,1,1,neutral_oracle_relative,dominance,0.21728312562213947,135766,31590
20260920,1,1,neutral_oracle_hybrid,valence,0.0018397263967356743,135766,31590
20260920,1,1,neutral_oracle_hybrid,arousal,0.5220617046005708,135766,31590
20260920,1,1,neutral_oracle_hybrid,dominance,0.3930828632360694,135766,31590
20260920,1,1,marginal_oracle_relative,valence,0.008003931213097514,135766,31590
20260920,1,1,marginal_oracle_relative,arousal,0.18063767991880178,135766,31590
20260920,1,1,marginal_oracle_relative,dominance,0.14082847807334242,135766,31590
20260920,1,1,marginal_oracle_hybrid,valence,0.004868531804720279,135766,31590
20260920,1,1,marginal_oracle_hybrid,arousal,0.5169817470950463,135766,31590
20260920,1,1,marginal_oracle_hybrid,dominance,0.38718836395623085,135766,31590
20260920,2,1,absolute,valence,-0.0020386809925289277,135407,31949
20260920,2,1,absolute,arousal,0.4734415465037074,135407,31949
20260920,2,1,absolute,dominance,0.35683971216907684,135407,31949
20260920,2,1,kshot_relative,valence,-0.000875893100071841,135407,31949
20260920,2,1,kshot_relative,arousal,0.1222389257024203,135407,31949
20260920,2,1,kshot_relative,dominance,0.09847799559513597,135407,31949
20260920,2,1,kshot_hybrid,valence,-0.0025778107234309382,135407,31949
20260920,2,1,kshot_hybrid,arousal,0.4780955486331957,135407,31949
20260920,2,1,kshot_hybrid,dominance,0.36037865918179557,135407,31949
20260920,2,1,neutral_oracle_relative,valence,0.003070100654911848,135407,31949
20260920,2,1,neutral_oracle_relative,arousal,0.2565748378710649,135407,31949
20260920,2,1,neutral_oracle_relative,dominance,0.19729560817744882,135407,31949
20260920,2,1,neutral_oracle_hybrid,valence,0.002500514725345258,135407,31949
20260920,2,1,neutral_oracle_hybrid,arousal,0.5033195043459567,135407,31949
20260920,2,1,neutral_oracle_hybrid,dominance,0.37286532955635776,135407,31949
20260920,2,1,marginal_oracle_relative,valence,0.0066106093065474115,135407,31949
20260920,2,1,marginal_oracle_relative,arousal,0.18098242431739645,135407,31949
20260920,2,1,marginal_oracle_relative,dominance,0.13744967853743262,135407,31949
20260920,2,1,marginal_oracle_hybrid,valence,0.007378138954006436,135407,31949
20260920,2,1,marginal_oracle_hybrid,arousal,0.4992426482967577,135407,31949
20260920,2,1,marginal_oracle_hybrid,dominance,0.36598668837915305,135407,31949
20260920,3,1,absolute,valence,0.0018819955216281142,131525,35831
20260920,3,1,absolute,arousal,0.47673746189155847,131525,35831
20260920,3,1,absolute,dominance,0.37491181433754034,131525,35831
20260920,3,1,kshot_relative,valence,0.002733288807393102,131525,35831
20260920,3,1,kshot_relative,arousal,0.14628714132308576,131525,35831
20260920,3,1,kshot_relative,dominance,0.12553873187945616,131525,35831
20260920,3,1,kshot_hybrid,valence,0.005582098919167384,131525,35831
20260920,3,1,kshot_hybrid,arousal,0.4776379893908953,131525,35831
20260920,3,1,kshot_hybrid,dominance,0.3786608043687646,131525,35831
20260920,3,1,neutral_oracle_relative,valence,0.005632641154316283,131525,35831
20260920,3,1,neutral_oracle_relative,arousal,0.307108478087767,131525,35831
20260920,3,1,neutral_oracle_relative,dominance,0.2293917087128822,131525,35831
20260920,3,1,neutral_oracle_hybrid,valence,0.00826919918495366,131525,35831
20260920,3,1,neutral_oracle_hybrid,arousal,0.4996776387092426,131525,35831
20260920,3,1,neutral_oracle_hybrid,dominance,0.38920418120079625,131525,35831
20260920,3,1,marginal_oracle_relative,valence,0.00919401351032142,131525,35831
20260920,3,1,marginal_oracle_relative,arousal,0.2133791162291524,131525,35831
20260920,3,1,marginal_oracle_relative,dominance,0.16295386177427026,131525,35831
20260920,3,1,marginal_oracle_hybrid,valence,0.0164830317810176,131525,35831
20260920,3,1,marginal_oracle_hybrid,arousal,0.4812323880745877,131525,35831
20260920,3,1,marginal_oracle_hybrid,dominance,0.37626905066310706,131525,35831
20260920,4,1,absolute,valence,0.0004655911848877752,130438,36918
20260920,4,1,absolute,arousal,0.49739034542431704,130438,36918
20260920,4,1,absolute,dominance,0.3945320911473342,130438,36918
20260920,4,1,kshot_relative,valence,0.0008971198708384626,130438,36918
20260920,4,1,kshot_relative,arousal,0.11978705204731001,130438,36918
20260920,4,1,kshot_relative,dominance,0.1042639569873885,130438,36918
20260920,4,1,kshot_hybrid,valence,0.0028777992343372587,130438,36918
20260920,4,1,kshot_hybrid,arousal,0.4978029899274043,130438,36918
20260920,4,1,kshot_hybrid,dominance,0.3946370265021462,130438,36918
20260920,4,1,neutral_oracle_relative,valence,-0.0012548959458052566,130438,36918
20260920,4,1,neutral_oracle_relative,arousal,0.28997255084135315,130438,36918
20260920,4,1,neutral_oracle_relative,dominance,0.21986221320275426,130438,36918
20260920,4,1,neutral_oracle_hybrid,valence,0.006319123235001364,130438,36918
20260920,4,1,neutral_oracle_hybrid,arousal,0.5171765370524697,130438,36918
20260920,4,1,neutral_oracle_hybrid,dominance,0.400586873679885,130438,36918
20260920,4,1,marginal_oracle_relative,valence,0.004994480457962577,130438,36918
20260920,4,1,marginal_oracle_relative,arousal,0.19322411929044106,130438,36918
20260920,4,1,marginal_oracle_relative,dominance,0.14955086351783237,130438,36918
20260920,4,1,marginal_oracle_hybrid,valence,0.018755652468725348,130438,36918
20260920,4,1,marginal_oracle_hybrid,arousal,0.5139136833276031,130438,36918
20260920,4,1,marginal_oracle_hybrid,dominance,0.3982981327227453,130438,36918
20260920,0,2,absolute,valence,-0.00014980724756552923,135584,30891
20260920,0,2,absolute,arousal,0.477844902348804,135584,30891
20260920,0,2,absolute,dominance,0.3901359872855944,135584,30891
20260920,0,2,kshot_relative,valence,0.0047170465698722075,135584,30891
20260920,0,2,kshot_relative,arousal,0.15561540046613123,135584,30891
20260920,0,2,kshot_relative,dominance,0.11945152282720926,135584,30891
20260920,0,2,kshot_hybrid,valence,0.006955502276638382,135584,30891
20260920,0,2,kshot_hybrid,arousal,0.48623691617241854,135584,30891
20260920,0,2,kshot_hybrid,dominance,0.394001941520515,135584,30891
20260920,0,2,neutral_oracle_relative,valence,0.0034045068191761525,135584,30891
20260920,0,2,neutral_oracle_relative,arousal,0.2837841453192675,135584,30891
20260920,0,2,neutral_oracle_relative,dominance,0.22956146174161512,135584,30891
20260920,0,2,neutral_oracle_hybrid,valence,0.010337396073439479,135584,30891
20260920,0,2,neutral_oracle_hybrid,arousal,0.5134622932416669,135584,30891
20260920,0,2,neutral_oracle_hybrid,dominance,0.4111487557919142,135584,30891
20260920,0,2,marginal_oracle_relative,valence,0.010598746073128463,135584,30891
20260920,0,2,marginal_oracle_relative,arousal,0.19536347237196555,135584,30891
20260920,0,2,marginal_oracle_relative,dominance,0.15185794666165622,135584,30891
20260920,0,2,marginal_oracle_hybrid,valence,0.02148877127637355,135584,30891
20260920,0,2,marginal_oracle_hybrid,arousal,0.5074867529802896,135584,30891
20260920,0,2,marginal_oracle_hybrid,dominance,0.40274845395969555,135584,30891
20260920,1,2,absolute,valence,-0.00012164268040575896,135061,31414
20260920,1,2,absolute,arousal,0.4985057303938787,135061,31414
20260920,1,2,absolute,dominance,0.38081142531433027,135061,31414
20260920,1,2,kshot_relative,valence,0.004502596273995238,135061,31414
20260920,1,2,kshot_relative,arousal,0.12480997862416511,135061,31414
20260920,1,2,kshot_relative,dominance,0.10107017960861313,135061,31414
20260920,1,2,kshot_hybrid,valence,0.0032124199549158077,135061,31414
20260920,1,2,kshot_hybrid,arousal,0.49824798994570657,135061,31414
20260920,1,2,kshot_hybrid,dominance,0.3795812327618681,135061,31414
20260920,1,2,neutral_oracle_relative,valence,0.004434974599737809,135061,31414
20260920,1,2,neutral_oracle_relative,arousal,0.2878043733102629,135061,31414
20260920,1,2,neutral_oracle_relative,dominance,0.21703154625906004,135061,31414
20260920,1,2,neutral_oracle_hybrid,valence,0.0016654881756664032,135061,31414
20260920,1,2,neutral_oracle_hybrid,arousal,0.52252374197756,135061,31414
20260920,1,2,neutral_oracle_hybrid,dominance,0.39295373936564154,135061,31414
20260920,1,2,marginal_oracle_relative,valence,0.007920220973134934,135061,31414
20260920,1,2,marginal_oracle_relative,arousal,0.18054102428132995,135061,31414
20260920,1,2,marginal_oracle_relative,dominance,0.14043650908693636,135061,31414
20260920,1,2,marginal_oracle_hybrid,valence,0.004733440950838535,135061,31414
20260920,1,2,marginal_oracle_hybrid,arousal,0.5174082654301736,135061,31414
20260920,1,2,marginal_oracle_hybrid,dominance,0.3870558392681475,135061,31414
20260920,2,2,absolute,valence,-0.0020031052798712787,134702,31773
20260920,2,2,absolute,arousal,0.47280967575997623,134702,31773
20260920,2,2,absolute,dominance,0.3565691413559899,134702,31773
20260920,2,2,kshot_relative,valence,0.0017485648396005876,134702,31773
20260920,2,2,kshot_relative,arousal,0.14589128677292135,134702,31773
20260920,2,2,kshot_relative,dominance,0.11305734428471279,134702,31773
20260920,2,2,kshot_hybrid,valence,-0.0005527286122261254,134702,31773
20260920,2,2,kshot_hybrid,arousal,0.4830794119028897,134702,31773
20260920,2,2,kshot_hybrid,dominance,0.3619326037519397,134702,31773
20260920,2,2,neutral_oracle_relative,valence,0.0031228386363842506,134702,31773
20260920,2,2,neutral_oracle_relative,arousal,0.2566587525380316,134702,31773
20260920,2,2,neutral_oracle_relative,dominance,0.19741224358316498,134702,31773
20260920,2,2,neutral_oracle_hybrid,valence,0.0025851701735037057,134702,31773
20260920,2,2,neutral_oracle_hybrid,arousal,0.5029713681943824,134702,31773
20260920,2,2,neutral_oracle_hybrid,dominance,0.3726491993411159,134702,31773
20260920,2,2,marginal_oracle_relative,valence,0.006694964067287251,134702,31773
20260920,2,2,marginal_oracle_relative,arousal,0.1808977273300162,134702,31773
20260920,2,2,marginal_oracle_relative,dominance,0.13751567729822595,134702,31773
20260920,2,2,marginal_oracle_hybrid,valence,0.007451588490813861,134702,31773
20260920,2,2,marginal_oracle_hybrid,arousal,0.4987960721382293,134702,31773
20260920,2,2,marginal_oracle_hybrid,dominance,0.3657043356835061,134702,31773
20260920,3,2,absolute,valence,0.0018726522761536289,130820,35655
20260920,3,2,absolute,arousal,0.4771619318239062,130820,35655
20260920,3,2,absolute,dominance,0.3746202714800534,130820,35655
20260920,3,2,kshot_relative,valence,0.005579704368879593,130820,35655
20260920,3,2,kshot_relative,arousal,0.19422191861624435,130820,35655
20260920,3,2,kshot_relative,dominance,0.15161176863556133,130820,35655
20260920,3,2,kshot_hybrid,valence,0.009291192763995858,130820,35655
20260920,3,2,kshot_hybrid,arousal,0.4776209761863293,130820,35655
20260920,3,2,kshot_hybrid,dominance,0.37642236666024753,130820,35655
20260920,3,2,neutral_oracle_relative,valence,0.005584789404994379,130820,35655
20260920,3,2,neutral_oracle_relative,arousal,0.30801982358780083,130820,35655
20260920,3,2,neutral_oracle_relative,dominance,0.22951670721303127,130820,35655
20260920,3,2,neutral_oracle_hybrid,valence,0.008256388494233251,130820,35655
20260920,3,2,neutral_oracle_hybrid,arousal,0.49993217655888816,130820,35655
20260920,3,2,neutral_oracle_hybrid,dominance,0.3888712726191927,130820,35655
20260920,3,2,marginal_oracle_relative,valence,0.009136147396467212,130820,35655
20260920,3,2,marginal_oracle_relative,arousal,0.21370064553571702,130820,35655
20260920,3,2,marginal_oracle_relative,dominance,0.16277075069376276,130820,35655
20260920,3,2,marginal_oracle_hybrid,valence,0.016401609022086084,130820,35655
20260920,3,2,marginal_oracle_hybrid,arousal,0.48136942720805515,130820,35655
20260920,3,2,marginal_oracle_hybrid,dominance,0.3757936123421704,130820,35655
20260920,4,2,absolute,valence,0.0004982230839995992,129733,36742
20260920,4,2,absolute,arousal,0.4974428145779441,129733,36742
20260920,4,2,absolute,dominance,0.39426735003609553,129733,36742
20260920,4,2,kshot_relative,valence,0.003860187653038557,129733,36742
20260920,4,2,kshot_relative,arousal,0.15451611237818708,129733,36742
20260920,4,2,kshot_relative,dominance,0.12144966402272168,129733,36742
20260920,4,2,kshot_hybrid,valence,0.008523455472949677,129733,36742
20260920,4,2,kshot_hybrid,arousal,0.49409335653392356,129733,36742
20260920,4,2,kshot_hybrid,dominance,0.391337336334976,129733,36742
20260920,4,2,neutral_oracle_relative,valence,-0.0012595364645006978,129733,36742
20260920,4,2,neutral_oracle_relative,arousal,0.29003121488416544,129733,36742
20260920,4,2,neutral_oracle_relative,dominance,0.2195625432291702,129733,36742
20260920,4,2,neutral_oracle_hybrid,valence,0.0062109783818884295,129733,36742
20260920,4,2,neutral_oracle_hybrid,arousal,0.5174003024676049,129733,36742
20260920,4,2,neutral_oracle_hybrid,dominance,0.40046294266293625,129733,36742
20260920,4,2,marginal_oracle_relative,valence,0.004950842623354854,129733,36742
20260920,4,2,marginal_oracle_relative,arousal,0.19312185392190273,129733,36742
20260920,4,2,marginal_oracle_relative,dominance,0.14919271574226511,129733,36742
20260920,4,2,marginal_oracle_hybrid,valence,0.018623693962176443,129733,36742
20260920,4,2,marginal_oracle_hybrid,arousal,0.51410030649429,129733,36742
20260920,4,2,marginal_oracle_hybrid,dominance,0.3980342726537491,129733,36742
20260920,0,5,absolute,valence,-0.00024632663260995487,133472,30360
20260920,0,5,absolute,arousal,0.47966769267026876,133472,30360
20260920,0,5,absolute,dominance,0.39221198344696895,133472,30360
20260920,0,5,kshot_relative,valence,0.012746226358201026,133472,30360
20260920,0,5,kshot_relative,arousal,0.16359968888241905,133472,30360
20260920,0,5,kshot_relative,dominance,0.12285845394273745,133472,30360
20260920,0,5,kshot_hybrid,valence,0.018497872819915634,133472,30360
20260920,0,5,kshot_hybrid,arousal,0.49301674316931904,133472,30360
20260920,0,5,kshot_hybrid,dominance,0.3989455183660948,133472,30360
20260920,0,5,neutral_oracle_relative,valence,0.0033971765936782307,133472,30360
20260920,0,5,neutral_oracle_relative,arousal,0.284842503573605,133472,30360
20260920,0,5,neutral_oracle_relative,dominance,0.2313151231529063,133472,30360
20260920,0,5,neutral_oracle_hybrid,valence,0.01050354765097767,133472,30360
20260920,0,5,neutral_oracle_hybrid,arousal,0.5151023686103641,133472,30360
20260920,0,5,neutral_oracle_hybrid,dominance,0.41323060841961146,133472,30360
20260920,0,5,marginal_oracle_relative,valence,0.010827320566575479,133472,30360
20260920,0,5,marginal_oracle_relative,arousal,0.19632156299254294,133472,30360
20260920,0,5,marginal_oracle_relative,dominance,0.15377253966660887,133472,30360
20260920,0,5,marginal_oracle_hybrid,valence,0.0218314816154801,133472,30360
20260920,0,5,marginal_oracle_hybrid,arousal,0.5090557014198741,133472,30360
20260920,0,5,marginal_oracle_hybrid,dominance,0.40474205368454236,133472,30360
20260920,1,5,absolute,valence,-0.00030277362241685915,132946,30886
20260920,1,5,absolute,arousal,0.4980173323547328,132946,30886
20260920,1,5,absolute,dominance,0.37971348816963757,132946,30886
20260920,1,5,kshot_relative,valence,0.009368033833607178,132946,30886
20260920,1,5,kshot_relative,arousal,0.13628464840883678,132946,30886
20260920,1,5,kshot_relative,dominance,0.10702284770197411,132946,30886
20260920,1,5,kshot_hybrid,valence,0.009488007622934409,132946,30886
20260920,1,5,kshot_hybrid,arousal,0.5066672296023794,132946,30886
20260920,1,5,kshot_hybrid,dominance,0.382743382626097,132946,30886
20260920,1,5,neutral_oracle_relative,valence,0.004447306538546004,132946,30886
20260920,1,5,neutral_oracle_relative,arousal,0.28649313957612776,132946,30886
20260920,1,5,neutral_oracle_relative,dominance,0.21586084775373043,132946,30886
20260920,1,5,neutral_oracle_hybrid,valence,0.0017465611311342124,132946,30886
20260920,1,5,neutral_oracle_hybrid,arousal,0.5219500954683902,132946,30886
20260920,1,5,neutral_oracle_hybrid,dominance,0.39172769546497066,132946,30886
20260920,1,5,marginal_oracle_relative,valence,0.008215976698448552,132946,30886
20260920,1,5,marginal_oracle_relative,arousal,0.17932296429549016,132946,30886
20260920,1,5,marginal_oracle_relative,dominance,0.13977652862634665,132946,30886
20260920,1,5,marginal_oracle_hybrid,valence,0.00499502851373766,132946,30886
20260920,1,5,marginal_oracle_hybrid,arousal,0.5167828102177439,132946,30886
20260920,1,5,marginal_oracle_hybrid,dominance,0.3859292344018388,132946,30886
20260920,2,5,absolute,valence,-0.0019557506279520636,132587,31245
20260920,2,5,absolute,arousal,0.4729869390612909,132587,31245
20260920,2,5,absolute,dominance,0.3573731590030609,132587,31245
20260920,2,5,kshot_relative,valence,0.0075113390587642215,132587,31245
20260920,2,5,kshot_relative,arousal,0.14516411856098077,132587,31245
20260920,2,5,kshot_relative,dominance,0.10720051077601407,132587,31245
20260920,2,5,kshot_hybrid,valence,0.0070299913372000936,132587,31245
20260920,2,5,kshot_hybrid,arousal,0.48961434376546215,132587,31245
20260920,2,5,kshot_hybrid,dominance,0.3642097305211814,132587,31245
20260920,2,5,neutral_oracle_relative,valence,0.003088659475035101,132587,31245
20260920,2,5,neutral_oracle_relative,arousal,0.2562950643662966,132587,31245
20260920,2,5,neutral_oracle_relative,dominance,0.19808244739054293,132587,31245
20260920,2,5,neutral_oracle_hybrid,valence,0.0026952740338664527,132587,31245
20260920,2,5,neutral_oracle_hybrid,arousal,0.5030136852860035,132587,31245
20260920,2,5,neutral_oracle_hybrid,dominance,0.3734674462649286,132587,31245
20260920,2,5,marginal_oracle_relative,valence,0.00685094425190385,132587,31245
20260920,2,5,marginal_oracle_relative,arousal,0.18052497746147633,132587,31245
20260920,2,5,marginal_oracle_relative,dominance,0.13807215749952093,132587,31245
20260920,2,5,marginal_oracle_hybrid,valence,0.007754124570926799,132587,31245
20260920,2,5,marginal_oracle_hybrid,arousal,0.4987061208996515,132587,31245
20260920,2,5,marginal_oracle_hybrid,dominance,0.3664198818396948,132587,31245
20260920,3,5,absolute,valence,0.001918036443911695,128705,35127
20260920,3,5,absolute,arousal,0.47538889130489936,128705,35127
20260920,3,5,absolute,dominance,0.37253800593139863,128705,35127
20260920,3,5,kshot_relative,valence,0.009174085738444181,128705,35127
20260920,3,5,kshot_relative,arousal,0.17582427125064326,128705,35127
20260920,3,5,kshot_relative,dominance,0.1328793998018675,128705,35127
20260920,3,5,kshot_hybrid,valence,0.013594289617944193,128705,35127
20260920,3,5,kshot_hybrid,arousal,0.4789036279873372,128705,35127
20260920,3,5,kshot_hybrid,dominance,0.373511111737902,128705,35127
20260920,3,5,neutral_oracle_relative,valence,0.005554644625592743,128705,35127
20260920,3,5,neutral_oracle_relative,arousal,0.30552695810073505,128705,35127
20260920,3,5,neutral_oracle_relative,dominance,0.22750695447449684,128705,35127
20260920,3,5,neutral_oracle_hybrid,valence,0.008370090432247526,128705,35127
20260920,3,5,neutral_oracle_hybrid,arousal,0.4980802148585297,128705,35127
20260920,3,5,neutral_oracle_hybrid,dominance,0.3866823852941732,128705,35127
20260920,3,5,marginal_oracle_relative,valence,0.009209978045804375,128705,35127
20260920,3,5,marginal_oracle_relative,arousal,0.21169675020928802,128705,35127
20260920,3,5,marginal_oracle_relative,dominance,0.16160310132601005,128705,35127
20260920,3,5,marginal_oracle_hybrid,valence,0.016655792651337098,128705,35127
20260920,3,5,marginal_oracle_hybrid,arousal,0.4798868060969291,128705,35127
20260920,3,5,marginal_oracle_hybrid,dominance,0.37388570740458066,128705,35127
20260920,4,5,absolute,valence,0.0005759769254476831,127618,36214
20260920,4,5,absolute,arousal,0.49730151936327355,127618,36214
20260920,4,5,absolute,dominance,0.3944340505613125,127618,36214
20260920,4,5,kshot_relative,valence,0.006959909956630309,127618,36214
20260920,4,5,kshot_relative,arousal,0.15881117659779462,127618,36214
20260920,4,5,kshot_relative,dominance,0.1237325754353518,127618,36214
20260920,4,5,kshot_hybrid,valence,0.01595020222095748,127618,36214
20260920,4,5,kshot_hybrid,arousal,0.4968354487738567,127618,36214
20260920,4,5,kshot_hybrid,dominance,0.3929575480192379,127618,36214
20260920,4,5,neutral_oracle_relative,valence,-0.0015553736803092834,127618,36214
20260920,4,5,neutral_oracle_relative,arousal,0.28858364959637983,127618,36214
20260920,4,5,neutral_oracle_relative,dominance,0.21924990045992854,127618,36214
20260920,4,5,neutral_oracle_hybrid,valence,0.0062379965218852034,127618,36214
20260920,4,5,neutral_oracle_hybrid,arousal,0.5167329408869692,127618,36214
20260920,4,5,neutral_oracle_hybrid,dominance,0.400344988993756,127618,36214
20260920,4,5,marginal_oracle_relative,valence,0.00510936595320034,127618,36214
20260920,4,5,marginal_oracle_relative,arousal,0.19254505930725546,127618,36214
20260920,4,5,marginal_oracle_relative,dominance,0.14976840304040281,127618,36214
20260920,4,5,marginal_oracle_hybrid,valence,0.01910704799790931,127618,36214
20260920,4,5,marginal_oracle_hybrid,arousal,0.5137057209543269,127618,36214
20260920,4,5,marginal_oracle_hybrid,dominance,0.3981363687576652,127618,36214
20260920,0,10,absolute,valence,-0.00028462108827893916,129952,29475
20260920,0,10,absolute,arousal,0.48002727849802335,129952,29475
20260920,0,10,absolute,dominance,0.3931049558385585,129952,29475
20260920,0,10,kshot_relative,valence,0.011635776443831567,129952,29475
20260920,0,10,kshot_relative,arousal,0.18128597370617114,129952,29475
20260920,0,10,kshot_relative,dominance,0.14137490938739508,129952,29475
20260920,0,10,kshot_hybrid,valence,0.019800034421627553,129952,29475
20260920,0,10,kshot_hybrid,arousal,0.496827769848141,129952,29475
20260920,0,10,kshot_hybrid,dominance,0.40075123646372335,129952,29475
20260920,0,10,neutral_oracle_relative,valence,0.0035206569707168993,129952,29475
20260920,0,10,neutral_oracle_relative,arousal,0.28526145841416756,129952,29475
20260920,0,10,neutral_oracle_relative,dominance,0.23152372239409322,129952,29475
20260920,0,10,neutral_oracle_hybrid,valence,0.010352489051021131,129952,29475
20260920,0,10,neutral_oracle_hybrid,arousal,0.5153598797159938,129952,29475
20260920,0,10,neutral_oracle_hybrid,dominance,0.4140738483641346,129952,29475
20260920,0,10,marginal_oracle_relative,valence,0.010797372603940652,129952,29475
20260920,0,10,marginal_oracle_relative,arousal,0.19691842290081693,129952,29475
20260920,0,10,marginal_oracle_relative,dominance,0.15375738957034457,129952,29475
20260920,0,10,marginal_oracle_hybrid,valence,0.021319866761905237,129952,29475
20260920,0,10,marginal_oracle_hybrid,arousal,0.5094320262983013,129952,29475
20260920,0,10,marginal_oracle_hybrid,dominance,0.4058965514943451,129952,29475
20260920,1,10,absolute,valence,-0.00031648938818132474,129421,30006
20260920,1,10,absolute,arousal,0.4974601938231376,129421,30006
20260920,1,10,absolute,dominance,0.379367183644826,129421,30006
20260920,1,10,kshot_relative,valence,0.008817146161270025,129421,30006
20260920,1,10,kshot_relative,arousal,0.1543798062439808,129421,30006
20260920,1,10,kshot_relative,dominance,0.11817428069995614,129421,30006
20260920,1,10,kshot_hybrid,valence,0.007105110527161587,129421,30006
20260920,1,10,kshot_hybrid,arousal,0.5120496071375464,129421,30006
20260920,1,10,kshot_hybrid,dominance,0.38543079218893617,129421,30006
20260920,1,10,neutral_oracle_relative,valence,0.004730353827795205,129421,30006
20260920,1,10,neutral_oracle_relative,arousal,0.28659912155761186,129421,30006
20260920,1,10,neutral_oracle_relative,dominance,0.2157183903877691,129421,30006
20260920,1,10,neutral_oracle_hybrid,valence,0.0016117452677471295,129421,30006
20260920,1,10,neutral_oracle_hybrid,arousal,0.521243522931939,129421,30006
20260920,1,10,neutral_oracle_hybrid,dominance,0.3911103494537281,129421,30006
20260920,1,10,marginal_oracle_relative,valence,0.008195657124438408,129421,30006
20260920,1,10,marginal_oracle_relative,arousal,0.17972755626115147,129421,30006
20260920,1,10,marginal_oracle_relative,dominance,0.13972524885051632,129421,30006
20260920,1,10,marginal_oracle_hybrid,valence,0.004446745307326888,129421,30006
20260920,1,10,marginal_oracle_hybrid,arousal,0.5160382251025886,129421,30006
20260920,1,10,marginal_oracle_hybrid,dominance,0.3856373590927802,129421,30006
20260920,2,10,absolute,valence,-0.0020485209427132554,129062,30365
20260920,2,10,absolute,arousal,0.475363570041198,129062,30365
20260920,2,10,absolute,dominance,0.3587363900281449,129062,30365
20260920,2,10,kshot_relative,valence,0.007610083735692345,129062,30365
20260920,2,10,kshot_relative,arousal,0.16511624000213726,129062,30365
20260920,2,10,kshot_relative,dominance,0.1234616769864593,129062,30365
20260920,2,10,kshot_hybrid,valence,0.008485632207219339,129062,30365
20260920,2,10,kshot_hybrid,arousal,0.4941654628139605,129062,30365
20260920,2,10,kshot_hybrid,dominance,0.3661656215134926,129062,30365
20260920,2,10,neutral_oracle_relative,valence,0.0030062852602329633,129062,30365
20260920,2,10,neutral_oracle_relative,arousal,0.25858252948965676,129062,30365
20260920,2,10,neutral_oracle_relative,dominance,0.1985479890942715,129062,30365
20260920,2,10,neutral_oracle_hybrid,valence,0.0023936353161392913,129062,30365
20260920,2,10,neutral_oracle_hybrid,arousal,0.5055553023478337,129062,30365
20260920,2,10,neutral_oracle_hybrid,dominance,0.3748257170287974,129062,30365
20260920,2,10,marginal_oracle_relative,valence,0.006826244118878448,129062,30365
20260920,2,10,marginal_oracle_relative,arousal,0.1825373171874182,129062,30365
20260920,2,10,marginal_oracle_relative,dominance,0.1379807460895521,129062,30365
20260920,2,10,marginal_oracle_hybrid,valence,0.007541631716729611,129062,30365
20260920,2,10,marginal_oracle_hybrid,arousal,0.5013268412209669,129062,30365
20260920,2,10,marginal_oracle_hybrid,dominance,0.36800382113802127,129062,30365
20260920,3,10,absolute,valence,0.001998777793039209,125180,34247
20260920,3,10,absolute,arousal,0.47749176487971623,125180,34247
20260920,3,10,absolute,dominance,0.3736974341456619,125180,34247
20260920,3,10,kshot_relative,valence,0.00961336650776546,125180,34247
20260920,3,10,kshot_relative,arousal,0.20298210130861516,125180,34247
20260920,3,10,kshot_relative,dominance,0.14970655768784016,125180,34247
20260920,3,10,kshot_hybrid,valence,0.015981491011934447,125180,34247
20260920,3,10,kshot_hybrid,arousal,0.4752025169502415,125180,34247
20260920,3,10,kshot_hybrid,dominance,0.37215487235359873,125180,34247
20260920,3,10,neutral_oracle_relative,valence,0.0058008290948514205,125180,34247
20260920,3,10,neutral_oracle_relative,arousal,0.307523112619321,125180,34247
20260920,3,10,neutral_oracle_relative,dominance,0.22719478771762067,125180,34247
20260920,3,10,neutral_oracle_hybrid,valence,0.008529455437362991,125180,34247
20260920,3,10,neutral_oracle_hybrid,arousal,0.5006197868153974,125180,34247
20260920,3,10,neutral_oracle_hybrid,dominance,0.3877913162964563,125180,34247
20260920,3,10,marginal_oracle_relative,valence,0.00907869883973538,125180,34247
20260920,3,10,marginal_oracle_relative,arousal,0.21339384658116745,125180,34247
20260920,3,10,marginal_oracle_relative,dominance,0.16125455364560357,125180,34247
20260920,3,10,marginal_oracle_hybrid,valence,0.01636448981741413,125180,34247
20260920,3,10,marginal_oracle_hybrid,arousal,0.4825111860167369,125180,34247
20260920,3,10,marginal_oracle_hybrid,dominance,0.37530572742951224,125180,34247
20260920,4,10,absolute,valence,0.0007168467845407581,124093,35334
20260920,4,10,absolute,arousal,0.4971464458728457,124093,35334
20260920,4,10,absolute,dominance,0.39275755981989935,124093,35334
20260920,4,10,kshot_relative,valence,0.0051412968213330945,124093,35334
20260920,4,10,kshot_relative,arousal,0.1642585836853594,124093,35334
20260920,4,10,kshot_relative,dominance,0.12523133056842697,124093,35334
20260920,4,10,kshot_hybrid,valence,0.016488868124562676,124093,35334
20260920,4,10,kshot_hybrid,arousal,0.5078085428965077,124093,35334
20260920,4,10,kshot_hybrid,dominance,0.39420465380018266,124093,35334
20260920,4,10,neutral_oracle_relative,valence,-0.0010622897128076412,124093,35334
20260920,4,10,neutral_oracle_relative,arousal,0.28973309257637975,124093,35334
20260920,4,10,neutral_oracle_relative,dominance,0.21803720528985845,124093,35334
20260920,4,10,neutral_oracle_hybrid,valence,0.006483265566751487,124093,35334
20260920,4,10,neutral_oracle_hybrid,arousal,0.5169608712439927,124093,35334
20260920,4,10,neutral_oracle_hybrid,dominance,0.3984298740087152,124093,35334
20260920,4,10,marginal_oracle_relative,valence,0.005366080486847927,124093,35334
20260920,4,10,marginal_oracle_relative,arousal,0.19330561374168187,124093,35334
20260920,4,10,marginal_oracle_relative,dominance,0.14882564337311244,124093,35334
20260920,4,10,marginal_oracle_hybrid,valence,0.01901120621793396,124093,35334
20260920,4,10,marginal_oracle_hybrid,arousal,0.5138838211222673,124093,35334
20260920,4,10,marginal_oracle_hybrid,dominance,0.39651853956695626,124093,35334
20260920,0,20,absolute,valence,-0.000554421968580278,122912,27705
20260920,0,20,absolute,arousal,0.48048433680085445,122912,27705
20260920,0,20,absolute,dominance,0.3925054888841904,122912,27705
20260920,0,20,kshot_relative,valence,0.01143201891826982,122912,27705
20260920,0,20,kshot_relative,arousal,0.19776750252216152,122912,27705
20260920,0,20,kshot_relative,dominance,0.15478443771205527,122912,27705
20260920,0,20,kshot_hybrid,valence,0.019351498720733832,122912,27705
20260920,0,20,kshot_hybrid,arousal,0.5100805651864495,122912,27705
20260920,0,20,kshot_hybrid,dominance,0.4049884535528202,122912,27705
20260920,0,20,neutral_oracle_relative,valence,0.004033574217646395,122912,27705
20260920,0,20,neutral_oracle_relative,arousal,0.2865605543696939,122912,27705
20260920,0,20,neutral_oracle_relative,dominance,0.23158430310881087,122912,27705
20260920,0,20,neutral_oracle_hybrid,valence,0.010666414194934774,122912,27705
20260920,0,20,neutral_oracle_hybrid,arousal,0.5157993447072811,122912,27705
20260920,0,20,neutral_oracle_hybrid,dominance,0.41339420635214247,122912,27705
20260920,0,20,marginal_oracle_relative,valence,0.011094726458862428,122912,27705
20260920,0,20,marginal_oracle_relative,arousal,0.19903009505894778,122912,27705
20260920,0,20,marginal_oracle_relative,dominance,0.15512689131251098,122912,27705
20260920,0,20,marginal_oracle_hybrid,valence,0.02095752187623611,122912,27705
20260920,0,20,marginal_oracle_hybrid,arousal,0.5099094830181019,122912,27705
20260920,0,20,marginal_oracle_hybrid,dominance,0.4051962954538343,122912,27705
20260920,1,20,absolute,valence,-0.0004204943648386749,122371,28246
20260920,1,20,absolute,arousal,0.4995867264273448,122371,28246
20260920,1,20,absolute,dominance,0.38046785769670394,122371,28246
20260920,1,20,kshot_relative,valence,0.008375749905742523,122371,28246
20260920,1,20,kshot_relative,arousal,0.16709720989447607,122371,28246
20260920,1,20,kshot_relative,dominance,0.12963069936975397,122371,28246
20260920,1,20,kshot_hybrid,valence,0.004736620534881005,122371,28246
20260920,1,20,kshot_hybrid,arousal,0.5203138628593768,122371,28246
20260920,1,20,kshot_hybrid,dominance,0.38820964962214144,122371,28246
20260920,1,20,neutral_oracle_relative,valence,0.004716976567020818,122371,28246
20260920,1,20,neutral_oracle_relative,arousal,0.28918759369031216,122371,28246
20260920,1,20,neutral_oracle_relative,dominance,0.21666322067084412,122371,28246
20260920,1,20,neutral_oracle_hybrid,valence,0.002342427194579729,122371,28246
20260920,1,20,neutral_oracle_hybrid,arousal,0.5238168863161025,122371,28246
20260920,1,20,neutral_oracle_hybrid,dominance,0.39229144271373395,122371,28246
20260920,1,20,marginal_oracle_relative,valence,0.00837545807225778,122371,28246
20260920,1,20,marginal_oracle_relative,arousal,0.18181545858403478,122371,28246
20260920,1,20,marginal_oracle_relative,dominance,0.14131143863033635,122371,28246
20260920,1,20,marginal_oracle_hybrid,valence,0.005575978672025633,122371,28246
20260920,1,20,marginal_oracle_hybrid,arousal,0.5183361827948594,122371,28246
20260920,1,20,marginal_oracle_hybrid,dominance,0.386774342598859,122371,28246
20260920,2,20,absolute,valence,-0.0021545983427961185,122012,28605
20260920,2,20,absolute,arousal,0.47775701217241046,122012,28605
20260920,2,20,absolute,dominance,0.3598554310111968,122012,28605
20260920,2,20,kshot_relative,valence,0.006736355274861454,122012,28605
20260920,2,20,kshot_relative,arousal,0.1772682818206816,122012,28605
20260920,2,20,kshot_relative,dominance,0.13215271086248648,122012,28605
20260920,2,20,kshot_hybrid,valence,0.007343225220070351,122012,28605
20260920,2,20,kshot_hybrid,arousal,0.49970789030381274,122012,28605
20260920,2,20,kshot_hybrid,dominance,0.3672428631715869,122012,28605
20260920,2,20,neutral_oracle_relative,valence,0.003172583362236382,122012,28605
20260920,2,20,neutral_oracle_relative,arousal,0.26246185856191334,122012,28605
20260920,2,20,neutral_oracle_relative,dominance,0.20112367105008214,122012,28605
20260920,2,20,neutral_oracle_hybrid,valence,0.002380058116711597,122012,28605
20260920,2,20,neutral_oracle_hybrid,arousal,0.5074405678474406,122012,28605
20260920,2,20,neutral_oracle_hybrid,dominance,0.37560819595389855,122012,28605
20260920,2,20,marginal_oracle_relative,valence,0.00657924501427087,122012,28605
20260920,2,20,marginal_oracle_relative,arousal,0.1862313923416169,122012,28605
20260920,2,20,marginal_oracle_relative,dominance,0.14026134037349444,122012,28605
20260920,2,20,marginal_oracle_hybrid,valence,0.007225986401083554,122012,28605
20260920,2,20,marginal_oracle_hybrid,arousal,0.5032778341245533,122012,28605
20260920,2,20,marginal_oracle_hybrid,dominance,0.3687611289503549,122012,28605
20260920,3,20,absolute,valence,0.0018252852008713493,118130,32487
20260920,3,20,absolute,arousal,0.47700088504024707,118130,32487
20260920,3,20,absolute,dominance,0.3727499430546038,118130,32487
20260920,3,20,kshot_relative,valence,0.008817861342552462,118130,32487
20260920,3,20,kshot_relative,arousal,0.20162237521395673,118130,32487
20260920,3,20,kshot_relative,dominance,0.15161188738250753,118130,32487
20260920,3,20,kshot_hybrid,valence,0.012447228948081956,118130,32487
20260920,3,20,kshot_hybrid,arousal,0.480569426880988,118130,32487
20260920,3,20,kshot_hybrid,dominance,0.3753547303696064,118130,32487
20260920,3,20,neutral_oracle_relative,valence,0.006174602879024767,118130,32487
20260920,3,20,neutral_oracle_relative,arousal,0.308433886507214,118130,32487
20260920,3,20,neutral_oracle_relative,dominance,0.22877775799874095,118130,32487
20260920,3,20,neutral_oracle_hybrid,valence,0.008410702161348899,118130,32487
20260920,3,20,neutral_oracle_hybrid,arousal,0.49995076636928815,118130,32487
20260920,3,20,neutral_oracle_hybrid,dominance,0.38676342354841714,118130,32487
20260920,3,20,marginal_oracle_relative,valence,0.009156791728245437,118130,32487
20260920,3,20,marginal_oracle_relative,arousal,0.21409972130182384,118130,32487
20260920,3,20,marginal_oracle_relative,dominance,0.16372721574826699,118130,32487
20260920,3,20,marginal_oracle_hybrid,valence,0.01517869910884699,118130,32487
20260920,3,20,marginal_oracle_hybrid,arousal,0.4814969748601413,118130,32487
20260920,3,20,marginal_oracle_hybrid,dominance,0.3745632302209938,118130,32487
20260920,4,20,absolute,valence,0.0004091469332776711,117043,33574
20260920,4,20,absolute,arousal,0.4990694434256163,117043,33574
20260920,4,20,absolute,dominance,0.39333009169801203,117043,33574
20260920,4,20,kshot_relative,valence,0.003973542874020739,117043,33574
20260920,4,20,kshot_relative,arousal,0.17624827700372203,117043,33574
20260920,4,20,kshot_relative,dominance,0.13351179191065796,117043,33574
20260920,4,20,kshot_hybrid,valence,0.015155264076834409,117043,33574
20260920,4,20,kshot_hybrid,arousal,0.5130150516975048,117043,33574
20260920,4,20,kshot_hybrid,dominance,0.3945405694911355,117043,33574
20260920,4,20,neutral_oracle_relative,valence,-0.0006195705522111147,117043,33574
20260920,4,20,neutral_oracle_relative,arousal,0.2924664894124625,117043,33574
20260920,4,20,neutral_oracle_relative,dominance,0.21893379618335326,117043,33574
20260920,4,20,neutral_oracle_hybrid,valence,0.006461517782943229,117043,33574
20260920,4,20,neutral_oracle_hybrid,arousal,0.5192721828407951,117043,33574
20260920,4,20,neutral_oracle_hybrid,dominance,0.398095378762968,117043,33574
20260920,4,20,marginal_oracle_relative,valence,0.005349217903180079,117043,33574
20260920,4,20,marginal_oracle_relative,arousal,0.1945268550508359,117043,33574
20260920,4,20,marginal_oracle_relative,dominance,0.15003117848524286,117043,33574
20260920,4,20,marginal_oracle_hybrid,valence,0.018000604551054282,117043,33574
20260920,4,20,marginal_oracle_hybrid,arousal,0.5157788112301459,117043,33574
20260920,4,20,marginal_oracle_hybrid,dominance,0.3963178485642487,117043,33574
20260920,0,50,absolute,valence,-0.0016456535716229256,101792,22395
20260920,0,50,absolute,arousal,0.48540796286169363,101792,22395
20260920,0,50,absolute,dominance,0.38958840440809017,101792,22395
20260920,0,50,kshot_relative,valence,0.011307628236897458,101792,22395
20260920,0,50,kshot_relative,arousal,0.19729245393315623,101792,22395
20260920,0,50,kshot_relative,dominance,0.15111190117363035,101792,22395
20260920,0,50,kshot_hybrid,valence,0.019046120353276925,101792,22395
20260920,0,50,kshot_hybrid,arousal,0.5091622152474925,101792,22395
20260920,0,50,kshot_hybrid,dominance,0.39994387748908283,101792,22395
20260920,0,50,neutral_oracle_relative,valence,0.0023680428135621815,101792,22395
20260920,0,50,neutral_oracle_relative,arousal,0.28142835555627344,101792,22395
20260920,0,50,neutral_oracle_relative,dominance,0.2209749816624355,101792,22395
20260920,0,50,neutral_oracle_hybrid,valence,0.007389745495717749,101792,22395
20260920,0,50,neutral_oracle_hybrid,arousal,0.5190392101671873,101792,22395
20260920,0,50,neutral_oracle_hybrid,dominance,0.4078572461999006,101792,22395
20260920,0,50,marginal_oracle_relative,valence,0.011492971644715431,101792,22395
20260920,0,50,marginal_oracle_relative,arousal,0.20036206234911663,101792,22395
20260920,0,50,marginal_oracle_relative,dominance,0.15244097561969977,101792,22395
20260920,0,50,marginal_oracle_hybrid,valence,0.020480155909131645,101792,22395
20260920,0,50,marginal_oracle_hybrid,arousal,0.5144448010684468,101792,22395
20260920,0,50,marginal_oracle_hybrid,dominance,0.4029014616329054,101792,22395
20260920,1,50,absolute,valence,-0.00475411704858506,101221,22966
20260920,1,50,absolute,arousal,0.4929825707792087,101221,22966
20260920,1,50,absolute,dominance,0.3840687533940111,101221,22966
20260920,1,50,kshot_relative,valence,0.012276432908855798,101221,22966
20260920,1,50,kshot_relative,arousal,0.16509595386825757,101221,22966
20260920,1,50,kshot_relative,dominance,0.12582171077409732,101221,22966
20260920,1,50,kshot_hybrid,valence,0.007731593503330896,101221,22966
20260920,1,50,kshot_hybrid,arousal,0.5055329150382631,101221,22966
20260920,1,50,kshot_hybrid,dominance,0.38514508980283324,101221,22966
20260920,1,50,neutral_oracle_relative,valence,0.0039203978746175806,101221,22966
20260920,1,50,neutral_oracle_relative,arousal,0.2733503923762913,101221,22966
20260920,1,50,neutral_oracle_relative,dominance,0.20435267547781502,101221,22966
20260920,1,50,neutral_oracle_hybrid,valence,0.002341439055776606,101221,22966
20260920,1,50,neutral_oracle_hybrid,arousal,0.5121024350895755,101221,22966
20260920,1,50,neutral_oracle_hybrid,dominance,0.39089298400578903,101221,22966
20260920,1,50,marginal_oracle_relative,valence,0.012085351662279442,101221,22966
20260920,1,50,marginal_oracle_relative,arousal,0.17074764266499634,101221,22966
20260920,1,50,marginal_oracle_relative,dominance,0.13042496030280665,101221,22966
20260920,1,50,marginal_oracle_hybrid,valence,0.007697208662895979,101221,22966
20260920,1,50,marginal_oracle_hybrid,arousal,0.5082554681613275,101221,22966
20260920,1,50,marginal_oracle_hybrid,dominance,0.3868399482209027,101221,22966
20260920,2,50,absolute,valence,-0.001414233369056026,100862,23325
20260920,2,50,absolute,arousal,0.47545838690852343,100862,23325
20260920,2,50,absolute,dominance,0.3600821341573719,100862,23325
20260920,2,50,kshot_relative,valence,0.005329062685086294,100862,23325
20260920,2,50,kshot_relative,arousal,0.17191099635734275,100862,23325
20260920,2,50,kshot_relative,dominance,0.13111116847382023,100862,23325
20260920,2,50,kshot_hybrid,valence,0.0055314883898647275,100862,23325
20260920,2,50,kshot_hybrid,arousal,0.49531070018119633,100862,23325
20260920,2,50,kshot_hybrid,dominance,0.36690080829099464,100862,23325
20260920,2,50,neutral_oracle_relative,valence,0.0018885755611838034,100862,23325
20260920,2,50,neutral_oracle_relative,arousal,0.25437454757249794,100862,23325
20260920,2,50,neutral_oracle_relative,dominance,0.1971953037110501,100862,23325
20260920,2,50,neutral_oracle_hybrid,valence,0.0010038838239297913,100862,23325
20260920,2,50,neutral_oracle_hybrid,arousal,0.5013657226693696,100862,23325
20260920,2,50,neutral_oracle_hybrid,dominance,0.3734711005546137,100862,23325
20260920,2,50,marginal_oracle_relative,valence,0.005491499047386379,100862,23325
20260920,2,50,marginal_oracle_relative,arousal,0.1804540438156269,100862,23325
20260920,2,50,marginal_oracle_relative,dominance,0.1367792827584159,100862,23325
20260920,2,50,marginal_oracle_hybrid,valence,0.006407285049656259,100862,23325
20260920,2,50,marginal_oracle_hybrid,arousal,0.499613504272762,100862,23325
20260920,2,50,marginal_oracle_hybrid,dominance,0.36894572017490934,100862,23325
20260920,3,50,absolute,valence,0.0009193913321024708,96980,27207
20260920,3,50,absolute,arousal,0.47659426400142635,96980,27207
20260920,3,50,absolute,dominance,0.3838686682830162,96980,27207
20260920,3,50,kshot_relative,valence,0.01061198779888401,96980,27207
20260920,3,50,kshot_relative,arousal,0.20005796446388663,96980,27207
20260920,3,50,kshot_relative,dominance,0.1668491814395615,96980,27207
20260920,3,50,kshot_hybrid,valence,0.012297757823677478,96980,27207
20260920,3,50,kshot_hybrid,arousal,0.48139788418405177,96980,27207
20260920,3,50,kshot_hybrid,dominance,0.38617976948523597,96980,27207
20260920,3,50,neutral_oracle_relative,valence,0.00400891047993627,96980,27207
20260920,3,50,neutral_oracle_relative,arousal,0.2966217555914017,96980,27207
20260920,3,50,neutral_oracle_relative,dominance,0.23279220112155125,96980,27207
20260920,3,50,neutral_oracle_hybrid,valence,0.004686295484070195,96980,27207
20260920,3,50,neutral_oracle_hybrid,arousal,0.49461596093398685,96980,27207
20260920,3,50,neutral_oracle_hybrid,dominance,0.39532607545038834,96980,27207
20260920,3,50,marginal_oracle_relative,valence,0.01104393711566862,96980,27207
20260920,3,50,marginal_oracle_relative,arousal,0.20635448599467265,96980,27207
20260920,3,50,marginal_oracle_relative,dominance,0.17112557550041813,96980,27207
20260920,3,50,marginal_oracle_hybrid,valence,0.014079629085823359,96980,27207
20260920,3,50,marginal_oracle_hybrid,arousal,0.4784403696117917,96980,27207
20260920,3,50,marginal_oracle_hybrid,dominance,0.3850191984607842,96980,27207
20260920,4,50,absolute,valence,-0.0006724910380732707,95893,28294
20260920,4,50,absolute,arousal,0.476482737424484,95893,28294
20260920,4,50,absolute,dominance,0.38721932993941033,95893,28294
20260920,4,50,kshot_relative,valence,0.00752072498923836,95893,28294
20260920,4,50,kshot_relative,arousal,0.16142292177687342,95893,28294
20260920,4,50,kshot_relative,dominance,0.13307288868104078,95893,28294
20260920,4,50,kshot_hybrid,valence,0.016341644872454864,95893,28294
20260920,4,50,kshot_hybrid,arousal,0.49599913775379245,95893,28294
20260920,4,50,kshot_hybrid,dominance,0.39173432382973145,95893,28294
20260920,4,50,neutral_oracle_relative,valence,0.0004927583626128135,95893,28294
20260920,4,50,neutral_oracle_relative,arousal,0.2677999184059625,95893,28294
20260920,4,50,neutral_oracle_relative,dominance,0.2060295078652625,95893,28294
20260920,4,50,neutral_oracle_hybrid,valence,0.004801011975895793,95893,28294
20260920,4,50,neutral_oracle_hybrid,arousal,0.49813317364497967,95893,28294
20260920,4,50,neutral_oracle_hybrid,dominance,0.3904794472322876,95893,28294
20260920,4,50,marginal_oracle_relative,valence,0.008292725897290772,95893,28294
20260920,4,50,marginal_oracle_relative,arousal,0.1733436533374826,95893,28294
20260920,4,50,marginal_oracle_relative,dominance,0.14250208791388322,95893,28294
20260920,4,50,marginal_oracle_hybrid,valence,0.018207058995910085,95893,28294
20260920,4,50,marginal_oracle_hybrid,arousal,0.4990005015097242,95893,28294
20260920,4,50,marginal_oracle_hybrid,dominance,0.3927245557959628,95893,28294
20260921,0,1,absolute,valence,0.0008277865661277886,134679,32677
20260921,0,1,absolute,arousal,0.4978444568649204,134679,32677
20260921,0,1,absolute,dominance,0.38070281601130823,134679,32677
20260921,0,1,kshot_relative,valence,0.001224142124054119,134679,32677
20260921,0,1,kshot_relative,arousal,0.12881548791510491,134679,32677
20260921,0,1,kshot_relative,dominance,0.11601038883421004,134679,32677
20260921,0,1,kshot_hybrid,valence,0.0025028567623164846,134679,32677
20260921,0,1,kshot_hybrid,arousal,0.5018198406278167,134679,32677
20260921,0,1,kshot_hybrid,dominance,0.3840399613229556,134679,32677
20260921,0,1,neutral_oracle_relative,valence,0.0037330449149341016,134679,32677
20260921,0,1,neutral_oracle_relative,arousal,0.2922402647674097,134679,32677
20260921,0,1,neutral_oracle_relative,dominance,0.23761920611760998,134679,32677
20260921,0,1,neutral_oracle_hybrid,valence,0.009481017456967687,134679,32677
20260921,0,1,neutral_oracle_hybrid,arousal,0.5274556747523282,134679,32677
20260921,0,1,neutral_oracle_hybrid,dominance,0.3969484639536303,134679,32677
20260921,0,1,marginal_oracle_relative,valence,0.010405156756793056,134679,32677
20260921,0,1,marginal_oracle_relative,arousal,0.20489067994308,134679,32677
20260921,0,1,marginal_oracle_relative,dominance,0.16710426915219184,134679,32677
20260921,0,1,marginal_oracle_hybrid,valence,0.017810988042019863,134679,32677
20260921,0,1,marginal_oracle_hybrid,arousal,0.5244244442046097,134679,32677
20260921,0,1,marginal_oracle_hybrid,dominance,0.38921305638582804,134679,32677
20260921,1,1,absolute,valence,0.0019682750505387735,134350,33006
20260921,1,1,absolute,arousal,0.45270852710392717,134350,33006
20260921,1,1,absolute,dominance,0.3494246469838477,134350,33006
20260921,1,1,kshot_relative,valence,0.0016281389649232421,134350,33006
20260921,1,1,kshot_relative,arousal,0.1036502709040504,134350,33006
20260921,1,1,kshot_relative,dominance,0.07893094716621661,134350,33006
20260921,1,1,kshot_hybrid,valence,0.0036409131977358017,134350,33006
20260921,1,1,kshot_hybrid,arousal,0.4473191310028033,134350,33006
20260921,1,1,kshot_hybrid,dominance,0.34814825124948584,134350,33006
20260921,1,1,neutral_oracle_relative,valence,0.0030855115358668556,134350,33006
20260921,1,1,neutral_oracle_relative,arousal,0.27235198531658045,134350,33006
20260921,1,1,neutral_oracle_relative,dominance,0.179203089922906,134350,33006
20260921,1,1,neutral_oracle_hybrid,valence,0.002110690170435516,134350,33006
20260921,1,1,neutral_oracle_hybrid,arousal,0.4840913543116143,134350,33006
20260921,1,1,neutral_oracle_hybrid,dominance,0.3634804782954297,134350,33006
20260921,1,1,marginal_oracle_relative,valence,0.0066949040196225326,134350,33006
20260921,1,1,marginal_oracle_relative,arousal,0.18819682721708134,134350,33006
20260921,1,1,marginal_oracle_relative,dominance,0.12929931212513804,134350,33006
20260921,1,1,marginal_oracle_hybrid,valence,0.010815200111267048,134350,33006
20260921,1,1,marginal_oracle_hybrid,arousal,0.4762654434956203,134350,33006
20260921,1,1,marginal_oracle_hybrid,dominance,0.3604218892060275,134350,33006
20260921,2,1,absolute,valence,0.0008261435168047069,134647,32709
20260921,2,1,absolute,arousal,0.47379035034303385,134647,32709
20260921,2,1,absolute,dominance,0.3766255916180649,134647,32709
20260921,2,1,kshot_relative,valence,0.0014823342785547677,134647,32709
20260921,2,1,kshot_relative,arousal,0.12543839108599558,134647,32709
20260921,2,1,kshot_relative,dominance,0.10791682094711781,134647,32709
20260921,2,1,kshot_hybrid,valence,0.0035180303690109252,134647,32709
20260921,2,1,kshot_hybrid,arousal,0.4788593731886936,134647,32709
20260921,2,1,kshot_hybrid,dominance,0.37965469246486333,134647,32709
20260921,2,1,neutral_oracle_relative,valence,0.004045558041534604,134647,32709
20260921,2,1,neutral_oracle_relative,arousal,0.2688379720587135,134647,32709
20260921,2,1,neutral_oracle_relative,dominance,0.21598457070291802,134647,32709
20260921,2,1,neutral_oracle_hybrid,valence,0.01085134142297258,134647,32709
20260921,2,1,neutral_oracle_hybrid,arousal,0.5126866739047996,134647,32709
20260921,2,1,neutral_oracle_hybrid,dominance,0.39748687763384766,134647,32709
20260921,2,1,marginal_oracle_relative,valence,0.008237204006876374,134647,32709
20260921,2,1,marginal_oracle_relative,arousal,0.18858861126096604,134647,32709
20260921,2,1,marginal_oracle_relative,dominance,0.14842495383514145,134647,32709
20260921,2,1,marginal_oracle_hybrid,valence,0.02036493757027126,134647,32709
20260921,2,1,marginal_oracle_hybrid,arousal,0.5014349336381416,134647,32709
20260921,2,1,marginal_oracle_hybrid,dominance,0.38647301955507884,134647,32709
20260921,3,1,absolute,valence,0.0007006964841887989,132315,35041
20260921,3,1,absolute,arousal,0.4774134872884893,132315,35041
20260921,3,1,absolute,dominance,0.3757783430614525,132315,35041
20260921,3,1,kshot_relative,valence,0.0013559823163127346,132315,35041
20260921,3,1,kshot_relative,arousal,0.1386155938728976,132315,35041
20260921,3,1,kshot_relative,dominance,0.11752886061352105,132315,35041
20260921,3,1,kshot_hybrid,valence,0.0013086837034473585,132315,35041
20260921,3,1,kshot_hybrid,arousal,0.4795435415886666,132315,35041
20260921,3,1,kshot_hybrid,dominance,0.3783899376203614,132315,35041
20260921,3,1,neutral_oracle_relative,valence,0.004994931691088632,132315,35041
20260921,3,1,neutral_oracle_relative,arousal,0.29239294062938853,132315,35041
20260921,3,1,neutral_oracle_relative,dominance,0.22492986538934814,132315,35041
20260921,3,1,neutral_oracle_hybrid,valence,0.0073229283366241715,132315,35041
20260921,3,1,neutral_oracle_hybrid,arousal,0.49978187160007037,132315,35041
20260921,3,1,neutral_oracle_hybrid,dominance,0.3877897570824578,132315,35041
20260921,3,1,marginal_oracle_relative,valence,0.009120435879553553,132315,35041
20260921,3,1,marginal_oracle_relative,arousal,0.21168931153423318,132315,35041
20260921,3,1,marginal_oracle_relative,dominance,0.16248933251718245,132315,35041
20260921,3,1,marginal_oracle_hybrid,valence,0.015390447536065202,132315,35041
20260921,3,1,marginal_oracle_hybrid,arousal,0.49549290419819475,132315,35041
20260921,3,1,marginal_oracle_hybrid,dominance,0.38163317630754773,132315,35041
20260921,4,1,absolute,valence,-0.0008935544453020142,133433,33923
20260921,4,1,absolute,arousal,0.5195269677286745,133433,33923
20260921,4,1,absolute,dominance,0.4125293230837993,133433,33923
20260921,4,1,kshot_relative,valence,0.002459652927645177,133433,33923
20260921,4,1,kshot_relative,arousal,0.10933677146662035,133433,33923
20260921,4,1,kshot_relative,dominance,0.09513483058019707,133433,33923
20260921,4,1,kshot_hybrid,valence,0.0035342829347538144,133433,33923
20260921,4,1,kshot_hybrid,arousal,0.5230162881618726,133433,33923
20260921,4,1,kshot_hybrid,dominance,0.41510686558927834,133433,33923
20260921,4,1,neutral_oracle_relative,valence,0.0035405374280049035,133433,33923
20260921,4,1,neutral_oracle_relative,arousal,0.2991336966002751,133433,33923
20260921,4,1,neutral_oracle_relative,dominance,0.24015879491933134,133433,33923
20260921,4,1,neutral_oracle_hybrid,valence,0.007306805302769708,133433,33923
20260921,4,1,neutral_oracle_hybrid,arousal,0.5293651634338749,133433,33923
20260921,4,1,neutral_oracle_hybrid,dominance,0.41815316301125594,133433,33923
20260921,4,1,marginal_oracle_relative,valence,0.006111868864796647,133433,33923
20260921,4,1,marginal_oracle_relative,arousal,0.17090281313291072,133433,33923
20260921,4,1,marginal_oracle_relative,dominance,0.1378357140806073,133433,33923
20260921,4,1,marginal_oracle_hybrid,valence,0.01336379501754705,133433,33923
20260921,4,1,marginal_oracle_hybrid,arousal,0.5168658080758658,133433,33923
20260921,4,1,marginal_oracle_hybrid,dominance,0.40457869125738355,133433,33923
20260921,0,2,absolute,valence,0.0008333205131248214,133975,32500
20260921,0,2,absolute,arousal,0.49887038448631377,133975,32500
20260921,0,2,absolute,dominance,0.3819149873754497,133975,32500
20260921,0,2,kshot_relative,valence,0.0043035495521029695,133975,32500
20260921,0,2,kshot_relative,arousal,0.1677252858431972,133975,32500
20260921,0,2,kshot_relative,dominance,0.1378707304674572,133975,32500
20260921,0,2,kshot_hybrid,valence,0.005986640930161703,133975,32500
20260921,0,2,kshot_hybrid,arousal,0.5042898303257723,133975,32500
20260921,0,2,kshot_hybrid,dominance,0.3848756804834363,133975,32500
20260921,0,2,neutral_oracle_relative,valence,0.0036421758752411557,133975,32500
20260921,0,2,neutral_oracle_relative,arousal,0.2926949938128943,133975,32500
20260921,0,2,neutral_oracle_relative,dominance,0.23783844684770472,133975,32500
20260921,0,2,neutral_oracle_hybrid,valence,0.009407681016542739,133975,32500
20260921,0,2,neutral_oracle_hybrid,arousal,0.5285777448836316,133975,32500
20260921,0,2,neutral_oracle_hybrid,dominance,0.39809069051595347,133975,32500
20260921,0,2,marginal_oracle_relative,valence,0.01029261459780132,133975,32500
20260921,0,2,marginal_oracle_relative,arousal,0.20513536850173553,133975,32500
20260921,0,2,marginal_oracle_relative,dominance,0.16728694421076273,133975,32500
20260921,0,2,marginal_oracle_hybrid,valence,0.017714044377174627,133975,32500
20260921,0,2,marginal_oracle_hybrid,arousal,0.5255289966023485,133975,32500
20260921,0,2,marginal_oracle_hybrid,dominance,0.39044323864954344,133975,32500
20260921,1,2,absolute,valence,0.0019076826753628368,133645,32830
20260921,1,2,absolute,arousal,0.45231767659991706,133645,32830
20260921,1,2,absolute,dominance,0.34877028604713023,133645,32830
20260921,1,2,kshot_relative,valence,0.0021212183992762334,133645,32830
20260921,1,2,kshot_relative,arousal,0.14029626454235217,133645,32830
20260921,1,2,kshot_relative,dominance,0.10078051177412911,133645,32830
20260921,1,2,kshot_hybrid,valence,0.0030728119102953325,133645,32830
20260921,1,2,kshot_hybrid,arousal,0.45095870868330296,133645,32830
20260921,1,2,kshot_hybrid,dominance,0.3508007196275409,133645,32830
20260921,1,2,neutral_oracle_relative,valence,0.003078592606594703,133645,32830
20260921,1,2,neutral_oracle_relative,arousal,0.27251818855396825,133645,32830
20260921,1,2,neutral_oracle_relative,dominance,0.17908671612591884,133645,32830
20260921,1,2,neutral_oracle_hybrid,valence,0.0019699819248663528,133645,32830
20260921,1,2,neutral_oracle_hybrid,arousal,0.48401151379209484,133645,32830
20260921,1,2,neutral_oracle_hybrid,dominance,0.3629347095129916,133645,32830
20260921,1,2,marginal_oracle_relative,valence,0.006576823985944778,133645,32830
20260921,1,2,marginal_oracle_relative,arousal,0.18809524505668349,133645,32830
20260921,1,2,marginal_oracle_relative,dominance,0.12901193568489913,133645,32830
20260921,1,2,marginal_oracle_hybrid,valence,0.010480601646160532,133645,32830
20260921,1,2,marginal_oracle_hybrid,arousal,0.47608379572163184,133645,32830
20260921,1,2,marginal_oracle_hybrid,dominance,0.35977772169045324,133645,32830
20260921,2,2,absolute,valence,0.0008197933403193908,133942,32533
20260921,2,2,absolute,arousal,0.47348871447419766,133942,32533
20260921,2,2,absolute,dominance,0.37563856082093233,133942,32533
20260921,2,2,kshot_relative,valence,0.0039204375689171934,133942,32533
20260921,2,2,kshot_relative,arousal,0.16155204317985505,133942,32533
20260921,2,2,kshot_relative,dominance,0.13185615556932248,133942,32533
20260921,2,2,kshot_hybrid,valence,0.007731929706002008,133942,32533
20260921,2,2,kshot_hybrid,arousal,0.4805059702351254,133942,32533
20260921,2,2,kshot_hybrid,dominance,0.3777921816287173,133942,32533
20260921,2,2,neutral_oracle_relative,valence,0.004038221992814447,133942,32533
20260921,2,2,neutral_oracle_relative,arousal,0.26912153947405876,133942,32533
20260921,2,2,neutral_oracle_relative,dominance,0.21595063805850206,133942,32533
20260921,2,2,neutral_oracle_hybrid,valence,0.010834062147615075,133942,32533
20260921,2,2,neutral_oracle_hybrid,arousal,0.5125549897831144,133942,32533
20260921,2,2,neutral_oracle_hybrid,dominance,0.3966004398023677,133942,32533
20260921,2,2,marginal_oracle_relative,valence,0.00823554653825576,133942,32533
20260921,2,2,marginal_oracle_relative,arousal,0.18826210386279568,133942,32533
20260921,2,2,marginal_oracle_relative,dominance,0.1479864458950857,133942,32533
20260921,2,2,marginal_oracle_hybrid,valence,0.020357786869393938,133942,32533
20260921,2,2,marginal_oracle_hybrid,arousal,0.5012294304702241,133942,32533
20260921,2,2,marginal_oracle_hybrid,dominance,0.3854523800431994,133942,32533
20260921,3,2,absolute,valence,0.0006774891163184995,131610,34865
20260921,3,2,absolute,arousal,0.4777632713928987,131610,34865
20260921,3,2,absolute,dominance,0.37613086862828726,131610,34865
20260921,3,2,kshot_relative,valence,0.004324184676876844,131610,34865
20260921,3,2,kshot_relative,arousal,0.17383503900925942,131610,34865
20260921,3,2,kshot_relative,dominance,0.13325199958971018,131610,34865
20260921,3,2,kshot_hybrid,valence,0.0050877702343686895,131610,34865
20260921,3,2,kshot_hybrid,arousal,0.4826671136369958,131610,34865
20260921,3,2,kshot_hybrid,dominance,0.37874267591351046,131610,34865
20260921,3,2,neutral_oracle_relative,valence,0.004992531795078111,131610,34865
20260921,3,2,neutral_oracle_relative,arousal,0.2932614497818756,131610,34865
20260921,3,2,neutral_oracle_relative,dominance,0.22535077286061433,131610,34865
20260921,3,2,neutral_oracle_hybrid,valence,0.007276810325952228,131610,34865
20260921,3,2,neutral_oracle_hybrid,arousal,0.500333651471046,131610,34865
20260921,3,2,neutral_oracle_hybrid,dominance,0.3882209829123766,131610,34865
20260921,3,2,marginal_oracle_relative,valence,0.009150318432209644,131610,34865
20260921,3,2,marginal_oracle_relative,arousal,0.21233619861632738,131610,34865
20260921,3,2,marginal_oracle_relative,dominance,0.16274025876689768,131610,34865
20260921,3,2,marginal_oracle_hybrid,valence,0.015363218740247608,131610,34865
20260921,3,2,marginal_oracle_hybrid,arousal,0.4958886482465948,131610,34865
20260921,3,2,marginal_oracle_hybrid,dominance,0.3819243473037053,131610,34865
20260921,4,2,absolute,valence,-0.0009301202723170296,132728,33747
20260921,4,2,absolute,arousal,0.5191820421429868,132728,33747
20260921,4,2,absolute,dominance,0.41173446611664694,132728,33747
20260921,4,2,kshot_relative,valence,0.005758087649933149,132728,33747
20260921,4,2,kshot_relative,arousal,0.1353682819192323,132728,33747
20260921,4,2,kshot_relative,dominance,0.10707253435179989,132728,33747
20260921,4,2,kshot_hybrid,valence,0.008231929217054396,132728,33747
20260921,4,2,kshot_hybrid,arousal,0.5181828189692931,132728,33747
20260921,4,2,kshot_hybrid,dominance,0.409359349344695,132728,33747
20260921,4,2,neutral_oracle_relative,valence,0.0034411055378568995,132728,33747
20260921,4,2,neutral_oracle_relative,arousal,0.29892193168836734,132728,33747
20260921,4,2,neutral_oracle_relative,dominance,0.23933399383680942,132728,33747
20260921,4,2,neutral_oracle_hybrid,valence,0.007116072498352471,132728,33747
20260921,4,2,neutral_oracle_hybrid,arousal,0.5289782254533153,132728,33747
20260921,4,2,neutral_oracle_hybrid,dominance,0.41725280855819263,132728,33747
20260921,4,2,marginal_oracle_relative,valence,0.0060786075671213245,132728,33747
20260921,4,2,marginal_oracle_relative,arousal,0.1705048766485074,132728,33747
20260921,4,2,marginal_oracle_relative,dominance,0.13714653675417657,132728,33747
20260921,4,2,marginal_oracle_hybrid,valence,0.01319855340667057,132728,33747
20260921,4,2,marginal_oracle_hybrid,arousal,0.5164466288912096,132728,33747
20260921,4,2,marginal_oracle_hybrid,dominance,0.4036407186901836,132728,33747
20260921,0,5,absolute,valence,0.0007906919351986063,131863,31969
20260921,0,5,absolute,arousal,0.49800495497351305,131863,31969
20260921,0,5,absolute,dominance,0.38084308131158673,131863,31969
20260921,0,5,kshot_relative,valence,0.010386155832131802,131863,31969
20260921,0,5,kshot_relative,arousal,0.17511177065913916,131863,31969
20260921,0,5,kshot_relative,dominance,0.13709542758901827,131863,31969
20260921,0,5,kshot_hybrid,valence,0.01487753895815884,131863,31969
20260921,0,5,kshot_hybrid,arousal,0.5068319852476747,131863,31969
20260921,0,5,kshot_hybrid,dominance,0.3849346107750797,131863,31969
20260921,0,5,neutral_oracle_relative,valence,0.0036005092476195143,131863,31969
20260921,0,5,neutral_oracle_relative,arousal,0.2921629068505707,131863,31969
20260921,0,5,neutral_oracle_relative,dominance,0.23814936807047316,131863,31969
20260921,0,5,neutral_oracle_hybrid,valence,0.009522122222288227,131863,31969
20260921,0,5,neutral_oracle_hybrid,arousal,0.5275792328433547,131863,31969
20260921,0,5,neutral_oracle_hybrid,dominance,0.3972034992210155,131863,31969
20260921,0,5,marginal_oracle_relative,valence,0.010525353804006828,131863,31969
20260921,0,5,marginal_oracle_relative,arousal,0.20466702196440473,131863,31969
20260921,0,5,marginal_oracle_relative,dominance,0.16773630945571485,131863,31969
20260921,0,5,marginal_oracle_hybrid,valence,0.018102712095221157,131863,31969
20260921,0,5,marginal_oracle_hybrid,arousal,0.5243967116968968,131863,31969
20260921,0,5,marginal_oracle_hybrid,dominance,0.38933517352947394,131863,31969
20260921,1,5,absolute,valence,0.0019105234440738408,131530,32302
20260921,1,5,absolute,arousal,0.45187183276452647,131530,32302
20260921,1,5,absolute,dominance,0.3476540093489765,131530,32302
20260921,1,5,kshot_relative,valence,0.00808737287907466,131530,32302
20260921,1,5,kshot_relative,arousal,0.14078215668830246,131530,32302
20260921,1,5,kshot_relative,dominance,0.09840922381502015,131530,32302
20260921,1,5,kshot_hybrid,valence,0.012334804463501377,131530,32302
20260921,1,5,kshot_hybrid,arousal,0.4647346706856995,131530,32302
20260921,1,5,kshot_hybrid,dominance,0.35373056125663227,131530,32302
20260921,1,5,neutral_oracle_relative,valence,0.0031551402342216025,131530,32302
20260921,1,5,neutral_oracle_relative,arousal,0.2711464052553652,131530,32302
20260921,1,5,neutral_oracle_relative,dominance,0.17801551910869812,131530,32302
20260921,1,5,neutral_oracle_hybrid,valence,0.0022851766013921274,131530,32302
20260921,1,5,neutral_oracle_hybrid,arousal,0.48339650146450713,131530,32302
20260921,1,5,neutral_oracle_hybrid,dominance,0.3615260580099696,131530,32302
20260921,1,5,marginal_oracle_relative,valence,0.006685320435095592,131530,32302
20260921,1,5,marginal_oracle_relative,arousal,0.18736110153672098,131530,32302
20260921,1,5,marginal_oracle_relative,dominance,0.1289112312069459,131530,32302
20260921,1,5,marginal_oracle_hybrid,valence,0.01075184957340642,131530,32302
20260921,1,5,marginal_oracle_hybrid,arousal,0.4756078886295484,131530,32302
20260921,1,5,marginal_oracle_hybrid,dominance,0.3585559661485068,131530,32302
20260921,2,5,absolute,valence,0.0008579460726486308,131827,32005
20260921,2,5,absolute,arousal,0.47326244890951186,131827,32005
20260921,2,5,absolute,dominance,0.3748193857194901,131827,32005
20260921,2,5,kshot_relative,valence,0.010653632899107543,131827,32005
20260921,2,5,kshot_relative,arousal,0.1626885718899757,131827,32005
20260921,2,5,kshot_relative,dominance,0.12631691681056303,131827,32005
20260921,2,5,kshot_hybrid,valence,0.01875462647708604,131827,32005
20260921,2,5,kshot_hybrid,arousal,0.4860601751604544,131827,32005
20260921,2,5,kshot_hybrid,dominance,0.3797895912914719,131827,32005
20260921,2,5,neutral_oracle_relative,valence,0.0040180221192116705,131827,32005
20260921,2,5,neutral_oracle_relative,arousal,0.2679565423329895,131827,32005
20260921,2,5,neutral_oracle_relative,dominance,0.21467729601309773,131827,32005
20260921,2,5,neutral_oracle_hybrid,valence,0.011072060304174763,131827,32005
20260921,2,5,neutral_oracle_hybrid,arousal,0.5123304478416068,131827,32005
20260921,2,5,neutral_oracle_hybrid,dominance,0.39573502364121693,131827,32005
20260921,2,5,marginal_oracle_relative,valence,0.008476780001883849,131827,32005
20260921,2,5,marginal_oracle_relative,arousal,0.18715120185432346,131827,32005
20260921,2,5,marginal_oracle_relative,dominance,0.14741170355108352,131827,32005
20260921,2,5,marginal_oracle_hybrid,valence,0.020827403082787868,131827,32005
20260921,2,5,marginal_oracle_hybrid,arousal,0.5010438946872685,131827,32005
20260921,2,5,marginal_oracle_hybrid,dominance,0.3847642940022381,131827,32005
20260921,3,5,absolute,valence,0.0007045648184588639,129495,34337
20260921,3,5,absolute,arousal,0.4776583599996227,129495,34337
20260921,3,5,absolute,dominance,0.3774115731591854,129495,34337
20260921,3,5,kshot_relative,valence,0.009430650882799315,129495,34337
20260921,3,5,kshot_relative,arousal,0.16657503614050334,129495,34337
20260921,3,5,kshot_relative,dominance,0.12639659853711435,129495,34337
20260921,3,5,kshot_hybrid,valence,0.011644104006975456,129495,34337
20260921,3,5,kshot_hybrid,arousal,0.4902214356348785,129495,34337
20260921,3,5,kshot_hybrid,dominance,0.38181077716055334,129495,34337
20260921,3,5,neutral_oracle_relative,valence,0.00490800000986365,129495,34337
20260921,3,5,neutral_oracle_relative,arousal,0.29188556866377513,129495,34337
20260921,3,5,neutral_oracle_relative,dominance,0.22540323588321973,129495,34337
20260921,3,5,neutral_oracle_hybrid,valence,0.007159936722105227,129495,34337
20260921,3,5,neutral_oracle_hybrid,arousal,0.499858901021653,129495,34337
20260921,3,5,neutral_oracle_hybrid,dominance,0.389149195661397,129495,34337
20260921,3,5,marginal_oracle_relative,valence,0.00935544945616468,129495,34337
20260921,3,5,marginal_oracle_relative,arousal,0.21162244088617227,129495,34337
20260921,3,5,marginal_oracle_relative,dominance,0.16364440980494285,129495,34337
20260921,3,5,marginal_oracle_hybrid,valence,0.015642178232487706,129495,34337
20260921,3,5,marginal_oracle_hybrid,arousal,0.49564860989166876,129495,34337
20260921,3,5,marginal_oracle_hybrid,dominance,0.38311848997309605,129495,34337
20260921,4,5,absolute,valence,-0.0009028574739263142,130613,33219
20260921,4,5,absolute,arousal,0.5204464838093912,130613,33219
20260921,4,5,absolute,dominance,0.4132656175342671,130613,33219
20260921,4,5,kshot_relative,valence,0.007689161121179074,130613,33219
20260921,4,5,kshot_relative,arousal,0.1383859383574764,130613,33219
20260921,4,5,kshot_relative,dominance,0.10836349861558084,130613,33219
20260921,4,5,kshot_hybrid,valence,0.010441110452553968,130613,33219
20260921,4,5,kshot_hybrid,arousal,0.5127546783859663,130613,33219
20260921,4,5,kshot_hybrid,dominance,0.40435831751643697,130613,33219
20260921,4,5,neutral_oracle_relative,valence,0.0033999253195707378,130613,33219
20260921,4,5,neutral_oracle_relative,arousal,0.2990005694900034,130613,33219
20260921,4,5,neutral_oracle_relative,dominance,0.24029997575271078,130613,33219
20260921,4,5,neutral_oracle_hybrid,valence,0.007145922877056575,130613,33219
20260921,4,5,neutral_oracle_hybrid,arousal,0.5297567586252868,130613,33219
20260921,4,5,neutral_oracle_hybrid,dominance,0.4185721047391013,130613,33219
20260921,4,5,marginal_oracle_relative,valence,0.0061196703424879805,130613,33219
20260921,4,5,marginal_oracle_relative,arousal,0.1704969916295107,130613,33219
20260921,4,5,marginal_oracle_relative,dominance,0.13754814937519697,130613,33219
20260921,4,5,marginal_oracle_hybrid,valence,0.013311530844728374,130613,33219
20260921,4,5,marginal_oracle_hybrid,arousal,0.5172570129561926,130613,33219
20260921,4,5,marginal_oracle_hybrid,dominance,0.4047750776073751,130613,33219
20260921,0,10,absolute,valence,0.0007678015159896418,128343,31084
20260921,0,10,absolute,arousal,0.4979712593104019,128343,31084
20260921,0,10,absolute,dominance,0.3804897361008331,128343,31084
20260921,0,10,kshot_relative,valence,0.010934998876171192,128343,31084
20260921,0,10,kshot_relative,arousal,0.17976721009716,128343,31084
20260921,0,10,kshot_relative,dominance,0.14375897732803627,128343,31084
20260921,0,10,kshot_hybrid,valence,0.01657582691828716,128343,31084
20260921,0,10,kshot_hybrid,arousal,0.5115569097429994,128343,31084
20260921,0,10,kshot_hybrid,dominance,0.38322728997264854,128343,31084
20260921,0,10,neutral_oracle_relative,valence,0.0038289645000063833,128343,31084
20260921,0,10,neutral_oracle_relative,arousal,0.29262555125864176,128343,31084
20260921,0,10,neutral_oracle_relative,dominance,0.23660367158873066,128343,31084
20260921,0,10,neutral_oracle_hybrid,valence,0.009615867856911167,128343,31084
20260921,0,10,neutral_oracle_hybrid,arousal,0.5277646521966443,128343,31084
20260921,0,10,neutral_oracle_hybrid,dominance,0.3965551755228114,128343,31084
20260921,0,10,marginal_oracle_relative,valence,0.010691093174401948,128343,31084
20260921,0,10,marginal_oracle_relative,arousal,0.20537442564996938,128343,31084
20260921,0,10,marginal_oracle_relative,dominance,0.1668329989942072,128343,31084
20260921,0,10,marginal_oracle_hybrid,valence,0.018106599014109187,128343,31084
20260921,0,10,marginal_oracle_hybrid,arousal,0.5245663977929346,128343,31084
20260921,0,10,marginal_oracle_hybrid,dominance,0.3890032577192115,128343,31084
20260921,1,10,absolute,valence,0.0020672458375554786,128005,31422
20260921,1,10,absolute,arousal,0.45252282552191336,128005,31422
20260921,1,10,absolute,dominance,0.34527531179497895,128005,31422
20260921,1,10,kshot_relative,valence,0.006655711917177719,128005,31422
20260921,1,10,kshot_relative,arousal,0.16004419079330945,128005,31422
20260921,1,10,kshot_relative,dominance,0.10806936319578858,128005,31422
20260921,1,10,kshot_hybrid,valence,0.010056197084756633,128005,31422
20260921,1,10,kshot_hybrid,arousal,0.469647943526651,128005,31422
20260921,1,10,kshot_hybrid,dominance,0.35432847989805544,128005,31422
20260921,1,10,neutral_oracle_relative,valence,0.003177183461229818,128005,31422
20260921,1,10,neutral_oracle_relative,arousal,0.2710273041553909,128005,31422
20260921,1,10,neutral_oracle_relative,dominance,0.17583910052430224,128005,31422
20260921,1,10,neutral_oracle_hybrid,valence,0.002132788420330746,128005,31422
20260921,1,10,neutral_oracle_hybrid,arousal,0.48412480522110035,128005,31422
20260921,1,10,neutral_oracle_hybrid,dominance,0.35894151938982527,128005,31422
20260921,1,10,marginal_oracle_relative,valence,0.0065637894338203984,128005,31422
20260921,1,10,marginal_oracle_relative,arousal,0.18750539368527408,128005,31422
20260921,1,10,marginal_oracle_relative,dominance,0.1275077917379552,128005,31422
20260921,1,10,marginal_oracle_hybrid,valence,0.010483826613986181,128005,31422
20260921,1,10,marginal_oracle_hybrid,arousal,0.4761872939817317,128005,31422
20260921,1,10,marginal_oracle_hybrid,dominance,0.356339484888935,128005,31422
20260921,2,10,absolute,valence,0.0008862242906372094,128302,31125
20260921,2,10,absolute,arousal,0.47438443001325675,128302,31125
20260921,2,10,absolute,dominance,0.37626768707023256,128302,31125
20260921,2,10,kshot_relative,valence,0.009196273236279195,128302,31125
20260921,2,10,kshot_relative,arousal,0.180541581983552,128302,31125
20260921,2,10,kshot_relative,dominance,0.1396485495140793,128302,31125
20260921,2,10,kshot_hybrid,valence,0.0193254084770627,128302,31125
20260921,2,10,kshot_hybrid,arousal,0.4935043060136858,128302,31125
20260921,2,10,kshot_hybrid,dominance,0.38383734289867183,128302,31125
20260921,2,10,neutral_oracle_relative,valence,0.00405548301809849,128302,31125
20260921,2,10,neutral_oracle_relative,arousal,0.2704007669762088,128302,31125
20260921,2,10,neutral_oracle_relative,dominance,0.2156530407356699,128302,31125
20260921,2,10,neutral_oracle_hybrid,valence,0.010891939394901804,128302,31125
20260921,2,10,neutral_oracle_hybrid,arousal,0.5138174971639191,128302,31125
20260921,2,10,neutral_oracle_hybrid,dominance,0.3971553973829058,128302,31125
20260921,2,10,marginal_oracle_relative,valence,0.008278190471649934,128302,31125
20260921,2,10,marginal_oracle_relative,arousal,0.1894576704227311,128302,31125
20260921,2,10,marginal_oracle_relative,dominance,0.14826066612706473,128302,31125
20260921,2,10,marginal_oracle_hybrid,valence,0.02024074435553619,128302,31125
20260921,2,10,marginal_oracle_hybrid,arousal,0.5024612732554251,128302,31125
20260921,2,10,marginal_oracle_hybrid,dominance,0.38650282180916384,128302,31125
20260921,3,10,absolute,valence,0.0009011996061951149,125970,33457
20260921,3,10,absolute,arousal,0.47919650480494047,125970,33457
20260921,3,10,absolute,dominance,0.3795730155483942,125970,33457
20260921,3,10,kshot_relative,valence,0.008893857948115386,125970,33457
20260921,3,10,kshot_relative,arousal,0.19191408885050726,125970,33457
20260921,3,10,kshot_relative,dominance,0.14690799188530407,125970,33457
20260921,3,10,kshot_hybrid,valence,0.012675299615273835,125970,33457
20260921,3,10,kshot_hybrid,arousal,0.4916761374077104,125970,33457
20260921,3,10,kshot_hybrid,dominance,0.38378805767689694,125970,33457
20260921,3,10,neutral_oracle_relative,valence,0.005004102422848233,125970,33457
20260921,3,10,neutral_oracle_relative,arousal,0.29444101883492996,125970,33457
20260921,3,10,neutral_oracle_relative,dominance,0.22717959147025396,125970,33457
20260921,3,10,neutral_oracle_hybrid,valence,0.0071489697189246375,125970,33457
20260921,3,10,neutral_oracle_hybrid,arousal,0.5011529836302493,125970,33457
20260921,3,10,neutral_oracle_hybrid,dominance,0.39142551981140383,125970,33457
20260921,3,10,marginal_oracle_relative,valence,0.009328852118109281,125970,33457
20260921,3,10,marginal_oracle_relative,arousal,0.21362470327045482,125970,33457
20260921,3,10,marginal_oracle_relative,dominance,0.16449582778982497,125970,33457
20260921,3,10,marginal_oracle_hybrid,valence,0.01553622850288542,125970,33457
20260921,3,10,marginal_oracle_hybrid,arousal,0.49722133716169087,125970,33457
20260921,3,10,marginal_oracle_hybrid,dominance,0.38553266700210825,125970,33457
20260921,4,10,absolute,valence,-0.000895623617250911,127088,32339
20260921,4,10,absolute,arousal,0.5207967185459577,127088,32339
20260921,4,10,absolute,dominance,0.41355832299792744,127088,32339
20260921,4,10,kshot_relative,valence,0.007796442908952486,127088,32339
20260921,4,10,kshot_relative,arousal,0.156307140942709,127088,32339
20260921,4,10,kshot_relative,dominance,0.12142824770888017,127088,32339
20260921,4,10,kshot_hybrid,valence,0.01438448205766301,127088,32339
20260921,4,10,kshot_hybrid,arousal,0.5172342159940512,127088,32339
20260921,4,10,kshot_hybrid,dominance,0.40610465142419033,127088,32339
20260921,4,10,neutral_oracle_relative,valence,0.003763015249425729,127088,32339
20260921,4,10,neutral_oracle_relative,arousal,0.29947451958706045,127088,32339
20260921,4,10,neutral_oracle_relative,dominance,0.24052704722810167,127088,32339
20260921,4,10,neutral_oracle_hybrid,valence,0.00727669558161422,127088,32339
20260921,4,10,neutral_oracle_hybrid,arousal,0.5302952455406149,127088,32339
20260921,4,10,neutral_oracle_hybrid,dominance,0.41884755320905576,127088,32339
20260921,4,10,marginal_oracle_relative,valence,0.0062173813520259875,127088,32339
20260921,4,10,marginal_oracle_relative,arousal,0.17061099288863016,127088,32339
20260921,4,10,marginal_oracle_relative,dominance,0.13690148117931633,127088,32339
20260921,4,10,marginal_oracle_hybrid,valence,0.013066569796138742,127088,32339
20260921,4,10,marginal_oracle_hybrid,arousal,0.5177840671331766,127088,32339
20260921,4,10,marginal_oracle_hybrid,dominance,0.4050092379258257,127088,32339
20260921,0,20,absolute,valence,0.0006479491603471742,121303,29314
20260921,0,20,absolute,arousal,0.5000577368549373,121303,29314
20260921,0,20,absolute,dominance,0.3801447050116772,121303,29314
20260921,0,20,kshot_relative,valence,0.010638366000205169,121303,29314
20260921,0,20,kshot_relative,arousal,0.19838174550051024,121303,29314
20260921,0,20,kshot_relative,dominance,0.1575345744379682,121303,29314
20260921,0,20,kshot_hybrid,valence,0.017821918641147103,121303,29314
20260921,0,20,kshot_hybrid,arousal,0.5260443754366906,121303,29314
20260921,0,20,kshot_hybrid,dominance,0.38654446656288355,121303,29314
20260921,0,20,neutral_oracle_relative,valence,0.0045138437949906575,121303,29314
20260921,0,20,neutral_oracle_relative,arousal,0.29646016342532605,121303,29314
20260921,0,20,neutral_oracle_relative,dominance,0.2372603242534107,121303,29314
20260921,0,20,neutral_oracle_hybrid,valence,0.01028035981535192,121303,29314
20260921,0,20,neutral_oracle_hybrid,arousal,0.52995389875866,121303,29314
20260921,0,20,neutral_oracle_hybrid,dominance,0.3959611883924106,121303,29314
20260921,0,20,marginal_oracle_relative,valence,0.010949863637399315,121303,29314
20260921,0,20,marginal_oracle_relative,arousal,0.20893453678231863,121303,29314
20260921,0,20,marginal_oracle_relative,dominance,0.16817243630334655,121303,29314
20260921,0,20,marginal_oracle_hybrid,valence,0.018090754894536376,121303,29314
20260921,0,20,marginal_oracle_hybrid,arousal,0.526166160904178,121303,29314
20260921,0,20,marginal_oracle_hybrid,dominance,0.38829651131578014,121303,29314
20260921,1,20,absolute,valence,0.0016892765472881744,120955,29662
20260921,1,20,absolute,arousal,0.4534993852485323,120955,29662
20260921,1,20,absolute,dominance,0.3422644322469936,120955,29662
20260921,1,20,kshot_relative,valence,0.006105541233152894,120955,29662
20260921,1,20,kshot_relative,arousal,0.16717741760895793,120955,29662
20260921,1,20,kshot_relative,dominance,0.11167694307375485,120955,29662
20260921,1,20,kshot_hybrid,valence,0.009989773412890026,120955,29662
20260921,1,20,kshot_hybrid,arousal,0.476097938083067,120955,29662
20260921,1,20,kshot_hybrid,dominance,0.3521009311522792,120955,29662
20260921,1,20,neutral_oracle_relative,valence,0.00366196655485522,120955,29662
20260921,1,20,neutral_oracle_relative,arousal,0.2713932153057157,120955,29662
20260921,1,20,neutral_oracle_relative,dominance,0.1728362202713676,120955,29662
20260921,1,20,neutral_oracle_hybrid,valence,0.0021979419209723324,120955,29662
20260921,1,20,neutral_oracle_hybrid,arousal,0.4848994515595131,120955,29662
20260921,1,20,neutral_oracle_hybrid,dominance,0.3545550051655428,120955,29662
20260921,1,20,marginal_oracle_relative,valence,0.006590567303961066,120955,29662
20260921,1,20,marginal_oracle_relative,arousal,0.18658280101025282,120955,29662
20260921,1,20,marginal_oracle_relative,dominance,0.1256297431730587,120955,29662
20260921,1,20,marginal_oracle_hybrid,valence,0.009613696428029455,120955,29662
20260921,1,20,marginal_oracle_hybrid,arousal,0.4771628930645824,120955,29662
20260921,1,20,marginal_oracle_hybrid,dominance,0.3527288763666343,120955,29662
20260921,2,20,absolute,valence,0.0005986191847926945,121252,29365
20260921,2,20,absolute,arousal,0.47399350835220655,121252,29365
20260921,2,20,absolute,dominance,0.37589817470478315,121252,29365
20260921,2,20,kshot_relative,valence,0.008798654337765196,121252,29365
20260921,2,20,kshot_relative,arousal,0.18676719586338383,121252,29365
20260921,2,20,kshot_relative,dominance,0.1469753255689481,121252,29365
20260921,2,20,kshot_hybrid,valence,0.018324320798222788,121252,29365
20260921,2,20,kshot_hybrid,arousal,0.49860094719407555,121252,29365
20260921,2,20,kshot_hybrid,dominance,0.3852870485791413,121252,29365
20260921,2,20,neutral_oracle_relative,valence,0.004325442076157309,121252,29365
20260921,2,20,neutral_oracle_relative,arousal,0.2737178537623053,121252,29365
20260921,2,20,neutral_oracle_relative,dominance,0.21853003919737518,121252,29365
20260921,2,20,neutral_oracle_hybrid,valence,0.010964285307711565,121252,29365
20260921,2,20,neutral_oracle_hybrid,arousal,0.5140893014691167,121252,29365
20260921,2,20,neutral_oracle_hybrid,dominance,0.397316075072182,121252,29365
20260921,2,20,marginal_oracle_relative,valence,0.008598801381453145,121252,29365
20260921,2,20,marginal_oracle_relative,arousal,0.19322035177925648,121252,29365
20260921,2,20,marginal_oracle_relative,dominance,0.1516655695706333,121252,29365
20260921,2,20,marginal_oracle_hybrid,valence,0.019769875318065618,121252,29365
20260921,2,20,marginal_oracle_hybrid,arousal,0.5024597674304846,121252,29365
20260921,2,20,marginal_oracle_hybrid,dominance,0.386351554711962,121252,29365
20260921,3,20,absolute,valence,0.0008586946159428467,118920,31697
20260921,3,20,absolute,arousal,0.48367772406160175,118920,31697
20260921,3,20,absolute,dominance,0.38367794067797517,118920,31697
20260921,3,20,kshot_relative,valence,0.008410960161768498,118920,31697
20260921,3,20,kshot_relative,arousal,0.21018713933361388,118920,31697
20260921,3,20,kshot_relative,dominance,0.16188559785475667,118920,31697
20260921,3,20,kshot_hybrid,valence,0.012730591769537433,118920,31697
20260921,3,20,kshot_hybrid,arousal,0.49913413143010793,118920,31697
20260921,3,20,kshot_hybrid,dominance,0.38885001389295815,118920,31697
20260921,3,20,neutral_oracle_relative,valence,0.005036233500300701,118920,31697
20260921,3,20,neutral_oracle_relative,arousal,0.2998767369792665,118920,31697
20260921,3,20,neutral_oracle_relative,dominance,0.23234637543725212,118920,31697
20260921,3,20,neutral_oracle_hybrid,valence,0.007148197567991098,118920,31697
20260921,3,20,neutral_oracle_hybrid,arousal,0.5054414684671005,118920,31697
20260921,3,20,neutral_oracle_hybrid,dominance,0.39585121200084983,118920,31697
20260921,3,20,marginal_oracle_relative,valence,0.009079283640368783,118920,31697
20260921,3,20,marginal_oracle_relative,arousal,0.2188361035579668,118920,31697
20260921,3,20,marginal_oracle_relative,dominance,0.16929662757198555,118920,31697
20260921,3,20,marginal_oracle_hybrid,valence,0.015047632130580557,118920,31697
20260921,3,20,marginal_oracle_hybrid,arousal,0.5010701637841377,118920,31697
20260921,3,20,marginal_oracle_hybrid,dominance,0.3895798353230425,118920,31697
20260921,4,20,absolute,valence,-0.0008133098432819223,120038,30579
20260921,4,20,absolute,arousal,0.5200861897488331,120038,30579
20260921,4,20,absolute,dominance,0.4141084512860065,120038,30579
20260921,4,20,kshot_relative,valence,0.0063923451457056,120038,30579
20260921,4,20,kshot_relative,arousal,0.15751224465986852,120038,30579
20260921,4,20,kshot_relative,dominance,0.12439622905705573,120038,30579
20260921,4,20,kshot_hybrid,valence,0.012089569551521306,120038,30579
20260921,4,20,kshot_hybrid,arousal,0.5203900248415863,120038,30579
20260921,4,20,kshot_hybrid,dominance,0.40977106339649005,120038,30579
20260921,4,20,neutral_oracle_relative,valence,0.003961726451608304,120038,30579
20260921,4,20,neutral_oracle_relative,arousal,0.29833343571354476,120038,30579
20260921,4,20,neutral_oracle_relative,dominance,0.24008181242564425,120038,30579
20260921,4,20,neutral_oracle_hybrid,valence,0.00754552162086505,120038,30579
20260921,4,20,neutral_oracle_hybrid,arousal,0.5290452199376079,120038,30579
20260921,4,20,neutral_oracle_hybrid,dominance,0.41878008796075605,120038,30579
20260921,4,20,marginal_oracle_relative,valence,0.006394194578262567,120038,30579
20260921,4,20,marginal_oracle_relative,arousal,0.1691550634812681,120038,30579
20260921,4,20,marginal_oracle_relative,dominance,0.13785755468580302,120038,30579
20260921,4,20,marginal_oracle_hybrid,valence,0.012977119045623159,120038,30579
20260921,4,20,marginal_oracle_hybrid,arousal,0.5167612652444423,120038,30579
20260921,4,20,marginal_oracle_hybrid,dominance,0.40556589473060495,120038,30579
20260921,0,50,absolute,valence,-0.00047889993259601097,100183,24004
20260921,0,50,absolute,arousal,0.49380756513296614,100183,24004
20260921,0,50,absolute,dominance,0.3750937145641713,100183,24004
20260921,0,50,kshot_relative,valence,0.01206813623993371,100183,24004
20260921,0,50,kshot_relative,arousal,0.18588555087256364,100183,24004
20260921,0,50,kshot_relative,dominance,0.15077874859178259,100183,24004
20260921,0,50,kshot_hybrid,valence,0.016173029460470074,100183,24004
20260921,0,50,kshot_hybrid,arousal,0.5163991446746918,100183,24004
20260921,0,50,kshot_hybrid,dominance,0.3796859497746973,100183,24004
20260921,0,50,neutral_oracle_relative,valence,0.0045432614526545205,100183,24004
20260921,0,50,neutral_oracle_relative,arousal,0.2833944234186904,100183,24004
20260921,0,50,neutral_oracle_relative,dominance,0.2265648319070192,100183,24004
20260921,0,50,neutral_oracle_hybrid,valence,0.008701654247759196,100183,24004
20260921,0,50,neutral_oracle_hybrid,arousal,0.5193436896733,100183,24004
20260921,0,50,neutral_oracle_hybrid,dominance,0.38639335077934533,100183,24004
20260921,0,50,marginal_oracle_relative,valence,0.012234946016768226,100183,24004
20260921,0,50,marginal_oracle_relative,arousal,0.19724592432589114,100183,24004
20260921,0,50,marginal_oracle_relative,dominance,0.1592502572134669,100183,24004
20260921,0,50,marginal_oracle_hybrid,valence,0.017056385904397536,100183,24004
20260921,0,50,marginal_oracle_hybrid,arousal,0.5173435920077142,100183,24004
20260921,0,50,marginal_oracle_hybrid,dominance,0.38007058030537105,100183,24004
20260921,1,50,absolute,valence,0.0005043668237057474,99805,24382
20260921,1,50,absolute,arousal,0.4744844464660936,99805,24382
20260921,1,50,absolute,dominance,0.3677446096539679,99805,24382
20260921,1,50,kshot_relative,valence,0.011439045430840133,99805,24382
20260921,1,50,kshot_relative,arousal,0.17456895315956641,99805,24382
20260921,1,50,kshot_relative,dominance,0.12013888638393172,99805,24382
20260921,1,50,kshot_hybrid,valence,0.011679402467337483,99805,24382
20260921,1,50,kshot_hybrid,arousal,0.49177343552517755,99805,24382
20260921,1,50,kshot_hybrid,dominance,0.37520954164009584,99805,24382
20260921,1,50,neutral_oracle_relative,valence,0.005398362177027822,99805,24382
20260921,1,50,neutral_oracle_relative,arousal,0.26536642356790413,99805,24382
20260921,1,50,neutral_oracle_relative,dominance,0.1705647414400506,99805,24382
20260921,1,50,neutral_oracle_hybrid,valence,0.0009021519806124898,99805,24382
20260921,1,50,neutral_oracle_hybrid,arousal,0.49953784716455346,99805,24382
20260921,1,50,neutral_oracle_hybrid,dominance,0.3748789276535603,99805,24382
20260921,1,50,marginal_oracle_relative,valence,0.011944391024734947,99805,24382
20260921,1,50,marginal_oracle_relative,arousal,0.18709311633732423,99805,24382
20260921,1,50,marginal_oracle_relative,dominance,0.12957171371947676,99805,24382
20260921,1,50,marginal_oracle_hybrid,valence,0.011735345387412475,99805,24382
20260921,1,50,marginal_oracle_hybrid,arousal,0.49635766436254597,99805,24382
20260921,1,50,marginal_oracle_hybrid,dominance,0.37715003179814394,99805,24382
20260921,2,50,absolute,valence,-0.0007527277936028005,100102,24085
20260921,2,50,absolute,arousal,0.4541517036805775,100102,24085
20260921,2,50,absolute,dominance,0.36827919034526974,100102,24085
20260921,2,50,kshot_relative,valence,0.008826230052082868,100102,24085
20260921,2,50,kshot_relative,arousal,0.17488455830023295,100102,24085
20260921,2,50,kshot_relative,dominance,0.14712757036161575,100102,24085
20260921,2,50,kshot_hybrid,valence,0.017881841769134352,100102,24085
20260921,2,50,kshot_hybrid,arousal,0.47780153682853166,100102,24085
20260921,2,50,kshot_hybrid,dominance,0.37728824671901046,100102,24085
20260921,2,50,neutral_oracle_relative,valence,0.0022618075029399525,100102,24085
20260921,2,50,neutral_oracle_relative,arousal,0.2510282556300497,100102,24085
20260921,2,50,neutral_oracle_relative,dominance,0.20637769556000182,100102,24085
20260921,2,50,neutral_oracle_hybrid,valence,0.007018945622516321,100102,24085
20260921,2,50,neutral_oracle_hybrid,arousal,0.4903003271119194,100102,24085
20260921,2,50,neutral_oracle_hybrid,dominance,0.3859803243399246,100102,24085
20260921,2,50,marginal_oracle_relative,valence,0.009358627521383488,100102,24085
20260921,2,50,marginal_oracle_relative,arousal,0.17900187610795137,100102,24085
20260921,2,50,marginal_oracle_relative,dominance,0.14845593874165763,100102,24085
20260921,2,50,marginal_oracle_hybrid,valence,0.019955021691532886,100102,24085
20260921,2,50,marginal_oracle_hybrid,arousal,0.4830085767485163,100102,24085
20260921,2,50,marginal_oracle_hybrid,dominance,0.3800824950470747,100102,24085
20260921,3,50,absolute,valence,0.0011100017595837921,97770,26417
20260921,3,50,absolute,arousal,0.46243276435463954,97770,26417
20260921,3,50,absolute,dominance,0.3675404201381427,97770,26417
20260921,3,50,kshot_relative,valence,0.010159699214862122,97770,26417
20260921,3,50,kshot_relative,arousal,0.19390753692925453,97770,26417
20260921,3,50,kshot_relative,dominance,0.14891662797689822,97770,26417
20260921,3,50,kshot_hybrid,valence,0.014921121431407386,97770,26417
20260921,3,50,kshot_hybrid,arousal,0.478420678085284,97770,26417
20260921,3,50,kshot_hybrid,dominance,0.37263121531158855,97770,26417
20260921,3,50,neutral_oracle_relative,valence,0.0040670711757654675,97770,26417
20260921,3,50,neutral_oracle_relative,arousal,0.28043359994315786,97770,26417
20260921,3,50,neutral_oracle_relative,dominance,0.21458935379856717,97770,26417
20260921,3,50,neutral_oracle_hybrid,valence,0.005835864121271965,97770,26417
20260921,3,50,neutral_oracle_hybrid,arousal,0.48608014260788635,97770,26417
20260921,3,50,neutral_oracle_hybrid,dominance,0.37845120458021386,97770,26417
20260921,3,50,marginal_oracle_relative,valence,0.010308185318786061,97770,26417
20260921,3,50,marginal_oracle_relative,arousal,0.20008579458728887,97770,26417
20260921,3,50,marginal_oracle_relative,dominance,0.1533152984143784,97770,26417
20260921,3,50,marginal_oracle_hybrid,valence,0.015693923342772236,97770,26417
20260921,3,50,marginal_oracle_hybrid,arousal,0.4818293403636058,97770,26417
20260921,3,50,marginal_oracle_hybrid,dominance,0.37420800004685045,97770,26417
20260921,4,50,absolute,valence,-0.001530368306666769,98888,25299
20260921,4,50,absolute,arousal,0.5216292291175634,98888,25299
20260921,4,50,absolute,dominance,0.42852346241700423,98888,25299
20260921,4,50,kshot_relative,valence,0.00854417743565483,98888,25299
20260921,4,50,kshot_relative,arousal,0.16445882473110052,98888,25299
20260921,4,50,kshot_relative,dominance,0.14053010067106889,98888,25299
20260921,4,50,kshot_hybrid,valence,0.014186411078001608,98888,25299
20260921,4,50,kshot_hybrid,arousal,0.5195051767163876,98888,25299
20260921,4,50,kshot_hybrid,dominance,0.4202465853814393,98888,25299
20260921,4,50,neutral_oracle_relative,valence,0.005034016569637633,98888,25299
20260921,4,50,neutral_oracle_relative,arousal,0.2936138710636433,98888,25299
20260921,4,50,neutral_oracle_relative,dominance,0.24724796978815933,98888,25299
20260921,4,50,neutral_oracle_hybrid,valence,0.007123092528568797,98888,25299
20260921,4,50,neutral_oracle_hybrid,arousal,0.5277270714384167,98888,25299
20260921,4,50,neutral_oracle_hybrid,dominance,0.43144571453252195,98888,25299
20260921,4,50,marginal_oracle_relative,valence,0.008933323269464458,98888,25299
20260921,4,50,marginal_oracle_relative,arousal,0.1664373211921391,98888,25299
20260921,4,50,marginal_oracle_relative,dominance,0.14184264447422174,98888,25299
20260921,4,50,marginal_oracle_hybrid,valence,0.015593015461666544,98888,25299
20260921,4,50,marginal_oracle_hybrid,arousal,0.5168323621287788,98888,25299
20260921,4,50,marginal_oracle_hybrid,dominance,0.4178271617940799,98888,25299
20260922,0,1,absolute,valence,0.0009747786206850224,134228,33128
20260922,0,1,absolute,arousal,0.5068417628908145,134228,33128
20260922,0,1,absolute,dominance,0.36478424014461547,134228,33128
20260922,0,1,kshot_relative,valence,0.0026345171313039576,134228,33128
20260922,0,1,kshot_relative,arousal,0.1249117476647044,134228,33128
20260922,0,1,kshot_relative,dominance,0.1070339248079297,134228,33128
20260922,0,1,kshot_hybrid,valence,0.003022496559440553,134228,33128
20260922,0,1,kshot_hybrid,arousal,0.5132874107159899,134228,33128
20260922,0,1,kshot_hybrid,dominance,0.3710870328758787,134228,33128
20260922,0,1,neutral_oracle_relative,valence,0.003483020688534289,134228,33128
20260922,0,1,neutral_oracle_relative,arousal,0.2901346166370528,134228,33128
20260922,0,1,neutral_oracle_relative,dominance,0.21393628012168817,134228,33128
20260922,0,1,neutral_oracle_hybrid,valence,0.007190117592487057,134228,33128
20260922,0,1,neutral_oracle_hybrid,arousal,0.5218219272367455,134228,33128
20260922,0,1,neutral_oracle_hybrid,dominance,0.3688580807250805,134228,33128
20260922,0,1,marginal_oracle_relative,valence,0.007849981097399318,134228,33128
20260922,0,1,marginal_oracle_relative,arousal,0.1888045055366289,134228,33128
20260922,0,1,marginal_oracle_relative,dominance,0.14188683011645023,134228,33128
20260922,0,1,marginal_oracle_hybrid,valence,0.014354495113232568,134228,33128
20260922,0,1,marginal_oracle_hybrid,arousal,0.5196162692798841,134228,33128
20260922,0,1,marginal_oracle_hybrid,dominance,0.3666194622810878,134228,33128
20260922,1,1,absolute,valence,-0.00037081374502944406,131312,36044
20260922,1,1,absolute,arousal,0.46384582621494264,131312,36044
20260922,1,1,absolute,dominance,0.3643191810302148,131312,36044
20260922,1,1,kshot_relative,valence,0.002466827116306625,131312,36044
20260922,1,1,kshot_relative,arousal,0.10936320170314638,131312,36044
20260922,1,1,kshot_relative,dominance,0.0895380922174415,131312,36044
20260922,1,1,kshot_hybrid,valence,0.0027326254161287255,131312,36044
20260922,1,1,kshot_hybrid,arousal,0.4680830617032664,131312,36044
20260922,1,1,kshot_hybrid,dominance,0.3668736404071977,131312,36044
20260922,1,1,neutral_oracle_relative,valence,0.005464368409562415,131312,36044
20260922,1,1,neutral_oracle_relative,arousal,0.2651453163105683,131312,36044
20260922,1,1,neutral_oracle_relative,dominance,0.2081671974649237,131312,36044
20260922,1,1,neutral_oracle_hybrid,valence,0.009697961542268286,131312,36044
20260922,1,1,neutral_oracle_hybrid,arousal,0.48854060706900765,131312,36044
20260922,1,1,neutral_oracle_hybrid,dominance,0.37695013998365656,131312,36044
20260922,1,1,marginal_oracle_relative,valence,0.00849107928872661,131312,36044
20260922,1,1,marginal_oracle_relative,arousal,0.1755366448012101,131312,36044
20260922,1,1,marginal_oracle_relative,dominance,0.13551958131643344,131312,36044
20260922,1,1,marginal_oracle_hybrid,valence,0.013553082893866444,131312,36044
20260922,1,1,marginal_oracle_hybrid,arousal,0.4878825486426861,131312,36044
20260922,1,1,marginal_oracle_hybrid,dominance,0.373722769890466,131312,36044
20260922,2,1,absolute,valence,0.00021778216928819799,138416,28940
20260922,2,1,absolute,arousal,0.5334211836755623,138416,28940
20260922,2,1,absolute,dominance,0.4450380850541722,138416,28940
20260922,2,1,kshot_relative,valence,-0.0033745830624386753,138416,28940
20260922,2,1,kshot_relative,arousal,0.10547932062662438,138416,28940
20260922,2,1,kshot_relative,dominance,0.08743720331367572,138416,28940
20260922,2,1,kshot_hybrid,valence,-0.0007469513866420823,138416,28940
20260922,2,1,kshot_hybrid,arousal,0.5278173294381598,138416,28940
20260922,2,1,kshot_hybrid,dominance,0.43786758438492845,138416,28940
20260922,2,1,neutral_oracle_relative,valence,0.0027755715025270396,138416,28940
20260922,2,1,neutral_oracle_relative,arousal,0.29567520525026525,138416,28940
20260922,2,1,neutral_oracle_relative,dominance,0.227362438646338,138416,28940
20260922,2,1,neutral_oracle_hybrid,valence,0.008581816047296945,138416,28940
20260922,2,1,neutral_oracle_hybrid,arousal,0.5640507524986829,138416,28940
20260922,2,1,neutral_oracle_hybrid,dominance,0.4578074510117742,138416,28940
20260922,2,1,marginal_oracle_relative,valence,0.007283311841236298,138416,28940
20260922,2,1,marginal_oracle_relative,arousal,0.1925707183500852,138416,28940
20260922,2,1,marginal_oracle_relative,dominance,0.1484888174643101,138416,28940
20260922,2,1,marginal_oracle_hybrid,valence,0.018573588245287362,138416,28940
20260922,2,1,marginal_oracle_hybrid,arousal,0.5538293417280935,138416,28940
20260922,2,1,marginal_oracle_hybrid,dominance,0.4510617212313692,138416,28940
20260922,3,1,absolute,valence,0.001610560760650614,130287,37069
20260922,3,1,absolute,arousal,0.4727165070216755,130287,37069
20260922,3,1,absolute,dominance,0.3716139180563869,130287,37069
20260922,3,1,kshot_relative,valence,0.0015667955960517105,130287,37069
20260922,3,1,kshot_relative,arousal,0.1095932955501916,130287,37069
20260922,3,1,kshot_relative,dominance,0.09536412142533374,130287,37069
20260922,3,1,kshot_hybrid,valence,0.003363020525682073,130287,37069
20260922,3,1,kshot_hybrid,arousal,0.4746995813099854,130287,37069
20260922,3,1,kshot_hybrid,dominance,0.3742539330067267,130287,37069
20260922,3,1,neutral_oracle_relative,valence,0.0043077815736375265,130287,37069
20260922,3,1,neutral_oracle_relative,arousal,0.290279239529564,130287,37069
20260922,3,1,neutral_oracle_relative,dominance,0.22435915910159826,130287,37069
20260922,3,1,neutral_oracle_hybrid,valence,0.008655231508351183,130287,37069
20260922,3,1,neutral_oracle_hybrid,arousal,0.4917187176786667,130287,37069
20260922,3,1,neutral_oracle_hybrid,dominance,0.3849747683453052,130287,37069
20260922,3,1,marginal_oracle_relative,valence,0.008374103631029743,130287,37069
20260922,3,1,marginal_oracle_relative,arousal,0.2041327452135381,130287,37069
20260922,3,1,marginal_oracle_relative,dominance,0.1590167589311773,130287,37069
20260922,3,1,marginal_oracle_hybrid,valence,0.0159985723453635,130287,37069
20260922,3,1,marginal_oracle_hybrid,arousal,0.48900444685037675,130287,37069
20260922,3,1,marginal_oracle_hybrid,dominance,0.37780257960298486,130287,37069
20260922,4,1,absolute,valence,0.002160498045952815,135181,32175
20260922,4,1,absolute,arousal,0.4398746627384351,135181,32175
20260922,4,1,absolute,dominance,0.3496475399412749,135181,32175
20260922,4,1,kshot_relative,valence,0.002758451492377768,135181,32175
20260922,4,1,kshot_relative,arousal,0.144837691933975,135181,32175
20260922,4,1,kshot_relative,dominance,0.12308624169418424,135181,32175
20260922,4,1,kshot_hybrid,valence,0.005900562383684772,135181,32175
20260922,4,1,kshot_hybrid,arousal,0.4385225587425038,135181,32175
20260922,4,1,kshot_hybrid,dominance,0.3467634691956077,135181,32175
20260922,4,1,neutral_oracle_relative,valence,0.0026194377280497855,135181,32175
20260922,4,1,neutral_oracle_relative,arousal,0.2859050260126859,135181,32175
20260922,4,1,neutral_oracle_relative,dominance,0.22281799594329535,135181,32175
20260922,4,1,neutral_oracle_hybrid,valence,0.003522657166604651,135181,32175
20260922,4,1,neutral_oracle_hybrid,arousal,0.4828760507714041,135181,32175
20260922,4,1,neutral_oracle_hybrid,dominance,0.37518130434141345,135181,32175
20260922,4,1,marginal_oracle_relative,valence,0.00785525098449193,135181,32175
20260922,4,1,marginal_oracle_relative,arousal,0.20226939874994287,135181,32175
20260922,4,1,marginal_oracle_relative,dominance,0.15911038096525884,135181,32175
20260922,4,1,marginal_oracle_hybrid,valence,0.016921442779159256,135181,32175
20260922,4,1,marginal_oracle_hybrid,arousal,0.4637863253532525,135181,32175
20260922,4,1,marginal_oracle_hybrid,dominance,0.35860997956075885,135181,32175
20260922,0,2,absolute,valence,0.001004819590366385,133524,32951
20260922,0,2,absolute,arousal,0.5074658923992876,133524,32951
20260922,0,2,absolute,dominance,0.36475719919249083,133524,32951
20260922,0,2,kshot_relative,valence,0.005230383397984347,133524,32951
20260922,0,2,kshot_relative,arousal,0.17510081804178493,133524,32951
20260922,0,2,kshot_relative,dominance,0.13491804374733746,133524,32951
20260922,0,2,kshot_hybrid,valence,0.006846936598584689,133524,32951
20260922,0,2,kshot_hybrid,arousal,0.5141319097668978,133524,32951
20260922,0,2,kshot_hybrid,dominance,0.36931945315018916,133524,32951
20260922,0,2,neutral_oracle_relative,valence,0.003434226061983264,133524,32951
20260922,0,2,neutral_oracle_relative,arousal,0.2909466686692275,133524,32951
20260922,0,2,neutral_oracle_relative,dominance,0.2139262478892365,133524,32951
20260922,0,2,neutral_oracle_hybrid,valence,0.007084627967388211,133524,32951
20260922,0,2,neutral_oracle_hybrid,arousal,0.522773482342211,133524,32951
20260922,0,2,neutral_oracle_hybrid,dominance,0.3689638624411622,133524,32951
20260922,0,2,marginal_oracle_relative,valence,0.007716290731926345,133524,32951
20260922,0,2,marginal_oracle_relative,arousal,0.1893794677062241,133524,32951
20260922,0,2,marginal_oracle_relative,dominance,0.1420139836962417,133524,32951
20260922,0,2,marginal_oracle_hybrid,valence,0.014151016954303972,133524,32951
20260922,0,2,marginal_oracle_hybrid,arousal,0.5204760508737124,133524,32951
20260922,0,2,marginal_oracle_hybrid,dominance,0.3666289789897551,133524,32951
20260922,1,2,absolute,valence,-0.00038161547536894725,130607,35868
20260922,1,2,absolute,arousal,0.4645173927600693,130607,35868
20260922,1,2,absolute,dominance,0.3641136929633144,130607,35868
20260922,1,2,kshot_relative,valence,0.004482603646175095,130607,35868
20260922,1,2,kshot_relative,arousal,0.13656636548109066,130607,35868
20260922,1,2,kshot_relative,dominance,0.10737534337120162,130607,35868
20260922,1,2,kshot_hybrid,valence,0.00508454993819279,130607,35868
20260922,1,2,kshot_hybrid,arousal,0.4725626408201276,130607,35868
20260922,1,2,kshot_hybrid,dominance,0.3681182828842972,130607,35868
20260922,1,2,neutral_oracle_relative,valence,0.005413444510460174,130607,35868
20260922,1,2,neutral_oracle_relative,arousal,0.26582935897121773,130607,35868
20260922,1,2,neutral_oracle_relative,dominance,0.20829162523908315,130607,35868
20260922,1,2,neutral_oracle_hybrid,valence,0.009643185351594943,130607,35868
20260922,1,2,neutral_oracle_hybrid,arousal,0.4892292724591643,130607,35868
20260922,1,2,neutral_oracle_hybrid,dominance,0.376746740515581,130607,35868
20260922,1,2,marginal_oracle_relative,valence,0.008483113712940379,130607,35868
20260922,1,2,marginal_oracle_relative,arousal,0.17599280675701254,130607,35868
20260922,1,2,marginal_oracle_relative,dominance,0.13545845893610733,130607,35868
20260922,1,2,marginal_oracle_hybrid,valence,0.013620739946054445,130607,35868
20260922,1,2,marginal_oracle_hybrid,arousal,0.48861765529763385,130607,35868
20260922,1,2,marginal_oracle_hybrid,dominance,0.37341816252122584,130607,35868
20260922,2,2,absolute,valence,0.000138481524397044,137711,28764
20260922,2,2,absolute,arousal,0.5326205406791562,137711,28764
20260922,2,2,absolute,dominance,0.44391500185314403,137711,28764
20260922,2,2,kshot_relative,valence,0.00025869402577552696,137711,28764
20260922,2,2,kshot_relative,arousal,0.136648816440714,137711,28764
20260922,2,2,kshot_relative,dominance,0.10299396109223918,137711,28764
20260922,2,2,kshot_hybrid,valence,0.003719224451474168,137711,28764
20260922,2,2,kshot_hybrid,arousal,0.5306677403192153,137711,28764
20260922,2,2,kshot_hybrid,dominance,0.4390598771286373,137711,28764
20260922,2,2,neutral_oracle_relative,valence,0.0028144783396853498,137711,28764
20260922,2,2,neutral_oracle_relative,arousal,0.2954865676828397,137711,28764
20260922,2,2,neutral_oracle_relative,dominance,0.22664559823015654,137711,28764
20260922,2,2,neutral_oracle_hybrid,valence,0.00850358388593982,137711,28764
20260922,2,2,neutral_oracle_hybrid,arousal,0.5634547949531584,137711,28764
20260922,2,2,neutral_oracle_hybrid,dominance,0.456718550711562,137711,28764
20260922,2,2,marginal_oracle_relative,valence,0.007233781508091429,137711,28764
20260922,2,2,marginal_oracle_relative,arousal,0.19183755170623432,137711,28764
20260922,2,2,marginal_oracle_relative,dominance,0.14756046069261322,137711,28764
20260922,2,2,marginal_oracle_hybrid,valence,0.01848200987369677,137711,28764
20260922,2,2,marginal_oracle_hybrid,arousal,0.5531288931541247,137711,28764
20260922,2,2,marginal_oracle_hybrid,dominance,0.4499805797900028,137711,28764
20260922,3,2,absolute,valence,0.0015446996763394043,129582,36893
20260922,3,2,absolute,arousal,0.47234477537543595,129582,36893
20260922,3,2,absolute,dominance,0.3718635194213373,129582,36893
20260922,3,2,kshot_relative,valence,0.004862301543938853,129582,36893
20260922,3,2,kshot_relative,arousal,0.15183642115212426,129582,36893
20260922,3,2,kshot_relative,dominance,0.11871835030038863,129582,36893
20260922,3,2,kshot_hybrid,valence,0.007936708121972504,129582,36893
20260922,3,2,kshot_hybrid,arousal,0.47569998495153826,129582,36893
20260922,3,2,kshot_hybrid,dominance,0.37243476939745473,129582,36893
20260922,3,2,neutral_oracle_relative,valence,0.004241211656325409,129582,36893
20260922,3,2,neutral_oracle_relative,arousal,0.2902558420768413,129582,36893
20260922,3,2,neutral_oracle_relative,dominance,0.22467947775746172,129582,36893
20260922,3,2,neutral_oracle_hybrid,valence,0.008528113025876527,129582,36893
20260922,3,2,neutral_oracle_hybrid,arousal,0.49147023650683974,129582,36893
20260922,3,2,neutral_oracle_hybrid,dominance,0.3852294856948473,129582,36893
20260922,3,2,marginal_oracle_relative,valence,0.008455213262506827,129582,36893
20260922,3,2,marginal_oracle_relative,arousal,0.20385417901659025,129582,36893
20260922,3,2,marginal_oracle_relative,dominance,0.15888725764145226,129582,36893
20260922,3,2,marginal_oracle_hybrid,valence,0.01598924151271435,129582,36893
20260922,3,2,marginal_oracle_hybrid,arousal,0.48865344477424966,129582,36893
20260922,3,2,marginal_oracle_hybrid,dominance,0.37791513257808695,129582,36893
20260922,4,2,absolute,valence,0.0021569079287141178,134476,31999
20260922,4,2,absolute,arousal,0.4396861547583744,134476,31999
20260922,4,2,absolute,dominance,0.3496599091380682,134476,31999
20260922,4,2,kshot_relative,valence,0.004477597952741263,134476,31999
20260922,4,2,kshot_relative,arousal,0.1708942231027206,134476,31999
20260922,4,2,kshot_relative,dominance,0.1390452956813836,134476,31999
20260922,4,2,kshot_hybrid,valence,0.008923628537367102,134476,31999
20260922,4,2,kshot_hybrid,arousal,0.44285515211085935,134476,31999
20260922,4,2,kshot_hybrid,dominance,0.3507510299096597,134476,31999
20260922,4,2,neutral_oracle_relative,valence,0.002506013166802593,134476,31999
20260922,4,2,neutral_oracle_relative,arousal,0.285946062776504,134476,31999
20260922,4,2,neutral_oracle_relative,dominance,0.2227314630174432,134476,31999
20260922,4,2,neutral_oracle_hybrid,valence,0.003329616406138145,134476,31999
20260922,4,2,neutral_oracle_hybrid,arousal,0.48285163992894425,134476,31999
20260922,4,2,neutral_oracle_hybrid,dominance,0.37523012527503496,134476,31999
20260922,4,2,marginal_oracle_relative,valence,0.007731564637113585,134476,31999
20260922,4,2,marginal_oracle_relative,arousal,0.20214937610870612,134476,31999
20260922,4,2,marginal_oracle_relative,dominance,0.1590305966762809,134476,31999
20260922,4,2,marginal_oracle_hybrid,valence,0.01664789070675613,134476,31999
20260922,4,2,marginal_oracle_hybrid,arousal,0.46366266693220376,134476,31999
20260922,4,2,marginal_oracle_hybrid,dominance,0.3586340321784704,134476,31999
20260922,0,5,absolute,valence,0.0010295889945982114,131412,32420
20260922,0,5,absolute,arousal,0.5076982373985923,131412,32420
20260922,0,5,absolute,dominance,0.3638112919459836,131412,32420
20260922,0,5,kshot_relative,valence,0.011274253447121907,131412,32420
20260922,0,5,kshot_relative,arousal,0.16560936083139688,131412,32420
20260922,0,5,kshot_relative,dominance,0.1229732631044907,131412,32420
20260922,0,5,kshot_hybrid,valence,0.014230459400608355,131412,32420
20260922,0,5,kshot_hybrid,arousal,0.5115344886733996,131412,32420
20260922,0,5,kshot_hybrid,dominance,0.36606932872342146,131412,32420
20260922,0,5,neutral_oracle_relative,valence,0.0034116488524986123,131412,32420
20260922,0,5,neutral_oracle_relative,arousal,0.29056117200625325,131412,32420
20260922,0,5,neutral_oracle_relative,dominance,0.2134096159993741,131412,32420
20260922,0,5,neutral_oracle_hybrid,valence,0.007062884110899565,131412,32420
20260922,0,5,neutral_oracle_hybrid,arousal,0.5229584344101091,131412,32420
20260922,0,5,neutral_oracle_hybrid,dominance,0.36826483443707586,131412,32420
20260922,0,5,marginal_oracle_relative,valence,0.007895966362194314,131412,32420
20260922,0,5,marginal_oracle_relative,arousal,0.18928804581302808,131412,32420
20260922,0,5,marginal_oracle_relative,dominance,0.14184168255716528,131412,32420
20260922,0,5,marginal_oracle_hybrid,valence,0.014245744568120396,131412,32420
20260922,0,5,marginal_oracle_hybrid,arousal,0.5205000703682467,131412,32420
20260922,0,5,marginal_oracle_hybrid,dominance,0.3656708593618573,131412,32420
20260922,1,5,absolute,valence,-0.0003470075978470399,128492,35340
20260922,1,5,absolute,arousal,0.4649296282353571,128492,35340
20260922,1,5,absolute,dominance,0.3639393284502405,128492,35340
20260922,1,5,kshot_relative,valence,0.011286566187940897,128492,35340
20260922,1,5,kshot_relative,arousal,0.14751412477585335,128492,35340
20260922,1,5,kshot_relative,dominance,0.11565411241321867,128492,35340
20260922,1,5,kshot_hybrid,valence,0.013574652980971493,128492,35340
20260922,1,5,kshot_hybrid,arousal,0.48230312250078033,128492,35340
20260922,1,5,kshot_hybrid,dominance,0.37191251130875025,128492,35340
20260922,1,5,neutral_oracle_relative,valence,0.005515610165761534,128492,35340
20260922,1,5,neutral_oracle_relative,arousal,0.2656299768748577,128492,35340
20260922,1,5,neutral_oracle_relative,dominance,0.20868524241732522,128492,35340
20260922,1,5,neutral_oracle_hybrid,valence,0.009854923082265847,128492,35340
20260922,1,5,neutral_oracle_hybrid,arousal,0.4896227090543774,128492,35340
20260922,1,5,neutral_oracle_hybrid,dominance,0.37661776372247546,128492,35340
20260922,1,5,marginal_oracle_relative,valence,0.00880060502605088,128492,35340
20260922,1,5,marginal_oracle_relative,arousal,0.17578437237832284,128492,35340
20260922,1,5,marginal_oracle_relative,dominance,0.1361354265297662,128492,35340
20260922,1,5,marginal_oracle_hybrid,valence,0.01409521642040358,128492,35340
20260922,1,5,marginal_oracle_hybrid,arousal,0.48900479923732953,128492,35340
20260922,1,5,marginal_oracle_hybrid,dominance,0.37325965963604374,128492,35340
20260922,2,5,absolute,valence,0.00010572330336574915,135596,28236
20260922,2,5,absolute,arousal,0.5321770843101769,135596,28236
20260922,2,5,absolute,dominance,0.44445785626457146,135596,28236
20260922,2,5,kshot_relative,valence,0.004754285718603472,135596,28236
20260922,2,5,kshot_relative,arousal,0.1374335058300091,135596,28236
20260922,2,5,kshot_relative,dominance,0.10553221010502836,135596,28236
20260922,2,5,kshot_hybrid,valence,0.011244280791793902,135596,28236
20260922,2,5,kshot_hybrid,arousal,0.5410050500675221,135596,28236
20260922,2,5,kshot_hybrid,dominance,0.4464727039350995,135596,28236
20260922,2,5,neutral_oracle_relative,valence,0.0027812910379247493,135596,28236
20260922,2,5,neutral_oracle_relative,arousal,0.2939925680629232,135596,28236
20260922,2,5,neutral_oracle_relative,dominance,0.22610429415350164,135596,28236
20260922,2,5,neutral_oracle_hybrid,valence,0.008706934630369968,135596,28236
20260922,2,5,neutral_oracle_hybrid,arousal,0.562444742432869,135596,28236
20260922,2,5,neutral_oracle_hybrid,dominance,0.4566267684864352,135596,28236
20260922,2,5,marginal_oracle_relative,valence,0.007269918493006035,135596,28236
20260922,2,5,marginal_oracle_relative,arousal,0.19050350604370636,135596,28236
20260922,2,5,marginal_oracle_relative,dominance,0.14764954188276305,135596,28236
20260922,2,5,marginal_oracle_hybrid,valence,0.018804451199719935,135596,28236
20260922,2,5,marginal_oracle_hybrid,arousal,0.5522547609362819,135596,28236
20260922,2,5,marginal_oracle_hybrid,dominance,0.4502154849494533,135596,28236
20260922,3,5,absolute,valence,0.001542032565559295,127467,36365
20260922,3,5,absolute,arousal,0.4719579164724971,127467,36365
20260922,3,5,absolute,dominance,0.3716274352880026,127467,36365
20260922,3,5,kshot_relative,valence,0.008762349820363993,127467,36365
20260922,3,5,kshot_relative,arousal,0.1678964878253465,127467,36365
20260922,3,5,kshot_relative,dominance,0.12452258715623303,127467,36365
20260922,3,5,kshot_hybrid,valence,0.014190112866041311,127467,36365
20260922,3,5,kshot_hybrid,arousal,0.4778726729238484,127467,36365
20260922,3,5,kshot_hybrid,dominance,0.3733238915001918,127467,36365
20260922,3,5,neutral_oracle_relative,valence,0.004237509099174325,127467,36365
20260922,3,5,neutral_oracle_relative,arousal,0.2900974235552537,127467,36365
20260922,3,5,neutral_oracle_relative,dominance,0.22482298521699257,127467,36365
20260922,3,5,neutral_oracle_hybrid,valence,0.008772338908106109,127467,36365
20260922,3,5,neutral_oracle_hybrid,arousal,0.49152572863295846,127467,36365
20260922,3,5,neutral_oracle_hybrid,dominance,0.385387169850627,127467,36365
20260922,3,5,marginal_oracle_relative,valence,0.008680407721192416,127467,36365
20260922,3,5,marginal_oracle_relative,arousal,0.20345866878351515,127467,36365
20260922,3,5,marginal_oracle_relative,dominance,0.15914123451407935,127467,36365
20260922,3,5,marginal_oracle_hybrid,valence,0.016435346137418275,127467,36365
20260922,3,5,marginal_oracle_hybrid,arousal,0.48855455369208334,127467,36365
20260922,3,5,marginal_oracle_hybrid,dominance,0.3779064369208481,127467,36365
20260922,4,5,absolute,valence,0.0022083336970838267,132361,31471
20260922,4,5,absolute,arousal,0.43959821597303367,132361,31471
20260922,4,5,absolute,dominance,0.3507730587031316,132361,31471
20260922,4,5,kshot_relative,valence,0.009544012764251578,132361,31471
20260922,4,5,kshot_relative,arousal,0.1598428476967983,132361,31471
20260922,4,5,kshot_relative,dominance,0.12490739327741661,132361,31471
20260922,4,5,kshot_hybrid,valence,0.016587580440864093,132361,31471
20260922,4,5,kshot_hybrid,arousal,0.44625283957322115,132361,31471
20260922,4,5,kshot_hybrid,dominance,0.3523527319693292,132361,31471
20260922,4,5,neutral_oracle_relative,valence,0.00238392654286082,132361,31471
20260922,4,5,neutral_oracle_relative,arousal,0.28389166979083874,132361,31471
20260922,4,5,neutral_oracle_relative,dominance,0.222578559717035,132361,31471
20260922,4,5,neutral_oracle_hybrid,valence,0.0033436981526223214,132361,31471
20260922,4,5,neutral_oracle_hybrid,arousal,0.48233721244062766,132361,31471
20260922,4,5,neutral_oracle_hybrid,dominance,0.3761387175317912,132361,31471
20260922,4,5,marginal_oracle_relative,valence,0.007854630526157173,132361,31471
20260922,4,5,marginal_oracle_relative,arousal,0.20096759198342512,132361,31471
20260922,4,5,marginal_oracle_relative,dominance,0.15951923336973164,132361,31471
20260922,4,5,marginal_oracle_hybrid,valence,0.01695347950880552,132361,31471
20260922,4,5,marginal_oracle_hybrid,arousal,0.46348219901594284,132361,31471
20260922,4,5,marginal_oracle_hybrid,dominance,0.3598621677481162,132361,31471
20260922,0,10,absolute,valence,0.00105376317893624,127892,31535
20260922,0,10,absolute,arousal,0.5069716671507978,127892,31535
20260922,0,10,absolute,dominance,0.36259420616481697,127892,31535
20260922,0,10,kshot_relative,valence,0.008807369670931363,127892,31535
20260922,0,10,kshot_relative,arousal,0.1780923291824396,127892,31535
20260922,0,10,kshot_relative,dominance,0.1297273800923499,127892,31535
20260922,0,10,kshot_hybrid,valence,0.01371828233475636,127892,31535
20260922,0,10,kshot_hybrid,arousal,0.5172284901388493,127892,31535
20260922,0,10,kshot_hybrid,dominance,0.3653245358591329,127892,31535
20260922,0,10,neutral_oracle_relative,valence,0.0037468038719162197,127892,31535
20260922,0,10,neutral_oracle_relative,arousal,0.2915995589532583,127892,31535
20260922,0,10,neutral_oracle_relative,dominance,0.21282542321055486,127892,31535
20260922,0,10,neutral_oracle_hybrid,valence,0.007075967331925073,127892,31535
20260922,0,10,neutral_oracle_hybrid,arousal,0.5225656870654453,127892,31535
20260922,0,10,neutral_oracle_hybrid,dominance,0.36690614085824336,127892,31535
20260922,0,10,marginal_oracle_relative,valence,0.008084520550525503,127892,31535
20260922,0,10,marginal_oracle_relative,arousal,0.1903464706416503,127892,31535
20260922,0,10,marginal_oracle_relative,dominance,0.14150433281220873,127892,31535
20260922,0,10,marginal_oracle_hybrid,valence,0.01389652775862867,127892,31535
20260922,0,10,marginal_oracle_hybrid,arousal,0.5202884808114675,127892,31535
20260922,0,10,marginal_oracle_hybrid,dominance,0.3647405880661112,127892,31535
20260922,1,10,absolute,valence,-0.00042808058071512123,124967,34460
20260922,1,10,absolute,arousal,0.4663787537309413,124967,34460
20260922,1,10,absolute,dominance,0.3637152629429383,124967,34460
20260922,1,10,kshot_relative,valence,0.010364583075606056,124967,34460
20260922,1,10,kshot_relative,arousal,0.1596937748898174,124967,34460
20260922,1,10,kshot_relative,dominance,0.12247798308149571,124967,34460
20260922,1,10,kshot_hybrid,valence,0.013850636731840537,124967,34460
20260922,1,10,kshot_hybrid,arousal,0.4895587796746835,124967,34460
20260922,1,10,kshot_hybrid,dominance,0.37404711095515397,124967,34460
20260922,1,10,neutral_oracle_relative,valence,0.005712866015562639,124967,34460
20260922,1,10,neutral_oracle_relative,arousal,0.2674854250773183,124967,34460
20260922,1,10,neutral_oracle_relative,dominance,0.2080851509372423,124967,34460
20260922,1,10,neutral_oracle_hybrid,valence,0.009835618570928165,124967,34460
20260922,1,10,neutral_oracle_hybrid,arousal,0.4911356644560332,124967,34460
20260922,1,10,neutral_oracle_hybrid,dominance,0.37621636737842684,124967,34460
20260922,1,10,marginal_oracle_relative,valence,0.009159000028531324,124967,34460
20260922,1,10,marginal_oracle_relative,arousal,0.17768013374552538,124967,34460
20260922,1,10,marginal_oracle_relative,dominance,0.13584576541456178,124967,34460
20260922,1,10,marginal_oracle_hybrid,valence,0.01418823210475603,124967,34460
20260922,1,10,marginal_oracle_hybrid,arousal,0.49037089189129135,124967,34460
20260922,1,10,marginal_oracle_hybrid,dominance,0.3730843247636327,124967,34460
20260922,2,10,absolute,valence,0.0002169800310233996,132071,27356
20260922,2,10,absolute,arousal,0.5338074348036593,132071,27356
20260922,2,10,absolute,dominance,0.44628226994322384,132071,27356
20260922,2,10,kshot_relative,valence,0.0060748074707335665,132071,27356
20260922,2,10,kshot_relative,arousal,0.16927651611013328,132071,27356
20260922,2,10,kshot_relative,dominance,0.1307833469868892,132071,27356
20260922,2,10,kshot_hybrid,valence,0.016281778323693125,132071,27356
20260922,2,10,kshot_hybrid,arousal,0.5388505159343867,132071,27356
20260922,2,10,kshot_hybrid,dominance,0.4474609781554291,132071,27356
20260922,2,10,neutral_oracle_relative,valence,0.002923954318395821,132071,27356
20260922,2,10,neutral_oracle_relative,arousal,0.2954150798956007,132071,27356
20260922,2,10,neutral_oracle_relative,dominance,0.2272858265448649,132071,27356
20260922,2,10,neutral_oracle_hybrid,valence,0.008812245012535152,132071,27356
20260922,2,10,neutral_oracle_hybrid,arousal,0.564038735531782,132071,27356
20260922,2,10,neutral_oracle_hybrid,dominance,0.45858132193174206,132071,27356
20260922,2,10,marginal_oracle_relative,valence,0.006794802460429759,132071,27356
20260922,2,10,marginal_oracle_relative,arousal,0.19183475423515883,132071,27356
20260922,2,10,marginal_oracle_relative,dominance,0.14836519777209548,132071,27356
20260922,2,10,marginal_oracle_hybrid,valence,0.018300434238249754,132071,27356
20260922,2,10,marginal_oracle_hybrid,arousal,0.553908277281232,132071,27356
20260922,2,10,marginal_oracle_hybrid,dominance,0.45232156298749987,132071,27356
20260922,3,10,absolute,valence,0.0015853475959392588,123942,35485
20260922,3,10,absolute,arousal,0.47264443617838997,123942,35485
20260922,3,10,absolute,dominance,0.37027846180419915,123942,35485
20260922,3,10,kshot_relative,valence,0.007717268310342088,123942,35485
20260922,3,10,kshot_relative,arousal,0.18203201763619992,123942,35485
20260922,3,10,kshot_relative,dominance,0.13631777661564135,123942,35485
20260922,3,10,kshot_hybrid,valence,0.013807211181263813,123942,35485
20260922,3,10,kshot_hybrid,arousal,0.47936160859245236,123942,35485
20260922,3,10,kshot_hybrid,dominance,0.371485727360784,123942,35485
20260922,3,10,neutral_oracle_relative,valence,0.004122453602450625,123942,35485
20260922,3,10,neutral_oracle_relative,arousal,0.2911285526910642,123942,35485
20260922,3,10,neutral_oracle_relative,dominance,0.22290885010000347,123942,35485
20260922,3,10,neutral_oracle_hybrid,valence,0.008596525575937668,123942,35485
20260922,3,10,neutral_oracle_hybrid,arousal,0.4922304770085923,123942,35485
20260922,3,10,neutral_oracle_hybrid,dominance,0.3837457088303926,123942,35485
20260922,3,10,marginal_oracle_relative,valence,0.008310066811332627,123942,35485
20260922,3,10,marginal_oracle_relative,arousal,0.20410100325153763,123942,35485
20260922,3,10,marginal_oracle_relative,dominance,0.15728638074887155,123942,35485
20260922,3,10,marginal_oracle_hybrid,valence,0.015846444051866908,123942,35485
20260922,3,10,marginal_oracle_hybrid,arousal,0.4892348593819645,123942,35485
20260922,3,10,marginal_oracle_hybrid,dominance,0.376616381126324,123942,35485
20260922,4,10,absolute,valence,0.0023453930157577695,128836,30591
20260922,4,10,absolute,arousal,0.4401247046891917,128836,30591
20260922,4,10,absolute,dominance,0.3527682399900558,128836,30591
20260922,4,10,kshot_relative,valence,0.009635175726117547,128836,30591
20260922,4,10,kshot_relative,arousal,0.17405399012792974,128836,30591
20260922,4,10,kshot_relative,dominance,0.13755121014265187,128836,30591
20260922,4,10,kshot_hybrid,valence,0.016930029618578483,128836,30591
20260922,4,10,kshot_hybrid,arousal,0.45660430545504865,128836,30591
20260922,4,10,kshot_hybrid,dominance,0.3581217077603003,128836,30591
20260922,4,10,neutral_oracle_relative,valence,0.0025202763362021413,128836,30591
20260922,4,10,neutral_oracle_relative,arousal,0.28429271667893574,128836,30591
20260922,4,10,neutral_oracle_relative,dominance,0.22383868754699254,128836,30591
20260922,4,10,neutral_oracle_hybrid,valence,0.003106092605730784,128836,30591
20260922,4,10,neutral_oracle_hybrid,arousal,0.48336164111824576,128836,30591
20260922,4,10,neutral_oracle_hybrid,dominance,0.37831047837027315,128836,30591
20260922,4,10,marginal_oracle_relative,valence,0.008052300833009455,128836,30591
20260922,4,10,marginal_oracle_relative,arousal,0.2013007531503045,128836,30591
20260922,4,10,marginal_oracle_relative,dominance,0.16006641533574922,128836,30591
20260922,4,10,marginal_oracle_hybrid,valence,0.01690032788108685,128836,30591
20260922,4,10,marginal_oracle_hybrid,arousal,0.46461801176945594,128836,30591
20260922,4,10,marginal_oracle_hybrid,dominance,0.362215832273222,128836,30591
20260922,0,20,absolute,valence,0.0008115173688408162,120852,29765
20260922,0,20,absolute,arousal,0.5086050920201934,120852,29765
20260922,0,20,absolute,dominance,0.3619464300050154,120852,29765
20260922,0,20,kshot_relative,valence,0.007279875347056751,120852,29765
20260922,0,20,kshot_relative,arousal,0.17827829084964247,120852,29765
20260922,0,20,kshot_relative,dominance,0.1286644027331892,120852,29765
20260922,0,20,kshot_hybrid,valence,0.010844242035004581,120852,29765
20260922,0,20,kshot_hybrid,arousal,0.5183801949549509,120852,29765
20260922,0,20,kshot_hybrid,dominance,0.3625878568429992,120852,29765
20260922,0,20,neutral_oracle_relative,valence,0.004123650156522081,120852,29765
20260922,0,20,neutral_oracle_relative,arousal,0.2934211212147791,120852,29765
20260922,0,20,neutral_oracle_relative,dominance,0.21284290021060936,120852,29765
20260922,0,20,neutral_oracle_hybrid,valence,0.007046342333013715,120852,29765
20260922,0,20,neutral_oracle_hybrid,arousal,0.5231460886743116,120852,29765
20260922,0,20,neutral_oracle_hybrid,dominance,0.36523778687913866,120852,29765
20260922,0,20,marginal_oracle_relative,valence,0.00801753946417794,120852,29765
20260922,0,20,marginal_oracle_relative,arousal,0.19158338139931994,120852,29765
20260922,0,20,marginal_oracle_relative,dominance,0.1426855808208654,120852,29765
20260922,0,20,marginal_oracle_hybrid,valence,0.012952731955472474,120852,29765
20260922,0,20,marginal_oracle_hybrid,arousal,0.5210012270337281,120852,29765
20260922,0,20,marginal_oracle_hybrid,dominance,0.3632724031902634,120852,29765
20260922,1,20,absolute,valence,-0.0003156153096592895,117917,32700
20260922,1,20,absolute,arousal,0.4692068428672374,117917,32700
20260922,1,20,absolute,dominance,0.36633839051897676,117917,32700
20260922,1,20,kshot_relative,valence,0.009828532383685452,117917,32700
20260922,1,20,kshot_relative,arousal,0.17226273754268578,117917,32700
20260922,1,20,kshot_relative,dominance,0.1306793212141502,117917,32700
20260922,1,20,kshot_hybrid,valence,0.014829831360784572,117917,32700
20260922,1,20,kshot_hybrid,arousal,0.4959056053982218,117917,32700
20260922,1,20,kshot_hybrid,dominance,0.37661531890129474,117917,32700
20260922,1,20,neutral_oracle_relative,valence,0.006076592543841359,117917,32700
20260922,1,20,neutral_oracle_relative,arousal,0.27016571866404016,117917,32700
20260922,1,20,neutral_oracle_relative,dominance,0.20830061528736704,117917,32700
20260922,1,20,neutral_oracle_hybrid,valence,0.010347629838786829,117917,32700
20260922,1,20,neutral_oracle_hybrid,arousal,0.49421975168407106,117917,32700
20260922,1,20,neutral_oracle_hybrid,dominance,0.37864056476008245,117917,32700
20260922,1,20,marginal_oracle_relative,valence,0.00916300914145655,117917,32700
20260922,1,20,marginal_oracle_relative,arousal,0.1805588542110872,117917,32700
20260922,1,20,marginal_oracle_relative,dominance,0.13613628281374382,117917,32700
20260922,1,20,marginal_oracle_hybrid,valence,0.014227236045907855,117917,32700
20260922,1,20,marginal_oracle_hybrid,arousal,0.4933861648029037,117917,32700
20260922,1,20,marginal_oracle_hybrid,dominance,0.3755414061647176,117917,32700
20260922,2,20,absolute,valence,9.192373211965876e-05,125021,25596
20260922,2,20,absolute,arousal,0.5333778184827179,125021,25596
20260922,2,20,absolute,dominance,0.44420307975941736,125021,25596
20260922,2,20,kshot_relative,valence,0.0073168548145261135,125021,25596
20260922,2,20,kshot_relative,arousal,0.18038424405096581,125021,25596
20260922,2,20,kshot_relative,dominance,0.1391916044749652,125021,25596
20260922,2,20,kshot_hybrid,valence,0.01540334093305615,125021,25596
20260922,2,20,kshot_hybrid,arousal,0.5511050465475157,125021,25596
20260922,2,20,kshot_hybrid,dominance,0.45039324868224034,125021,25596
20260922,2,20,neutral_oracle_relative,valence,0.00319853781527009,125021,25596
20260922,2,20,neutral_oracle_relative,arousal,0.2965990179028874,125021,25596
20260922,2,20,neutral_oracle_relative,dominance,0.22764367416656175,125021,25596
20260922,2,20,neutral_oracle_hybrid,valence,0.00893045924396909,125021,25596
20260922,2,20,neutral_oracle_hybrid,arousal,0.5634510772165359,125021,25596
20260922,2,20,neutral_oracle_hybrid,dominance,0.4560704417275699,125021,25596
20260922,2,20,marginal_oracle_relative,valence,0.0069319626769984806,125021,25596
20260922,2,20,marginal_oracle_relative,arousal,0.19309214195853983,125021,25596
20260922,2,20,marginal_oracle_relative,dominance,0.15011176138876764,125021,25596
20260922,2,20,marginal_oracle_hybrid,valence,0.01766692927236403,125021,25596
20260922,2,20,marginal_oracle_hybrid,arousal,0.5533516381832924,125021,25596
20260922,2,20,marginal_oracle_hybrid,dominance,0.4499171043715748,125021,25596
20260922,3,20,absolute,valence,0.0015131385612200264,116892,33725
20260922,3,20,absolute,arousal,0.4735269685762001,116892,33725
20260922,3,20,absolute,dominance,0.37044588106935583,116892,33725
20260922,3,20,kshot_relative,valence,0.00794565504679241,116892,33725
20260922,3,20,kshot_relative,arousal,0.19544812621847177,116892,33725
20260922,3,20,kshot_relative,dominance,0.1509831065074136,116892,33725
20260922,3,20,kshot_hybrid,valence,0.014727548261694414,116892,33725
20260922,3,20,kshot_hybrid,arousal,0.48757012793363613,116892,33725
20260922,3,20,kshot_hybrid,dominance,0.374543819809162,116892,33725
20260922,3,20,neutral_oracle_relative,valence,0.0046731721345042105,116892,33725
20260922,3,20,neutral_oracle_relative,arousal,0.2942043578439407,116892,33725
20260922,3,20,neutral_oracle_relative,dominance,0.22641743340663745,116892,33725
20260922,3,20,neutral_oracle_hybrid,valence,0.009279957188555723,116892,33725
20260922,3,20,neutral_oracle_hybrid,arousal,0.49434533125973035,116892,33725
20260922,3,20,neutral_oracle_hybrid,dominance,0.3847178690634227,116892,33725
20260922,3,20,marginal_oracle_relative,valence,0.008749461514582457,116892,33725
20260922,3,20,marginal_oracle_relative,arousal,0.20704445853835554,116892,33725
20260922,3,20,marginal_oracle_relative,dominance,0.1607673564711695,116892,33725
20260922,3,20,marginal_oracle_hybrid,valence,0.016260423763884903,116892,33725
20260922,3,20,marginal_oracle_hybrid,arousal,0.49046339912191866,116892,33725
20260922,3,20,marginal_oracle_hybrid,dominance,0.37674009346178805,116892,33725
20260922,4,20,absolute,valence,0.001984145101526612,121786,28831
20260922,4,20,absolute,arousal,0.4419632293209394,121786,28831
20260922,4,20,absolute,dominance,0.3544637081130467,121786,28831
20260922,4,20,kshot_relative,valence,0.008115818863725413,121786,28831
20260922,4,20,kshot_relative,arousal,0.19303263743377705,121786,28831
20260922,4,20,kshot_relative,dominance,0.1539609256030048,121786,28831
20260922,4,20,kshot_hybrid,valence,0.01647573807177554,121786,28831
20260922,4,20,kshot_hybrid,arousal,0.46418144382630294,121786,28831
20260922,4,20,kshot_hybrid,dominance,0.3624213764100524,121786,28831
20260922,4,20,neutral_oracle_relative,valence,0.0028188302947888106,121786,28831
20260922,4,20,neutral_oracle_relative,arousal,0.2869456343105972,121786,28831
20260922,4,20,neutral_oracle_relative,dominance,0.22570606690506623,121786,28831
20260922,4,20,neutral_oracle_hybrid,valence,0.003425873765951446,121786,28831
20260922,4,20,neutral_oracle_hybrid,arousal,0.48503649676169275,121786,28831
20260922,4,20,neutral_oracle_hybrid,dominance,0.37956996868763765,121786,28831
20260922,4,20,marginal_oracle_relative,valence,0.008153526730728401,121786,28831
20260922,4,20,marginal_oracle_relative,arousal,0.20316605997219345,121786,28831
20260922,4,20,marginal_oracle_relative,dominance,0.1623725062532817,121786,28831
20260922,4,20,marginal_oracle_hybrid,valence,0.016501581272014405,121786,28831
20260922,4,20,marginal_oracle_hybrid,arousal,0.4661736609919959,121786,28831
20260922,4,20,marginal_oracle_hybrid,dominance,0.36391065581446724,121786,28831
20260922,0,50,absolute,valence,0.0004794035697666718,99732,24455
20260922,0,50,absolute,arousal,0.5123668772650521,99732,24455
20260922,0,50,absolute,dominance,0.37735330558227653,99732,24455
20260922,0,50,kshot_relative,valence,0.009309381957167453,99732,24455
20260922,0,50,kshot_relative,arousal,0.1706850565215393,99732,24455
20260922,0,50,kshot_relative,dominance,0.1296106264195825,99732,24455
20260922,0,50,kshot_hybrid,valence,0.013429426858677861,99732,24455
20260922,0,50,kshot_hybrid,arousal,0.5231497964928115,99732,24455
20260922,0,50,kshot_hybrid,dominance,0.3761338153113249,99732,24455
20260922,0,50,neutral_oracle_relative,valence,0.0029460389150509497,99732,24455
20260922,0,50,neutral_oracle_relative,arousal,0.2801213855345076,99732,24455
20260922,0,50,neutral_oracle_relative,dominance,0.2075318694193307,99732,24455
20260922,0,50,neutral_oracle_hybrid,valence,0.004264034139943777,99732,24455
20260922,0,50,neutral_oracle_hybrid,arousal,0.5207419662779038,99732,24455
20260922,0,50,neutral_oracle_hybrid,dominance,0.3755048109745445,99732,24455
20260922,0,50,marginal_oracle_relative,valence,0.010045477085122174,99732,24455
20260922,0,50,marginal_oracle_relative,arousal,0.18037516277540888,99732,24455
20260922,0,50,marginal_oracle_relative,dominance,0.13818314585450675,99732,24455
20260922,0,50,marginal_oracle_hybrid,valence,0.0144791001901598,99732,24455
20260922,0,50,marginal_oracle_hybrid,arousal,0.5218802130168407,99732,24455
20260922,0,50,marginal_oracle_hybrid,dominance,0.3754993292216578,99732,24455
20260922,1,50,absolute,valence,-0.0004594686755858674,96767,27420
20260922,1,50,absolute,arousal,0.4393224192682487,96767,27420
20260922,1,50,absolute,dominance,0.3491004719322496,96767,27420
20260922,1,50,kshot_relative,valence,0.013113747625304498,96767,27420
20260922,1,50,kshot_relative,arousal,0.16108594350966562,96767,27420
20260922,1,50,kshot_relative,dominance,0.12709722143014454,96767,27420
20260922,1,50,kshot_hybrid,valence,0.01620231444197901,96767,27420
20260922,1,50,kshot_hybrid,arousal,0.4641155791970003,96767,27420
20260922,1,50,kshot_hybrid,dominance,0.35881165546750676,96767,27420
20260922,1,50,neutral_oracle_relative,valence,0.004558096955181899,96767,27420
20260922,1,50,neutral_oracle_relative,arousal,0.24211472805581877,96767,27420
20260922,1,50,neutral_oracle_relative,dominance,0.18908742026545708,96767,27420
20260922,1,50,neutral_oracle_hybrid,valence,0.007957090380367458,96767,27420
20260922,1,50,neutral_oracle_hybrid,arousal,0.4652333722500088,96767,27420
20260922,1,50,neutral_oracle_hybrid,dominance,0.36011319419318905,96767,27420
20260922,1,50,marginal_oracle_relative,valence,0.013113370546102803,96767,27420
20260922,1,50,marginal_oracle_relative,arousal,0.16454958408754633,96767,27420
20260922,1,50,marginal_oracle_relative,dominance,0.12848177629425195,96767,27420
20260922,1,50,marginal_oracle_hybrid,valence,0.017110855699247224,96767,27420
20260922,1,50,marginal_oracle_hybrid,arousal,0.4686944864460976,96767,27420
20260922,1,50,marginal_oracle_hybrid,dominance,0.3608521473358979,96767,27420
20260922,2,50,absolute,valence,-0.002765275608025496,103871,20316
20260922,2,50,absolute,arousal,0.538956480694977,103871,20316
20260922,2,50,absolute,dominance,0.4495643140309454,103871,20316
20260922,2,50,kshot_relative,valence,0.006601167131028557,103871,20316
20260922,2,50,kshot_relative,arousal,0.1850180822308063,103871,20316
20260922,2,50,kshot_relative,dominance,0.1481646359021723,103871,20316
20260922,2,50,kshot_hybrid,valence,0.01378883255156258,103871,20316
20260922,2,50,kshot_hybrid,arousal,0.5526629212757684,103871,20316
20260922,2,50,kshot_hybrid,dominance,0.45437841494785436,103871,20316
20260922,2,50,neutral_oracle_relative,valence,0.0023512464565255214,103871,20316
20260922,2,50,neutral_oracle_relative,arousal,0.2925720830719247,103871,20316
20260922,2,50,neutral_oracle_relative,dominance,0.2275544128338617,103871,20316
20260922,2,50,neutral_oracle_hybrid,valence,0.0065576351791658185,103871,20316
20260922,2,50,neutral_oracle_hybrid,arousal,0.565146493271148,103871,20316
20260922,2,50,neutral_oracle_hybrid,dominance,0.4602891356068941,103871,20316
20260922,2,50,marginal_oracle_relative,valence,0.007205072274223144,103871,20316
20260922,2,50,marginal_oracle_relative,arousal,0.19104713716090793,103871,20316
20260922,2,50,marginal_oracle_relative,dominance,0.15205683160740951,103871,20316
20260922,2,50,marginal_oracle_hybrid,valence,0.015721318671535214,103871,20316
20260922,2,50,marginal_oracle_hybrid,arousal,0.5562924157463788,103871,20316
20260922,2,50,marginal_oracle_hybrid,dominance,0.4557093338076136,103871,20316
20260922,3,50,absolute,valence,0.0008435474707782123,95742,28445
20260922,3,50,absolute,arousal,0.478678449210225,95742,28445
20260922,3,50,absolute,dominance,0.3737508939374611,95742,28445
20260922,3,50,kshot_relative,valence,0.008381263822578004,95742,28445
20260922,3,50,kshot_relative,arousal,0.19399457716652926,95742,28445
20260922,3,50,kshot_relative,dominance,0.15138539820979297,95742,28445
20260922,3,50,kshot_hybrid,valence,0.014846637159674337,95742,28445
20260922,3,50,kshot_hybrid,arousal,0.49443911141239394,95742,28445
20260922,3,50,kshot_hybrid,dominance,0.37756509073242284,95742,28445
20260922,3,50,neutral_oracle_relative,valence,0.004798804877159502,95742,28445
20260922,3,50,neutral_oracle_relative,arousal,0.2932472510924778,95742,28445
20260922,3,50,neutral_oracle_relative,dominance,0.2225608525453419,95742,28445
20260922,3,50,neutral_oracle_hybrid,valence,0.00864737612145172,95742,28445
20260922,3,50,neutral_oracle_hybrid,arousal,0.49905850005429886,95742,28445
20260922,3,50,neutral_oracle_hybrid,dominance,0.3850012031526775,95742,28445
20260922,3,50,marginal_oracle_relative,valence,0.00915918410374766,95742,28445
20260922,3,50,marginal_oracle_relative,arousal,0.20415271230780135,95742,28445
20260922,3,50,marginal_oracle_relative,dominance,0.15766402315018366,95742,28445
20260922,3,50,marginal_oracle_hybrid,valence,0.016574864376347264,95742,28445
20260922,3,50,marginal_oracle_hybrid,arousal,0.49502636582443144,95742,28445
20260922,3,50,marginal_oracle_hybrid,dominance,0.37847724266117955,95742,28445
20260922,4,50,absolute,valence,0.00025363049389151446,100636,23551
20260922,4,50,absolute,arousal,0.43356807993472435,100636,23551
20260922,4,50,absolute,dominance,0.3537307653562665,100636,23551
20260922,4,50,kshot_relative,valence,0.007748652348788092,100636,23551
20260922,4,50,kshot_relative,arousal,0.18571363503947821,100636,23551
20260922,4,50,kshot_relative,dominance,0.15271014144530182,100636,23551
20260922,4,50,kshot_hybrid,valence,0.012715782327897144,100636,23551
20260922,4,50,kshot_hybrid,arousal,0.45156557496464333,100636,23551
20260922,4,50,kshot_hybrid,dominance,0.36155760294386785,100636,23551
20260922,4,50,neutral_oracle_relative,valence,0.00018307310762956651,100636,23551
20260922,4,50,neutral_oracle_relative,arousal,0.269950861978461,100636,23551
20260922,4,50,neutral_oracle_relative,dominance,0.2167265900404812,100636,23551
20260922,4,50,neutral_oracle_hybrid,valence,-0.0002806687570928554,100636,23551
20260922,4,50,neutral_oracle_hybrid,arousal,0.4715083180285937,100636,23551
20260922,4,50,neutral_oracle_hybrid,dominance,0.37498126870276866,100636,23551
20260922,4,50,marginal_oracle_relative,valence,0.007515736369719505,100636,23551
20260922,4,50,marginal_oracle_relative,arousal,0.19157352606367611,100636,23551
20260922,4,50,marginal_oracle_relative,dominance,0.15704787909765525,100636,23551
20260922,4,50,marginal_oracle_hybrid,valence,0.012628031647473994,100636,23551
20260922,4,50,marginal_oracle_hybrid,arousal,0.4564771355199861,100636,23551
20260922,4,50,marginal_oracle_hybrid,dominance,0.36392982617897796,100636,23551
