dataset,seed,fold,layer,target,r2,mae,n_rows
esd_english,20260920,0,0,absolute_pitch_semitone,0.940921187400818,0.9703368544578552,17456
esd_english,20260920,0,0,relative_pitch_semitone,0.8262973427772522,1.2570589780807495,17456
esd_english,20260920,0,0,implied_speaker_baseline_semitone,0.9543718695640564,0.775243878364563,17456
esd_english,20260920,0,1,absolute_pitch_semitone,0.9530121088027954,0.8604754209518433,17456
esd_english,20260920,0,1,relative_pitch_semitone,0.8664934635162354,1.0919604301452637,17456
esd_english,20260920,0,1,implied_speaker_baseline_semitone,0.9733330011367798,0.5851759910583496,17456
esd_english,20260920,0,2,absolute_pitch_semitone,0.9559587240219116,0.8278807997703552,17456
esd_english,20260920,0,2,relative_pitch_semitone,0.8844842910766602,1.0101748704910278,17456
esd_english,20260920,0,2,implied_speaker_baseline_semitone,0.978477656841278,0.5245491862297058,17456
esd_english,20260920,0,3,absolute_pitch_semitone,0.9585467576980592,0.7943834662437439,17456
esd_english,20260920,0,3,relative_pitch_semitone,0.8958757519721985,0.944981813430786,17456
esd_english,20260920,0,3,implied_speaker_baseline_semitone,0.981361985206604,0.4912610948085785,17456
esd_english,20260920,0,4,absolute_pitch_semitone,0.9578138589859008,0.8103606104850769,17456
esd_english,20260920,0,4,relative_pitch_semitone,0.8939204216003418,0.9628238081932068,17456
esd_english,20260920,0,4,implied_speaker_baseline_semitone,0.9825873970985411,0.4790554046630859,17456
esd_english,20260920,0,5,absolute_pitch_semitone,0.9562019109725952,0.8317509293556213,17456
esd_english,20260920,0,5,relative_pitch_semitone,0.8916786909103394,0.97313129901886,17456
esd_english,20260920,0,5,implied_speaker_baseline_semitone,0.9827495813369752,0.4726588129997253,17456
esd_english,20260920,0,6,absolute_pitch_semitone,0.9555274844169616,0.8401443362236023,17456
esd_english,20260920,0,6,relative_pitch_semitone,0.8923735618591309,0.964049994945526,17456
esd_english,20260920,0,6,implied_speaker_baseline_semitone,0.9829502701759338,0.4713567197322845,17456
esd_english,20260920,0,7,absolute_pitch_semitone,0.9533449411392212,0.8629130721092224,17456
esd_english,20260920,0,7,relative_pitch_semitone,0.8873225450515747,0.9917584657669068,17456
esd_english,20260920,0,7,implied_speaker_baseline_semitone,0.982030749320984,0.4840752184391022,17456
esd_english,20260920,0,8,absolute_pitch_semitone,0.952512502670288,0.8760579228401184,17456
esd_english,20260920,0,8,relative_pitch_semitone,0.8851041197776794,1.003722071647644,17456
esd_english,20260920,0,8,implied_speaker_baseline_semitone,0.981672704219818,0.4876400828361511,17456
esd_english,20260920,0,9,absolute_pitch_semitone,0.950187623500824,0.8928231000900269,17456
esd_english,20260920,0,9,relative_pitch_semitone,0.881735622882843,1.0160980224609375,17456
esd_english,20260920,0,9,implied_speaker_baseline_semitone,0.9808874130249025,0.49765545129776,17456
esd_english,20260920,0,10,absolute_pitch_semitone,0.9482822418212892,0.9185299873352052,17456
esd_english,20260920,0,10,relative_pitch_semitone,0.8772705793380737,1.0417468547821045,17456
esd_english,20260920,0,10,implied_speaker_baseline_semitone,0.9796721339225768,0.5121541023254395,17456
esd_english,20260920,0,11,absolute_pitch_semitone,0.9450680017471312,0.9565139412879944,17456
esd_english,20260920,0,11,relative_pitch_semitone,0.86983722448349,1.0636199712753296,17456
esd_english,20260920,0,11,implied_speaker_baseline_semitone,0.9780308604240416,0.5349646210670471,17456
esd_english,20260920,0,12,absolute_pitch_semitone,0.9421980977058412,0.9862024784088136,17456
esd_english,20260920,0,12,relative_pitch_semitone,0.8646970391273499,1.0894792079925537,17456
esd_english,20260920,0,12,implied_speaker_baseline_semitone,0.9762073159217834,0.5584359765052795,17456
esd_english,20260920,0,13,absolute_pitch_semitone,0.9389559030532836,1.0116161108016968,17456
esd_english,20260920,0,13,relative_pitch_semitone,0.8590583205223083,1.1146248579025269,17456
esd_english,20260920,0,13,implied_speaker_baseline_semitone,0.9729186296463012,0.5932225584983826,17456
esd_english,20260920,0,14,absolute_pitch_semitone,0.9359861612319946,1.041871428489685,17456
esd_english,20260920,0,14,relative_pitch_semitone,0.8505085706710815,1.154766082763672,17456
esd_english,20260920,0,14,implied_speaker_baseline_semitone,0.9711551070213318,0.610669732093811,17456
esd_english,20260920,0,15,absolute_pitch_semitone,0.9313210248947144,1.0832850933074951,17456
esd_english,20260920,0,15,relative_pitch_semitone,0.8407129645347595,1.1958982944488523,17456
esd_english,20260920,0,15,implied_speaker_baseline_semitone,0.967329442501068,0.6489079594612122,17456
esd_english,20260920,0,16,absolute_pitch_semitone,0.9289856553077698,1.107946276664734,17456
esd_english,20260920,0,16,relative_pitch_semitone,0.8330541253089905,1.238322138786316,17456
esd_english,20260920,0,16,implied_speaker_baseline_semitone,0.964984893798828,0.6741406917572021,17456
esd_english,20260920,0,17,absolute_pitch_semitone,0.9258540868759156,1.1351381540298462,17456
esd_english,20260920,0,17,relative_pitch_semitone,0.8263870477676392,1.2580994367599487,17456
esd_english,20260920,0,17,implied_speaker_baseline_semitone,0.9644302725791932,0.6831320524215698,17456
esd_english,20260920,0,18,absolute_pitch_semitone,0.9232813119888306,1.1532902717590332,17456
esd_english,20260920,0,18,relative_pitch_semitone,0.82023686170578,1.2776589393615725,17456
esd_english,20260920,0,18,implied_speaker_baseline_semitone,0.9620715975761414,0.7037389278411865,17456
esd_english,20260920,0,19,absolute_pitch_semitone,0.921072006225586,1.1693363189697266,17456
esd_english,20260920,0,19,relative_pitch_semitone,0.8188644647598267,1.276271104812622,17456
esd_english,20260920,0,19,implied_speaker_baseline_semitone,0.9592594504356384,0.7295538187026978,17456
esd_english,20260920,0,20,absolute_pitch_semitone,0.9192209243774414,1.173835277557373,17456
esd_english,20260920,0,20,relative_pitch_semitone,0.8168080449104309,1.2828878164291382,17456
esd_english,20260920,0,20,implied_speaker_baseline_semitone,0.9605297446250916,0.7126959562301636,17456
esd_english,20260920,0,21,absolute_pitch_semitone,0.9204918146133424,1.169663667678833,17456
esd_english,20260920,0,21,relative_pitch_semitone,0.8151748180389404,1.2903032302856443,17456
esd_english,20260920,0,21,implied_speaker_baseline_semitone,0.9613082408905028,0.7098339796066284,17456
esd_english,20260920,0,22,absolute_pitch_semitone,0.9196119904518129,1.1825401782989502,17456
esd_english,20260920,0,22,relative_pitch_semitone,0.8174129724502563,1.28722882270813,17456
esd_english,20260920,0,22,implied_speaker_baseline_semitone,0.96160489320755,0.7087539434432983,17456
esd_english,20260920,0,23,absolute_pitch_semitone,0.9180383682250975,1.1958155632019043,17456
esd_english,20260920,0,23,relative_pitch_semitone,0.8077336549758911,1.3261233568191528,17456
esd_english,20260920,0,23,implied_speaker_baseline_semitone,0.958197295665741,0.7426697611808777,17456
esd_english,20260920,0,24,absolute_pitch_semitone,0.913643717765808,1.232240080833435,17456
esd_english,20260920,0,24,relative_pitch_semitone,0.7979124188423157,1.3547214269638062,17456
esd_english,20260920,0,24,implied_speaker_baseline_semitone,0.9603716135025024,0.7229750156402588,17456
esd_english,20260920,1,0,absolute_pitch_semitone,0.9403601288795472,0.9690626263618468,17456
esd_english,20260920,1,0,relative_pitch_semitone,0.8200461268424988,1.2629282474517822,17456
esd_english,20260920,1,0,implied_speaker_baseline_semitone,0.9521182775497437,0.7846018671989441,17456
esd_english,20260920,1,1,absolute_pitch_semitone,0.951455533504486,0.8644667267799377,17456
esd_english,20260920,1,1,relative_pitch_semitone,0.859519362449646,1.1098002195358276,17456
esd_english,20260920,1,1,implied_speaker_baseline_semitone,0.972304105758667,0.5973477959632874,17456
esd_english,20260920,1,2,absolute_pitch_semitone,0.9554802179336548,0.8224782347679138,17456
esd_english,20260920,1,2,relative_pitch_semitone,0.880168616771698,1.02030348777771,17456
esd_english,20260920,1,2,implied_speaker_baseline_semitone,0.9772765636444092,0.5406836867332458,17456
esd_english,20260920,1,3,absolute_pitch_semitone,0.956761121749878,0.7982160449028015,17456
esd_english,20260920,1,3,relative_pitch_semitone,0.8892157077789307,0.9619051218032836,17456
esd_english,20260920,1,3,implied_speaker_baseline_semitone,0.980551540851593,0.4985091388225555,17456
esd_english,20260920,1,4,absolute_pitch_semitone,0.9556851983070374,0.8163925409317017,17456
esd_english,20260920,1,4,relative_pitch_semitone,0.8879437446594238,0.9794801473617554,17456
esd_english,20260920,1,4,implied_speaker_baseline_semitone,0.9814244508743286,0.4916509985923767,17456
esd_english,20260920,1,5,absolute_pitch_semitone,0.95512717962265,0.8256380558013916,17456
esd_english,20260920,1,5,relative_pitch_semitone,0.8876922130584717,0.973932921886444,17456
esd_english,20260920,1,5,implied_speaker_baseline_semitone,0.9818333387374878,0.4839906394481659,17456
esd_english,20260920,1,6,absolute_pitch_semitone,0.9545994400978088,0.8245805501937866,17456
esd_english,20260920,1,6,relative_pitch_semitone,0.8884067535400391,0.9594964385032654,17456
esd_english,20260920,1,6,implied_speaker_baseline_semitone,0.9824715852737428,0.4743067622184753,17456
esd_english,20260920,1,7,absolute_pitch_semitone,0.952895998954773,0.8472819924354553,17456
esd_english,20260920,1,7,relative_pitch_semitone,0.8861730694770813,0.9730621576309204,17456
esd_english,20260920,1,7,implied_speaker_baseline_semitone,0.9815852046012878,0.4868210852146148,17456
esd_english,20260920,1,8,absolute_pitch_semitone,0.951213836669922,0.862379789352417,17456
esd_english,20260920,1,8,relative_pitch_semitone,0.8861774206161499,0.9719104766845704,17456
esd_english,20260920,1,8,implied_speaker_baseline_semitone,0.9815877079963684,0.4893853664398193,17456
esd_english,20260920,1,9,absolute_pitch_semitone,0.9498082995414734,0.8805572390556335,17456
esd_english,20260920,1,9,relative_pitch_semitone,0.8836310505867004,0.9984959959983826,17456
esd_english,20260920,1,9,implied_speaker_baseline_semitone,0.980850875377655,0.4998950362205505,17456
esd_english,20260920,1,10,absolute_pitch_semitone,0.9475749731063844,0.9086058139801024,17456
esd_english,20260920,1,10,relative_pitch_semitone,0.8803414702415466,1.009799242019653,17456
esd_english,20260920,1,10,implied_speaker_baseline_semitone,0.979150652885437,0.5201263427734375,17456
esd_english,20260920,1,11,absolute_pitch_semitone,0.9451667070388794,0.9366275668144226,17456
esd_english,20260920,1,11,relative_pitch_semitone,0.8733870983123779,1.04306960105896,17456
esd_english,20260920,1,11,implied_speaker_baseline_semitone,0.9775663018226624,0.5443080067634583,17456
esd_english,20260920,1,12,absolute_pitch_semitone,0.941810131072998,0.9670515656471252,17456
esd_english,20260920,1,12,relative_pitch_semitone,0.8668800592422485,1.069206714630127,17456
esd_english,20260920,1,12,implied_speaker_baseline_semitone,0.9758957028388976,0.5635033845901489,17456
esd_english,20260920,1,13,absolute_pitch_semitone,0.9389355182647704,1.000364065170288,17456
esd_english,20260920,1,13,relative_pitch_semitone,0.8597906827926636,1.1026508808135986,17456
esd_english,20260920,1,13,implied_speaker_baseline_semitone,0.9730761647224426,0.5980718731880188,17456
esd_english,20260920,1,14,absolute_pitch_semitone,0.9349396228790284,1.0337307453155518,17456
esd_english,20260920,1,14,relative_pitch_semitone,0.8500681519508362,1.1413735151290894,17456
esd_english,20260920,1,14,implied_speaker_baseline_semitone,0.9703639149665833,0.6261905431747437,17456
esd_english,20260920,1,15,absolute_pitch_semitone,0.931498885154724,1.0691649913787842,17456
esd_english,20260920,1,15,relative_pitch_semitone,0.841156005859375,1.1810102462768557,17456
esd_english,20260920,1,15,implied_speaker_baseline_semitone,0.9678720831871032,0.64894038438797,17456
esd_english,20260920,1,16,absolute_pitch_semitone,0.9293189644813538,1.0890989303588867,17456
esd_english,20260920,1,16,relative_pitch_semitone,0.8331565856933594,1.2164589166641235,17456
esd_english,20260920,1,16,implied_speaker_baseline_semitone,0.964977502822876,0.6765019297599792,17456
esd_english,20260920,1,17,absolute_pitch_semitone,0.9280261993408204,1.092646837234497,17456
esd_english,20260920,1,17,relative_pitch_semitone,0.8305041790008545,1.221287965774536,17456
esd_english,20260920,1,17,implied_speaker_baseline_semitone,0.9632573127746582,0.6953136324882507,17456
esd_english,20260920,1,18,absolute_pitch_semitone,0.9246736168861388,1.1221048831939695,17456
esd_english,20260920,1,18,relative_pitch_semitone,0.8254587650299072,1.2458933591842651,17456
esd_english,20260920,1,18,implied_speaker_baseline_semitone,0.9610339403152466,0.7143407464027405,17456
esd_english,20260920,1,19,absolute_pitch_semitone,0.9225638508796692,1.1454936265945437,17456
esd_english,20260920,1,19,relative_pitch_semitone,0.8187504410743713,1.269773006439209,17456
esd_english,20260920,1,19,implied_speaker_baseline_semitone,0.958812177181244,0.7312268614768982,17456
esd_english,20260920,1,20,absolute_pitch_semitone,0.9224266409873962,1.1531412601470947,17456
esd_english,20260920,1,20,relative_pitch_semitone,0.8138233423233032,1.288278579711914,17456
esd_english,20260920,1,20,implied_speaker_baseline_semitone,0.9591561555862428,0.7320945262908936,17456
esd_english,20260920,1,21,absolute_pitch_semitone,0.9207754135131836,1.156590700149536,17456
esd_english,20260920,1,21,relative_pitch_semitone,0.8093848824501038,1.302445411682129,17456
esd_english,20260920,1,21,implied_speaker_baseline_semitone,0.9608138799667358,0.7185620665550232,17456
esd_english,20260920,1,22,absolute_pitch_semitone,0.9194651246070862,1.169589281082153,17456
esd_english,20260920,1,22,relative_pitch_semitone,0.8137922286987305,1.2904279232025146,17456
esd_english,20260920,1,22,implied_speaker_baseline_semitone,0.9625220894813538,0.7058092355728149,17456
esd_english,20260920,1,23,absolute_pitch_semitone,0.9160772562026978,1.2063336372375488,17456
esd_english,20260920,1,23,relative_pitch_semitone,0.8056383728981018,1.3251636028289795,17456
esd_english,20260920,1,23,implied_speaker_baseline_semitone,0.9583632349967957,0.7430213093757629,17456
esd_english,20260920,1,24,absolute_pitch_semitone,0.9126822352409364,1.22897207736969,17456
esd_english,20260920,1,24,relative_pitch_semitone,0.7967957854270935,1.350074291229248,17456
esd_english,20260920,1,24,implied_speaker_baseline_semitone,0.9596301913261414,0.7324609160423279,17456
esd_english,20260920,2,0,absolute_pitch_semitone,0.9447231292724608,0.9481845498085022,17456
esd_english,20260920,2,0,relative_pitch_semitone,0.8291191458702087,1.2529850006103516,17456
esd_english,20260920,2,0,implied_speaker_baseline_semitone,0.9535358548164368,0.7836401462554932,17456
esd_english,20260920,2,1,absolute_pitch_semitone,0.9540417194366456,0.8512166738510132,17456
esd_english,20260920,2,1,relative_pitch_semitone,0.8665870428085327,1.0961949825286863,17456
esd_english,20260920,2,1,implied_speaker_baseline_semitone,0.9719793796539308,0.600488543510437,17456
esd_english,20260920,2,2,absolute_pitch_semitone,0.9565050601959229,0.8139485716819763,17456
esd_english,20260920,2,2,relative_pitch_semitone,0.8870775103569031,0.9885990023612976,17456
esd_english,20260920,2,2,implied_speaker_baseline_semitone,0.9786863327026368,0.5169262886047363,17456
esd_english,20260920,2,3,absolute_pitch_semitone,0.958916187286377,0.7939570546150208,17456
esd_english,20260920,2,3,relative_pitch_semitone,0.8974090814590454,0.943607211112976,17456
esd_english,20260920,2,3,implied_speaker_baseline_semitone,0.9814404249191284,0.4875229895114898,17456
esd_english,20260920,2,4,absolute_pitch_semitone,0.958244264125824,0.8046567440032959,17456
esd_english,20260920,2,4,relative_pitch_semitone,0.8948257565498352,0.958126664161682,17456
esd_english,20260920,2,4,implied_speaker_baseline_semitone,0.982573926448822,0.4705146253108978,17456
esd_english,20260920,2,5,absolute_pitch_semitone,0.9575138688087464,0.8117876648902893,17456
esd_english,20260920,2,5,relative_pitch_semitone,0.8918370604515076,0.9719697833061218,17456
esd_english,20260920,2,5,implied_speaker_baseline_semitone,0.9823061227798462,0.4763456583023071,17456
esd_english,20260920,2,6,absolute_pitch_semitone,0.9563151597976683,0.8245075345039368,17456
esd_english,20260920,2,6,relative_pitch_semitone,0.8928229212760925,0.9633051753044128,17456
esd_english,20260920,2,6,implied_speaker_baseline_semitone,0.9826507568359376,0.4718878865242004,17456
esd_english,20260920,2,7,absolute_pitch_semitone,0.9543635249137878,0.8431940078735352,17456
esd_english,20260920,2,7,relative_pitch_semitone,0.8901717662811279,0.9715424180030824,17456
esd_english,20260920,2,7,implied_speaker_baseline_semitone,0.9819185733795166,0.4798104763031006,17456
esd_english,20260920,2,8,absolute_pitch_semitone,0.9533805847167968,0.8554850220680237,17456
esd_english,20260920,2,8,relative_pitch_semitone,0.8873319625854492,0.9869155287742616,17456
esd_english,20260920,2,8,implied_speaker_baseline_semitone,0.9817798137664796,0.4818152785301208,17456
esd_english,20260920,2,9,absolute_pitch_semitone,0.9511734247207642,0.8808870315551758,17456
esd_english,20260920,2,9,relative_pitch_semitone,0.8849713206291199,0.9911332726478576,17456
esd_english,20260920,2,9,implied_speaker_baseline_semitone,0.98096364736557,0.4972231090068817,17456
esd_english,20260920,2,10,absolute_pitch_semitone,0.9485463500022888,0.9058165550231934,17456
esd_english,20260920,2,10,relative_pitch_semitone,0.8791617751121521,1.019036054611206,17456
esd_english,20260920,2,10,implied_speaker_baseline_semitone,0.9789068698883056,0.5235327482223511,17456
esd_english,20260920,2,11,absolute_pitch_semitone,0.9456458687782288,0.9357491135597228,17456
esd_english,20260920,2,11,relative_pitch_semitone,0.8734487891197205,1.0533605813980105,17456
esd_english,20260920,2,11,implied_speaker_baseline_semitone,0.9776081442832948,0.5398430824279785,17456
esd_english,20260920,2,12,absolute_pitch_semitone,0.943827748298645,0.956090211868286,17456
esd_english,20260920,2,12,relative_pitch_semitone,0.8699318170547485,1.0685957670211792,17456
esd_english,20260920,2,12,implied_speaker_baseline_semitone,0.975813329219818,0.559898316860199,17456
esd_english,20260920,2,13,absolute_pitch_semitone,0.941509246826172,0.9760856628417968,17456
esd_english,20260920,2,13,relative_pitch_semitone,0.8634099960327148,1.0895638465881348,17456
esd_english,20260920,2,13,implied_speaker_baseline_semitone,0.9731857776641846,0.5941892862319946,17456
esd_english,20260920,2,14,absolute_pitch_semitone,0.936433494091034,1.0237843990325928,17456
esd_english,20260920,2,14,relative_pitch_semitone,0.8531672358512878,1.1388976573944092,17456
esd_english,20260920,2,14,implied_speaker_baseline_semitone,0.97096049785614,0.6136741042137146,17456
esd_english,20260920,2,15,absolute_pitch_semitone,0.9317368865013124,1.062918186187744,17456
esd_english,20260920,2,15,relative_pitch_semitone,0.8441476821899414,1.1732197999954224,17456
esd_english,20260920,2,15,implied_speaker_baseline_semitone,0.9676042795181274,0.6477110385894775,17456
esd_english,20260920,2,16,absolute_pitch_semitone,0.9282806515693665,1.095985770225525,17456
esd_english,20260920,2,16,relative_pitch_semitone,0.8357409238815308,1.2096303701400757,17456
esd_english,20260920,2,16,implied_speaker_baseline_semitone,0.9654355645179749,0.6735504865646362,17456
esd_english,20260920,2,17,absolute_pitch_semitone,0.9262928366661072,1.1162023544311523,17456
esd_english,20260920,2,17,relative_pitch_semitone,0.8318077325820923,1.2276062965393066,17456
esd_english,20260920,2,17,implied_speaker_baseline_semitone,0.9633878469467164,0.6963077187538147,17456
esd_english,20260920,2,18,absolute_pitch_semitone,0.9227337837219238,1.1361852884292605,17456
esd_english,20260920,2,18,relative_pitch_semitone,0.8245947957038879,1.244281768798828,17456
esd_english,20260920,2,18,implied_speaker_baseline_semitone,0.9613709449768066,0.7148110866546631,17456
esd_english,20260920,2,19,absolute_pitch_semitone,0.9208508133888244,1.1451234817504885,17456
esd_english,20260920,2,19,relative_pitch_semitone,0.8213590383529663,1.2607163190841677,17456
esd_english,20260920,2,19,implied_speaker_baseline_semitone,0.9602230787277222,0.7247297763824463,17456
esd_english,20260920,2,20,absolute_pitch_semitone,0.9199599027633668,1.151081085205078,17456
esd_english,20260920,2,20,relative_pitch_semitone,0.8177630305290222,1.2775793075561523,17456
esd_english,20260920,2,20,implied_speaker_baseline_semitone,0.9613714218139648,0.7092796564102173,17456
esd_english,20260920,2,21,absolute_pitch_semitone,0.9207881093025208,1.1572470664978027,17456
esd_english,20260920,2,21,relative_pitch_semitone,0.8156583309173584,1.292422890663147,17456
esd_english,20260920,2,21,implied_speaker_baseline_semitone,0.9640753865242004,0.6816603541374207,17456
esd_english,20260920,2,22,absolute_pitch_semitone,0.9201727509498596,1.1630384922027588,17456
esd_english,20260920,2,22,relative_pitch_semitone,0.8192316293716431,1.2721755504608154,17456
esd_english,20260920,2,22,implied_speaker_baseline_semitone,0.9640305638313292,0.6852553486824036,17456
esd_english,20260920,2,23,absolute_pitch_semitone,0.9174941182136536,1.1872053146362305,17456
esd_english,20260920,2,23,relative_pitch_semitone,0.812341570854187,1.3062623739242554,17456
esd_english,20260920,2,23,implied_speaker_baseline_semitone,0.9603672623634338,0.7189563512802124,17456
esd_english,20260920,2,24,absolute_pitch_semitone,0.9130195379257202,1.2187418937683103,17456
esd_english,20260920,2,24,relative_pitch_semitone,0.8022841811180115,1.3410392999649048,17456
esd_english,20260920,2,24,implied_speaker_baseline_semitone,0.9606202840805054,0.7240899801254272,17456
esd_english,20260920,3,0,absolute_pitch_semitone,0.9465348124504088,0.9344765543937684,17456
esd_english,20260920,3,0,relative_pitch_semitone,0.8348642587661743,1.2381936311721802,17456
esd_english,20260920,3,0,implied_speaker_baseline_semitone,0.9536554217338562,0.770035445690155,17456
esd_english,20260920,3,1,absolute_pitch_semitone,0.9559842944145204,0.841177761554718,17456
esd_english,20260920,3,1,relative_pitch_semitone,0.8726382255554199,1.081486463546753,17456
esd_english,20260920,3,1,implied_speaker_baseline_semitone,0.9726824760437012,0.5916884541511536,17456
esd_english,20260920,3,2,absolute_pitch_semitone,0.9584974050521852,0.7947235703468323,17456
esd_english,20260920,3,2,relative_pitch_semitone,0.8915833234786987,0.9760844707489014,17456
esd_english,20260920,3,2,implied_speaker_baseline_semitone,0.9782161116600036,0.5281021595001221,17456
esd_english,20260920,3,3,absolute_pitch_semitone,0.9593799710273744,0.7984024882316589,17456
esd_english,20260920,3,3,relative_pitch_semitone,0.8965173959732056,0.9419899582862854,17456
esd_english,20260920,3,3,implied_speaker_baseline_semitone,0.9811416864395142,0.4899835884571075,17456
esd_english,20260920,3,4,absolute_pitch_semitone,0.9582473635673524,0.8173240423202515,17456
esd_english,20260920,3,4,relative_pitch_semitone,0.8946760892868042,0.96573668718338,17456
esd_english,20260920,3,4,implied_speaker_baseline_semitone,0.9821628928184508,0.4787457287311554,17456
esd_english,20260920,3,5,absolute_pitch_semitone,0.9578752517700196,0.8230403661727905,17456
esd_english,20260920,3,5,relative_pitch_semitone,0.89493727684021,0.9577239751815796,17456
esd_english,20260920,3,5,implied_speaker_baseline_semitone,0.98311585187912,0.465886503458023,17456
esd_english,20260920,3,6,absolute_pitch_semitone,0.9569978713989258,0.8246876001358032,17456
esd_english,20260920,3,6,relative_pitch_semitone,0.8951681852340698,0.9512404203414916,17456
esd_english,20260920,3,6,implied_speaker_baseline_semitone,0.9833545088768004,0.4625139534473419,17456
esd_english,20260920,3,7,absolute_pitch_semitone,0.955270767211914,0.8414026498794556,17456
esd_english,20260920,3,7,relative_pitch_semitone,0.8921045660972595,0.9627569913864136,17456
esd_english,20260920,3,7,implied_speaker_baseline_semitone,0.9822110533714294,0.4796789884567261,17456
esd_english,20260920,3,8,absolute_pitch_semitone,0.9533336758613586,0.8611177206039429,17456
esd_english,20260920,3,8,relative_pitch_semitone,0.8898797631263733,0.9731687903404236,17456
esd_english,20260920,3,8,implied_speaker_baseline_semitone,0.9820764660835266,0.4792990684509277,17456
esd_english,20260920,3,9,absolute_pitch_semitone,0.9517326951026917,0.8818655610084534,17456
esd_english,20260920,3,9,relative_pitch_semitone,0.8866302371025085,0.9893774390220642,17456
esd_english,20260920,3,9,implied_speaker_baseline_semitone,0.9805892705917358,0.502688467502594,17456
esd_english,20260920,3,10,absolute_pitch_semitone,0.9489601254463196,0.9068495035171508,17456
esd_english,20260920,3,10,relative_pitch_semitone,0.8799285292625427,1.0213067531585691,17456
esd_english,20260920,3,10,implied_speaker_baseline_semitone,0.9794705510139464,0.51402348279953,17456
esd_english,20260920,3,11,absolute_pitch_semitone,0.946930766105652,0.9256091713905334,17456
esd_english,20260920,3,11,relative_pitch_semitone,0.8751176595687866,1.043696641921997,17456
esd_english,20260920,3,11,implied_speaker_baseline_semitone,0.9783785939216614,0.5301177501678467,17456
esd_english,20260920,3,12,absolute_pitch_semitone,0.9422323703765868,0.9750441312789916,17456
esd_english,20260920,3,12,relative_pitch_semitone,0.8678041696548462,1.0808566808700562,17456
esd_english,20260920,3,12,implied_speaker_baseline_semitone,0.9755510687828064,0.561119794845581,17456
esd_english,20260920,3,13,absolute_pitch_semitone,0.9397122859954834,1.0012571811676023,17456
esd_english,20260920,3,13,relative_pitch_semitone,0.862051248550415,1.1123844385147097,17456
esd_english,20260920,3,13,implied_speaker_baseline_semitone,0.9733303785324096,0.5900484323501587,17456
esd_english,20260920,3,14,absolute_pitch_semitone,0.9361183643341064,1.0396894216537476,17456
esd_english,20260920,3,14,relative_pitch_semitone,0.8546006679534912,1.1488654613494873,17456
esd_english,20260920,3,14,implied_speaker_baseline_semitone,0.9703316688537598,0.6234744787216187,17456
esd_english,20260920,3,15,absolute_pitch_semitone,0.9335102438926696,1.0636112689971924,17456
esd_english,20260920,3,15,relative_pitch_semitone,0.8481651544570923,1.1744016408920288,17456
esd_english,20260920,3,15,implied_speaker_baseline_semitone,0.9668412804603576,0.6562519073486328,17456
esd_english,20260920,3,16,absolute_pitch_semitone,0.9323370456695556,1.0731325149536133,17456
esd_english,20260920,3,16,relative_pitch_semitone,0.8421205282211304,1.2022669315338137,17456
esd_english,20260920,3,16,implied_speaker_baseline_semitone,0.9648430347442628,0.675865888595581,17456
esd_english,20260920,3,17,absolute_pitch_semitone,0.9288186430931092,1.1008687019348145,17456
esd_english,20260920,3,17,relative_pitch_semitone,0.8346849679946899,1.230113506317139,17456
esd_english,20260920,3,17,implied_speaker_baseline_semitone,0.9633035063743592,0.6914406418800354,17456
esd_english,20260920,3,18,absolute_pitch_semitone,0.9254102110862732,1.1366878747940063,17456
esd_english,20260920,3,18,relative_pitch_semitone,0.8300919532775879,1.252544403076172,17456
esd_english,20260920,3,18,implied_speaker_baseline_semitone,0.960250437259674,0.7221440076828003,17456
esd_english,20260920,3,19,absolute_pitch_semitone,0.9229994416236876,1.1557060480117798,17456
esd_english,20260920,3,19,relative_pitch_semitone,0.8231583833694458,1.2753368616104126,17456
esd_english,20260920,3,19,implied_speaker_baseline_semitone,0.9583113193511964,0.7397821545600891,17456
esd_english,20260920,3,20,absolute_pitch_semitone,0.9238892197608948,1.1422390937805176,17456
esd_english,20260920,3,20,relative_pitch_semitone,0.8207389712333679,1.2824126482009888,17456
esd_english,20260920,3,20,implied_speaker_baseline_semitone,0.960220456123352,0.7254148721694946,17456
esd_english,20260920,3,21,absolute_pitch_semitone,0.92533940076828,1.1254737377166748,17456
esd_english,20260920,3,21,relative_pitch_semitone,0.8200273513793945,1.285470485687256,17456
esd_english,20260920,3,21,implied_speaker_baseline_semitone,0.9615023732185364,0.7100490927696228,17456
esd_english,20260920,3,22,absolute_pitch_semitone,0.92426598072052,1.1404290199279783,17456
esd_english,20260920,3,22,relative_pitch_semitone,0.8244502544403076,1.265040636062622,17456
esd_english,20260920,3,22,implied_speaker_baseline_semitone,0.9624113440513612,0.7013121843338013,17456
esd_english,20260920,3,23,absolute_pitch_semitone,0.921513020992279,1.166365623474121,17456
esd_english,20260920,3,23,relative_pitch_semitone,0.8153521418571472,1.2966463565826416,17456
esd_english,20260920,3,23,implied_speaker_baseline_semitone,0.9574116468429564,0.7473159432411194,17456
esd_english,20260920,3,24,absolute_pitch_semitone,0.916977882385254,1.2047348022460938,17456
esd_english,20260920,3,24,relative_pitch_semitone,0.8072784543037415,1.3295527696609497,17456
esd_english,20260920,3,24,implied_speaker_baseline_semitone,0.959622323513031,0.7301753759384155,17456
esd_english,20260921,0,0,absolute_pitch_semitone,0.9454898238182068,0.934860110282898,17456
esd_english,20260921,0,0,relative_pitch_semitone,0.8259971737861633,1.2412298917770386,17456
esd_english,20260921,0,0,implied_speaker_baseline_semitone,0.9532806277275084,0.7746955752372742,17456
esd_english,20260921,0,1,absolute_pitch_semitone,0.9541680216789246,0.8540050387382507,17456
esd_english,20260921,0,1,relative_pitch_semitone,0.8637778759002686,1.0904169082641602,17456
esd_english,20260921,0,1,implied_speaker_baseline_semitone,0.9731691479682922,0.5867496132850647,17456
esd_english,20260921,0,2,absolute_pitch_semitone,0.957831859588623,0.8036672472953796,17456
esd_english,20260921,0,2,relative_pitch_semitone,0.8838611841201782,0.9935223460197448,17456
esd_english,20260921,0,2,implied_speaker_baseline_semitone,0.9783020615577698,0.5283684730529785,17456
esd_english,20260921,0,3,absolute_pitch_semitone,0.9591153264045716,0.7831025719642639,17456
esd_english,20260921,0,3,relative_pitch_semitone,0.8913596272468567,0.9427402019500732,17456
esd_english,20260921,0,3,implied_speaker_baseline_semitone,0.9803756475448608,0.5018866658210754,17456
esd_english,20260921,0,4,absolute_pitch_semitone,0.9574598670005798,0.8040225505828857,17456
esd_english,20260921,0,4,relative_pitch_semitone,0.8883070349693298,0.9722394943237304,17456
esd_english,20260921,0,4,implied_speaker_baseline_semitone,0.981770157814026,0.4854125082492828,17456
esd_english,20260921,0,5,absolute_pitch_semitone,0.9572612643241882,0.8113906979560852,17456
esd_english,20260921,0,5,relative_pitch_semitone,0.887261152267456,0.9663950204849244,17456
esd_english,20260921,0,5,implied_speaker_baseline_semitone,0.982196569442749,0.4791874885559082,17456
esd_english,20260921,0,6,absolute_pitch_semitone,0.9561442732810974,0.8190701603889465,17456
esd_english,20260921,0,6,relative_pitch_semitone,0.8870512247085571,0.9583851099014282,17456
esd_english,20260921,0,6,implied_speaker_baseline_semitone,0.9823335409164428,0.4795512855052948,17456
esd_english,20260921,0,7,absolute_pitch_semitone,0.9548245072364808,0.8387342095375061,17456
esd_english,20260921,0,7,relative_pitch_semitone,0.8870543837547302,0.964464783668518,17456
esd_english,20260921,0,7,implied_speaker_baseline_semitone,0.9819006323814392,0.4873706996440887,17456
esd_english,20260921,0,8,absolute_pitch_semitone,0.9540445804595948,0.8476955890655518,17456
esd_english,20260921,0,8,relative_pitch_semitone,0.8855224251747131,0.9731217622756958,17456
esd_english,20260921,0,8,implied_speaker_baseline_semitone,0.9819555282592772,0.482271134853363,17456
esd_english,20260921,0,9,absolute_pitch_semitone,0.9525682330131532,0.8677250742912292,17456
esd_english,20260921,0,9,relative_pitch_semitone,0.8850969076156616,0.9775999784469604,17456
esd_english,20260921,0,9,implied_speaker_baseline_semitone,0.9809957146644592,0.4993114471435547,17456
esd_english,20260921,0,10,absolute_pitch_semitone,0.9497154355049132,0.8947569727897644,17456
esd_english,20260921,0,10,relative_pitch_semitone,0.8792041540145874,0.9988539814949036,17456
esd_english,20260921,0,10,implied_speaker_baseline_semitone,0.9793058037757874,0.5182507634162903,17456
esd_english,20260921,0,11,absolute_pitch_semitone,0.9477601647377014,0.9118506908416748,17456
esd_english,20260921,0,11,relative_pitch_semitone,0.8716273903846741,1.0311845541000366,17456
esd_english,20260921,0,11,implied_speaker_baseline_semitone,0.9776474833488464,0.5423561334609985,17456
esd_english,20260921,0,12,absolute_pitch_semitone,0.943748414516449,0.9544460773468018,17456
esd_english,20260921,0,12,relative_pitch_semitone,0.8652496337890625,1.0595265626907349,17456
esd_english,20260921,0,12,implied_speaker_baseline_semitone,0.9759615659713744,0.5593635439872742,17456
esd_english,20260921,0,13,absolute_pitch_semitone,0.941100537776947,0.9801324605941772,17456
esd_english,20260921,0,13,relative_pitch_semitone,0.8618723154067993,1.072953462600708,17456
esd_english,20260921,0,13,implied_speaker_baseline_semitone,0.9733189344406128,0.5911597013473511,17456
esd_english,20260921,0,14,absolute_pitch_semitone,0.9365946054458618,1.018851637840271,17456
esd_english,20260921,0,14,relative_pitch_semitone,0.8492575883865356,1.123531699180603,17456
esd_english,20260921,0,14,implied_speaker_baseline_semitone,0.9703873991966248,0.6210810542106628,17456
esd_english,20260921,0,15,absolute_pitch_semitone,0.9326322674751282,1.0518923997879028,17456
esd_english,20260921,0,15,relative_pitch_semitone,0.841654360294342,1.1560121774673462,17456
esd_english,20260921,0,15,implied_speaker_baseline_semitone,0.9669782519340516,0.6538822650909424,17456
esd_english,20260921,0,16,absolute_pitch_semitone,0.9304885268211364,1.0636179447174072,17456
esd_english,20260921,0,16,relative_pitch_semitone,0.8328468799591064,1.1874775886535645,17456
esd_english,20260921,0,16,implied_speaker_baseline_semitone,0.9649309515953064,0.6770092844963074,17456
esd_english,20260921,0,17,absolute_pitch_semitone,0.9283192753791808,1.0915652513504028,17456
esd_english,20260921,0,17,relative_pitch_semitone,0.827991247177124,1.2248005867004397,17456
esd_english,20260921,0,17,implied_speaker_baseline_semitone,0.9629835486412048,0.697323739528656,17456
esd_english,20260921,0,18,absolute_pitch_semitone,0.924826979637146,1.1281181573867798,17456
esd_english,20260921,0,18,relative_pitch_semitone,0.820263683795929,1.2503726482391355,17456
esd_english,20260921,0,18,implied_speaker_baseline_semitone,0.9601101875305176,0.7209881544113159,17456
esd_english,20260921,0,19,absolute_pitch_semitone,0.9232667684555054,1.1372593641281128,17456
esd_english,20260921,0,19,relative_pitch_semitone,0.8198622465133667,1.24542236328125,17456
esd_english,20260921,0,19,implied_speaker_baseline_semitone,0.9594776034355164,0.7283028960227966,17456
esd_english,20260921,0,20,absolute_pitch_semitone,0.922969937324524,1.1444590091705322,17456
esd_english,20260921,0,20,relative_pitch_semitone,0.8167927265167236,1.26649010181427,17456
esd_english,20260921,0,20,implied_speaker_baseline_semitone,0.960350215435028,0.7184276580810547,17456
esd_english,20260921,0,21,absolute_pitch_semitone,0.9233741164207458,1.1397567987442017,17456
esd_english,20260921,0,21,relative_pitch_semitone,0.8162133097648621,1.266786813735962,17456
esd_english,20260921,0,21,implied_speaker_baseline_semitone,0.961970865726471,0.7083045244216919,17456
esd_english,20260921,0,22,absolute_pitch_semitone,0.9218327403068542,1.1498308181762695,17456
esd_english,20260921,0,22,relative_pitch_semitone,0.8168126344680786,1.2655960321426392,17456
esd_english,20260921,0,22,implied_speaker_baseline_semitone,0.962232768535614,0.7079280614852905,17456
esd_english,20260921,0,23,absolute_pitch_semitone,0.922255039215088,1.15889573097229,17456
esd_english,20260921,0,23,relative_pitch_semitone,0.8125656843185425,1.2883789539337158,17456
esd_english,20260921,0,23,implied_speaker_baseline_semitone,0.95872962474823,0.7396792769432068,17456
esd_english,20260921,0,24,absolute_pitch_semitone,0.9160841107368468,1.2070887088775637,17456
esd_english,20260921,0,24,relative_pitch_semitone,0.8017992973327637,1.3182625770568848,17456
esd_english,20260921,0,24,implied_speaker_baseline_semitone,0.9601337909698486,0.7255728840827942,17456
esd_english,20260921,1,0,absolute_pitch_semitone,0.9411860704421996,0.9712109565734864,17456
esd_english,20260921,1,0,relative_pitch_semitone,0.8273861408233643,1.259723663330078,17456
esd_english,20260921,1,0,implied_speaker_baseline_semitone,0.9530450701713562,0.7819740772247314,17456
esd_english,20260921,1,1,absolute_pitch_semitone,0.9532720446586608,0.8552178740501404,17456
esd_english,20260921,1,1,relative_pitch_semitone,0.8686835169792175,1.1041319370269775,17456
esd_english,20260921,1,1,implied_speaker_baseline_semitone,0.9721443057060242,0.5968282222747803,17456
esd_english,20260921,1,2,absolute_pitch_semitone,0.955440878868103,0.8206274509429932,17456
esd_english,20260921,1,2,relative_pitch_semitone,0.8849412202835083,1.0148539543151855,17456
esd_english,20260921,1,2,implied_speaker_baseline_semitone,0.978543758392334,0.5237357020378113,17456
esd_english,20260921,1,3,absolute_pitch_semitone,0.957244634628296,0.802389919757843,17456
esd_english,20260921,1,3,relative_pitch_semitone,0.8948342204093933,0.958302676677704,17456
esd_english,20260921,1,3,implied_speaker_baseline_semitone,0.98123699426651,0.4881274700164795,17456
esd_english,20260921,1,4,absolute_pitch_semitone,0.955714464187622,0.8231671452522278,17456
esd_english,20260921,1,4,relative_pitch_semitone,0.8923338651657104,0.9745400547981262,17456
esd_english,20260921,1,4,implied_speaker_baseline_semitone,0.982472836971283,0.4747621119022369,17456
esd_english,20260921,1,5,absolute_pitch_semitone,0.9549705982208252,0.8300465941429138,17456
esd_english,20260921,1,5,relative_pitch_semitone,0.8902722597122192,0.9870625138282776,17456
esd_english,20260921,1,5,implied_speaker_baseline_semitone,0.9826151132583618,0.4737589359283447,17456
esd_english,20260921,1,6,absolute_pitch_semitone,0.9540172815322876,0.8365299105644226,17456
esd_english,20260921,1,6,relative_pitch_semitone,0.8917368650436401,0.9681391716003418,17456
esd_english,20260921,1,6,implied_speaker_baseline_semitone,0.983018696308136,0.4665167033672333,17456
esd_english,20260921,1,7,absolute_pitch_semitone,0.9510220885276794,0.8711721897125244,17456
esd_english,20260921,1,7,relative_pitch_semitone,0.8859890699386597,0.9933928847312928,17456
esd_english,20260921,1,7,implied_speaker_baseline_semitone,0.982032299041748,0.4793380498886108,17456
esd_english,20260921,1,8,absolute_pitch_semitone,0.9505167007446288,0.8817436099052429,17456
esd_english,20260921,1,8,relative_pitch_semitone,0.8853627443313599,0.9966301321983336,17456
esd_english,20260921,1,8,implied_speaker_baseline_semitone,0.9817090630531312,0.4855970442295074,17456
esd_english,20260921,1,9,absolute_pitch_semitone,0.9485654830932616,0.9056234359741212,17456
esd_english,20260921,1,9,relative_pitch_semitone,0.8819835782051086,1.0198379755020142,17456
esd_english,20260921,1,9,implied_speaker_baseline_semitone,0.9811128377914428,0.4947383999824524,17456
esd_english,20260921,1,10,absolute_pitch_semitone,0.9466964602470398,0.9319905638694764,17456
esd_english,20260921,1,10,relative_pitch_semitone,0.8777735233306885,1.046926736831665,17456
esd_english,20260921,1,10,implied_speaker_baseline_semitone,0.9793314337730408,0.5170384049415588,17456
esd_english,20260921,1,11,absolute_pitch_semitone,0.9441351294517516,0.9590364098548888,17456
esd_english,20260921,1,11,relative_pitch_semitone,0.8715031147003174,1.071080446243286,17456
esd_english,20260921,1,11,implied_speaker_baseline_semitone,0.9778485298156738,0.5379761457443237,17456
esd_english,20260921,1,12,absolute_pitch_semitone,0.9405449032783508,0.9939469695091248,17456
esd_english,20260921,1,12,relative_pitch_semitone,0.8669370412826538,1.0924925804138184,17456
esd_english,20260921,1,12,implied_speaker_baseline_semitone,0.975676655769348,0.5628474354743958,17456
esd_english,20260921,1,13,absolute_pitch_semitone,0.9373032450675964,1.0221378803253174,17456
esd_english,20260921,1,13,relative_pitch_semitone,0.858303427696228,1.125514268875122,17456
esd_english,20260921,1,13,implied_speaker_baseline_semitone,0.9732916951179504,0.5893994569778442,17456
esd_english,20260921,1,14,absolute_pitch_semitone,0.9325245022773744,1.064339518547058,17456
esd_english,20260921,1,14,relative_pitch_semitone,0.8484466075897217,1.1687825918197632,17456
esd_english,20260921,1,14,implied_speaker_baseline_semitone,0.9709467887878418,0.6171586513519287,17456
esd_english,20260921,1,15,absolute_pitch_semitone,0.9283639788627625,1.0973443984985352,17456
esd_english,20260921,1,15,relative_pitch_semitone,0.8400432467460632,1.202458381652832,17456
esd_english,20260921,1,15,implied_speaker_baseline_semitone,0.9680954217910768,0.6444270014762878,17456
esd_english,20260921,1,16,absolute_pitch_semitone,0.9269081950187684,1.1173933744430542,17456
esd_english,20260921,1,16,relative_pitch_semitone,0.8354936242103577,1.2303409576416016,17456
esd_english,20260921,1,16,implied_speaker_baseline_semitone,0.965602457523346,0.6697350144386292,17456
esd_english,20260921,1,17,absolute_pitch_semitone,0.9251030087471008,1.1276588439941406,17456
esd_english,20260921,1,17,relative_pitch_semitone,0.832987904548645,1.233875393867493,17456
esd_english,20260921,1,17,implied_speaker_baseline_semitone,0.9638506174087524,0.6906256079673767,17456
esd_english,20260921,1,18,absolute_pitch_semitone,0.9220428466796876,1.1460095643997192,17456
esd_english,20260921,1,18,relative_pitch_semitone,0.8260982632637024,1.2565096616744995,17456
esd_english,20260921,1,18,implied_speaker_baseline_semitone,0.9609435200691224,0.7180559635162354,17456
esd_english,20260921,1,19,absolute_pitch_semitone,0.9191350936889648,1.1767678260803225,17456
esd_english,20260921,1,19,relative_pitch_semitone,0.8220359683036804,1.2745987176895142,17456
esd_english,20260921,1,19,implied_speaker_baseline_semitone,0.9590299725532532,0.7329342365264893,17456
esd_english,20260921,1,20,absolute_pitch_semitone,0.9190673828125,1.1643205881118774,17456
esd_english,20260921,1,20,relative_pitch_semitone,0.8184396028518677,1.2808324098587036,17456
esd_english,20260921,1,20,implied_speaker_baseline_semitone,0.9599354863166808,0.7267276644706726,17456
esd_english,20260921,1,21,absolute_pitch_semitone,0.9201310873031616,1.1620686054229736,17456
esd_english,20260921,1,21,relative_pitch_semitone,0.8162925839424133,1.2893428802490234,17456
esd_english,20260921,1,21,implied_speaker_baseline_semitone,0.9620873928070068,0.7045619487762451,17456
esd_english,20260921,1,22,absolute_pitch_semitone,0.9180300235748292,1.1851093769073486,17456
esd_english,20260921,1,22,relative_pitch_semitone,0.8172847032546997,1.2928234338760376,17456
esd_english,20260921,1,22,implied_speaker_baseline_semitone,0.9623247981071472,0.7022324204444885,17456
esd_english,20260921,1,23,absolute_pitch_semitone,0.9151517152786256,1.2021042108535769,17456
esd_english,20260921,1,23,relative_pitch_semitone,0.8101375102996826,1.313743233680725,17456
esd_english,20260921,1,23,implied_speaker_baseline_semitone,0.9580870270729064,0.7407566905021667,17456
esd_english,20260921,1,24,absolute_pitch_semitone,0.912842333316803,1.225250244140625,17456
esd_english,20260921,1,24,relative_pitch_semitone,0.8012595176696777,1.3472965955734253,17456
esd_english,20260921,1,24,implied_speaker_baseline_semitone,0.9598690271377563,0.7282371520996094,17456
esd_english,20260921,2,0,absolute_pitch_semitone,0.9436155557632446,0.9542993307113647,17456
esd_english,20260921,2,0,relative_pitch_semitone,0.8297661542892456,1.252228021621704,17456
esd_english,20260921,2,0,implied_speaker_baseline_semitone,0.9543595910072328,0.7719560265541077,17456
esd_english,20260921,2,1,absolute_pitch_semitone,0.955237865447998,0.8487476110458374,17456
esd_english,20260921,2,1,relative_pitch_semitone,0.868855893611908,1.0884393453598022,17456
esd_english,20260921,2,1,implied_speaker_baseline_semitone,0.9726698398590088,0.5942768454551697,17456
esd_english,20260921,2,2,absolute_pitch_semitone,0.9579594731330872,0.814243495464325,17456
esd_english,20260921,2,2,relative_pitch_semitone,0.8870490789413452,1.0049679279327393,17456
esd_english,20260921,2,2,implied_speaker_baseline_semitone,0.9780237674713136,0.5288456082344055,17456
esd_english,20260921,2,3,absolute_pitch_semitone,0.959924340248108,0.7997258305549622,17456
esd_english,20260921,2,3,relative_pitch_semitone,0.8970604538917542,0.9563225507736206,17456
esd_english,20260921,2,3,implied_speaker_baseline_semitone,0.981323778629303,0.4878295361995697,17456
esd_english,20260921,2,4,absolute_pitch_semitone,0.9593610167503356,0.8127655982971191,17456
esd_english,20260921,2,4,relative_pitch_semitone,0.895781934261322,0.9720792174339294,17456
esd_english,20260921,2,4,implied_speaker_baseline_semitone,0.981876015663147,0.4834605753421783,17456
esd_english,20260921,2,5,absolute_pitch_semitone,0.957204043865204,0.8307374119758606,17456
esd_english,20260921,2,5,relative_pitch_semitone,0.8937429785728455,0.9686449766159058,17456
esd_english,20260921,2,5,implied_speaker_baseline_semitone,0.9825819730758668,0.4724405407905578,17456
esd_english,20260921,2,6,absolute_pitch_semitone,0.957352101802826,0.828566312789917,17456
esd_english,20260921,2,6,relative_pitch_semitone,0.8956760764122009,0.9571447372436525,17456
esd_english,20260921,2,6,implied_speaker_baseline_semitone,0.9824596047401428,0.4751981496810913,17456
esd_english,20260921,2,7,absolute_pitch_semitone,0.9553784132003784,0.8396672606468201,17456
esd_english,20260921,2,7,relative_pitch_semitone,0.8915582895278931,0.974756360054016,17456
esd_english,20260921,2,7,implied_speaker_baseline_semitone,0.981472373008728,0.4901604354381561,17456
esd_english,20260921,2,8,absolute_pitch_semitone,0.9531360864639282,0.8652587532997131,17456
esd_english,20260921,2,8,relative_pitch_semitone,0.8885332942008972,0.988939881324768,17456
esd_english,20260921,2,8,implied_speaker_baseline_semitone,0.981249213218689,0.4937138557434082,17456
esd_english,20260921,2,9,absolute_pitch_semitone,0.9519434571266174,0.8824480772018433,17456
esd_english,20260921,2,9,relative_pitch_semitone,0.8867568373680115,0.9942044615745544,17456
esd_english,20260921,2,9,implied_speaker_baseline_semitone,0.9807482361793518,0.5029498934745789,17456
esd_english,20260921,2,10,absolute_pitch_semitone,0.9503286480903624,0.8959450721740723,17456
esd_english,20260921,2,10,relative_pitch_semitone,0.8830555081367493,1.0171483755111694,17456
esd_english,20260921,2,10,implied_speaker_baseline_semitone,0.9798300862312316,0.5142480134963989,17456
esd_english,20260921,2,11,absolute_pitch_semitone,0.9472562074661256,0.9269163608551024,17456
esd_english,20260921,2,11,relative_pitch_semitone,0.8772998452186584,1.0378210544586182,17456
esd_english,20260921,2,11,implied_speaker_baseline_semitone,0.9783295392990112,0.5344606041908264,17456
esd_english,20260921,2,12,absolute_pitch_semitone,0.9434167742729188,0.9709900617599488,17456
esd_english,20260921,2,12,relative_pitch_semitone,0.8703829050064087,1.077143907546997,17456
esd_english,20260921,2,12,implied_speaker_baseline_semitone,0.9767218828201294,0.5555554032325745,17456
esd_english,20260921,2,13,absolute_pitch_semitone,0.9398428201675416,1.00905179977417,17456
esd_english,20260921,2,13,relative_pitch_semitone,0.8622853755950928,1.1178306341171265,17456
esd_english,20260921,2,13,implied_speaker_baseline_semitone,0.9728702902793884,0.597420871257782,17456
esd_english,20260921,2,14,absolute_pitch_semitone,0.935550332069397,1.047234296798706,17456
esd_english,20260921,2,14,relative_pitch_semitone,0.8528965711593628,1.1654082536697388,17456
esd_english,20260921,2,14,implied_speaker_baseline_semitone,0.971257507801056,0.6148676872253418,17456
esd_english,20260921,2,15,absolute_pitch_semitone,0.9330098628997804,1.0728148221969604,17456
esd_english,20260921,2,15,relative_pitch_semitone,0.8446744680404663,1.1946017742156982,17456
esd_english,20260921,2,15,implied_speaker_baseline_semitone,0.9682194590568542,0.6490755677223206,17456
esd_english,20260921,2,16,absolute_pitch_semitone,0.9283369779586792,1.1135854721069336,17456
esd_english,20260921,2,16,relative_pitch_semitone,0.8325935006141663,1.248548150062561,17456
esd_english,20260921,2,16,implied_speaker_baseline_semitone,0.96617591381073,0.6694138050079346,17456
esd_english,20260921,2,17,absolute_pitch_semitone,0.9260353446006776,1.1362016201019287,17456
esd_english,20260921,2,17,relative_pitch_semitone,0.8272702097892761,1.265349268913269,17456
esd_english,20260921,2,17,implied_speaker_baseline_semitone,0.9655252695083618,0.6794685125350952,17456
esd_english,20260921,2,18,absolute_pitch_semitone,0.9223604202270508,1.1573187112808228,17456
esd_english,20260921,2,18,relative_pitch_semitone,0.8207299709320068,1.2849355936050415,17456
esd_english,20260921,2,18,implied_speaker_baseline_semitone,0.9624788165092468,0.7080549001693726,17456
esd_english,20260921,2,19,absolute_pitch_semitone,0.9210745096206664,1.1674376726150513,17456
esd_english,20260921,2,19,relative_pitch_semitone,0.8190045356750488,1.2882747650146484,17456
esd_english,20260921,2,19,implied_speaker_baseline_semitone,0.9601047039031982,0.7290409803390503,17456
esd_english,20260921,2,20,absolute_pitch_semitone,0.920823097229004,1.1682121753692627,17456
esd_english,20260921,2,20,relative_pitch_semitone,0.8178002834320068,1.2993239164352417,17456
esd_english,20260921,2,20,implied_speaker_baseline_semitone,0.9618805646896362,0.7107895612716675,17456
esd_english,20260921,2,21,absolute_pitch_semitone,0.9224413633346558,1.1581952571868896,17456
esd_english,20260921,2,21,relative_pitch_semitone,0.8187222480773926,1.2958875894546509,17456
esd_english,20260921,2,21,implied_speaker_baseline_semitone,0.9633182287216188,0.694983959197998,17456
esd_english,20260921,2,22,absolute_pitch_semitone,0.9208911061286926,1.177036166191101,17456
esd_english,20260921,2,22,relative_pitch_semitone,0.8193159699440002,1.287279725074768,17456
esd_english,20260921,2,22,implied_speaker_baseline_semitone,0.9641696214675904,0.6852832436561584,17456
esd_english,20260921,2,23,absolute_pitch_semitone,0.9172757863998412,1.2048008441925049,17456
esd_english,20260921,2,23,relative_pitch_semitone,0.8099228143692017,1.325106143951416,17456
esd_english,20260921,2,23,implied_speaker_baseline_semitone,0.9606424570083618,0.7165259718894958,17456
esd_english,20260921,2,24,absolute_pitch_semitone,0.9152069091796876,1.2258967161178589,17456
esd_english,20260921,2,24,relative_pitch_semitone,0.8053714632987976,1.3435877561569214,17456
esd_english,20260921,2,24,implied_speaker_baseline_semitone,0.9626039862632751,0.7034612894058228,17456
esd_english,20260921,3,0,absolute_pitch_semitone,0.9422441720962524,0.954775094985962,17456
esd_english,20260921,3,0,relative_pitch_semitone,0.8309342265129089,1.2379416227340698,17456
esd_english,20260921,3,0,implied_speaker_baseline_semitone,0.9541816115379332,0.7737278342247009,17456
esd_english,20260921,3,1,absolute_pitch_semitone,0.950800597667694,0.8625183701515198,17456
esd_english,20260921,3,1,relative_pitch_semitone,0.865046501159668,1.085701823234558,17456
esd_english,20260921,3,1,implied_speaker_baseline_semitone,0.9729387164115906,0.5909290909767151,17456
esd_english,20260921,3,2,absolute_pitch_semitone,0.9546704292297364,0.8184509873390198,17456
esd_english,20260921,3,2,relative_pitch_semitone,0.886004626750946,0.9877353310585022,17456
esd_english,20260921,3,2,implied_speaker_baseline_semitone,0.9782543778419496,0.5258820652961731,17456
esd_english,20260921,3,3,absolute_pitch_semitone,0.9563491344451904,0.8029178977012634,17456
esd_english,20260921,3,3,relative_pitch_semitone,0.895512044429779,0.9355055689811708,17456
esd_english,20260921,3,3,implied_speaker_baseline_semitone,0.9813606142997742,0.4904631674289703,17456
esd_english,20260921,3,4,absolute_pitch_semitone,0.9552843570709229,0.8221217393875122,17456
esd_english,20260921,3,4,relative_pitch_semitone,0.8928518891334534,0.9552472829818726,17456
esd_english,20260921,3,4,implied_speaker_baseline_semitone,0.9824721813201904,0.4764508306980133,17456
esd_english,20260921,3,5,absolute_pitch_semitone,0.9544844627380372,0.8349272012710571,17456
esd_english,20260921,3,5,relative_pitch_semitone,0.8906852006912231,0.9645103812217712,17456
esd_english,20260921,3,5,implied_speaker_baseline_semitone,0.9822405576705932,0.4762117862701416,17456
esd_english,20260921,3,6,absolute_pitch_semitone,0.9543029069900512,0.8388869762420654,17456
esd_english,20260921,3,6,relative_pitch_semitone,0.8897504806518555,0.9689093828201294,17456
esd_english,20260921,3,6,implied_speaker_baseline_semitone,0.9825716018676758,0.4732199013233185,17456
esd_english,20260921,3,7,absolute_pitch_semitone,0.9529537558555604,0.8531562685966492,17456
esd_english,20260921,3,7,relative_pitch_semitone,0.8881018161773682,0.9802894592285156,17456
esd_english,20260921,3,7,implied_speaker_baseline_semitone,0.9820117950439452,0.4799812138080597,17456
esd_english,20260921,3,8,absolute_pitch_semitone,0.9513466358184814,0.8707790970802307,17456
esd_english,20260921,3,8,relative_pitch_semitone,0.8849214315414429,0.991801142692566,17456
esd_english,20260921,3,8,implied_speaker_baseline_semitone,0.9816281795501708,0.4854695796966553,17456
esd_english,20260921,3,9,absolute_pitch_semitone,0.9496365189552308,0.8855435848236084,17456
esd_english,20260921,3,9,relative_pitch_semitone,0.8827469348907471,1.0014976263046265,17456
esd_english,20260921,3,9,implied_speaker_baseline_semitone,0.98036789894104,0.5027470588684082,17456
esd_english,20260921,3,10,absolute_pitch_semitone,0.947147011756897,0.9134831428527832,17456
esd_english,20260921,3,10,relative_pitch_semitone,0.8776530027389526,1.0220913887023926,17456
esd_english,20260921,3,10,implied_speaker_baseline_semitone,0.9786474704742432,0.5245702862739563,17456
esd_english,20260921,3,11,absolute_pitch_semitone,0.9448477029800416,0.9455061554908752,17456
esd_english,20260921,3,11,relative_pitch_semitone,0.873224139213562,1.0512895584106443,17456
esd_english,20260921,3,11,implied_speaker_baseline_semitone,0.9778567552566528,0.5335829257965088,17456
esd_english,20260921,3,12,absolute_pitch_semitone,0.9419337511062622,0.9740458130836488,17456
esd_english,20260921,3,12,relative_pitch_semitone,0.8667794466018677,1.0812132358551023,17456
esd_english,20260921,3,12,implied_speaker_baseline_semitone,0.9752739071846008,0.5632339715957642,17456
esd_english,20260921,3,13,absolute_pitch_semitone,0.9401698112487792,0.9991814494132996,17456
esd_english,20260921,3,13,relative_pitch_semitone,0.8631750345230103,1.1027776002883911,17456
esd_english,20260921,3,13,implied_speaker_baseline_semitone,0.9731492400169371,0.5935091376304626,17456
esd_english,20260921,3,14,absolute_pitch_semitone,0.9372023344039916,1.023757815361023,17456
esd_english,20260921,3,14,relative_pitch_semitone,0.8562833070755005,1.1311256885528564,17456
esd_english,20260921,3,14,implied_speaker_baseline_semitone,0.9705018401145936,0.617429256439209,17456
esd_english,20260921,3,15,absolute_pitch_semitone,0.9328269362449646,1.0658605098724363,17456
esd_english,20260921,3,15,relative_pitch_semitone,0.8462345004081726,1.1762093305587769,17456
esd_english,20260921,3,15,implied_speaker_baseline_semitone,0.9668676257133484,0.6511578559875488,17456
esd_english,20260921,3,16,absolute_pitch_semitone,0.9312293529510498,1.0822441577911377,17456
esd_english,20260921,3,16,relative_pitch_semitone,0.8421347141265869,1.197399377822876,17456
esd_english,20260921,3,16,implied_speaker_baseline_semitone,0.9643340706825256,0.6788325309753418,17456
esd_english,20260921,3,17,absolute_pitch_semitone,0.928093433380127,1.1055384874343872,17456
esd_english,20260921,3,17,relative_pitch_semitone,0.8331030607223511,1.2202565670013428,17456
esd_english,20260921,3,17,implied_speaker_baseline_semitone,0.96234130859375,0.701193630695343,17456
esd_english,20260921,3,18,absolute_pitch_semitone,0.9240082502365112,1.140227437019348,17456
esd_english,20260921,3,18,relative_pitch_semitone,0.8282527923583984,1.246217131614685,17456
esd_english,20260921,3,18,implied_speaker_baseline_semitone,0.9603286385536194,0.7182525992393494,17456
esd_english,20260921,3,19,absolute_pitch_semitone,0.9217289686203004,1.1541237831115725,17456
esd_english,20260921,3,19,relative_pitch_semitone,0.819408118724823,1.2800863981246948,17456
esd_english,20260921,3,19,implied_speaker_baseline_semitone,0.9583408832550048,0.7333841919898987,17456
esd_english,20260921,3,20,absolute_pitch_semitone,0.923288881778717,1.134718656539917,17456
esd_english,20260921,3,20,relative_pitch_semitone,0.8161894083023071,1.2829816341400146,17456
esd_english,20260921,3,20,implied_speaker_baseline_semitone,0.9592482447624208,0.7308653593063354,17456
esd_english,20260921,3,21,absolute_pitch_semitone,0.922222137451172,1.1509943008422852,17456
esd_english,20260921,3,21,relative_pitch_semitone,0.8104851841926575,1.311469793319702,17456
esd_english,20260921,3,21,implied_speaker_baseline_semitone,0.961490511894226,0.7092471718788147,17456
esd_english,20260921,3,22,absolute_pitch_semitone,0.922376036643982,1.1512421369552612,17456
esd_english,20260921,3,22,relative_pitch_semitone,0.8206157684326172,1.2673075199127195,17456
esd_english,20260921,3,22,implied_speaker_baseline_semitone,0.9634166955947876,0.691606342792511,17456
esd_english,20260921,3,23,absolute_pitch_semitone,0.9201154708862304,1.1691986322402954,17456
esd_english,20260921,3,23,relative_pitch_semitone,0.8098658323287964,1.317946195602417,17456
esd_english,20260921,3,23,implied_speaker_baseline_semitone,0.9574428796768188,0.7474681735038757,17456
esd_english,20260921,3,24,absolute_pitch_semitone,0.9158921241760254,1.1998108625411987,17456
esd_english,20260921,3,24,relative_pitch_semitone,0.8015957474708557,1.3385725021362305,17456
esd_english,20260921,3,24,implied_speaker_baseline_semitone,0.957932710647583,0.7477403879165649,17456
esd_english,20260922,0,0,absolute_pitch_semitone,0.9444631934165956,0.9509026408195496,17456
esd_english,20260922,0,0,relative_pitch_semitone,0.8317701816558838,1.2577528953552246,17456
esd_english,20260922,0,0,implied_speaker_baseline_semitone,0.9519439339637756,0.7893492579460144,17456
esd_english,20260922,0,1,absolute_pitch_semitone,0.955249845981598,0.8456873297691345,17456
esd_english,20260922,0,1,relative_pitch_semitone,0.871269166469574,1.0941818952560425,17456
esd_english,20260922,0,1,implied_speaker_baseline_semitone,0.9719473719596864,0.6020345687866211,17456
esd_english,20260922,0,2,absolute_pitch_semitone,0.9586070775985718,0.7969854474067688,17456
esd_english,20260922,0,2,relative_pitch_semitone,0.8909391760826111,0.9904544353485109,17456
esd_english,20260922,0,2,implied_speaker_baseline_semitone,0.9775506854057312,0.5337793827056885,17456
esd_english,20260922,0,3,absolute_pitch_semitone,0.9603238105773926,0.7855167984962463,17456
esd_english,20260922,0,3,relative_pitch_semitone,0.9008666276931764,0.9437538981437684,17456
esd_english,20260922,0,3,implied_speaker_baseline_semitone,0.9807076454162598,0.5020768642425537,17456
esd_english,20260922,0,4,absolute_pitch_semitone,0.95930415391922,0.7978988289833069,17456
esd_english,20260922,0,4,relative_pitch_semitone,0.8992208242416382,0.9530429244041444,17456
esd_english,20260922,0,4,implied_speaker_baseline_semitone,0.9820379614830016,0.4820533096790313,17456
esd_english,20260922,0,5,absolute_pitch_semitone,0.9587050080299376,0.8021105527877808,17456
esd_english,20260922,0,5,relative_pitch_semitone,0.8990073204040527,0.951167106628418,17456
esd_english,20260922,0,5,implied_speaker_baseline_semitone,0.9826691746711732,0.4702497720718384,17456
esd_english,20260922,0,6,absolute_pitch_semitone,0.9570425152778624,0.8233672976493835,17456
esd_english,20260922,0,6,relative_pitch_semitone,0.8978748321533203,0.9537637233734132,17456
esd_english,20260922,0,6,implied_speaker_baseline_semitone,0.9827459454536438,0.4691157937049866,17456
esd_english,20260922,0,7,absolute_pitch_semitone,0.955369472503662,0.8385794758796692,17456
esd_english,20260922,0,7,relative_pitch_semitone,0.8949925899505615,0.9626005291938782,17456
esd_english,20260922,0,7,implied_speaker_baseline_semitone,0.9817850589752196,0.4823963046073913,17456
esd_english,20260922,0,8,absolute_pitch_semitone,0.9547419548034668,0.847993791103363,17456
esd_english,20260922,0,8,relative_pitch_semitone,0.8940192461013794,0.9732293486595154,17456
esd_english,20260922,0,8,implied_speaker_baseline_semitone,0.9817579388618468,0.4842221438884735,17456
esd_english,20260922,0,9,absolute_pitch_semitone,0.9529916644096376,0.8675268292427063,17456
esd_english,20260922,0,9,relative_pitch_semitone,0.8907639384269714,0.9914908409118652,17456
esd_english,20260922,0,9,implied_speaker_baseline_semitone,0.9801537990570068,0.507006824016571,17456
esd_english,20260922,0,10,absolute_pitch_semitone,0.950194537639618,0.899983823299408,17456
esd_english,20260922,0,10,relative_pitch_semitone,0.8857317566871643,1.0191729068756104,17456
esd_english,20260922,0,10,implied_speaker_baseline_semitone,0.9785143136978148,0.526465654373169,17456
esd_english,20260922,0,11,absolute_pitch_semitone,0.9475417733192444,0.929604709148407,17456
esd_english,20260922,0,11,relative_pitch_semitone,0.8800912499427795,1.0441906452178955,17456
esd_english,20260922,0,11,implied_speaker_baseline_semitone,0.9774363040924072,0.5414925813674927,17456
esd_english,20260922,0,12,absolute_pitch_semitone,0.94425630569458,0.9618071913719176,17456
esd_english,20260922,0,12,relative_pitch_semitone,0.8722171783447266,1.0830881595611572,17456
esd_english,20260922,0,12,implied_speaker_baseline_semitone,0.9751855134963988,0.5684823989868164,17456
esd_english,20260922,0,13,absolute_pitch_semitone,0.9411694407463074,0.9941145777702332,17456
esd_english,20260922,0,13,relative_pitch_semitone,0.8682966828346252,1.105926275253296,17456
esd_english,20260922,0,13,implied_speaker_baseline_semitone,0.9722427129745485,0.6057309508323669,17456
esd_english,20260922,0,14,absolute_pitch_semitone,0.9378421902656556,1.0258448123931885,17456
esd_english,20260922,0,14,relative_pitch_semitone,0.8620678782463074,1.1428370475769043,17456
esd_english,20260922,0,14,implied_speaker_baseline_semitone,0.9695382714271544,0.6326701641082764,17456
esd_english,20260922,0,15,absolute_pitch_semitone,0.9346725344657898,1.049912929534912,17456
esd_english,20260922,0,15,relative_pitch_semitone,0.8528801798820496,1.1784437894821167,17456
esd_english,20260922,0,15,implied_speaker_baseline_semitone,0.9665111303329468,0.6644245982170105,17456
esd_english,20260922,0,16,absolute_pitch_semitone,0.9314818382263184,1.0851757526397705,17456
esd_english,20260922,0,16,relative_pitch_semitone,0.8454867005348206,1.2076759338378906,17456
esd_english,20260922,0,16,implied_speaker_baseline_semitone,0.9639473557472228,0.6891347765922546,17456
esd_english,20260922,0,17,absolute_pitch_semitone,0.9275727272033693,1.1127943992614746,17456
esd_english,20260922,0,17,relative_pitch_semitone,0.8393096923828125,1.2353206872940063,17456
esd_english,20260922,0,17,implied_speaker_baseline_semitone,0.96320641040802,0.6993651986122131,17456
esd_english,20260922,0,18,absolute_pitch_semitone,0.9238853454589844,1.1416722536087036,17456
esd_english,20260922,0,18,relative_pitch_semitone,0.8312937021255493,1.260500192642212,17456
esd_english,20260922,0,18,implied_speaker_baseline_semitone,0.9604751467704772,0.7225189208984375,17456
esd_english,20260922,0,19,absolute_pitch_semitone,0.923040807247162,1.1527191400527954,17456
esd_english,20260922,0,19,relative_pitch_semitone,0.8291445374488831,1.2655657529830933,17456
esd_english,20260922,0,19,implied_speaker_baseline_semitone,0.959465742111206,0.7282595038414001,17456
esd_english,20260922,0,20,absolute_pitch_semitone,0.9222772121429444,1.1468600034713743,17456
esd_english,20260922,0,20,relative_pitch_semitone,0.8225312829017639,1.2934664487838743,17456
esd_english,20260922,0,20,implied_speaker_baseline_semitone,0.9595546126365662,0.7294609546661377,17456
esd_english,20260922,0,21,absolute_pitch_semitone,0.9243590831756592,1.1344176530838013,17456
esd_english,20260922,0,21,relative_pitch_semitone,0.8263327479362488,1.284528136253357,17456
esd_english,20260922,0,21,implied_speaker_baseline_semitone,0.962848663330078,0.6952594518661499,17456
esd_english,20260922,0,22,absolute_pitch_semitone,0.9232609868049622,1.1402037143707275,17456
esd_english,20260922,0,22,relative_pitch_semitone,0.8263633251190186,1.2766104936599731,17456
esd_english,20260922,0,22,implied_speaker_baseline_semitone,0.9626322388648988,0.698642373085022,17456
esd_english,20260922,0,23,absolute_pitch_semitone,0.9213915467262268,1.1671191453933716,17456
esd_english,20260922,0,23,relative_pitch_semitone,0.817432165145874,1.3096421957015991,17456
esd_english,20260922,0,23,implied_speaker_baseline_semitone,0.9572508931159972,0.7485184073448181,17456
esd_english,20260922,0,24,absolute_pitch_semitone,0.9167783856391908,1.2012214660644531,17456
esd_english,20260922,0,24,relative_pitch_semitone,0.8088546991348267,1.3422852754592896,17456
esd_english,20260922,0,24,implied_speaker_baseline_semitone,0.9591761231422424,0.7331327795982361,17456
esd_english,20260922,1,0,absolute_pitch_semitone,0.9457092881202698,0.9311978816986084,17456
esd_english,20260922,1,0,relative_pitch_semitone,0.8313876390457153,1.2253743410110474,17456
esd_english,20260922,1,0,implied_speaker_baseline_semitone,0.9541139006614684,0.7777958512306213,17456
esd_english,20260922,1,1,absolute_pitch_semitone,0.9569602012634276,0.8357738852500916,17456
esd_english,20260922,1,1,relative_pitch_semitone,0.870478630065918,1.0701888799667358,17456
esd_english,20260922,1,1,implied_speaker_baseline_semitone,0.973735213279724,0.5815703272819519,17456
esd_english,20260922,1,2,absolute_pitch_semitone,0.9605143070220948,0.7963157296180725,17456
esd_english,20260922,1,2,relative_pitch_semitone,0.890841007232666,0.9774854779243468,17456
esd_english,20260922,1,2,implied_speaker_baseline_semitone,0.9783650636672974,0.5276402235031128,17456
esd_english,20260922,1,3,absolute_pitch_semitone,0.9613372087478638,0.7855015397071838,17456
esd_english,20260922,1,3,relative_pitch_semitone,0.9001331925392151,0.9242175817489624,17456
esd_english,20260922,1,3,implied_speaker_baseline_semitone,0.9818844795227052,0.4818271100521087,17456
esd_english,20260922,1,4,absolute_pitch_semitone,0.9602197408676147,0.8014196157455444,17456
esd_english,20260922,1,4,relative_pitch_semitone,0.8972117304801941,0.948701798915863,17456
esd_english,20260922,1,4,implied_speaker_baseline_semitone,0.9828976392745972,0.4734446406364441,17456
esd_english,20260922,1,5,absolute_pitch_semitone,0.9588040113449096,0.8180338144302368,17456
esd_english,20260922,1,5,relative_pitch_semitone,0.894995391368866,0.9512482285499572,17456
esd_english,20260922,1,5,implied_speaker_baseline_semitone,0.9830973148345948,0.4660382866859436,17456
esd_english,20260922,1,6,absolute_pitch_semitone,0.958773672580719,0.815019965171814,17456
esd_english,20260922,1,6,relative_pitch_semitone,0.8957021236419678,0.9464049339294434,17456
esd_english,20260922,1,6,implied_speaker_baseline_semitone,0.9829716682434082,0.4708526730537414,17456
esd_english,20260922,1,7,absolute_pitch_semitone,0.9563865065574646,0.8392514586448669,17456
esd_english,20260922,1,7,relative_pitch_semitone,0.8915762901306152,0.9676839113235474,17456
esd_english,20260922,1,7,implied_speaker_baseline_semitone,0.9823073744773864,0.4784861505031585,17456
esd_english,20260922,1,8,absolute_pitch_semitone,0.9553621411323548,0.8509600162506104,17456
esd_english,20260922,1,8,relative_pitch_semitone,0.889789342880249,0.971860945224762,17456
esd_english,20260922,1,8,implied_speaker_baseline_semitone,0.9816715121269226,0.4867016673088074,17456
esd_english,20260922,1,9,absolute_pitch_semitone,0.9529013633728028,0.8711621165275574,17456
esd_english,20260922,1,9,relative_pitch_semitone,0.8850401639938354,0.9899408221244812,17456
esd_english,20260922,1,9,implied_speaker_baseline_semitone,0.9805735349655152,0.502185583114624,17456
esd_english,20260922,1,10,absolute_pitch_semitone,0.9512231945991516,0.8940059542655945,17456
esd_english,20260922,1,10,relative_pitch_semitone,0.88129061460495,1.0055372714996338,17456
esd_english,20260922,1,10,implied_speaker_baseline_semitone,0.979158341884613,0.5200093984603882,17456
esd_english,20260922,1,11,absolute_pitch_semitone,0.9471864700317384,0.9327703714370728,17456
esd_english,20260922,1,11,relative_pitch_semitone,0.8706645965576172,1.04614520072937,17456
esd_english,20260922,1,11,implied_speaker_baseline_semitone,0.977571427822113,0.5396165251731873,17456
esd_english,20260922,1,12,absolute_pitch_semitone,0.943863809108734,0.97463458776474,17456
esd_english,20260922,1,12,relative_pitch_semitone,0.8639158606529236,1.0830984115600586,17456
esd_english,20260922,1,12,implied_speaker_baseline_semitone,0.97551691532135,0.5639249086380005,17456
esd_english,20260922,1,13,absolute_pitch_semitone,0.9407725930213928,0.997756004333496,17456
esd_english,20260922,1,13,relative_pitch_semitone,0.856436550617218,1.1140161752700806,17456
esd_english,20260922,1,13,implied_speaker_baseline_semitone,0.9731644988059998,0.5906959772109985,17456
esd_english,20260922,1,14,absolute_pitch_semitone,0.9365191459655762,1.039211988449097,17456
esd_english,20260922,1,14,relative_pitch_semitone,0.8482601642608643,1.1498405933380127,17456
esd_english,20260922,1,14,implied_speaker_baseline_semitone,0.9707671403884888,0.6140183210372925,17456
esd_english,20260922,1,15,absolute_pitch_semitone,0.932823657989502,1.0746567249298096,17456
esd_english,20260922,1,15,relative_pitch_semitone,0.8427809476852417,1.171183466911316,17456
esd_english,20260922,1,15,implied_speaker_baseline_semitone,0.967634379863739,0.6480687856674194,17456
esd_english,20260922,1,16,absolute_pitch_semitone,0.9313998818397522,1.0896172523498535,17456
esd_english,20260922,1,16,relative_pitch_semitone,0.8340670466423035,1.210541009902954,17456
esd_english,20260922,1,16,implied_speaker_baseline_semitone,0.9651936292648317,0.6690753102302551,17456
esd_english,20260922,1,17,absolute_pitch_semitone,0.9289435744285583,1.105250597000122,17456
esd_english,20260922,1,17,relative_pitch_semitone,0.8297907710075378,1.2217925786972046,17456
esd_english,20260922,1,17,implied_speaker_baseline_semitone,0.9636147022247314,0.6867818832397461,17456
esd_english,20260922,1,18,absolute_pitch_semitone,0.9258320927619934,1.1275858879089355,17456
esd_english,20260922,1,18,relative_pitch_semitone,0.823621392250061,1.2418361902236938,17456
esd_english,20260922,1,18,implied_speaker_baseline_semitone,0.9606651067733764,0.7154794931411743,17456
esd_english,20260922,1,19,absolute_pitch_semitone,0.9241222739219666,1.1364272832870483,17456
esd_english,20260922,1,19,relative_pitch_semitone,0.819397509098053,1.2583810091018677,17456
esd_english,20260922,1,19,implied_speaker_baseline_semitone,0.9590240716934204,0.7327429056167603,17456
esd_english,20260922,1,20,absolute_pitch_semitone,0.9236671924591064,1.138777494430542,17456
esd_english,20260922,1,20,relative_pitch_semitone,0.8127421140670776,1.2819088697433472,17456
esd_english,20260922,1,20,implied_speaker_baseline_semitone,0.9595890641212464,0.7267001867294312,17456
esd_english,20260922,1,21,absolute_pitch_semitone,0.9242449998855592,1.1416136026382446,17456
esd_english,20260922,1,21,relative_pitch_semitone,0.8126220703125,1.2829962968826294,17456
esd_english,20260922,1,21,implied_speaker_baseline_semitone,0.961472511291504,0.7091286182403564,17456
esd_english,20260922,1,22,absolute_pitch_semitone,0.9233944416046144,1.1554213762283323,17456
esd_english,20260922,1,22,relative_pitch_semitone,0.8198179602622986,1.2672111988067627,17456
esd_english,20260922,1,22,implied_speaker_baseline_semitone,0.9625979661941528,0.6973710656166077,17456
esd_english,20260922,1,23,absolute_pitch_semitone,0.9201691746711732,1.1801496744155884,17456
esd_english,20260922,1,23,relative_pitch_semitone,0.8099450469017029,1.3090730905532837,17456
esd_english,20260922,1,23,implied_speaker_baseline_semitone,0.9590138792991638,0.7354127168655396,17456
esd_english,20260922,1,24,absolute_pitch_semitone,0.9168134927749634,1.2130416631698608,17456
esd_english,20260922,1,24,relative_pitch_semitone,0.8015045523643494,1.3290257453918457,17456
esd_english,20260922,1,24,implied_speaker_baseline_semitone,0.9605215787887572,0.7240849137306213,17456
esd_english,20260922,2,0,absolute_pitch_semitone,0.9389178156852722,0.9875823259353638,17456
esd_english,20260922,2,0,relative_pitch_semitone,0.8253118395805359,1.2638301849365234,17456
esd_english,20260922,2,0,implied_speaker_baseline_semitone,0.9557226896286012,0.7531401515007019,17456
esd_english,20260922,2,1,absolute_pitch_semitone,0.9490079283714294,0.8856965899467468,17456
esd_english,20260922,2,1,relative_pitch_semitone,0.8598047494888306,1.1165647506713867,17456
esd_english,20260922,2,1,implied_speaker_baseline_semitone,0.9724610447883606,0.594765841960907,17456
esd_english,20260922,2,2,absolute_pitch_semitone,0.9508665204048156,0.8541936874389648,17456
esd_english,20260922,2,2,relative_pitch_semitone,0.8745001554489136,1.0388901233673096,17456
esd_english,20260922,2,2,implied_speaker_baseline_semitone,0.978456735610962,0.5252827405929565,17456
esd_english,20260922,2,3,absolute_pitch_semitone,0.9531167149543762,0.833240807056427,17456
esd_english,20260922,2,3,relative_pitch_semitone,0.8844056129455566,0.9904095530509948,17456
esd_english,20260922,2,3,implied_speaker_baseline_semitone,0.9811755418777466,0.4867688715457916,17456
esd_english,20260922,2,4,absolute_pitch_semitone,0.9527501463890076,0.8430350422859192,17456
esd_english,20260922,2,4,relative_pitch_semitone,0.8846773505210876,0.9972179532051086,17456
esd_english,20260922,2,4,implied_speaker_baseline_semitone,0.9817708730697632,0.4848535656929016,17456
esd_english,20260922,2,5,absolute_pitch_semitone,0.9525248408317566,0.8468402624130249,17456
esd_english,20260922,2,5,relative_pitch_semitone,0.8838825225830078,1.0018893480300903,17456
esd_english,20260922,2,5,implied_speaker_baseline_semitone,0.9823480248451232,0.4766929447650909,17456
esd_english,20260922,2,6,absolute_pitch_semitone,0.950304627418518,0.8654367327690125,17456
esd_english,20260922,2,6,relative_pitch_semitone,0.8832933306694031,0.989476203918457,17456
esd_english,20260922,2,6,implied_speaker_baseline_semitone,0.9829930067062378,0.4677612781524658,17456
esd_english,20260922,2,7,absolute_pitch_semitone,0.9487883448600768,0.8875743746757507,17456
esd_english,20260922,2,7,relative_pitch_semitone,0.8799598217010498,1.005022406578064,17456
esd_english,20260922,2,7,implied_speaker_baseline_semitone,0.9825096726417542,0.4758090674877167,17456
esd_english,20260922,2,8,absolute_pitch_semitone,0.947653591632843,0.8975501656532288,17456
esd_english,20260922,2,8,relative_pitch_semitone,0.876826286315918,1.018965244293213,17456
esd_english,20260922,2,8,implied_speaker_baseline_semitone,0.982306718826294,0.482061892747879,17456
esd_english,20260922,2,9,absolute_pitch_semitone,0.9458721876144408,0.9234174489974976,17456
esd_english,20260922,2,9,relative_pitch_semitone,0.8759629726409912,1.032312273979187,17456
esd_english,20260922,2,9,implied_speaker_baseline_semitone,0.9816404581069946,0.4892522990703583,17456
esd_english,20260922,2,10,absolute_pitch_semitone,0.9433075785636902,0.9408782720565796,17456
esd_english,20260922,2,10,relative_pitch_semitone,0.8696915507316589,1.051491618156433,17456
esd_english,20260922,2,10,implied_speaker_baseline_semitone,0.9799876809120178,0.5110166668891907,17456
esd_english,20260922,2,11,absolute_pitch_semitone,0.941407322883606,0.9601032733917236,17456
esd_english,20260922,2,11,relative_pitch_semitone,0.8656641840934753,1.070285677909851,17456
esd_english,20260922,2,11,implied_speaker_baseline_semitone,0.9781384468078612,0.5351133346557617,17456
esd_english,20260922,2,12,absolute_pitch_semitone,0.9383152723312378,0.9846469163894652,17456
esd_english,20260922,2,12,relative_pitch_semitone,0.859039306640625,1.102729082107544,17456
esd_english,20260922,2,12,implied_speaker_baseline_semitone,0.9758563041687012,0.5631817579269409,17456
esd_english,20260922,2,13,absolute_pitch_semitone,0.9353848695755004,1.0201330184936523,17456
esd_english,20260922,2,13,relative_pitch_semitone,0.8514803051948547,1.1287314891815186,17456
esd_english,20260922,2,13,implied_speaker_baseline_semitone,0.972905158996582,0.5986545085906982,17456
esd_english,20260922,2,14,absolute_pitch_semitone,0.9306870102882384,1.0663567781448364,17456
esd_english,20260922,2,14,relative_pitch_semitone,0.8397001028060913,1.1754887104034424,17456
esd_english,20260922,2,14,implied_speaker_baseline_semitone,0.970416784286499,0.6224381327629089,17456
esd_english,20260922,2,15,absolute_pitch_semitone,0.9279558062553406,1.0917589664459229,17456
esd_english,20260922,2,15,relative_pitch_semitone,0.8329058885574341,1.213571071624756,17456
esd_english,20260922,2,15,implied_speaker_baseline_semitone,0.9674195051193236,0.6508924961090088,17456
esd_english,20260922,2,16,absolute_pitch_semitone,0.9253592491149902,1.1112546920776367,17456
esd_english,20260922,2,16,relative_pitch_semitone,0.826526939868927,1.2409679889678955,17456
esd_english,20260922,2,16,implied_speaker_baseline_semitone,0.9645534753799438,0.685437798500061,17456
esd_english,20260922,2,17,absolute_pitch_semitone,0.9226997494697572,1.1371532678604126,17456
esd_english,20260922,2,17,relative_pitch_semitone,0.819438636302948,1.265797734260559,17456
esd_english,20260922,2,17,implied_speaker_baseline_semitone,0.9631810784339904,0.700247585773468,17456
esd_english,20260922,2,18,absolute_pitch_semitone,0.918277382850647,1.1659033298492432,17456
esd_english,20260922,2,18,relative_pitch_semitone,0.8154833316802979,1.2792679071426392,17456
esd_english,20260922,2,18,implied_speaker_baseline_semitone,0.9607612490653992,0.7201329469680786,17456
esd_english,20260922,2,19,absolute_pitch_semitone,0.915859878063202,1.192684769630432,17456
esd_english,20260922,2,19,relative_pitch_semitone,0.8082790374755859,1.309853196144104,17456
esd_english,20260922,2,19,implied_speaker_baseline_semitone,0.9583828449249268,0.7392758727073669,17456
esd_english,20260922,2,20,absolute_pitch_semitone,0.916324019432068,1.1943635940551758,17456
esd_english,20260922,2,20,relative_pitch_semitone,0.8089783191680908,1.3125840425491333,17456
esd_english,20260922,2,20,implied_speaker_baseline_semitone,0.9605131149291992,0.7214427590370178,17456
esd_english,20260922,2,21,absolute_pitch_semitone,0.9168370366096495,1.1923943758010864,17456
esd_english,20260922,2,21,relative_pitch_semitone,0.8038953542709351,1.3318618535995483,17456
esd_english,20260922,2,21,implied_speaker_baseline_semitone,0.9622074365615844,0.7045677900314331,17456
esd_english,20260922,2,22,absolute_pitch_semitone,0.9168301820755004,1.1918028593063354,17456
esd_english,20260922,2,22,relative_pitch_semitone,0.8100753426551819,1.3125829696655271,17456
esd_english,20260922,2,22,implied_speaker_baseline_semitone,0.9625765085220336,0.7025434374809265,17456
esd_english,20260922,2,23,absolute_pitch_semitone,0.9153830409049988,1.200900912284851,17456
esd_english,20260922,2,23,relative_pitch_semitone,0.807380199432373,1.319903016090393,17456
esd_english,20260922,2,23,implied_speaker_baseline_semitone,0.9588829874992372,0.7365976572036743,17456
esd_english,20260922,2,24,absolute_pitch_semitone,0.9106489419937134,1.233699083328247,17456
esd_english,20260922,2,24,relative_pitch_semitone,0.7941319346427917,1.3698893785476685,17456
esd_english,20260922,2,24,implied_speaker_baseline_semitone,0.960548996925354,0.7239199876785278,17456
esd_english,20260922,3,0,absolute_pitch_semitone,0.9426050782203674,0.9598449468612672,17456
esd_english,20260922,3,0,relative_pitch_semitone,0.8210616707801819,1.2647571563720703,17456
esd_english,20260922,3,0,implied_speaker_baseline_semitone,0.9532209634780884,0.7763041257858276,17456
esd_english,20260922,3,1,absolute_pitch_semitone,0.9531040787696838,0.852228045463562,17456
esd_english,20260922,3,1,relative_pitch_semitone,0.8655080199241638,1.0900416374206543,17456
esd_english,20260922,3,1,implied_speaker_baseline_semitone,0.9727986454963684,0.5904281139373779,17456
esd_english,20260922,3,2,absolute_pitch_semitone,0.9561185240745544,0.8108774423599243,17456
esd_english,20260922,3,2,relative_pitch_semitone,0.8848368525505066,0.9877263307571412,17456
esd_english,20260922,3,2,implied_speaker_baseline_semitone,0.9781072735786438,0.5284044742584229,17456
esd_english,20260922,3,3,absolute_pitch_semitone,0.9580281376838684,0.7842077612876892,17456
esd_english,20260922,3,3,relative_pitch_semitone,0.8914504647254944,0.9395720362663268,17456
esd_english,20260922,3,3,implied_speaker_baseline_semitone,0.9806256890296936,0.5004931092262268,17456
esd_english,20260922,3,4,absolute_pitch_semitone,0.9558625817298888,0.8152517080307007,17456
esd_english,20260922,3,4,relative_pitch_semitone,0.8867846727371216,0.9774871468544006,17456
esd_english,20260922,3,4,implied_speaker_baseline_semitone,0.9819335341453552,0.4836434721946716,17456
esd_english,20260922,3,5,absolute_pitch_semitone,0.9554516077041626,0.8295310735702515,17456
esd_english,20260922,3,5,relative_pitch_semitone,0.8870366215705872,0.9783976078033448,17456
esd_english,20260922,3,5,implied_speaker_baseline_semitone,0.9818206429481506,0.486088752746582,17456
esd_english,20260922,3,6,absolute_pitch_semitone,0.9561302661895752,0.8192718625068665,17456
esd_english,20260922,3,6,relative_pitch_semitone,0.8902832865715027,0.9565829634666444,17456
esd_english,20260922,3,6,implied_speaker_baseline_semitone,0.9821560382843018,0.4804968535900116,17456
esd_english,20260922,3,7,absolute_pitch_semitone,0.9536535739898682,0.8452921509742737,17456
esd_english,20260922,3,7,relative_pitch_semitone,0.8846801519393921,0.982770562171936,17456
esd_english,20260922,3,7,implied_speaker_baseline_semitone,0.9810693860054016,0.4949435293674469,17456
esd_english,20260922,3,8,absolute_pitch_semitone,0.9517812728881836,0.8667593598365784,17456
esd_english,20260922,3,8,relative_pitch_semitone,0.882780909538269,0.9913318753242492,17456
esd_english,20260922,3,8,implied_speaker_baseline_semitone,0.9807946681976318,0.4959841668605804,17456
esd_english,20260922,3,9,absolute_pitch_semitone,0.950567066669464,0.8802615404129028,17456
esd_english,20260922,3,9,relative_pitch_semitone,0.8819858431816101,0.9924008250236512,17456
esd_english,20260922,3,9,implied_speaker_baseline_semitone,0.98054838180542,0.5016903281211853,17456
esd_english,20260922,3,10,absolute_pitch_semitone,0.9482342600822448,0.9068034887313844,17456
esd_english,20260922,3,10,relative_pitch_semitone,0.8781301379203796,1.017428636550903,17456
esd_english,20260922,3,10,implied_speaker_baseline_semitone,0.9791389107704164,0.5172445178031921,17456
esd_english,20260922,3,11,absolute_pitch_semitone,0.9456353187561036,0.9333280324935912,17456
esd_english,20260922,3,11,relative_pitch_semitone,0.8720126152038574,1.0482991933822632,17456
esd_english,20260922,3,11,implied_speaker_baseline_semitone,0.978200912475586,0.5330121517181396,17456
esd_english,20260922,3,12,absolute_pitch_semitone,0.9412857294082642,0.9773234724998474,17456
esd_english,20260922,3,12,relative_pitch_semitone,0.8654292821884155,1.077154278755188,17456
esd_english,20260922,3,12,implied_speaker_baseline_semitone,0.9759361147880554,0.5562707185745239,17456
esd_english,20260922,3,13,absolute_pitch_semitone,0.9400243759155272,0.9916814565658568,17456
esd_english,20260922,3,13,relative_pitch_semitone,0.8634945750236511,1.0854872465133667,17456
esd_english,20260922,3,13,implied_speaker_baseline_semitone,0.9736487865447998,0.5870048999786377,17456
esd_english,20260922,3,14,absolute_pitch_semitone,0.9364197850227356,1.025087594985962,17456
esd_english,20260922,3,14,relative_pitch_semitone,0.8512089252471924,1.1407110691070557,17456
esd_english,20260922,3,14,implied_speaker_baseline_semitone,0.971017360687256,0.6126705408096313,17456
esd_english,20260922,3,15,absolute_pitch_semitone,0.9324545860290528,1.0624622106552124,17456
esd_english,20260922,3,15,relative_pitch_semitone,0.8432121276855469,1.170828342437744,17456
esd_english,20260922,3,15,implied_speaker_baseline_semitone,0.9676555395126344,0.6449428796768188,17456
esd_english,20260922,3,16,absolute_pitch_semitone,0.9298123717308044,1.089928388595581,17456
esd_english,20260922,3,16,relative_pitch_semitone,0.8339875340461731,1.2207632064819336,17456
esd_english,20260922,3,16,implied_speaker_baseline_semitone,0.9654752016067504,0.6688626408576965,17456
esd_english,20260922,3,17,absolute_pitch_semitone,0.9270929098129272,1.1140223741531372,17456
esd_english,20260922,3,17,relative_pitch_semitone,0.8264002799987793,1.2486165761947632,17456
esd_english,20260922,3,17,implied_speaker_baseline_semitone,0.963798999786377,0.6881248950958252,17456
esd_english,20260922,3,18,absolute_pitch_semitone,0.9260134100914,1.1220014095306396,17456
esd_english,20260922,3,18,relative_pitch_semitone,0.8247463703155518,1.2520545721054075,17456
esd_english,20260922,3,18,implied_speaker_baseline_semitone,0.961541473865509,0.711041271686554,17456
esd_english,20260922,3,19,absolute_pitch_semitone,0.923416793346405,1.139055609703064,17456
esd_english,20260922,3,19,relative_pitch_semitone,0.8199630975723267,1.2661553621292114,17456
esd_english,20260922,3,19,implied_speaker_baseline_semitone,0.9586663842201232,0.733307957649231,17456
esd_english,20260922,3,20,absolute_pitch_semitone,0.9223732948303224,1.1453227996826172,17456
esd_english,20260922,3,20,relative_pitch_semitone,0.8184875249862671,1.269913911819458,17456
esd_english,20260922,3,20,implied_speaker_baseline_semitone,0.960395574569702,0.7171774506568909,17456
esd_english,20260922,3,21,absolute_pitch_semitone,0.9224773049354552,1.144748330116272,17456
esd_english,20260922,3,21,relative_pitch_semitone,0.8154399394989014,1.2776795625686646,17456
esd_english,20260922,3,21,implied_speaker_baseline_semitone,0.961306631565094,0.7098915576934814,17456
esd_english,20260922,3,22,absolute_pitch_semitone,0.9211649894714355,1.160524845123291,17456
esd_english,20260922,3,22,relative_pitch_semitone,0.8175984025001526,1.2680683135986328,17456
esd_english,20260922,3,22,implied_speaker_baseline_semitone,0.9627798795700072,0.703331470489502,17456
esd_english,20260922,3,23,absolute_pitch_semitone,0.9182149767875672,1.1926040649414062,17456
esd_english,20260922,3,23,relative_pitch_semitone,0.806502103805542,1.315115213394165,17456
esd_english,20260922,3,23,implied_speaker_baseline_semitone,0.9587685465812684,0.7382745146751404,17456
esd_english,20260922,3,24,absolute_pitch_semitone,0.9142332673072816,1.2209938764572144,17456
esd_english,20260922,3,24,relative_pitch_semitone,0.801763653755188,1.332461953163147,17456
esd_english,20260922,3,24,implied_speaker_baseline_semitone,0.9600252509117126,0.7261002063751221,17456
mead_part0,20260920,0,0,absolute_pitch_semitone,0.978344202041626,0.6140763759613037,18953
mead_part0,20260920,0,0,relative_pitch_semitone,0.7439388036727905,1.1343921422958374,18953
mead_part0,20260920,0,0,implied_speaker_baseline_semitone,0.9382204413414,1.0418952703475952,18953
mead_part0,20260920,0,1,absolute_pitch_semitone,0.9860268831253052,0.4915093183517456,18953
mead_part0,20260920,0,1,relative_pitch_semitone,0.8275609612464905,0.9370978474617004,18953
mead_part0,20260920,0,1,implied_speaker_baseline_semitone,0.9634283185005188,0.8022852540016174,18953
mead_part0,20260920,0,2,absolute_pitch_semitone,0.9879586696624756,0.4514495134353637,18953
mead_part0,20260920,0,2,relative_pitch_semitone,0.8458707332611084,0.8914390206336975,18953
mead_part0,20260920,0,2,implied_speaker_baseline_semitone,0.9675817489624025,0.7547483444213867,18953
mead_part0,20260920,0,3,absolute_pitch_semitone,0.9882664084434508,0.4464144706726074,18953
mead_part0,20260920,0,3,relative_pitch_semitone,0.8613240718841553,0.8405644297599792,18953
mead_part0,20260920,0,3,implied_speaker_baseline_semitone,0.970715582370758,0.7194424271583557,18953
mead_part0,20260920,0,4,absolute_pitch_semitone,0.987642467021942,0.4605468809604645,18953
mead_part0,20260920,0,4,relative_pitch_semitone,0.8631945848464966,0.8331330418586731,18953
mead_part0,20260920,0,4,implied_speaker_baseline_semitone,0.9714735746383668,0.7055256962776184,18953
mead_part0,20260920,0,5,absolute_pitch_semitone,0.9872121810913086,0.4689426124095917,18953
mead_part0,20260920,0,5,relative_pitch_semitone,0.8569824695587158,0.855974018573761,18953
mead_part0,20260920,0,5,implied_speaker_baseline_semitone,0.9699519276618958,0.724325954914093,18953
mead_part0,20260920,0,6,absolute_pitch_semitone,0.987007737159729,0.4669349491596222,18953
mead_part0,20260920,0,6,relative_pitch_semitone,0.8591234683990479,0.8480714559555054,18953
mead_part0,20260920,0,6,implied_speaker_baseline_semitone,0.9698046445846558,0.7269190549850464,18953
mead_part0,20260920,0,7,absolute_pitch_semitone,0.9862458109855652,0.4828383028507232,18953
mead_part0,20260920,0,7,relative_pitch_semitone,0.8501875400543213,0.87999027967453,18953
mead_part0,20260920,0,7,implied_speaker_baseline_semitone,0.9676308631896972,0.753507673740387,18953
mead_part0,20260920,0,8,absolute_pitch_semitone,0.9853869080543518,0.4988424181938171,18953
mead_part0,20260920,0,8,relative_pitch_semitone,0.8465172648429871,0.8907879590988159,18953
mead_part0,20260920,0,8,implied_speaker_baseline_semitone,0.9652000665664672,0.7745162844657898,18953
mead_part0,20260920,0,9,absolute_pitch_semitone,0.9837955236434937,0.5297443866729736,18953
mead_part0,20260920,0,9,relative_pitch_semitone,0.8471289873123169,0.883847177028656,18953
mead_part0,20260920,0,9,implied_speaker_baseline_semitone,0.9643349051475524,0.7951511144638062,18953
mead_part0,20260920,0,10,absolute_pitch_semitone,0.9824478030204772,0.5536483526229858,18953
mead_part0,20260920,0,10,relative_pitch_semitone,0.8398482203483582,0.908342182636261,18953
mead_part0,20260920,0,10,implied_speaker_baseline_semitone,0.962069034576416,0.8186123371124268,18953
mead_part0,20260920,0,11,absolute_pitch_semitone,0.9807379841804504,0.5839926600456238,18953
mead_part0,20260920,0,11,relative_pitch_semitone,0.8371918201446533,0.9156498908996582,18953
mead_part0,20260920,0,11,implied_speaker_baseline_semitone,0.9618136286735536,0.8216959238052368,18953
mead_part0,20260920,0,12,absolute_pitch_semitone,0.978823721408844,0.6175707578659058,18953
mead_part0,20260920,0,12,relative_pitch_semitone,0.8297237753868103,0.9350247979164124,18953
mead_part0,20260920,0,12,implied_speaker_baseline_semitone,0.9592897295951844,0.8572869300842285,18953
mead_part0,20260920,0,13,absolute_pitch_semitone,0.976229190826416,0.6593163013458252,18953
mead_part0,20260920,0,13,relative_pitch_semitone,0.8179349303245544,0.9671040773391724,18953
mead_part0,20260920,0,13,implied_speaker_baseline_semitone,0.9545191526412964,0.903124451637268,18953
mead_part0,20260920,0,14,absolute_pitch_semitone,0.9741611480712892,0.68966144323349,18953
mead_part0,20260920,0,14,relative_pitch_semitone,0.8117184042930603,0.9833553433418274,18953
mead_part0,20260920,0,14,implied_speaker_baseline_semitone,0.9499553442001344,0.9500414729118348,18953
mead_part0,20260920,0,15,absolute_pitch_semitone,0.9698438048362732,0.7440633177757263,18953
mead_part0,20260920,0,15,relative_pitch_semitone,0.7979729175567627,1.019299864768982,18953
mead_part0,20260920,0,15,implied_speaker_baseline_semitone,0.9451501369476318,0.9953121542930604,18953
mead_part0,20260920,0,16,absolute_pitch_semitone,0.9675164222717284,0.7748914957046509,18953
mead_part0,20260920,0,16,relative_pitch_semitone,0.7850908041000366,1.0554524660110474,18953
mead_part0,20260920,0,16,implied_speaker_baseline_semitone,0.9406158924102784,1.031578779220581,18953
mead_part0,20260920,0,17,absolute_pitch_semitone,0.9652083516120912,0.805536687374115,18953
mead_part0,20260920,0,17,relative_pitch_semitone,0.7739386558532715,1.088156819343567,18953
mead_part0,20260920,0,17,implied_speaker_baseline_semitone,0.9359007477760316,1.0785053968429563,18953
mead_part0,20260920,0,18,absolute_pitch_semitone,0.9632204174995422,0.8346404433250427,18953
mead_part0,20260920,0,18,relative_pitch_semitone,0.7680173516273499,1.1020731925964355,18953
mead_part0,20260920,0,18,implied_speaker_baseline_semitone,0.933003842830658,1.1006662845611572,18953
mead_part0,20260920,0,19,absolute_pitch_semitone,0.9613523483276368,0.8486660122871399,18953
mead_part0,20260920,0,19,relative_pitch_semitone,0.7650923728942871,1.1076077222824097,18953
mead_part0,20260920,0,19,implied_speaker_baseline_semitone,0.9312373995780944,1.1175514459609983,18953
mead_part0,20260920,0,20,absolute_pitch_semitone,0.9627096056938172,0.8378123044967651,18953
mead_part0,20260920,0,20,relative_pitch_semitone,0.7592304348945618,1.124069333076477,18953
mead_part0,20260920,0,20,implied_speaker_baseline_semitone,0.9356195330619812,1.084924340248108,18953
mead_part0,20260920,0,21,absolute_pitch_semitone,0.962485373020172,0.8319051265716553,18953
mead_part0,20260920,0,21,relative_pitch_semitone,0.7617229223251343,1.1130545139312744,18953
mead_part0,20260920,0,21,implied_speaker_baseline_semitone,0.9364340305328368,1.0720609426498413,18953
mead_part0,20260920,0,22,absolute_pitch_semitone,0.9634520411491394,0.8277642726898193,18953
mead_part0,20260920,0,22,relative_pitch_semitone,0.7692757844924927,1.1005849838256836,18953
mead_part0,20260920,0,22,implied_speaker_baseline_semitone,0.9418137669563292,1.0265330076217651,18953
mead_part0,20260920,0,23,absolute_pitch_semitone,0.9590271711349488,0.8835837841033936,18953
mead_part0,20260920,0,23,relative_pitch_semitone,0.7553399205207825,1.1291866302490234,18953
mead_part0,20260920,0,23,implied_speaker_baseline_semitone,0.9381456971168518,1.0626245737075806,18953
mead_part0,20260920,0,24,absolute_pitch_semitone,0.958443820476532,0.8911437392234802,18953
mead_part0,20260920,0,24,relative_pitch_semitone,0.7506962418556213,1.1394309997558594,18953
mead_part0,20260920,0,24,implied_speaker_baseline_semitone,0.937404990196228,1.067784547805786,18953
mead_part0,20260920,1,0,absolute_pitch_semitone,0.9791799187660216,0.6020491719245911,18953
mead_part0,20260920,1,0,relative_pitch_semitone,0.7496350407600403,1.1210393905639648,18953
mead_part0,20260920,1,0,implied_speaker_baseline_semitone,0.9402132630348206,1.0301252603530884,18953
mead_part0,20260920,1,1,absolute_pitch_semitone,0.9866710901260376,0.4843960702419281,18953
mead_part0,20260920,1,1,relative_pitch_semitone,0.8242129683494568,0.9330812692642212,18953
mead_part0,20260920,1,1,implied_speaker_baseline_semitone,0.9626712203025818,0.8024020195007324,18953
mead_part0,20260920,1,2,absolute_pitch_semitone,0.9885745644569396,0.444978803396225,18953
mead_part0,20260920,1,2,relative_pitch_semitone,0.8420345783233643,0.8901948928833008,18953
mead_part0,20260920,1,2,implied_speaker_baseline_semitone,0.9664931893348694,0.7650765180587769,18953
mead_part0,20260920,1,3,absolute_pitch_semitone,0.9887481331825256,0.4391645491123199,18953
mead_part0,20260920,1,3,relative_pitch_semitone,0.8598470687866211,0.8501212000846863,18953
mead_part0,20260920,1,3,implied_speaker_baseline_semitone,0.9704004526138306,0.7248485088348389,18953
mead_part0,20260920,1,4,absolute_pitch_semitone,0.9886730313301086,0.4452372789382934,18953
mead_part0,20260920,1,4,relative_pitch_semitone,0.8641263246536255,0.8350132703781128,18953
mead_part0,20260920,1,4,implied_speaker_baseline_semitone,0.9706338047981262,0.7176133990287781,18953
mead_part0,20260920,1,5,absolute_pitch_semitone,0.988114595413208,0.4539846777915954,18953
mead_part0,20260920,1,5,relative_pitch_semitone,0.8634461164474487,0.8352475166320801,18953
mead_part0,20260920,1,5,implied_speaker_baseline_semitone,0.9710636734962464,0.7142519950866699,18953
mead_part0,20260920,1,6,absolute_pitch_semitone,0.9881604909896852,0.4546211659908294,18953
mead_part0,20260920,1,6,relative_pitch_semitone,0.8602697253227234,0.8426709771156311,18953
mead_part0,20260920,1,6,implied_speaker_baseline_semitone,0.969569444656372,0.7305247187614441,18953
mead_part0,20260920,1,7,absolute_pitch_semitone,0.9872983694076538,0.4695082306861877,18953
mead_part0,20260920,1,7,relative_pitch_semitone,0.8557098507881165,0.8644025921821594,18953
mead_part0,20260920,1,7,implied_speaker_baseline_semitone,0.968437135219574,0.7497732043266296,18953
mead_part0,20260920,1,8,absolute_pitch_semitone,0.9859309792518616,0.495938092470169,18953
mead_part0,20260920,1,8,relative_pitch_semitone,0.8530634641647339,0.8724954128265381,18953
mead_part0,20260920,1,8,implied_speaker_baseline_semitone,0.966751992702484,0.7722293138504028,18953
mead_part0,20260920,1,9,absolute_pitch_semitone,0.9843286871910096,0.5255329608917236,18953
mead_part0,20260920,1,9,relative_pitch_semitone,0.8511080741882324,0.8797039985656738,18953
mead_part0,20260920,1,9,implied_speaker_baseline_semitone,0.9652623534202576,0.7912052273750305,18953
mead_part0,20260920,1,10,absolute_pitch_semitone,0.9830363988876344,0.551928699016571,18953
mead_part0,20260920,1,10,relative_pitch_semitone,0.8458858132362366,0.8924692869186401,18953
mead_part0,20260920,1,10,implied_speaker_baseline_semitone,0.9633626937866212,0.8065751194953918,18953
mead_part0,20260920,1,11,absolute_pitch_semitone,0.9814262986183168,0.5788978934288025,18953
mead_part0,20260920,1,11,relative_pitch_semitone,0.8416383862495422,0.9032081961631776,18953
mead_part0,20260920,1,11,implied_speaker_baseline_semitone,0.9623095393180848,0.8191307783126831,18953
mead_part0,20260920,1,12,absolute_pitch_semitone,0.9791995882987976,0.6115724444389343,18953
mead_part0,20260920,1,12,relative_pitch_semitone,0.8339757919311523,0.9244160652160645,18953
mead_part0,20260920,1,12,implied_speaker_baseline_semitone,0.9589577317237854,0.854420006275177,18953
mead_part0,20260920,1,13,absolute_pitch_semitone,0.9763824939727784,0.6571905612945557,18953
mead_part0,20260920,1,13,relative_pitch_semitone,0.8262468576431274,0.9492293000221252,18953
mead_part0,20260920,1,13,implied_speaker_baseline_semitone,0.9554312229156494,0.8941655158996582,18953
mead_part0,20260920,1,14,absolute_pitch_semitone,0.9745421409606934,0.6848673224449158,18953
mead_part0,20260920,1,14,relative_pitch_semitone,0.8159610033035278,0.9748303294181824,18953
mead_part0,20260920,1,14,implied_speaker_baseline_semitone,0.9505400657653807,0.9420817494392396,18953
mead_part0,20260920,1,15,absolute_pitch_semitone,0.9713909029960632,0.7265711426734924,18953
mead_part0,20260920,1,15,relative_pitch_semitone,0.8032273054122925,1.004281759262085,18953
mead_part0,20260920,1,15,implied_speaker_baseline_semitone,0.9460617303848268,0.9781283140182496,18953
mead_part0,20260920,1,16,absolute_pitch_semitone,0.968827486038208,0.7550820112228394,18953
mead_part0,20260920,1,16,relative_pitch_semitone,0.7960183620452881,1.0231318473815918,18953
mead_part0,20260920,1,16,implied_speaker_baseline_semitone,0.9417781233787536,1.0076022148132324,18953
mead_part0,20260920,1,17,absolute_pitch_semitone,0.9656211733818054,0.7977035641670227,18953
mead_part0,20260920,1,17,relative_pitch_semitone,0.7853328585624695,1.053391695022583,18953
mead_part0,20260920,1,17,implied_speaker_baseline_semitone,0.9376665353775024,1.0488877296447754,18953
mead_part0,20260920,1,18,absolute_pitch_semitone,0.9625442624092102,0.8331608772277832,18953
mead_part0,20260920,1,18,relative_pitch_semitone,0.7779083251953125,1.0717438459396362,18953
mead_part0,20260920,1,18,implied_speaker_baseline_semitone,0.9348599314689636,1.0735198259353638,18953
mead_part0,20260920,1,19,absolute_pitch_semitone,0.9608084559440612,0.8536540865898132,18953
mead_part0,20260920,1,19,relative_pitch_semitone,0.7744516134262085,1.0826988220214844,18953
mead_part0,20260920,1,19,implied_speaker_baseline_semitone,0.932903528213501,1.085918664932251,18953
mead_part0,20260920,1,20,absolute_pitch_semitone,0.9624759554862976,0.8360211849212646,18953
mead_part0,20260920,1,20,relative_pitch_semitone,0.7749572992324829,1.0776010751724243,18953
mead_part0,20260920,1,20,implied_speaker_baseline_semitone,0.9370754957199096,1.0631732940673828,18953
mead_part0,20260920,1,21,absolute_pitch_semitone,0.9628575444221495,0.8313747048377991,18953
mead_part0,20260920,1,21,relative_pitch_semitone,0.7736252546310425,1.086313009262085,18953
mead_part0,20260920,1,21,implied_speaker_baseline_semitone,0.9377871751785278,1.0554206371307373,18953
mead_part0,20260920,1,22,absolute_pitch_semitone,0.9624103307724,0.8379324078559875,18953
mead_part0,20260920,1,22,relative_pitch_semitone,0.7718493938446045,1.0895061492919922,18953
mead_part0,20260920,1,22,implied_speaker_baseline_semitone,0.9427268505096436,1.016137957572937,18953
mead_part0,20260920,1,23,absolute_pitch_semitone,0.9591839909553528,0.8784382343292236,18953
mead_part0,20260920,1,23,relative_pitch_semitone,0.7614432573318481,1.110568881034851,18953
mead_part0,20260920,1,23,implied_speaker_baseline_semitone,0.9388301968574524,1.0529710054397583,18953
mead_part0,20260920,1,24,absolute_pitch_semitone,0.9589596390724182,0.8754914402961731,18953
mead_part0,20260920,1,24,relative_pitch_semitone,0.7590087652206421,1.112295627593994,18953
mead_part0,20260920,1,24,implied_speaker_baseline_semitone,0.939218044281006,1.0473406314849854,18953
mead_part0,20260920,2,0,absolute_pitch_semitone,0.9767280220985411,0.600088357925415,18953
mead_part0,20260920,2,0,relative_pitch_semitone,0.7480191588401794,1.133442759513855,18953
mead_part0,20260920,2,0,implied_speaker_baseline_semitone,0.940061330795288,1.033043622970581,18953
mead_part0,20260920,2,1,absolute_pitch_semitone,0.98368102312088,0.4937184453010559,18953
mead_part0,20260920,2,1,relative_pitch_semitone,0.825126051902771,0.947026789188385,18953
mead_part0,20260920,2,1,implied_speaker_baseline_semitone,0.9638264179229736,0.7997254133224487,18953
mead_part0,20260920,2,2,absolute_pitch_semitone,0.9848375916481018,0.4603243470191955,18953
mead_part0,20260920,2,2,relative_pitch_semitone,0.8303422927856445,0.9199994206428528,18953
mead_part0,20260920,2,2,implied_speaker_baseline_semitone,0.9646425247192384,0.7881460785865784,18953
mead_part0,20260920,2,3,absolute_pitch_semitone,0.9853004217147828,0.4482442736625671,18953
mead_part0,20260920,2,3,relative_pitch_semitone,0.8536360263824463,0.8470273017883301,18953
mead_part0,20260920,2,3,implied_speaker_baseline_semitone,0.9710050225257874,0.720099151134491,18953
mead_part0,20260920,2,4,absolute_pitch_semitone,0.9847709536552428,0.4596673250198364,18953
mead_part0,20260920,2,4,relative_pitch_semitone,0.8505339622497559,0.8601083159446716,18953
mead_part0,20260920,2,4,implied_speaker_baseline_semitone,0.9702457785606384,0.7301053404808044,18953
mead_part0,20260920,2,5,absolute_pitch_semitone,0.9842703342437744,0.4732199609279632,18953
mead_part0,20260920,2,5,relative_pitch_semitone,0.8513511419296265,0.8558995127677917,18953
mead_part0,20260920,2,5,implied_speaker_baseline_semitone,0.9702025055885316,0.7267918586730957,18953
mead_part0,20260920,2,6,absolute_pitch_semitone,0.9841907620429992,0.4726026058197021,18953
mead_part0,20260920,2,6,relative_pitch_semitone,0.8543773889541626,0.8487950563430786,18953
mead_part0,20260920,2,6,implied_speaker_baseline_semitone,0.9702017903327942,0.7267343401908875,18953
mead_part0,20260920,2,7,absolute_pitch_semitone,0.9833444952964784,0.489634245634079,18953
mead_part0,20260920,2,7,relative_pitch_semitone,0.8415711522102356,0.8924772143363953,18953
mead_part0,20260920,2,7,implied_speaker_baseline_semitone,0.9675409197807312,0.7621275186538696,18953
mead_part0,20260920,2,8,absolute_pitch_semitone,0.9827654361724854,0.503869354724884,18953
mead_part0,20260920,2,8,relative_pitch_semitone,0.8408809900283813,0.89556485414505,18953
mead_part0,20260920,2,8,implied_speaker_baseline_semitone,0.9658567905426024,0.7834752202033997,18953
mead_part0,20260920,2,9,absolute_pitch_semitone,0.9816004037857056,0.5309770107269287,18953
mead_part0,20260920,2,9,relative_pitch_semitone,0.8410823941230774,0.8948030471801758,18953
mead_part0,20260920,2,9,implied_speaker_baseline_semitone,0.9654093384742736,0.7923257350921631,18953
mead_part0,20260920,2,10,absolute_pitch_semitone,0.980630338191986,0.5489338636398315,18953
mead_part0,20260920,2,10,relative_pitch_semitone,0.8358938097953796,0.911392867565155,18953
mead_part0,20260920,2,10,implied_speaker_baseline_semitone,0.964053750038147,0.808520495891571,18953
mead_part0,20260920,2,11,absolute_pitch_semitone,0.9784554243087769,0.5843287706375122,18953
mead_part0,20260920,2,11,relative_pitch_semitone,0.8294565677642822,0.9325184226036072,18953
mead_part0,20260920,2,11,implied_speaker_baseline_semitone,0.9618628025054932,0.8245477676391602,18953
mead_part0,20260920,2,12,absolute_pitch_semitone,0.976589560508728,0.6227959394454956,18953
mead_part0,20260920,2,12,relative_pitch_semitone,0.8206000328063965,0.9587796926498412,18953
mead_part0,20260920,2,12,implied_speaker_baseline_semitone,0.9580833315849304,0.8650986552238464,18953
mead_part0,20260920,2,13,absolute_pitch_semitone,0.9743806719779968,0.6536577939987183,18953
mead_part0,20260920,2,13,relative_pitch_semitone,0.8092362880706787,0.9903230667114258,18953
mead_part0,20260920,2,13,implied_speaker_baseline_semitone,0.9540870785713196,0.9103051424026488,18953
mead_part0,20260920,2,14,absolute_pitch_semitone,0.97081458568573,0.7073068022727966,18953
mead_part0,20260920,2,14,relative_pitch_semitone,0.801104724407196,1.0115386247634888,18953
mead_part0,20260920,2,14,implied_speaker_baseline_semitone,0.9504972100257874,0.947719931602478,18953
mead_part0,20260920,2,15,absolute_pitch_semitone,0.9681763648986816,0.7470226883888245,18953
mead_part0,20260920,2,15,relative_pitch_semitone,0.7933131456375122,1.0342298746109009,18953
mead_part0,20260920,2,15,implied_speaker_baseline_semitone,0.9471789598464966,0.979407787322998,18953
mead_part0,20260920,2,16,absolute_pitch_semitone,0.9656699895858764,0.774581253528595,18953
mead_part0,20260920,2,16,relative_pitch_semitone,0.7819904088973999,1.0593245029449463,18953
mead_part0,20260920,2,16,implied_speaker_baseline_semitone,0.9419310688972472,1.0292776823043823,18953
mead_part0,20260920,2,17,absolute_pitch_semitone,0.9633129835128784,0.8050695657730103,18953
mead_part0,20260920,2,17,relative_pitch_semitone,0.7754698991775513,1.077895998954773,18953
mead_part0,20260920,2,17,implied_speaker_baseline_semitone,0.9392904043197632,1.0484274625778198,18953
mead_part0,20260920,2,18,absolute_pitch_semitone,0.9593150019645692,0.8509373068809509,18953
mead_part0,20260920,2,18,relative_pitch_semitone,0.7671505808830261,1.0898560285568235,18953
mead_part0,20260920,2,18,implied_speaker_baseline_semitone,0.9354436993598938,1.0797667503356934,18953
mead_part0,20260920,2,19,absolute_pitch_semitone,0.9577194452285768,0.8667663335800171,18953
mead_part0,20260920,2,19,relative_pitch_semitone,0.7555086612701416,1.119181990623474,18953
mead_part0,20260920,2,19,implied_speaker_baseline_semitone,0.9310274124145508,1.116312026977539,18953
mead_part0,20260920,2,20,absolute_pitch_semitone,0.9581681489944458,0.8618500232696533,18953
mead_part0,20260920,2,20,relative_pitch_semitone,0.7628787755966187,1.102462649345398,18953
mead_part0,20260920,2,20,implied_speaker_baseline_semitone,0.9346647262573242,1.090652585029602,18953
mead_part0,20260920,2,21,absolute_pitch_semitone,0.9580965042114258,0.8643105626106262,18953
mead_part0,20260920,2,21,relative_pitch_semitone,0.7583292126655579,1.1169302463531494,18953
mead_part0,20260920,2,21,implied_speaker_baseline_semitone,0.93672376871109,1.0666347742080688,18953
mead_part0,20260920,2,22,absolute_pitch_semitone,0.9591359496116638,0.8574756979942322,18953
mead_part0,20260920,2,22,relative_pitch_semitone,0.770267903804779,1.0974359512329102,18953
mead_part0,20260920,2,22,implied_speaker_baseline_semitone,0.9435613751411438,1.0081599950790403,18953
mead_part0,20260920,2,23,absolute_pitch_semitone,0.9552258253097534,0.8996663093566895,18953
mead_part0,20260920,2,23,relative_pitch_semitone,0.7541488409042358,1.1252920627593994,18953
mead_part0,20260920,2,23,implied_speaker_baseline_semitone,0.9397151470184326,1.0467123985290527,18953
mead_part0,20260920,2,24,absolute_pitch_semitone,0.9540239572525024,0.9069507122039796,18953
mead_part0,20260920,2,24,relative_pitch_semitone,0.7467793226242065,1.1341301202774048,18953
mead_part0,20260920,2,24,implied_speaker_baseline_semitone,0.9385880827903748,1.0532227754592896,18953
mead_part0,20260920,3,0,absolute_pitch_semitone,0.9787927865982056,0.6017665266990662,18953
mead_part0,20260920,3,0,relative_pitch_semitone,0.7536323666572571,1.1284325122833252,18953
mead_part0,20260920,3,0,implied_speaker_baseline_semitone,0.939427614212036,1.0347272157669067,18953
mead_part0,20260920,3,1,absolute_pitch_semitone,0.9852561354637146,0.4901965856552124,18953
mead_part0,20260920,3,1,relative_pitch_semitone,0.8282139301300049,0.9499433040618896,18953
mead_part0,20260920,3,1,implied_speaker_baseline_semitone,0.963445246219635,0.7969493865966797,18953
mead_part0,20260920,3,2,absolute_pitch_semitone,0.9867628216743468,0.4605565667152405,18953
mead_part0,20260920,3,2,relative_pitch_semitone,0.8417972922325134,0.9126539826393129,18953
mead_part0,20260920,3,2,implied_speaker_baseline_semitone,0.9661635756492616,0.7683152556419373,18953
mead_part0,20260920,3,3,absolute_pitch_semitone,0.987337589263916,0.446924477815628,18953
mead_part0,20260920,3,3,relative_pitch_semitone,0.8607338666915894,0.8494585156440735,18953
mead_part0,20260920,3,3,implied_speaker_baseline_semitone,0.970462441444397,0.7184401154518127,18953
mead_part0,20260920,3,4,absolute_pitch_semitone,0.9869940876960754,0.4537168145179748,18953
mead_part0,20260920,3,4,relative_pitch_semitone,0.8636330366134644,0.8403668999671936,18953
mead_part0,20260920,3,4,implied_speaker_baseline_semitone,0.970706045627594,0.7144309878349304,18953
mead_part0,20260920,3,5,absolute_pitch_semitone,0.986299991607666,0.4720260202884674,18953
mead_part0,20260920,3,5,relative_pitch_semitone,0.8600662350654602,0.8505058288574219,18953
mead_part0,20260920,3,5,implied_speaker_baseline_semitone,0.9695993065834044,0.731002926826477,18953
mead_part0,20260920,3,6,absolute_pitch_semitone,0.9862841367721558,0.4715989530086517,18953
mead_part0,20260920,3,6,relative_pitch_semitone,0.8585544228553772,0.8629260659217834,18953
mead_part0,20260920,3,6,implied_speaker_baseline_semitone,0.9689072966575624,0.737175464630127,18953
mead_part0,20260920,3,7,absolute_pitch_semitone,0.9859552383422852,0.4813703596591949,18953
mead_part0,20260920,3,7,relative_pitch_semitone,0.8486551642417908,0.8962904810905457,18953
mead_part0,20260920,3,7,implied_speaker_baseline_semitone,0.9662196636199952,0.7731459140777588,18953
mead_part0,20260920,3,8,absolute_pitch_semitone,0.9846346974372864,0.5004246234893799,18953
mead_part0,20260920,3,8,relative_pitch_semitone,0.8476253747940063,0.8934146761894226,18953
mead_part0,20260920,3,8,implied_speaker_baseline_semitone,0.9651303887367249,0.7857711911201477,18953
mead_part0,20260920,3,9,absolute_pitch_semitone,0.9834330081939696,0.522481381893158,18953
mead_part0,20260920,3,9,relative_pitch_semitone,0.8488144278526306,0.894538938999176,18953
mead_part0,20260920,3,9,implied_speaker_baseline_semitone,0.965140461921692,0.790827214717865,18953
mead_part0,20260920,3,10,absolute_pitch_semitone,0.9821254014968872,0.548504650592804,18953
mead_part0,20260920,3,10,relative_pitch_semitone,0.8439304828643799,0.9130672216415404,18953
mead_part0,20260920,3,10,implied_speaker_baseline_semitone,0.962391436100006,0.8187879920005798,18953
mead_part0,20260920,3,11,absolute_pitch_semitone,0.9796459078788756,0.5905048251152039,18953
mead_part0,20260920,3,11,relative_pitch_semitone,0.8400219082832336,0.924141764640808,18953
mead_part0,20260920,3,11,implied_speaker_baseline_semitone,0.9613133668899536,0.8341039419174194,18953
mead_part0,20260920,3,12,absolute_pitch_semitone,0.9780770540237428,0.6165543794631958,18953
mead_part0,20260920,3,12,relative_pitch_semitone,0.8324254751205444,0.9415673017501832,18953
mead_part0,20260920,3,12,implied_speaker_baseline_semitone,0.9585543274879456,0.8568573594093323,18953
mead_part0,20260920,3,13,absolute_pitch_semitone,0.9756614565849304,0.6548490524291992,18953
mead_part0,20260920,3,13,relative_pitch_semitone,0.8233948349952698,0.964625120162964,18953
mead_part0,20260920,3,13,implied_speaker_baseline_semitone,0.953506886959076,0.9038726091384888,18953
mead_part0,20260920,3,14,absolute_pitch_semitone,0.972808301448822,0.6971927285194397,18953
mead_part0,20260920,3,14,relative_pitch_semitone,0.8133443593978882,0.9932267069816588,18953
mead_part0,20260920,3,14,implied_speaker_baseline_semitone,0.9500015377998352,0.9397939443588256,18953
mead_part0,20260920,3,15,absolute_pitch_semitone,0.9698334336280824,0.7344497442245483,18953
mead_part0,20260920,3,15,relative_pitch_semitone,0.8051750659942627,1.0158050060272217,18953
mead_part0,20260920,3,15,implied_speaker_baseline_semitone,0.9453814029693604,0.985851526260376,18953
mead_part0,20260920,3,16,absolute_pitch_semitone,0.9675032496452332,0.7682855725288391,18953
mead_part0,20260920,3,16,relative_pitch_semitone,0.7924200296401978,1.0541502237319946,18953
mead_part0,20260920,3,16,implied_speaker_baseline_semitone,0.93986976146698,1.0349444150924685,18953
mead_part0,20260920,3,17,absolute_pitch_semitone,0.964676797389984,0.8038429021835327,18953
mead_part0,20260920,3,17,relative_pitch_semitone,0.7797576189041138,1.0783942937850952,18953
mead_part0,20260920,3,17,implied_speaker_baseline_semitone,0.93628191947937,1.0655198097229004,18953
mead_part0,20260920,3,18,absolute_pitch_semitone,0.9622114300727844,0.8364433646202087,18953
mead_part0,20260920,3,18,relative_pitch_semitone,0.7757482528686523,1.0924623012542725,18953
mead_part0,20260920,3,18,implied_speaker_baseline_semitone,0.9338248372077942,1.0933388471603394,18953
mead_part0,20260920,3,19,absolute_pitch_semitone,0.9601147770881652,0.8646748661994934,18953
mead_part0,20260920,3,19,relative_pitch_semitone,0.7617357969284058,1.1222227811813354,18953
mead_part0,20260920,3,19,implied_speaker_baseline_semitone,0.9290002584457396,1.1253212690353394,18953
mead_part0,20260920,3,20,absolute_pitch_semitone,0.9606351256370544,0.8483802080154419,18953
mead_part0,20260920,3,20,relative_pitch_semitone,0.766676664352417,1.109015941619873,18953
mead_part0,20260920,3,20,implied_speaker_baseline_semitone,0.9337160587310792,1.089467167854309,18953
mead_part0,20260920,3,21,absolute_pitch_semitone,0.9609841704368592,0.8485170602798462,18953
mead_part0,20260920,3,21,relative_pitch_semitone,0.7652235627174377,1.1034797430038452,18953
mead_part0,20260920,3,21,implied_speaker_baseline_semitone,0.9344306588172911,1.0724186897277832,18953
mead_part0,20260920,3,22,absolute_pitch_semitone,0.9618178009986876,0.8408135771751404,18953
mead_part0,20260920,3,22,relative_pitch_semitone,0.7734850645065308,1.0909736156463623,18953
mead_part0,20260920,3,22,implied_speaker_baseline_semitone,0.9414430856704712,1.0215984582901,18953
mead_part0,20260920,3,23,absolute_pitch_semitone,0.9570951461791992,0.8907519578933716,18953
mead_part0,20260920,3,23,relative_pitch_semitone,0.755152702331543,1.132407307624817,18953
mead_part0,20260920,3,23,implied_speaker_baseline_semitone,0.9356904029846193,1.0657403469085691,18953
mead_part0,20260920,3,24,absolute_pitch_semitone,0.9567283987998962,0.8944836854934692,18953
mead_part0,20260920,3,24,relative_pitch_semitone,0.7463134527206421,1.1540392637252808,18953
mead_part0,20260920,3,24,implied_speaker_baseline_semitone,0.935254454612732,1.0746022462844849,18953
mead_part0,20260921,0,0,absolute_pitch_semitone,0.9760919809341432,0.6158131957054138,18953
mead_part0,20260921,0,0,relative_pitch_semitone,0.74741530418396,1.1202161312103271,18953
mead_part0,20260921,0,0,implied_speaker_baseline_semitone,0.941127598285675,1.0198330879211426,18953
mead_part0,20260921,0,1,absolute_pitch_semitone,0.9839928150177002,0.4948318004608154,18953
mead_part0,20260921,0,1,relative_pitch_semitone,0.8250807523727417,0.944213569164276,18953
mead_part0,20260921,0,1,implied_speaker_baseline_semitone,0.9644101858139038,0.7932732701301575,18953
mead_part0,20260921,0,2,absolute_pitch_semitone,0.9851295351982116,0.4656696021556854,18953
mead_part0,20260921,0,2,relative_pitch_semitone,0.8366311192512512,0.9060378670692444,18953
mead_part0,20260921,0,2,implied_speaker_baseline_semitone,0.967464566230774,0.759620726108551,18953
mead_part0,20260921,0,3,absolute_pitch_semitone,0.9856062531471252,0.4522372186183929,18953
mead_part0,20260921,0,3,relative_pitch_semitone,0.8555285930633545,0.8443558812141418,18953
mead_part0,20260921,0,3,implied_speaker_baseline_semitone,0.971493363380432,0.7100358605384827,18953
mead_part0,20260921,0,4,absolute_pitch_semitone,0.985387682914734,0.4635339677333832,18953
mead_part0,20260921,0,4,relative_pitch_semitone,0.8567631244659424,0.8380963802337646,18953
mead_part0,20260921,0,4,implied_speaker_baseline_semitone,0.9719152450561525,0.7018021941184998,18953
mead_part0,20260921,0,5,absolute_pitch_semitone,0.9846004843711852,0.4815666675567627,18953
mead_part0,20260921,0,5,relative_pitch_semitone,0.8541314005851746,0.8469134569168091,18953
mead_part0,20260921,0,5,implied_speaker_baseline_semitone,0.9711676836013794,0.7131011486053467,18953
mead_part0,20260921,0,6,absolute_pitch_semitone,0.9847419261932372,0.4739092290401459,18953
mead_part0,20260921,0,6,relative_pitch_semitone,0.8535614013671875,0.8485357165336609,18953
mead_part0,20260921,0,6,implied_speaker_baseline_semitone,0.9705811142921448,0.7179636359214783,18953
mead_part0,20260921,0,7,absolute_pitch_semitone,0.9841450452804564,0.4901688992977142,18953
mead_part0,20260921,0,7,relative_pitch_semitone,0.8419250249862671,0.886343240737915,18953
mead_part0,20260921,0,7,implied_speaker_baseline_semitone,0.9681054949760436,0.752470850944519,18953
mead_part0,20260921,0,8,absolute_pitch_semitone,0.9832902550697328,0.5061998963356018,18953
mead_part0,20260921,0,8,relative_pitch_semitone,0.8401056528091431,0.8864479064941406,18953
mead_part0,20260921,0,8,implied_speaker_baseline_semitone,0.9671214818954468,0.7590792179107666,18953
mead_part0,20260921,0,9,absolute_pitch_semitone,0.9820114970207214,0.5306944847106934,18953
mead_part0,20260921,0,9,relative_pitch_semitone,0.8393807411193848,0.8871855735778809,18953
mead_part0,20260921,0,9,implied_speaker_baseline_semitone,0.9660298824310304,0.7805505990982056,18953
mead_part0,20260921,0,10,absolute_pitch_semitone,0.9807295203208924,0.5555845499038696,18953
mead_part0,20260921,0,10,relative_pitch_semitone,0.8349466919898987,0.9067168235778807,18953
mead_part0,20260921,0,10,implied_speaker_baseline_semitone,0.9644663333892822,0.7968752980232239,18953
mead_part0,20260921,0,11,absolute_pitch_semitone,0.9786017537117004,0.5896832942962646,18953
mead_part0,20260921,0,11,relative_pitch_semitone,0.8292593359947205,0.9255725145339966,18953
mead_part0,20260921,0,11,implied_speaker_baseline_semitone,0.9629866480827332,0.8146098256111145,18953
mead_part0,20260921,0,12,absolute_pitch_semitone,0.9758765697479248,0.6382984519004822,18953
mead_part0,20260921,0,12,relative_pitch_semitone,0.8227535486221313,0.9457731246948242,18953
mead_part0,20260921,0,12,implied_speaker_baseline_semitone,0.9604104161262512,0.8449389934539795,18953
mead_part0,20260921,0,13,absolute_pitch_semitone,0.9732806086540222,0.6690165996551514,18953
mead_part0,20260921,0,13,relative_pitch_semitone,0.8117407560348511,0.9810185432434082,18953
mead_part0,20260921,0,13,implied_speaker_baseline_semitone,0.9551821947097778,0.8978385925292969,18953
mead_part0,20260921,0,14,absolute_pitch_semitone,0.970498502254486,0.7086398005485535,18953
mead_part0,20260921,0,14,relative_pitch_semitone,0.8017668128013611,0.9996408820152284,18953
mead_part0,20260921,0,14,implied_speaker_baseline_semitone,0.9505271315574646,0.944620966911316,18953
mead_part0,20260921,0,15,absolute_pitch_semitone,0.9677267670631408,0.7462047338485718,18953
mead_part0,20260921,0,15,relative_pitch_semitone,0.7919163703918457,1.0217634439468384,18953
mead_part0,20260921,0,15,implied_speaker_baseline_semitone,0.9469029307365416,0.9757930040359496,18953
mead_part0,20260921,0,16,absolute_pitch_semitone,0.9654472470283508,0.7767981290817261,18953
mead_part0,20260921,0,16,relative_pitch_semitone,0.7825759053230286,1.0516201257705688,18953
mead_part0,20260921,0,16,implied_speaker_baseline_semitone,0.942393958568573,1.0118151903152466,18953
mead_part0,20260921,0,17,absolute_pitch_semitone,0.9632373452186584,0.8035752773284912,18953
mead_part0,20260921,0,17,relative_pitch_semitone,0.7722971439361572,1.0806158781051636,18953
mead_part0,20260921,0,17,implied_speaker_baseline_semitone,0.9381088614463806,1.058089017868042,18953
mead_part0,20260921,0,18,absolute_pitch_semitone,0.9601725935935974,0.8457773923873901,18953
mead_part0,20260921,0,18,relative_pitch_semitone,0.759131669998169,1.109608173370361,18953
mead_part0,20260921,0,18,implied_speaker_baseline_semitone,0.936116099357605,1.0766289234161377,18953
mead_part0,20260921,0,19,absolute_pitch_semitone,0.9573413133621216,0.8767343759536743,18953
mead_part0,20260921,0,19,relative_pitch_semitone,0.7510153651237488,1.1282756328582764,18953
mead_part0,20260921,0,19,implied_speaker_baseline_semitone,0.9311933517456056,1.112823247909546,18953
mead_part0,20260921,0,20,absolute_pitch_semitone,0.9583591222763062,0.8626065254211426,18953
mead_part0,20260921,0,20,relative_pitch_semitone,0.7529885768890381,1.1246737241744995,18953
mead_part0,20260921,0,20,implied_speaker_baseline_semitone,0.934740662574768,1.086754322052002,18953
mead_part0,20260921,0,21,absolute_pitch_semitone,0.9583801031112672,0.8626368045806885,18953
mead_part0,20260921,0,21,relative_pitch_semitone,0.7565720081329346,1.112228512763977,18953
mead_part0,20260921,0,21,implied_speaker_baseline_semitone,0.9362407326698304,1.0649607181549072,18953
mead_part0,20260921,0,22,absolute_pitch_semitone,0.9589589834213256,0.8611907958984375,18953
mead_part0,20260921,0,22,relative_pitch_semitone,0.7647800445556641,1.1061228513717651,18953
mead_part0,20260921,0,22,implied_speaker_baseline_semitone,0.9423621296882628,1.019262671470642,18953
mead_part0,20260921,0,23,absolute_pitch_semitone,0.9550224542617798,0.9101769924163818,18953
mead_part0,20260921,0,23,relative_pitch_semitone,0.7464196085929871,1.1400189399719238,18953
mead_part0,20260921,0,23,implied_speaker_baseline_semitone,0.9375608563423156,1.0646418333053589,18953
mead_part0,20260921,0,24,absolute_pitch_semitone,0.9549533724784852,0.9125215411186218,18953
mead_part0,20260921,0,24,relative_pitch_semitone,0.7393743991851807,1.1538875102996826,18953
mead_part0,20260921,0,24,implied_speaker_baseline_semitone,0.9369940757751464,1.071123719215393,18953
mead_part0,20260921,1,0,absolute_pitch_semitone,0.978030264377594,0.6066873669624329,18953
mead_part0,20260921,1,0,relative_pitch_semitone,0.744309663772583,1.1368929147720337,18953
mead_part0,20260921,1,0,implied_speaker_baseline_semitone,0.9379015564918518,1.047519564628601,18953
mead_part0,20260921,1,1,absolute_pitch_semitone,0.985440194606781,0.4923067092895508,18953
mead_part0,20260921,1,1,relative_pitch_semitone,0.8224369287490845,0.9405654072761536,18953
mead_part0,20260921,1,1,implied_speaker_baseline_semitone,0.9636218547821044,0.7947497367858887,18953
mead_part0,20260921,1,2,absolute_pitch_semitone,0.987165629863739,0.4561852514743805,18953
mead_part0,20260921,1,2,relative_pitch_semitone,0.8395978808403015,0.9032605886459352,18953
mead_part0,20260921,1,2,implied_speaker_baseline_semitone,0.9659475684165956,0.7744914889335632,18953
mead_part0,20260921,1,3,absolute_pitch_semitone,0.9874038100242616,0.4539386630058288,18953
mead_part0,20260921,1,3,relative_pitch_semitone,0.8555663824081421,0.8503968715667725,18953
mead_part0,20260921,1,3,implied_speaker_baseline_semitone,0.9703627228736876,0.7220215201377869,18953
mead_part0,20260921,1,4,absolute_pitch_semitone,0.9870298504829408,0.4586396217346191,18953
mead_part0,20260921,1,4,relative_pitch_semitone,0.8562716245651245,0.84990394115448,18953
mead_part0,20260921,1,4,implied_speaker_baseline_semitone,0.9699618220329284,0.7265105843544006,18953
mead_part0,20260921,1,5,absolute_pitch_semitone,0.9868274927139282,0.4645967185497284,18953
mead_part0,20260921,1,5,relative_pitch_semitone,0.8550868034362793,0.8573952913284302,18953
mead_part0,20260921,1,5,implied_speaker_baseline_semitone,0.9698164463043212,0.7255032062530518,18953
mead_part0,20260921,1,6,absolute_pitch_semitone,0.986632525920868,0.4708712995052337,18953
mead_part0,20260921,1,6,relative_pitch_semitone,0.855509877204895,0.858397901058197,18953
mead_part0,20260921,1,6,implied_speaker_baseline_semitone,0.969009518623352,0.7333913445472717,18953
mead_part0,20260921,1,7,absolute_pitch_semitone,0.985896110534668,0.4858835339546203,18953
mead_part0,20260921,1,7,relative_pitch_semitone,0.8448348045349121,0.889930248260498,18953
mead_part0,20260921,1,7,implied_speaker_baseline_semitone,0.9668035507202148,0.7645087838172913,18953
mead_part0,20260921,1,8,absolute_pitch_semitone,0.9844695329666138,0.5042588114738464,18953
mead_part0,20260921,1,8,relative_pitch_semitone,0.8445990085601807,0.8921631574630737,18953
mead_part0,20260921,1,8,implied_speaker_baseline_semitone,0.9650201201438904,0.783183217048645,18953
mead_part0,20260921,1,9,absolute_pitch_semitone,0.9831846356391908,0.5365782380104065,18953
mead_part0,20260921,1,9,relative_pitch_semitone,0.8426586389541626,0.8970465660095215,18953
mead_part0,20260921,1,9,implied_speaker_baseline_semitone,0.9643958806991576,0.795964241027832,18953
mead_part0,20260921,1,10,absolute_pitch_semitone,0.9817456007003784,0.5574977993965149,18953
mead_part0,20260921,1,10,relative_pitch_semitone,0.8362627029418945,0.9203786253929138,18953
mead_part0,20260921,1,10,implied_speaker_baseline_semitone,0.9619749188423156,0.8179317116737366,18953
mead_part0,20260921,1,11,absolute_pitch_semitone,0.97961688041687,0.5931097865104675,18953
mead_part0,20260921,1,11,relative_pitch_semitone,0.8353937268257141,0.918495237827301,18953
mead_part0,20260921,1,11,implied_speaker_baseline_semitone,0.9612106680870056,0.8289945125579834,18953
mead_part0,20260921,1,12,absolute_pitch_semitone,0.9778647422790528,0.6244690418243408,18953
mead_part0,20260921,1,12,relative_pitch_semitone,0.8267938494682312,0.945517897605896,18953
mead_part0,20260921,1,12,implied_speaker_baseline_semitone,0.9583033919334412,0.8649558424949646,18953
mead_part0,20260921,1,13,absolute_pitch_semitone,0.9758915901184082,0.6563792824745178,18953
mead_part0,20260921,1,13,relative_pitch_semitone,0.8186889886856079,0.9708350896835328,18953
mead_part0,20260921,1,13,implied_speaker_baseline_semitone,0.9546712636947632,0.8986755013465881,18953
mead_part0,20260921,1,14,absolute_pitch_semitone,0.9732071161270142,0.7004547119140625,18953
mead_part0,20260921,1,14,relative_pitch_semitone,0.810114860534668,0.9919814467430116,18953
mead_part0,20260921,1,14,implied_speaker_baseline_semitone,0.9496268630027772,0.9446821808815002,18953
mead_part0,20260921,1,15,absolute_pitch_semitone,0.969529628753662,0.7485380172729492,18953
mead_part0,20260921,1,15,relative_pitch_semitone,0.803261399269104,1.0097298622131348,18953
mead_part0,20260921,1,15,implied_speaker_baseline_semitone,0.9458829164505004,0.9855140447616576,18953
mead_part0,20260921,1,16,absolute_pitch_semitone,0.9674167037010192,0.7729973196983337,18953
mead_part0,20260921,1,16,relative_pitch_semitone,0.7936681509017944,1.0312066078186035,18953
mead_part0,20260921,1,16,implied_speaker_baseline_semitone,0.9414262771606444,1.0221397876739502,18953
mead_part0,20260921,1,17,absolute_pitch_semitone,0.9640238285064696,0.8154157400131226,18953
mead_part0,20260921,1,17,relative_pitch_semitone,0.7818498015403748,1.0591473579406738,18953
mead_part0,20260921,1,17,implied_speaker_baseline_semitone,0.9368270635604858,1.062718152999878,18953
mead_part0,20260921,1,18,absolute_pitch_semitone,0.9607921838760376,0.8529037833213806,18953
mead_part0,20260921,1,18,relative_pitch_semitone,0.7713627815246582,1.0828813314437866,18953
mead_part0,20260921,1,18,implied_speaker_baseline_semitone,0.9332065582275392,1.094138741493225,18953
mead_part0,20260921,1,19,absolute_pitch_semitone,0.9584022760391236,0.8740212321281433,18953
mead_part0,20260921,1,19,relative_pitch_semitone,0.7632614970207214,1.1079118251800537,18953
mead_part0,20260921,1,19,implied_speaker_baseline_semitone,0.9298341274261476,1.122267246246338,18953
mead_part0,20260921,1,20,absolute_pitch_semitone,0.9592738151550292,0.8645251393318176,18953
mead_part0,20260921,1,20,relative_pitch_semitone,0.7581590414047241,1.1170222759246826,18953
mead_part0,20260921,1,20,implied_speaker_baseline_semitone,0.933488428592682,1.094752073287964,18953
mead_part0,20260921,1,21,absolute_pitch_semitone,0.9614790081977844,0.8450276255607605,18953
mead_part0,20260921,1,21,relative_pitch_semitone,0.7631329298019409,1.111318826675415,18953
mead_part0,20260921,1,21,implied_speaker_baseline_semitone,0.9355040788650512,1.078280687332153,18953
mead_part0,20260921,1,22,absolute_pitch_semitone,0.9606136679649352,0.8576939702033997,18953
mead_part0,20260921,1,22,relative_pitch_semitone,0.7647423148155212,1.106938362121582,18953
mead_part0,20260921,1,22,implied_speaker_baseline_semitone,0.940489649772644,1.0334593057632446,18953
mead_part0,20260921,1,23,absolute_pitch_semitone,0.957369863986969,0.8943279385566711,18953
mead_part0,20260921,1,23,relative_pitch_semitone,0.7569851875305176,1.1232820749282837,18953
mead_part0,20260921,1,23,implied_speaker_baseline_semitone,0.9383198618888856,1.0582746267318726,18953
mead_part0,20260921,1,24,absolute_pitch_semitone,0.9556806683540344,0.9102872014045716,18953
mead_part0,20260921,1,24,relative_pitch_semitone,0.7466917037963867,1.1361111402511597,18953
mead_part0,20260921,1,24,implied_speaker_baseline_semitone,0.9379107356071472,1.0564910173416138,18953
mead_part0,20260921,2,0,absolute_pitch_semitone,0.9785711765289308,0.6025920510292053,18953
mead_part0,20260921,2,0,relative_pitch_semitone,0.7508701682090759,1.13590407371521,18953
mead_part0,20260921,2,0,implied_speaker_baseline_semitone,0.9387656450271606,1.032337665557861,18953
mead_part0,20260921,2,1,absolute_pitch_semitone,0.9853633046150208,0.4908916652202606,18953
mead_part0,20260921,2,1,relative_pitch_semitone,0.8256304264068604,0.9497019052505492,18953
mead_part0,20260921,2,1,implied_speaker_baseline_semitone,0.9631938338279724,0.796113908290863,18953
mead_part0,20260921,2,2,absolute_pitch_semitone,0.9870532751083374,0.4531390070915222,18953
mead_part0,20260921,2,2,relative_pitch_semitone,0.8418049216270447,0.9034367203712464,18953
mead_part0,20260921,2,2,implied_speaker_baseline_semitone,0.965757131576538,0.7703843712806702,18953
mead_part0,20260921,2,3,absolute_pitch_semitone,0.9876002669334412,0.4384493827819824,18953
mead_part0,20260921,2,3,relative_pitch_semitone,0.862682044506073,0.8435643315315247,18953
mead_part0,20260921,2,3,implied_speaker_baseline_semitone,0.9708805084228516,0.7177906036376953,18953
mead_part0,20260921,2,4,absolute_pitch_semitone,0.9870555400848388,0.4522055387496948,18953
mead_part0,20260921,2,4,relative_pitch_semitone,0.8607966899871826,0.8467299342155457,18953
mead_part0,20260921,2,4,implied_speaker_baseline_semitone,0.970088541507721,0.7231449484825134,18953
mead_part0,20260921,2,5,absolute_pitch_semitone,0.9867474436759948,0.4639395475387573,18953
mead_part0,20260921,2,5,relative_pitch_semitone,0.859757661819458,0.8535712361335754,18953
mead_part0,20260921,2,5,implied_speaker_baseline_semitone,0.969843327999115,0.730684220790863,18953
mead_part0,20260921,2,6,absolute_pitch_semitone,0.9860696196556092,0.4700931012630462,18953
mead_part0,20260921,2,6,relative_pitch_semitone,0.8602491021156311,0.849420964717865,18953
mead_part0,20260921,2,6,implied_speaker_baseline_semitone,0.9697082042694092,0.7285943031311035,18953
mead_part0,20260921,2,7,absolute_pitch_semitone,0.9852167963981628,0.4848016798496246,18953
mead_part0,20260921,2,7,relative_pitch_semitone,0.8519353270530701,0.8792077898979187,18953
mead_part0,20260921,2,7,implied_speaker_baseline_semitone,0.9678614735603333,0.755516767501831,18953
mead_part0,20260921,2,8,absolute_pitch_semitone,0.9845280647277832,0.5036610960960388,18953
mead_part0,20260921,2,8,relative_pitch_semitone,0.8532378673553467,0.8799701929092407,18953
mead_part0,20260921,2,8,implied_speaker_baseline_semitone,0.965746819972992,0.7777193784713745,18953
mead_part0,20260921,2,9,absolute_pitch_semitone,0.9831734895706176,0.523919939994812,18953
mead_part0,20260921,2,9,relative_pitch_semitone,0.8537634611129761,0.8779958486557007,18953
mead_part0,20260921,2,9,implied_speaker_baseline_semitone,0.965342104434967,0.7895078063011169,18953
mead_part0,20260921,2,10,absolute_pitch_semitone,0.9822145104408264,0.5501018166542053,18953
mead_part0,20260921,2,10,relative_pitch_semitone,0.8483174443244934,0.8963291049003601,18953
mead_part0,20260921,2,10,implied_speaker_baseline_semitone,0.9639431834220886,0.802304208278656,18953
mead_part0,20260921,2,11,absolute_pitch_semitone,0.980292558670044,0.5819061994552612,18953
mead_part0,20260921,2,11,relative_pitch_semitone,0.8388144969940186,0.9255123734474182,18953
mead_part0,20260921,2,11,implied_speaker_baseline_semitone,0.9623465538024902,0.8210489153862,18953
mead_part0,20260921,2,12,absolute_pitch_semitone,0.978556513786316,0.6105742454528809,18953
mead_part0,20260921,2,12,relative_pitch_semitone,0.8315075039863586,0.9426499009132384,18953
mead_part0,20260921,2,12,implied_speaker_baseline_semitone,0.9588922262191772,0.8516073226928711,18953
mead_part0,20260921,2,13,absolute_pitch_semitone,0.9753207564353944,0.6586794257164001,18953
mead_part0,20260921,2,13,relative_pitch_semitone,0.8195520043373108,0.972034752368927,18953
mead_part0,20260921,2,13,implied_speaker_baseline_semitone,0.95448237657547,0.8993971347808838,18953
mead_part0,20260921,2,14,absolute_pitch_semitone,0.9728954434394836,0.6944004893302917,18953
mead_part0,20260921,2,14,relative_pitch_semitone,0.8129693865776062,0.9957711696624756,18953
mead_part0,20260921,2,14,implied_speaker_baseline_semitone,0.9508336782455444,0.9420328736305236,18953
mead_part0,20260921,2,15,absolute_pitch_semitone,0.9695037007331848,0.7351524829864502,18953
mead_part0,20260921,2,15,relative_pitch_semitone,0.801755428314209,1.023515224456787,18953
mead_part0,20260921,2,15,implied_speaker_baseline_semitone,0.94584983587265,0.9866608381271362,18953
mead_part0,20260921,2,16,absolute_pitch_semitone,0.9665239453315736,0.771766722202301,18953
mead_part0,20260921,2,16,relative_pitch_semitone,0.7883603572845459,1.0494002103805542,18953
mead_part0,20260921,2,16,implied_speaker_baseline_semitone,0.9402034878730774,1.0261062383651731,18953
mead_part0,20260921,2,17,absolute_pitch_semitone,0.9638288021087646,0.8041387796401978,18953
mead_part0,20260921,2,17,relative_pitch_semitone,0.7823401689529419,1.0693087577819824,18953
mead_part0,20260921,2,17,implied_speaker_baseline_semitone,0.937944769859314,1.0522849559783936,18953
mead_part0,20260921,2,18,absolute_pitch_semitone,0.961841881275177,0.830636203289032,18953
mead_part0,20260921,2,18,relative_pitch_semitone,0.7744739651679993,1.0845787525177002,18953
mead_part0,20260921,2,18,implied_speaker_baseline_semitone,0.9334035515785216,1.0941886901855469,18953
mead_part0,20260921,2,19,absolute_pitch_semitone,0.959871768951416,0.8575900793075562,18953
mead_part0,20260921,2,19,relative_pitch_semitone,0.770819902420044,1.101180076599121,18953
mead_part0,20260921,2,19,implied_speaker_baseline_semitone,0.931829571723938,1.1050068140029907,18953
mead_part0,20260921,2,20,absolute_pitch_semitone,0.9614781141281128,0.8386709690093994,18953
mead_part0,20260921,2,20,relative_pitch_semitone,0.7696279287338257,1.106609582901001,18953
mead_part0,20260921,2,20,implied_speaker_baseline_semitone,0.936286687850952,1.076177716255188,18953
mead_part0,20260921,2,21,absolute_pitch_semitone,0.9616087675094604,0.8316264748573303,18953
mead_part0,20260921,2,21,relative_pitch_semitone,0.767300009727478,1.108830451965332,18953
mead_part0,20260921,2,21,implied_speaker_baseline_semitone,0.9379788637161256,1.0528085231781006,18953
mead_part0,20260921,2,22,absolute_pitch_semitone,0.9623558521270752,0.8283579349517822,18953
mead_part0,20260921,2,22,relative_pitch_semitone,0.7739232778549194,1.0982666015625,18953
mead_part0,20260921,2,22,implied_speaker_baseline_semitone,0.943252682685852,1.0124253034591677,18953
mead_part0,20260921,2,23,absolute_pitch_semitone,0.9582769870758056,0.8782628178596497,18953
mead_part0,20260921,2,23,relative_pitch_semitone,0.7629432678222656,1.1280876398086548,18953
mead_part0,20260921,2,23,implied_speaker_baseline_semitone,0.9387176632881165,1.0491605997085571,18953
mead_part0,20260921,2,24,absolute_pitch_semitone,0.9569425582885742,0.8854581713676453,18953
mead_part0,20260921,2,24,relative_pitch_semitone,0.7559393048286438,1.1458877325057983,18953
mead_part0,20260921,2,24,implied_speaker_baseline_semitone,0.9388631582260132,1.0483572483062744,18953
mead_part0,20260921,3,0,absolute_pitch_semitone,0.9808793067932128,0.5826237797737122,18953
mead_part0,20260921,3,0,relative_pitch_semitone,0.7518019676208496,1.1249945163726809,18953
mead_part0,20260921,3,0,implied_speaker_baseline_semitone,0.9396238327026368,1.0393692255020142,18953
mead_part0,20260921,3,1,absolute_pitch_semitone,0.987738072872162,0.4685170650482178,18953
mead_part0,20260921,3,1,relative_pitch_semitone,0.8348806500434875,0.9275044798851012,18953
mead_part0,20260921,3,1,implied_speaker_baseline_semitone,0.9626671671867372,0.8145669102668762,18953
mead_part0,20260921,3,2,absolute_pitch_semitone,0.9892292022705078,0.4337421059608459,18953
mead_part0,20260921,3,2,relative_pitch_semitone,0.845158040523529,0.8985400199890137,18953
mead_part0,20260921,3,2,implied_speaker_baseline_semitone,0.965649425983429,0.7773165702819824,18953
mead_part0,20260921,3,3,absolute_pitch_semitone,0.9895421266555786,0.4249860942363739,18953
mead_part0,20260921,3,3,relative_pitch_semitone,0.8659422993659973,0.8399143815040588,18953
mead_part0,20260921,3,3,implied_speaker_baseline_semitone,0.970802128314972,0.7217230796813965,18953
mead_part0,20260921,3,4,absolute_pitch_semitone,0.9891894459724426,0.4340205192565918,18953
mead_part0,20260921,3,4,relative_pitch_semitone,0.8685940504074097,0.8256816864013672,18953
mead_part0,20260921,3,4,implied_speaker_baseline_semitone,0.9712143540382384,0.711759626865387,18953
mead_part0,20260921,3,5,absolute_pitch_semitone,0.9888898730278016,0.4414414167404175,18953
mead_part0,20260921,3,5,relative_pitch_semitone,0.8674901127815247,0.832737922668457,18953
mead_part0,20260921,3,5,implied_speaker_baseline_semitone,0.9703551530838012,0.7243191003799438,18953
mead_part0,20260921,3,6,absolute_pitch_semitone,0.9887319207191468,0.444960206747055,18953
mead_part0,20260921,3,6,relative_pitch_semitone,0.8651806116104126,0.8379917740821838,18953
mead_part0,20260921,3,6,implied_speaker_baseline_semitone,0.9689483642578124,0.7452472448348999,18953
mead_part0,20260921,3,7,absolute_pitch_semitone,0.9877672791481018,0.4633515477180481,18953
mead_part0,20260921,3,7,relative_pitch_semitone,0.8558096885681152,0.8714552521705627,18953
mead_part0,20260921,3,7,implied_speaker_baseline_semitone,0.9666504263877868,0.7703819274902344,18953
mead_part0,20260921,3,8,absolute_pitch_semitone,0.9870420098304749,0.4789133965969085,18953
mead_part0,20260921,3,8,relative_pitch_semitone,0.8530956506729126,0.880285382270813,18953
mead_part0,20260921,3,8,implied_speaker_baseline_semitone,0.965114414691925,0.789933443069458,18953
mead_part0,20260921,3,9,absolute_pitch_semitone,0.9851866960525512,0.5124927759170532,18953
mead_part0,20260921,3,9,relative_pitch_semitone,0.8539350032806396,0.8785966038703918,18953
mead_part0,20260921,3,9,implied_speaker_baseline_semitone,0.9646873474121094,0.7990993857383728,18953
mead_part0,20260921,3,10,absolute_pitch_semitone,0.9837499856948853,0.5376400351524353,18953
mead_part0,20260921,3,10,relative_pitch_semitone,0.8467546105384827,0.8924537897109985,18953
mead_part0,20260921,3,10,implied_speaker_baseline_semitone,0.9620355367660522,0.8222968578338623,18953
mead_part0,20260921,3,11,absolute_pitch_semitone,0.98180091381073,0.5718449950218201,18953
mead_part0,20260921,3,11,relative_pitch_semitone,0.8439440727233887,0.901750922203064,18953
mead_part0,20260921,3,11,implied_speaker_baseline_semitone,0.9611638188362122,0.8286750912666321,18953
mead_part0,20260921,3,12,absolute_pitch_semitone,0.980199694633484,0.6005240082740784,18953
mead_part0,20260921,3,12,relative_pitch_semitone,0.8363498449325562,0.9251332879066468,18953
mead_part0,20260921,3,12,implied_speaker_baseline_semitone,0.9578096866607666,0.8678858876228333,18953
mead_part0,20260921,3,13,absolute_pitch_semitone,0.9779779314994812,0.6396254897117615,18953
mead_part0,20260921,3,13,relative_pitch_semitone,0.8253036737442017,0.9558048248291016,18953
mead_part0,20260921,3,13,implied_speaker_baseline_semitone,0.9538738131523132,0.9062455892562866,18953
mead_part0,20260921,3,14,absolute_pitch_semitone,0.9755003452301024,0.6785032749176025,18953
mead_part0,20260921,3,14,relative_pitch_semitone,0.8187189102172852,0.9701315760612488,18953
mead_part0,20260921,3,14,implied_speaker_baseline_semitone,0.9502851963043212,0.9439273476600648,18953
mead_part0,20260921,3,15,absolute_pitch_semitone,0.9725099205970764,0.7184581160545349,18953
mead_part0,20260921,3,15,relative_pitch_semitone,0.8076424598693848,1.008514165878296,18953
mead_part0,20260921,3,15,implied_speaker_baseline_semitone,0.9446677565574646,0.998199999332428,18953
mead_part0,20260921,3,16,absolute_pitch_semitone,0.9700144529342652,0.7503973245620728,18953
mead_part0,20260921,3,16,relative_pitch_semitone,0.798541784286499,1.03766667842865,18953
mead_part0,20260921,3,16,implied_speaker_baseline_semitone,0.9402047991752625,1.0430896282196045,18953
mead_part0,20260921,3,17,absolute_pitch_semitone,0.9672063589096068,0.7875692844390869,18953
mead_part0,20260921,3,17,relative_pitch_semitone,0.7864989042282104,1.0626680850982666,18953
mead_part0,20260921,3,17,implied_speaker_baseline_semitone,0.9370310306549072,1.0679737329483032,18953
mead_part0,20260921,3,18,absolute_pitch_semitone,0.963468849658966,0.833111584186554,18953
mead_part0,20260921,3,18,relative_pitch_semitone,0.7840995788574219,1.069501876831055,18953
mead_part0,20260921,3,18,implied_speaker_baseline_semitone,0.9348366856575012,1.0847828388214111,18953
mead_part0,20260921,3,19,absolute_pitch_semitone,0.9619433879852296,0.8507041335105896,18953
mead_part0,20260921,3,19,relative_pitch_semitone,0.7770047187805176,1.0820192098617554,18953
mead_part0,20260921,3,19,implied_speaker_baseline_semitone,0.9321067333221436,1.1057053804397583,18953
mead_part0,20260921,3,20,absolute_pitch_semitone,0.9640815854072572,0.8265232443809509,18953
mead_part0,20260921,3,20,relative_pitch_semitone,0.781760036945343,1.074081540107727,18953
mead_part0,20260921,3,20,implied_speaker_baseline_semitone,0.9369663000106812,1.074812412261963,18953
mead_part0,20260921,3,21,absolute_pitch_semitone,0.9633708000183104,0.8291114568710327,18953
mead_part0,20260921,3,21,relative_pitch_semitone,0.7757318615913391,1.0813463926315308,18953
mead_part0,20260921,3,21,implied_speaker_baseline_semitone,0.9372043013572692,1.0682088136672974,18953
mead_part0,20260921,3,22,absolute_pitch_semitone,0.9634478092193604,0.8267644643783569,18953
mead_part0,20260921,3,22,relative_pitch_semitone,0.7828735709190369,1.067599177360535,18953
mead_part0,20260921,3,22,implied_speaker_baseline_semitone,0.942707061767578,1.0152519941329956,18953
mead_part0,20260921,3,23,absolute_pitch_semitone,0.9594693779945374,0.8752200603485107,18953
mead_part0,20260921,3,23,relative_pitch_semitone,0.762805163860321,1.1065889596939087,18953
mead_part0,20260921,3,23,implied_speaker_baseline_semitone,0.9371801018714904,1.0616228580474854,18953
mead_part0,20260921,3,24,absolute_pitch_semitone,0.9593022465705872,0.8740527629852295,18953
mead_part0,20260921,3,24,relative_pitch_semitone,0.7564012408256531,1.121104121208191,18953
mead_part0,20260921,3,24,implied_speaker_baseline_semitone,0.9368422627449036,1.0731180906295776,18953
mead_part0,20260922,0,0,absolute_pitch_semitone,0.9796220064163208,0.5924032926559448,18953
mead_part0,20260922,0,0,relative_pitch_semitone,0.7616723775863647,1.1163796186447144,18953
mead_part0,20260922,0,0,implied_speaker_baseline_semitone,0.9387266039848328,1.0310916900634766,18953
mead_part0,20260922,0,1,absolute_pitch_semitone,0.9863574504852296,0.4828795492649078,18953
mead_part0,20260922,0,1,relative_pitch_semitone,0.8359562158584595,0.9354175329208374,18953
mead_part0,20260922,0,1,implied_speaker_baseline_semitone,0.9633432626724244,0.795279860496521,18953
mead_part0,20260922,0,2,absolute_pitch_semitone,0.9879112243652344,0.4478498995304107,18953
mead_part0,20260922,0,2,relative_pitch_semitone,0.8470978736877441,0.9048953056335448,18953
mead_part0,20260922,0,2,implied_speaker_baseline_semitone,0.9655361175537108,0.7741227746009827,18953
mead_part0,20260922,0,3,absolute_pitch_semitone,0.9881877899169922,0.4439841508865356,18953
mead_part0,20260922,0,3,relative_pitch_semitone,0.8659985661506653,0.8481044173240662,18953
mead_part0,20260922,0,3,implied_speaker_baseline_semitone,0.970751404762268,0.7178356051445007,18953
mead_part0,20260922,0,4,absolute_pitch_semitone,0.987647294998169,0.4572160243988037,18953
mead_part0,20260922,0,4,relative_pitch_semitone,0.8693435788154602,0.8363892436027527,18953
mead_part0,20260922,0,4,implied_speaker_baseline_semitone,0.9710425138473512,0.7086300253868103,18953
mead_part0,20260922,0,5,absolute_pitch_semitone,0.98729807138443,0.46541827917099,18953
mead_part0,20260922,0,5,relative_pitch_semitone,0.8658610582351685,0.847512423992157,18953
mead_part0,20260922,0,5,implied_speaker_baseline_semitone,0.9702751636505128,0.723379373550415,18953
mead_part0,20260922,0,6,absolute_pitch_semitone,0.9873681664466858,0.4600926637649536,18953
mead_part0,20260922,0,6,relative_pitch_semitone,0.8675857186317444,0.8387723565101624,18953
mead_part0,20260922,0,6,implied_speaker_baseline_semitone,0.969434142112732,0.7338122129440308,18953
mead_part0,20260922,0,7,absolute_pitch_semitone,0.9865265488624572,0.4798328280448913,18953
mead_part0,20260922,0,7,relative_pitch_semitone,0.8587689399719238,0.8759341239929199,18953
mead_part0,20260922,0,7,implied_speaker_baseline_semitone,0.966411590576172,0.7713876366615295,18953
mead_part0,20260922,0,8,absolute_pitch_semitone,0.985494077205658,0.500670850276947,18953
mead_part0,20260922,0,8,relative_pitch_semitone,0.8591570258140564,0.8779033422470093,18953
mead_part0,20260922,0,8,implied_speaker_baseline_semitone,0.9651867747306824,0.7839155197143555,18953
mead_part0,20260922,0,9,absolute_pitch_semitone,0.9842023849487304,0.5238112211227417,18953
mead_part0,20260922,0,9,relative_pitch_semitone,0.858513593673706,0.8797050714492798,18953
mead_part0,20260922,0,9,implied_speaker_baseline_semitone,0.96463805437088,0.7974027395248413,18953
mead_part0,20260922,0,10,absolute_pitch_semitone,0.9824162125587464,0.5562581419944763,18953
mead_part0,20260922,0,10,relative_pitch_semitone,0.8524017930030823,0.8970204591751099,18953
mead_part0,20260922,0,10,implied_speaker_baseline_semitone,0.9628615379333496,0.8111047148704529,18953
mead_part0,20260922,0,11,absolute_pitch_semitone,0.980624496936798,0.5856512784957886,18953
mead_part0,20260922,0,11,relative_pitch_semitone,0.8451523184776306,0.9161771535873412,18953
mead_part0,20260922,0,11,implied_speaker_baseline_semitone,0.9610298275947572,0.8363234400749207,18953
mead_part0,20260922,0,12,absolute_pitch_semitone,0.978729248046875,0.618806004524231,18953
mead_part0,20260922,0,12,relative_pitch_semitone,0.8392101526260376,0.9285364151000975,18953
mead_part0,20260922,0,12,implied_speaker_baseline_semitone,0.958388328552246,0.8599515557289124,18953
mead_part0,20260922,0,13,absolute_pitch_semitone,0.9765750765800476,0.6522890329360962,18953
mead_part0,20260922,0,13,relative_pitch_semitone,0.8306030035018921,0.955857515335083,18953
mead_part0,20260922,0,13,implied_speaker_baseline_semitone,0.953840672969818,0.907236874103546,18953
mead_part0,20260922,0,14,absolute_pitch_semitone,0.9742652177810668,0.6873520016670227,18953
mead_part0,20260922,0,14,relative_pitch_semitone,0.8242852687835693,0.9734488725662231,18953
mead_part0,20260922,0,14,implied_speaker_baseline_semitone,0.950493097305298,0.9506544470787048,18953
mead_part0,20260922,0,15,absolute_pitch_semitone,0.9714204668998718,0.7266245484352112,18953
mead_part0,20260922,0,15,relative_pitch_semitone,0.8151775598526001,0.9990113973617554,18953
mead_part0,20260922,0,15,implied_speaker_baseline_semitone,0.9456712603569032,0.9917402267456056,18953
mead_part0,20260922,0,16,absolute_pitch_semitone,0.9689293503761292,0.7563899755477905,18953
mead_part0,20260922,0,16,relative_pitch_semitone,0.80290687084198,1.030617356300354,18953
mead_part0,20260922,0,16,implied_speaker_baseline_semitone,0.94099223613739,1.0335232019424438,18953
mead_part0,20260922,0,17,absolute_pitch_semitone,0.9654794931411744,0.7975193858146667,18953
mead_part0,20260922,0,17,relative_pitch_semitone,0.7889712452888489,1.0717062950134275,18953
mead_part0,20260922,0,17,implied_speaker_baseline_semitone,0.9371562600135804,1.065508484840393,18953
mead_part0,20260922,0,18,absolute_pitch_semitone,0.9628159403800964,0.8354007601737976,18953
mead_part0,20260922,0,18,relative_pitch_semitone,0.7815834283828735,1.0879472494125366,18953
mead_part0,20260922,0,18,implied_speaker_baseline_semitone,0.9330538511276244,1.1028821468353271,18953
mead_part0,20260922,0,19,absolute_pitch_semitone,0.960735321044922,0.8611283898353577,18953
mead_part0,20260922,0,19,relative_pitch_semitone,0.7781782150268555,1.0956993103027344,18953
mead_part0,20260922,0,19,implied_speaker_baseline_semitone,0.9309234619140624,1.1171348094940186,18953
mead_part0,20260922,0,20,absolute_pitch_semitone,0.9622571468353271,0.8409948945045471,18953
mead_part0,20260922,0,20,relative_pitch_semitone,0.7797437310218811,1.0965291261672974,18953
mead_part0,20260922,0,20,implied_speaker_baseline_semitone,0.9356562495231628,1.0822489261627195,18953
mead_part0,20260922,0,21,absolute_pitch_semitone,0.9624350666999816,0.8369815349578857,18953
mead_part0,20260922,0,21,relative_pitch_semitone,0.7797565460205078,1.093372106552124,18953
mead_part0,20260922,0,21,implied_speaker_baseline_semitone,0.9365406036376952,1.07116961479187,18953
mead_part0,20260922,0,22,absolute_pitch_semitone,0.9625512361526488,0.8452510833740234,18953
mead_part0,20260922,0,22,relative_pitch_semitone,0.7836513519287109,1.0840623378753662,18953
mead_part0,20260922,0,22,implied_speaker_baseline_semitone,0.9417247176170348,1.0194486379623413,18953
mead_part0,20260922,0,23,absolute_pitch_semitone,0.9586431384086608,0.8874891400337219,18953
mead_part0,20260922,0,23,relative_pitch_semitone,0.766363263130188,1.121504306793213,18953
mead_part0,20260922,0,23,implied_speaker_baseline_semitone,0.9370108246803284,1.0577375888824463,18953
mead_part0,20260922,0,24,absolute_pitch_semitone,0.9571367502212524,0.9010069370269777,18953
mead_part0,20260922,0,24,relative_pitch_semitone,0.762712836265564,1.1261188983917236,18953
mead_part0,20260922,0,24,implied_speaker_baseline_semitone,0.9372562170028688,1.0621227025985718,18953
mead_part0,20260922,1,0,absolute_pitch_semitone,0.9782467484474182,0.6045804619789124,18953
mead_part0,20260922,1,0,relative_pitch_semitone,0.7553278803825378,1.1165671348571775,18953
mead_part0,20260922,1,0,implied_speaker_baseline_semitone,0.941743791103363,1.0215202569961548,18953
mead_part0,20260922,1,1,absolute_pitch_semitone,0.9856331944465636,0.4860542416572571,18953
mead_part0,20260922,1,1,relative_pitch_semitone,0.8280576467514038,0.9332594275474548,18953
mead_part0,20260922,1,1,implied_speaker_baseline_semitone,0.9631766080856324,0.8013208508491516,18953
mead_part0,20260922,1,2,absolute_pitch_semitone,0.9875001311302184,0.448480486869812,18953
mead_part0,20260922,1,2,relative_pitch_semitone,0.8453088998794556,0.8895940184593201,18953
mead_part0,20260922,1,2,implied_speaker_baseline_semitone,0.967430830001831,0.7603470683097839,18953
mead_part0,20260922,1,3,absolute_pitch_semitone,0.9876944422721864,0.4439675211906433,18953
mead_part0,20260922,1,3,relative_pitch_semitone,0.8605597019195557,0.8410314321517944,18953
mead_part0,20260922,1,3,implied_speaker_baseline_semitone,0.9710724949836732,0.7140748500823975,18953
mead_part0,20260922,1,4,absolute_pitch_semitone,0.9873344302177428,0.4518592953681946,18953
mead_part0,20260922,1,4,relative_pitch_semitone,0.8608117699623108,0.8419834971427917,18953
mead_part0,20260922,1,4,implied_speaker_baseline_semitone,0.9710042476654052,0.7138551473617554,18953
mead_part0,20260922,1,5,absolute_pitch_semitone,0.9869210720062256,0.4580871760845184,18953
mead_part0,20260922,1,5,relative_pitch_semitone,0.8596592545509338,0.8432332277297974,18953
mead_part0,20260922,1,5,implied_speaker_baseline_semitone,0.9702194929122924,0.7233089804649353,18953
mead_part0,20260922,1,6,absolute_pitch_semitone,0.9866196513175964,0.4647028148174286,18953
mead_part0,20260922,1,6,relative_pitch_semitone,0.8612467646598816,0.8374459147453308,18953
mead_part0,20260922,1,6,implied_speaker_baseline_semitone,0.970588743686676,0.7187634706497192,18953
mead_part0,20260922,1,7,absolute_pitch_semitone,0.9858241081237792,0.483305275440216,18953
mead_part0,20260922,1,7,relative_pitch_semitone,0.8524505496025085,0.8701072335243225,18953
mead_part0,20260922,1,7,implied_speaker_baseline_semitone,0.9688220620155334,0.7448166608810425,18953
mead_part0,20260922,1,8,absolute_pitch_semitone,0.9847376942634584,0.5009381771087646,18953
mead_part0,20260922,1,8,relative_pitch_semitone,0.8480681777000427,0.8771508932113647,18953
mead_part0,20260922,1,8,implied_speaker_baseline_semitone,0.9667819738388062,0.763846755027771,18953
mead_part0,20260922,1,9,absolute_pitch_semitone,0.9832245111465454,0.5310593247413635,18953
mead_part0,20260922,1,9,relative_pitch_semitone,0.8498218655586243,0.8813068866729736,18953
mead_part0,20260922,1,9,implied_speaker_baseline_semitone,0.9659032225608826,0.7875874042510986,18953
mead_part0,20260922,1,10,absolute_pitch_semitone,0.9823718070983888,0.5451827049255371,18953
mead_part0,20260922,1,10,relative_pitch_semitone,0.8435995578765869,0.8933523893356323,18953
mead_part0,20260922,1,10,implied_speaker_baseline_semitone,0.9635645747184752,0.802257776260376,18953
mead_part0,20260922,1,11,absolute_pitch_semitone,0.979874551296234,0.5876019597053528,18953
mead_part0,20260922,1,11,relative_pitch_semitone,0.8407117128372192,0.906822919845581,18953
mead_part0,20260922,1,11,implied_speaker_baseline_semitone,0.962356686592102,0.8178637027740479,18953
mead_part0,20260922,1,12,absolute_pitch_semitone,0.9780567288398744,0.6174734830856323,18953
mead_part0,20260922,1,12,relative_pitch_semitone,0.8297560214996338,0.9378764629364014,18953
mead_part0,20260922,1,12,implied_speaker_baseline_semitone,0.9595615863800048,0.8459779620170593,18953
mead_part0,20260922,1,13,absolute_pitch_semitone,0.9753727316856384,0.6575235724449158,18953
mead_part0,20260922,1,13,relative_pitch_semitone,0.8187553882598877,0.9688839316368104,18953
mead_part0,20260922,1,13,implied_speaker_baseline_semitone,0.9542404413223268,0.8986276388168335,18953
mead_part0,20260922,1,14,absolute_pitch_semitone,0.9722986221313475,0.701524555683136,18953
mead_part0,20260922,1,14,relative_pitch_semitone,0.8061019778251648,0.9997556209564208,18953
mead_part0,20260922,1,14,implied_speaker_baseline_semitone,0.9494971632957458,0.9490216970443726,18953
mead_part0,20260922,1,15,absolute_pitch_semitone,0.9689366817474364,0.741918683052063,18953
mead_part0,20260922,1,15,relative_pitch_semitone,0.7964770197868347,1.0219793319702148,18953
mead_part0,20260922,1,15,implied_speaker_baseline_semitone,0.9449244737625122,0.9890174865722656,18953
mead_part0,20260922,1,16,absolute_pitch_semitone,0.9669016003608704,0.7692744135856628,18953
mead_part0,20260922,1,16,relative_pitch_semitone,0.7859318256378174,1.053749442100525,18953
mead_part0,20260922,1,16,implied_speaker_baseline_semitone,0.9406692385673524,1.029503583908081,18953
mead_part0,20260922,1,17,absolute_pitch_semitone,0.9640262126922609,0.8048699498176575,18953
mead_part0,20260922,1,17,relative_pitch_semitone,0.7733598947525024,1.0869120359420776,18953
mead_part0,20260922,1,17,implied_speaker_baseline_semitone,0.935972273349762,1.0706232786178589,18953
mead_part0,20260922,1,18,absolute_pitch_semitone,0.96107017993927,0.8375140428543091,18953
mead_part0,20260922,1,18,relative_pitch_semitone,0.7652953863143921,1.1054587364196775,18953
mead_part0,20260922,1,18,implied_speaker_baseline_semitone,0.9327219724655152,1.0983823537826538,18953
mead_part0,20260922,1,19,absolute_pitch_semitone,0.9595633149147034,0.8576310873031616,18953
mead_part0,20260922,1,19,relative_pitch_semitone,0.7563042640686035,1.1261030435562134,18953
mead_part0,20260922,1,19,implied_speaker_baseline_semitone,0.930108904838562,1.1159965991973877,18953
mead_part0,20260922,1,20,absolute_pitch_semitone,0.9607144594192504,0.8455402851104736,18953
mead_part0,20260922,1,20,relative_pitch_semitone,0.7597495317459106,1.120963215827942,18953
mead_part0,20260922,1,20,implied_speaker_baseline_semitone,0.9335086941719056,1.0942413806915283,18953
mead_part0,20260922,1,21,absolute_pitch_semitone,0.9608067870140076,0.8406510353088379,18953
mead_part0,20260922,1,21,relative_pitch_semitone,0.7597680687904358,1.1171236038208008,18953
mead_part0,20260922,1,21,implied_speaker_baseline_semitone,0.9352205395698548,1.0778555870056152,18953
mead_part0,20260922,1,22,absolute_pitch_semitone,0.9616620540618896,0.8326933979988098,18953
mead_part0,20260922,1,22,relative_pitch_semitone,0.7727131247520447,1.0921791791915894,18953
mead_part0,20260922,1,22,implied_speaker_baseline_semitone,0.9423925280570984,1.0206987857818604,18953
mead_part0,20260922,1,23,absolute_pitch_semitone,0.9578346610069276,0.8845807313919067,18953
mead_part0,20260922,1,23,relative_pitch_semitone,0.7545820474624634,1.12794828414917,18953
mead_part0,20260922,1,23,implied_speaker_baseline_semitone,0.9369356036186218,1.07306706905365,18953
mead_part0,20260922,1,24,absolute_pitch_semitone,0.957227885723114,0.8831247091293335,18953
mead_part0,20260922,1,24,relative_pitch_semitone,0.7466242909431458,1.1424554586410522,18953
mead_part0,20260922,1,24,implied_speaker_baseline_semitone,0.936896562576294,1.0680720806121826,18953
mead_part0,20260922,2,0,absolute_pitch_semitone,0.9781383872032166,0.6104151606559753,18953
mead_part0,20260922,2,0,relative_pitch_semitone,0.7363976836204529,1.136534571647644,18953
mead_part0,20260922,2,0,implied_speaker_baseline_semitone,0.9392643570899964,1.0321407318115234,18953
mead_part0,20260922,2,1,absolute_pitch_semitone,0.985342502593994,0.4953164458274841,18953
mead_part0,20260922,2,1,relative_pitch_semitone,0.8184926509857178,0.9531596899032592,18953
mead_part0,20260922,2,1,implied_speaker_baseline_semitone,0.9631766676902772,0.8088489174842834,18953
mead_part0,20260922,2,2,absolute_pitch_semitone,0.986728310585022,0.464553952217102,18953
mead_part0,20260922,2,2,relative_pitch_semitone,0.8373950719833374,0.8996041417121887,18953
mead_part0,20260922,2,2,implied_speaker_baseline_semitone,0.96708744764328,0.7657368183135986,18953
mead_part0,20260922,2,3,absolute_pitch_semitone,0.9873417019844056,0.4510531723499298,18953
mead_part0,20260922,2,3,relative_pitch_semitone,0.8543128967285156,0.8551849722862244,18953
mead_part0,20260922,2,3,implied_speaker_baseline_semitone,0.9706096649169922,0.7225490212440491,18953
mead_part0,20260922,2,4,absolute_pitch_semitone,0.9871787428855896,0.456830620765686,18953
mead_part0,20260922,2,4,relative_pitch_semitone,0.8569439053535461,0.8436538577079773,18953
mead_part0,20260922,2,4,implied_speaker_baseline_semitone,0.9703630805015564,0.7242227792739868,18953
mead_part0,20260922,2,5,absolute_pitch_semitone,0.986521542072296,0.4722947180271148,18953
mead_part0,20260922,2,5,relative_pitch_semitone,0.8543229103088379,0.8559533953666687,18953
mead_part0,20260922,2,5,implied_speaker_baseline_semitone,0.9695688486099244,0.7382329702377319,18953
mead_part0,20260922,2,6,absolute_pitch_semitone,0.9862595200538636,0.4763537347316742,18953
mead_part0,20260922,2,6,relative_pitch_semitone,0.8516002893447876,0.858282744884491,18953
mead_part0,20260922,2,6,implied_speaker_baseline_semitone,0.9692291021347046,0.7327229976654053,18953
mead_part0,20260922,2,7,absolute_pitch_semitone,0.9856410026550292,0.4865608811378479,18953
mead_part0,20260922,2,7,relative_pitch_semitone,0.8412618637084961,0.8902333974838257,18953
mead_part0,20260922,2,7,implied_speaker_baseline_semitone,0.9671714901924132,0.7663094401359558,18953
mead_part0,20260922,2,8,absolute_pitch_semitone,0.9849594831466676,0.5006867051124573,18953
mead_part0,20260922,2,8,relative_pitch_semitone,0.8397356271743774,0.8955089449882507,18953
mead_part0,20260922,2,8,implied_speaker_baseline_semitone,0.9659905433654784,0.7740424871444702,18953
mead_part0,20260922,2,9,absolute_pitch_semitone,0.9836357831954956,0.5228358507156372,18953
mead_part0,20260922,2,9,relative_pitch_semitone,0.8429094552993774,0.8821154236793518,18953
mead_part0,20260922,2,9,implied_speaker_baseline_semitone,0.9656822681427002,0.783173143863678,18953
mead_part0,20260922,2,10,absolute_pitch_semitone,0.982209861278534,0.5562050342559814,18953
mead_part0,20260922,2,10,relative_pitch_semitone,0.8357642292976379,0.9133187532424928,18953
mead_part0,20260922,2,10,implied_speaker_baseline_semitone,0.963295876979828,0.8150261640548706,18953
mead_part0,20260922,2,11,absolute_pitch_semitone,0.980363667011261,0.5852493047714233,18953
mead_part0,20260922,2,11,relative_pitch_semitone,0.8294488191604614,0.9331584572792052,18953
mead_part0,20260922,2,11,implied_speaker_baseline_semitone,0.9621703624725342,0.8221511840820312,18953
mead_part0,20260922,2,12,absolute_pitch_semitone,0.9784287214279176,0.6166229248046875,18953
mead_part0,20260922,2,12,relative_pitch_semitone,0.8234705924987793,0.947708785533905,18953
mead_part0,20260922,2,12,implied_speaker_baseline_semitone,0.9588475823402404,0.8616959452629089,18953
mead_part0,20260922,2,13,absolute_pitch_semitone,0.9758349061012268,0.6574944257736206,18953
mead_part0,20260922,2,13,relative_pitch_semitone,0.8143408894538879,0.973460614681244,18953
mead_part0,20260922,2,13,implied_speaker_baseline_semitone,0.955866515636444,0.8956950306892395,18953
mead_part0,20260922,2,14,absolute_pitch_semitone,0.9733517169952391,0.6914704442024231,18953
mead_part0,20260922,2,14,relative_pitch_semitone,0.8083379864692688,0.9879868030548096,18953
mead_part0,20260922,2,14,implied_speaker_baseline_semitone,0.9511646032333374,0.9375831484794616,18953
mead_part0,20260922,2,15,absolute_pitch_semitone,0.9698919653892516,0.7407892346382141,18953
mead_part0,20260922,2,15,relative_pitch_semitone,0.798934280872345,1.0158755779266355,18953
mead_part0,20260922,2,15,implied_speaker_baseline_semitone,0.9469217658042908,0.9829713106155396,18953
mead_part0,20260922,2,16,absolute_pitch_semitone,0.967864453792572,0.7653453946113586,18953
mead_part0,20260922,2,16,relative_pitch_semitone,0.7882404923439026,1.0432686805725098,18953
mead_part0,20260922,2,16,implied_speaker_baseline_semitone,0.9424314498901368,1.0180981159210205,18953
mead_part0,20260922,2,17,absolute_pitch_semitone,0.9654915928840636,0.7946535348892212,18953
mead_part0,20260922,2,17,relative_pitch_semitone,0.7726296186447144,1.0775375366210938,18953
mead_part0,20260922,2,17,implied_speaker_baseline_semitone,0.9384949803352356,1.0535463094711304,18953
mead_part0,20260922,2,18,absolute_pitch_semitone,0.961994171142578,0.8416942954063416,18953
mead_part0,20260922,2,18,relative_pitch_semitone,0.7654750943183899,1.094166278839111,18953
mead_part0,20260922,2,18,implied_speaker_baseline_semitone,0.9355133175849916,1.0797433853149414,18953
mead_part0,20260922,2,19,absolute_pitch_semitone,0.9600266814231871,0.8573251366615295,18953
mead_part0,20260922,2,19,relative_pitch_semitone,0.7617654800415039,1.1009186506271362,18953
mead_part0,20260922,2,19,implied_speaker_baseline_semitone,0.9328728914260864,1.1010633707046509,18953
mead_part0,20260922,2,20,absolute_pitch_semitone,0.9596912264823914,0.8627383708953857,18953
mead_part0,20260922,2,20,relative_pitch_semitone,0.7578840255737305,1.109449028968811,18953
mead_part0,20260922,2,20,implied_speaker_baseline_semitone,0.9360295534133912,1.0796787738800049,18953
mead_part0,20260922,2,21,absolute_pitch_semitone,0.9597212076187134,0.8643540740013123,18953
mead_part0,20260922,2,21,relative_pitch_semitone,0.763166069984436,1.098783254623413,18953
mead_part0,20260922,2,21,implied_speaker_baseline_semitone,0.93786358833313,1.0629878044128418,18953
mead_part0,20260922,2,22,absolute_pitch_semitone,0.960487186908722,0.857337474822998,18953
mead_part0,20260922,2,22,relative_pitch_semitone,0.7619032859802246,1.1035727262496948,18953
mead_part0,20260922,2,22,implied_speaker_baseline_semitone,0.9434352517127992,1.0159803628921509,18953
mead_part0,20260922,2,23,absolute_pitch_semitone,0.9560935497283936,0.9078543186187744,18953
mead_part0,20260922,2,23,relative_pitch_semitone,0.7514598965644836,1.130514144897461,18953
mead_part0,20260922,2,23,implied_speaker_baseline_semitone,0.940452754497528,1.0426316261291504,18953
mead_part0,20260922,2,24,absolute_pitch_semitone,0.9564529061317444,0.9071496725082396,18953
mead_part0,20260922,2,24,relative_pitch_semitone,0.7427415251731873,1.1444817781448364,18953
mead_part0,20260922,2,24,implied_speaker_baseline_semitone,0.9391126036643982,1.0553516149520874,18953
mead_part0,20260922,3,0,absolute_pitch_semitone,0.9768237471580504,0.6111788749694824,18953
mead_part0,20260922,3,0,relative_pitch_semitone,0.7403556108474731,1.144299030303955,18953
mead_part0,20260922,3,0,implied_speaker_baseline_semitone,0.9377171993255616,1.0492331981658936,18953
mead_part0,20260922,3,1,absolute_pitch_semitone,0.9844365119934082,0.4935099184513092,18953
mead_part0,20260922,3,1,relative_pitch_semitone,0.8171899318695068,0.957669734954834,18953
mead_part0,20260922,3,1,implied_speaker_baseline_semitone,0.9631052613258362,0.8022346496582031,18953
mead_part0,20260922,3,2,absolute_pitch_semitone,0.9862375259399414,0.4522749483585357,18953
mead_part0,20260922,3,2,relative_pitch_semitone,0.8285002112388611,0.9265156984329224,18953
mead_part0,20260922,3,2,implied_speaker_baseline_semitone,0.9646847248077391,0.7836362719535828,18953
mead_part0,20260922,3,3,absolute_pitch_semitone,0.9862425923347472,0.4498277604579925,18953
mead_part0,20260922,3,3,relative_pitch_semitone,0.8539441227912903,0.8477945327758789,18953
mead_part0,20260922,3,3,implied_speaker_baseline_semitone,0.9704666137695312,0.720673680305481,18953
mead_part0,20260922,3,4,absolute_pitch_semitone,0.98601633310318,0.4576549828052521,18953
mead_part0,20260922,3,4,relative_pitch_semitone,0.8550809621810913,0.8391223549842834,18953
mead_part0,20260922,3,4,implied_speaker_baseline_semitone,0.9703784584999084,0.7169051170349121,18953
mead_part0,20260922,3,5,absolute_pitch_semitone,0.985709011554718,0.4667694568634033,18953
mead_part0,20260922,3,5,relative_pitch_semitone,0.8527011871337891,0.8500949144363403,18953
mead_part0,20260922,3,5,implied_speaker_baseline_semitone,0.9701684713363647,0.719541072845459,18953
mead_part0,20260922,3,6,absolute_pitch_semitone,0.9856137633323668,0.4666898846626282,18953
mead_part0,20260922,3,6,relative_pitch_semitone,0.8534468412399292,0.8560683131217957,18953
mead_part0,20260922,3,6,implied_speaker_baseline_semitone,0.96961110830307,0.731235146522522,18953
mead_part0,20260922,3,7,absolute_pitch_semitone,0.9852621555328368,0.475506991147995,18953
mead_part0,20260922,3,7,relative_pitch_semitone,0.8446810245513916,0.8880512714385986,18953
mead_part0,20260922,3,7,implied_speaker_baseline_semitone,0.9673730134963988,0.7585119009017944,18953
mead_part0,20260922,3,8,absolute_pitch_semitone,0.9837926030158995,0.4990663826465606,18953
mead_part0,20260922,3,8,relative_pitch_semitone,0.8425814509391785,0.8904654383659363,18953
mead_part0,20260922,3,8,implied_speaker_baseline_semitone,0.9656331539154052,0.7832169532775879,18953
mead_part0,20260922,3,9,absolute_pitch_semitone,0.9824804067611694,0.5262486934661865,18953
mead_part0,20260922,3,9,relative_pitch_semitone,0.8438478708267212,0.8865766525268555,18953
mead_part0,20260922,3,9,implied_speaker_baseline_semitone,0.9653030037879944,0.7860221862792969,18953
mead_part0,20260922,3,10,absolute_pitch_semitone,0.9815601706504822,0.5431897640228271,18953
mead_part0,20260922,3,10,relative_pitch_semitone,0.8383818864822388,0.9034762978553772,18953
mead_part0,20260922,3,10,implied_speaker_baseline_semitone,0.963445246219635,0.8073415160179138,18953
mead_part0,20260922,3,11,absolute_pitch_semitone,0.9791653156280518,0.5868171453475952,18953
mead_part0,20260922,3,11,relative_pitch_semitone,0.8336090445518494,0.9114302396774292,18953
mead_part0,20260922,3,11,implied_speaker_baseline_semitone,0.9621465802192688,0.8217061758041382,18953
mead_part0,20260922,3,12,absolute_pitch_semitone,0.9772190451622008,0.6196912527084351,18953
mead_part0,20260922,3,12,relative_pitch_semitone,0.8271082043647766,0.932887613773346,18953
mead_part0,20260922,3,12,implied_speaker_baseline_semitone,0.9586589932441713,0.8617535829544067,18953
mead_part0,20260922,3,13,absolute_pitch_semitone,0.9744166731834412,0.6626574397087097,18953
mead_part0,20260922,3,13,relative_pitch_semitone,0.8159747123718262,0.960649847984314,18953
mead_part0,20260922,3,13,implied_speaker_baseline_semitone,0.9537598490715028,0.9107059240341188,18953
mead_part0,20260922,3,14,absolute_pitch_semitone,0.9723714590072632,0.6992707252502441,18953
mead_part0,20260922,3,14,relative_pitch_semitone,0.806884765625,0.984635591506958,18953
mead_part0,20260922,3,14,implied_speaker_baseline_semitone,0.9497215151786804,0.944907248020172,18953
mead_part0,20260922,3,15,absolute_pitch_semitone,0.9690436124801636,0.7380664348602295,18953
mead_part0,20260922,3,15,relative_pitch_semitone,0.7966585755348206,1.0117254257202148,18953
mead_part0,20260922,3,15,implied_speaker_baseline_semitone,0.946651041507721,0.9675951600074768,18953
mead_part0,20260922,3,16,absolute_pitch_semitone,0.9664916396141052,0.7724118828773499,18953
mead_part0,20260922,3,16,relative_pitch_semitone,0.785625696182251,1.0413602590560913,18953
mead_part0,20260922,3,16,implied_speaker_baseline_semitone,0.9417740106582642,1.0120675563812256,18953
mead_part0,20260922,3,17,absolute_pitch_semitone,0.9644123315811156,0.8001766800880432,18953
mead_part0,20260922,3,17,relative_pitch_semitone,0.7784469127655029,1.0564922094345093,18953
mead_part0,20260922,3,17,implied_speaker_baseline_semitone,0.938221514225006,1.049067735671997,18953
mead_part0,20260922,3,18,absolute_pitch_semitone,0.9614609479904176,0.8374184370040894,18953
mead_part0,20260922,3,18,relative_pitch_semitone,0.7692570686340332,1.0808866024017334,18953
mead_part0,20260922,3,18,implied_speaker_baseline_semitone,0.9354234933853148,1.0732498168945312,18953
mead_part0,20260922,3,19,absolute_pitch_semitone,0.9592345952987672,0.862316906452179,18953
mead_part0,20260922,3,19,relative_pitch_semitone,0.7616254091262817,1.1034590005874634,18953
mead_part0,20260922,3,19,implied_speaker_baseline_semitone,0.9314318895339966,1.1079968214035034,18953
mead_part0,20260922,3,20,absolute_pitch_semitone,0.9610405564308168,0.8356245756149292,18953
mead_part0,20260922,3,20,relative_pitch_semitone,0.7648704051971436,1.0955917835235596,18953
mead_part0,20260922,3,20,implied_speaker_baseline_semitone,0.9362314343452454,1.073797345161438,18953
mead_part0,20260922,3,21,absolute_pitch_semitone,0.960704267024994,0.8397296071052551,18953
mead_part0,20260922,3,21,relative_pitch_semitone,0.7618781924247742,1.0963058471679688,18953
mead_part0,20260922,3,21,implied_speaker_baseline_semitone,0.9360173940658568,1.064922571182251,18953
mead_part0,20260922,3,22,absolute_pitch_semitone,0.9610779881477356,0.8380162119865417,18953
mead_part0,20260922,3,22,relative_pitch_semitone,0.7653034925460815,1.1007943153381348,18953
mead_part0,20260922,3,22,implied_speaker_baseline_semitone,0.9414435029029846,1.0255863666534424,18953
mead_part0,20260922,3,23,absolute_pitch_semitone,0.9575008749961852,0.8809746503829956,18953
mead_part0,20260922,3,23,relative_pitch_semitone,0.7536419630050659,1.1177424192428589,18953
mead_part0,20260922,3,23,implied_speaker_baseline_semitone,0.9380418658256532,1.0504316091537476,18953
mead_part0,20260922,3,24,absolute_pitch_semitone,0.9564357399940492,0.8888586759567261,18953
mead_part0,20260922,3,24,relative_pitch_semitone,0.7476062774658203,1.1330010890960691,18953
mead_part0,20260922,3,24,implied_speaker_baseline_semitone,0.9368414878845216,1.0664225816726685,18953
ravdess_speech,20260920,0,0,absolute_pitch_semitone,0.9473932981491088,1.1626216173171997,845
ravdess_speech,20260920,0,0,relative_pitch_semitone,0.8414546847343445,1.6061218976974487,845
ravdess_speech,20260920,0,0,implied_speaker_baseline_semitone,0.9206143021583556,1.0846617221832275,845
ravdess_speech,20260920,0,1,absolute_pitch_semitone,0.9514716863632202,1.1309524774551392,845
ravdess_speech,20260920,0,1,relative_pitch_semitone,0.8551414608955383,1.5928314924240112,845
ravdess_speech,20260920,0,1,implied_speaker_baseline_semitone,0.9414181709289552,0.9578588008880616,845
ravdess_speech,20260920,0,2,absolute_pitch_semitone,0.9360085725784302,1.28727388381958,845
ravdess_speech,20260920,0,2,relative_pitch_semitone,0.8606407642364502,1.5298759937286377,845
ravdess_speech,20260920,0,2,implied_speaker_baseline_semitone,0.9549148678779602,0.8228636980056763,845
ravdess_speech,20260920,0,3,absolute_pitch_semitone,0.9311903715133668,1.3781652450561523,845
ravdess_speech,20260920,0,3,relative_pitch_semitone,0.8890277743339539,1.4189481735229492,845
ravdess_speech,20260920,0,3,implied_speaker_baseline_semitone,0.9711092710494996,0.6480359435081482,845
ravdess_speech,20260920,0,4,absolute_pitch_semitone,0.9331878423690796,1.3085464239120483,845
ravdess_speech,20260920,0,4,relative_pitch_semitone,0.8903193473815918,1.3408379554748535,845
ravdess_speech,20260920,0,4,implied_speaker_baseline_semitone,0.978377401828766,0.5388992428779602,845
ravdess_speech,20260920,0,5,absolute_pitch_semitone,0.9445647597312928,1.2137528657913208,845
ravdess_speech,20260920,0,5,relative_pitch_semitone,0.9013779759407043,1.2952008247375488,845
ravdess_speech,20260920,0,5,implied_speaker_baseline_semitone,0.9769465327262878,0.5577608346939087,845
ravdess_speech,20260920,0,6,absolute_pitch_semitone,0.9458354711532592,1.1351994276046753,845
ravdess_speech,20260920,0,6,relative_pitch_semitone,0.894631028175354,1.3008379936218262,845
ravdess_speech,20260920,0,6,implied_speaker_baseline_semitone,0.976845681667328,0.588909924030304,845
ravdess_speech,20260920,0,7,absolute_pitch_semitone,0.949266254901886,1.1635712385177612,845
ravdess_speech,20260920,0,7,relative_pitch_semitone,0.904379427433014,1.2913254499435425,845
ravdess_speech,20260920,0,7,implied_speaker_baseline_semitone,0.9738028049468994,0.6298791170120239,845
ravdess_speech,20260920,0,8,absolute_pitch_semitone,0.9451179504394532,1.1913232803344729,845
ravdess_speech,20260920,0,8,relative_pitch_semitone,0.8939350843429565,1.344795823097229,845
ravdess_speech,20260920,0,8,implied_speaker_baseline_semitone,0.973707377910614,0.6339853405952454,845
ravdess_speech,20260920,0,9,absolute_pitch_semitone,0.9476652145385742,1.18902325630188,845
ravdess_speech,20260920,0,9,relative_pitch_semitone,0.8797120451927185,1.463860034942627,845
ravdess_speech,20260920,0,9,implied_speaker_baseline_semitone,0.9691678881645204,0.6665245294570923,845
ravdess_speech,20260920,0,10,absolute_pitch_semitone,0.9428973197937012,1.2405022382736206,845
ravdess_speech,20260920,0,10,relative_pitch_semitone,0.8759238719940186,1.5029581785202026,845
ravdess_speech,20260920,0,10,implied_speaker_baseline_semitone,0.9680259823799132,0.6905345320701599,845
ravdess_speech,20260920,0,11,absolute_pitch_semitone,0.9463684558868408,1.1737408638000488,845
ravdess_speech,20260920,0,11,relative_pitch_semitone,0.8861480355262756,1.3490023612976074,845
ravdess_speech,20260920,0,11,implied_speaker_baseline_semitone,0.963854432106018,0.72925865650177,845
ravdess_speech,20260920,0,12,absolute_pitch_semitone,0.940830409526825,1.2453925609588623,845
ravdess_speech,20260920,0,12,relative_pitch_semitone,0.8856536746025085,1.387456297874451,845
ravdess_speech,20260920,0,12,implied_speaker_baseline_semitone,0.959791362285614,0.7405664324760437,845
ravdess_speech,20260920,0,13,absolute_pitch_semitone,0.932261884212494,1.3464634418487549,845
ravdess_speech,20260920,0,13,relative_pitch_semitone,0.857707142829895,1.5897475481033323,845
ravdess_speech,20260920,0,13,implied_speaker_baseline_semitone,0.9625489711761476,0.7448433637619019,845
ravdess_speech,20260920,0,14,absolute_pitch_semitone,0.9124510288238524,1.4852250814437866,845
ravdess_speech,20260920,0,14,relative_pitch_semitone,0.8410303592681885,1.601802110671997,845
ravdess_speech,20260920,0,14,implied_speaker_baseline_semitone,0.9532161355018616,0.7642665505409241,845
ravdess_speech,20260920,0,15,absolute_pitch_semitone,0.90498149394989,1.5475913286209106,845
ravdess_speech,20260920,0,15,relative_pitch_semitone,0.8336155414581299,1.710817813873291,845
ravdess_speech,20260920,0,15,implied_speaker_baseline_semitone,0.9430772066116332,0.8693268895149231,845
ravdess_speech,20260920,0,16,absolute_pitch_semitone,0.9099420309066772,1.5176433324813845,845
ravdess_speech,20260920,0,16,relative_pitch_semitone,0.8284295797348022,1.6698825359344482,845
ravdess_speech,20260920,0,16,implied_speaker_baseline_semitone,0.9471017122268676,0.8368425369262695,845
ravdess_speech,20260920,0,17,absolute_pitch_semitone,0.9237605929374696,1.3633058071136477,845
ravdess_speech,20260920,0,17,relative_pitch_semitone,0.8483732342720032,1.638157606124878,845
ravdess_speech,20260920,0,17,implied_speaker_baseline_semitone,0.9423956871032716,0.9099143147468568,845
ravdess_speech,20260920,0,18,absolute_pitch_semitone,0.921131193637848,1.4192678928375244,845
ravdess_speech,20260920,0,18,relative_pitch_semitone,0.861350953578949,1.479755163192749,845
ravdess_speech,20260920,0,18,implied_speaker_baseline_semitone,0.9433332681655884,0.8637703657150269,845
ravdess_speech,20260920,0,19,absolute_pitch_semitone,0.9103242754936218,1.520599126815796,845
ravdess_speech,20260920,0,19,relative_pitch_semitone,0.8389860987663269,1.598052740097046,845
ravdess_speech,20260920,0,19,implied_speaker_baseline_semitone,0.9373332262039183,0.9222971200942992,845
ravdess_speech,20260920,0,20,absolute_pitch_semitone,0.9119815230369568,1.5366697311401367,845
ravdess_speech,20260920,0,20,relative_pitch_semitone,0.8380030989646912,1.6673641204833984,845
ravdess_speech,20260920,0,20,implied_speaker_baseline_semitone,0.9335697889328004,0.9476198554039,845
ravdess_speech,20260920,0,21,absolute_pitch_semitone,0.8976399302482605,1.5662020444869995,845
ravdess_speech,20260920,0,21,relative_pitch_semitone,0.8050487637519836,1.832768797874451,845
ravdess_speech,20260920,0,21,implied_speaker_baseline_semitone,0.9427906274795532,0.927500545978546,845
ravdess_speech,20260920,0,22,absolute_pitch_semitone,0.8917014598846436,1.6260461807250977,845
ravdess_speech,20260920,0,22,relative_pitch_semitone,0.795561671257019,1.7861188650131226,845
ravdess_speech,20260920,0,22,implied_speaker_baseline_semitone,0.940523624420166,0.9317014217376708,845
ravdess_speech,20260920,0,23,absolute_pitch_semitone,0.9024261236190796,1.57118558883667,845
ravdess_speech,20260920,0,23,relative_pitch_semitone,0.7840863466262817,1.8903876543045044,845
ravdess_speech,20260920,0,23,implied_speaker_baseline_semitone,0.929641604423523,1.005120873451233,845
ravdess_speech,20260920,0,24,absolute_pitch_semitone,0.8962607383728027,1.634426474571228,845
ravdess_speech,20260920,0,24,relative_pitch_semitone,0.803813099861145,1.8124500513076784,845
ravdess_speech,20260920,0,24,implied_speaker_baseline_semitone,0.9231342077255248,1.070031762123108,845
ravdess_speech,20260920,1,0,absolute_pitch_semitone,0.9428923726081848,1.1599830389022827,845
ravdess_speech,20260920,1,0,relative_pitch_semitone,0.8183170557022095,1.5884238481521606,845
ravdess_speech,20260920,1,0,implied_speaker_baseline_semitone,0.93163400888443,1.0310379266738892,845
ravdess_speech,20260920,1,1,absolute_pitch_semitone,0.9421109557151794,1.170626521110535,845
ravdess_speech,20260920,1,1,relative_pitch_semitone,0.7986745238304138,1.7125462293624878,845
ravdess_speech,20260920,1,1,implied_speaker_baseline_semitone,0.936651349067688,1.0128896236419678,845
ravdess_speech,20260920,1,2,absolute_pitch_semitone,0.9310519695281982,1.280571222305298,845
ravdess_speech,20260920,1,2,relative_pitch_semitone,0.828603982925415,1.5234180688858032,845
ravdess_speech,20260920,1,2,implied_speaker_baseline_semitone,0.958142638206482,0.7795042395591736,845
ravdess_speech,20260920,1,3,absolute_pitch_semitone,0.929279923439026,1.2963478565216064,845
ravdess_speech,20260920,1,3,relative_pitch_semitone,0.8569951057434082,1.478116512298584,845
ravdess_speech,20260920,1,3,implied_speaker_baseline_semitone,0.9721871018409728,0.662199079990387,845
ravdess_speech,20260920,1,4,absolute_pitch_semitone,0.9338902831077576,1.2486345767974854,845
ravdess_speech,20260920,1,4,relative_pitch_semitone,0.8753497004508972,1.2927885055541992,845
ravdess_speech,20260920,1,4,implied_speaker_baseline_semitone,0.98065185546875,0.5423345565795898,845
ravdess_speech,20260920,1,5,absolute_pitch_semitone,0.9364680051803588,1.2453817129135132,845
ravdess_speech,20260920,1,5,relative_pitch_semitone,0.8726218342781067,1.3007153272628784,845
ravdess_speech,20260920,1,5,implied_speaker_baseline_semitone,0.9782917499542236,0.5789700746536255,845
ravdess_speech,20260920,1,6,absolute_pitch_semitone,0.935558557510376,1.2639694213867188,845
ravdess_speech,20260920,1,6,relative_pitch_semitone,0.8705819845199585,1.344048261642456,845
ravdess_speech,20260920,1,6,implied_speaker_baseline_semitone,0.9832637310028076,0.5064689517021179,845
ravdess_speech,20260920,1,7,absolute_pitch_semitone,0.9296972751617432,1.2972526550292969,845
ravdess_speech,20260920,1,7,relative_pitch_semitone,0.8613299131393433,1.3883646726608276,845
ravdess_speech,20260920,1,7,implied_speaker_baseline_semitone,0.9762635231018066,0.593189537525177,845
ravdess_speech,20260920,1,8,absolute_pitch_semitone,0.939723551273346,1.252045512199402,845
ravdess_speech,20260920,1,8,relative_pitch_semitone,0.8757065534591675,1.3287729024887085,845
ravdess_speech,20260920,1,8,implied_speaker_baseline_semitone,0.9747612476348876,0.6249809265136719,845
ravdess_speech,20260920,1,9,absolute_pitch_semitone,0.9416099190711976,1.2217243909835815,845
ravdess_speech,20260920,1,9,relative_pitch_semitone,0.8594360947608948,1.4409455060958862,845
ravdess_speech,20260920,1,9,implied_speaker_baseline_semitone,0.9702330231666564,0.650263249874115,845
ravdess_speech,20260920,1,10,absolute_pitch_semitone,0.9295183420181274,1.3104264736175537,845
ravdess_speech,20260920,1,10,relative_pitch_semitone,0.8417571783065796,1.4717003107070925,845
ravdess_speech,20260920,1,10,implied_speaker_baseline_semitone,0.9705960154533386,0.6624733209609985,845
ravdess_speech,20260920,1,11,absolute_pitch_semitone,0.9326909184455872,1.2638628482818604,845
ravdess_speech,20260920,1,11,relative_pitch_semitone,0.8636789321899414,1.31645667552948,845
ravdess_speech,20260920,1,11,implied_speaker_baseline_semitone,0.9688369631767272,0.6963873505592346,845
ravdess_speech,20260920,1,12,absolute_pitch_semitone,0.9273457527160645,1.3379137516021729,845
ravdess_speech,20260920,1,12,relative_pitch_semitone,0.8626485466957092,1.40575909614563,845
ravdess_speech,20260920,1,12,implied_speaker_baseline_semitone,0.963571310043335,0.7705105543136597,845
ravdess_speech,20260920,1,13,absolute_pitch_semitone,0.9164115786552428,1.4389781951904297,845
ravdess_speech,20260920,1,13,relative_pitch_semitone,0.8605653047561646,1.4212318658828735,845
ravdess_speech,20260920,1,13,implied_speaker_baseline_semitone,0.9661878347396852,0.7510500550270081,845
ravdess_speech,20260920,1,14,absolute_pitch_semitone,0.9119585752487184,1.4300849437713623,845
ravdess_speech,20260920,1,14,relative_pitch_semitone,0.8429998755455017,1.4521684646606443,845
ravdess_speech,20260920,1,14,implied_speaker_baseline_semitone,0.95805424451828,0.8179716467857361,845
ravdess_speech,20260920,1,15,absolute_pitch_semitone,0.8923872113227844,1.5827679634094238,845
ravdess_speech,20260920,1,15,relative_pitch_semitone,0.8014103174209595,1.6500256061553955,845
ravdess_speech,20260920,1,15,implied_speaker_baseline_semitone,0.9552261233329772,0.8199409246444702,845
ravdess_speech,20260920,1,16,absolute_pitch_semitone,0.9079516530036926,1.4825506210327148,845
ravdess_speech,20260920,1,16,relative_pitch_semitone,0.8252195715904236,1.5768320560455322,845
ravdess_speech,20260920,1,16,implied_speaker_baseline_semitone,0.9528973698616028,0.861320436000824,845
ravdess_speech,20260920,1,17,absolute_pitch_semitone,0.9067071676254272,1.5181009769439695,845
ravdess_speech,20260920,1,17,relative_pitch_semitone,0.8133261799812317,1.614507794380188,845
ravdess_speech,20260920,1,17,implied_speaker_baseline_semitone,0.9509682059288024,0.8714103102684021,845
ravdess_speech,20260920,1,18,absolute_pitch_semitone,0.9001551866531372,1.5906105041503906,845
ravdess_speech,20260920,1,18,relative_pitch_semitone,0.8161178231239319,1.6146091222763062,845
ravdess_speech,20260920,1,18,implied_speaker_baseline_semitone,0.9457610249519348,0.8716247081756592,845
ravdess_speech,20260920,1,19,absolute_pitch_semitone,0.8952076435089111,1.5717270374298096,845
ravdess_speech,20260920,1,19,relative_pitch_semitone,0.798183798789978,1.6809250116348269,845
ravdess_speech,20260920,1,19,implied_speaker_baseline_semitone,0.9339142441749572,0.9884769916534424,845
ravdess_speech,20260920,1,20,absolute_pitch_semitone,0.905309796333313,1.5211650133132937,845
ravdess_speech,20260920,1,20,relative_pitch_semitone,0.799270749092102,1.713531732559204,845
ravdess_speech,20260920,1,20,implied_speaker_baseline_semitone,0.9434269070625304,0.9334614276885986,845
ravdess_speech,20260920,1,21,absolute_pitch_semitone,0.8807377815246582,1.6934561729431152,845
ravdess_speech,20260920,1,21,relative_pitch_semitone,0.7583521604537964,1.8467833995819087,845
ravdess_speech,20260920,1,21,implied_speaker_baseline_semitone,0.941476047039032,0.9664193391799928,845
ravdess_speech,20260920,1,22,absolute_pitch_semitone,0.885435163974762,1.7286832332611084,845
ravdess_speech,20260920,1,22,relative_pitch_semitone,0.7771384119987488,1.8400778770446775,845
ravdess_speech,20260920,1,22,implied_speaker_baseline_semitone,0.9373464584350586,0.9646238088607788,845
ravdess_speech,20260920,1,23,absolute_pitch_semitone,0.8895185589790344,1.6098639965057373,845
ravdess_speech,20260920,1,23,relative_pitch_semitone,0.7344622611999512,1.812278628349304,845
ravdess_speech,20260920,1,23,implied_speaker_baseline_semitone,0.929073691368103,1.051134467124939,845
ravdess_speech,20260920,1,24,absolute_pitch_semitone,0.8414652943611145,1.932629466056824,845
ravdess_speech,20260920,1,24,relative_pitch_semitone,0.737195611000061,1.9040584564208984,845
ravdess_speech,20260920,1,24,implied_speaker_baseline_semitone,0.9243497252464294,1.0321017503738403,845
ravdess_speech,20260920,2,0,absolute_pitch_semitone,0.9263694882392884,1.2191176414489746,845
ravdess_speech,20260920,2,0,relative_pitch_semitone,0.8159835934638977,1.6492490768432615,845
ravdess_speech,20260920,2,0,implied_speaker_baseline_semitone,0.9281339645385742,1.0491738319396973,845
ravdess_speech,20260920,2,1,absolute_pitch_semitone,0.9296237230300904,1.2089446783065796,845
ravdess_speech,20260920,2,1,relative_pitch_semitone,0.8205477595329285,1.7061288356781006,845
ravdess_speech,20260920,2,1,implied_speaker_baseline_semitone,0.9360800981521606,1.0081689357757568,845
ravdess_speech,20260920,2,2,absolute_pitch_semitone,0.9170653820037842,1.316887378692627,845
ravdess_speech,20260920,2,2,relative_pitch_semitone,0.8458334803581238,1.5754156112670898,845
ravdess_speech,20260920,2,2,implied_speaker_baseline_semitone,0.9595404267311096,0.797438383102417,845
ravdess_speech,20260920,2,3,absolute_pitch_semitone,0.919065237045288,1.307270646095276,845
ravdess_speech,20260920,2,3,relative_pitch_semitone,0.8595319390296936,1.4606634378433228,845
ravdess_speech,20260920,2,3,implied_speaker_baseline_semitone,0.967909038066864,0.6947105526924133,845
ravdess_speech,20260920,2,4,absolute_pitch_semitone,0.9187924265861512,1.3668265342712402,845
ravdess_speech,20260920,2,4,relative_pitch_semitone,0.8733727931976318,1.443245768547058,845
ravdess_speech,20260920,2,4,implied_speaker_baseline_semitone,0.9774499535560608,0.6119044423103333,845
ravdess_speech,20260920,2,5,absolute_pitch_semitone,0.934756338596344,1.1612136363983154,845
ravdess_speech,20260920,2,5,relative_pitch_semitone,0.9103659987449646,1.158577561378479,845
ravdess_speech,20260920,2,5,implied_speaker_baseline_semitone,0.9782502055168152,0.5782114863395691,845
ravdess_speech,20260920,2,6,absolute_pitch_semitone,0.9307861924171448,1.223749041557312,845
ravdess_speech,20260920,2,6,relative_pitch_semitone,0.8978727459907532,1.2898956537246704,845
ravdess_speech,20260920,2,6,implied_speaker_baseline_semitone,0.9804558157920836,0.5554346442222595,845
ravdess_speech,20260920,2,7,absolute_pitch_semitone,0.9312463998794556,1.2377357482910156,845
ravdess_speech,20260920,2,7,relative_pitch_semitone,0.8934729695320129,1.329622745513916,845
ravdess_speech,20260920,2,7,implied_speaker_baseline_semitone,0.9708150029182434,0.6596564650535583,845
ravdess_speech,20260920,2,8,absolute_pitch_semitone,0.9333070516586304,1.1536952257156372,845
ravdess_speech,20260920,2,8,relative_pitch_semitone,0.8981961607933044,1.2431674003601074,845
ravdess_speech,20260920,2,8,implied_speaker_baseline_semitone,0.9766218662261964,0.5805836915969849,845
ravdess_speech,20260920,2,9,absolute_pitch_semitone,0.9204042553901672,1.2695538997650146,845
ravdess_speech,20260920,2,9,relative_pitch_semitone,0.8587498664855957,1.46142578125,845
ravdess_speech,20260920,2,9,implied_speaker_baseline_semitone,0.971720576286316,0.643988311290741,845
ravdess_speech,20260920,2,10,absolute_pitch_semitone,0.9171989560127258,1.3402066230773926,845
ravdess_speech,20260920,2,10,relative_pitch_semitone,0.8579243421554565,1.470164179801941,845
ravdess_speech,20260920,2,10,implied_speaker_baseline_semitone,0.9706092476844788,0.6523046493530273,845
ravdess_speech,20260920,2,11,absolute_pitch_semitone,0.9157966375350952,1.3202372789382937,845
ravdess_speech,20260920,2,11,relative_pitch_semitone,0.8558081984519958,1.4675958156585691,845
ravdess_speech,20260920,2,11,implied_speaker_baseline_semitone,0.9688263535499572,0.692242443561554,845
ravdess_speech,20260920,2,12,absolute_pitch_semitone,0.9189755320549012,1.2782671451568604,845
ravdess_speech,20260920,2,12,relative_pitch_semitone,0.870783805847168,1.380670189857483,845
ravdess_speech,20260920,2,12,implied_speaker_baseline_semitone,0.956488311290741,0.8131116628646851,845
ravdess_speech,20260920,2,13,absolute_pitch_semitone,0.9098952412605286,1.4238348007202148,845
ravdess_speech,20260920,2,13,relative_pitch_semitone,0.853983998298645,1.51951801776886,845
ravdess_speech,20260920,2,13,implied_speaker_baseline_semitone,0.9600487351417542,0.782386839389801,845
ravdess_speech,20260920,2,14,absolute_pitch_semitone,0.8972551822662354,1.4852526187896729,845
ravdess_speech,20260920,2,14,relative_pitch_semitone,0.8472764492034912,1.5226372480392456,845
ravdess_speech,20260920,2,14,implied_speaker_baseline_semitone,0.9546940326690674,0.8337286114692688,845
ravdess_speech,20260920,2,15,absolute_pitch_semitone,0.8896655440330505,1.5555719137191772,845
ravdess_speech,20260920,2,15,relative_pitch_semitone,0.8256384134292603,1.6627205610275269,845
ravdess_speech,20260920,2,15,implied_speaker_baseline_semitone,0.954038381576538,0.8314487934112549,845
ravdess_speech,20260920,2,16,absolute_pitch_semitone,0.9012365341186525,1.421122431755066,845
ravdess_speech,20260920,2,16,relative_pitch_semitone,0.8354230523109436,1.555820107460022,845
ravdess_speech,20260920,2,16,implied_speaker_baseline_semitone,0.9530438780784608,0.8358645439147949,845
ravdess_speech,20260920,2,17,absolute_pitch_semitone,0.8993194103240967,1.4750220775604248,845
ravdess_speech,20260920,2,17,relative_pitch_semitone,0.818079948425293,1.631057858467102,845
ravdess_speech,20260920,2,17,implied_speaker_baseline_semitone,0.9427749514579772,0.9297133684158324,845
ravdess_speech,20260920,2,18,absolute_pitch_semitone,0.8744123578071594,1.659965753555298,845
ravdess_speech,20260920,2,18,relative_pitch_semitone,0.8062529563903809,1.707506775856018,845
ravdess_speech,20260920,2,18,implied_speaker_baseline_semitone,0.9395663738250732,0.9560898542404176,845
ravdess_speech,20260920,2,19,absolute_pitch_semitone,0.870741069316864,1.6667323112487793,845
ravdess_speech,20260920,2,19,relative_pitch_semitone,0.7915253639221191,1.7326114177703855,845
ravdess_speech,20260920,2,19,implied_speaker_baseline_semitone,0.9368093013763428,0.9674245119094848,845
ravdess_speech,20260920,2,20,absolute_pitch_semitone,0.889483630657196,1.492651343345642,845
ravdess_speech,20260920,2,20,relative_pitch_semitone,0.7930012941360474,1.832367181777954,845
ravdess_speech,20260920,2,20,implied_speaker_baseline_semitone,0.9145449995994568,1.077877640724182,845
ravdess_speech,20260920,2,21,absolute_pitch_semitone,0.874431848526001,1.6517351865768433,845
ravdess_speech,20260920,2,21,relative_pitch_semitone,0.7527910470962524,1.9559261798858645,845
ravdess_speech,20260920,2,21,implied_speaker_baseline_semitone,0.9163579344749452,1.1173837184906006,845
ravdess_speech,20260920,2,22,absolute_pitch_semitone,0.8700635433197021,1.6768687963485718,845
ravdess_speech,20260920,2,22,relative_pitch_semitone,0.7827082872390747,1.862396478652954,845
ravdess_speech,20260920,2,22,implied_speaker_baseline_semitone,0.9325082898139954,0.9764403104782104,845
ravdess_speech,20260920,2,23,absolute_pitch_semitone,0.8901282548904419,1.6059372425079346,845
ravdess_speech,20260920,2,23,relative_pitch_semitone,0.791262149810791,1.7785801887512207,845
ravdess_speech,20260920,2,23,implied_speaker_baseline_semitone,0.9276708960533142,0.9959900379180908,845
ravdess_speech,20260920,2,24,absolute_pitch_semitone,0.8530545234680176,1.7744425535202026,845
ravdess_speech,20260920,2,24,relative_pitch_semitone,0.7878558039665222,1.7800333499908447,845
ravdess_speech,20260920,2,24,implied_speaker_baseline_semitone,0.9294165968894958,0.9697923064231871,845
ravdess_speech,20260920,3,0,absolute_pitch_semitone,0.9314607977867126,1.2471836805343628,845
ravdess_speech,20260920,3,0,relative_pitch_semitone,0.7992122173309326,1.679400086402893,845
ravdess_speech,20260920,3,0,implied_speaker_baseline_semitone,0.9263213872909546,1.103532075881958,845
ravdess_speech,20260920,3,1,absolute_pitch_semitone,0.935246467590332,1.25008225440979,845
ravdess_speech,20260920,3,1,relative_pitch_semitone,0.8339344263076782,1.6184357404708862,845
ravdess_speech,20260920,3,1,implied_speaker_baseline_semitone,0.941461980342865,0.960607409477234,845
ravdess_speech,20260920,3,2,absolute_pitch_semitone,0.9308322072029114,1.2884597778320312,845
ravdess_speech,20260920,3,2,relative_pitch_semitone,0.8499953746795654,1.4595078229904177,845
ravdess_speech,20260920,3,2,implied_speaker_baseline_semitone,0.9584925174713136,0.7959216237068176,845
ravdess_speech,20260920,3,3,absolute_pitch_semitone,0.9167396426200868,1.3822128772735596,845
ravdess_speech,20260920,3,3,relative_pitch_semitone,0.8445203304290771,1.53156840801239,845
ravdess_speech,20260920,3,3,implied_speaker_baseline_semitone,0.9739449620246888,0.6662051677703857,845
ravdess_speech,20260920,3,4,absolute_pitch_semitone,0.930329203605652,1.2498594522476196,845
ravdess_speech,20260920,3,4,relative_pitch_semitone,0.8718657493591309,1.38163423538208,845
ravdess_speech,20260920,3,4,implied_speaker_baseline_semitone,0.977811872959137,0.570471465587616,845
ravdess_speech,20260920,3,5,absolute_pitch_semitone,0.9397483468055724,1.183545470237732,845
ravdess_speech,20260920,3,5,relative_pitch_semitone,0.8913564085960388,1.2055083513259888,845
ravdess_speech,20260920,3,5,implied_speaker_baseline_semitone,0.9805602431297302,0.5534109473228455,845
ravdess_speech,20260920,3,6,absolute_pitch_semitone,0.9380369186401368,1.2229634523391724,845
ravdess_speech,20260920,3,6,relative_pitch_semitone,0.887198269367218,1.3089368343353271,845
ravdess_speech,20260920,3,6,implied_speaker_baseline_semitone,0.979712188243866,0.5679950714111328,845
ravdess_speech,20260920,3,7,absolute_pitch_semitone,0.9363975524902344,1.1939871311187744,845
ravdess_speech,20260920,3,7,relative_pitch_semitone,0.8730286955833435,1.3618537187576294,845
ravdess_speech,20260920,3,7,implied_speaker_baseline_semitone,0.9773090481758118,0.5923488736152649,845
ravdess_speech,20260920,3,8,absolute_pitch_semitone,0.9451863169670104,1.1050833463668823,845
ravdess_speech,20260920,3,8,relative_pitch_semitone,0.9010607600212096,1.2208552360534668,845
ravdess_speech,20260920,3,8,implied_speaker_baseline_semitone,0.9755504727363586,0.6142387986183167,845
ravdess_speech,20260920,3,9,absolute_pitch_semitone,0.9467130303382874,1.1089833974838257,845
ravdess_speech,20260920,3,9,relative_pitch_semitone,0.880237340927124,1.3317090272903442,845
ravdess_speech,20260920,3,9,implied_speaker_baseline_semitone,0.967030704021454,0.7039997577667236,845
ravdess_speech,20260920,3,10,absolute_pitch_semitone,0.9333956837654114,1.234717607498169,845
ravdess_speech,20260920,3,10,relative_pitch_semitone,0.8652116656303406,1.432692289352417,845
ravdess_speech,20260920,3,10,implied_speaker_baseline_semitone,0.972934901714325,0.6468207836151123,845
ravdess_speech,20260920,3,11,absolute_pitch_semitone,0.9439395666122437,1.12779438495636,845
ravdess_speech,20260920,3,11,relative_pitch_semitone,0.8914796710014343,1.2344958782196045,845
ravdess_speech,20260920,3,11,implied_speaker_baseline_semitone,0.9716713428497314,0.6884143352508545,845
ravdess_speech,20260920,3,12,absolute_pitch_semitone,0.9398975372314452,1.1758980751037598,845
ravdess_speech,20260920,3,12,relative_pitch_semitone,0.8860971927642822,1.3032259941101074,845
ravdess_speech,20260920,3,12,implied_speaker_baseline_semitone,0.9704414010047911,0.6971288919448853,845
ravdess_speech,20260920,3,13,absolute_pitch_semitone,0.9163432717323304,1.3670783042907717,845
ravdess_speech,20260920,3,13,relative_pitch_semitone,0.8451898097991943,1.48178231716156,845
ravdess_speech,20260920,3,13,implied_speaker_baseline_semitone,0.970461368560791,0.6752103567123413,845
ravdess_speech,20260920,3,14,absolute_pitch_semitone,0.91099351644516,1.4919520616531372,845
ravdess_speech,20260920,3,14,relative_pitch_semitone,0.84334796667099,1.5785185098648071,845
ravdess_speech,20260920,3,14,implied_speaker_baseline_semitone,0.961947739124298,0.7477280497550964,845
ravdess_speech,20260920,3,15,absolute_pitch_semitone,0.904708981513977,1.4707802534103394,845
ravdess_speech,20260920,3,15,relative_pitch_semitone,0.8133450746536255,1.6075559854507446,845
ravdess_speech,20260920,3,15,implied_speaker_baseline_semitone,0.9562757015228271,0.8172406554222107,845
ravdess_speech,20260920,3,16,absolute_pitch_semitone,0.895750105381012,1.5209733247756958,845
ravdess_speech,20260920,3,16,relative_pitch_semitone,0.8097478151321411,1.6584229469299316,845
ravdess_speech,20260920,3,16,implied_speaker_baseline_semitone,0.9566956758499146,0.8183364868164062,845
ravdess_speech,20260920,3,17,absolute_pitch_semitone,0.8951852917671204,1.590034246444702,845
ravdess_speech,20260920,3,17,relative_pitch_semitone,0.8004752397537231,1.7213736772537231,845
ravdess_speech,20260920,3,17,implied_speaker_baseline_semitone,0.9402328729629515,0.9695500135421752,845
ravdess_speech,20260920,3,18,absolute_pitch_semitone,0.8859623670578003,1.6569715738296509,845
ravdess_speech,20260920,3,18,relative_pitch_semitone,0.7973914742469788,1.7019537687301636,845
ravdess_speech,20260920,3,18,implied_speaker_baseline_semitone,0.9392091035842896,0.9568825364112854,845
ravdess_speech,20260920,3,19,absolute_pitch_semitone,0.885768711566925,1.6161189079284668,845
ravdess_speech,20260920,3,19,relative_pitch_semitone,0.7922161817550659,1.6844292879104614,845
ravdess_speech,20260920,3,19,implied_speaker_baseline_semitone,0.9393314123153688,0.9627084136009216,845
ravdess_speech,20260920,3,20,absolute_pitch_semitone,0.8964439034461975,1.5465352535247805,845
ravdess_speech,20260920,3,20,relative_pitch_semitone,0.7651132345199585,1.808948993682861,845
ravdess_speech,20260920,3,20,implied_speaker_baseline_semitone,0.9331802129745485,1.004616379737854,845
ravdess_speech,20260920,3,21,absolute_pitch_semitone,0.8824406862258911,1.646888017654419,845
ravdess_speech,20260920,3,21,relative_pitch_semitone,0.7567922472953796,1.912554383277893,845
ravdess_speech,20260920,3,21,implied_speaker_baseline_semitone,0.9374873638153076,0.9501261115074158,845
ravdess_speech,20260920,3,22,absolute_pitch_semitone,0.8949997425079346,1.5523749589920044,845
ravdess_speech,20260920,3,22,relative_pitch_semitone,0.7995785474777222,1.7132503986358645,845
ravdess_speech,20260920,3,22,implied_speaker_baseline_semitone,0.9418253302574158,0.924820065498352,845
ravdess_speech,20260920,3,23,absolute_pitch_semitone,0.8846133947372437,1.5987178087234497,845
ravdess_speech,20260920,3,23,relative_pitch_semitone,0.7366686463356018,1.9364495277404783,845
ravdess_speech,20260920,3,23,implied_speaker_baseline_semitone,0.9275776743888856,1.0232794284820557,845
ravdess_speech,20260920,3,24,absolute_pitch_semitone,0.867509663105011,1.799044847488403,845
ravdess_speech,20260920,3,24,relative_pitch_semitone,0.7750654220581055,1.8460935354232788,845
ravdess_speech,20260920,3,24,implied_speaker_baseline_semitone,0.9214943647384644,1.0889204740524292,845
ravdess_speech,20260921,0,0,absolute_pitch_semitone,0.9329590797424316,1.191264271736145,845
ravdess_speech,20260921,0,0,relative_pitch_semitone,0.7907299995422363,1.7304733991622925,845
ravdess_speech,20260921,0,0,implied_speaker_baseline_semitone,0.9283239841461182,1.064337968826294,845
ravdess_speech,20260921,0,1,absolute_pitch_semitone,0.9358981251716614,1.189670443534851,845
ravdess_speech,20260921,0,1,relative_pitch_semitone,0.7914419174194336,1.801005244255066,845
ravdess_speech,20260921,0,1,implied_speaker_baseline_semitone,0.9239437580108644,1.1002851724624634,845
ravdess_speech,20260921,0,2,absolute_pitch_semitone,0.9225545525550842,1.3050072193145752,845
ravdess_speech,20260921,0,2,relative_pitch_semitone,0.8150156140327454,1.5961536169052124,845
ravdess_speech,20260921,0,2,implied_speaker_baseline_semitone,0.9586936831474304,0.7720806002616882,845
ravdess_speech,20260921,0,3,absolute_pitch_semitone,0.9216206073760986,1.346462368965149,845
ravdess_speech,20260921,0,3,relative_pitch_semitone,0.8652675151824951,1.4543887376785278,845
ravdess_speech,20260921,0,3,implied_speaker_baseline_semitone,0.9763296246528624,0.6130574941635132,845
ravdess_speech,20260921,0,4,absolute_pitch_semitone,0.9276726841926576,1.2925660610198977,845
ravdess_speech,20260921,0,4,relative_pitch_semitone,0.8788515329360962,1.3020857572555542,845
ravdess_speech,20260921,0,4,implied_speaker_baseline_semitone,0.980439066886902,0.54888516664505,845
ravdess_speech,20260921,0,5,absolute_pitch_semitone,0.9314069151878356,1.2605955600738523,845
ravdess_speech,20260921,0,5,relative_pitch_semitone,0.8774377107620239,1.3739413022994995,845
ravdess_speech,20260921,0,5,implied_speaker_baseline_semitone,0.9777575731277466,0.5899401903152466,845
ravdess_speech,20260921,0,6,absolute_pitch_semitone,0.941895306110382,1.1258405447006226,845
ravdess_speech,20260921,0,6,relative_pitch_semitone,0.883175790309906,1.2754350900650024,845
ravdess_speech,20260921,0,6,implied_speaker_baseline_semitone,0.9786823391914368,0.5788834095001221,845
ravdess_speech,20260921,0,7,absolute_pitch_semitone,0.9313748478889464,1.2589880228042605,845
ravdess_speech,20260921,0,7,relative_pitch_semitone,0.8626962304115295,1.395166277885437,845
ravdess_speech,20260921,0,7,implied_speaker_baseline_semitone,0.9771398901939392,0.6118322610855103,845
ravdess_speech,20260921,0,8,absolute_pitch_semitone,0.933197557926178,1.222412109375,845
ravdess_speech,20260921,0,8,relative_pitch_semitone,0.8700979948043823,1.380173683166504,845
ravdess_speech,20260921,0,8,implied_speaker_baseline_semitone,0.9768449068069458,0.5956535935401917,845
ravdess_speech,20260921,0,9,absolute_pitch_semitone,0.9411950707435608,1.1686195135116575,845
ravdess_speech,20260921,0,9,relative_pitch_semitone,0.8791927695274353,1.337888479232788,845
ravdess_speech,20260921,0,9,implied_speaker_baseline_semitone,0.9733299016952516,0.6331356167793274,845
ravdess_speech,20260921,0,10,absolute_pitch_semitone,0.929568648338318,1.2327314615249634,845
ravdess_speech,20260921,0,10,relative_pitch_semitone,0.8556299209594727,1.3769574165344238,845
ravdess_speech,20260921,0,10,implied_speaker_baseline_semitone,0.9763106107711792,0.593120276927948,845
ravdess_speech,20260921,0,11,absolute_pitch_semitone,0.9324114322662354,1.2251338958740234,845
ravdess_speech,20260921,0,11,relative_pitch_semitone,0.8644992709159851,1.4139838218688965,845
ravdess_speech,20260921,0,11,implied_speaker_baseline_semitone,0.9699938893318176,0.6866846084594727,845
ravdess_speech,20260921,0,12,absolute_pitch_semitone,0.9263078570365906,1.3448619842529297,845
ravdess_speech,20260921,0,12,relative_pitch_semitone,0.866456925868988,1.4192962646484375,845
ravdess_speech,20260921,0,12,implied_speaker_baseline_semitone,0.967538833618164,0.7050148248672485,845
ravdess_speech,20260921,0,13,absolute_pitch_semitone,0.9090148210525512,1.4389728307724,845
ravdess_speech,20260921,0,13,relative_pitch_semitone,0.8340097665786743,1.5124645233154297,845
ravdess_speech,20260921,0,13,implied_speaker_baseline_semitone,0.9694136381149292,0.7056353092193604,845
ravdess_speech,20260921,0,14,absolute_pitch_semitone,0.9240700602531432,1.3000272512435913,845
ravdess_speech,20260921,0,14,relative_pitch_semitone,0.869366466999054,1.348850965499878,845
ravdess_speech,20260921,0,14,implied_speaker_baseline_semitone,0.960602641105652,0.7709870934486389,845
ravdess_speech,20260921,0,15,absolute_pitch_semitone,0.9120087027549744,1.4372437000274658,845
ravdess_speech,20260921,0,15,relative_pitch_semitone,0.8310311436653137,1.5769786834716797,845
ravdess_speech,20260921,0,15,implied_speaker_baseline_semitone,0.9616264700889589,0.7935665249824524,845
ravdess_speech,20260921,0,16,absolute_pitch_semitone,0.9133906960487366,1.4092804193496704,845
ravdess_speech,20260921,0,16,relative_pitch_semitone,0.8413997888565063,1.5098768472671509,845
ravdess_speech,20260921,0,16,implied_speaker_baseline_semitone,0.9532785415649414,0.8448748588562012,845
ravdess_speech,20260921,0,17,absolute_pitch_semitone,0.9104994535446168,1.47187077999115,845
ravdess_speech,20260921,0,17,relative_pitch_semitone,0.8361829519271851,1.5711493492126465,845
ravdess_speech,20260921,0,17,implied_speaker_baseline_semitone,0.9456045627593994,0.920376479625702,845
ravdess_speech,20260921,0,18,absolute_pitch_semitone,0.904954195022583,1.5124388933181765,845
ravdess_speech,20260921,0,18,relative_pitch_semitone,0.8223137855529785,1.6477341651916504,845
ravdess_speech,20260921,0,18,implied_speaker_baseline_semitone,0.9452465772628784,0.904090404510498,845
ravdess_speech,20260921,0,19,absolute_pitch_semitone,0.8990577459335327,1.5354827642440796,845
ravdess_speech,20260921,0,19,relative_pitch_semitone,0.8170439600944519,1.6259214878082275,845
ravdess_speech,20260921,0,19,implied_speaker_baseline_semitone,0.9315503239631652,1.027796745300293,845
ravdess_speech,20260921,0,20,absolute_pitch_semitone,0.8828561305999756,1.6432322263717651,845
ravdess_speech,20260921,0,20,relative_pitch_semitone,0.7815799117088318,1.842196702957153,845
ravdess_speech,20260921,0,20,implied_speaker_baseline_semitone,0.9324065446853638,1.0078716278076172,845
ravdess_speech,20260921,0,21,absolute_pitch_semitone,0.8837808966636658,1.613345980644226,845
ravdess_speech,20260921,0,21,relative_pitch_semitone,0.7916305065155029,1.7430585622787476,845
ravdess_speech,20260921,0,21,implied_speaker_baseline_semitone,0.9386687874794006,0.9653473496437072,845
ravdess_speech,20260921,0,22,absolute_pitch_semitone,0.8798604607582092,1.61883282661438,845
ravdess_speech,20260921,0,22,relative_pitch_semitone,0.7689619064331055,1.8213931322097776,845
ravdess_speech,20260921,0,22,implied_speaker_baseline_semitone,0.9435652494430542,0.9189192056655884,845
ravdess_speech,20260921,0,23,absolute_pitch_semitone,0.8982781767845154,1.516117811203003,845
ravdess_speech,20260921,0,23,relative_pitch_semitone,0.7777109742164612,1.812011480331421,845
ravdess_speech,20260921,0,23,implied_speaker_baseline_semitone,0.928935408592224,1.0550389289855957,845
ravdess_speech,20260921,0,24,absolute_pitch_semitone,0.8687036037445068,1.7184098958969116,845
ravdess_speech,20260921,0,24,relative_pitch_semitone,0.7580618262290955,1.8642905950546265,845
ravdess_speech,20260921,0,24,implied_speaker_baseline_semitone,0.9191400408744812,1.114207744598389,845
ravdess_speech,20260921,1,0,absolute_pitch_semitone,0.9387140274047852,1.1100339889526367,845
ravdess_speech,20260921,1,0,relative_pitch_semitone,0.8394771218299866,1.655531883239746,845
ravdess_speech,20260921,1,0,implied_speaker_baseline_semitone,0.9308281540870668,1.0065902471542358,845
ravdess_speech,20260921,1,1,absolute_pitch_semitone,0.9236475229263306,1.2856786251068115,845
ravdess_speech,20260921,1,1,relative_pitch_semitone,0.825043797492981,1.687034249305725,845
ravdess_speech,20260921,1,1,implied_speaker_baseline_semitone,0.940489947795868,0.9574406147003174,845
ravdess_speech,20260921,1,2,absolute_pitch_semitone,0.9207571744918824,1.3101825714111328,845
ravdess_speech,20260921,1,2,relative_pitch_semitone,0.8648205399513245,1.504735231399536,845
ravdess_speech,20260921,1,2,implied_speaker_baseline_semitone,0.9573848843574524,0.7985132336616516,845
ravdess_speech,20260921,1,3,absolute_pitch_semitone,0.9110642671585084,1.4126324653625488,845
ravdess_speech,20260921,1,3,relative_pitch_semitone,0.8683990240097046,1.4554632902145386,845
ravdess_speech,20260921,1,3,implied_speaker_baseline_semitone,0.9727935791015624,0.6328327059745789,845
ravdess_speech,20260921,1,4,absolute_pitch_semitone,0.920630693435669,1.310124754905701,845
ravdess_speech,20260921,1,4,relative_pitch_semitone,0.8783968091011047,1.3827012777328491,845
ravdess_speech,20260921,1,4,implied_speaker_baseline_semitone,0.9803284406661988,0.5522456765174866,845
ravdess_speech,20260921,1,5,absolute_pitch_semitone,0.93353271484375,1.16093111038208,845
ravdess_speech,20260921,1,5,relative_pitch_semitone,0.9078633189201356,1.2238296270370483,845
ravdess_speech,20260921,1,5,implied_speaker_baseline_semitone,0.9798095226287842,0.5558598041534424,845
ravdess_speech,20260921,1,6,absolute_pitch_semitone,0.9360494017601012,1.169963002204895,845
ravdess_speech,20260921,1,6,relative_pitch_semitone,0.8843241930007935,1.37684965133667,845
ravdess_speech,20260921,1,6,implied_speaker_baseline_semitone,0.9745999574661256,0.6382974982261658,845
ravdess_speech,20260921,1,7,absolute_pitch_semitone,0.9283186197280884,1.226388692855835,845
ravdess_speech,20260921,1,7,relative_pitch_semitone,0.88180011510849,1.3531224727630615,845
ravdess_speech,20260921,1,7,implied_speaker_baseline_semitone,0.9692080616950988,0.6896933317184448,845
ravdess_speech,20260921,1,8,absolute_pitch_semitone,0.9330269694328308,1.1740895509719849,845
ravdess_speech,20260921,1,8,relative_pitch_semitone,0.896620512008667,1.2556971311569214,845
ravdess_speech,20260921,1,8,implied_speaker_baseline_semitone,0.9764377474784852,0.6091951727867126,845
ravdess_speech,20260921,1,9,absolute_pitch_semitone,0.9280973076820374,1.2705484628677368,845
ravdess_speech,20260921,1,9,relative_pitch_semitone,0.8710125684738159,1.4829624891281128,845
ravdess_speech,20260921,1,9,implied_speaker_baseline_semitone,0.9670674204826356,0.6895323395729065,845
ravdess_speech,20260921,1,10,absolute_pitch_semitone,0.9092400074005128,1.3682260513305664,845
ravdess_speech,20260921,1,10,relative_pitch_semitone,0.8657737374305725,1.3975218534469604,845
ravdess_speech,20260921,1,10,implied_speaker_baseline_semitone,0.9737586975097656,0.6310216188430786,845
ravdess_speech,20260921,1,11,absolute_pitch_semitone,0.9267026782035828,1.2477537393569946,845
ravdess_speech,20260921,1,11,relative_pitch_semitone,0.8949387073516846,1.3170336484909058,845
ravdess_speech,20260921,1,11,implied_speaker_baseline_semitone,0.9688295125961304,0.6780866980552673,845
ravdess_speech,20260921,1,12,absolute_pitch_semitone,0.9217485785484314,1.26386559009552,845
ravdess_speech,20260921,1,12,relative_pitch_semitone,0.8942946195602417,1.2945451736450195,845
ravdess_speech,20260921,1,12,implied_speaker_baseline_semitone,0.968519389629364,0.6878622770309448,845
ravdess_speech,20260921,1,13,absolute_pitch_semitone,0.9148282408714294,1.286402463912964,845
ravdess_speech,20260921,1,13,relative_pitch_semitone,0.8705994486808777,1.4257910251617432,845
ravdess_speech,20260921,1,13,implied_speaker_baseline_semitone,0.9683369994163512,0.7159824967384338,845
ravdess_speech,20260921,1,14,absolute_pitch_semitone,0.9082265496253968,1.3720520734786987,845
ravdess_speech,20260921,1,14,relative_pitch_semitone,0.8692986965179443,1.4525691270828247,845
ravdess_speech,20260921,1,14,implied_speaker_baseline_semitone,0.9599029421806335,0.7792139053344727,845
ravdess_speech,20260921,1,15,absolute_pitch_semitone,0.891764760017395,1.468866944313049,845
ravdess_speech,20260921,1,15,relative_pitch_semitone,0.8450287580490112,1.5268497467041016,845
ravdess_speech,20260921,1,15,implied_speaker_baseline_semitone,0.9529372453689576,0.8724233508110046,845
ravdess_speech,20260921,1,16,absolute_pitch_semitone,0.8824958205223083,1.5922411680221558,845
ravdess_speech,20260921,1,16,relative_pitch_semitone,0.817936360836029,1.7006489038467407,845
ravdess_speech,20260921,1,16,implied_speaker_baseline_semitone,0.9602883458137512,0.8008539080619812,845
ravdess_speech,20260921,1,17,absolute_pitch_semitone,0.8875842094421387,1.550971508026123,845
ravdess_speech,20260921,1,17,relative_pitch_semitone,0.8181476593017578,1.7065294981002808,845
ravdess_speech,20260921,1,17,implied_speaker_baseline_semitone,0.9508445262908936,0.8545274138450623,845
ravdess_speech,20260921,1,18,absolute_pitch_semitone,0.8812698721885681,1.512925148010254,845
ravdess_speech,20260921,1,18,relative_pitch_semitone,0.8310311436653137,1.6458144187927246,845
ravdess_speech,20260921,1,18,implied_speaker_baseline_semitone,0.9509793519973756,0.8674778938293457,845
ravdess_speech,20260921,1,19,absolute_pitch_semitone,0.8680500984191895,1.624695062637329,845
ravdess_speech,20260921,1,19,relative_pitch_semitone,0.8279982209205627,1.6695727109909058,845
ravdess_speech,20260921,1,19,implied_speaker_baseline_semitone,0.9470306634902954,0.8935621976852417,845
ravdess_speech,20260921,1,20,absolute_pitch_semitone,0.9025313258171082,1.4470908641815186,845
ravdess_speech,20260921,1,20,relative_pitch_semitone,0.8386269211769104,1.63344144821167,845
ravdess_speech,20260921,1,20,implied_speaker_baseline_semitone,0.9441198110580444,0.9531587958335876,845
ravdess_speech,20260921,1,21,absolute_pitch_semitone,0.8613321185112,1.648135781288147,845
ravdess_speech,20260921,1,21,relative_pitch_semitone,0.778090238571167,1.814722180366516,845
ravdess_speech,20260921,1,21,implied_speaker_baseline_semitone,0.9386154413223268,0.9829059839248656,845
ravdess_speech,20260921,1,22,absolute_pitch_semitone,0.8618988394737244,1.6809481382369995,845
ravdess_speech,20260921,1,22,relative_pitch_semitone,0.8040052652359009,1.7509582042694092,845
ravdess_speech,20260921,1,22,implied_speaker_baseline_semitone,0.9445258378982544,0.928824543952942,845
ravdess_speech,20260921,1,23,absolute_pitch_semitone,0.8790801167488098,1.586898684501648,845
ravdess_speech,20260921,1,23,relative_pitch_semitone,0.7856160402297974,1.7621396780014038,845
ravdess_speech,20260921,1,23,implied_speaker_baseline_semitone,0.9222614765167236,1.0828869342803955,845
ravdess_speech,20260921,1,24,absolute_pitch_semitone,0.8220963478088379,1.8930082321166992,845
ravdess_speech,20260921,1,24,relative_pitch_semitone,0.75797438621521,1.9614757299423216,845
ravdess_speech,20260921,1,24,implied_speaker_baseline_semitone,0.9192562699317932,1.111780047416687,845
ravdess_speech,20260921,2,0,absolute_pitch_semitone,0.9410637021064758,1.2882708311080933,845
ravdess_speech,20260921,2,0,relative_pitch_semitone,0.7955602407455444,1.847858190536499,845
ravdess_speech,20260921,2,0,implied_speaker_baseline_semitone,0.9153069853782654,1.099663019180298,845
ravdess_speech,20260921,2,1,absolute_pitch_semitone,0.9406863451004028,1.26622211933136,845
ravdess_speech,20260921,2,1,relative_pitch_semitone,0.8188538551330566,1.724947214126587,845
ravdess_speech,20260921,2,1,implied_speaker_baseline_semitone,0.9357928037643432,0.977243959903717,845
ravdess_speech,20260921,2,2,absolute_pitch_semitone,0.9454809427261353,1.180055856704712,845
ravdess_speech,20260921,2,2,relative_pitch_semitone,0.8698864579200745,1.465690851211548,845
ravdess_speech,20260921,2,2,implied_speaker_baseline_semitone,0.9579228758811952,0.7947072386741638,845
ravdess_speech,20260921,2,3,absolute_pitch_semitone,0.9242061376571656,1.4148551225662231,845
ravdess_speech,20260921,2,3,relative_pitch_semitone,0.8433717489242554,1.620720386505127,845
ravdess_speech,20260921,2,3,implied_speaker_baseline_semitone,0.9708954095840454,0.6589733362197876,845
ravdess_speech,20260921,2,4,absolute_pitch_semitone,0.9324631690979004,1.3854925632476809,845
ravdess_speech,20260921,2,4,relative_pitch_semitone,0.8673882484436035,1.5064677000045776,845
ravdess_speech,20260921,2,4,implied_speaker_baseline_semitone,0.9750095009803772,0.5818449854850769,845
ravdess_speech,20260921,2,5,absolute_pitch_semitone,0.9458900690078736,1.2538052797317505,845
ravdess_speech,20260921,2,5,relative_pitch_semitone,0.8994777202606201,1.325927972793579,845
ravdess_speech,20260921,2,5,implied_speaker_baseline_semitone,0.9780184626579284,0.5546998381614685,845
ravdess_speech,20260921,2,6,absolute_pitch_semitone,0.9457502961158752,1.275573968887329,845
ravdess_speech,20260921,2,6,relative_pitch_semitone,0.8910209536552429,1.3786115646362305,845
ravdess_speech,20260921,2,6,implied_speaker_baseline_semitone,0.977959394454956,0.5697353482246399,845
ravdess_speech,20260921,2,7,absolute_pitch_semitone,0.935968816280365,1.367354154586792,845
ravdess_speech,20260921,2,7,relative_pitch_semitone,0.8729746341705322,1.4987746477127075,845
ravdess_speech,20260921,2,7,implied_speaker_baseline_semitone,0.9743325114250184,0.6105579733848572,845
ravdess_speech,20260921,2,8,absolute_pitch_semitone,0.9358624815940856,1.3180065155029297,845
ravdess_speech,20260921,2,8,relative_pitch_semitone,0.8738997578620911,1.4265364408493042,845
ravdess_speech,20260921,2,8,implied_speaker_baseline_semitone,0.9715229868888856,0.6416237950325012,845
ravdess_speech,20260921,2,9,absolute_pitch_semitone,0.9425523281097412,1.2455296516418457,845
ravdess_speech,20260921,2,9,relative_pitch_semitone,0.8699418306350708,1.502813696861267,845
ravdess_speech,20260921,2,9,implied_speaker_baseline_semitone,0.9670981168746948,0.692667543888092,845
ravdess_speech,20260921,2,10,absolute_pitch_semitone,0.9402257800102234,1.2671170234680176,845
ravdess_speech,20260921,2,10,relative_pitch_semitone,0.8767762184143066,1.486552119255066,845
ravdess_speech,20260921,2,10,implied_speaker_baseline_semitone,0.9667962193489076,0.7057897448539734,845
ravdess_speech,20260921,2,11,absolute_pitch_semitone,0.9336017966270448,1.3193103075027466,845
ravdess_speech,20260921,2,11,relative_pitch_semitone,0.872326135635376,1.4649320840835571,845
ravdess_speech,20260921,2,11,implied_speaker_baseline_semitone,0.9622119069099426,0.7690516114234924,845
ravdess_speech,20260921,2,12,absolute_pitch_semitone,0.9297305941581726,1.3697504997253418,845
ravdess_speech,20260921,2,12,relative_pitch_semitone,0.8606234192848206,1.526382327079773,845
ravdess_speech,20260921,2,12,implied_speaker_baseline_semitone,0.9618950486183168,0.7505747675895691,845
ravdess_speech,20260921,2,13,absolute_pitch_semitone,0.9264160990715028,1.42018723487854,845
ravdess_speech,20260921,2,13,relative_pitch_semitone,0.8510127067565918,1.6266849040985107,845
ravdess_speech,20260921,2,13,implied_speaker_baseline_semitone,0.9597672820091248,0.7500824928283691,845
ravdess_speech,20260921,2,14,absolute_pitch_semitone,0.9204769134521484,1.4461685419082642,845
ravdess_speech,20260921,2,14,relative_pitch_semitone,0.863750696182251,1.5172220468521118,845
ravdess_speech,20260921,2,14,implied_speaker_baseline_semitone,0.95442932844162,0.7780293822288513,845
ravdess_speech,20260921,2,15,absolute_pitch_semitone,0.9147599339485168,1.512155532836914,845
ravdess_speech,20260921,2,15,relative_pitch_semitone,0.8470025062561035,1.6275010108947754,845
ravdess_speech,20260921,2,15,implied_speaker_baseline_semitone,0.9465560913085938,0.8653447031974792,845
ravdess_speech,20260921,2,16,absolute_pitch_semitone,0.9082568883895874,1.5870505571365356,845
ravdess_speech,20260921,2,16,relative_pitch_semitone,0.8389021158218384,1.6349200010299685,845
ravdess_speech,20260921,2,16,implied_speaker_baseline_semitone,0.9529634714126588,0.8350521922111511,845
ravdess_speech,20260921,2,17,absolute_pitch_semitone,0.9119281768798828,1.5199189186096191,845
ravdess_speech,20260921,2,17,relative_pitch_semitone,0.8415310382843018,1.6749345064163208,845
ravdess_speech,20260921,2,17,implied_speaker_baseline_semitone,0.938939332962036,0.9126338362693788,845
ravdess_speech,20260921,2,18,absolute_pitch_semitone,0.9063852429389954,1.6585443019866943,845
ravdess_speech,20260921,2,18,relative_pitch_semitone,0.8379724621772766,1.6403319835662842,845
ravdess_speech,20260921,2,18,implied_speaker_baseline_semitone,0.94266676902771,0.8564512729644775,845
ravdess_speech,20260921,2,19,absolute_pitch_semitone,0.9017569422721864,1.6766202449798584,845
ravdess_speech,20260921,2,19,relative_pitch_semitone,0.8156061172485352,1.7572494745254517,845
ravdess_speech,20260921,2,19,implied_speaker_baseline_semitone,0.926025390625,1.0435292720794678,845
ravdess_speech,20260921,2,20,absolute_pitch_semitone,0.926590859889984,1.4448548555374146,845
ravdess_speech,20260921,2,20,relative_pitch_semitone,0.8383339643478394,1.6684837341308594,845
ravdess_speech,20260921,2,20,implied_speaker_baseline_semitone,0.921998143196106,1.0874367952346802,845
ravdess_speech,20260921,2,21,absolute_pitch_semitone,0.910834014415741,1.6112420558929443,845
ravdess_speech,20260921,2,21,relative_pitch_semitone,0.8023353815078735,1.8450671434402464,845
ravdess_speech,20260921,2,21,implied_speaker_baseline_semitone,0.9322213530540466,0.9691652059555054,845
ravdess_speech,20260921,2,22,absolute_pitch_semitone,0.8979401588439941,1.6984891891479492,845
ravdess_speech,20260921,2,22,relative_pitch_semitone,0.794209361076355,1.8174490928649905,845
ravdess_speech,20260921,2,22,implied_speaker_baseline_semitone,0.9284224510192872,1.0352418422698977,845
ravdess_speech,20260921,2,23,absolute_pitch_semitone,0.899071216583252,1.637101650238037,845
ravdess_speech,20260921,2,23,relative_pitch_semitone,0.7864563465118408,1.8611369132995603,845
ravdess_speech,20260921,2,23,implied_speaker_baseline_semitone,0.9143769145011902,1.1280583143234253,845
ravdess_speech,20260921,2,24,absolute_pitch_semitone,0.8857625722885132,1.857398509979248,845
ravdess_speech,20260921,2,24,relative_pitch_semitone,0.8002660274505615,1.8365167379379272,845
ravdess_speech,20260921,2,24,implied_speaker_baseline_semitone,0.9008622169494628,1.1611930131912231,845
ravdess_speech,20260921,3,0,absolute_pitch_semitone,0.9392043352127076,1.2076137065887451,845
ravdess_speech,20260921,3,0,relative_pitch_semitone,0.8201783299446106,1.5057518482208252,845
ravdess_speech,20260921,3,0,implied_speaker_baseline_semitone,0.9381963610649108,0.9962887167930604,845
ravdess_speech,20260921,3,1,absolute_pitch_semitone,0.9334301948547364,1.2538985013961792,845
ravdess_speech,20260921,3,1,relative_pitch_semitone,0.7865210175514221,1.7373193502426147,845
ravdess_speech,20260921,3,1,implied_speaker_baseline_semitone,0.938789963722229,0.9281514883041382,845
ravdess_speech,20260921,3,2,absolute_pitch_semitone,0.9304055571556092,1.2808252573013306,845
ravdess_speech,20260921,3,2,relative_pitch_semitone,0.8230502605438232,1.5454171895980835,845
ravdess_speech,20260921,3,2,implied_speaker_baseline_semitone,0.9641405940055848,0.7335177063941956,845
ravdess_speech,20260921,3,3,absolute_pitch_semitone,0.927543580532074,1.327725887298584,845
ravdess_speech,20260921,3,3,relative_pitch_semitone,0.8582724332809448,1.4125161170959473,845
ravdess_speech,20260921,3,3,implied_speaker_baseline_semitone,0.9731360077857972,0.6280872821807861,845
ravdess_speech,20260921,3,4,absolute_pitch_semitone,0.9288686513900756,1.3030872344970703,845
ravdess_speech,20260921,3,4,relative_pitch_semitone,0.8586052656173706,1.4211052656173706,845
ravdess_speech,20260921,3,4,implied_speaker_baseline_semitone,0.9786185622215272,0.5545087456703186,845
ravdess_speech,20260921,3,5,absolute_pitch_semitone,0.9380702972412108,1.2335422039031982,845
ravdess_speech,20260921,3,5,relative_pitch_semitone,0.8757532835006714,1.3220293521881104,845
ravdess_speech,20260921,3,5,implied_speaker_baseline_semitone,0.976961076259613,0.578876256942749,845
ravdess_speech,20260921,3,6,absolute_pitch_semitone,0.9432183504104614,1.1854283809661863,845
ravdess_speech,20260921,3,6,relative_pitch_semitone,0.878715991973877,1.3393206596374512,845
ravdess_speech,20260921,3,6,implied_speaker_baseline_semitone,0.9805027842521667,0.5366116166114807,845
ravdess_speech,20260921,3,7,absolute_pitch_semitone,0.9346717596054076,1.253803014755249,845
ravdess_speech,20260921,3,7,relative_pitch_semitone,0.852632999420166,1.4693450927734375,845
ravdess_speech,20260921,3,7,implied_speaker_baseline_semitone,0.973780870437622,0.6692752838134766,845
ravdess_speech,20260921,3,8,absolute_pitch_semitone,0.9416202306747437,1.206037998199463,845
ravdess_speech,20260921,3,8,relative_pitch_semitone,0.8739322423934937,1.3334778547286987,845
ravdess_speech,20260921,3,8,implied_speaker_baseline_semitone,0.9751214981079102,0.6267051696777344,845
ravdess_speech,20260921,3,9,absolute_pitch_semitone,0.9471417665481568,1.0908690690994265,845
ravdess_speech,20260921,3,9,relative_pitch_semitone,0.8723578453063965,1.2974400520324707,845
ravdess_speech,20260921,3,9,implied_speaker_baseline_semitone,0.972092628479004,0.6200343370437622,845
ravdess_speech,20260921,3,10,absolute_pitch_semitone,0.925657331943512,1.2885349988937378,845
ravdess_speech,20260921,3,10,relative_pitch_semitone,0.8341448307037354,1.4863052368164062,845
ravdess_speech,20260921,3,10,implied_speaker_baseline_semitone,0.973016083240509,0.6341608762741089,845
ravdess_speech,20260921,3,11,absolute_pitch_semitone,0.9289129972457886,1.2928900718688965,845
ravdess_speech,20260921,3,11,relative_pitch_semitone,0.8551297187805176,1.432332992553711,845
ravdess_speech,20260921,3,11,implied_speaker_baseline_semitone,0.9723894596099854,0.6528364419937134,845
ravdess_speech,20260921,3,12,absolute_pitch_semitone,0.9268715977668762,1.3138598203659058,845
ravdess_speech,20260921,3,12,relative_pitch_semitone,0.847296416759491,1.42691969871521,845
ravdess_speech,20260921,3,12,implied_speaker_baseline_semitone,0.9660592079162598,0.7181001901626587,845
ravdess_speech,20260921,3,13,absolute_pitch_semitone,0.9136312007904052,1.3947091102600098,845
ravdess_speech,20260921,3,13,relative_pitch_semitone,0.8324639797210693,1.467111349105835,845
ravdess_speech,20260921,3,13,implied_speaker_baseline_semitone,0.9679394960403442,0.6705712676048279,845
ravdess_speech,20260921,3,14,absolute_pitch_semitone,0.9121665358543396,1.4806920289993286,845
ravdess_speech,20260921,3,14,relative_pitch_semitone,0.8369016647338867,1.5534651279449463,845
ravdess_speech,20260921,3,14,implied_speaker_baseline_semitone,0.9624861478805542,0.7413950562477112,845
ravdess_speech,20260921,3,15,absolute_pitch_semitone,0.8935787081718445,1.5828584432601929,845
ravdess_speech,20260921,3,15,relative_pitch_semitone,0.7750070095062256,1.7094855308532717,845
ravdess_speech,20260921,3,15,implied_speaker_baseline_semitone,0.9524449110031128,0.8324339985847473,845
ravdess_speech,20260921,3,16,absolute_pitch_semitone,0.903841197490692,1.5272892713546753,845
ravdess_speech,20260921,3,16,relative_pitch_semitone,0.7956954836845398,1.684345841407776,845
ravdess_speech,20260921,3,16,implied_speaker_baseline_semitone,0.9563034772872924,0.8105579018592834,845
ravdess_speech,20260921,3,17,absolute_pitch_semitone,0.9060513973236084,1.5167053937911987,845
ravdess_speech,20260921,3,17,relative_pitch_semitone,0.8038381934165955,1.6169631481170654,845
ravdess_speech,20260921,3,17,implied_speaker_baseline_semitone,0.9544634222984314,0.8098511099815369,845
ravdess_speech,20260921,3,18,absolute_pitch_semitone,0.9020723700523376,1.5335822105407717,845
ravdess_speech,20260921,3,18,relative_pitch_semitone,0.7963542342185974,1.6400662660598757,845
ravdess_speech,20260921,3,18,implied_speaker_baseline_semitone,0.9500932097434998,0.862343430519104,845
ravdess_speech,20260921,3,19,absolute_pitch_semitone,0.8806627988815308,1.6011576652526855,845
ravdess_speech,20260921,3,19,relative_pitch_semitone,0.7590916752815247,1.7504950761795044,845
ravdess_speech,20260921,3,19,implied_speaker_baseline_semitone,0.9434321522712708,0.936255156993866,845
ravdess_speech,20260921,3,20,absolute_pitch_semitone,0.910313606262207,1.5283023118972778,845
ravdess_speech,20260921,3,20,relative_pitch_semitone,0.7848507761955261,1.685694932937622,845
ravdess_speech,20260921,3,20,implied_speaker_baseline_semitone,0.9286457896232604,1.036043643951416,845
ravdess_speech,20260921,3,21,absolute_pitch_semitone,0.8846557140350342,1.6687781810760498,845
ravdess_speech,20260921,3,21,relative_pitch_semitone,0.7538217902183533,1.842249035835266,845
ravdess_speech,20260921,3,21,implied_speaker_baseline_semitone,0.9473771452903748,0.9041898250579834,845
ravdess_speech,20260921,3,22,absolute_pitch_semitone,0.885039746761322,1.680822491645813,845
ravdess_speech,20260921,3,22,relative_pitch_semitone,0.7714588046073914,1.769880771636963,845
ravdess_speech,20260921,3,22,implied_speaker_baseline_semitone,0.9395647048950196,0.9598019123077391,845
ravdess_speech,20260921,3,23,absolute_pitch_semitone,0.8875604271888733,1.6543253660202026,845
ravdess_speech,20260921,3,23,relative_pitch_semitone,0.7376576662063599,1.939292907714844,845
ravdess_speech,20260921,3,23,implied_speaker_baseline_semitone,0.9226558804512024,1.0211693048477173,845
ravdess_speech,20260921,3,24,absolute_pitch_semitone,0.8675355315208435,1.7953457832336426,845
ravdess_speech,20260921,3,24,relative_pitch_semitone,0.7583773136138916,1.784582257270813,845
ravdess_speech,20260921,3,24,implied_speaker_baseline_semitone,0.9199307560920716,1.074696063995361,845
ravdess_speech,20260922,0,0,absolute_pitch_semitone,0.9377593994140624,1.2044692039489746,845
ravdess_speech,20260922,0,0,relative_pitch_semitone,0.8180641531944275,1.7200939655303955,845
ravdess_speech,20260922,0,0,implied_speaker_baseline_semitone,0.9385822415351868,0.9898794889450072,845
ravdess_speech,20260922,0,1,absolute_pitch_semitone,0.9385021924972534,1.2824236154556274,845
ravdess_speech,20260922,0,1,relative_pitch_semitone,0.8176305294036865,1.6965389251708984,845
ravdess_speech,20260922,0,1,implied_speaker_baseline_semitone,0.9368336200714112,0.9477179646492004,845
ravdess_speech,20260922,0,2,absolute_pitch_semitone,0.93306303024292,1.3007972240447998,845
ravdess_speech,20260922,0,2,relative_pitch_semitone,0.8643127679824829,1.433548092842102,845
ravdess_speech,20260922,0,2,implied_speaker_baseline_semitone,0.9648072719573976,0.7109256386756897,845
ravdess_speech,20260922,0,3,absolute_pitch_semitone,0.925093412399292,1.380687236785889,845
ravdess_speech,20260922,0,3,relative_pitch_semitone,0.8690129518508911,1.4506778717041016,845
ravdess_speech,20260922,0,3,implied_speaker_baseline_semitone,0.9738081693649292,0.6273472905158997,845
ravdess_speech,20260922,0,4,absolute_pitch_semitone,0.932424545288086,1.332808494567871,845
ravdess_speech,20260922,0,4,relative_pitch_semitone,0.8772258758544922,1.3909412622451782,845
ravdess_speech,20260922,0,4,implied_speaker_baseline_semitone,0.9776648879051208,0.5711096525192261,845
ravdess_speech,20260922,0,5,absolute_pitch_semitone,0.9428211450576782,1.22735333442688,845
ravdess_speech,20260922,0,5,relative_pitch_semitone,0.9058964848518372,1.2454676628112793,845
ravdess_speech,20260922,0,5,implied_speaker_baseline_semitone,0.978826642036438,0.5555356740951538,845
ravdess_speech,20260922,0,6,absolute_pitch_semitone,0.939188838005066,1.2458713054656982,845
ravdess_speech,20260922,0,6,relative_pitch_semitone,0.8801485300064087,1.3556867837905884,845
ravdess_speech,20260922,0,6,implied_speaker_baseline_semitone,0.9785763025283812,0.5664087533950806,845
ravdess_speech,20260922,0,7,absolute_pitch_semitone,0.9368450045585632,1.2715331315994265,845
ravdess_speech,20260922,0,7,relative_pitch_semitone,0.8781250715255737,1.4061743021011353,845
ravdess_speech,20260922,0,7,implied_speaker_baseline_semitone,0.9737573266029358,0.6442312598228455,845
ravdess_speech,20260922,0,8,absolute_pitch_semitone,0.943244457244873,1.1997766494750977,845
ravdess_speech,20260922,0,8,relative_pitch_semitone,0.8993513584136963,1.2369208335876465,845
ravdess_speech,20260922,0,8,implied_speaker_baseline_semitone,0.9771468043327332,0.5985572934150696,845
ravdess_speech,20260922,0,9,absolute_pitch_semitone,0.9401675462722778,1.2169166803359983,845
ravdess_speech,20260922,0,9,relative_pitch_semitone,0.8642736673355103,1.4647561311721802,845
ravdess_speech,20260922,0,9,implied_speaker_baseline_semitone,0.9668288826942444,0.7187615633010864,845
ravdess_speech,20260922,0,10,absolute_pitch_semitone,0.9311932921409608,1.337947964668274,845
ravdess_speech,20260922,0,10,relative_pitch_semitone,0.8599444031715393,1.5068120956420898,845
ravdess_speech,20260922,0,10,implied_speaker_baseline_semitone,0.9712753891944884,0.6441534161567688,845
ravdess_speech,20260922,0,11,absolute_pitch_semitone,0.9327587485313416,1.2570720911026,845
ravdess_speech,20260922,0,11,relative_pitch_semitone,0.8627291917800903,1.4457511901855469,845
ravdess_speech,20260922,0,11,implied_speaker_baseline_semitone,0.9629539251327516,0.7432392239570618,845
ravdess_speech,20260922,0,12,absolute_pitch_semitone,0.938917338848114,1.2611072063446045,845
ravdess_speech,20260922,0,12,relative_pitch_semitone,0.8828199505805969,1.4295648336410522,845
ravdess_speech,20260922,0,12,implied_speaker_baseline_semitone,0.9658858776092528,0.6997658014297485,845
ravdess_speech,20260922,0,13,absolute_pitch_semitone,0.9258206486701964,1.4236407279968262,845
ravdess_speech,20260922,0,13,relative_pitch_semitone,0.8640078902244568,1.5048528909683228,845
ravdess_speech,20260922,0,13,implied_speaker_baseline_semitone,0.9694316387176514,0.6845299005508423,845
ravdess_speech,20260922,0,14,absolute_pitch_semitone,0.922467052936554,1.3597090244293213,845
ravdess_speech,20260922,0,14,relative_pitch_semitone,0.8518154621124268,1.515411138534546,845
ravdess_speech,20260922,0,14,implied_speaker_baseline_semitone,0.9638881087303162,0.732448399066925,845
ravdess_speech,20260922,0,15,absolute_pitch_semitone,0.8997570276260376,1.5872557163238523,845
ravdess_speech,20260922,0,15,relative_pitch_semitone,0.8159123659133911,1.6636444330215454,845
ravdess_speech,20260922,0,15,implied_speaker_baseline_semitone,0.950893759727478,0.8103359341621399,845
ravdess_speech,20260922,0,16,absolute_pitch_semitone,0.9112678170204164,1.453352928161621,845
ravdess_speech,20260922,0,16,relative_pitch_semitone,0.8347489237785339,1.579913854598999,845
ravdess_speech,20260922,0,16,implied_speaker_baseline_semitone,0.9547919034957886,0.8040335178375244,845
ravdess_speech,20260922,0,17,absolute_pitch_semitone,0.914344608783722,1.4887187480926514,845
ravdess_speech,20260922,0,17,relative_pitch_semitone,0.8320776224136353,1.6129817962646484,845
ravdess_speech,20260922,0,17,implied_speaker_baseline_semitone,0.945568323135376,0.8841375708580017,845
ravdess_speech,20260922,0,18,absolute_pitch_semitone,0.8988949656486511,1.670169472694397,845
ravdess_speech,20260922,0,18,relative_pitch_semitone,0.842872142791748,1.527700424194336,845
ravdess_speech,20260922,0,18,implied_speaker_baseline_semitone,0.9378604888916016,0.9392757415771484,845
ravdess_speech,20260922,0,19,absolute_pitch_semitone,0.8781788349151611,1.772266149520874,845
ravdess_speech,20260922,0,19,relative_pitch_semitone,0.7882981896400452,1.8007698059082031,845
ravdess_speech,20260922,0,19,implied_speaker_baseline_semitone,0.934556245803833,0.9872479438781738,845
ravdess_speech,20260922,0,20,absolute_pitch_semitone,0.9073973894119264,1.5165950059890747,845
ravdess_speech,20260922,0,20,relative_pitch_semitone,0.8092553615570068,1.726669192314148,845
ravdess_speech,20260922,0,20,implied_speaker_baseline_semitone,0.9319974780082704,1.005623698234558,845
ravdess_speech,20260922,0,21,absolute_pitch_semitone,0.8818025588989258,1.6161764860153198,845
ravdess_speech,20260922,0,21,relative_pitch_semitone,0.7803927659988403,1.84023916721344,845
ravdess_speech,20260922,0,21,implied_speaker_baseline_semitone,0.9347068667411804,0.9487403631210328,845
ravdess_speech,20260922,0,22,absolute_pitch_semitone,0.8653613328933716,1.813780426979065,845
ravdess_speech,20260922,0,22,relative_pitch_semitone,0.7860124111175537,1.8342828750610352,845
ravdess_speech,20260922,0,22,implied_speaker_baseline_semitone,0.9384485483169556,0.930213451385498,845
ravdess_speech,20260922,0,23,absolute_pitch_semitone,0.8976768255233765,1.5777593851089478,845
ravdess_speech,20260922,0,23,relative_pitch_semitone,0.7893137335777283,1.7818379402160645,845
ravdess_speech,20260922,0,23,implied_speaker_baseline_semitone,0.922208309173584,1.0257461071014404,845
ravdess_speech,20260922,0,24,absolute_pitch_semitone,0.8698060512542725,1.7751238346099854,845
ravdess_speech,20260922,0,24,relative_pitch_semitone,0.7691463232040405,1.8606274127960205,845
ravdess_speech,20260922,0,24,implied_speaker_baseline_semitone,0.9156171083450316,1.0376642942428589,845
ravdess_speech,20260922,1,0,absolute_pitch_semitone,0.93781179189682,1.149330973625183,845
ravdess_speech,20260922,1,0,relative_pitch_semitone,0.8298901319503784,1.574925422668457,845
ravdess_speech,20260922,1,0,implied_speaker_baseline_semitone,0.9220349192619324,1.1235991716384888,845
ravdess_speech,20260922,1,1,absolute_pitch_semitone,0.938769280910492,1.194999933242798,845
ravdess_speech,20260922,1,1,relative_pitch_semitone,0.8406355381011963,1.5840270519256592,845
ravdess_speech,20260922,1,1,implied_speaker_baseline_semitone,0.9429134130477904,0.93107670545578,845
ravdess_speech,20260922,1,2,absolute_pitch_semitone,0.926898181438446,1.2653154134750366,845
ravdess_speech,20260922,1,2,relative_pitch_semitone,0.8590762615203857,1.4216209650039673,845
ravdess_speech,20260922,1,2,implied_speaker_baseline_semitone,0.9620329737663268,0.7715766429901123,845
ravdess_speech,20260922,1,3,absolute_pitch_semitone,0.9203038811683656,1.3621060848236084,845
ravdess_speech,20260922,1,3,relative_pitch_semitone,0.8537856340408325,1.512067198753357,845
ravdess_speech,20260922,1,3,implied_speaker_baseline_semitone,0.971954882144928,0.6375712156295776,845
ravdess_speech,20260922,1,4,absolute_pitch_semitone,0.930881142616272,1.217326521873474,845
ravdess_speech,20260922,1,4,relative_pitch_semitone,0.88304603099823,1.3472011089324951,845
ravdess_speech,20260922,1,4,implied_speaker_baseline_semitone,0.9820564985275269,0.523110032081604,845
ravdess_speech,20260922,1,5,absolute_pitch_semitone,0.9345625638961792,1.186556100845337,845
ravdess_speech,20260922,1,5,relative_pitch_semitone,0.8893840312957764,1.2524902820587158,845
ravdess_speech,20260922,1,5,implied_speaker_baseline_semitone,0.9796397089958192,0.5526613593101501,845
ravdess_speech,20260922,1,6,absolute_pitch_semitone,0.9428545832633972,1.1258909702301023,845
ravdess_speech,20260922,1,6,relative_pitch_semitone,0.9019338488578796,1.2462960481643677,845
ravdess_speech,20260922,1,6,implied_speaker_baseline_semitone,0.9770609736442566,0.6066375970840454,845
ravdess_speech,20260922,1,7,absolute_pitch_semitone,0.9302235245704652,1.2624603509902954,845
ravdess_speech,20260922,1,7,relative_pitch_semitone,0.868108868598938,1.4011428356170654,845
ravdess_speech,20260922,1,7,implied_speaker_baseline_semitone,0.9735732078552246,0.6221324801445007,845
ravdess_speech,20260922,1,8,absolute_pitch_semitone,0.9363319277763368,1.1771000623703003,845
ravdess_speech,20260922,1,8,relative_pitch_semitone,0.886106014251709,1.3110651969909668,845
ravdess_speech,20260922,1,8,implied_speaker_baseline_semitone,0.9743839502334596,0.6158022880554199,845
ravdess_speech,20260922,1,9,absolute_pitch_semitone,0.9394970536231996,1.1491453647613523,845
ravdess_speech,20260922,1,9,relative_pitch_semitone,0.8916832804679871,1.2568087577819824,845
ravdess_speech,20260922,1,9,implied_speaker_baseline_semitone,0.9720898866653442,0.6639925837516785,845
ravdess_speech,20260922,1,10,absolute_pitch_semitone,0.912267565727234,1.4235376119613647,845
ravdess_speech,20260922,1,10,relative_pitch_semitone,0.856571614742279,1.4883366823196411,845
ravdess_speech,20260922,1,10,implied_speaker_baseline_semitone,0.9723889231681824,0.637912929058075,845
ravdess_speech,20260922,1,11,absolute_pitch_semitone,0.9338149428367616,1.2241477966308594,845
ravdess_speech,20260922,1,11,relative_pitch_semitone,0.8958742618560791,1.2855098247528076,845
ravdess_speech,20260922,1,11,implied_speaker_baseline_semitone,0.9669622778892516,0.7249290347099304,845
ravdess_speech,20260922,1,12,absolute_pitch_semitone,0.9266042113304138,1.3105660676956177,845
ravdess_speech,20260922,1,12,relative_pitch_semitone,0.8836655616760254,1.350237250328064,845
ravdess_speech,20260922,1,12,implied_speaker_baseline_semitone,0.9609587788581848,0.7781618237495422,845
ravdess_speech,20260922,1,13,absolute_pitch_semitone,0.91651052236557,1.4102256298065186,845
ravdess_speech,20260922,1,13,relative_pitch_semitone,0.8479903340339661,1.5487430095672607,845
ravdess_speech,20260922,1,13,implied_speaker_baseline_semitone,0.962439239025116,0.7726913690567017,845
ravdess_speech,20260922,1,14,absolute_pitch_semitone,0.9023174047470092,1.466402530670166,845
ravdess_speech,20260922,1,14,relative_pitch_semitone,0.8484928011894226,1.5232346057891846,845
ravdess_speech,20260922,1,14,implied_speaker_baseline_semitone,0.9597132205963136,0.7971288561820984,845
ravdess_speech,20260922,1,15,absolute_pitch_semitone,0.8886768817901611,1.5889374017715454,845
ravdess_speech,20260922,1,15,relative_pitch_semitone,0.8226818442344666,1.6764936447143557,845
ravdess_speech,20260922,1,15,implied_speaker_baseline_semitone,0.9503415822982788,0.8482134938240051,845
ravdess_speech,20260922,1,16,absolute_pitch_semitone,0.8906316161155701,1.5270733833312988,845
ravdess_speech,20260922,1,16,relative_pitch_semitone,0.8207786083221436,1.633678913116455,845
ravdess_speech,20260922,1,16,implied_speaker_baseline_semitone,0.942513942718506,0.9005731344223022,845
ravdess_speech,20260922,1,17,absolute_pitch_semitone,0.9029927849769592,1.4744491577148438,845
ravdess_speech,20260922,1,17,relative_pitch_semitone,0.8390461206436157,1.5950610637664795,845
ravdess_speech,20260922,1,17,implied_speaker_baseline_semitone,0.9367273449897766,0.9850335121154784,845
ravdess_speech,20260922,1,18,absolute_pitch_semitone,0.8873112201690674,1.5898637771606443,845
ravdess_speech,20260922,1,18,relative_pitch_semitone,0.8354750871658325,1.5875548124313354,845
ravdess_speech,20260922,1,18,implied_speaker_baseline_semitone,0.9382076263427734,0.962505042552948,845
ravdess_speech,20260922,1,19,absolute_pitch_semitone,0.8723370432853699,1.6426242589950562,845
ravdess_speech,20260922,1,19,relative_pitch_semitone,0.7963525652885437,1.7314077615737915,845
ravdess_speech,20260922,1,19,implied_speaker_baseline_semitone,0.9308035969734192,0.9971033334732056,845
ravdess_speech,20260922,1,20,absolute_pitch_semitone,0.8880220055580139,1.589098572731018,845
ravdess_speech,20260922,1,20,relative_pitch_semitone,0.8075604438781738,1.7182376384735107,845
ravdess_speech,20260922,1,20,implied_speaker_baseline_semitone,0.9331455230712892,0.984728455543518,845
ravdess_speech,20260922,1,21,absolute_pitch_semitone,0.8792282342910767,1.6428133249282837,845
ravdess_speech,20260922,1,21,relative_pitch_semitone,0.7890235185623169,1.795847773551941,845
ravdess_speech,20260922,1,21,implied_speaker_baseline_semitone,0.9375221729278564,0.9355654120445251,845
ravdess_speech,20260922,1,22,absolute_pitch_semitone,0.8855372667312622,1.6478136777877808,845
ravdess_speech,20260922,1,22,relative_pitch_semitone,0.8214060664176941,1.6538790464401243,845
ravdess_speech,20260922,1,22,implied_speaker_baseline_semitone,0.9335574507713318,1.0046871900558472,845
ravdess_speech,20260922,1,23,absolute_pitch_semitone,0.8620657920837402,1.7127318382263184,845
ravdess_speech,20260922,1,23,relative_pitch_semitone,0.712897777557373,2.013915061950684,845
ravdess_speech,20260922,1,23,implied_speaker_baseline_semitone,0.9245091676712036,1.0734018087387085,845
ravdess_speech,20260922,1,24,absolute_pitch_semitone,0.8525792956352234,1.7879449129104614,845
ravdess_speech,20260922,1,24,relative_pitch_semitone,0.7715517282485962,1.8233435153961184,845
ravdess_speech,20260922,1,24,implied_speaker_baseline_semitone,0.9257783889770508,1.0373071432113647,845
ravdess_speech,20260922,2,0,absolute_pitch_semitone,0.9308550357818604,1.3274469375610352,845
ravdess_speech,20260922,2,0,relative_pitch_semitone,0.7913837432861328,1.908194065093994,845
ravdess_speech,20260922,2,0,implied_speaker_baseline_semitone,0.9183385372161864,1.135349988937378,845
ravdess_speech,20260922,2,1,absolute_pitch_semitone,0.9367952346801758,1.3211060762405396,845
ravdess_speech,20260922,2,1,relative_pitch_semitone,0.8053524494171143,1.8709399700164795,845
ravdess_speech,20260922,2,1,implied_speaker_baseline_semitone,0.9330664873123168,1.0622421503067017,845
ravdess_speech,20260922,2,2,absolute_pitch_semitone,0.9418097734451294,1.2203658819198608,845
ravdess_speech,20260922,2,2,relative_pitch_semitone,0.8714666962623596,1.4535400867462158,845
ravdess_speech,20260922,2,2,implied_speaker_baseline_semitone,0.9562681317329408,0.7659304738044739,845
ravdess_speech,20260922,2,3,absolute_pitch_semitone,0.9312093257904052,1.3298052549362185,845
ravdess_speech,20260922,2,3,relative_pitch_semitone,0.874158501625061,1.45694100856781,845
ravdess_speech,20260922,2,3,implied_speaker_baseline_semitone,0.9724894165992736,0.6063023209571838,845
ravdess_speech,20260922,2,4,absolute_pitch_semitone,0.9359238147735596,1.269711136817932,845
ravdess_speech,20260922,2,4,relative_pitch_semitone,0.8813519477844238,1.3695716857910156,845
ravdess_speech,20260922,2,4,implied_speaker_baseline_semitone,0.9785099029541016,0.5637837648391724,845
ravdess_speech,20260922,2,5,absolute_pitch_semitone,0.9357097744941713,1.2746309041976929,845
ravdess_speech,20260922,2,5,relative_pitch_semitone,0.8868167400360107,1.3698537349700928,845
ravdess_speech,20260922,2,5,implied_speaker_baseline_semitone,0.9758152365684508,0.5900412797927856,845
ravdess_speech,20260922,2,6,absolute_pitch_semitone,0.9384555220603944,1.27888822555542,845
ravdess_speech,20260922,2,6,relative_pitch_semitone,0.8880022168159485,1.381961226463318,845
ravdess_speech,20260922,2,6,implied_speaker_baseline_semitone,0.97781640291214,0.5737419128417969,845
ravdess_speech,20260922,2,7,absolute_pitch_semitone,0.9341723322868348,1.2720922231674194,845
ravdess_speech,20260922,2,7,relative_pitch_semitone,0.8715085983276367,1.4069373607635498,845
ravdess_speech,20260922,2,7,implied_speaker_baseline_semitone,0.9685816764831544,0.6983984112739563,845
ravdess_speech,20260922,2,8,absolute_pitch_semitone,0.9344097375869752,1.2756147384643557,845
ravdess_speech,20260922,2,8,relative_pitch_semitone,0.8786293268203735,1.3925515413284302,845
ravdess_speech,20260922,2,8,implied_speaker_baseline_semitone,0.9728516936302184,0.6577995419502258,845
ravdess_speech,20260922,2,9,absolute_pitch_semitone,0.9465575218200684,1.1664928197860718,845
ravdess_speech,20260922,2,9,relative_pitch_semitone,0.8717844486236572,1.439447045326233,845
ravdess_speech,20260922,2,9,implied_speaker_baseline_semitone,0.9658511877059937,0.6947557926177979,845
ravdess_speech,20260922,2,10,absolute_pitch_semitone,0.925683319568634,1.3933919668197632,845
ravdess_speech,20260922,2,10,relative_pitch_semitone,0.8560317754745483,1.5015084743499756,845
ravdess_speech,20260922,2,10,implied_speaker_baseline_semitone,0.9678398966789246,0.6561209559440613,845
ravdess_speech,20260922,2,11,absolute_pitch_semitone,0.9384271502494812,1.2928996086120603,845
ravdess_speech,20260922,2,11,relative_pitch_semitone,0.8933171629905701,1.3454909324645996,845
ravdess_speech,20260922,2,11,implied_speaker_baseline_semitone,0.965401828289032,0.7046489715576172,845
ravdess_speech,20260922,2,12,absolute_pitch_semitone,0.9251912832260132,1.380521297454834,845
ravdess_speech,20260922,2,12,relative_pitch_semitone,0.8623398542404175,1.4781429767608645,845
ravdess_speech,20260922,2,12,implied_speaker_baseline_semitone,0.9610323309898376,0.7163520455360413,845
ravdess_speech,20260922,2,13,absolute_pitch_semitone,0.915843665599823,1.4320460557937622,845
ravdess_speech,20260922,2,13,relative_pitch_semitone,0.8515485525131226,1.554181456565857,845
ravdess_speech,20260922,2,13,implied_speaker_baseline_semitone,0.9639906883239746,0.7206922173500061,845
ravdess_speech,20260922,2,14,absolute_pitch_semitone,0.9053385853767396,1.501375675201416,845
ravdess_speech,20260922,2,14,relative_pitch_semitone,0.8456764221191406,1.6045023202896118,845
ravdess_speech,20260922,2,14,implied_speaker_baseline_semitone,0.9645154476165771,0.7407256960868835,845
ravdess_speech,20260922,2,15,absolute_pitch_semitone,0.8852941989898682,1.6544429063796997,845
ravdess_speech,20260922,2,15,relative_pitch_semitone,0.8052954077720642,1.7826770544052124,845
ravdess_speech,20260922,2,15,implied_speaker_baseline_semitone,0.9563155174255372,0.8151031732559204,845
ravdess_speech,20260922,2,16,absolute_pitch_semitone,0.896149218082428,1.6252187490463257,845
ravdess_speech,20260922,2,16,relative_pitch_semitone,0.811418890953064,1.7656290531158447,845
ravdess_speech,20260922,2,16,implied_speaker_baseline_semitone,0.9559161067008972,0.8135441541671753,845
ravdess_speech,20260922,2,17,absolute_pitch_semitone,0.9009758234024048,1.565000057220459,845
ravdess_speech,20260922,2,17,relative_pitch_semitone,0.8039282560348511,1.6998744010925293,845
ravdess_speech,20260922,2,17,implied_speaker_baseline_semitone,0.9420830011367798,0.928328573703766,845
ravdess_speech,20260922,2,18,absolute_pitch_semitone,0.8971937894821167,1.619608759880066,845
ravdess_speech,20260922,2,18,relative_pitch_semitone,0.8202135562896729,1.6955459117889404,845
ravdess_speech,20260922,2,18,implied_speaker_baseline_semitone,0.9392569661140442,0.9520708322525024,845
ravdess_speech,20260922,2,19,absolute_pitch_semitone,0.8946622610092163,1.6499924659729004,845
ravdess_speech,20260922,2,19,relative_pitch_semitone,0.8202884793281555,1.6801594495773315,845
ravdess_speech,20260922,2,19,implied_speaker_baseline_semitone,0.932183027267456,1.0491180419921875,845
ravdess_speech,20260922,2,20,absolute_pitch_semitone,0.9160457253456116,1.447884202003479,845
ravdess_speech,20260922,2,20,relative_pitch_semitone,0.831457793712616,1.6608304977416992,845
ravdess_speech,20260922,2,20,implied_speaker_baseline_semitone,0.9370561838150024,0.9705347418785096,845
ravdess_speech,20260922,2,21,absolute_pitch_semitone,0.8821449875831604,1.7572665214538574,845
ravdess_speech,20260922,2,21,relative_pitch_semitone,0.7842826843261719,1.8858933448791504,845
ravdess_speech,20260922,2,21,implied_speaker_baseline_semitone,0.9361406564712524,1.001893401145935,845
ravdess_speech,20260922,2,22,absolute_pitch_semitone,0.877885103225708,1.6989327669143677,845
ravdess_speech,20260922,2,22,relative_pitch_semitone,0.7942131757736206,1.844269871711731,845
ravdess_speech,20260922,2,22,implied_speaker_baseline_semitone,0.9407435655593872,0.9466105103492736,845
ravdess_speech,20260922,2,23,absolute_pitch_semitone,0.888123095035553,1.635051727294922,845
ravdess_speech,20260922,2,23,relative_pitch_semitone,0.780798077583313,1.8353867530822756,845
ravdess_speech,20260922,2,23,implied_speaker_baseline_semitone,0.9260164499282836,1.021329045295715,845
ravdess_speech,20260922,2,24,absolute_pitch_semitone,0.8541224002838135,1.8950904607772827,845
ravdess_speech,20260922,2,24,relative_pitch_semitone,0.7736961841583252,1.917172908782959,845
ravdess_speech,20260922,2,24,implied_speaker_baseline_semitone,0.923056960105896,1.053459644317627,845
ravdess_speech,20260922,3,0,absolute_pitch_semitone,0.9322317838668824,1.1544753313064575,845
ravdess_speech,20260922,3,0,relative_pitch_semitone,0.7950963973999023,1.6239745616912842,845
ravdess_speech,20260922,3,0,implied_speaker_baseline_semitone,0.9340971112251282,1.0026350021362305,845
ravdess_speech,20260922,3,1,absolute_pitch_semitone,0.9377186894416808,1.1780754327774048,845
ravdess_speech,20260922,3,1,relative_pitch_semitone,0.8192020654678345,1.614712834358215,845
ravdess_speech,20260922,3,1,implied_speaker_baseline_semitone,0.9472615718841552,0.9048410654067992,845
ravdess_speech,20260922,3,2,absolute_pitch_semitone,0.9293258786201476,1.2570254802703855,845
ravdess_speech,20260922,3,2,relative_pitch_semitone,0.8304692506790161,1.5141340494155884,845
ravdess_speech,20260922,3,2,implied_speaker_baseline_semitone,0.96203875541687,0.7703813910484314,845
ravdess_speech,20260922,3,3,absolute_pitch_semitone,0.9234580397605896,1.256502628326416,845
ravdess_speech,20260922,3,3,relative_pitch_semitone,0.8643145561218262,1.352947473526001,845
ravdess_speech,20260922,3,3,implied_speaker_baseline_semitone,0.9743135571479796,0.6216017603874207,845
ravdess_speech,20260922,3,4,absolute_pitch_semitone,0.9299087524414062,1.2599234580993652,845
ravdess_speech,20260922,3,4,relative_pitch_semitone,0.8737627863883972,1.3192442655563354,845
ravdess_speech,20260922,3,4,implied_speaker_baseline_semitone,0.980430543422699,0.5450944304466248,845
ravdess_speech,20260922,3,5,absolute_pitch_semitone,0.9374037981033324,1.2001529932022097,845
ravdess_speech,20260922,3,5,relative_pitch_semitone,0.8907769322395325,1.184375286102295,845
ravdess_speech,20260922,3,5,implied_speaker_baseline_semitone,0.9788280725479126,0.5815607905387878,845
ravdess_speech,20260922,3,6,absolute_pitch_semitone,0.9361425042152404,1.2254900932312012,845
ravdess_speech,20260922,3,6,relative_pitch_semitone,0.8919766545295715,1.2282345294952393,845
ravdess_speech,20260922,3,6,implied_speaker_baseline_semitone,0.9803470373153688,0.5548417568206787,845
ravdess_speech,20260922,3,7,absolute_pitch_semitone,0.9264193177223206,1.285173416137695,845
ravdess_speech,20260922,3,7,relative_pitch_semitone,0.8605322241783142,1.389090061187744,845
ravdess_speech,20260922,3,7,implied_speaker_baseline_semitone,0.9761343598365784,0.5943052768707275,845
ravdess_speech,20260922,3,8,absolute_pitch_semitone,0.928158164024353,1.2474007606506348,845
ravdess_speech,20260922,3,8,relative_pitch_semitone,0.866299033164978,1.355644464492798,845
ravdess_speech,20260922,3,8,implied_speaker_baseline_semitone,0.9750027060508728,0.6103647947311401,845
ravdess_speech,20260922,3,9,absolute_pitch_semitone,0.932370901107788,1.239653468132019,845
ravdess_speech,20260922,3,9,relative_pitch_semitone,0.8376156091690063,1.5246379375457764,845
ravdess_speech,20260922,3,9,implied_speaker_baseline_semitone,0.9644708037376404,0.7392758727073669,845
ravdess_speech,20260922,3,10,absolute_pitch_semitone,0.9204641580581664,1.3126754760742188,845
ravdess_speech,20260922,3,10,relative_pitch_semitone,0.8349289894104004,1.5011602640151978,845
ravdess_speech,20260922,3,10,implied_speaker_baseline_semitone,0.9715592265129088,0.6464648842811584,845
ravdess_speech,20260922,3,11,absolute_pitch_semitone,0.9340741634368896,1.223753809928894,845
ravdess_speech,20260922,3,11,relative_pitch_semitone,0.8627745509147644,1.4230575561523438,845
ravdess_speech,20260922,3,11,implied_speaker_baseline_semitone,0.9640791416168212,0.7286657094955444,845
ravdess_speech,20260922,3,12,absolute_pitch_semitone,0.9375303387641908,1.1999456882476809,845
ravdess_speech,20260922,3,12,relative_pitch_semitone,0.8810321092605591,1.304941177368164,845
ravdess_speech,20260922,3,12,implied_speaker_baseline_semitone,0.9630056023597716,0.7808888554573059,845
ravdess_speech,20260922,3,13,absolute_pitch_semitone,0.910714864730835,1.4195005893707275,845
ravdess_speech,20260922,3,13,relative_pitch_semitone,0.8320136070251465,1.5670928955078125,845
ravdess_speech,20260922,3,13,implied_speaker_baseline_semitone,0.9668943881988524,0.732452392578125,845
ravdess_speech,20260922,3,14,absolute_pitch_semitone,0.902323603630066,1.461308240890503,845
ravdess_speech,20260922,3,14,relative_pitch_semitone,0.8245781064033508,1.6124460697174072,845
ravdess_speech,20260922,3,14,implied_speaker_baseline_semitone,0.9641557335853576,0.7533848285675049,845
ravdess_speech,20260922,3,15,absolute_pitch_semitone,0.8980031609535217,1.5395267009735107,845
ravdess_speech,20260922,3,15,relative_pitch_semitone,0.8072785139083862,1.6225836277008057,845
ravdess_speech,20260922,3,15,implied_speaker_baseline_semitone,0.9540926814079284,0.8287585377693176,845
ravdess_speech,20260922,3,16,absolute_pitch_semitone,0.9015514850616456,1.4929035902023315,845
ravdess_speech,20260922,3,16,relative_pitch_semitone,0.8085718154907227,1.6166439056396484,845
ravdess_speech,20260922,3,16,implied_speaker_baseline_semitone,0.9528175592422484,0.8514818549156189,845
ravdess_speech,20260922,3,17,absolute_pitch_semitone,0.8937044143676758,1.5634194612503052,845
ravdess_speech,20260922,3,17,relative_pitch_semitone,0.7951798439025879,1.6117562055587769,845
ravdess_speech,20260922,3,17,implied_speaker_baseline_semitone,0.9488685727119446,0.9044014811515808,845
ravdess_speech,20260922,3,18,absolute_pitch_semitone,0.8950552940368652,1.530992031097412,845
ravdess_speech,20260922,3,18,relative_pitch_semitone,0.8229479193687439,1.5438132286071775,845
ravdess_speech,20260922,3,18,implied_speaker_baseline_semitone,0.9481734037399292,0.864730715751648,845
ravdess_speech,20260922,3,19,absolute_pitch_semitone,0.8826495409011841,1.6681243181228638,845
ravdess_speech,20260922,3,19,relative_pitch_semitone,0.8010220527648926,1.7221930027008057,845
ravdess_speech,20260922,3,19,implied_speaker_baseline_semitone,0.9342414140701294,1.0150059461593628,845
ravdess_speech,20260922,3,20,absolute_pitch_semitone,0.9002814292907715,1.576143741607666,845
ravdess_speech,20260922,3,20,relative_pitch_semitone,0.815744161605835,1.609404444694519,845
ravdess_speech,20260922,3,20,implied_speaker_baseline_semitone,0.9407112002372742,0.9390329718589784,845
ravdess_speech,20260922,3,21,absolute_pitch_semitone,0.8772132992744446,1.7422354221343994,845
ravdess_speech,20260922,3,21,relative_pitch_semitone,0.763006329536438,1.8244071006774905,845
ravdess_speech,20260922,3,21,implied_speaker_baseline_semitone,0.9457154870033264,0.8932135105133057,845
ravdess_speech,20260922,3,22,absolute_pitch_semitone,0.8660241365432739,1.716678023338318,845
ravdess_speech,20260922,3,22,relative_pitch_semitone,0.7595270872116089,1.800065517425537,845
ravdess_speech,20260922,3,22,implied_speaker_baseline_semitone,0.9374293684959412,1.00296950340271,845
ravdess_speech,20260922,3,23,absolute_pitch_semitone,0.8833928108215332,1.6140204668045044,845
ravdess_speech,20260922,3,23,relative_pitch_semitone,0.7601975202560425,1.8056018352508545,845
ravdess_speech,20260922,3,23,implied_speaker_baseline_semitone,0.9259289503097534,1.034568190574646,845
ravdess_speech,20260922,3,24,absolute_pitch_semitone,0.8696739077568054,1.745280146598816,845
ravdess_speech,20260922,3,24,relative_pitch_semitone,0.7783631086349487,1.7751909494400024,845
ravdess_speech,20260922,3,24,implied_speaker_baseline_semitone,0.9185530543327332,1.1156996488571167,845
