dataset,seed,fold,lambda,target,representation,ccc
msp,20260920,0,0.0,valence,absolute,0.005692549633351075
msp,20260920,0,0.0,arousal,absolute,0.14081758876832584
msp,20260920,0,0.0,dominance,absolute,0.09501034736470272
msp,20260920,0,0.0,valence,relative,0.01423635239544278
msp,20260920,0,0.0,arousal,relative,0.33757785286573255
msp,20260920,0,0.0,dominance,relative,0.2375939807481573
msp,20260920,0,0.0,valence,center_only,0.0
msp,20260920,0,0.0,arousal,center_only,0.0
msp,20260920,0,0.0,dominance,center_only,0.0
msp,20260920,0,0.0,valence,hybrid,0.014309709453449927
msp,20260920,0,0.0,arousal,hybrid,0.3390217302629133
msp,20260920,0,0.0,dominance,hybrid,0.23863248498296485
msp,20260920,0,0.25,valence,absolute,0.003632195794167072
msp,20260920,0,0.25,arousal,absolute,0.2485158451965602
msp,20260920,0,0.25,dominance,absolute,0.17574353479896818
msp,20260920,0,0.25,valence,relative,0.014494624446109433
msp,20260920,0,0.25,arousal,relative,0.31956125385020684
msp,20260920,0,0.25,dominance,relative,0.22642239675598982
msp,20260920,0,0.25,valence,center_only,0.0005872696541936671
msp,20260920,0,0.25,arousal,center_only,0.03925168901449353
msp,20260920,0,0.25,dominance,center_only,0.0261642186695525
msp,20260920,0,0.25,valence,hybrid,0.014835440795704747
msp,20260920,0,0.25,arousal,hybrid,0.35929534633973437
msp,20260920,0,0.25,dominance,hybrid,0.2562096000163183
msp,20260920,0,0.5,valence,absolute,0.0020081142920068814
msp,20260920,0,0.5,arousal,absolute,0.3439092694885213
msp,20260920,0,0.5,dominance,absolute,0.2565758009579835
msp,20260920,0,0.5,valence,relative,0.014296260210061954
msp,20260920,0,0.5,arousal,relative,0.2828510220093442
msp,20260920,0,0.5,dominance,relative,0.2048713723939491
msp,20260920,0,0.5,valence,center_only,0.00223804073587104
msp,20260920,0,0.5,arousal,center_only,0.1319258850624471
msp,20260920,0,0.5,dominance,center_only,0.09218426140331037
msp,20260920,0,0.5,valence,hybrid,0.01597486204851195
msp,20260920,0,0.5,arousal,hybrid,0.39964345884248126
msp,20260920,0,0.5,dominance,hybrid,0.2942874784909244
msp,20260920,0,0.75,valence,absolute,0.000906071549263751
msp,20260920,0,0.75,arousal,absolute,0.4133819632177845
msp,20260920,0,0.75,dominance,absolute,0.3246161961020144
msp,20260920,0,0.75,valence,relative,0.013717614354780144
msp,20260920,0,0.75,arousal,relative,0.2382596891612831
msp,20260920,0,0.75,dominance,relative,0.17789343575815408
msp,20260920,0,0.75,valence,center_only,0.004667843228242882
msp,20260920,0,0.75,arousal,center_only,0.23442115238570635
msp,20260920,0,0.75,dominance,center_only,0.1730423915446969
msp,20260920,0,0.75,valence,hybrid,0.017548303610563525
msp,20260920,0,0.75,arousal,hybrid,0.44415882260649
msp,20260920,0,0.75,dominance,hybrid,0.34029158795197023
msp,20260920,0,1.0,valence,absolute,0.00031130508855648317
msp,20260920,0,1.0,arousal,absolute,0.458395696234814
msp,20260920,0,1.0,dominance,absolute,0.37603874196975
msp,20260920,0,1.0,valence,relative,0.012878503398495833
msp,20260920,0,1.0,arousal,relative,0.19486176419155454
msp,20260920,0,1.0,dominance,relative,0.15021101019658412
msp,20260920,0,1.0,valence,center_only,0.007528652962769442
msp,20260920,0,1.0,arousal,center_only,0.3219704573516007
msp,20260920,0,1.0,dominance,center_only,0.24969977174817587
msp,20260920,0,1.0,valence,hybrid,0.019345380740752056
msp,20260920,0,1.0,arousal,hybrid,0.4830941174225971
msp,20260920,0,1.0,dominance,hybrid,0.3843671131632766
msp,20260920,1,0.0,valence,absolute,0.005039247312942315
msp,20260920,1,0.0,arousal,absolute,0.14509901103520847
msp,20260920,1,0.0,dominance,absolute,0.09825646236563773
msp,20260920,1,0.0,valence,relative,0.013571097621214183
msp,20260920,1,0.0,arousal,relative,0.3484334485762688
msp,20260920,1,0.0,dominance,relative,0.24910819430572145
msp,20260920,1,0.0,valence,center_only,0.0
msp,20260920,1,0.0,arousal,center_only,0.0
msp,20260920,1,0.0,dominance,center_only,0.0
msp,20260920,1,0.0,valence,hybrid,0.013632359518505652
msp,20260920,1,0.0,arousal,hybrid,0.34987673807459857
msp,20260920,1,0.0,dominance,hybrid,0.25012760592511263
msp,20260920,1,0.25,valence,absolute,0.0030860583973937273
msp,20260920,1,0.25,arousal,absolute,0.25401322237677204
msp,20260920,1,0.25,dominance,absolute,0.1784668386789918
msp,20260920,1,0.25,valence,relative,0.0141396216942981
msp,20260920,1,0.25,arousal,relative,0.32988291267701714
msp,20260920,1,0.25,dominance,relative,0.23707090117564739
msp,20260920,1,0.25,valence,center_only,0.000573114134549159
msp,20260920,1,0.25,arousal,center_only,0.03956697849930893
msp,20260920,1,0.25,dominance,center_only,0.025602817982563517
msp,20260920,1,0.25,valence,hybrid,0.014454323614043018
msp,20260920,1,0.25,arousal,hybrid,0.36949247245773703
msp,20260920,1,0.25,dominance,hybrid,0.26581679512957623
msp,20260920,1,0.5,valence,absolute,0.001602176547631892
msp,20260920,1,0.5,arousal,absolute,0.35125772092185503
msp,20260920,1,0.5,dominance,absolute,0.25798393186828356
msp,20260920,1,0.5,valence,relative,0.014282398712549488
msp,20260920,1,0.5,arousal,relative,0.2934797710818912
msp,20260920,1,0.5,dominance,relative,0.21461977917044292
msp,20260920,1,0.5,valence,center_only,0.0021902138906712545
msp,20260920,1,0.5,arousal,center_only,0.13444838893579683
msp,20260920,1,0.5,dominance,center_only,0.09066352196378359
msp,20260920,1,0.5,valence,hybrid,0.015890679553075045
msp,20260920,1,0.5,arousal,hybrid,0.4113230706440744
msp,20260920,1,0.5,dominance,hybrid,0.3015748990708227
msp,20260920,1,0.75,valence,absolute,0.0006530135682509515
msp,20260920,1,0.75,arousal,absolute,0.42311581041450064
msp,20260920,1,0.75,dominance,absolute,0.3245632819765624
msp,20260920,1,0.75,valence,relative,0.01403982331470287
msp,20260920,1,0.75,arousal,relative,0.24907159586333127
msp,20260920,1,0.75,dominance,relative,0.1866532499690458
msp,20260920,1,0.75,valence,center_only,0.004587042879827757
msp,20260920,1,0.75,arousal,center_only,0.2418450996774757
msp,20260920,1,0.75,dominance,center_only,0.17125194370974844
msp,20260920,1,0.75,valence,hybrid,0.017746816186589465
msp,20260920,1,0.75,arousal,hybrid,0.45949842826310056
msp,20260920,1,0.75,dominance,hybrid,0.3459244803933414
msp,20260920,1,1.0,valence,absolute,0.0002109593989829416
msp,20260920,1,1.0,arousal,absolute,0.47044431183712937
msp,20260920,1,1.0,dominance,absolute,0.3746569921026846
msp,20260920,1,1.0,valence,relative,0.013501406708778071
msp,20260920,1,1.0,arousal,relative,0.20524602042277548
msp,20260920,1,1.0,dominance,relative,0.15788862365412412
msp,20260920,1,1.0,valence,center_only,0.007434688797344404
msp,20260920,1,1.0,arousal,center_only,0.3356984249183317
msp,20260920,1,1.0,dominance,center_only,0.2485897315316932
msp,20260920,1,1.0,valence,hybrid,0.019804260008962404
msp,20260920,1,1.0,arousal,hybrid,0.5031967029236102
msp,20260920,1,1.0,dominance,hybrid,0.38933910433231966
msp,20260920,2,0.0,valence,absolute,0.005489142007924419
msp,20260920,2,0.0,arousal,absolute,0.14414349534708795
msp,20260920,2,0.0,dominance,absolute,0.09759364569889403
msp,20260920,2,0.0,valence,relative,0.01499442239657836
msp,20260920,2,0.0,arousal,relative,0.3463244549588824
msp,20260920,2,0.0,dominance,relative,0.24642327560370172
msp,20260920,2,0.0,valence,center_only,0.0
msp,20260920,2,0.0,arousal,center_only,0.0
msp,20260920,2,0.0,dominance,center_only,0.0
msp,20260920,2,0.0,valence,hybrid,0.015070934414873362
msp,20260920,2,0.0,arousal,hybrid,0.34777780885134524
msp,20260920,2,0.0,dominance,hybrid,0.2474820510269484
msp,20260920,2,0.25,valence,absolute,0.0035695789087116167
msp,20260920,2,0.25,arousal,absolute,0.25702519291093967
msp,20260920,2,0.25,dominance,absolute,0.18208037448702927
msp,20260920,2,0.25,valence,relative,0.015178513689797947
msp,20260920,2,0.25,arousal,relative,0.3255612863453383
msp,20260920,2,0.25,dominance,relative,0.23308067173701721
msp,20260920,2,0.25,valence,center_only,0.00030338524632304647
msp,20260920,2,0.25,arousal,center_only,0.04097485823186499
msp,20260920,2,0.25,dominance,center_only,0.02742216113655146
msp,20260920,2,0.25,valence,hybrid,0.01527662334460994
msp,20260920,2,0.25,arousal,hybrid,0.36722329925443714
msp,20260920,2,0.25,dominance,hybrid,0.2643979870339079
msp,20260920,2,0.5,valence,absolute,0.001838223251218542
msp,20260920,2,0.5,arousal,absolute,0.35703282514445417
msp,20260920,2,0.5,dominance,absolute,0.2656918471842244
msp,20260920,2,0.5,valence,relative,0.014859751751716924
msp,20260920,2,0.5,arousal,relative,0.2857978570150331
msp,20260920,2,0.5,dominance,relative,0.20837713525435142
msp,20260920,2,0.5,valence,center_only,0.0011545812907206565
msp,20260920,2,0.5,arousal,center_only,0.13773347348212012
msp,20260920,2,0.5,dominance,center_only,0.09614535553668585
msp,20260920,2,0.5,valence,hybrid,0.015543624232986964
msp,20260920,2,0.5,arousal,hybrid,0.40850003040746447
msp,20260920,2,0.5,dominance,hybrid,0.3022443149575184
msp,20260920,2,0.75,valence,absolute,0.00042485354651616516
msp,20260920,2,0.75,arousal,absolute,0.4296132050605165
msp,20260920,2,0.75,dominance,absolute,0.3346874352929415
msp,20260920,2,0.75,valence,relative,0.01413278766762876
msp,20260920,2,0.75,arousal,relative,0.23863151170754665
msp,20260920,2,0.75,dominance,relative,0.17832356716247022
msp,20260920,2,0.75,valence,center_only,0.0024031800185667384
msp,20260920,2,0.75,arousal,center_only,0.24477364180692474
msp,20260920,2,0.75,dominance,center_only,0.17940770190531985
msp,20260920,2,0.75,valence,hybrid,0.015839865488082375
msp,20260920,2,0.75,arousal,hybrid,0.4550585163564998
msp,20260920,2,0.75,dominance,hybrid,0.34805794641761234
msp,20260920,2,1.0,valence,absolute,-0.0006196263641121808
msp,20260920,2,1.0,arousal,absolute,0.47639099463299267
msp,20260920,2,1.0,dominance,absolute,0.3855854607708147
msp,20260920,2,1.0,valence,relative,0.013137031734809302
msp,20260920,2,1.0,arousal,relative,0.1934632097503187
msp,20260920,2,1.0,dominance,relative,0.14830774735015348
msp,20260920,2,1.0,valence,center_only,0.003866747367537991
msp,20260920,2,1.0,arousal,center_only,0.3362267634078691
msp,20260920,2,1.0,dominance,center_only,0.25743764559101473
msp,20260920,2,1.0,valence,hybrid,0.016135413224951507
msp,20260920,2,1.0,arousal,hybrid,0.4963547931276577
msp,20260920,2,1.0,dominance,hybrid,0.39178403894973685
msp,20260920,3,0.0,valence,absolute,0.0037529920500179626
msp,20260920,3,0.0,arousal,absolute,0.1371878821051192
msp,20260920,3,0.0,dominance,absolute,0.09018675062437022
msp,20260920,3,0.0,valence,relative,0.009854762599462628
msp,20260920,3,0.0,arousal,relative,0.3268105973167413
msp,20260920,3,0.0,dominance,relative,0.229855363901066
msp,20260920,3,0.0,valence,center_only,0.0
msp,20260920,3,0.0,arousal,center_only,0.0
msp,20260920,3,0.0,dominance,center_only,0.0
msp,20260920,3,0.0,valence,hybrid,0.009907729690754768
msp,20260920,3,0.0,arousal,hybrid,0.328186309721439
msp,20260920,3,0.0,dominance,hybrid,0.23087981352290982
msp,20260920,3,0.25,valence,absolute,0.002266725316485777
msp,20260920,3,0.25,arousal,absolute,0.24923937135629012
msp,20260920,3,0.25,dominance,absolute,0.1735885434771131
msp,20260920,3,0.25,valence,relative,0.010063948913459212
msp,20260920,3,0.25,arousal,relative,0.30821866536743936
msp,20260920,3,0.25,dominance,relative,0.21757224815478746
msp,20260920,3,0.25,valence,center_only,0.0004574562174862591
msp,20260920,3,0.25,arousal,center_only,0.041835129385353616
msp,20260920,3,0.25,dominance,center_only,0.02754736981543556
msp,20260920,3,0.25,valence,hybrid,0.010334856364127717
msp,20260920,3,0.25,arousal,hybrid,0.3505725126263888
msp,20260920,3,0.25,dominance,hybrid,0.24931757682486927
msp,20260920,3,0.5,valence,absolute,0.0011460574307963424
msp,20260920,3,0.5,arousal,absolute,0.3497295781666593
msp,20260920,3,0.5,dominance,absolute,0.2579867508022853
msp,20260920,3,0.5,valence,relative,0.009963650416333203
msp,20260920,3,0.5,arousal,relative,0.2713807000708138
msp,20260920,3,0.5,dominance,relative,0.19489455195046984
msp,20260920,3,0.5,valence,center_only,0.0017440849234405113
msp,20260920,3,0.5,arousal,center_only,0.1402188717642229
msp,20260920,3,0.5,dominance,center_only,0.0968744531967052
msp,20260920,3,0.5,valence,hybrid,0.011282291265638488
msp,20260920,3,0.5,arousal,hybrid,0.396361673878493
msp,20260920,3,0.5,dominance,hybrid,0.29040281597473927
msp,20260920,3,0.75,valence,absolute,0.00044129624054602655
msp,20260920,3,0.75,arousal,absolute,0.4235933647351059
msp,20260920,3,0.75,dominance,absolute,0.3292217619757595
msp,20260920,3,0.75,valence,relative,0.009602114308654385
msp,20260920,3,0.75,arousal,relative,0.22723844641237131
msp,20260920,3,0.75,dominance,relative,0.16722005568894052
msp,20260920,3,0.75,valence,center_only,0.0036400148504494426
msp,20260920,3,0.75,arousal,center_only,0.2483985419930232
msp,20260920,3,0.75,dominance,center_only,0.18142704983639393
msp,20260920,3,0.75,valence,hybrid,0.01260088838988899
msp,20260920,3,0.75,arousal,hybrid,0.4471540832409948
msp,20260920,3,0.75,dominance,hybrid,0.34027064299982174
msp,20260920,3,1.0,valence,absolute,0.00012739246699617983
msp,20260920,3,1.0,arousal,absolute,0.47191662972192955
msp,20260920,3,1.0,dominance,absolute,0.3829948653772395
msp,20260920,3,1.0,valence,relative,0.009057183633279548
msp,20260920,3,1.0,arousal,relative,0.18473906286595818
msp,20260920,3,1.0,dominance,relative,0.13945437355459092
msp,20260920,3,1.0,valence,center_only,0.005875167365555785
msp,20260920,3,1.0,arousal,center_only,0.34027667013753454
msp,20260920,3,1.0,dominance,center_only,0.2612260614951674
msp,20260920,3,1.0,valence,hybrid,0.014113500135393304
msp,20260920,3,1.0,arousal,hybrid,0.49163862914296785
msp,20260920,3,1.0,dominance,hybrid,0.388068960002732
msp,20260920,4,0.0,valence,absolute,0.004949570419098342
msp,20260920,4,0.0,arousal,absolute,0.1277610233819492
msp,20260920,4,0.0,dominance,absolute,0.0839833606676877
msp,20260920,4,0.0,valence,relative,0.012430673315472231
msp,20260920,4,0.0,arousal,relative,0.312146975396515
msp,20260920,4,0.0,dominance,relative,0.21775250774196056
msp,20260920,4,0.0,valence,center_only,0.0
msp,20260920,4,0.0,arousal,center_only,7.809184248146956e-32
msp,20260920,4,0.0,dominance,center_only,0.0
msp,20260920,4,0.0,valence,hybrid,0.012489971827310162
msp,20260920,4,0.0,arousal,hybrid,0.3134946685492889
msp,20260920,4,0.0,dominance,hybrid,0.2187062833762696
msp,20260920,4,0.25,valence,absolute,0.002539998020452595
msp,20260920,4,0.25,arousal,absolute,0.22773601629276552
msp,20260920,4,0.25,dominance,absolute,0.15761280273204578
msp,20260920,4,0.25,valence,relative,0.012745229633771935
msp,20260920,4,0.25,arousal,relative,0.2940859696044891
msp,20260920,4,0.25,dominance,relative,0.20585400021410136
msp,20260920,4,0.25,valence,center_only,0.0007114744241815976
msp,20260920,4,0.25,arousal,center_only,0.03591351524004051
msp,20260920,4,0.25,dominance,center_only,0.023493906446241126
msp,20260920,4,0.25,valence,hybrid,0.013121433985764965
msp,20260920,4,0.25,arousal,hybrid,0.33216241419752424
msp,20260920,4,0.25,dominance,hybrid,0.23383428437859197
msp,20260920,4,0.5,valence,absolute,0.0007727151000776896
msp,20260920,4,0.5,arousal,absolute,0.3173539399787216
msp,20260920,4,0.5,dominance,absolute,0.23187490405999545
msp,20260920,4,0.5,valence,relative,0.012589153139919826
msp,20260920,4,0.5,arousal,relative,0.2585785765272698
msp,20260920,4,0.5,dominance,relative,0.1840369626373831
msp,20260920,4,0.5,valence,center_only,0.0026893507258057545
msp,20260920,4,0.5,arousal,center_only,0.1219172962280272
msp,20260920,4,0.5,dominance,center_only,0.0833004187654017
msp,20260920,4,0.5,valence,hybrid,0.014561569743195791
msp,20260920,4,0.5,arousal,hybrid,0.37137462570500435
msp,20260920,4,0.5,dominance,hybrid,0.26856824967223925
msp,20260920,4,0.75,valence,absolute,-0.0002705001236535006
msp,20260920,4,0.75,arousal,absolute,0.38306391091322356
msp,20260920,4,0.75,dominance,absolute,0.29445695515991255
msp,20260920,4,0.75,valence,relative,0.012048260366979258
msp,20260920,4,0.75,arousal,relative,0.2161942351754424
msp,20260920,4,0.75,dominance,relative,0.157550499338637
msp,20260920,4,0.75,valence,center_only,0.005542859380785402
msp,20260920,4,0.75,arousal,center_only,0.21906822783971674
msp,20260920,4,0.75,dominance,center_only,0.15758714556440692
msp,20260920,4,0.75,valence,hybrid,0.01654428817382967
msp,20260920,4,0.75,arousal,hybrid,0.4159702444289473
msp,20260920,4,0.75,dominance,hybrid,0.3115827018756883
msp,20260920,4,1.0,valence,absolute,-0.0006571358762125449
msp,20260920,4,1.0,arousal,absolute,0.42565263096984834
msp,20260920,4,1.0,dominance,absolute,0.34151268827844544
msp,20260920,4,1.0,valence,relative,0.011256280259068501
msp,20260920,4,1.0,arousal,relative,0.17551690758247387
msp,20260920,4,1.0,dominance,relative,0.13108981065422912
msp,20260920,4,1.0,valence,center_only,0.008817267568327512
msp,20260920,4,1.0,arousal,center_only,0.3037867612610224
msp,20260920,4,1.0,dominance,center_only,0.2290944273073455
msp,20260920,4,1.0,valence,hybrid,0.01876992209649565
msp,20260920,4,1.0,arousal,hybrid,0.4559339395792776
msp,20260920,4,1.0,dominance,hybrid,0.3535807305391066
msp,20260921,0,0.0,valence,absolute,0.005207293166925454
msp,20260921,0,0.0,arousal,absolute,0.13976170531008528
msp,20260921,0,0.0,dominance,absolute,0.09265215398206304
msp,20260921,0,0.0,valence,relative,0.013293349666005032
msp,20260921,0,0.0,arousal,relative,0.3376475325617221
msp,20260921,0,0.0,dominance,relative,0.23554959149967877
msp,20260921,0,0.0,valence,center_only,0.0
msp,20260921,0,0.0,arousal,center_only,0.0
msp,20260921,0,0.0,dominance,center_only,0.0
msp,20260921,0,0.0,valence,hybrid,0.01335808708939308
msp,20260921,0,0.0,arousal,hybrid,0.3390989083932724
msp,20260921,0,0.0,dominance,hybrid,0.2365810482488261
msp,20260921,0,0.25,valence,absolute,0.0033301475241304295
msp,20260921,0,0.25,arousal,absolute,0.2474556393128381
msp,20260921,0,0.25,dominance,absolute,0.17084662664434608
msp,20260921,0,0.25,valence,relative,0.013492592956703211
msp,20260921,0,0.25,arousal,relative,0.3184132105620622
msp,20260921,0,0.25,dominance,relative,0.22314750660542385
msp,20260921,0,0.25,valence,center_only,0.0005222702702647228
msp,20260921,0,0.25,arousal,center_only,0.039835480068821476
msp,20260921,0,0.25,dominance,center_only,0.025336796664204696
msp,20260921,0,0.25,valence,hybrid,0.013795072464637102
msp,20260921,0,0.25,arousal,hybrid,0.35920458948801787
msp,20260921,0,0.25,dominance,hybrid,0.2524845955646021
msp,20260921,0,0.5,valence,absolute,0.0017657853415361923
msp,20260921,0,0.5,arousal,absolute,0.34354526587704026
msp,20260921,0,0.5,dominance,absolute,0.24934804291616008
msp,20260921,0,0.5,valence,relative,0.013231069309331994
msp,20260921,0,0.5,arousal,relative,0.2807775384845956
msp,20260921,0,0.5,dominance,relative,0.20066543079101457
msp,20260921,0,0.5,valence,center_only,0.001980848276552518
msp,20260921,0,0.5,arousal,center_only,0.1345724480961595
msp,20260921,0,0.5,dominance,center_only,0.08979293352945888
msp,20260921,0,0.5,valence,hybrid,0.014713742342620057
msp,20260921,0,0.5,arousal,hybrid,0.4015579191416036
msp,20260921,0,0.5,dominance,hybrid,0.28930750176681763
msp,20260921,0,0.75,valence,absolute,0.0006186957901172012
msp,20260921,0,0.75,arousal,absolute,0.413943219347777
msp,20260921,0,0.75,dominance,absolute,0.3156808561599565
msp,20260921,0,0.75,valence,relative,0.01259814686053847
msp,20260921,0,0.75,arousal,relative,0.23564100534114407
msp,20260921,0,0.75,dominance,relative,0.17313976111346835
msp,20260921,0,0.75,valence,center_only,0.004102630070207475
msp,20260921,0,0.75,arousal,center_only,0.2404825097775357
msp,20260921,0,0.75,dominance,center_only,0.1697732096308217
msp,20260921,0,0.75,valence,hybrid,0.01595822222846952
msp,20260921,0,0.75,arousal,hybrid,0.4494748534728587
msp,20260921,0,0.75,dominance,hybrid,0.3350376820650553
msp,20260921,0,1.0,valence,absolute,-0.00010123714839122317
msp,20260921,0,1.0,arousal,absolute,0.45969243630093143
msp,20260921,0,1.0,dominance,absolute,0.36590756817709347
msp,20260921,0,1.0,valence,relative,0.011725620361600353
msp,20260921,0,1.0,arousal,relative,0.19203157282821748
msp,20260921,0,1.0,dominance,relative,0.14528271262182477
msp,20260921,0,1.0,valence,center_only,0.006563255522971427
msp,20260921,0,1.0,arousal,center_only,0.33191334177819465
msp,20260921,0,1.0,dominance,center_only,0.24667595616530452
msp,20260921,0,1.0,valence,hybrid,0.017352845390503534
msp,20260921,0,1.0,arousal,hybrid,0.49218475841899006
msp,20260921,0,1.0,dominance,hybrid,0.37978101391210645
msp,20260921,1,0.0,valence,absolute,0.005289120404418387
msp,20260921,1,0.0,arousal,absolute,0.12379862045906478
msp,20260921,1,0.0,dominance,absolute,0.08071250554474366
msp,20260921,1,0.0,valence,relative,0.01339803180183377
msp,20260921,1,0.0,arousal,relative,0.30312738697490227
msp,20260921,1,0.0,dominance,relative,0.21072478175850282
msp,20260921,1,0.0,valence,center_only,0.0
msp,20260921,1,0.0,arousal,center_only,0.0
msp,20260921,1,0.0,dominance,center_only,0.0
msp,20260921,1,0.0,valence,hybrid,0.01346250520256673
msp,20260921,1,0.0,arousal,hybrid,0.30443236891324726
msp,20260921,1,0.0,dominance,hybrid,0.21164692826545997
msp,20260921,1,0.25,valence,absolute,0.00288836238286719
msp,20260921,1,0.25,arousal,absolute,0.21567188027105624
msp,20260921,1,0.25,dominance,absolute,0.148657132740364
msp,20260921,1,0.25,valence,relative,0.013862870172267675
msp,20260921,1,0.25,arousal,relative,0.28824385796260255
msp,20260921,1,0.25,dominance,relative,0.20116872938252955
msp,20260921,1,0.25,valence,center_only,0.0005059159348118275
msp,20260921,1,0.25,arousal,center_only,0.029679533729511168
msp,20260921,1,0.25,dominance,center_only,0.020119441023195746
msp,20260921,1,0.25,valence,hybrid,0.014054544877108017
msp,20260921,1,0.25,arousal,hybrid,0.3200388787439748
msp,20260921,1,0.25,dominance,hybrid,0.22544496607006168
msp,20260921,1,0.5,valence,absolute,0.0010373951268428268
msp,20260921,1,0.5,arousal,absolute,0.3005516571701754
msp,20260921,1,0.5,dominance,absolute,0.21845233909243938
msp,20260921,1,0.5,valence,relative,0.013853456353004393
msp,20260921,1,0.5,arousal,relative,0.2590917936444984
msp,20260921,1,0.5,dominance,relative,0.18311650397144816
msp,20260921,1,0.5,valence,center_only,0.0019210353667489459
msp,20260921,1,0.5,arousal,center_only,0.10283656094153536
msp,20260921,1,0.5,dominance,center_only,0.07217781153037992
msp,20260921,1,0.5,valence,hybrid,0.015090836978934749
msp,20260921,1,0.5,arousal,hybrid,0.352923929542342
msp,20260921,1,0.5,dominance,hybrid,0.25611767476758474
msp,20260921,1,0.75,valence,absolute,-0.00016738048355820914
msp,20260921,1,0.75,arousal,absolute,0.3662673242755542
msp,20260921,1,0.75,dominance,absolute,0.2792308447169171
msp,20260921,1,0.75,valence,relative,0.013436167335692233
msp,20260921,1,0.75,arousal,relative,0.22290771723137084
msp,20260921,1,0.75,dominance,relative,0.16037526747765254
msp,20260921,1,0.75,valence,center_only,0.0039854737175479054
msp,20260921,1,0.75,arousal,center_only,0.18921298420246524
msp,20260921,1,0.75,dominance,center_only,0.1385794513482246
msp,20260921,1,0.75,valence,hybrid,0.016412950155435525
msp,20260921,1,0.75,arousal,hybrid,0.3916718466864998
msp,20260921,1,0.75,dominance,hybrid,0.29460484780335366
msp,20260921,1,1.0,valence,absolute,-0.0007590594461178032
msp,20260921,1,1.0,arousal,absolute,0.4118279484603335
msp,20260921,1,1.0,dominance,absolute,0.3267945756927288
msp,20260921,1,1.0,valence,relative,0.012730283573356507
msp,20260921,1,1.0,arousal,relative,0.18633671700159116
msp,20260921,1,1.0,dominance,relative,0.1367014457176899
msp,20260921,1,1.0,valence,center_only,0.006388275770419191
msp,20260921,1,1.0,arousal,center_only,0.26798752960146405
msp,20260921,1,1.0,dominance,center_only,0.20438910124461898
msp,20260921,1,1.0,valence,hybrid,0.01784996331425858
msp,20260921,1,1.0,arousal,hybrid,0.4278256880448245
msp,20260921,1,1.0,dominance,hybrid,0.33302422209611776
msp,20260921,2,0.0,valence,absolute,0.0036562121864382323
msp,20260921,2,0.0,arousal,absolute,0.14681326872692743
msp,20260921,2,0.0,dominance,absolute,0.09962002086328893
msp,20260921,2,0.0,valence,relative,0.01086040822215414
msp,20260921,2,0.0,arousal,relative,0.3500338998303513
msp,20260921,2,0.0,dominance,relative,0.2488385644023038
msp,20260921,2,0.0,valence,center_only,3.182018010313798e-32
msp,20260921,2,0.0,arousal,center_only,0.0
msp,20260921,2,0.0,dominance,center_only,0.0
msp,20260921,2,0.0,valence,hybrid,0.010914195473616911
msp,20260921,2,0.0,arousal,hybrid,0.35150481687810725
msp,20260921,2,0.0,dominance,hybrid,0.24987420163700985
msp,20260921,2,0.25,valence,absolute,0.0013819185130862018
msp,20260921,2,0.25,arousal,absolute,0.2646636953143212
msp,20260921,2,0.25,dominance,absolute,0.18946538052266582
msp,20260921,2,0.25,valence,relative,0.011062366949188619
msp,20260921,2,0.25,arousal,relative,0.32740316336545305
msp,20260921,2,0.25,dominance,relative,0.2336553167872386
msp,20260921,2,0.25,valence,center_only,0.0007051531825195487
msp,20260921,2,0.25,arousal,center_only,0.04561536692062123
msp,20260921,2,0.25,dominance,center_only,0.031241607115136846
msp,20260921,2,0.25,valence,hybrid,0.0114396553520869
msp,20260921,2,0.25,arousal,hybrid,0.3734053686603903
msp,20260921,2,0.25,dominance,hybrid,0.2685681071785872
msp,20260921,2,0.5,valence,absolute,-0.0002154111708241938
msp,20260921,2,0.5,arousal,absolute,0.36685388555923076
msp,20260921,2,0.5,dominance,absolute,0.2772188241381697
msp,20260921,2,0.5,valence,relative,0.010932605867110118
msp,20260921,2,0.5,arousal,relative,0.2838728442048171
msp,20260921,2,0.5,dominance,relative,0.20613996118168715
msp,20260921,2,0.5,valence,center_only,0.0026922933049290843
msp,20260921,2,0.5,arousal,center_only,0.1511462077087558
msp,20260921,2,0.5,dominance,center_only,0.10830480198307565
msp,20260921,2,0.5,valence,hybrid,0.01292225526941297
msp,20260921,2,0.5,arousal,hybrid,0.41935078635719036
msp,20260921,2,0.5,dominance,hybrid,0.311403423081344
msp,20260921,2,0.75,valence,absolute,-0.0010850594929698958
msp,20260921,2,0.75,arousal,absolute,0.43855868132924647
msp,20260921,2,0.75,dominance,absolute,0.3479258544306357
msp,20260921,2,0.75,valence,relative,0.01052355097398924
msp,20260921,2,0.75,arousal,relative,0.23334094873674455
msp,20260921,2,0.75,dominance,relative,0.17352136838207785
msp,20260921,2,0.75,valence,center_only,0.0056307897086948005
msp,20260921,2,0.75,arousal,center_only,0.2644367465899035
msp,20260921,2,0.75,dominance,center_only,0.19938168576937135
msp,20260921,2,0.75,valence,hybrid,0.015116730561716349
msp,20260921,2,0.75,arousal,hybrid,0.46980646166654116
msp,20260921,2,0.75,dominance,hybrid,0.3625883412813424
msp,20260921,2,1.0,valence,absolute,-0.001297775418062568
msp,20260921,2,1.0,arousal,absolute,0.48297942674681377
msp,20260921,2,1.0,dominance,absolute,0.3986407663633764
msp,20260921,2,1.0,valence,relative,0.009919284587555248
msp,20260921,2,1.0,arousal,relative,0.1862607444659223
msp,20260921,2,1.0,dominance,relative,0.14186796995968773
msp,20260921,2,1.0,valence,center_only,0.009111777738402086
msp,20260921,2,1.0,arousal,center_only,0.35848153710568453
msp,20260921,2,1.0,dominance,center_only,0.2825395634447868
msp,20260921,2,1.0,valence,hybrid,0.017719492327618602
msp,20260921,2,1.0,arousal,hybrid,0.5132875627159705
msp,20260921,2,1.0,dominance,hybrid,0.41046810765966835
msp,20260921,3,0.0,valence,absolute,0.005118202709690301
msp,20260921,3,0.0,arousal,absolute,0.14263716113963307
msp,20260921,3,0.0,dominance,absolute,0.09715544876484088
msp,20260921,3,0.0,valence,relative,0.013339925944423568
msp,20260921,3,0.0,arousal,relative,0.34127518724614575
msp,20260921,3,0.0,dominance,relative,0.2448183589638923
msp,20260921,3,0.0,valence,center_only,0.0
msp,20260921,3,0.0,arousal,center_only,0.0
msp,20260921,3,0.0,dominance,center_only,0.0
msp,20260921,3,0.0,valence,hybrid,0.013414154803890748
msp,20260921,3,0.0,arousal,hybrid,0.34270663352056624
msp,20260921,3,0.0,dominance,hybrid,0.2458987151016814
msp,20260921,3,0.25,valence,absolute,0.0034142536944719746
msp,20260921,3,0.25,arousal,absolute,0.25416062717219334
msp,20260921,3,0.25,dominance,absolute,0.18114411516032844
msp,20260921,3,0.25,valence,relative,0.013871134726519895
msp,20260921,3,0.25,arousal,relative,0.32253004578849853
msp,20260921,3,0.25,dominance,relative,0.23285347083655916
msp,20260921,3,0.25,valence,center_only,0.00024199069600283377
msp,20260921,3,0.25,arousal,center_only,0.04049165923201909
msp,20260921,3,0.25,dominance,center_only,0.02683032755974309
msp,20260921,3,0.25,valence,hybrid,0.0138979657991497
msp,20260921,3,0.25,arousal,hybrid,0.36352114120415835
msp,20260921,3,0.25,dominance,hybrid,0.2635152825382482
msp,20260921,3,0.5,valence,absolute,0.0018421498265059864
msp,20260921,3,0.5,arousal,absolute,0.35172532679893687
msp,20260921,3,0.5,dominance,absolute,0.2644436725399539
msp,20260921,3,0.5,valence,relative,0.0139500692325139
msp,20260921,3,0.5,arousal,relative,0.284009459526788
msp,20260921,3,0.5,dominance,relative,0.209768850050624
msp,20260921,3,0.5,valence,center_only,0.0009213062636837624
msp,20260921,3,0.5,arousal,center_only,0.1354042511890105
msp,20260921,3,0.5,dominance,center_only,0.09416042796665544
msp,20260921,3,0.5,valence,hybrid,0.014366905668563577
msp,20260921,3,0.5,arousal,hybrid,0.40425631530354433
msp,20260921,3,0.5,dominance,hybrid,0.3012375347565231
msp,20260921,3,0.75,valence,absolute,0.0005235666160730569
msp,20260921,3,0.75,arousal,absolute,0.4214090582420418
msp,20260921,3,0.75,dominance,absolute,0.33358275687013694
msp,20260921,3,0.75,valence,relative,0.013628866621584104
msp,20260921,3,0.75,arousal,relative,0.23760208541389177
msp,20260921,3,0.75,dominance,relative,0.1810928006709287
msp,20260921,3,0.75,valence,center_only,0.0019187973417687703
msp,20260921,3,0.75,arousal,center_only,0.23926187803028198
msp,20260921,3,0.75,dominance,center_only,0.17590794944381435
msp,20260921,3,0.75,valence,hybrid,0.01478115810666408
msp,20260921,3,0.75,arousal,hybrid,0.44872852378676137
msp,20260921,3,0.75,dominance,hybrid,0.34641214304381707
msp,20260921,3,1.0,valence,absolute,-0.0004858735719011052
msp,20260921,3,1.0,arousal,absolute,0.46551874147665845
msp,20260921,3,1.0,dominance,absolute,0.38500458577352586
msp,20260921,3,1.0,valence,relative,0.01301211119739129
msp,20260921,3,1.0,arousal,relative,0.19298758341771766
msp,20260921,3,1.0,dominance,relative,0.15197401062093427
msp,20260921,3,1.0,valence,center_only,0.003089585111398692
msp,20260921,3,1.0,arousal,center_only,0.32706490233795504
msp,20260921,3,1.0,dominance,center_only,0.2526914322038886
msp,20260921,3,1.0,valence,hybrid,0.01511855888245825
msp,20260921,3,1.0,arousal,hybrid,0.48728422622735446
msp,20260921,3,1.0,dominance,hybrid,0.3893359030044561
msp,20260921,4,0.0,valence,absolute,0.005344542720764188
msp,20260921,4,0.0,arousal,absolute,0.14268019092897158
msp,20260921,4,0.0,dominance,absolute,0.09552559732113997
msp,20260921,4,0.0,valence,relative,0.01399665384424457
msp,20260921,4,0.0,arousal,relative,0.3402126007010308
msp,20260921,4,0.0,dominance,relative,0.24184836419759323
msp,20260921,4,0.0,valence,center_only,0.0
msp,20260921,4,0.0,arousal,center_only,0.0
msp,20260921,4,0.0,dominance,center_only,0.0
msp,20260921,4,0.0,valence,hybrid,0.014066981969864613
msp,20260921,4,0.0,arousal,hybrid,0.3416315830821921
msp,20260921,4,0.0,dominance,hybrid,0.24288799403575365
msp,20260921,4,0.25,valence,absolute,0.0035088501362033923
msp,20260921,4,0.25,arousal,absolute,0.25496268685955237
msp,20260921,4,0.25,dominance,absolute,0.17861424549108273
msp,20260921,4,0.25,valence,relative,0.014194413672017075
msp,20260921,4,0.25,arousal,relative,0.32105042920427956
msp,20260921,4,0.25,dominance,relative,0.22966127620191532
msp,20260921,4,0.25,valence,center_only,0.0004532298338006326
msp,20260921,4,0.25,arousal,center_only,0.04223012484654738
msp,20260921,4,0.25,dominance,center_only,0.027393059451404016
msp,20260921,4,0.25,valence,hybrid,0.014479532807787672
msp,20260921,4,0.25,arousal,hybrid,0.3631119839597795
msp,20260921,4,0.25,dominance,hybrid,0.2606293897689898
msp,20260921,4,0.5,valence,absolute,0.0018728990414152503
msp,20260921,4,0.5,arousal,absolute,0.35550966589535693
msp,20260921,4,0.5,dominance,absolute,0.2616271469308204
msp,20260921,4,0.5,valence,relative,0.013958560422315356
msp,20260921,4,0.5,arousal,relative,0.28367126221638883
msp,20260921,4,0.5,dominance,relative,0.20675327744185046
msp,20260921,4,0.5,valence,center_only,0.001729651451714069
msp,20260921,4,0.5,arousal,center_only,0.14221006448523377
msp,20260921,4,0.5,dominance,center_only,0.09641885569274289
msp,20260921,4,0.5,valence,hybrid,0.01528358072330836
msp,20260921,4,0.5,arousal,hybrid,0.4085408677133413
msp,20260921,4,0.5,dominance,hybrid,0.30010043639702855
msp,20260921,4,0.75,valence,absolute,0.000550681110460436
msp,20260921,4,0.75,arousal,absolute,0.4295969430510292
msp,20260921,4,0.75,dominance,absolute,0.3311027913933102
msp,20260921,4,0.75,valence,relative,0.013363612488401512
msp,20260921,4,0.75,arousal,relative,0.238683168886952
msp,20260921,4,0.75,dominance,relative,0.17846052068467025
msp,20260921,4,0.75,valence,center_only,0.0036149990805966754
msp,20260921,4,0.75,arousal,center_only,0.253238458104026
msp,20260921,4,0.75,dominance,center_only,0.18077226803523838
msp,20260921,4,0.75,valence,hybrid,0.01636096233106338
msp,20260921,4,0.75,arousal,hybrid,0.4599457902921901
msp,20260921,4,0.75,dominance,hybrid,0.3481551916126511
msp,20260921,4,1.0,valence,absolute,-0.00041543862716405904
msp,20260921,4,1.0,arousal,absolute,0.47824208304785404
msp,20260921,4,1.0,dominance,absolute,0.38320491404224116
msp,20260921,4,1.0,valence,relative,0.012523570544011596
msp,20260921,4,1.0,arousal,relative,0.19497902099697653
msp,20260921,4,1.0,dominance,relative,0.14975942747469562
msp,20260921,4,1.0,valence,center_only,0.005844820086882474
msp,20260921,4,1.0,arousal,center_only,0.34845561541890047
msp,20260921,4,1.0,dominance,center_only,0.2605567058534223
msp,20260921,4,1.0,valence,hybrid,0.017575620441191285
msp,20260921,4,1.0,arousal,hybrid,0.505737486809192
msp,20260921,4,1.0,dominance,hybrid,0.39439687262236606
msp,20260922,0,0.0,valence,absolute,0.004258447515041673
msp,20260922,0,0.0,arousal,absolute,0.13853963372590572
msp,20260922,0,0.0,dominance,absolute,0.08826864344694292
msp,20260922,0,0.0,valence,relative,0.010953641969304304
msp,20260922,0,0.0,arousal,relative,0.3306320071872973
msp,20260922,0,0.0,dominance,relative,0.22108246704389914
msp,20260922,0,0.0,valence,center_only,0.0
msp,20260922,0,0.0,arousal,center_only,2.99964407166111e-30
msp,20260922,0,0.0,dominance,center_only,0.0
msp,20260922,0,0.0,valence,hybrid,0.011005886822941754
msp,20260922,0,0.0,arousal,hybrid,0.33203982319554604
msp,20260922,0,0.0,dominance,hybrid,0.2220071735666476
msp,20260922,0,0.25,valence,absolute,0.002559893001938492
msp,20260922,0,0.25,arousal,absolute,0.24765745522603294
msp,20260922,0,0.25,dominance,absolute,0.1665358877658137
msp,20260922,0,0.25,valence,relative,0.011468776096360435
msp,20260922,0,0.25,arousal,relative,0.31013205747560924
msp,20260922,0,0.25,dominance,relative,0.20820410270476733
msp,20260922,0,0.25,valence,center_only,0.00020671034344511675
msp,20260922,0,0.25,arousal,center_only,0.04060934506412191
msp,20260922,0,0.25,dominance,center_only,0.026063961751021974
msp,20260922,0,0.25,valence,hybrid,0.011435138417406412
msp,20260922,0,0.25,arousal,hybrid,0.35120965711104757
msp,20260922,0,0.25,dominance,hybrid,0.23793566702380628
msp,20260922,0,0.5,valence,absolute,0.001219785146061498
msp,20260922,0,0.5,arousal,absolute,0.3451024923751343
msp,20260922,0,0.5,dominance,absolute,0.24508351143039508
msp,20260922,0,0.5,valence,relative,0.01164028827243665
msp,20260922,0,0.5,arousal,relative,0.2720703627994772
msp,20260922,0,0.5,dominance,relative,0.18554684390847223
msp,20260922,0,0.5,valence,center_only,0.0007899595442540892
msp,20260922,0,0.5,arousal,center_only,0.1364353461514222
msp,20260922,0,0.5,dominance,center_only,0.09161579024021779
msp,20260922,0,0.5,valence,hybrid,0.011896938215901378
msp,20260922,0,0.5,arousal,hybrid,0.39325718612509725
msp,20260922,0,0.5,dominance,hybrid,0.2754358935926779
msp,20260922,0,0.75,valence,absolute,0.00030480008516912564
msp,20260922,0,0.75,arousal,absolute,0.4166970131845705
msp,20260922,0,0.75,dominance,absolute,0.3109588025206664
msp,20260922,0,0.75,valence,relative,0.01149607604653009
msp,20260922,0,0.75,arousal,relative,0.22718470765474091
msp,20260922,0,0.75,dominance,relative,0.15838883181450875
msp,20260922,0,0.75,valence,center_only,0.001654404711195822
msp,20260922,0,0.75,arousal,center_only,0.24232948260827197
msp,20260922,0,0.75,dominance,center_only,0.17148811520601992
msp,20260922,0,0.75,valence,hybrid,0.012349147549515301
msp,20260922,0,0.75,arousal,hybrid,0.44101545561946065
msp,20260922,0,0.75,dominance,hybrid,0.32157151082859114
msp,20260922,0,1.0,valence,absolute,-0.0001948160935745507
msp,20260922,0,1.0,arousal,absolute,0.46357291008478413
msp,20260922,0,1.0,dominance,absolute,0.3603877854354567
msp,20260922,0,1.0,valence,relative,0.01110487349095464
msp,20260922,0,1.0,arousal,relative,0.1841807350237168
msp,20260922,0,1.0,dominance,relative,0.13140748085543683
msp,20260922,0,1.0,valence,center_only,0.0026813588517013236
msp,20260922,0,1.0,arousal,center_only,0.33271058413844595
msp,20260922,0,1.0,dominance,center_only,0.2467912372499743
msp,20260922,0,1.0,valence,hybrid,0.012759463387204985
msp,20260922,0,1.0,arousal,hybrid,0.4834667769269265
msp,20260922,0,1.0,dominance,hybrid,0.3660406951194603
msp,20260922,1,0.0,valence,absolute,0.005219770688747742
msp,20260922,1,0.0,arousal,absolute,0.14333992268281415
msp,20260922,1,0.0,dominance,absolute,0.09633455277992585
msp,20260922,1,0.0,valence,relative,0.014678223677297887
msp,20260922,1,0.0,arousal,relative,0.3445130982646488
msp,20260922,1,0.0,dominance,relative,0.24457235098016378
msp,20260922,1,0.0,valence,center_only,2.6440904321214663e-32
msp,20260922,1,0.0,arousal,center_only,0.0
msp,20260922,1,0.0,dominance,center_only,0.0
msp,20260922,1,0.0,valence,hybrid,0.014754251779854857
msp,20260922,1,0.0,arousal,hybrid,0.34595348292373
msp,20260922,1,0.0,dominance,hybrid,0.24564076700114693
msp,20260922,1,0.25,valence,absolute,0.003475690523881047
msp,20260922,1,0.25,arousal,absolute,0.25476803269368986
msp,20260922,1,0.25,dominance,absolute,0.18014517489607929
msp,20260922,1,0.25,valence,relative,0.014839278489727799
msp,20260922,1,0.25,arousal,relative,0.3261746114212007
msp,20260922,1,0.25,dominance,relative,0.23332701312981913
msp,20260922,1,0.25,valence,center_only,0.00034567164378451233
msp,20260922,1,0.25,arousal,center_only,0.04041267434038617
msp,20260922,1,0.25,dominance,center_only,0.026953751223926903
msp,20260922,1,0.25,valence,hybrid,0.015001046340966141
msp,20260922,1,0.25,arousal,hybrid,0.3671656873788154
msp,20260922,1,0.25,dominance,hybrid,0.2642130936695856
msp,20260922,1,0.5,valence,absolute,0.0019596869858516017
msp,20260922,1,0.5,arousal,absolute,0.3543597904551749
msp,20260922,1,0.5,dominance,absolute,0.2647885009113138
msp,20260922,1,0.5,valence,relative,0.01453276098884627
msp,20260922,1,0.5,arousal,relative,0.2889220634491921
msp,20260922,1,0.5,dominance,relative,0.2113135480289818
msp,20260922,1,0.5,valence,center_only,0.0013174550369749807
msp,20260922,1,0.5,arousal,center_only,0.1365091484524995
msp,20260922,1,0.5,dominance,center_only,0.09533762572343117
msp,20260922,1,0.5,valence,hybrid,0.01541581433501829
msp,20260922,1,0.5,arousal,hybrid,0.410284048379506
msp,20260922,1,0.5,dominance,hybrid,0.30444580750709316
msp,20260922,1,0.75,valence,absolute,0.0007742936472099261
msp,20260922,1,0.75,arousal,absolute,0.427420450359417
msp,20260922,1,0.75,dominance,absolute,0.33651879610001717
msp,20260922,1,0.75,valence,relative,0.01384544856266738
msp,20260922,1,0.75,arousal,relative,0.24362165441133066
msp,20260922,1,0.75,dominance,relative,0.18363378689933219
msp,20260922,1,0.75,valence,center_only,0.002748203750604288
msp,20260922,1,0.75,arousal,center_only,0.2439177081751298
msp,20260922,1,0.75,dominance,center_only,0.17982463256407785
msp,20260922,1,0.75,valence,hybrid,0.01594058869734826
msp,20260922,1,0.75,arousal,hybrid,0.45866731872582595
msp,20260922,1,0.75,dominance,hybrid,0.35348387763851624
msp,20260922,1,1.0,valence,absolute,-5.136021082374056e-05
msp,20260922,1,1.0,arousal,absolute,0.47500759923370073
msp,20260922,1,1.0,dominance,absolute,0.3909844277889578
msp,20260922,1,1.0,valence,relative,0.01290517377698525
msp,20260922,1,1.0,arousal,relative,0.1994460104912302
msp,20260922,1,1.0,dominance,relative,0.15517511613335958
msp,20260922,1,1.0,valence,center_only,0.004433277133909339
msp,20260922,1,1.0,arousal,center_only,0.3366185915706494
msp,20260922,1,1.0,dominance,center_only,0.2606762838401887
msp,20260922,1,1.0,valence,hybrid,0.016512197534076803
msp,20260922,1,1.0,arousal,hybrid,0.5016564655068129
msp,20260922,1,1.0,dominance,hybrid,0.4009616146057793
msp,20260922,2,0.0,valence,absolute,0.0053952354689495155
msp,20260922,2,0.0,arousal,absolute,0.1414837234506405
msp,20260922,2,0.0,dominance,absolute,0.09729416616867259
msp,20260922,2,0.0,valence,relative,0.014030358366110458
msp,20260922,2,0.0,arousal,relative,0.3448871486065467
msp,20260922,2,0.0,dominance,relative,0.2508982864288626
msp,20260922,2,0.0,valence,center_only,-3.512552096885321e-32
msp,20260922,2,0.0,arousal,center_only,0.0
msp,20260922,2,0.0,dominance,center_only,0.0
msp,20260922,2,0.0,valence,hybrid,0.014099959800024939
msp,20260922,2,0.0,arousal,hybrid,0.346355647185502
msp,20260922,2,0.0,dominance,hybrid,0.2519923440433927
msp,20260922,2,0.25,valence,absolute,0.0025531263540931135
msp,20260922,2,0.25,arousal,absolute,0.2478370753678896
msp,20260922,2,0.25,dominance,absolute,0.17848034123660567
msp,20260922,2,0.25,valence,relative,0.014362385812898976
msp,20260922,2,0.25,arousal,relative,0.32469378822239897
msp,20260922,2,0.25,dominance,relative,0.23682565924687757
msp,20260922,2,0.25,valence,center_only,0.0007627559446878883
msp,20260922,2,0.25,arousal,center_only,0.03820827775018733
msp,20260922,2,0.25,dominance,center_only,0.02593544802703512
msp,20260922,2,0.25,valence,hybrid,0.014745890175401184
msp,20260922,2,0.25,arousal,hybrid,0.36411909685841637
msp,20260922,2,0.25,dominance,hybrid,0.26693440030948967
msp,20260922,2,0.5,valence,absolute,0.00033675976356507885
msp,20260922,2,0.5,arousal,absolute,0.34038983293599806
msp,20260922,2,0.5,dominance,absolute,0.2575189530077381
msp,20260922,2,0.5,valence,relative,0.01418750549260483
msp,20260922,2,0.5,arousal,relative,0.2847820874070127
msp,20260922,2,0.5,dominance,relative,0.21085038377783213
msp,20260922,2,0.5,valence,center_only,0.0028909377974717814
msp,20260922,2,0.5,arousal,center_only,0.12844398998823417
msp,20260922,2,0.5,dominance,center_only,0.09085036381778269
msp,20260922,2,0.5,valence,hybrid,0.016261397922200427
msp,20260922,2,0.5,arousal,hybrid,0.4005334406249238
msp,20260922,2,0.5,dominance,hybrid,0.3005624083573529
msp,20260922,2,0.75,valence,absolute,-0.0011298024923305013
msp,20260922,2,0.75,arousal,absolute,0.4060326787813755
msp,20260922,2,0.75,dominance,absolute,0.32155429167276645
msp,20260922,2,0.75,valence,relative,0.013595094496006653
msp,20260922,2,0.75,arousal,relative,0.23732517528885957
msp,20260922,2,0.75,dominance,relative,0.17948553543202317
msp,20260922,2,0.75,valence,center_only,0.005981536003342607
msp,20260922,2,0.75,arousal,center_only,0.22828724965778066
msp,20260922,2,0.75,dominance,center_only,0.16934120523930848
msp,20260922,2,0.75,valence,hybrid,0.01837567772468132
msp,20260922,2,0.75,arousal,hybrid,0.4411242366540898
msp,20260922,2,0.75,dominance,hybrid,0.341201774498426
msp,20260922,2,1.0,valence,absolute,-0.0018805056444464393
msp,20260922,2,1.0,arousal,absolute,0.44706309874624117
msp,20260922,2,1.0,dominance,absolute,0.3677892941246021
msp,20260922,2,1.0,valence,relative,0.01272550305979052
msp,20260922,2,1.0,arousal,relative,0.19202106161976282
msp,20260922,2,1.0,dominance,relative,0.14845427188817167
msp,20260922,2,1.0,valence,center_only,0.009557784605055814
msp,20260922,2,1.0,arousal,center_only,0.3136020749863152
msp,20260922,2,1.0,dominance,center_only,0.2427431306573773
msp,20260922,2,1.0,valence,hybrid,0.020777029763198136
msp,20260922,2,1.0,arousal,hybrid,0.47682941266932155
msp,20260922,2,1.0,dominance,hybrid,0.37986957163527035
msp,20260922,3,0.0,valence,absolute,0.0052026110944801435
msp,20260922,3,0.0,arousal,absolute,0.14004313845538238
msp,20260922,3,0.0,dominance,absolute,0.09402419998024261
msp,20260922,3,0.0,valence,relative,0.012886238185929355
msp,20260922,3,0.0,arousal,relative,0.33707395605051527
msp,20260922,3,0.0,dominance,relative,0.23961053675950536
msp,20260922,3,0.0,valence,center_only,1.2885001094135727e-30
msp,20260922,3,0.0,arousal,center_only,0.0
msp,20260922,3,0.0,dominance,center_only,0.0
msp,20260922,3,0.0,valence,hybrid,0.01294930306530249
msp,20260922,3,0.0,arousal,hybrid,0.33849355809243625
msp,20260922,3,0.0,dominance,hybrid,0.24064485310896971
msp,20260922,3,0.25,valence,absolute,0.003536408474555371
msp,20260922,3,0.25,arousal,absolute,0.24826286066617279
msp,20260922,3,0.25,dominance,absolute,0.17346558951585153
msp,20260922,3,0.25,valence,relative,0.013368996362199704
msp,20260922,3,0.25,arousal,relative,0.32053970202300686
msp,20260922,3,0.25,dominance,relative,0.22912307854903696
msp,20260922,3,0.25,valence,center_only,0.0004160015147390006
msp,20260922,3,0.25,arousal,center_only,0.038642650983383896
msp,20260922,3,0.25,dominance,center_only,0.02503926419967747
msp,20260922,3,0.25,valence,hybrid,0.013590665009094222
msp,20260922,3,0.25,arousal,hybrid,0.36014145816276266
msp,20260922,3,0.25,dominance,hybrid,0.25802663980837204
msp,20260922,3,0.5,valence,absolute,0.002095197388570265
msp,20260922,3,0.5,arousal,absolute,0.3451410781086031
msp,20260922,3,0.5,dominance,absolute,0.25321258599285784
msp,20260922,3,0.5,valence,relative,0.013392027462975539
msp,20260922,3,0.5,arousal,relative,0.28531714059516483
msp,20260922,3,0.5,dominance,relative,0.208074831614823
msp,20260922,3,0.5,valence,center_only,0.0015792080557693925
msp,20260922,3,0.5,arousal,center_only,0.13088916181116328
msp,20260922,3,0.5,dominance,center_only,0.08876896229447317
msp,20260922,3,0.5,valence,hybrid,0.014515727216388826
msp,20260922,3,0.5,arousal,hybrid,0.4025531947100767
msp,20260922,3,0.5,dominance,hybrid,0.295252869577435
msp,20260922,3,0.75,valence,absolute,0.0009823786830692775
msp,20260922,3,0.75,arousal,absolute,0.41643945710973596
msp,20260922,3,0.75,dominance,absolute,0.32056562555811047
msp,20260922,3,0.75,valence,relative,0.013016779295329324
msp,20260922,3,0.75,arousal,relative,0.24179825614640973
msp,20260922,3,0.75,dominance,relative,0.18135540976856507
msp,20260922,3,0.75,valence,center_only,0.0032750728247307355
msp,20260922,3,0.75,arousal,center_only,0.23459659454439596
msp,20260922,3,0.75,dominance,center_only,0.16790997023068696
msp,20260922,3,0.75,valence,hybrid,0.015598413937378952
msp,20260922,3,0.75,arousal,hybrid,0.44980581448776846
msp,20260922,3,0.75,dominance,hybrid,0.340632110637238
msp,20260922,3,1.0,valence,absolute,0.00022338158854033776
msp,20260922,3,1.0,arousal,absolute,0.46306464905263856
msp,20260922,3,1.0,dominance,absolute,0.3715708880263297
msp,20260922,3,1.0,valence,relative,0.012356998416188786
msp,20260922,3,1.0,arousal,relative,0.1989411753917061
msp,20260922,3,1.0,dominance,relative,0.15370647902870277
msp,20260922,3,1.0,valence,center_only,0.005247280941636941
msp,20260922,3,1.0,arousal,center_only,0.32461724039333545
msp,20260922,3,1.0,dominance,center_only,0.24406743369599707
msp,20260922,3,1.0,valence,hybrid,0.01671427967254231
msp,20260922,3,1.0,arousal,hybrid,0.4916801594538814
msp,20260922,3,1.0,dominance,hybrid,0.38465048347293845
msp,20260922,4,0.0,valence,absolute,0.004977978634877056
msp,20260922,4,0.0,arousal,absolute,0.12986958486272362
msp,20260922,4,0.0,dominance,absolute,0.08783253912190746
msp,20260922,4,0.0,valence,relative,0.012956973977143809
msp,20260922,4,0.0,arousal,relative,0.3111462600421887
msp,20260922,4,0.0,dominance,relative,0.2223721532021866
msp,20260922,4,0.0,valence,center_only,6.858655995653803e-31
msp,20260922,4,0.0,arousal,center_only,0.0
msp,20260922,4,0.0,dominance,center_only,0.0
msp,20260922,4,0.0,valence,hybrid,0.01302397526381668
msp,20260922,4,0.0,arousal,hybrid,0.3124724644291901
msp,20260922,4,0.0,dominance,hybrid,0.22334093613080291
msp,20260922,4,0.25,valence,absolute,0.0029187305835313634
msp,20260922,4,0.25,arousal,absolute,0.23606007220680905
msp,20260922,4,0.25,dominance,absolute,0.16782079103004938
msp,20260922,4,0.25,valence,relative,0.013114295565805276
msp,20260922,4,0.25,arousal,relative,0.2925596931241063
msp,20260922,4,0.25,dominance,relative,0.2100127270299015
msp,20260922,4,0.25,valence,center_only,0.0006400973359487299
msp,20260922,4,0.25,arousal,center_only,0.03968265500520127
msp,20260922,4,0.25,dominance,center_only,0.026608003668197742
msp,20260922,4,0.25,valence,hybrid,0.01349308786796287
msp,20260922,4,0.25,arousal,hybrid,0.3332236199287929
msp,20260922,4,0.25,dominance,hybrid,0.24049566970281888
msp,20260922,4,0.5,valence,absolute,0.0013119295762373628
msp,20260922,4,0.5,arousal,absolute,0.3325575412910462
msp,20260922,4,0.5,dominance,absolute,0.24909884578686656
msp,20260922,4,0.5,valence,relative,0.012862361495043233
msp,20260922,4,0.5,arousal,relative,0.25769851686278494
msp,20260922,4,0.5,dominance,relative,0.1882751421128397
msp,20260922,4,0.5,valence,center_only,0.002439807880560882
msp,20260922,4,0.5,arousal,center_only,0.13423217200598153
msp,20260922,4,0.5,dominance,center_only,0.09398410980200653
msp,20260922,4,0.5,valence,hybrid,0.014719388949770694
msp,20260922,4,0.5,arousal,hybrid,0.3784286548499996
msp,20260922,4,0.5,dominance,hybrid,0.2804979395710035
msp,20260922,4,0.75,valence,absolute,0.00023928709255593273
msp,20260922,4,0.75,arousal,absolute,0.404876100631077
msp,20260922,4,0.75,dominance,absolute,0.3183883616494573
msp,20260922,4,0.75,valence,relative,0.012275617784025208
msp,20260922,4,0.75,arousal,relative,0.2162208160894971
msp,20260922,4,0.75,dominance,relative,0.16195334186122615
msp,20260922,4,0.75,valence,center_only,0.005090039588372346
msp,20260922,4,0.75,arousal,center_only,0.24022920086393262
msp,20260922,4,0.75,dominance,center_only,0.1769683899773136
msp,20260922,4,0.75,valence,hybrid,0.01649751643881986
msp,20260922,4,0.75,arousal,hybrid,0.43016569669569665
msp,20260922,4,0.75,dominance,hybrid,0.3299931429853938
msp,20260922,4,1.0,valence,absolute,-0.0003185408542386073
msp,20260922,4,1.0,arousal,absolute,0.4532932960214221
msp,20260922,4,1.0,dominance,absolute,0.37138172632165906
msp,20260922,4,1.0,valence,relative,0.011465137443018572
msp,20260922,4,1.0,arousal,relative,0.1761379388629822
msp,20260922,4,1.0,dominance,relative,0.13545500898176324
msp,20260922,4,1.0,valence,center_only,0.008212204022491263
msp,20260922,4,1.0,arousal,center_only,0.3319821288934165
msp,20260922,4,1.0,dominance,center_only,0.2561177966162802
msp,20260922,4,1.0,valence,hybrid,0.018578301989927166
msp,20260922,4,1.0,arousal,hybrid,0.476638733544793
msp,20260922,4,1.0,dominance,hybrid,0.3781539638566194
iemocap,20260920,0,0.0,valence,absolute,0.0277466072968182
iemocap,20260920,0,0.0,arousal,absolute,0.39172514277390147
iemocap,20260920,0,0.0,dominance,absolute,0.3238436641038937
iemocap,20260920,0,0.0,valence,relative,0.029139604675441015
iemocap,20260920,0,0.0,arousal,relative,0.4800156256549522
iemocap,20260920,0,0.0,dominance,relative,0.3492753771622764
iemocap,20260920,0,0.0,valence,center_only,3.6748893908164106e-14
iemocap,20260920,0,0.0,arousal,center_only,5.3684288822971455e-14
iemocap,20260920,0,0.0,dominance,center_only,0.0
iemocap,20260920,0,0.0,valence,hybrid,0.029162940879748925
iemocap,20260920,0,0.0,arousal,hybrid,0.48117956471726975
iemocap,20260920,0,0.0,dominance,hybrid,0.34983755893213153
iemocap,20260920,0,0.25,valence,absolute,0.02873533408608277
iemocap,20260920,0,0.25,arousal,absolute,0.400245079233048
iemocap,20260920,0,0.25,dominance,absolute,0.3293859787257004
iemocap,20260920,0,0.25,valence,relative,0.028980199906074297
iemocap,20260920,0,0.25,arousal,relative,0.4790087610190025
iemocap,20260920,0,0.25,dominance,relative,0.349309111299053
iemocap,20260920,0,0.25,valence,center_only,0.0001556780692598215
iemocap,20260920,0,0.25,arousal,center_only,-0.00017580760810501732
iemocap,20260920,0,0.25,dominance,center_only,-0.00032423344080083127
iemocap,20260920,0,0.25,valence,hybrid,0.029250852611555283
iemocap,20260920,0,0.25,arousal,hybrid,0.48019063071406565
iemocap,20260920,0,0.25,dominance,hybrid,0.3494334082213966
iemocap,20260920,0,0.5,valence,absolute,0.02972109998798808
iemocap,20260920,0,0.5,arousal,absolute,0.40827170686588593
iemocap,20260920,0,0.5,dominance,absolute,0.33471203909864344
iemocap,20260920,0,0.5,valence,relative,0.02878212443375498
iemocap,20260920,0,0.5,arousal,relative,0.47746096740236027
iemocap,20260920,0,0.5,dominance,relative,0.349224557468164
iemocap,20260920,0,0.5,valence,center_only,0.0006216756300124272
iemocap,20260920,0,0.5,arousal,center_only,-0.0007009945217129496
iemocap,20260920,0,0.5,dominance,center_only,-0.001295669690091636
iemocap,20260920,0,0.5,valence,hybrid,0.029611614007723087
iemocap,20260920,0,0.5,arousal,hybrid,0.4781962474015165
iemocap,20260920,0,0.5,dominance,hybrid,0.348340361616115
iemocap,20260920,0,0.75,valence,absolute,0.030700111515853005
iemocap,20260920,0,0.75,arousal,absolute,0.4157854578342603
iemocap,20260920,0,0.75,dominance,absolute,0.3398105044972838
iemocap,20260920,0,0.75,valence,relative,0.028546052066851266
iemocap,20260920,0,0.75,arousal,relative,0.47537598987880514
iemocap,20260920,0,0.75,dominance,relative,0.3490239225114047
iemocap,20260920,0,0.75,valence,center_only,0.001394946879571214
iemocap,20260920,0,0.75,arousal,center_only,-0.0015689104550669155
iemocap,20260920,0,0.75,dominance,center_only,-0.002910474088837539
iemocap,20260920,0,0.75,valence,hybrid,0.030242542992592183
iemocap,20260920,0,0.75,arousal,hybrid,0.4752093556632677
iemocap,20260920,0,0.75,dominance,hybrid,0.34656436017623754
iemocap,20260920,0,1.0,valence,absolute,0.03167022700223993
iemocap,20260920,0,1.0,arousal,absolute,0.42271798314352854
iemocap,20260920,0,1.0,dominance,absolute,0.344671537441178
iemocap,20260920,0,1.0,valence,relative,0.0282741455838144
iemocap,20260920,0,1.0,arousal,relative,0.47277932699221414
iemocap,20260920,0,1.0,dominance,relative,0.34871004753785245
iemocap,20260920,0,1.0,valence,center_only,0.0024704222484260097
iemocap,20260920,0,1.0,arousal,center_only,-0.002768783489066356
iemocap,20260920,0,1.0,dominance,center_only,-0.005162297744979819
iemocap,20260920,0,1.0,valence,hybrid,0.031139911228433417
iemocap,20260920,0,1.0,arousal,hybrid,0.4712649350976631
iemocap,20260920,0,1.0,dominance,hybrid,0.3441134769803263
iemocap,20260920,1,0.0,valence,absolute,0.028916054276218156
iemocap,20260920,1,0.0,arousal,absolute,0.4082456679466249
iemocap,20260920,1,0.0,dominance,absolute,0.31565652151988993
iemocap,20260920,1,0.0,valence,relative,0.028707170337815474
iemocap,20260920,1,0.0,arousal,relative,0.5248091094624231
iemocap,20260920,1,0.0,dominance,relative,0.35854554784272397
iemocap,20260920,1,0.0,valence,center_only,3.402810843578551e-14
iemocap,20260920,1,0.0,arousal,center_only,0.0
iemocap,20260920,1,0.0,dominance,center_only,-1.6335445555765764e-31
iemocap,20260920,1,0.0,valence,hybrid,0.028659325424928293
iemocap,20260920,1,0.0,arousal,hybrid,0.5248369011065483
iemocap,20260920,1,0.0,dominance,hybrid,0.3591203172366542
iemocap,20260920,1,0.25,valence,absolute,0.02796293675965701
iemocap,20260920,1,0.25,arousal,absolute,0.4141486079350376
iemocap,20260920,1,0.25,dominance,absolute,0.32248790833940544
iemocap,20260920,1,0.25,valence,relative,0.02869051571814742
iemocap,20260920,1,0.25,arousal,relative,0.5243900296194883
iemocap,20260920,1,0.25,dominance,relative,0.3558165910455785
iemocap,20260920,1,0.25,valence,center_only,5.672741102572855e-05
iemocap,20260920,1,0.25,arousal,center_only,-2.5022292350084955e-05
iemocap,20260920,1,0.25,dominance,center_only,0.0008088289864568033
iemocap,20260920,1,0.25,valence,hybrid,0.028770630756238685
iemocap,20260920,1,0.25,arousal,hybrid,0.525780786300917
iemocap,20260920,1,0.25,dominance,hybrid,0.3582684163171589
iemocap,20260920,1,0.5,valence,absolute,0.027030145902566017
iemocap,20260920,1,0.5,arousal,absolute,0.4181801445821653
iemocap,20260920,1,0.5,dominance,absolute,0.322506195834719
iemocap,20260920,1,0.5,valence,relative,0.028670825355983802
iemocap,20260920,1,0.5,arousal,relative,0.5220636364096334
iemocap,20260920,1,0.5,dominance,relative,0.3465865942014617
iemocap,20260920,1,0.5,valence,center_only,0.00022597415818387584
iemocap,20260920,1,0.5,arousal,center_only,-9.98514670278116e-05
iemocap,20260920,1,0.5,dominance,center_only,0.003127418509806163
iemocap,20260920,1,0.5,valence,hybrid,0.028915110800464907
iemocap,20260920,1,0.5,arousal,hybrid,0.5260435416990592
iemocap,20260920,1,0.5,dominance,hybrid,0.3520595010900582
iemocap,20260920,1,0.75,valence,absolute,0.02611809914418119
iemocap,20260920,1,0.75,arousal,absolute,0.42032240798404225
iemocap,20260920,1,0.75,dominance,absolute,0.3161339711224424
iemocap,20260920,1,0.75,valence,relative,0.028648086665682127
iemocap,20260920,1,0.75,arousal,relative,0.5178447108266371
iemocap,20260920,1,0.75,dominance,relative,0.33183326999178153
iemocap,20260920,1,0.75,valence,center_only,0.0005050021754930087
iemocap,20260920,1,0.75,arousal,center_only,-0.00022376999857721686
iemocap,20260920,1,0.75,dominance,center_only,0.006666059480929899
iemocap,20260920,1,0.75,valence,hybrid,0.029091294913560096
iemocap,20260920,1,0.75,arousal,hybrid,0.5256339102037425
iemocap,20260920,1,0.75,dominance,hybrid,0.3411897685635519
iemocap,20260920,1,1.0,valence,absolute,0.025227217483769906
iemocap,20260920,1,1.0,arousal,absolute,0.4206135356831011
iemocap,20260920,1,1.0,dominance,absolute,0.3044492627038624
iemocap,20260920,1,1.0,valence,relative,0.028622362307621642
iemocap,20260920,1,1.0,arousal,relative,0.5118543907646798
iemocap,20260920,1,1.0,dominance,relative,0.3129636820181852
iemocap,20260920,1,1.0,valence,center_only,0.0008893715965550418
iemocap,20260920,1,1.0,arousal,center_only,-0.000395616466891922
iemocap,20260920,1,1.0,dominance,center_only,0.011036951725031094
iemocap,20260920,1,1.0,valence,hybrid,0.029297315893197996
iemocap,20260920,1,1.0,arousal,hybrid,0.5245524010108485
iemocap,20260920,1,1.0,dominance,hybrid,0.32674646947589675
iemocap,20260920,2,0.0,valence,absolute,0.029817970018444006
iemocap,20260920,2,0.0,arousal,absolute,0.2997928112671846
iemocap,20260920,2,0.0,dominance,absolute,0.23963714026084787
iemocap,20260920,2,0.0,valence,relative,0.030049299140569783
iemocap,20260920,2,0.0,arousal,relative,0.41223624139577875
iemocap,20260920,2,0.0,dominance,relative,0.27714891707415584
iemocap,20260920,2,0.0,valence,center_only,1.3113312281017591e-30
iemocap,20260920,2,0.0,arousal,center_only,2.89699956755109e-30
iemocap,20260920,2,0.0,dominance,center_only,2.3127374335360352e-30
iemocap,20260920,2,0.0,valence,hybrid,0.03007941436608391
iemocap,20260920,2,0.0,arousal,hybrid,0.4126502704227975
iemocap,20260920,2,0.0,dominance,hybrid,0.2776259305353182
iemocap,20260920,2,0.25,valence,absolute,0.030221319289613666
iemocap,20260920,2,0.25,arousal,absolute,0.3249873075275221
iemocap,20260920,2,0.25,dominance,absolute,0.25069203967254555
iemocap,20260920,2,0.25,valence,relative,0.02997473994271458
iemocap,20260920,2,0.25,arousal,relative,0.4091234070440575
iemocap,20260920,2,0.25,dominance,relative,0.27567794046017774
iemocap,20260920,2,0.25,valence,center_only,-0.0002847190302261956
iemocap,20260920,2,0.25,arousal,center_only,0.002653867135953669
iemocap,20260920,2,0.25,dominance,center_only,0.0010482899020657142
iemocap,20260920,2,0.25,valence,hybrid,0.02980030813444904
iemocap,20260920,2,0.25,arousal,hybrid,0.4108156049143068
iemocap,20260920,2,0.25,dominance,hybrid,0.2790088318238081
iemocap,20260920,2,0.5,valence,absolute,0.030359434068502986
iemocap,20260920,2,0.5,arousal,absolute,0.3460509082498487
iemocap,20260920,2,0.5,dominance,absolute,0.2589130248459886
iemocap,20260920,2,0.5,valence,relative,0.029887737600841166
iemocap,20260920,2,0.5,arousal,relative,0.40269647252108787
iemocap,20260920,2,0.5,dominance,relative,0.2715172103705632
iemocap,20260920,2,0.5,valence,center_only,-0.001137804602798686
iemocap,20260920,2,0.5,arousal,center_only,0.010217493035710536
iemocap,20260920,2,0.5,dominance,center_only,0.0041694187154843266
iemocap,20260920,2,0.5,valence,hybrid,0.028941356976399577
iemocap,20260920,2,0.5,arousal,hybrid,0.4048827137829412
iemocap,20260920,2,0.5,dominance,hybrid,0.2812951733310712
iemocap,20260920,2,0.75,valence,absolute,0.030231859356412014
iemocap,20260920,2,0.75,arousal,absolute,0.36246436020211553
iemocap,20260920,2,0.75,dominance,absolute,0.26404316541625056
iemocap,20260920,2,0.75,valence,relative,0.029788594222197554
iemocap,20260920,2,0.75,arousal,relative,0.393237364742353
iemocap,20260920,2,0.75,dominance,relative,0.26489410446104367
iemocap,20260920,2,0.75,valence,center_only,-0.002556060641701253
iemocap,20260920,2,0.75,arousal,center_only,0.021637135472985364
iemocap,20260920,2,0.75,dominance,center_only,0.009293567344396587
iemocap,20260920,2,0.75,valence,hybrid,0.027505818374513935
iemocap,20260920,2,0.75,arousal,hybrid,0.39559241644924525
iemocap,20260920,2,0.75,dominance,hybrid,0.2844519848036404
iemocap,20260920,2,1.0,valence,absolute,0.029839308001297304
iemocap,20260920,2,1.0,arousal,absolute,0.37397098995505457
iemocap,20260920,2,1.0,dominance,absolute,0.2660018662741448
iemocap,20260920,2,1.0,valence,relative,0.02967731052304227
iemocap,20260920,2,1.0,arousal,relative,0.38114142072742235
iemocap,20260920,2,1.0,dominance,relative,0.2561854042354047
iemocap,20260920,2,1.0,valence,center_only,-0.004534182014987088
iemocap,20260920,2,1.0,arousal,center_only,0.035540826263400015
iemocap,20260920,2,1.0,dominance,center_only,0.016308596102462318
iemocap,20260920,2,1.0,valence,hybrid,0.025499045225810233
iemocap,20260920,2,1.0,arousal,hybrid,0.3839632926960019
iemocap,20260920,2,1.0,dominance,hybrid,0.2884157226648227
iemocap,20260920,3,0.0,valence,absolute,0.03826925758744826
iemocap,20260920,3,0.0,arousal,absolute,0.4080078006787715
iemocap,20260920,3,0.0,dominance,absolute,0.34242634847619446
iemocap,20260920,3,0.0,valence,relative,0.038761318831010576
iemocap,20260920,3,0.0,arousal,relative,0.5249507177451483
iemocap,20260920,3,0.0,dominance,relative,0.3817068755205646
iemocap,20260920,3,0.0,valence,center_only,4.202112929147158e-14
iemocap,20260920,3,0.0,arousal,center_only,0.0
iemocap,20260920,3,0.0,dominance,center_only,4.696437136844688e-31
iemocap,20260920,3,0.0,valence,hybrid,0.03879507616158929
iemocap,20260920,3,0.0,arousal,hybrid,0.525724601199602
iemocap,20260920,3,0.0,dominance,hybrid,0.38220732448272243
iemocap,20260920,3,0.25,valence,absolute,0.03831602982138092
iemocap,20260920,3,0.25,arousal,absolute,0.40506451321489334
iemocap,20260920,3,0.25,dominance,absolute,0.34421690034838937
iemocap,20260920,3,0.25,valence,relative,0.03860346559699568
iemocap,20260920,3,0.25,arousal,relative,0.5247038386589755
iemocap,20260920,3,0.25,dominance,relative,0.38387070913164895
iemocap,20260920,3,0.25,valence,center_only,-7.552221934992985e-06
iemocap,20260920,3,0.25,arousal,center_only,-0.00013883765128362897
iemocap,20260920,3,0.25,dominance,center_only,0.00011393202063972313
iemocap,20260920,3,0.25,valence,hybrid,0.03875845192678799
iemocap,20260920,3,0.25,arousal,hybrid,0.5274683117956362
iemocap,20260920,3,0.25,dominance,hybrid,0.38324178582255264
iemocap,20260920,3,0.5,valence,absolute,0.038460107436412844
iemocap,20260920,3,0.5,arousal,absolute,0.3986518436000303
iemocap,20260920,3,0.5,dominance,absolute,0.3438893361623204
iemocap,20260920,3,0.5,valence,relative,0.03843966012922108
iemocap,20260920,3,0.5,arousal,relative,0.5211649625018651
iemocap,20260920,3,0.5,dominance,relative,0.38477552610434135
iemocap,20260920,3,0.5,valence,center_only,-3.018244848397314e-05
iemocap,20260920,3,0.5,arousal,center_only,-0.0005527352545120212
iemocap,20260920,3,0.5,dominance,center_only,0.0004468544466460729
iemocap,20260920,3,0.5,valence,hybrid,0.03868469561452599
iemocap,20260920,3,0.5,arousal,hybrid,0.5278274373154966
iemocap,20260920,3,0.5,dominance,hybrid,0.38032624422746486
iemocap,20260920,3,0.75,valence,absolute,0.038701289028163145
iemocap,20260920,3,0.75,arousal,absolute,0.38900577470222253
iemocap,20260920,3,0.75,dominance,absolute,0.34152818352453257
iemocap,20260920,3,0.75,valence,relative,0.03827006118358559
iemocap,20260920,3,0.75,arousal,relative,0.5145385590769938
iemocap,20260920,3,0.75,dominance,relative,0.38442987903751485
iemocap,20260920,3,0.75,valence,center_only,-6.77989178050235e-05
iemocap,20260920,3,0.75,arousal,center_only,-0.0012340564299744355
iemocap,20260920,3,0.75,dominance,center_only,0.0009741906095880688
iemocap,20260920,3,0.75,valence,hybrid,0.038574201602332873
iemocap,20260920,3,0.75,arousal,hybrid,0.5268109720565116
iemocap,20260920,3,0.75,dominance,hybrid,0.37370516340413107
iemocap,20260920,3,1.0,valence,absolute,0.039038563874782675
iemocap,20260920,3,1.0,arousal,absolute,0.37645680518313757
iemocap,20260920,3,1.0,dominance,absolute,0.3372501831102673
iemocap,20260920,3,1.0,valence,relative,0.038094603343759775
iemocap,20260920,3,1.0,arousal,relative,0.5050669657958148
iemocap,20260920,3,1.0,dominance,relative,0.3828662803207984
iemocap,20260920,3,1.0,valence,center_only,-0.00012028020884901785
iemocap,20260920,3,1.0,arousal,center_only,-0.002170569855433704
iemocap,20260920,3,1.0,dominance,center_only,0.0016597250515125628
iemocap,20260920,3,1.0,valence,hybrid,0.038426855156608354
iemocap,20260920,3,1.0,arousal,hybrid,0.5244311772328805
iemocap,20260920,3,1.0,dominance,hybrid,0.36384214999276204
iemocap,20260920,4,0.0,valence,absolute,0.03057244633794505
iemocap,20260920,4,0.0,arousal,absolute,0.3206082666860903
iemocap,20260920,4,0.0,dominance,absolute,0.19040051147538847
iemocap,20260920,4,0.0,valence,relative,0.03334429330937963
iemocap,20260920,4,0.0,arousal,relative,0.45290934793036897
iemocap,20260920,4,0.0,dominance,relative,0.21331172066314688
iemocap,20260920,4,0.0,valence,center_only,3.218086017837092e-14
iemocap,20260920,4,0.0,arousal,center_only,0.0
iemocap,20260920,4,0.0,dominance,center_only,-2.1194390599781582e-32
iemocap,20260920,4,0.0,valence,hybrid,0.03335821565280761
iemocap,20260920,4,0.0,arousal,hybrid,0.45281644036769403
iemocap,20260920,4,0.0,dominance,hybrid,0.21355107967050893
iemocap,20260920,4,0.25,valence,absolute,0.03127416277236823
iemocap,20260920,4,0.25,arousal,absolute,0.32130677954811093
iemocap,20260920,4,0.25,dominance,absolute,0.19361855263248148
iemocap,20260920,4,0.25,valence,relative,0.03326402711991691
iemocap,20260920,4,0.25,arousal,relative,0.45094295184652394
iemocap,20260920,4,0.25,dominance,relative,0.2133028985984267
iemocap,20260920,4,0.25,valence,center_only,8.421023406403498e-05
iemocap,20260920,4,0.25,arousal,center_only,0.003209852728641585
iemocap,20260920,4,0.25,dominance,center_only,0.0009997539101975386
iemocap,20260920,4,0.25,valence,hybrid,0.03344174232678943
iemocap,20260920,4,0.25,arousal,hybrid,0.44955904880518727
iemocap,20260920,4,0.25,dominance,hybrid,0.21423750752207774
iemocap,20260920,4,0.5,valence,absolute,0.03194941262859198
iemocap,20260920,4,0.5,arousal,absolute,0.3183686257766068
iemocap,20260920,4,0.5,dominance,absolute,0.1958704358885836
iemocap,20260920,4,0.5,valence,relative,0.033125440721415815
iemocap,20260920,4,0.5,arousal,relative,0.4443936109896021
iemocap,20260920,4,0.5,dominance,relative,0.2125184052882962
iemocap,20260920,4,0.5,valence,center_only,0.0003361997000367969
iemocap,20260920,4,0.5,arousal,center_only,0.012459372018768754
iemocap,20260920,4,0.5,dominance,center_only,0.003978640074747705
iemocap,20260920,4,0.5,valence,hybrid,0.03364845140617322
iemocap,20260920,4,0.5,arousal,hybrid,0.44445224137361605
iemocap,20260920,4,0.5,dominance,hybrid,0.21601424901709343
iemocap,20260920,4,0.75,valence,absolute,0.032595998982530794
iemocap,20260920,4,0.75,arousal,absolute,0.3125523184363407
iemocap,20260920,4,0.75,dominance,absolute,0.19718271323680275
iemocap,20260920,4,0.75,valence,relative,0.03293050887123217
iemocap,20260920,4,0.75,arousal,relative,0.4336546541477882
iemocap,20260920,4,0.75,dominance,relative,0.21097497108751073
iemocap,20260920,4,0.75,valence,center_only,0.0007540697649919721
iemocap,20260920,4,0.75,arousal,center_only,0.026717485256345232
iemocap,20260920,4,0.75,dominance,center_only,0.008876459073050643
iemocap,20260920,4,0.75,valence,hybrid,0.03397740231369813
iemocap,20260920,4,0.75,arousal,hybrid,0.4378973123694482
iemocap,20260920,4,0.75,dominance,hybrid,0.2188418395980845
iemocap,20260920,4,1.0,valence,absolute,0.03321056558631032
iemocap,20260920,4,1.0,arousal,absolute,0.3045795547985173
iemocap,20260920,4,1.0,dominance,absolute,0.1976157817191261
iemocap,20260920,4,1.0,valence,relative,0.03268021352492847
iemocap,20260920,4,1.0,arousal,relative,0.41932000333638003
iemocap,20260920,4,1.0,dominance,relative,0.2087096092660464
iemocap,20260920,4,1.0,valence,center_only,0.0013346623754315347
iemocap,20260920,4,1.0,arousal,center_only,0.04456944585957363
iemocap,20260920,4,1.0,dominance,center_only,0.01559619983109245
iemocap,20260920,4,1.0,valence,hybrid,0.034425745029419974
iemocap,20260920,4,1.0,arousal,hybrid,0.43032844805497444
iemocap,20260920,4,1.0,dominance,hybrid,0.2226672284667149
iemocap,20260921,0,0.0,valence,absolute,0.04377354325999168
iemocap,20260921,0,0.0,arousal,absolute,0.409391144069128
iemocap,20260921,0,0.0,dominance,absolute,0.3564745417422363
iemocap,20260921,0,0.0,valence,relative,0.044885274735011575
iemocap,20260921,0,0.0,arousal,relative,0.486808492196649
iemocap,20260921,0,0.0,dominance,relative,0.38172047978202733
iemocap,20260921,0,0.0,valence,center_only,2.846659134119674e-14
iemocap,20260921,0,0.0,arousal,center_only,4.8605065175097087e-14
iemocap,20260921,0,0.0,dominance,center_only,9.877280911282763e-31
iemocap,20260921,0,0.0,valence,hybrid,0.04491952198886861
iemocap,20260921,0,0.0,arousal,hybrid,0.48789433062235116
iemocap,20260921,0,0.0,dominance,hybrid,0.3823201833499561
iemocap,20260921,0,0.25,valence,absolute,0.04485022849320015
iemocap,20260921,0,0.25,arousal,absolute,0.41551944233781224
iemocap,20260921,0,0.25,dominance,absolute,0.36379212837023445
iemocap,20260921,0,0.25,valence,relative,0.044793464923455865
iemocap,20260921,0,0.25,arousal,relative,0.48492713920728064
iemocap,20260921,0,0.25,dominance,relative,0.3816412810587794
iemocap,20260921,0,0.25,valence,center_only,0.0002152535777893582
iemocap,20260921,0,0.25,arousal,center_only,0.00238713673458068
iemocap,20260921,0,0.25,dominance,center_only,0.0017596212218181778
iemocap,20260921,0,0.25,valence,hybrid,0.04508890697189237
iemocap,20260921,0,0.25,arousal,hybrid,0.4876146158876057
iemocap,20260921,0,0.25,dominance,hybrid,0.3830134560141713
iemocap,20260921,0,0.5,valence,absolute,0.04586761664969632
iemocap,20260921,0,0.5,arousal,absolute,0.41892075725194944
iemocap,20260921,0,0.5,dominance,absolute,0.3701251300918646
iemocap,20260921,0,0.5,valence,relative,0.044616317069358646
iemocap,20260921,0,0.5,arousal,relative,0.4802419642839661
iemocap,20260921,0,0.5,dominance,relative,0.3806938833025043
iemocap,20260921,0,0.5,valence,center_only,0.0008569942909995747
iemocap,20260921,0,0.5,arousal,center_only,0.009441631075984535
iemocap,20260921,0,0.5,dominance,center_only,0.006979711749927393
iemocap,20260921,0,0.5,valence,hybrid,0.0455398774925915
iemocap,20260921,0,0.5,arousal,hybrid,0.488118026396017
iemocap,20260921,0,0.5,dominance,hybrid,0.3847655136837658
iemocap,20260921,0,0.75,valence,absolute,0.04681944245334444
iemocap,20260921,0,0.75,arousal,absolute,0.4197897495333493
iemocap,20260921,0,0.75,dominance,absolute,0.37544795048015256
iemocap,20260921,0,0.75,valence,relative,0.04435467388520829
iemocap,20260921,0,0.75,arousal,relative,0.4728994678866508
iemocap,20260921,0,0.75,dominance,relative,0.3788962174394144
iemocap,20260921,0,0.75,valence,center_only,0.0019133351283773196
iemocap,20260921,0,0.75,arousal,center_only,0.0208540705841179
iemocap,20260921,0,0.75,dominance,center_only,0.015488778982009826
iemocap,20260921,0,0.75,valence,hybrid,0.046263227995228084
iemocap,20260921,0,0.75,arousal,hybrid,0.4893718076842065
iemocap,20260921,0,0.75,dominance,hybrid,0.3875349334242595
iemocap,20260921,0,1.0,valence,absolute,0.04770354960934841
iemocap,20260921,0,1.0,arousal,absolute,0.41822578406264665
iemocap,20260921,0,1.0,dominance,absolute,0.37975088215587055
iemocap,20260921,0,1.0,valence,relative,0.04401211120054644
iemocap,20260921,0,1.0,arousal,relative,0.4631101617276741
iemocap,20260921,0,1.0,dominance,relative,0.37626683676542594
iemocap,20260921,0,1.0,valence,center_only,0.0033650811209824092
iemocap,20260921,0,1.0,arousal,center_only,0.03614635559537828
iemocap,20260921,0,1.0,dominance,center_only,0.027017923212377455
iemocap,20260921,0,1.0,valence,hybrid,0.047247193911989956
iemocap,20260921,0,1.0,arousal,hybrid,0.4913378884755726
iemocap,20260921,0,1.0,dominance,hybrid,0.3912668642027405
iemocap,20260921,1,0.0,valence,absolute,0.020293847921156585
iemocap,20260921,1,0.0,arousal,absolute,0.367658220936641
iemocap,20260921,1,0.0,dominance,absolute,0.25437173129933616
iemocap,20260921,1,0.0,valence,relative,0.02302008471156133
iemocap,20260921,1,0.0,arousal,relative,0.49952023914949817
iemocap,20260921,1,0.0,dominance,relative,0.28565474734076846
iemocap,20260921,1,0.0,valence,center_only,-7.046628259145883e-15
iemocap,20260921,1,0.0,arousal,center_only,1.3157322170476418e-30
iemocap,20260921,1,0.0,dominance,center_only,-3.981907527400329e-14
iemocap,20260921,1,0.0,valence,hybrid,0.022978182216314078
iemocap,20260921,1,0.0,arousal,hybrid,0.49976669538355667
iemocap,20260921,1,0.0,dominance,hybrid,0.2860895743819672
iemocap,20260921,1,0.25,valence,absolute,0.020338976921146522
iemocap,20260921,1,0.25,arousal,absolute,0.37131798302810637
iemocap,20260921,1,0.25,dominance,absolute,0.25757002094983683
iemocap,20260921,1,0.25,valence,relative,0.022977401857657002
iemocap,20260921,1,0.25,arousal,relative,0.4993929872487549
iemocap,20260921,1,0.25,dominance,relative,0.28457432268308497
iemocap,20260921,1,0.25,valence,center_only,0.00011292035150679487
iemocap,20260921,1,0.25,arousal,center_only,0.0005968279774653752
iemocap,20260921,1,0.25,dominance,center_only,0.001710680306968185
iemocap,20260921,1,0.25,valence,hybrid,0.023138328523727384
iemocap,20260921,1,0.25,arousal,hybrid,0.4995607911656447
iemocap,20260921,1,0.25,dominance,hybrid,0.2864286687861983
iemocap,20260921,1,0.5,valence,absolute,0.020377132447166737
iemocap,20260921,1,0.5,arousal,absolute,0.3743106150295714
iemocap,20260921,1,0.5,dominance,absolute,0.25611905022287174
iemocap,20260921,1,0.5,valence,relative,0.02289054163795156
iemocap,20260921,1,0.5,arousal,relative,0.4984297392640691
iemocap,20260921,1,0.5,dominance,relative,0.2787229092187937
iemocap,20260921,1,0.5,valence,center_only,0.0004506691826087365
iemocap,20260921,1,0.5,arousal,center_only,0.002380889820726925
iemocap,20260921,1,0.5,dominance,center_only,0.006671544495197536
iemocap,20260921,1,0.5,valence,hybrid,0.023483137148773904
iemocap,20260921,1,0.5,arousal,hybrid,0.49957360709449233
iemocap,20260921,1,0.5,dominance,hybrid,0.2855334197612355
iemocap,20260921,1,0.75,valence,absolute,0.020408104296436406
iemocap,20260921,1,0.75,arousal,absolute,0.37665298241355305
iemocap,20260921,1,0.75,dominance,absolute,0.2502075773513524
iemocap,20260921,1,0.75,valence,relative,0.022760528171766898
iemocap,20260921,1,0.75,arousal,relative,0.49663076781922166
iemocap,20260921,1,0.75,dominance,relative,0.2687646877152871
iemocap,20260921,1,0.75,valence,center_only,0.0010101997246931334
iemocap,20260921,1,0.75,arousal,center_only,0.0053331518147268775
iemocap,20260921,1,0.75,dominance,center_only,0.014411029684791661
iemocap,20260921,1,0.75,valence,hybrid,0.024010080859741663
iemocap,20260921,1,0.75,arousal,hybrid,0.4998182157326203
iemocap,20260921,1,0.75,dominance,hybrid,0.2835186909380963
iemocap,20260921,1,1.0,valence,absolute,0.02043174769015712
iemocap,20260921,1,1.0,arousal,absolute,0.3782816093924177
iemocap,20260921,1,1.0,dominance,absolute,0.2404913100597774
iemocap,20260921,1,1.0,valence,relative,0.022588568008749317
iemocap,20260921,1,1.0,arousal,relative,0.4940257393508056
iemocap,20260921,1,1.0,dominance,relative,0.2556230512273494
iemocap,20260921,1,1.0,valence,center_only,0.00178652211221146
iemocap,20260921,1,1.0,arousal,center_only,0.00942236434522643
iemocap,20260921,1,1.0,dominance,center_only,0.024260976404704742
iemocap,20260921,1,1.0,valence,hybrid,0.024714894031728652
iemocap,20260921,1,1.0,arousal,hybrid,0.5002744892566005
iemocap,20260921,1,1.0,dominance,hybrid,0.28055457578121945
iemocap,20260921,2,0.0,valence,absolute,0.03288980278492863
iemocap,20260921,2,0.0,arousal,absolute,0.4240021183896062
iemocap,20260921,2,0.0,dominance,absolute,0.2853487535780664
iemocap,20260921,2,0.0,valence,relative,0.03384887290704338
iemocap,20260921,2,0.0,arousal,relative,0.5506900079655164
iemocap,20260921,2,0.0,dominance,relative,0.3255165545400222
iemocap,20260921,2,0.0,valence,center_only,0.0
iemocap,20260921,2,0.0,arousal,center_only,0.0
iemocap,20260921,2,0.0,dominance,center_only,9.95645481635095e-15
iemocap,20260921,2,0.0,valence,hybrid,0.03387182134916205
iemocap,20260921,2,0.0,arousal,hybrid,0.5518694056494794
iemocap,20260921,2,0.0,dominance,hybrid,0.3260180832353048
iemocap,20260921,2,0.25,valence,absolute,0.03353949393481005
iemocap,20260921,2,0.25,arousal,absolute,0.4244963555797953
iemocap,20260921,2,0.25,dominance,absolute,0.28899683307538826
iemocap,20260921,2,0.25,valence,relative,0.03374650579188954
iemocap,20260921,2,0.25,arousal,relative,0.5476993174863917
iemocap,20260921,2,0.25,dominance,relative,0.32566196064709696
iemocap,20260921,2,0.25,valence,center_only,2.672739172796363e-07
iemocap,20260921,2,0.25,arousal,center_only,0.004167410690534009
iemocap,20260921,2,0.25,dominance,center_only,0.0007163111957044614
iemocap,20260921,2,0.25,valence,hybrid,0.03386180230539262
iemocap,20260921,2,0.25,arousal,hybrid,0.5513618290179992
iemocap,20260921,2,0.25,dominance,hybrid,0.3260908097931439
iemocap,20260921,2,0.5,valence,absolute,0.034186175098081424
iemocap,20260921,2,0.5,arousal,absolute,0.42033017773033754
iemocap,20260921,2,0.5,dominance,absolute,0.2903839100963502
iemocap,20260921,2,0.5,valence,relative,0.03364284016018198
iemocap,20260921,2,0.5,arousal,relative,0.5398796754764608
iemocap,20260921,2,0.5,dominance,relative,0.3240549766016667
iemocap,20260921,2,0.5,valence,center_only,1.068982256683689e-06
iemocap,20260921,2,0.5,arousal,center_only,0.016227947016223945
iemocap,20260921,2,0.5,dominance,center_only,0.0028098150229970854
iemocap,20260921,2,0.5,valence,hybrid,0.03384968047695965
iemocap,20260921,2,0.5,arousal,hybrid,0.5497066776476667
iemocap,20260921,2,0.5,dominance,hybrid,0.32374143809268224
iemocap,20260921,2,0.75,valence,absolute,0.03482961707518669
iemocap,20260921,2,0.75,arousal,absolute,0.41226947972674544
iemocap,20260921,2,0.75,dominance,absolute,0.28964860150948885
iemocap,20260921,2,0.75,valence,relative,0.033537808314838706
iemocap,20260921,2,0.75,arousal,relative,0.5275124494937484
iemocap,20260921,2,0.75,dominance,relative,0.3207366216470637
iemocap,20260921,2,0.75,valence,center_only,2.404753499928482e-06
iemocap,20260921,2,0.75,arousal,center_only,0.03496740029719034
iemocap,20260921,2,0.75,dominance,center_only,0.00612436983483648
iemocap,20260921,2,0.75,valence,hybrid,0.033835548233310135
iemocap,20260921,2,0.75,arousal,hybrid,0.5469852024230027
iemocap,20260921,2,0.75,dominance,hybrid,0.3191221112540918
iemocap,20260921,2,1.0,valence,absolute,0.035469953788427246
iemocap,20260921,2,1.0,arousal,absolute,0.4011606018983316
iemocap,20260921,2,1.0,dominance,absolute,0.2870079662319962
iemocap,20260921,2,1.0,valence,relative,0.033431570040450186
iemocap,20260921,2,1.0,arousal,relative,0.5111124601151525
iemocap,20260921,2,1.0,dominance,relative,0.3158078326744578
iemocap,20260921,2,1.0,valence,center_only,4.273951721069078e-06
iemocap,20260921,2,1.0,arousal,center_only,0.058685332549065675
iemocap,20260921,2,1.0,dominance,center_only,0.010430874271233055
iemocap,20260921,2,1.0,valence,hybrid,0.03381923574860125
iemocap,20260921,2,1.0,arousal,hybrid,0.5433599804000585
iemocap,20260921,2,1.0,dominance,hybrid,0.3125264559245199
iemocap,20260921,3,0.0,valence,absolute,0.025299476228730883
iemocap,20260921,3,0.0,arousal,absolute,0.30057525244025535
iemocap,20260921,3,0.0,dominance,absolute,0.2435375661878915
iemocap,20260921,3,0.0,valence,relative,0.02642088280710729
iemocap,20260921,3,0.0,arousal,relative,0.4026812654663683
iemocap,20260921,3,0.0,dominance,relative,0.2778521059995975
iemocap,20260921,3,0.0,valence,center_only,4.710930045515382e-14
iemocap,20260921,3,0.0,arousal,center_only,-1.4515668784995643e-14
iemocap,20260921,3,0.0,dominance,center_only,0.0
iemocap,20260921,3,0.0,valence,hybrid,0.026445927395310063
iemocap,20260921,3,0.0,arousal,hybrid,0.4029590796619888
iemocap,20260921,3,0.0,dominance,hybrid,0.2782183350210146
iemocap,20260921,3,0.25,valence,absolute,0.025855745093333295
iemocap,20260921,3,0.25,arousal,absolute,0.31435379869429647
iemocap,20260921,3,0.25,dominance,absolute,0.2549728209775133
iemocap,20260921,3,0.25,valence,relative,0.02632980291824767
iemocap,20260921,3,0.25,arousal,relative,0.40108910759512506
iemocap,20260921,3,0.25,dominance,relative,0.2769540044043517
iemocap,20260921,3,0.25,valence,center_only,8.337983625312946e-05
iemocap,20260921,3,0.25,arousal,center_only,0.0030325649629282226
iemocap,20260921,3,0.25,dominance,center_only,0.003036862080703381
iemocap,20260921,3,0.25,valence,hybrid,0.02651278332275066
iemocap,20260921,3,0.25,arousal,hybrid,0.4051178640469218
iemocap,20260921,3,0.25,dominance,hybrid,0.28048872690712007
iemocap,20260921,3,0.5,valence,absolute,0.026404573624870566
iemocap,20260921,3,0.5,arousal,absolute,0.32633881702779916
iemocap,20260921,3,0.5,dominance,absolute,0.26439424576078135
iemocap,20260921,3,0.5,valence,relative,0.026235933307395588
iemocap,20260921,3,0.5,arousal,relative,0.3967508799023963
iemocap,20260921,3,0.5,dominance,relative,0.27385726280667805
iemocap,20260921,3,0.5,valence,center_only,0.00033219316355748065
iemocap,20260921,3,0.5,arousal,center_only,0.01201298202280507
iemocap,20260921,3,0.5,dominance,center_only,0.012019965599679602
iemocap,20260921,3,0.5,valence,hybrid,0.026675220907997337
iemocap,20260921,3,0.5,arousal,hybrid,0.4100493156464564
iemocap,20260921,3,0.5,dominance,hybrid,0.28622875629712113
iemocap,20260921,3,0.75,valence,absolute,0.026945182480262238
iemocap,20260921,3,0.75,arousal,absolute,0.33619414639305395
iemocap,20260921,3,0.75,dominance,absolute,0.2714928126107484
iemocap,20260921,3,0.75,valence,relative,0.02613933237184251
iemocap,20260921,3,0.75,arousal,relative,0.38983163807774734
iemocap,20260921,3,0.75,dominance,relative,0.2687252972227323
iemocap,20260921,3,0.75,valence,center_only,0.000742562733519259
iemocap,20260921,3,0.75,arousal,center_only,0.026600750309709056
iemocap,20260921,3,0.75,dominance,center_only,0.026579975156513818
iemocap,20260921,3,0.75,valence,hybrid,0.02693086051961889
iemocap,20260921,3,0.75,arousal,hybrid,0.4176153884529033
iemocap,20260921,3,0.75,dominance,hybrid,0.29522924488334895
iemocap,20260921,3,1.0,valence,absolute,0.027476501484775973
iemocap,20260921,3,1.0,arousal,absolute,0.34355147933523555
iemocap,20260921,3,1.0,dominance,absolute,0.27608416957804244
iemocap,20260921,3,1.0,valence,relative,0.02603992878573733
iemocap,20260921,3,1.0,arousal,relative,0.3806492481249773
iemocap,20260921,3,1.0,dominance,relative,0.2618210716389334
iemocap,20260921,3,1.0,valence,center_only,0.001308155465461166
iemocap,20260921,3,1.0,arousal,center_only,0.04626355595594489
iemocap,20260921,3,1.0,dominance,center_only,0.04614199156487428
iemocap,20260921,3,1.0,valence,hybrid,0.027275154991961616
iemocap,20260921,3,1.0,arousal,hybrid,0.4275786738102838
iemocap,20260921,3,1.0,dominance,hybrid,0.30716969811125205
iemocap,20260921,4,0.0,valence,absolute,0.037984564227077695
iemocap,20260921,4,0.0,arousal,absolute,0.37447290385144255
iemocap,20260921,4,0.0,dominance,absolute,0.28717282149231527
iemocap,20260921,4,0.0,valence,relative,0.04086369054879278
iemocap,20260921,4,0.0,arousal,relative,0.4896075660666549
iemocap,20260921,4,0.0,dominance,relative,0.32555386828760535
iemocap,20260921,4,0.0,valence,center_only,-9.717102776666679e-15
iemocap,20260921,4,0.0,arousal,center_only,-1.1194849503958949e-14
iemocap,20260921,4,0.0,dominance,center_only,1.718666099282764e-30
iemocap,20260921,4,0.0,valence,hybrid,0.04088310550963106
iemocap,20260921,4,0.0,arousal,hybrid,0.4903551855296981
iemocap,20260921,4,0.0,dominance,hybrid,0.3261080031908857
iemocap,20260921,4,0.25,valence,absolute,0.037699800829636254
iemocap,20260921,4,0.25,arousal,absolute,0.3774046995534525
iemocap,20260921,4,0.25,dominance,absolute,0.2921607450235061
iemocap,20260921,4,0.25,valence,relative,0.040846070616721214
iemocap,20260921,4,0.25,arousal,relative,0.48890571071079064
iemocap,20260921,4,0.25,dominance,relative,0.32662725060519443
iemocap,20260921,4,0.25,valence,center_only,-0.0005409353727707229
iemocap,20260921,4,0.25,arousal,center_only,0.000304318347415578
iemocap,20260921,4,0.25,dominance,center_only,0.0027822049021251766
iemocap,20260921,4,0.25,valence,hybrid,0.040330654311069775
iemocap,20260921,4,0.25,arousal,hybrid,0.48861397484266644
iemocap,20260921,4,0.25,dominance,hybrid,0.3283489500761777
iemocap,20260921,4,0.5,valence,absolute,0.03717922576132649
iemocap,20260921,4,0.5,arousal,absolute,0.3783134241790673
iemocap,20260921,4,0.5,dominance,absolute,0.2964929163016012
iemocap,20260921,4,0.5,valence,relative,0.04080924075819554
iemocap,20260921,4,0.5,arousal,relative,0.48626743460085364
iemocap,20260921,4,0.5,dominance,relative,0.32723195748074807
iemocap,20260921,4,0.5,valence,center_only,-0.0021593551848184574
iemocap,20260921,4,0.5,arousal,center_only,0.0011895817971436752
iemocap,20260921,4,0.5,dominance,center_only,0.011012231252614427
iemocap,20260921,4,0.5,valence,hybrid,0.038671090829574255
iemocap,20260921,4,0.5,arousal,hybrid,0.4816374395836564
iemocap,20260921,4,0.5,dominance,hybrid,0.3332575740896486
iemocap,20260921,4,0.75,valence,absolute,0.03642392778469214
iemocap,20260921,4,0.75,arousal,absolute,0.37725092188788334
iemocap,20260921,4,0.75,dominance,absolute,0.3001642953769373
iemocap,20260921,4,0.75,valence,relative,0.04075298579703091
iemocap,20260921,4,0.75,arousal,relative,0.481744805024182
iemocap,20260921,4,0.75,dominance,relative,0.32736976803943646
iemocap,20260921,4,0.75,valence,center_only,-0.004842251296876261
iemocap,20260921,4,0.75,arousal,center_only,0.002578696393617202
iemocap,20260921,4,0.75,dominance,center_only,0.024352565240250017
iemocap,20260921,4,0.75,valence,hybrid,0.03591742053592537
iemocap,20260921,4,0.75,arousal,hybrid,0.4698924509612159
iemocap,20260921,4,0.75,dominance,hybrid,0.3406720009166968
iemocap,20260921,4,1.0,valence,absolute,0.03543581638356497
iemocap,20260921,4,1.0,arousal,absolute,0.37435722634764407
iemocap,20260921,4,1.0,dominance,absolute,0.303177828582859
iemocap,20260921,4,1.0,valence,relative,0.040677873890637525
iemocap,20260921,4,1.0,arousal,relative,0.4754705470140845
iemocap,20260921,4,1.0,dominance,relative,0.3270468734019885
iemocap,20260921,4,1.0,valence,center_only,-0.008568156511045272
iemocap,20260921,4,1.0,arousal,center_only,0.004361514993529346
iemocap,20260921,4,1.0,dominance,center_only,0.042278626239986364
iemocap,20260921,4,1.0,valence,hybrid,0.03209116553954205
iemocap,20260921,4,1.0,arousal,hybrid,0.4541726547343003
iemocap,20260921,4,1.0,dominance,hybrid,0.3503531988894791
iemocap,20260922,0,0.0,valence,absolute,0.04221762564829237
iemocap,20260922,0,0.0,arousal,absolute,0.3753354693580435
iemocap,20260922,0,0.0,dominance,absolute,0.31948057988287126
iemocap,20260922,0,0.0,valence,relative,0.04383500522749694
iemocap,20260922,0,0.0,arousal,relative,0.4772144269416502
iemocap,20260922,0,0.0,dominance,relative,0.354997662279265
iemocap,20260922,0,0.0,valence,center_only,4.236697810914991e-14
iemocap,20260922,0,0.0,arousal,center_only,3.0827931306086336e-14
iemocap,20260922,0,0.0,dominance,center_only,2.0779744451603348e-30
iemocap,20260922,0,0.0,valence,hybrid,0.04385829685355482
iemocap,20260922,0,0.0,arousal,hybrid,0.4780867725717663
iemocap,20260922,0,0.0,dominance,hybrid,0.35558370686280594
iemocap,20260922,0,0.25,valence,absolute,0.04163089295276448
iemocap,20260922,0,0.25,arousal,absolute,0.37703222751306126
iemocap,20260922,0,0.25,dominance,absolute,0.3248733077328489
iemocap,20260922,0,0.25,valence,relative,0.04375534012485466
iemocap,20260922,0,0.25,arousal,relative,0.4761834563464589
iemocap,20260922,0,0.25,dominance,relative,0.3552191295347894
iemocap,20260922,0,0.25,valence,center_only,-0.0002650184366821474
iemocap,20260922,0,0.25,arousal,center_only,0.0003912966506380993
iemocap,20260922,0,0.25,dominance,center_only,0.00010949435230267657
iemocap,20260922,0,0.25,valence,hybrid,0.04362468017663141
iemocap,20260922,0,0.25,arousal,hybrid,0.4778753341588302
iemocap,20260922,0,0.25,dominance,hybrid,0.35610951576533434
iemocap,20260922,0,0.5,valence,absolute,0.04104457793247945
iemocap,20260922,0,0.5,arousal,absolute,0.37471834877553417
iemocap,20260922,0,0.5,dominance,absolute,0.3286031690327029
iemocap,20260922,0,0.5,valence,relative,0.043667935242366514
iemocap,20260922,0,0.5,arousal,relative,0.4711067957396399
iemocap,20260922,0,0.5,dominance,relative,0.3539585553495417
iemocap,20260922,0,0.5,valence,center_only,-0.001058841574460117
iemocap,20260922,0,0.5,arousal,center_only,0.001555230005160073
iemocap,20260922,0,0.5,dominance,center_only,0.0004375817129318922
iemocap,20260922,0,0.5,valence,hybrid,0.04283626247578392
iemocap,20260922,0,0.5,arousal,hybrid,0.4766970582908817
iemocap,20260922,0,0.5,dominance,hybrid,0.3566337783417456
iemocap,20260922,0,0.75,valence,absolute,0.040458538155739084
iemocap,20260922,0,0.75,arousal,absolute,0.3687787921832197
iemocap,20260922,0,0.75,dominance,absolute,0.3306701357556877
iemocap,20260922,0,0.75,valence,relative,0.04357256710001162
iemocap,20260922,0,0.75,arousal,relative,0.4622276483121171
iemocap,20260922,0,0.75,dominance,relative,0.35125213133258054
iemocap,20260922,0,0.75,valence,center_only,-0.002377803385892182
iemocap,20260922,0,0.75,arousal,center_only,0.003462606923233413
iemocap,20260922,0,0.75,dominance,center_only,0.0009830856196229858
iemocap,20260922,0,0.75,valence,hybrid,0.041496806219840955
iemocap,20260922,0,0.75,arousal,hybrid,0.47457817064691876
iemocap,20260922,0,0.75,dominance,hybrid,0.3571552465576185
iemocap,20260922,0,1.0,valence,absolute,0.03987336715303617
iemocap,20260922,0,1.0,arousal,absolute,0.3597846814303135
iemocap,20260922,0,1.0,dominance,absolute,0.33112609424321904
iemocap,20260922,0,1.0,valence,relative,0.04346946759597656
iemocap,20260922,0,1.0,arousal,relative,0.4499824108142912
iemocap,20260922,0,1.0,dominance,relative,0.34717572224663856
iemocap,20260922,0,1.0,valence,center_only,-0.004215823057395594
iemocap,20260922,0,1.0,arousal,center_only,0.006067095028035789
iemocap,20260922,0,1.0,dominance,center_only,0.0017440206244713132
iemocap,20260922,0,1.0,valence,hybrid,0.03961231303965656
iemocap,20260922,0,1.0,arousal,hybrid,0.4715750988052583
iemocap,20260922,0,1.0,dominance,hybrid,0.35767143267626755
iemocap,20260922,1,0.0,valence,absolute,0.025299476228730883
iemocap,20260922,1,0.0,arousal,absolute,0.30057525244025535
iemocap,20260922,1,0.0,dominance,absolute,0.2435375661878915
iemocap,20260922,1,0.0,valence,relative,0.02642088280710729
iemocap,20260922,1,0.0,arousal,relative,0.4026812654663683
iemocap,20260922,1,0.0,dominance,relative,0.2778521059995975
iemocap,20260922,1,0.0,valence,center_only,4.710930045515382e-14
iemocap,20260922,1,0.0,arousal,center_only,-1.4515668784995643e-14
iemocap,20260922,1,0.0,dominance,center_only,0.0
iemocap,20260922,1,0.0,valence,hybrid,0.026445927395310063
iemocap,20260922,1,0.0,arousal,hybrid,0.4029590796619888
iemocap,20260922,1,0.0,dominance,hybrid,0.2782183350210146
iemocap,20260922,1,0.25,valence,absolute,0.025855745093333295
iemocap,20260922,1,0.25,arousal,absolute,0.31435379869429647
iemocap,20260922,1,0.25,dominance,absolute,0.2549728209775133
iemocap,20260922,1,0.25,valence,relative,0.02632980291824767
iemocap,20260922,1,0.25,arousal,relative,0.40108910759512506
iemocap,20260922,1,0.25,dominance,relative,0.2769540044043517
iemocap,20260922,1,0.25,valence,center_only,8.337983625312946e-05
iemocap,20260922,1,0.25,arousal,center_only,0.0030325649629282226
iemocap,20260922,1,0.25,dominance,center_only,0.003036862080703381
iemocap,20260922,1,0.25,valence,hybrid,0.02651278332275066
iemocap,20260922,1,0.25,arousal,hybrid,0.4051178640469218
iemocap,20260922,1,0.25,dominance,hybrid,0.28048872690712007
iemocap,20260922,1,0.5,valence,absolute,0.026404573624870566
iemocap,20260922,1,0.5,arousal,absolute,0.32633881702779916
iemocap,20260922,1,0.5,dominance,absolute,0.26439424576078135
iemocap,20260922,1,0.5,valence,relative,0.026235933307395588
iemocap,20260922,1,0.5,arousal,relative,0.3967508799023963
iemocap,20260922,1,0.5,dominance,relative,0.27385726280667805
iemocap,20260922,1,0.5,valence,center_only,0.00033219316355748065
iemocap,20260922,1,0.5,arousal,center_only,0.01201298202280507
iemocap,20260922,1,0.5,dominance,center_only,0.012019965599679602
iemocap,20260922,1,0.5,valence,hybrid,0.026675220907997337
iemocap,20260922,1,0.5,arousal,hybrid,0.4100493156464564
iemocap,20260922,1,0.5,dominance,hybrid,0.28622875629712113
iemocap,20260922,1,0.75,valence,absolute,0.026945182480262238
iemocap,20260922,1,0.75,arousal,absolute,0.33619414639305395
iemocap,20260922,1,0.75,dominance,absolute,0.2714928126107484
iemocap,20260922,1,0.75,valence,relative,0.02613933237184251
iemocap,20260922,1,0.75,arousal,relative,0.38983163807774734
iemocap,20260922,1,0.75,dominance,relative,0.2687252972227323
iemocap,20260922,1,0.75,valence,center_only,0.000742562733519259
iemocap,20260922,1,0.75,arousal,center_only,0.026600750309709056
iemocap,20260922,1,0.75,dominance,center_only,0.026579975156513818
iemocap,20260922,1,0.75,valence,hybrid,0.02693086051961889
iemocap,20260922,1,0.75,arousal,hybrid,0.4176153884529033
iemocap,20260922,1,0.75,dominance,hybrid,0.29522924488334895
iemocap,20260922,1,1.0,valence,absolute,0.027476501484775973
iemocap,20260922,1,1.0,arousal,absolute,0.34355147933523555
iemocap,20260922,1,1.0,dominance,absolute,0.27608416957804244
iemocap,20260922,1,1.0,valence,relative,0.02603992878573733
iemocap,20260922,1,1.0,arousal,relative,0.3806492481249773
iemocap,20260922,1,1.0,dominance,relative,0.2618210716389334
iemocap,20260922,1,1.0,valence,center_only,0.001308155465461166
iemocap,20260922,1,1.0,arousal,center_only,0.04626355595594489
iemocap,20260922,1,1.0,dominance,center_only,0.04614199156487428
iemocap,20260922,1,1.0,valence,hybrid,0.027275154991961616
iemocap,20260922,1,1.0,arousal,hybrid,0.4275786738102838
iemocap,20260922,1,1.0,dominance,hybrid,0.30716969811125205
iemocap,20260922,2,0.0,valence,absolute,0.03057244633794505
iemocap,20260922,2,0.0,arousal,absolute,0.3206082666860903
iemocap,20260922,2,0.0,dominance,absolute,0.19040051147538847
iemocap,20260922,2,0.0,valence,relative,0.03334429330937963
iemocap,20260922,2,0.0,arousal,relative,0.45290934793036897
iemocap,20260922,2,0.0,dominance,relative,0.21331172066314688
iemocap,20260922,2,0.0,valence,center_only,3.218086017837092e-14
iemocap,20260922,2,0.0,arousal,center_only,0.0
iemocap,20260922,2,0.0,dominance,center_only,-2.1194390599781582e-32
iemocap,20260922,2,0.0,valence,hybrid,0.03335821565280761
iemocap,20260922,2,0.0,arousal,hybrid,0.45281644036769403
iemocap,20260922,2,0.0,dominance,hybrid,0.21355107967050893
iemocap,20260922,2,0.25,valence,absolute,0.03127416277236823
iemocap,20260922,2,0.25,arousal,absolute,0.32130677954811093
iemocap,20260922,2,0.25,dominance,absolute,0.19361855263248148
iemocap,20260922,2,0.25,valence,relative,0.03326402711991691
iemocap,20260922,2,0.25,arousal,relative,0.45094295184652394
iemocap,20260922,2,0.25,dominance,relative,0.2133028985984267
iemocap,20260922,2,0.25,valence,center_only,8.421023406403498e-05
iemocap,20260922,2,0.25,arousal,center_only,0.003209852728641585
iemocap,20260922,2,0.25,dominance,center_only,0.0009997539101975386
iemocap,20260922,2,0.25,valence,hybrid,0.03344174232678943
iemocap,20260922,2,0.25,arousal,hybrid,0.44955904880518727
iemocap,20260922,2,0.25,dominance,hybrid,0.21423750752207774
iemocap,20260922,2,0.5,valence,absolute,0.03194941262859198
iemocap,20260922,2,0.5,arousal,absolute,0.3183686257766068
iemocap,20260922,2,0.5,dominance,absolute,0.1958704358885836
iemocap,20260922,2,0.5,valence,relative,0.033125440721415815
iemocap,20260922,2,0.5,arousal,relative,0.4443936109896021
iemocap,20260922,2,0.5,dominance,relative,0.2125184052882962
iemocap,20260922,2,0.5,valence,center_only,0.0003361997000367969
iemocap,20260922,2,0.5,arousal,center_only,0.012459372018768754
iemocap,20260922,2,0.5,dominance,center_only,0.003978640074747705
iemocap,20260922,2,0.5,valence,hybrid,0.03364845140617322
iemocap,20260922,2,0.5,arousal,hybrid,0.44445224137361605
iemocap,20260922,2,0.5,dominance,hybrid,0.21601424901709343
iemocap,20260922,2,0.75,valence,absolute,0.032595998982530794
iemocap,20260922,2,0.75,arousal,absolute,0.3125523184363407
iemocap,20260922,2,0.75,dominance,absolute,0.19718271323680275
iemocap,20260922,2,0.75,valence,relative,0.03293050887123217
iemocap,20260922,2,0.75,arousal,relative,0.4336546541477882
iemocap,20260922,2,0.75,dominance,relative,0.21097497108751073
iemocap,20260922,2,0.75,valence,center_only,0.0007540697649919721
iemocap,20260922,2,0.75,arousal,center_only,0.026717485256345232
iemocap,20260922,2,0.75,dominance,center_only,0.008876459073050643
iemocap,20260922,2,0.75,valence,hybrid,0.03397740231369813
iemocap,20260922,2,0.75,arousal,hybrid,0.4378973123694482
iemocap,20260922,2,0.75,dominance,hybrid,0.2188418395980845
iemocap,20260922,2,1.0,valence,absolute,0.03321056558631032
iemocap,20260922,2,1.0,arousal,absolute,0.3045795547985173
iemocap,20260922,2,1.0,dominance,absolute,0.1976157817191261
iemocap,20260922,2,1.0,valence,relative,0.03268021352492847
iemocap,20260922,2,1.0,arousal,relative,0.41932000333638003
iemocap,20260922,2,1.0,dominance,relative,0.2087096092660464
iemocap,20260922,2,1.0,valence,center_only,0.0013346623754315347
iemocap,20260922,2,1.0,arousal,center_only,0.04456944585957363
iemocap,20260922,2,1.0,dominance,center_only,0.01559619983109245
iemocap,20260922,2,1.0,valence,hybrid,0.034425745029419974
iemocap,20260922,2,1.0,arousal,hybrid,0.43032844805497444
iemocap,20260922,2,1.0,dominance,hybrid,0.2226672284667149
iemocap,20260922,3,0.0,valence,absolute,0.03510910540689248
iemocap,20260922,3,0.0,arousal,absolute,0.41782665928518326
iemocap,20260922,3,0.0,dominance,absolute,0.32650158610008234
iemocap,20260922,3,0.0,valence,relative,0.03504612324280777
iemocap,20260922,3,0.0,arousal,relative,0.49736244874853014
iemocap,20260922,3,0.0,dominance,relative,0.3523989959027942
iemocap,20260922,3,0.0,valence,center_only,1.1350311274209652e-14
iemocap,20260922,3,0.0,arousal,center_only,6.0327400471515904e-30
iemocap,20260922,3,0.0,dominance,center_only,1.4922820386105739e-30
iemocap,20260922,3,0.0,valence,hybrid,0.035080456846507825
iemocap,20260922,3,0.0,arousal,hybrid,0.4983171031789643
iemocap,20260922,3,0.0,dominance,hybrid,0.3529269158671222
iemocap,20260922,3,0.25,valence,absolute,0.0352442877163536
iemocap,20260922,3,0.25,arousal,absolute,0.43327152608110586
iemocap,20260922,3,0.25,dominance,absolute,0.33193404582105035
iemocap,20260922,3,0.25,valence,relative,0.03490479489584073
iemocap,20260922,3,0.25,arousal,relative,0.4951167065319697
iemocap,20260922,3,0.25,dominance,relative,0.3526193972847666
iemocap,20260922,3,0.25,valence,center_only,0.00020812033978147507
iemocap,20260922,3,0.25,arousal,center_only,-0.00393877914753953
iemocap,20260922,3,0.25,dominance,center_only,0.0001627281140966186
iemocap,20260922,3,0.25,valence,hybrid,0.03530193306956609
iemocap,20260922,3,0.25,arousal,hybrid,0.4935913590289175
iemocap,20260922,3,0.25,dominance,hybrid,0.3529377458186207
iemocap,20260922,3,0.5,valence,absolute,0.035440533096305814
iemocap,20260922,3,0.5,arousal,absolute,0.44661686488238567
iemocap,20260922,3,0.5,dominance,absolute,0.33698559327239297
iemocap,20260922,3,0.5,valence,relative,0.034666674294188425
iemocap,20260922,3,0.5,arousal,relative,0.49181224448654637
iemocap,20260922,3,0.5,dominance,relative,0.3525148999556178
iemocap,20260922,3,0.5,valence,center_only,0.0008290122393386038
iemocap,20260922,3,0.5,arousal,center_only,-0.015511807666474949
iemocap,20260922,3,0.5,dominance,center_only,0.0006480518566577399
iemocap,20260922,3,0.5,valence,hybrid,0.03582862468039554
iemocap,20260922,3,0.5,arousal,hybrid,0.4797059228971291
iemocap,20260922,3,0.5,dominance,hybrid,0.3523768744944903
iemocap,20260922,3,0.75,valence,absolute,0.035695721699321836
iemocap,20260922,3,0.75,arousal,absolute,0.45782334981850287
iemocap,20260922,3,0.75,dominance,absolute,0.3416462305993732
iemocap,20260922,3,0.75,valence,relative,0.034335109035953326
iemocap,20260922,3,0.75,arousal,relative,0.48747966916614216
iemocap,20260922,3,0.75,dominance,relative,0.35209653177800154
iemocap,20260922,3,0.75,valence,center_only,0.001852357979743332
iemocap,20260922,3,0.75,arousal,center_only,-0.034026127686074915
iemocap,20260922,3,0.75,dominance,center_only,0.001447518679434975
iemocap,20260922,3,0.75,valence,hybrid,0.03665260296092281
iemocap,20260922,3,0.75,arousal,hybrid,0.45726500957500393
iemocap,20260922,3,0.75,dominance,hybrid,0.35125564397343556
iemocap,20260922,3,1.0,valence,absolute,0.03600699029570822
iemocap,20260922,3,1.0,arousal,absolute,0.4668671555297364
iemocap,20260922,3,1.0,dominance,absolute,0.3459153917013077
iemocap,20260922,3,1.0,valence,relative,0.03391485143160082
iemocap,20260922,3,1.0,arousal,relative,0.48216611576209
iemocap,20260922,3,1.0,dominance,relative,0.3513674069730125
iemocap,20260922,3,1.0,valence,center_only,0.0032614616560153057
iemocap,20260922,3,1.0,arousal,center_only,-0.05843913412424625
iemocap,20260922,3,1.0,dominance,center_only,0.002547461774951317
iemocap,20260922,3,1.0,valence,hybrid,0.03776137512772586
iemocap,20260922,3,1.0,arousal,hybrid,0.42719595859092013
iemocap,20260922,3,1.0,dominance,hybrid,0.3495932221662914
iemocap,20260922,4,0.0,valence,absolute,0.027366242132495826
iemocap,20260922,4,0.0,arousal,absolute,0.4423270785586676
iemocap,20260922,4,0.0,dominance,absolute,0.3357533125455501
iemocap,20260922,4,0.0,valence,relative,0.029484951439251696
iemocap,20260922,4,0.0,arousal,relative,0.5765444230141522
iemocap,20260922,4,0.0,dominance,relative,0.3833056756515521
iemocap,20260922,4,0.0,valence,center_only,0.0
iemocap,20260922,4,0.0,arousal,center_only,1.5298563005070355e-14
iemocap,20260922,4,0.0,dominance,center_only,-1.4238355672710125e-15
iemocap,20260922,4,0.0,valence,hybrid,0.029505126339071867
iemocap,20260922,4,0.0,arousal,hybrid,0.5774915933347666
iemocap,20260922,4,0.0,dominance,hybrid,0.38384017267480025
iemocap,20260922,4,0.25,valence,absolute,0.027131063107477465
iemocap,20260922,4,0.25,arousal,absolute,0.4501461154626356
iemocap,20260922,4,0.25,dominance,absolute,0.34097977812747376
iemocap,20260922,4,0.25,valence,relative,0.029450753395666187
iemocap,20260922,4,0.25,arousal,relative,0.5762903529210066
iemocap,20260922,4,0.25,dominance,relative,0.38318950592499224
iemocap,20260922,4,0.25,valence,center_only,-1.068446576067944e-05
iemocap,20260922,4,0.25,arousal,center_only,0.00014985838751882467
iemocap,20260922,4,0.25,dominance,center_only,0.0007385698274829938
iemocap,20260922,4,0.25,valence,hybrid,0.029512720922849605
iemocap,20260922,4,0.25,arousal,hybrid,0.5793615142707983
iemocap,20260922,4,0.25,dominance,hybrid,0.38531534899573244
iemocap,20260922,4,0.5,valence,absolute,0.02688742109897572
iemocap,20260922,4,0.5,arousal,absolute,0.45714872362964065
iemocap,20260922,4,0.5,dominance,absolute,0.3401818736745748
iemocap,20260922,4,0.5,valence,relative,0.02941310407917611
iemocap,20260922,4,0.5,arousal,relative,0.57506827403805
iemocap,20260922,4,0.5,dominance,relative,0.376754898697964
iemocap,20260922,4,0.5,valence,center_only,-4.273793629055174e-05
iemocap,20260922,4,0.5,arousal,center_only,0.0005968137974191424
iemocap,20260922,4,0.5,dominance,center_only,0.0028920414027663478
iemocap,20260922,4,0.5,valence,hybrid,0.02949872622079453
iemocap,20260922,4,0.5,arousal,hybrid,0.5802394903058449
iemocap,20260922,4,0.5,dominance,hybrid,0.38345720187344456
iemocap,20260922,4,0.75,valence,absolute,0.026635349568202016
iemocap,20260922,4,0.75,arousal,absolute,0.4631972001487325
iemocap,20260922,4,0.75,dominance,absolute,0.3336988676159443
iemocap,20260922,4,0.75,valence,relative,0.02937214007693197
iemocap,20260922,4,0.75,arousal,relative,0.5729530976941977
iemocap,20260922,4,0.75,dominance,relative,0.36481040309752694
iemocap,20260922,4,0.75,valence,center_only,-9.6153633373718e-05
iemocap,20260922,4,0.75,arousal,center_only,0.0013330885320792278
iemocap,20260922,4,0.75,dominance,center_only,0.006286181833378777
iemocap,20260922,4,0.75,valence,hybrid,0.029463248145133736
iemocap,20260922,4,0.75,arousal,hybrid,0.5801125739078431
iemocap,20260922,4,0.75,dominance,hybrid,0.3785009065563883
iemocap,20260922,4,1.0,valence,absolute,0.026374963387622085
iemocap,20260922,4,1.0,arousal,absolute,0.4683446998175574
iemocap,20260922,4,1.0,dominance,absolute,0.32237726100969694
iemocap,20260922,4,1.0,valence,relative,0.029327706661990843
iemocap,20260922,4,1.0,arousal,relative,0.5699062721767575
iemocap,20260922,4,1.0,dominance,relative,0.3485324748078908
iemocap,20260922,4,1.0,valence,center_only,-0.00017092421341494485
iemocap,20260922,4,1.0,arousal,center_only,0.0023461985829595694
iemocap,20260922,4,1.0,dominance,center_only,0.010668326345835538
iemocap,20260922,4,1.0,valence,hybrid,0.029406196787999647
iemocap,20260922,4,1.0,arousal,hybrid,0.5790043026623111
iemocap,20260922,4,1.0,dominance,hybrid,0.370858781464907
