dataset,seed,fold,lambda,model_family,target,representation,ccc
msp,20260920,0,0.0,linear_ridge,valence,absolute,0.003059597309468695
msp,20260920,0,0.0,linear_ridge,arousal,absolute,0.09766208386556292
msp,20260920,0,0.0,linear_ridge,dominance,absolute,0.052500730254730954
msp,20260920,0,0.0,linear_ridge,valence,relative,0.006578762317128793
msp,20260920,0,0.0,linear_ridge,arousal,relative,0.23870277417856264
msp,20260920,0,0.0,linear_ridge,dominance,relative,0.1280706507344657
msp,20260920,0,0.0,linear_ridge,valence,hybrid,0.006620917483286925
msp,20260920,0,0.0,linear_ridge,arousal,hybrid,0.240073238634873
msp,20260920,0,0.0,linear_ridge,dominance,hybrid,0.12882700448848858
msp,20260920,0,0.0,quadratic_ridge,valence,absolute,0.006168448100597163
msp,20260920,0,0.0,quadratic_ridge,arousal,absolute,0.10178881956660209
msp,20260920,0,0.0,quadratic_ridge,dominance,absolute,0.05487917301410341
msp,20260920,0,0.0,quadratic_ridge,valence,relative,0.00880012184612795
msp,20260920,0,0.0,quadratic_ridge,arousal,relative,0.24175303022309447
msp,20260920,0,0.0,quadratic_ridge,dominance,relative,0.13175666696286317
msp,20260920,0,0.0,quadratic_ridge,valence,hybrid,0.011800706396799972
msp,20260920,0,0.0,quadratic_ridge,arousal,hybrid,0.24339457091998465
msp,20260920,0,0.0,quadratic_ridge,dominance,hybrid,0.1332358079693283
msp,20260920,0,0.25,linear_ridge,valence,absolute,0.0017224864312910138
msp,20260920,0,0.25,linear_ridge,arousal,absolute,0.16569219646059344
msp,20260920,0,0.25,linear_ridge,dominance,absolute,0.08895266076598989
msp,20260920,0,0.25,linear_ridge,valence,relative,0.006804787468987222
msp,20260920,0,0.25,linear_ridge,arousal,relative,0.2258952454736426
msp,20260920,0,0.25,linear_ridge,dominance,relative,0.12201485375054016
msp,20260920,0,0.25,linear_ridge,valence,hybrid,0.007132425888279814
msp,20260920,0,0.25,linear_ridge,arousal,hybrid,0.2534931890205057
msp,20260920,0,0.25,linear_ridge,dominance,hybrid,0.13635457887092647
msp,20260920,0,0.25,quadratic_ridge,valence,absolute,0.00582090548024568
msp,20260920,0,0.25,quadratic_ridge,arousal,absolute,0.1701887235617959
msp,20260920,0,0.25,quadratic_ridge,dominance,absolute,0.09184073771924545
msp,20260920,0,0.25,quadratic_ridge,valence,relative,0.009171875709952704
msp,20260920,0,0.25,quadratic_ridge,arousal,relative,0.22830721940972573
msp,20260920,0,0.25,quadratic_ridge,dominance,relative,0.12524976940177152
msp,20260920,0,0.25,quadratic_ridge,valence,hybrid,0.01291673418441737
msp,20260920,0,0.25,quadratic_ridge,arousal,hybrid,0.25664336304880153
msp,20260920,0,0.25,quadratic_ridge,dominance,hybrid,0.14010345506846342
msp,20260920,0,0.5,linear_ridge,valence,absolute,0.0007557879012468851
msp,20260920,0,0.5,linear_ridge,arousal,absolute,0.2259282801944278
msp,20260920,0,0.5,linear_ridge,dominance,absolute,0.12470492112656686
msp,20260920,0,0.5,linear_ridge,valence,relative,0.006811871805723095
msp,20260920,0,0.5,linear_ridge,arousal,relative,0.19921569947663115
msp,20260920,0,0.5,linear_ridge,dominance,relative,0.1100624697824962
msp,20260920,0,0.5,linear_ridge,valence,hybrid,0.008354779736902055
msp,20260920,0,0.5,linear_ridge,arousal,hybrid,0.27869517557860807
msp,20260920,0,0.5,linear_ridge,dominance,hybrid,0.1519405023556783
msp,20260920,0,0.5,quadratic_ridge,valence,absolute,0.0058805819965721965
msp,20260920,0,0.5,quadratic_ridge,arousal,absolute,0.23076648142277187
msp,20260920,0,0.5,quadratic_ridge,dominance,absolute,0.1280113262264373
msp,20260920,0,0.5,quadratic_ridge,valence,relative,0.009242943366041574
msp,20260920,0,0.5,quadratic_ridge,arousal,relative,0.20126100987422701
msp,20260920,0,0.5,quadratic_ridge,dominance,relative,0.11291378769175818
msp,20260920,0,0.5,quadratic_ridge,valence,hybrid,0.015184586500290623
msp,20260920,0,0.5,quadratic_ridge,arousal,hybrid,0.28209109934670007
msp,20260920,0,0.5,quadratic_ridge,dominance,hybrid,0.15507981961896986
msp,20260920,0,0.75,linear_ridge,valence,absolute,0.00019571353382355784
msp,20260920,0,0.75,linear_ridge,arousal,absolute,0.26965061139866653
msp,20260920,0,0.75,linear_ridge,dominance,absolute,0.1545249222920554
msp,20260920,0,0.75,linear_ridge,valence,relative,0.006627876371812374
msp,20260920,0,0.75,linear_ridge,arousal,relative,0.16699031538597162
msp,20260920,0,0.75,linear_ridge,dominance,relative,0.0951522275352817
msp,20260920,0,0.75,linear_ridge,valence,hybrid,0.010088678052569073
msp,20260920,0,0.75,linear_ridge,arousal,hybrid,0.3064945890664715
msp,20260920,0,0.75,linear_ridge,dominance,hybrid,0.17102430515954273
msp,20260920,0,0.75,quadratic_ridge,valence,absolute,0.006289380939033105
msp,20260920,0,0.75,quadratic_ridge,arousal,absolute,0.27475831877817297
msp,20260920,0,0.75,quadratic_ridge,dominance,absolute,0.15811764850458365
msp,20260920,0,0.75,quadratic_ridge,valence,relative,0.00904626170707185
msp,20260920,0,0.75,quadratic_ridge,arousal,relative,0.1689160049477008
msp,20260920,0,0.75,quadratic_ridge,dominance,relative,0.09772250305617113
msp,20260920,0,0.75,quadratic_ridge,valence,hybrid,0.01825401961992784
msp,20260920,0,0.75,quadratic_ridge,arousal,hybrid,0.3103996388110258
msp,20260920,0,0.75,quadratic_ridge,dominance,hybrid,0.17370086140766164
msp,20260920,0,1.0,linear_ridge,valence,absolute,6.713167619946344e-06
msp,20260920,0,1.0,linear_ridge,arousal,absolute,0.2974252984100475
msp,20260920,0,1.0,linear_ridge,dominance,absolute,0.176709323257453
msp,20260920,0,1.0,linear_ridge,valence,relative,0.006304780198342279
msp,20260920,0,1.0,linear_ridge,arousal,relative,0.13596810059009623
msp,20260920,0,1.0,linear_ridge,dominance,relative,0.08000037821399335
msp,20260920,0,1.0,linear_ridge,valence,hybrid,0.012096037989262402
msp,20260920,0,1.0,linear_ridge,arousal,hybrid,0.3310510363039935
msp,20260920,0,1.0,linear_ridge,dominance,hybrid,0.18977099159407282
msp,20260920,0,1.0,quadratic_ridge,valence,absolute,0.0069462859617272
msp,20260920,0,1.0,quadratic_ridge,arousal,absolute,0.3027303359347576
msp,20260920,0,1.0,quadratic_ridge,dominance,absolute,0.18046953703117696
msp,20260920,0,1.0,quadratic_ridge,valence,relative,0.008649856905559193
msp,20260920,0,1.0,quadratic_ridge,arousal,relative,0.1379448316999723
msp,20260920,0,1.0,quadratic_ridge,dominance,relative,0.0823924034514439
msp,20260920,0,1.0,quadratic_ridge,valence,hybrid,0.02172196212663833
msp,20260920,0,1.0,quadratic_ridge,arousal,hybrid,0.3355427998524139
msp,20260920,0,1.0,quadratic_ridge,dominance,hybrid,0.1921477977734593
msp,20260920,1,0.0,linear_ridge,valence,absolute,0.0019178946725404693
msp,20260920,1,0.0,linear_ridge,arousal,absolute,0.10076084577918301
msp,20260920,1,0.0,linear_ridge,dominance,absolute,0.05265173541746378
msp,20260920,1,0.0,linear_ridge,valence,relative,0.004133778057848234
msp,20260920,1,0.0,linear_ridge,arousal,relative,0.24843698633579028
msp,20260920,1,0.0,linear_ridge,dominance,relative,0.130728187253687
msp,20260920,1,0.0,linear_ridge,valence,hybrid,0.004159016087455099
msp,20260920,1,0.0,linear_ridge,arousal,hybrid,0.24978342847565996
msp,20260920,1,0.0,linear_ridge,dominance,hybrid,0.13144822091959207
msp,20260920,1,0.0,quadratic_ridge,valence,absolute,0.004817316292488405
msp,20260920,1,0.0,quadratic_ridge,arousal,absolute,0.10414138452566282
msp,20260920,1,0.0,quadratic_ridge,dominance,absolute,0.05373257134164859
msp,20260920,1,0.0,quadratic_ridge,valence,relative,0.006397193490035116
msp,20260920,1,0.0,quadratic_ridge,arousal,relative,0.2518470852919492
msp,20260920,1,0.0,quadratic_ridge,dominance,relative,0.13453540752082332
msp,20260920,1,0.0,quadratic_ridge,valence,hybrid,0.009113371457594553
msp,20260920,1,0.0,quadratic_ridge,arousal,hybrid,0.2526457882400202
msp,20260920,1,0.0,quadratic_ridge,dominance,hybrid,0.13515615380056092
msp,20260920,1,0.25,linear_ridge,valence,absolute,0.001007118496647844
msp,20260920,1,0.25,linear_ridge,arousal,absolute,0.1740173866157411
msp,20260920,1,0.25,linear_ridge,dominance,absolute,0.09159969697588746
msp,20260920,1,0.25,linear_ridge,valence,relative,0.00444299046154888
msp,20260920,1,0.25,linear_ridge,arousal,relative,0.23533485413521482
msp,20260920,1,0.25,linear_ridge,dominance,relative,0.1246827378355753
msp,20260920,1,0.25,linear_ridge,valence,hybrid,0.004699421568626707
msp,20260920,1,0.25,linear_ridge,arousal,hybrid,0.26527870462956743
msp,20260920,1,0.25,linear_ridge,dominance,hybrid,0.1404928240122303
msp,20260920,1,0.25,quadratic_ridge,valence,absolute,0.004676031994358558
msp,20260920,1,0.25,quadratic_ridge,arousal,absolute,0.17694421000752114
msp,20260920,1,0.25,quadratic_ridge,dominance,absolute,0.09250553569652749
msp,20260920,1,0.25,quadratic_ridge,valence,relative,0.006652169183835687
msp,20260920,1,0.25,quadratic_ridge,arousal,relative,0.2379510093844803
msp,20260920,1,0.25,quadratic_ridge,dominance,relative,0.12833946742477437
msp,20260920,1,0.25,quadratic_ridge,valence,hybrid,0.009563907533520327
msp,20260920,1,0.25,quadratic_ridge,arousal,hybrid,0.2681330355340387
msp,20260920,1,0.25,quadratic_ridge,dominance,hybrid,0.14383341394415228
msp,20260920,1,0.5,linear_ridge,valence,absolute,0.0003810017420826662
msp,20260920,1,0.5,linear_ridge,arousal,absolute,0.2410714925343432
msp,20260920,1,0.5,linear_ridge,dominance,absolute,0.13081102791442692
msp,20260920,1,0.5,linear_ridge,valence,relative,0.0046189878190821205
msp,20260920,1,0.5,linear_ridge,arousal,relative,0.20888245789625615
msp,20260920,1,0.5,linear_ridge,dominance,relative,0.11283594693274894
msp,20260920,1,0.5,linear_ridge,valence,hybrid,0.005813609333596964
msp,20260920,1,0.5,linear_ridge,arousal,hybrid,0.29691621179187583
msp,20260920,1,0.5,linear_ridge,dominance,hybrid,0.1601004997577017
msp,20260920,1,0.5,quadratic_ridge,valence,absolute,0.004710182694700166
msp,20260920,1,0.5,quadratic_ridge,arousal,absolute,0.24371233719043414
msp,20260920,1,0.5,quadratic_ridge,dominance,absolute,0.13154544267233645
msp,20260920,1,0.5,quadratic_ridge,valence,relative,0.0066999223179054
msp,20260920,1,0.5,quadratic_ridge,arousal,relative,0.2108254286933438
msp,20260920,1,0.5,quadratic_ridge,dominance,relative,0.11618197935293294
msp,20260920,1,0.5,quadratic_ridge,valence,hybrid,0.010221270015227732
msp,20260920,1,0.5,quadratic_ridge,arousal,hybrid,0.2999216764011043
msp,20260920,1,0.5,quadratic_ridge,dominance,hybrid,0.16299888720475178
msp,20260920,1,0.75,linear_ridge,valence,absolute,5.6399349498098404e-05
msp,20260920,1,0.75,linear_ridge,arousal,absolute,0.2917951065410566
msp,20260920,1,0.75,linear_ridge,dominance,absolute,0.16440778583226912
msp,20260920,1,0.75,linear_ridge,valence,relative,0.004663776930550402
msp,20260920,1,0.75,linear_ridge,arousal,relative,0.1766582266897995
msp,20260920,1,0.75,linear_ridge,dominance,relative,0.09797801940481195
msp,20260920,1,0.75,linear_ridge,valence,hybrid,0.007338662938340198
msp,20260920,1,0.75,linear_ridge,arousal,hybrid,0.33354294474961727
msp,20260920,1,0.75,linear_ridge,dominance,hybrid,0.18470182888914888
msp,20260920,1,0.75,quadratic_ridge,valence,absolute,0.0048955031595557304
msp,20260920,1,0.75,quadratic_ridge,arousal,absolute,0.29433022050616975
msp,20260920,1,0.75,quadratic_ridge,dominance,absolute,0.16499920123762543
msp,20260920,1,0.75,quadratic_ridge,valence,relative,0.00656196993642328
msp,20260920,1,0.75,quadratic_ridge,arousal,relative,0.1781401906537477
msp,20260920,1,0.75,quadratic_ridge,dominance,relative,0.1009302136899766
msp,20260920,1,0.75,quadratic_ridge,valence,hybrid,0.011004960440539075
msp,20260920,1,0.75,quadratic_ridge,arousal,hybrid,0.33671441718225065
msp,20260920,1,0.75,quadratic_ridge,dominance,hybrid,0.18713775535290372
msp,20260920,1,1.0,linear_ridge,valence,absolute,1.7507512222483927e-06
msp,20260920,1,1.0,linear_ridge,arousal,absolute,0.32564768068886046
msp,20260920,1,1.0,linear_ridge,dominance,absolute,0.190145969962605
msp,20260920,1,1.0,linear_ridge,valence,relative,0.00459847279164212
msp,20260920,1,1.0,linear_ridge,arousal,relative,0.14510139586251902
msp,20260920,1,1.0,linear_ridge,dominance,relative,0.08274760570870254
msp,20260920,1,1.0,linear_ridge,valence,hybrid,0.009082704359757164
msp,20260920,1,1.0,linear_ridge,arousal,hybrid,0.3672446640377017
msp,20260920,1,1.0,linear_ridge,dominance,hybrid,0.20938478182014789
msp,20260920,1,1.0,quadratic_ridge,valence,absolute,0.005189969718908871
msp,20260920,1,1.0,quadratic_ridge,arousal,absolute,0.32820443421222506
msp,20260920,1,1.0,quadratic_ridge,dominance,absolute,0.19063313179689087
msp,20260920,1,1.0,quadratic_ridge,valence,relative,0.0062831108279535796
msp,20260920,1,1.0,quadratic_ridge,arousal,relative,0.14633555022759756
msp,20260920,1,1.0,quadratic_ridge,dominance,relative,0.0852973131346504
msp,20260920,1,1.0,quadratic_ridge,valence,hybrid,0.011831796710348227
msp,20260920,1,1.0,quadratic_ridge,arousal,hybrid,0.370523589139874
msp,20260920,1,1.0,quadratic_ridge,dominance,hybrid,0.21137557987988223
msp,20260920,2,0.0,linear_ridge,valence,absolute,0.0024194128968475065
msp,20260920,2,0.0,linear_ridge,arousal,absolute,0.0962098846907171
msp,20260920,2,0.0,linear_ridge,dominance,absolute,0.05073907881652849
msp,20260920,2,0.0,linear_ridge,valence,relative,0.005901139513861292
msp,20260920,2,0.0,linear_ridge,arousal,relative,0.23618874141719914
msp,20260920,2,0.0,linear_ridge,dominance,relative,0.1247867924888113
msp,20260920,2,0.0,linear_ridge,valence,hybrid,0.005939236855819222
msp,20260920,2,0.0,linear_ridge,arousal,hybrid,0.23748445057605766
msp,20260920,2,0.0,linear_ridge,dominance,hybrid,0.12546976726452194
msp,20260920,2,0.0,quadratic_ridge,valence,absolute,0.005326263010542324
msp,20260920,2,0.0,quadratic_ridge,arousal,absolute,0.0992510065241546
msp,20260920,2,0.0,quadratic_ridge,dominance,absolute,0.05279827981115008
msp,20260920,2,0.0,quadratic_ridge,valence,relative,0.00934856116685581
msp,20260920,2,0.0,quadratic_ridge,arousal,relative,0.23935823529205452
msp,20260920,2,0.0,quadratic_ridge,dominance,relative,0.12757826670184505
msp,20260920,2,0.0,quadratic_ridge,valence,hybrid,0.011278898933258728
msp,20260920,2,0.0,quadratic_ridge,arousal,hybrid,0.24274433031222487
msp,20260920,2,0.0,quadratic_ridge,dominance,hybrid,0.12984478226078608
msp,20260920,2,0.25,linear_ridge,valence,absolute,0.0014477211635425373
msp,20260920,2,0.25,linear_ridge,arousal,absolute,0.16645121247179803
msp,20260920,2,0.25,linear_ridge,dominance,absolute,0.08871399862740997
msp,20260920,2,0.25,linear_ridge,valence,relative,0.005928867695513902
msp,20260920,2,0.25,linear_ridge,arousal,relative,0.2220560047382162
msp,20260920,2,0.25,linear_ridge,dominance,relative,0.11866094031023071
msp,20260920,2,0.25,linear_ridge,valence,hybrid,0.006010312190418619
msp,20260920,2,0.25,linear_ridge,arousal,hybrid,0.25047246652666766
msp,20260920,2,0.25,linear_ridge,dominance,hybrid,0.13358061004524238
msp,20260920,2,0.25,quadratic_ridge,valence,absolute,0.005250793970476032
msp,20260920,2,0.25,quadratic_ridge,arousal,absolute,0.16950519961365745
msp,20260920,2,0.25,quadratic_ridge,dominance,absolute,0.09126308425253897
msp,20260920,2,0.25,quadratic_ridge,valence,relative,0.00956156334192807
msp,20260920,2,0.25,quadratic_ridge,arousal,relative,0.22461939842077464
msp,20260920,2,0.25,quadratic_ridge,dominance,relative,0.1213170146892897
msp,20260920,2,0.25,quadratic_ridge,valence,hybrid,0.011889703009520677
msp,20260920,2,0.25,quadratic_ridge,arousal,hybrid,0.25626444421322486
msp,20260920,2,0.25,quadratic_ridge,dominance,hybrid,0.1379830604160874
msp,20260920,2,0.5,linear_ridge,valence,absolute,0.0005270879871800917
msp,20260920,2,0.5,linear_ridge,arousal,absolute,0.2292811824985356
msp,20260920,2,0.5,linear_ridge,dominance,absolute,0.12621809064992656
msp,20260920,2,0.5,linear_ridge,valence,relative,0.005750621093043236
msp,20260920,2,0.5,linear_ridge,arousal,relative,0.19424598011755367
msp,20260920,2,0.5,linear_ridge,dominance,relative,0.10633353511376287
msp,20260920,2,0.5,linear_ridge,valence,hybrid,0.006200239582279396
msp,20260920,2,0.5,linear_ridge,arousal,hybrid,0.2765612740031476
msp,20260920,2,0.5,linear_ridge,dominance,hybrid,0.15027534114182073
msp,20260920,2,0.5,quadratic_ridge,valence,absolute,0.005265284418633826
msp,20260920,2,0.5,quadratic_ridge,arousal,absolute,0.23261457332383553
msp,20260920,2,0.5,quadratic_ridge,dominance,absolute,0.12921257830021474
msp,20260920,2,0.5,quadratic_ridge,valence,relative,0.009444248342047615
msp,20260920,2,0.5,quadratic_ridge,arousal,relative,0.19634417357908054
msp,20260920,2,0.5,quadratic_ridge,dominance,relative,0.10886425442992854
msp,20260920,2,0.5,quadratic_ridge,valence,hybrid,0.013035512096474165
msp,20260920,2,0.5,quadratic_ridge,arousal,hybrid,0.28369347779326237
msp,20260920,2,0.5,quadratic_ridge,dominance,hybrid,0.15516045759615257
msp,20260920,2,0.75,linear_ridge,valence,absolute,-0.0002673551020884802
msp,20260920,2,0.75,linear_ridge,arousal,absolute,0.2751393625394867
msp,20260920,2,0.75,linear_ridge,dominance,absolute,0.1573273177344002
msp,20260920,2,0.75,linear_ridge,valence,relative,0.0054094617974692815
msp,20260920,2,0.75,linear_ridge,arousal,relative,0.16140381138127063
msp,20260920,2,0.75,linear_ridge,dominance,relative,0.09110075607579601
msp,20260920,2,0.75,linear_ridge,valence,hybrid,0.00647610569527908
msp,20260920,2,0.75,linear_ridge,arousal,hybrid,0.30601087027691815
msp,20260920,2,0.75,linear_ridge,dominance,hybrid,0.17049050891000453
msp,20260920,2,0.75,quadratic_ridge,valence,absolute,0.005356544061375677
msp,20260920,2,0.75,quadratic_ridge,arousal,absolute,0.27883424292408887
msp,20260920,2,0.75,quadratic_ridge,dominance,absolute,0.1606617441501478
msp,20260920,2,0.75,quadratic_ridge,valence,relative,0.009050804855619056
msp,20260920,2,0.75,quadratic_ridge,arousal,relative,0.16323780523551504
msp,20260920,2,0.75,quadratic_ridge,dominance,relative,0.09353707698375421
msp,20260920,2,0.75,quadratic_ridge,valence,hybrid,0.014541778796761957
msp,20260920,2,0.75,quadratic_ridge,arousal,hybrid,0.3146959445203586
msp,20260920,2,0.75,quadratic_ridge,dominance,hybrid,0.17610223181136453
msp,20260920,2,1.0,linear_ridge,valence,absolute,-0.0008967865254645123
msp,20260920,2,1.0,linear_ridge,arousal,absolute,0.30439366806780904
msp,20260920,2,1.0,linear_ridge,dominance,absolute,0.18020482173722335
msp,20260920,2,1.0,linear_ridge,valence,relative,0.004965254106674072
msp,20260920,2,1.0,linear_ridge,arousal,relative,0.13029279460378607
msp,20260920,2,1.0,linear_ridge,dominance,relative,0.07588125729244334
msp,20260920,2,1.0,linear_ridge,valence,hybrid,0.006798187640729755
msp,20260920,2,1.0,linear_ridge,arousal,hybrid,0.3323809651244475
msp,20260920,2,1.0,linear_ridge,dominance,hybrid,0.1900858690520806
msp,20260920,2,1.0,quadratic_ridge,valence,absolute,0.005501823712705272
msp,20260920,2,1.0,quadratic_ridge,arousal,absolute,0.30843970035036544
msp,20260920,2,1.0,quadratic_ridge,dominance,absolute,0.18377155345555396
msp,20260920,2,1.0,quadratic_ridge,valence,relative,0.008467906550266746
msp,20260920,2,1.0,quadratic_ridge,arousal,relative,0.13203495823209838
msp,20260920,2,1.0,quadratic_ridge,dominance,relative,0.07825802089412491
msp,20260920,2,1.0,quadratic_ridge,valence,hybrid,0.016213394442316297
msp,20260920,2,1.0,quadratic_ridge,arousal,hybrid,0.34245759839392503
msp,20260920,2,1.0,quadratic_ridge,dominance,hybrid,0.1964737980781731
msp,20260920,3,0.0,linear_ridge,valence,absolute,0.0019378245824817678
msp,20260920,3,0.0,linear_ridge,arousal,absolute,0.09534677935360926
msp,20260920,3,0.0,linear_ridge,dominance,absolute,0.04701723875533717
msp,20260920,3,0.0,linear_ridge,valence,relative,0.004526416234971443
msp,20260920,3,0.0,linear_ridge,arousal,relative,0.23056132547450423
msp,20260920,3,0.0,linear_ridge,dominance,relative,0.11611554398793827
msp,20260920,3,0.0,linear_ridge,valence,hybrid,0.004556975002789857
msp,20260920,3,0.0,linear_ridge,arousal,hybrid,0.23184809029327577
msp,20260920,3,0.0,linear_ridge,dominance,hybrid,0.11679529115190962
msp,20260920,3,0.0,quadratic_ridge,valence,absolute,0.004859719186924806
msp,20260920,3,0.0,quadratic_ridge,arousal,absolute,0.09883923813237729
msp,20260920,3,0.0,quadratic_ridge,dominance,absolute,0.048863138679235474
msp,20260920,3,0.0,quadratic_ridge,valence,relative,0.006779957635479111
msp,20260920,3,0.0,quadratic_ridge,arousal,relative,0.23391663314358394
msp,20260920,3,0.0,quadratic_ridge,dominance,relative,0.11956084970916644
msp,20260920,3,0.0,quadratic_ridge,valence,hybrid,0.009581042211645779
msp,20260920,3,0.0,quadratic_ridge,arousal,hybrid,0.23680723490288594
msp,20260920,3,0.0,quadratic_ridge,dominance,hybrid,0.1213356688711402
msp,20260920,3,0.25,linear_ridge,valence,absolute,0.0008861844406661555
msp,20260920,3,0.25,linear_ridge,arousal,absolute,0.16842177993836285
msp,20260920,3,0.25,linear_ridge,dominance,absolute,0.08631254833994857
msp,20260920,3,0.25,linear_ridge,valence,relative,0.004794670287933068
msp,20260920,3,0.25,linear_ridge,arousal,relative,0.21679942774819055
msp,20260920,3,0.25,linear_ridge,dominance,relative,0.1093078467418923
msp,20260920,3,0.25,linear_ridge,valence,hybrid,0.005051127766758011
msp,20260920,3,0.25,linear_ridge,arousal,hybrid,0.24718462221658025
msp,20260920,3,0.25,linear_ridge,dominance,hybrid,0.12566066232454948
msp,20260920,3,0.25,quadratic_ridge,valence,absolute,0.004717085008400547
msp,20260920,3,0.25,quadratic_ridge,arousal,absolute,0.17254874009888352
msp,20260920,3,0.25,quadratic_ridge,dominance,absolute,0.0889236706157634
msp,20260920,3,0.25,quadratic_ridge,valence,relative,0.007187579341386722
msp,20260920,3,0.25,quadratic_ridge,arousal,relative,0.2192074180315133
msp,20260920,3,0.25,quadratic_ridge,dominance,relative,0.11194606419220506
msp,20260920,3,0.25,quadratic_ridge,valence,hybrid,0.010718708003091434
msp,20260920,3,0.25,quadratic_ridge,arousal,hybrid,0.25309756725869775
msp,20260920,3,0.25,quadratic_ridge,dominance,hybrid,0.13043870028135784
msp,20260920,3,0.5,linear_ridge,valence,absolute,0.00019188626303367565
msp,20260920,3,0.5,linear_ridge,arousal,absolute,0.2344818851838306
msp,20260920,3,0.5,linear_ridge,dominance,absolute,0.12633056679468516
msp,20260920,3,0.5,linear_ridge,valence,relative,0.004911482187645756
msp,20260920,3,0.5,linear_ridge,arousal,relative,0.18968356072101578
msp,20260920,3,0.5,linear_ridge,dominance,relative,0.09709840002463928
msp,20260920,3,0.5,linear_ridge,valence,hybrid,0.006173360275088248
msp,20260920,3,0.5,linear_ridge,arousal,hybrid,0.2778680841757949
msp,20260920,3,0.5,linear_ridge,dominance,hybrid,0.14554149806195207
msp,20260920,3,0.5,quadratic_ridge,valence,absolute,0.004963215132352162
msp,20260920,3,0.5,quadratic_ridge,arousal,absolute,0.23917065448242858
msp,20260920,3,0.5,quadratic_ridge,dominance,absolute,0.12965388040699985
msp,20260920,3,0.5,quadratic_ridge,valence,relative,0.00737908272312858
msp,20260920,3,0.5,quadratic_ridge,arousal,relative,0.19131443709703516
msp,20260920,3,0.5,quadratic_ridge,dominance,relative,0.09899138496845057
msp,20260920,3,0.5,quadratic_ridge,valence,hybrid,0.01294456682349657
msp,20260920,3,0.5,quadratic_ridge,arousal,hybrid,0.28616776191853166
msp,20260920,3,0.5,quadratic_ridge,dominance,hybrid,0.1521091112992094
msp,20260920,3,0.75,linear_ridge,valence,absolute,-0.0001310026873091031
msp,20260920,3,0.75,linear_ridge,arousal,absolute,0.2832910261901325
msp,20260920,3,0.75,linear_ridge,dominance,absolute,0.16055170653476042
msp,20260920,3,0.75,linear_ridge,valence,relative,0.0048863963574900405
msp,20260920,3,0.75,linear_ridge,arousal,relative,0.15764186042145129
msp,20260920,3,0.75,linear_ridge,dominance,relative,0.08251152269946248
msp,20260920,3,0.75,linear_ridge,valence,hybrid,0.007745716274439621
msp,20260920,3,0.75,linear_ridge,arousal,hybrid,0.31216599278740886
msp,20260920,3,0.75,linear_ridge,dominance,hybrid,0.17020535342222498
msp,20260920,3,0.75,quadratic_ridge,valence,absolute,0.005527417848327666
msp,20260920,3,0.75,quadratic_ridge,arousal,absolute,0.28836986421639466
msp,20260920,3,0.75,quadratic_ridge,dominance,absolute,0.16443620784536098
msp,20260920,3,0.75,quadratic_ridge,valence,relative,0.007366016808826591
msp,20260920,3,0.75,quadratic_ridge,arousal,relative,0.15875317762634655
msp,20260920,3,0.75,quadratic_ridge,dominance,relative,0.08381632708446524
msp,20260920,3,0.75,quadratic_ridge,valence,hybrid,0.0159237975795482
msp,20260920,3,0.75,quadratic_ridge,arousal,hybrid,0.32311224987631165
msp,20260920,3,0.75,quadratic_ridge,dominance,hybrid,0.17930458941805663
msp,20260920,3,1.0,linear_ridge,valence,absolute,-0.00012914143656297036
msp,20260920,3,1.0,linear_ridge,arousal,absolute,0.3149580772797092
msp,20260920,3,1.0,linear_ridge,dominance,absolute,0.18657362238040626
msp,20260920,3,1.0,linear_ridge,valence,relative,0.004748620053599999
msp,20260920,3,1.0,linear_ridge,arousal,relative,0.12726677870913566
msp,20260920,3,1.0,linear_ridge,dominance,relative,0.06816204252869755
msp,20260920,3,1.0,linear_ridge,valence,hybrid,0.009556434440266385
msp,20260920,3,1.0,linear_ridge,arousal,hybrid,0.34256086754669834
msp,20260920,3,1.0,linear_ridge,dominance,hybrid,0.19444629607806846
msp,20260920,3,1.0,quadratic_ridge,valence,absolute,0.006303708814160997
msp,20260920,3,1.0,quadratic_ridge,arousal,absolute,0.3202681698509764
msp,20260920,3,1.0,quadratic_ridge,dominance,absolute,0.19085144632704376
msp,20260920,3,1.0,quadratic_ridge,valence,relative,0.007188683127539392
msp,20260920,3,1.0,quadratic_ridge,arousal,relative,0.12809797449776
msp,20260920,3,1.0,quadratic_ridge,dominance,relative,0.06905901437280092
msp,20260920,3,1.0,quadratic_ridge,valence,hybrid,0.01927232523715324
msp,20260920,3,1.0,quadratic_ridge,arousal,hybrid,0.35575826053893317
msp,20260920,3,1.0,quadratic_ridge,dominance,hybrid,0.2061229689867888
msp,20260920,4,0.0,linear_ridge,valence,absolute,0.0027359637405990167
msp,20260920,4,0.0,linear_ridge,arousal,absolute,0.0882038399954814
msp,20260920,4,0.0,linear_ridge,dominance,absolute,0.04439754957219013
msp,20260920,4,0.0,linear_ridge,valence,relative,0.005704914915547395
msp,20260920,4,0.0,linear_ridge,arousal,relative,0.2190246712436297
msp,20260920,4,0.0,linear_ridge,dominance,relative,0.11166562922569868
msp,20260920,4,0.0,linear_ridge,valence,hybrid,0.005738735551978228
msp,20260920,4,0.0,linear_ridge,arousal,hybrid,0.22024634234538842
msp,20260920,4,0.0,linear_ridge,dominance,hybrid,0.11229948784509125
msp,20260920,4,0.0,quadratic_ridge,valence,absolute,0.004555682733684351
msp,20260920,4,0.0,quadratic_ridge,arousal,absolute,0.09201437575059744
msp,20260920,4,0.0,quadratic_ridge,dominance,absolute,0.04622916797841261
msp,20260920,4,0.0,quadratic_ridge,valence,relative,0.00732462872906535
msp,20260920,4,0.0,quadratic_ridge,arousal,relative,0.22383935611714942
msp,20260920,4,0.0,quadratic_ridge,dominance,relative,0.11662519691590503
msp,20260920,4,0.0,quadratic_ridge,valence,hybrid,0.009144635797075747
msp,20260920,4,0.0,quadratic_ridge,arousal,hybrid,0.22632688750402066
msp,20260920,4,0.0,quadratic_ridge,dominance,hybrid,0.11859328298240111
msp,20260920,4,0.25,linear_ridge,valence,absolute,0.0014324693586447398
msp,20260920,4,0.25,linear_ridge,arousal,absolute,0.15417587410788117
msp,20260920,4,0.25,linear_ridge,dominance,absolute,0.07968183118192261
msp,20260920,4,0.25,linear_ridge,valence,relative,0.0061254973018785314
msp,20260920,4,0.25,linear_ridge,arousal,relative,0.20493311727190963
msp,20260920,4,0.25,linear_ridge,dominance,relative,0.10435973793805285
msp,20260920,4,0.25,linear_ridge,valence,hybrid,0.006455287049953442
msp,20260920,4,0.25,linear_ridge,arousal,hybrid,0.23293590352374066
msp,20260920,4,0.25,linear_ridge,dominance,hybrid,0.11926919910337255
msp,20260920,4,0.25,quadratic_ridge,valence,absolute,0.0036631729599912104
msp,20260920,4,0.25,quadratic_ridge,arousal,absolute,0.1581033527822982
msp,20260920,4,0.25,quadratic_ridge,dominance,absolute,0.08210247173452033
msp,20260920,4,0.25,quadratic_ridge,valence,relative,0.007846986211156997
msp,20260920,4,0.25,quadratic_ridge,arousal,relative,0.20880628937914125
msp,20260920,4,0.25,quadratic_ridge,dominance,relative,0.1090237592213169
msp,20260920,4,0.25,quadratic_ridge,valence,hybrid,0.010215443026497684
msp,20260920,4,0.25,quadratic_ridge,arousal,hybrid,0.23819857646832449
msp,20260920,4,0.25,quadratic_ridge,dominance,hybrid,0.12506719821759546
msp,20260920,4,0.5,linear_ridge,valence,absolute,0.000522797898263691
msp,20260920,4,0.5,linear_ridge,arousal,absolute,0.21399912162103166
msp,20260920,4,0.5,linear_ridge,dominance,absolute,0.11530868811980195
msp,20260920,4,0.5,linear_ridge,valence,relative,0.006309366556077358
msp,20260920,4,0.5,linear_ridge,arousal,relative,0.1785040680730244
msp,20260920,4,0.5,linear_ridge,dominance,relative,0.0920035669677175
msp,20260920,4,0.5,linear_ridge,valence,hybrid,0.00788784253438491
msp,20260920,4,0.5,linear_ridge,arousal,hybrid,0.2606435518910668
msp,20260920,4,0.5,linear_ridge,dominance,hybrid,0.13662842323780588
msp,20260920,4,0.5,quadratic_ridge,valence,absolute,0.0031708197748707458
msp,20260920,4,0.5,quadratic_ridge,arousal,absolute,0.2177305318070731
msp,20260920,4,0.5,quadratic_ridge,dominance,absolute,0.1181308323830748
msp,20260920,4,0.5,quadratic_ridge,valence,relative,0.00807727636753363
msp,20260920,4,0.5,quadratic_ridge,arousal,relative,0.18141803188362876
msp,20260920,4,0.5,quadratic_ridge,dominance,relative,0.09627183527555437
msp,20260920,4,0.5,quadratic_ridge,valence,hybrid,0.012146114221853816
msp,20260920,4,0.5,quadratic_ridge,arousal,hybrid,0.2642862451905969
msp,20260920,4,0.5,quadratic_ridge,dominance,hybrid,0.14186175531057627
msp,20260920,4,0.75,linear_ridge,valence,absolute,3.942295793912657e-05
msp,20260920,4,0.75,linear_ridge,arousal,absolute,0.2582971077994807
msp,20260920,4,0.75,linear_ridge,dominance,absolute,0.14556403844136243
msp,20260920,4,0.75,linear_ridge,valence,relative,0.006273613397046788
msp,20260920,4,0.75,linear_ridge,arousal,relative,0.14772060898635725
msp,20260920,4,0.75,linear_ridge,dominance,relative,0.07757374770849361
msp,20260920,4,0.75,linear_ridge,valence,hybrid,0.009784615235238705
msp,20260920,4,0.75,linear_ridge,arousal,hybrid,0.29299922420024915
msp,20260920,4,0.75,linear_ridge,dominance,hybrid,0.15896463976717812
msp,20260920,4,0.75,quadratic_ridge,valence,absolute,0.003067870930547311
msp,20260920,4,0.75,quadratic_ridge,arousal,absolute,0.26167997373001695
msp,20260920,4,0.75,quadratic_ridge,dominance,absolute,0.14859210703544595
msp,20260920,4,0.75,quadratic_ridge,valence,relative,0.008036295644399047
msp,20260920,4,0.75,quadratic_ridge,arousal,relative,0.1498125219040411
msp,20260920,4,0.75,quadratic_ridge,dominance,relative,0.08141864654548138
msp,20260920,4,0.75,quadratic_ridge,valence,hybrid,0.014611286908919772
msp,20260920,4,0.75,quadratic_ridge,arousal,hybrid,0.2948656530728183
msp,20260920,4,0.75,quadratic_ridge,dominance,hybrid,0.16369189893243793
msp,20260920,4,1.0,linear_ridge,valence,absolute,-6.934395203342589e-05
msp,20260920,4,1.0,linear_ridge,arousal,absolute,0.2870082854896335
msp,20260920,4,1.0,linear_ridge,dominance,absolute,0.16838217598755695
msp,20260920,4,1.0,linear_ridge,valence,relative,0.006070422374976745
msp,20260920,4,1.0,linear_ridge,arousal,relative,0.1187473971826599
msp,20260920,4,1.0,linear_ridge,dominance,relative,0.06356489593900978
msp,20260920,4,1.0,linear_ridge,valence,hybrid,0.011870694237488677
msp,20260920,4,1.0,linear_ridge,arousal,hybrid,0.3227090371143402
msp,20260920,4,1.0,linear_ridge,dominance,hybrid,0.1814919495474887
msp,20260920,4,1.0,quadratic_ridge,valence,absolute,0.0032763255832284855
msp,20260920,4,1.0,quadratic_ridge,arousal,absolute,0.2900103680457572
msp,20260920,4,1.0,quadratic_ridge,dominance,absolute,0.17146636574014582
msp,20260920,4,1.0,quadratic_ridge,valence,relative,0.007788147002992655
msp,20260920,4,1.0,quadratic_ridge,arousal,relative,0.12023213361261442
msp,20260920,4,1.0,quadratic_ridge,dominance,relative,0.06701890887925528
msp,20260920,4,1.0,quadratic_ridge,valence,hybrid,0.0172675613030656
msp,20260920,4,1.0,quadratic_ridge,arousal,hybrid,0.3230263180720525
msp,20260920,4,1.0,quadratic_ridge,dominance,hybrid,0.18582849756229752
msp,20260921,0,0.0,linear_ridge,valence,absolute,0.002619778072641855
msp,20260921,0,0.0,linear_ridge,arousal,absolute,0.09760147854856775
msp,20260921,0,0.0,linear_ridge,dominance,absolute,0.051401019002949785
msp,20260921,0,0.0,linear_ridge,valence,relative,0.005532644976181058
msp,20260921,0,0.0,linear_ridge,arousal,relative,0.24130272418691723
msp,20260921,0,0.0,linear_ridge,dominance,relative,0.12826591848971416
msp,20260921,0,0.0,linear_ridge,valence,hybrid,0.005567958771889425
msp,20260921,0,0.0,linear_ridge,arousal,hybrid,0.24269430287180194
msp,20260921,0,0.0,linear_ridge,dominance,hybrid,0.12904389221915807
msp,20260921,0,0.0,quadratic_ridge,valence,absolute,0.005738917389325813
msp,20260921,0,0.0,quadratic_ridge,arousal,absolute,0.1023074491273942
msp,20260921,0,0.0,quadratic_ridge,dominance,absolute,0.05386115110704205
msp,20260921,0,0.0,quadratic_ridge,valence,relative,0.008662157900678405
msp,20260921,0,0.0,quadratic_ridge,arousal,relative,0.24552620642167486
msp,20260921,0,0.0,quadratic_ridge,dominance,relative,0.1320666228547241
msp,20260921,0,0.0,quadratic_ridge,valence,hybrid,0.010743811748161728
msp,20260921,0,0.0,quadratic_ridge,arousal,hybrid,0.24882077215048476
msp,20260921,0,0.0,quadratic_ridge,dominance,hybrid,0.1343311356947134
msp,20260921,0,0.25,linear_ridge,valence,absolute,0.0016114688497280338
msp,20260921,0,0.25,linear_ridge,arousal,absolute,0.17015968474007212
msp,20260921,0,0.25,linear_ridge,dominance,absolute,0.09049377463793577
msp,20260921,0,0.25,linear_ridge,valence,relative,0.005731078623137189
msp,20260921,0,0.25,linear_ridge,arousal,relative,0.22766428639165887
msp,20260921,0,0.25,linear_ridge,dominance,relative,0.12152287869688695
msp,20260921,0,0.25,linear_ridge,valence,hybrid,0.006018599746092533
msp,20260921,0,0.25,linear_ridge,arousal,hybrid,0.25859825628890937
msp,20260921,0,0.25,linear_ridge,dominance,hybrid,0.1379848259686785
msp,20260921,0,0.25,quadratic_ridge,valence,absolute,0.005083185902195134
msp,20260921,0,0.25,quadratic_ridge,arousal,absolute,0.17532990478178304
msp,20260921,0,0.25,quadratic_ridge,dominance,absolute,0.09366907770226734
msp,20260921,0,0.25,quadratic_ridge,valence,relative,0.008975934344610432
msp,20260921,0,0.25,quadratic_ridge,arousal,relative,0.23104688878727953
msp,20260921,0,0.25,quadratic_ridge,dominance,relative,0.12482152495848424
msp,20260921,0,0.25,quadratic_ridge,valence,hybrid,0.011310908747531455
msp,20260921,0,0.25,quadratic_ridge,arousal,hybrid,0.26616840763509214
msp,20260921,0,0.25,quadratic_ridge,dominance,hybrid,0.14391922073404892
msp,20260921,0,0.5,linear_ridge,valence,absolute,0.000763071455937547
msp,20260921,0,0.5,linear_ridge,arousal,absolute,0.23615190261290298
msp,20260921,0,0.5,linear_ridge,dominance,absolute,0.13001185958975178
msp,20260921,0,0.5,linear_ridge,valence,relative,0.005729997980865194
msp,20260921,0,0.5,linear_ridge,arousal,relative,0.2002123788169449
msp,20260921,0,0.5,linear_ridge,dominance,relative,0.10901179032725916
msp,20260921,0,0.5,linear_ridge,valence,hybrid,0.006975943981883358
msp,20260921,0,0.5,linear_ridge,arousal,hybrid,0.29051359427738727
msp,20260921,0,0.5,linear_ridge,dominance,hybrid,0.1579037983934789
msp,20260921,0,0.5,quadratic_ridge,valence,absolute,0.004370029231986191
msp,20260921,0,0.5,quadratic_ridge,arousal,absolute,0.24178217469429658
msp,20260921,0,0.5,quadratic_ridge,dominance,absolute,0.13386232510762833
msp,20260921,0,0.5,quadratic_ridge,valence,relative,0.008969177320097072
msp,20260921,0,0.5,quadratic_ridge,arousal,relative,0.20284075267018598
msp,20260921,0,0.5,quadratic_ridge,dominance,relative,0.11182709235264862
msp,20260921,0,0.5,quadratic_ridge,valence,hybrid,0.0120996524979906
msp,20260921,0,0.5,quadratic_ridge,arousal,hybrid,0.3007889095530268
msp,20260921,0,0.5,quadratic_ridge,dominance,hybrid,0.165844815393899
msp,20260921,0,0.75,linear_ridge,valence,absolute,0.00013232279113849866
msp,20260921,0,0.75,linear_ridge,arousal,absolute,0.2852964040854111
msp,20260921,0,0.75,linear_ridge,dominance,absolute,0.1638692292424316
msp,20260921,0,0.75,linear_ridge,valence,relative,0.005557638134608914
msp,20260921,0,0.75,linear_ridge,arousal,relative,0.16737200082767434
msp,20260921,0,0.75,linear_ridge,dominance,relative,0.09372074228446213
msp,20260921,0,0.75,linear_ridge,valence,hybrid,0.008276981985245414
msp,20260921,0,0.75,linear_ridge,arousal,hybrid,0.3266753687135987
msp,20260921,0,0.75,linear_ridge,dominance,hybrid,0.18292703475117097
msp,20260921,0,0.75,quadratic_ridge,valence,absolute,0.0036750277615052417
msp,20260921,0,0.75,quadratic_ridge,arousal,absolute,0.29131153397766746
msp,20260921,0,0.75,quadratic_ridge,dominance,absolute,0.16826458653577217
msp,20260921,0,0.75,quadratic_ridge,valence,relative,0.008687735972224449
msp,20260921,0,0.75,quadratic_ridge,arousal,relative,0.16943767041309568
msp,20260921,0,0.75,quadratic_ridge,dominance,relative,0.09613398232585924
msp,20260921,0,0.75,quadratic_ridge,valence,hybrid,0.013002659842999037
msp,20260921,0,0.75,quadratic_ridge,arousal,hybrid,0.33973434647923556
msp,20260921,0,0.75,quadratic_ridge,dominance,hybrid,0.1934637249432607
msp,20260921,0,1.0,linear_ridge,valence,absolute,-0.0002730858872449693
msp,20260921,0,1.0,linear_ridge,arousal,absolute,0.31740351556683144
msp,20260921,0,1.0,linear_ridge,dominance,absolute,0.1897426400077928
msp,20260921,0,1.0,linear_ridge,valence,relative,0.0052648245825249705
msp,20260921,0,1.0,linear_ridge,arousal,relative,0.13592024239553285
msp,20260921,0,1.0,linear_ridge,dominance,relative,0.0783682277810723
msp,20260921,0,1.0,linear_ridge,valence,hybrid,0.009737238725453809
msp,20260921,0,1.0,linear_ridge,arousal,hybrid,0.3592537554260743
msp,20260921,0,1.0,linear_ridge,dominance,hybrid,0.20796137405640908
msp,20260921,0,1.0,quadratic_ridge,valence,absolute,0.00305354158179029
msp,20260921,0,1.0,quadratic_ridge,arousal,absolute,0.3237127892701622
msp,20260921,0,1.0,quadratic_ridge,dominance,absolute,0.1945355355250291
msp,20260921,0,1.0,quadratic_ridge,valence,relative,0.008213497323210249
msp,20260921,0,1.0,quadratic_ridge,arousal,relative,0.1376321952377059
msp,20260921,0,1.0,quadratic_ridge,dominance,relative,0.08048504044026301
msp,20260921,0,1.0,quadratic_ridge,valence,hybrid,0.01391772801634097
msp,20260921,0,1.0,quadratic_ridge,arousal,hybrid,0.3745753520879105
msp,20260921,0,1.0,quadratic_ridge,dominance,hybrid,0.2210489690611709
msp,20260921,1,0.0,linear_ridge,valence,absolute,0.002600292980869927
msp,20260921,1,0.0,linear_ridge,arousal,absolute,0.08462532036249908
msp,20260921,1,0.0,linear_ridge,dominance,absolute,0.042234755968117446
msp,20260921,1,0.0,linear_ridge,valence,relative,0.0051066331099230726
msp,20260921,1,0.0,linear_ridge,arousal,relative,0.2094789938996112
msp,20260921,1,0.0,linear_ridge,dominance,relative,0.10633766792885802
msp,20260921,1,0.0,linear_ridge,valence,hybrid,0.005138920415482371
msp,20260921,1,0.0,linear_ridge,arousal,hybrid,0.21069097388073943
msp,20260921,1,0.0,linear_ridge,dominance,hybrid,0.1069847402126176
msp,20260921,1,0.0,quadratic_ridge,valence,absolute,0.005310993445155325
msp,20260921,1,0.0,quadratic_ridge,arousal,absolute,0.08817097245987611
msp,20260921,1,0.0,quadratic_ridge,dominance,absolute,0.04402987680619129
msp,20260921,1,0.0,quadratic_ridge,valence,relative,0.006807289284946153
msp,20260921,1,0.0,quadratic_ridge,arousal,relative,0.2114023604928065
msp,20260921,1,0.0,quadratic_ridge,dominance,relative,0.10844210625767613
msp,20260921,1,0.0,quadratic_ridge,valence,hybrid,0.00943653919985731
msp,20260921,1,0.0,quadratic_ridge,arousal,hybrid,0.21289483945377097
msp,20260921,1,0.0,quadratic_ridge,dominance,hybrid,0.10929762041287547
msp,20260921,1,0.25,linear_ridge,valence,absolute,0.0012250201427665593
msp,20260921,1,0.25,linear_ridge,arousal,absolute,0.14225181729336372
msp,20260921,1,0.25,linear_ridge,dominance,absolute,0.07165558550636608
msp,20260921,1,0.25,linear_ridge,valence,relative,0.005367826174980572
msp,20260921,1,0.25,linear_ridge,arousal,relative,0.19971846609253807
msp,20260921,1,0.25,linear_ridge,dominance,relative,0.10160467492084747
msp,20260921,1,0.25,linear_ridge,valence,hybrid,0.005491542847027896
msp,20260921,1,0.25,linear_ridge,arousal,hybrid,0.2213108124437815
msp,20260921,1,0.25,linear_ridge,dominance,hybrid,0.11278299598771892
msp,20260921,1,0.25,quadratic_ridge,valence,absolute,0.004989078852384959
msp,20260921,1,0.25,quadratic_ridge,arousal,absolute,0.14566200313332725
msp,20260921,1,0.25,quadratic_ridge,dominance,absolute,0.07375787909449641
msp,20260921,1,0.25,quadratic_ridge,valence,relative,0.007176208206403436
msp,20260921,1,0.25,quadratic_ridge,arousal,relative,0.20131586644177238
msp,20260921,1,0.25,quadratic_ridge,dominance,relative,0.10385593269718682
msp,20260921,1,0.25,quadratic_ridge,valence,hybrid,0.010317365332019717
msp,20260921,1,0.25,quadratic_ridge,arousal,hybrid,0.22366067924396316
msp,20260921,1,0.25,quadratic_ridge,dominance,hybrid,0.1152193116040117
msp,20260921,1,0.5,linear_ridge,valence,absolute,0.0001929429235327319
msp,20260921,1,0.5,linear_ridge,arousal,absolute,0.19548169296699258
msp,20260921,1,0.5,linear_ridge,dominance,absolute,0.10116312596526536
msp,20260921,1,0.5,linear_ridge,valence,relative,0.005444892506574392
msp,20260921,1,0.5,linear_ridge,arousal,relative,0.1795353148110239
msp,20260921,1,0.5,linear_ridge,dominance,relative,0.092361862647215
msp,20260921,1,0.5,linear_ridge,valence,hybrid,0.0062523856833421225
msp,20260921,1,0.5,linear_ridge,arousal,hybrid,0.241476572134024
msp,20260921,1,0.5,linear_ridge,dominance,hybrid,0.12468997450931467
msp,20260921,1,0.5,quadratic_ridge,valence,absolute,0.005065681629138115
msp,20260921,1,0.5,quadratic_ridge,arousal,absolute,0.19870969109818434
msp,20260921,1,0.5,quadratic_ridge,dominance,absolute,0.10350934373324767
msp,20260921,1,0.5,quadratic_ridge,valence,relative,0.007308713781140045
msp,20260921,1,0.5,quadratic_ridge,arousal,relative,0.1809913741721514
msp,20260921,1,0.5,quadratic_ridge,dominance,relative,0.09474193446843017
msp,20260921,1,0.5,quadratic_ridge,valence,hybrid,0.012100994440009716
msp,20260921,1,0.5,quadratic_ridge,arousal,hybrid,0.24408597748137364
msp,20260921,1,0.5,quadratic_ridge,dominance,hybrid,0.12741660906993202
msp,20260921,1,0.75,linear_ridge,valence,absolute,-0.00044753207004046876
msp,20260921,1,0.75,linear_ridge,arousal,absolute,0.23677602447832674
msp,20260921,1,0.75,linear_ridge,dominance,absolute,0.12657630494229943
msp,20260921,1,0.75,linear_ridge,valence,relative,0.00535621698823496
msp,20260921,1,0.75,linear_ridge,arousal,relative,0.15429687912386636
msp,20260921,1,0.75,linear_ridge,dominance,relative,0.08069293143020559
msp,20260921,1,0.75,linear_ridge,valence,hybrid,0.007293549960971224
msp,20260921,1,0.75,linear_ridge,arousal,hybrid,0.2647679947634445
msp,20260921,1,0.75,linear_ridge,dominance,hybrid,0.13953600309262854
msp,20260921,1,0.75,quadratic_ridge,valence,absolute,0.0054786204647487595
msp,20260921,1,0.75,quadratic_ridge,arousal,absolute,0.23981983900694043
msp,20260921,1,0.75,quadratic_ridge,dominance,absolute,0.12908176566380555
msp,20260921,1,0.75,quadratic_ridge,valence,relative,0.007225337328810455
msp,20260921,1,0.75,quadratic_ridge,arousal,relative,0.15577593618046331
msp,20260921,1,0.75,quadratic_ridge,dominance,relative,0.08317012420101583
msp,20260921,1,0.75,quadratic_ridge,valence,hybrid,0.014495066854214094
msp,20260921,1,0.75,quadratic_ridge,arousal,hybrid,0.2677050838357731
msp,20260921,1,0.75,quadratic_ridge,dominance,hybrid,0.14265483127393888
msp,20260921,1,1.0,linear_ridge,valence,absolute,-0.0007242112113540523
msp,20260921,1,1.0,linear_ridge,arousal,absolute,0.2652344456056662
msp,20260921,1,1.0,linear_ridge,dominance,absolute,0.14620831513461127
msp,20260921,1,1.0,linear_ridge,valence,relative,0.005143690218795993
msp,20260921,1,1.0,linear_ridge,arousal,relative,0.12885538295968954
msp,20260921,1,1.0,linear_ridge,dominance,relative,0.06860859588278034
msp,20260921,1,1.0,linear_ridge,valence,hybrid,0.008468703950487422
msp,20260921,1,1.0,linear_ridge,arousal,hybrid,0.28642790026857584
msp,20260921,1,1.0,linear_ridge,dominance,hybrid,0.15448462973746335
msp,20260921,1,1.0,quadratic_ridge,valence,absolute,0.006123354077977872
msp,20260921,1,1.0,quadratic_ridge,arousal,absolute,0.2681160506549966
msp,20260921,1,1.0,quadratic_ridge,dominance,absolute,0.14879412716378235
msp,20260921,1,1.0,quadratic_ridge,valence,relative,0.00697792973771843
msp,20260921,1,1.0,quadratic_ridge,arousal,relative,0.13047019112299651
msp,20260921,1,1.0,quadratic_ridge,dominance,relative,0.07114967675596753
msp,20260921,1,1.0,quadratic_ridge,valence,hybrid,0.017170252968723865
msp,20260921,1,1.0,quadratic_ridge,arousal,hybrid,0.2896995650451397
msp,20260921,1,1.0,quadratic_ridge,dominance,hybrid,0.1580239170653158
msp,20260921,2,0.0,linear_ridge,valence,absolute,0.0010183126604429433
msp,20260921,2,0.0,linear_ridge,arousal,absolute,0.09994925750912986
msp,20260921,2,0.0,linear_ridge,dominance,absolute,0.05243654470582126
msp,20260921,2,0.0,linear_ridge,valence,relative,0.002973308890907223
msp,20260921,2,0.0,linear_ridge,arousal,relative,0.24323807207272863
msp,20260921,2,0.0,linear_ridge,dominance,relative,0.12704110347049954
msp,20260921,2,0.0,linear_ridge,valence,hybrid,0.0029946125731603527
msp,20260921,2,0.0,linear_ridge,arousal,hybrid,0.2445576014858015
msp,20260921,2,0.0,linear_ridge,dominance,hybrid,0.12771507748953292
msp,20260921,2,0.0,quadratic_ridge,valence,absolute,0.0026423105012524472
msp,20260921,2,0.0,quadratic_ridge,arousal,absolute,0.10051105189616864
msp,20260921,2,0.0,quadratic_ridge,dominance,absolute,0.05320085141335994
msp,20260921,2,0.0,quadratic_ridge,valence,relative,0.004911313848231684
msp,20260921,2,0.0,quadratic_ridge,arousal,relative,0.24581995381766736
msp,20260921,2,0.0,quadratic_ridge,dominance,relative,0.13109149469759557
msp,20260921,2,0.0,quadratic_ridge,valence,hybrid,0.006792282409443761
msp,20260921,2,0.0,quadratic_ridge,arousal,hybrid,0.24762732938289445
msp,20260921,2,0.0,quadratic_ridge,dominance,hybrid,0.13254341761557753
msp,20260921,2,0.25,linear_ridge,valence,absolute,9.466399585998702e-05
msp,20260921,2,0.25,linear_ridge,arousal,absolute,0.17489181701731468
msp,20260921,2,0.25,linear_ridge,dominance,absolute,0.093954589492177
msp,20260921,2,0.25,linear_ridge,valence,relative,0.0032166957150030766
msp,20260921,2,0.25,linear_ridge,arousal,relative,0.22635247160823346
msp,20260921,2,0.25,linear_ridge,dominance,relative,0.11854846971055143
msp,20260921,2,0.25,linear_ridge,valence,hybrid,0.003547798378907685
msp,20260921,2,0.25,linear_ridge,arousal,hybrid,0.25874825506202337
msp,20260921,2,0.25,linear_ridge,dominance,hybrid,0.1362948624829737
msp,20260921,2,0.25,quadratic_ridge,valence,absolute,0.0023365868201179166
msp,20260921,2,0.25,quadratic_ridge,arousal,absolute,0.17585836959716977
msp,20260921,2,0.25,quadratic_ridge,dominance,absolute,0.0951566196211317
msp,20260921,2,0.25,quadratic_ridge,valence,relative,0.005199018773530509
msp,20260921,2,0.25,quadratic_ridge,arousal,relative,0.228108366821028
msp,20260921,2,0.25,quadratic_ridge,dominance,relative,0.12219352742587902
msp,20260921,2,0.25,quadratic_ridge,valence,hybrid,0.0077228629869787666
msp,20260921,2,0.25,quadratic_ridge,arousal,hybrid,0.2616004553273782
msp,20260921,2,0.25,quadratic_ridge,dominance,hybrid,0.14074071506179373
msp,20260921,2,0.5,linear_ridge,valence,absolute,-0.0004331303639249945
msp,20260921,2,0.5,linear_ridge,arousal,absolute,0.24035837565337742
msp,20260921,2,0.5,linear_ridge,dominance,absolute,0.1344957103831428
msp,20260921,2,0.5,linear_ridge,valence,relative,0.0033604151311377992
msp,20260921,2,0.5,linear_ridge,arousal,relative,0.194540391983713
msp,20260921,2,0.5,linear_ridge,dominance,relative,0.10358373787899697
msp,20260921,2,0.5,linear_ridge,valence,hybrid,0.004890493666114566
msp,20260921,2,0.5,linear_ridge,arousal,hybrid,0.2888026336303409
msp,20260921,2,0.5,linear_ridge,dominance,hybrid,0.1565794242001042
msp,20260921,2,0.5,quadratic_ridge,valence,absolute,0.0025083963058123385
msp,20260921,2,0.5,quadratic_ridge,arousal,absolute,0.24213050031892858
msp,20260921,2,0.5,quadratic_ridge,dominance,absolute,0.13623577379259763
msp,20260921,2,0.5,quadratic_ridge,valence,relative,0.005330910034073627
msp,20260921,2,0.5,quadratic_ridge,arousal,relative,0.19574188389768235
msp,20260921,2,0.5,quadratic_ridge,dominance,relative,0.10683308126872294
msp,20260921,2,0.5,quadratic_ridge,valence,hybrid,0.00976121674242219
msp,20260921,2,0.5,quadratic_ridge,arousal,hybrid,0.2922745010584466
msp,20260921,2,0.5,quadratic_ridge,dominance,hybrid,0.16138868448785337
msp,20260921,2,0.75,linear_ridge,valence,absolute,-0.0005698198042324511
msp,20260921,2,0.75,linear_ridge,arousal,absolute,0.28633117026103766
msp,20260921,2,0.75,linear_ridge,dominance,absolute,0.16729880372159397
msp,20260921,2,0.75,linear_ridge,valence,relative,0.0034050578731651257
msp,20260921,2,0.75,linear_ridge,arousal,relative,0.15833058937833625
msp,20260921,2,0.75,linear_ridge,dominance,relative,0.08623573396217787
msp,20260921,2,0.75,linear_ridge,valence,hybrid,0.006810088529638208
msp,20260921,2,0.75,linear_ridge,arousal,hybrid,0.32253659959508507
msp,20260921,2,0.75,linear_ridge,dominance,hybrid,0.1816212761845618
msp,20260921,2,0.75,quadratic_ridge,valence,absolute,0.0030837703176119675
msp,20260921,2,0.75,quadratic_ridge,arousal,absolute,0.28899693134892124
msp,20260921,2,0.75,quadratic_ridge,dominance,absolute,0.16955922568496865
msp,20260921,2,0.75,quadratic_ridge,valence,relative,0.005315631751176144
msp,20260921,2,0.75,quadratic_ridge,arousal,relative,0.1592892136153786
msp,20260921,2,0.75,quadratic_ridge,dominance,relative,0.08916388262700374
msp,20260921,2,0.75,quadratic_ridge,valence,hybrid,0.012593387258691155
msp,20260921,2,0.75,quadratic_ridge,arousal,hybrid,0.3269870962763566
msp,20260921,2,0.75,quadratic_ridge,dominance,hybrid,0.18722514447832625
msp,20260921,2,1.0,linear_ridge,valence,absolute,-0.0003789433488241705
msp,20260921,2,1.0,linear_ridge,arousal,absolute,0.3142860521426601
msp,20260921,2,1.0,linear_ridge,dominance,absolute,0.19067683081466558
msp,20260921,2,1.0,linear_ridge,valence,relative,0.0033660894487277126
msp,20260921,2,1.0,linear_ridge,arousal,relative,0.12522478299899378
msp,20260921,2,1.0,linear_ridge,dominance,relative,0.06975014973945871
msp,20260921,2,1.0,linear_ridge,valence,hybrid,0.009049206495764493
msp,20260921,2,1.0,linear_ridge,arousal,hybrid,0.3522889240819445
msp,20260921,2,1.0,linear_ridge,dominance,hybrid,0.2058459800220942
msp,20260921,2,1.0,quadratic_ridge,valence,absolute,0.00394215801866361
msp,20260921,2,1.0,quadratic_ridge,arousal,absolute,0.31776144892386093
msp,20260921,2,1.0,quadratic_ridge,dominance,absolute,0.19338185786538842
msp,20260921,2,1.0,quadratic_ridge,valence,relative,0.005182335821376658
msp,20260921,2,1.0,quadratic_ridge,arousal,relative,0.1261696840907398
msp,20260921,2,1.0,quadratic_ridge,dominance,relative,0.07245020683659195
msp,20260921,2,1.0,quadratic_ridge,valence,hybrid,0.015847858475044486
msp,20260921,2,1.0,quadratic_ridge,arousal,hybrid,0.3577164952947276
msp,20260921,2,1.0,quadratic_ridge,dominance,hybrid,0.21236348080983775
msp,20260921,3,0.0,linear_ridge,valence,absolute,0.002650526987512917
msp,20260921,3,0.0,linear_ridge,arousal,absolute,0.09716740752042667
msp,20260921,3,0.0,linear_ridge,dominance,absolute,0.05066482797636988
msp,20260921,3,0.0,linear_ridge,valence,relative,0.006295285156697611
msp,20260921,3,0.0,linear_ridge,arousal,relative,0.23681491779955188
msp,20260921,3,0.0,linear_ridge,dominance,relative,0.12430336813327217
msp,20260921,3,0.0,linear_ridge,valence,hybrid,0.00633756128394396
msp,20260921,3,0.0,linear_ridge,arousal,hybrid,0.2381236393679186
msp,20260921,3,0.0,linear_ridge,dominance,hybrid,0.1250035528362332
msp,20260921,3,0.0,quadratic_ridge,valence,absolute,0.006012439657538033
msp,20260921,3,0.0,quadratic_ridge,arousal,absolute,0.10174453814484347
msp,20260921,3,0.0,quadratic_ridge,dominance,absolute,0.053329955737728564
msp,20260921,3,0.0,quadratic_ridge,valence,relative,0.008960049795615583
msp,20260921,3,0.0,quadratic_ridge,arousal,relative,0.24019234054540956
msp,20260921,3,0.0,quadratic_ridge,dominance,relative,0.12867322749338153
msp,20260921,3,0.0,quadratic_ridge,valence,hybrid,0.011573479995543102
msp,20260921,3,0.0,quadratic_ridge,arousal,hybrid,0.24327900608686293
msp,20260921,3,0.0,quadratic_ridge,dominance,hybrid,0.13127042522674337
msp,20260921,3,0.25,linear_ridge,valence,absolute,0.0016617256950061177
msp,20260921,3,0.25,linear_ridge,arousal,absolute,0.1701544405078038
msp,20260921,3,0.25,linear_ridge,dominance,absolute,0.08974031971094218
msp,20260921,3,0.25,linear_ridge,valence,relative,0.006549518024896242
msp,20260921,3,0.25,linear_ridge,arousal,relative,0.22367282329211818
msp,20260921,3,0.25,linear_ridge,dominance,relative,0.11824073486659331
msp,20260921,3,0.25,linear_ridge,valence,hybrid,0.0065627530976481545
msp,20260921,3,0.25,linear_ridge,arousal,hybrid,0.2533358851641478
msp,20260921,3,0.25,linear_ridge,dominance,hybrid,0.13354617065359617
msp,20260921,3,0.25,quadratic_ridge,valence,absolute,0.005674001268740793
msp,20260921,3,0.25,quadratic_ridge,arousal,absolute,0.1744771235938639
msp,20260921,3,0.25,quadratic_ridge,dominance,absolute,0.09274706418599177
msp,20260921,3,0.25,quadratic_ridge,valence,relative,0.009488135285246942
msp,20260921,3,0.25,quadratic_ridge,arousal,relative,0.22658422838336836
msp,20260921,3,0.25,quadratic_ridge,dominance,relative,0.12251070858021534
msp,20260921,3,0.25,quadratic_ridge,valence,hybrid,0.012122270113181847
msp,20260921,3,0.25,quadratic_ridge,arousal,hybrid,0.2584871710490161
msp,20260921,3,0.25,quadratic_ridge,dominance,hybrid,0.13911816307763492
msp,20260921,3,0.5,linear_ridge,valence,absolute,0.0007156819267425402
msp,20260921,3,0.5,linear_ridge,arousal,absolute,0.2351553209622002
msp,20260921,3,0.5,linear_ridge,dominance,absolute,0.12883654889371976
msp,20260921,3,0.5,linear_ridge,valence,relative,0.006593087097724999
msp,20260921,3,0.5,linear_ridge,arousal,relative,0.1962244725113869
msp,20260921,3,0.5,linear_ridge,dominance,relative,0.10624827377397915
msp,20260921,3,0.5,linear_ridge,valence,hybrid,0.006817709053766545
msp,20260921,3,0.5,linear_ridge,arousal,hybrid,0.28200123061842447
msp,20260921,3,0.5,linear_ridge,dominance,hybrid,0.15120697743657752
msp,20260921,3,0.5,quadratic_ridge,valence,absolute,0.005229923425208056
msp,20260921,3,0.5,quadratic_ridge,arousal,absolute,0.23907992724803784
msp,20260921,3,0.5,quadratic_ridge,dominance,absolute,0.13184968602873048
msp,20260921,3,0.5,quadratic_ridge,valence,relative,0.009699626155327231
msp,20260921,3,0.5,quadratic_ridge,arousal,relative,0.19866918680924225
msp,20260921,3,0.5,quadratic_ridge,dominance,relative,0.11028584299945102
msp,20260921,3,0.5,quadratic_ridge,valence,hybrid,0.012594197823526389
msp,20260921,3,0.5,quadratic_ridge,arousal,hybrid,0.2865142641555446
msp,20260921,3,0.5,quadratic_ridge,dominance,hybrid,0.1552345334703024
msp,20260921,3,0.75,linear_ridge,valence,absolute,-0.00010977221505662818
msp,20260921,3,0.75,linear_ridge,arousal,absolute,0.28222913910090736
msp,20260921,3,0.75,linear_ridge,dominance,absolute,0.16180326871775588
msp,20260921,3,0.75,linear_ridge,valence,relative,0.006449761981676346
msp,20260921,3,0.75,linear_ridge,arousal,relative,0.1633725915014498
msp,20260921,3,0.75,linear_ridge,dominance,relative,0.09138737396958665
msp,20260921,3,0.75,linear_ridge,valence,hybrid,0.007075743364121421
msp,20260921,3,0.75,linear_ridge,arousal,hybrid,0.3134115354019168
msp,20260921,3,0.75,linear_ridge,dominance,hybrid,0.17267030531083352
msp,20260921,3,0.75,quadratic_ridge,valence,absolute,0.0047333174384238666
msp,20260921,3,0.75,quadratic_ridge,arousal,absolute,0.2857454829397686
msp,20260921,3,0.75,quadratic_ridge,dominance,absolute,0.16458022265165181
msp,20260921,3,0.75,quadratic_ridge,valence,relative,0.009617506145647882
msp,20260921,3,0.75,quadratic_ridge,arousal,relative,0.16541167480227661
msp,20260921,3,0.75,quadratic_ridge,dominance,relative,0.09511351804959384
msp,20260921,3,0.75,quadratic_ridge,valence,hybrid,0.012957013534737022
msp,20260921,3,0.75,quadratic_ridge,arousal,hybrid,0.3170239059601373
msp,20260921,3,0.75,quadratic_ridge,dominance,hybrid,0.17478105231338947
msp,20260921,3,1.0,linear_ridge,valence,absolute,-0.000772486266518717
msp,20260921,3,1.0,linear_ridge,arousal,absolute,0.31202934569324325
msp,20260921,3,1.0,linear_ridge,dominance,absolute,0.1865409632963558
msp,20260921,3,1.0,linear_ridge,valence,relative,0.006168007316913093
msp,20260921,3,1.0,linear_ridge,arousal,relative,0.13212795485268827
msp,20260921,3,1.0,linear_ridge,dominance,relative,0.07642779714130732
msp,20260921,3,1.0,linear_ridge,valence,hybrid,0.007315538478042438
msp,20260921,3,1.0,linear_ridge,arousal,hybrid,0.34091072157814195
msp,20260921,3,1.0,linear_ridge,dominance,hybrid,0.19355778875671642
msp,20260921,3,1.0,quadratic_ridge,valence,absolute,0.004234553943358787
msp,20260921,3,1.0,quadratic_ridge,arousal,absolute,0.31519597653372916
msp,20260921,3,1.0,quadratic_ridge,dominance,absolute,0.18896352533785096
msp,20260921,3,1.0,quadratic_ridge,valence,relative,0.009306538766006877
msp,20260921,3,1.0,quadratic_ridge,arousal,relative,0.1338635679546301
msp,20260921,3,1.0,quadratic_ridge,dominance,relative,0.0798243844600099
msp,20260921,3,1.0,quadratic_ridge,valence,hybrid,0.013203578557281872
msp,20260921,3,1.0,quadratic_ridge,arousal,hybrid,0.3436327193799304
msp,20260921,3,1.0,quadratic_ridge,dominance,hybrid,0.19377624320335857
msp,20260921,4,0.0,linear_ridge,valence,absolute,0.0027717153256390705
msp,20260921,4,0.0,linear_ridge,arousal,absolute,0.09925109185443551
msp,20260921,4,0.0,linear_ridge,dominance,absolute,0.05064199687963204
msp,20260921,4,0.0,linear_ridge,valence,relative,0.006355281214045939
msp,20260921,4,0.0,linear_ridge,arousal,relative,0.24262738566164962
msp,20260921,4,0.0,linear_ridge,dominance,relative,0.12534239766465397
msp,20260921,4,0.0,linear_ridge,valence,hybrid,0.006392148532779806
msp,20260921,4,0.0,linear_ridge,arousal,hybrid,0.24392694168996884
msp,20260921,4,0.0,linear_ridge,dominance,hybrid,0.12601522703050216
msp,20260921,4,0.0,quadratic_ridge,valence,absolute,0.005661541104091882
msp,20260921,4,0.0,quadratic_ridge,arousal,absolute,0.1027851818979583
msp,20260921,4,0.0,quadratic_ridge,dominance,absolute,0.05130660102867234
msp,20260921,4,0.0,quadratic_ridge,valence,relative,0.009277562569966839
msp,20260921,4,0.0,quadratic_ridge,arousal,relative,0.24748599465806273
msp,20260921,4,0.0,quadratic_ridge,dominance,relative,0.12913763941775225
msp,20260921,4,0.0,quadratic_ridge,valence,hybrid,0.012464091630223094
msp,20260921,4,0.0,quadratic_ridge,arousal,hybrid,0.24844965714576991
msp,20260921,4,0.0,quadratic_ridge,dominance,hybrid,0.1301338574936502
msp,20260921,4,0.25,linear_ridge,valence,absolute,0.001307593370568506
msp,20260921,4,0.25,linear_ridge,arousal,absolute,0.17182120586666286
msp,20260921,4,0.25,linear_ridge,dominance,absolute,0.09005627808499574
msp,20260921,4,0.25,linear_ridge,valence,relative,0.006615119270059945
msp,20260921,4,0.25,linear_ridge,arousal,relative,0.22753999995606417
msp,20260921,4,0.25,linear_ridge,dominance,relative,0.1186133853522268
msp,20260921,4,0.25,linear_ridge,valence,hybrid,0.007017441489175057
msp,20260921,4,0.25,linear_ridge,arousal,hybrid,0.25763438245629827
msp,20260921,4,0.25,linear_ridge,dominance,hybrid,0.134714787397016
msp,20260921,4,0.25,quadratic_ridge,valence,absolute,0.005242211718408275
msp,20260921,4,0.25,quadratic_ridge,arousal,absolute,0.17575907643637734
msp,20260921,4,0.25,quadratic_ridge,dominance,absolute,0.09124776291170685
msp,20260921,4,0.25,quadratic_ridge,valence,relative,0.009528700224828011
msp,20260921,4,0.25,quadratic_ridge,arousal,relative,0.23133255739237077
msp,20260921,4,0.25,quadratic_ridge,dominance,relative,0.12187279280738396
msp,20260921,4,0.25,quadratic_ridge,valence,hybrid,0.013615298697372161
msp,20260921,4,0.25,quadratic_ridge,arousal,hybrid,0.2621528915814375
msp,20260921,4,0.25,quadratic_ridge,dominance,hybrid,0.13866182694473364
msp,20260921,4,0.5,linear_ridge,valence,absolute,0.0003122014441031261
msp,20260921,4,0.5,linear_ridge,arousal,absolute,0.23727074105616053
msp,20260921,4,0.5,linear_ridge,dominance,absolute,0.12972931128376605
msp,20260921,4,0.5,linear_ridge,valence,relative,0.006667534461396447
msp,20260921,4,0.5,linear_ridge,arousal,relative,0.1991590540148407
msp,20260921,4,0.5,linear_ridge,dominance,relative,0.10611815541430261
msp,20260921,4,0.5,linear_ridge,valence,hybrid,0.008552728322426267
msp,20260921,4,0.5,linear_ridge,arousal,hybrid,0.28753261070951847
msp,20260921,4,0.5,linear_ridge,dominance,hybrid,0.1544147409285586
msp,20260921,4,0.5,quadratic_ridge,valence,absolute,0.0053623131732865375
msp,20260921,4,0.5,quadratic_ridge,arousal,absolute,0.24157098746331193
msp,20260921,4,0.5,quadratic_ridge,dominance,absolute,0.13148425315445814
msp,20260921,4,0.5,quadratic_ridge,valence,relative,0.009487573051983583
msp,20260921,4,0.5,quadratic_ridge,arousal,relative,0.20205305150827493
msp,20260921,4,0.5,quadratic_ridge,dominance,relative,0.10890626090757395
msp,20260921,4,0.5,quadratic_ridge,valence,hybrid,0.016185262964613027
msp,20260921,4,0.5,quadratic_ridge,arousal,hybrid,0.29278420504797303
msp,20260921,4,0.5,quadratic_ridge,dominance,hybrid,0.1590058772467649
msp,20260921,4,0.75,linear_ridge,valence,absolute,-0.0001892642456119488
msp,20260921,4,0.75,linear_ridge,arousal,absolute,0.2857172630282255
msp,20260921,4,0.75,linear_ridge,dominance,absolute,0.16342373558823983
msp,20260921,4,0.75,linear_ridge,valence,relative,0.006534337541146728
msp,20260921,4,0.75,linear_ridge,arousal,relative,0.16579865767321597
msp,20260921,4,0.75,linear_ridge,dominance,relative,0.09091608251075578
msp,20260921,4,0.75,linear_ridge,valence,hybrid,0.010752548418485476
msp,20260921,4,0.75,linear_ridge,arousal,hybrid,0.32229355975068524
msp,20260921,4,0.75,linear_ridge,dominance,hybrid,0.1791115731903805
msp,20260921,4,0.75,quadratic_ridge,valence,absolute,0.005943584976345395
msp,20260921,4,0.75,quadratic_ridge,arousal,absolute,0.29025513930891056
msp,20260921,4,0.75,quadratic_ridge,dominance,absolute,0.1656793989538413
msp,20260921,4,0.75,quadratic_ridge,valence,relative,0.009194648464880424
msp,20260921,4,0.75,quadratic_ridge,arousal,relative,0.16806135401046624
msp,20260921,4,0.75,quadratic_ridge,dominance,relative,0.09334717511387296
msp,20260921,4,0.75,quadratic_ridge,valence,hybrid,0.019775079972008003
msp,20260921,4,0.75,quadratic_ridge,arousal,hybrid,0.32859329318259234
msp,20260921,4,0.75,quadratic_ridge,dominance,hybrid,0.1848378803035933
msp,20260921,4,1.0,linear_ridge,valence,absolute,-0.00025265603315097
msp,20260921,4,1.0,linear_ridge,arousal,absolute,0.31722788864894225
msp,20260921,4,1.0,linear_ridge,dominance,absolute,0.18890718306700738
msp,20260921,4,1.0,linear_ridge,valence,relative,0.006261265059475327
msp,20260921,4,1.0,linear_ridge,arousal,relative,0.13405713905176025
msp,20260921,4,1.0,linear_ridge,dominance,relative,0.07574050566289225
msp,20260921,4,1.0,linear_ridge,valence,hybrid,0.013319569744321384
msp,20260921,4,1.0,linear_ridge,arousal,hybrid,0.35404529013114344
msp,20260921,4,1.0,linear_ridge,dominance,hybrid,0.20364451265312097
msp,20260921,4,1.0,quadratic_ridge,valence,absolute,0.006852890417790959
msp,20260921,4,1.0,quadratic_ridge,arousal,absolute,0.32188977502366073
msp,20260921,4,1.0,quadratic_ridge,dominance,absolute,0.19155896551680632
msp,20260921,4,1.0,quadratic_ridge,valence,relative,0.008720523350844908
msp,20260921,4,1.0,quadratic_ridge,arousal,relative,0.13595047477368588
msp,20260921,4,1.0,quadratic_ridge,dominance,relative,0.07793619376116595
msp,20260921,4,1.0,quadratic_ridge,valence,hybrid,0.02391080047268664
msp,20260921,4,1.0,quadratic_ridge,arousal,hybrid,0.3613799473643178
msp,20260921,4,1.0,quadratic_ridge,dominance,hybrid,0.21065950044743229
msp,20260922,0,0.0,linear_ridge,valence,absolute,0.002158970719334892
msp,20260922,0,0.0,linear_ridge,arousal,absolute,0.09768638793268504
msp,20260922,0,0.0,linear_ridge,dominance,absolute,0.04980655872809176
msp,20260922,0,0.0,linear_ridge,valence,relative,0.004917339163956157
msp,20260922,0,0.0,linear_ridge,arousal,relative,0.23972851364099218
msp,20260922,0,0.0,linear_ridge,dominance,relative,0.1232644993310244
msp,20260922,0,0.0,linear_ridge,valence,hybrid,0.00494626603577436
msp,20260922,0,0.0,linear_ridge,arousal,hybrid,0.2410097630999313
msp,20260922,0,0.0,linear_ridge,dominance,hybrid,0.12390427158921832
msp,20260922,0,0.0,quadratic_ridge,valence,absolute,0.004805268142565086
msp,20260922,0,0.0,quadratic_ridge,arousal,absolute,0.10057162621560202
msp,20260922,0,0.0,quadratic_ridge,dominance,absolute,0.05251004168031383
msp,20260922,0,0.0,quadratic_ridge,valence,relative,0.00707519275250368
msp,20260922,0,0.0,quadratic_ridge,arousal,relative,0.24180208314102944
msp,20260922,0,0.0,quadratic_ridge,dominance,relative,0.12570135905199084
msp,20260922,0,0.0,quadratic_ridge,valence,hybrid,0.009942727442118228
msp,20260922,0,0.0,quadratic_ridge,arousal,hybrid,0.24401623010743487
msp,20260922,0,0.0,quadratic_ridge,dominance,hybrid,0.12769748680288648
msp,20260922,0,0.25,linear_ridge,valence,absolute,0.0013019006797706423
msp,20260922,0,0.25,linear_ridge,arousal,absolute,0.17058174693993128
msp,20260922,0,0.25,linear_ridge,dominance,absolute,0.08891639028324663
msp,20260922,0,0.25,linear_ridge,valence,relative,0.005179214703421064
msp,20260922,0,0.25,linear_ridge,arousal,relative,0.2240747680550887
msp,20260922,0,0.25,linear_ridge,dominance,relative,0.11597607725850283
msp,20260922,0,0.25,linear_ridge,valence,hybrid,0.00508124959694791
msp,20260922,0,0.25,linear_ridge,arousal,hybrid,0.2539016464426909
msp,20260922,0,0.25,linear_ridge,dominance,hybrid,0.13174134808395968
msp,20260922,0,0.25,quadratic_ridge,valence,absolute,0.004432277874553809
msp,20260922,0,0.25,quadratic_ridge,arousal,absolute,0.1737705514086949
msp,20260922,0,0.25,quadratic_ridge,dominance,absolute,0.09235130758319239
msp,20260922,0,0.25,quadratic_ridge,valence,relative,0.007319160713667914
msp,20260922,0,0.25,quadratic_ridge,arousal,relative,0.2259258402214348
msp,20260922,0,0.25,quadratic_ridge,dominance,relative,0.11856547385772828
msp,20260922,0,0.25,quadratic_ridge,valence,hybrid,0.010319442720265764
msp,20260922,0,0.25,quadratic_ridge,arousal,hybrid,0.25744185328005753
msp,20260922,0,0.25,quadratic_ridge,dominance,hybrid,0.1359235857185169
msp,20260922,0,0.5,linear_ridge,valence,absolute,0.000619277917487864
msp,20260922,0,0.5,linear_ridge,arousal,absolute,0.2366351884452011
msp,20260922,0,0.5,linear_ridge,dominance,absolute,0.12829133826869885
msp,20260922,0,0.5,linear_ridge,valence,relative,0.00528809639395061
msp,20260922,0,0.5,linear_ridge,arousal,relative,0.19525634187235638
msp,20260922,0,0.5,linear_ridge,dominance,relative,0.10298693489174632
msp,20260922,0,0.5,linear_ridge,valence,hybrid,0.005132018492880521
msp,20260922,0,0.5,linear_ridge,arousal,hybrid,0.28209106731998296
msp,20260922,0,0.5,linear_ridge,dominance,hybrid,0.14994776781970728
msp,20260922,0,0.5,quadratic_ridge,valence,absolute,0.004237561941780253
msp,20260922,0,0.5,quadratic_ridge,arousal,absolute,0.2401431331151054
msp,20260922,0,0.5,quadratic_ridge,dominance,absolute,0.13233891622108043
msp,20260922,0,0.5,quadratic_ridge,valence,relative,0.007336737576852733
msp,20260922,0,0.5,quadratic_ridge,arousal,relative,0.19709744829039283
msp,20260922,0,0.5,quadratic_ridge,dominance,relative,0.10572194731778245
msp,20260922,0,0.5,quadratic_ridge,valence,hybrid,0.01087141642758084
msp,20260922,0,0.5,quadratic_ridge,arousal,hybrid,0.2869250815583699
msp,20260922,0,0.5,quadratic_ridge,dominance,hybrid,0.15531220795641335
msp,20260922,0,0.75,linear_ridge,valence,absolute,0.00014572658257490996
msp,20260922,0,0.75,linear_ridge,arousal,absolute,0.28571831274738013
msp,20260922,0,0.75,linear_ridge,dominance,absolute,0.1616614270113765
msp,20260922,0,0.75,linear_ridge,valence,relative,0.005253781682640072
msp,20260922,0,0.75,linear_ridge,arousal,relative,0.1617461070634638
msp,20260922,0,0.75,linear_ridge,dominance,relative,0.08749751722243838
msp,20260922,0,0.75,linear_ridge,valence,hybrid,0.0051048246935219
msp,20260922,0,0.75,linear_ridge,arousal,hybrid,0.3146958171946672
msp,20260922,0,0.75,linear_ridge,dominance,hybrid,0.17282272169188326
msp,20260922,0,0.75,quadratic_ridge,valence,absolute,0.004215326137357247
msp,20260922,0,0.75,quadratic_ridge,arousal,absolute,0.28949377473217053
msp,20260922,0,0.75,quadratic_ridge,dominance,absolute,0.16613977788843007
msp,20260922,0,0.75,quadratic_ridge,valence,relative,0.007154019265678281
msp,20260922,0,0.75,quadratic_ridge,arousal,relative,0.16376105334221888
msp,20260922,0,0.75,quadratic_ridge,dominance,relative,0.09035745684805734
msp,20260922,0,0.75,quadratic_ridge,valence,hybrid,0.011530926694648775
msp,20260922,0,0.75,quadratic_ridge,arousal,hybrid,0.32098390468045856
msp,20260922,0,0.75,quadratic_ridge,dominance,hybrid,0.17970545964070592
msp,20260922,0,1.0,linear_ridge,valence,absolute,-0.00012202794110834363
msp,20260922,0,1.0,linear_ridge,arousal,absolute,0.31777378681892
msp,20260922,0,1.0,linear_ridge,dominance,absolute,0.18679940813892806
msp,20260922,0,1.0,linear_ridge,valence,relative,0.005105206755935647
msp,20260922,0,1.0,linear_ridge,arousal,relative,0.1301266127061333
msp,20260922,0,1.0,linear_ridge,dominance,relative,0.0722613092248511
msp,20260922,0,1.0,linear_ridge,valence,hybrid,0.0050163353504107805
msp,20260922,0,1.0,linear_ridge,arousal,hybrid,0.34428991351206545
msp,20260922,0,1.0,linear_ridge,dominance,hybrid,0.19548936115270224
msp,20260922,0,1.0,quadratic_ridge,valence,absolute,0.004335185422605136
msp,20260922,0,1.0,quadratic_ridge,arousal,absolute,0.32175484239850155
msp,20260922,0,1.0,quadratic_ridge,dominance,absolute,0.1915424526595092
msp,20260922,0,1.0,quadratic_ridge,valence,relative,0.006821405944955121
msp,20260922,0,1.0,quadratic_ridge,arousal,relative,0.13241683713935196
msp,20260922,0,1.0,quadratic_ridge,dominance,relative,0.07521939975079413
msp,20260922,0,1.0,quadratic_ridge,valence,hybrid,0.012227559194180615
msp,20260922,0,1.0,quadratic_ridge,arousal,hybrid,0.3518375268844115
msp,20260922,0,1.0,quadratic_ridge,dominance,hybrid,0.2038549759880156
msp,20260922,1,0.0,linear_ridge,valence,absolute,0.002153627910975267
msp,20260922,1,0.0,linear_ridge,arousal,absolute,0.09819982437109913
msp,20260922,1,0.0,linear_ridge,dominance,absolute,0.05140530053859406
msp,20260922,1,0.0,linear_ridge,valence,relative,0.005166711875996587
msp,20260922,1,0.0,linear_ridge,arousal,relative,0.24018070984493595
msp,20260922,1,0.0,linear_ridge,dominance,relative,0.12627076499013562
msp,20260922,1,0.0,linear_ridge,valence,hybrid,0.005201370429441984
msp,20260922,1,0.0,linear_ridge,arousal,hybrid,0.24151694483532415
msp,20260922,1,0.0,linear_ridge,dominance,hybrid,0.12699002354461883
msp,20260922,1,0.0,quadratic_ridge,valence,absolute,0.005398583714616838
msp,20260922,1,0.0,quadratic_ridge,arousal,absolute,0.1018615963356099
msp,20260922,1,0.0,quadratic_ridge,dominance,absolute,0.053329878988522844
msp,20260922,1,0.0,quadratic_ridge,valence,relative,0.007081295914395575
msp,20260922,1,0.0,quadratic_ridge,arousal,relative,0.24278543578346304
msp,20260922,1,0.0,quadratic_ridge,dominance,relative,0.12875369397172692
msp,20260922,1,0.0,quadratic_ridge,valence,hybrid,0.010553344442549423
msp,20260922,1,0.0,quadratic_ridge,arousal,hybrid,0.24493007877599104
msp,20260922,1,0.0,quadratic_ridge,dominance,hybrid,0.13040725242055085
msp,20260922,1,0.25,linear_ridge,valence,absolute,0.0012889553050048584
msp,20260922,1,0.25,linear_ridge,arousal,absolute,0.16916455285609153
msp,20260922,1,0.25,linear_ridge,dominance,absolute,0.0895530054271958
msp,20260922,1,0.25,linear_ridge,valence,relative,0.005253157791452557
msp,20260922,1,0.25,linear_ridge,arousal,relative,0.22691534629374616
msp,20260922,1,0.25,linear_ridge,dominance,relative,0.12042137250257054
msp,20260922,1,0.25,linear_ridge,valence,hybrid,0.005419584014681068
msp,20260922,1,0.25,linear_ridge,arousal,hybrid,0.25621178187630816
msp,20260922,1,0.25,linear_ridge,dominance,hybrid,0.13580368280069655
msp,20260922,1,0.25,quadratic_ridge,valence,absolute,0.005579905139378948
msp,20260922,1,0.25,quadratic_ridge,arousal,absolute,0.17305182842692618
msp,20260922,1,0.25,quadratic_ridge,dominance,absolute,0.09212283979033413
msp,20260922,1,0.25,quadratic_ridge,valence,relative,0.007179931417328842
msp,20260922,1,0.25,quadratic_ridge,arousal,relative,0.22866755844187836
msp,20260922,1,0.25,quadratic_ridge,dominance,relative,0.12271012636127968
msp,20260922,1,0.25,quadratic_ridge,valence,hybrid,0.01114454718478528
msp,20260922,1,0.25,quadratic_ridge,arousal,hybrid,0.26025734164552217
msp,20260922,1,0.25,quadratic_ridge,dominance,hybrid,0.13946131308290097
msp,20260922,1,0.5,linear_ridge,valence,absolute,0.0005591832687721751
msp,20260922,1,0.5,linear_ridge,arousal,absolute,0.23300389887692283
msp,20260922,1,0.5,linear_ridge,dominance,absolute,0.12779462873365072
msp,20260922,1,0.5,linear_ridge,valence,relative,0.005168232839143615
msp,20260922,1,0.5,linear_ridge,arousal,relative,0.19982435604886706
msp,20260922,1,0.5,linear_ridge,dominance,relative,0.10868621998860568
msp,20260922,1,0.5,linear_ridge,valence,hybrid,0.005936534747380197
msp,20260922,1,0.5,linear_ridge,arousal,hybrid,0.2851966658266799
msp,20260922,1,0.5,linear_ridge,dominance,hybrid,0.15430931652324742
msp,20260922,1,0.5,quadratic_ridge,valence,absolute,0.005941660603898418
msp,20260922,1,0.5,quadratic_ridge,arousal,absolute,0.23704205903087383
msp,20260922,1,0.5,quadratic_ridge,dominance,absolute,0.13088804266530005
msp,20260922,1,0.5,quadratic_ridge,valence,relative,0.007058110175575951
msp,20260922,1,0.5,quadratic_ridge,arousal,relative,0.2010272135883426
msp,20260922,1,0.5,quadratic_ridge,dominance,relative,0.11085828428287658
msp,20260922,1,0.5,quadratic_ridge,valence,hybrid,0.012399591219775486
msp,20260922,1,0.5,quadratic_ridge,arousal,hybrid,0.2908641254757277
msp,20260922,1,0.5,quadratic_ridge,dominance,hybrid,0.15887103677002556
msp,20260922,1,0.75,linear_ridge,valence,absolute,1.0219431132903705e-05
msp,20260922,1,0.75,linear_ridge,arousal,absolute,0.2800351920353479
msp,20260922,1,0.75,linear_ridge,dominance,absolute,0.16027943211953338
msp,20260922,1,0.75,linear_ridge,valence,relative,0.004941421952944945
msp,20260922,1,0.75,linear_ridge,arousal,relative,0.16728154553972682
msp,20260922,1,0.75,linear_ridge,dominance,relative,0.09399535923712121
msp,20260922,1,0.75,linear_ridge,valence,hybrid,0.006668175038319262
msp,20260922,1,0.75,linear_ridge,arousal,hybrid,0.3178556876866552
msp,20260922,1,0.75,linear_ridge,dominance,hybrid,0.17711733229945076
msp,20260922,1,0.75,quadratic_ridge,valence,absolute,0.006429248686176537
msp,20260922,1,0.75,quadratic_ridge,arousal,absolute,0.28414975976609036
msp,20260922,1,0.75,quadratic_ridge,dominance,absolute,0.1637275730901187
msp,20260922,1,0.75,quadratic_ridge,valence,relative,0.006754872660613623
msp,20260922,1,0.75,quadratic_ridge,arousal,relative,0.1682658999993803
msp,20260922,1,0.75,quadratic_ridge,dominance,relative,0.09613043822303828
msp,20260922,1,0.75,quadratic_ridge,valence,hybrid,0.014121465655509027
msp,20260922,1,0.75,quadratic_ridge,arousal,hybrid,0.3253971598600066
msp,20260922,1,0.75,quadratic_ridge,dominance,hybrid,0.18288211750380926
msp,20260922,1,1.0,linear_ridge,valence,absolute,-0.000350040463736424
msp,20260922,1,1.0,linear_ridge,arousal,absolute,0.31036703929558473
msp,20260922,1,1.0,linear_ridge,dominance,absolute,0.1848713768679855
msp,20260922,1,1.0,linear_ridge,valence,relative,0.004618191831908322
msp,20260922,1,1.0,linear_ridge,arousal,relative,0.1360372407399085
msp,20260922,1,1.0,linear_ridge,dominance,relative,0.07905818083250037
msp,20260922,1,1.0,linear_ridge,valence,hybrid,0.00751423542938824
msp,20260922,1,1.0,linear_ridge,arousal,hybrid,0.3471450843809914
msp,20260922,1,1.0,linear_ridge,dominance,hybrid,0.1996371030228786
msp,20260922,1,1.0,quadratic_ridge,valence,absolute,0.006979619413322426
msp,20260922,1,1.0,quadratic_ridge,arousal,absolute,0.31450840646460737
msp,20260922,1,1.0,quadratic_ridge,dominance,absolute,0.1885239490989077
msp,20260922,1,1.0,quadratic_ridge,valence,relative,0.006329343860876169
msp,20260922,1,1.0,quadratic_ridge,arousal,relative,0.13705346363945914
msp,20260922,1,1.0,quadratic_ridge,dominance,relative,0.08121764625490796
msp,20260922,1,1.0,quadratic_ridge,valence,hybrid,0.01608077049366056
msp,20260922,1,1.0,quadratic_ridge,arousal,hybrid,0.3563565030432546
msp,20260922,1,1.0,quadratic_ridge,dominance,hybrid,0.20660028852589163
msp,20260922,2,0.0,linear_ridge,valence,absolute,0.0027479815675814164
msp,20260922,2,0.0,linear_ridge,arousal,absolute,0.09402536029306179
msp,20260922,2,0.0,linear_ridge,dominance,absolute,0.04905491783230633
msp,20260922,2,0.0,linear_ridge,valence,relative,0.006083402562437172
msp,20260922,2,0.0,linear_ridge,arousal,relative,0.2336077027973515
msp,20260922,2,0.0,linear_ridge,dominance,relative,0.12326791443209045
msp,20260922,2,0.0,linear_ridge,valence,hybrid,0.0061215136814722045
msp,20260922,2,0.0,linear_ridge,arousal,hybrid,0.23491497739838804
msp,20260922,2,0.0,linear_ridge,dominance,hybrid,0.12397164531398269
msp,20260922,2,0.0,quadratic_ridge,valence,absolute,0.004809600774944245
msp,20260922,2,0.0,quadratic_ridge,arousal,absolute,0.09765594852094091
msp,20260922,2,0.0,quadratic_ridge,dominance,absolute,0.05083779268490002
msp,20260922,2,0.0,quadratic_ridge,valence,relative,0.008070478355776607
msp,20260922,2,0.0,quadratic_ridge,arousal,relative,0.23981455405953586
msp,20260922,2,0.0,quadratic_ridge,dominance,relative,0.1298670108227853
msp,20260922,2,0.0,quadratic_ridge,valence,hybrid,0.009758657943683217
msp,20260922,2,0.0,quadratic_ridge,arousal,hybrid,0.2421215502328575
msp,20260922,2,0.0,quadratic_ridge,dominance,hybrid,0.1313035678602996
msp,20260922,2,0.25,linear_ridge,valence,absolute,0.0015047525564615546
msp,20260922,2,0.25,linear_ridge,arousal,absolute,0.16033847842710397
msp,20260922,2,0.25,linear_ridge,dominance,absolute,0.08482885828300206
msp,20260922,2,0.25,linear_ridge,valence,relative,0.006509916183620854
msp,20260922,2,0.25,linear_ridge,arousal,relative,0.22023208031745842
msp,20260922,2,0.25,linear_ridge,dominance,relative,0.11621290192963646
msp,20260922,2,0.25,linear_ridge,valence,hybrid,0.006900620726981585
msp,20260922,2,0.25,linear_ridge,arousal,hybrid,0.24762429874050929
msp,20260922,2,0.25,linear_ridge,dominance,hybrid,0.1308466382413885
msp,20260922,2,0.25,quadratic_ridge,valence,absolute,0.004186017237571082
msp,20260922,2,0.25,quadratic_ridge,arousal,absolute,0.16471623452667675
msp,20260922,2,0.25,quadratic_ridge,dominance,absolute,0.08721244368598798
msp,20260922,2,0.25,quadratic_ridge,valence,relative,0.00868970239281695
msp,20260922,2,0.25,quadratic_ridge,arousal,relative,0.2250547756856442
msp,20260922,2,0.25,quadratic_ridge,dominance,relative,0.12196454117285824
msp,20260922,2,0.25,quadratic_ridge,valence,hybrid,0.01089642423879241
msp,20260922,2,0.25,quadratic_ridge,arousal,hybrid,0.25370684074913613
msp,20260922,2,0.25,quadratic_ridge,dominance,hybrid,0.13726423793114728
msp,20260922,2,0.5,linear_ridge,valence,absolute,0.0006033409723343706
msp,20260922,2,0.5,linear_ridge,arousal,absolute,0.21863907653295292
msp,20260922,2,0.5,linear_ridge,dominance,absolute,0.11954158307840326
msp,20260922,2,0.5,linear_ridge,valence,relative,0.006696789590549597
msp,20260922,2,0.5,linear_ridge,arousal,relative,0.19285616835753727
msp,20260922,2,0.5,linear_ridge,dominance,relative,0.1030699826409943
msp,20260922,2,0.5,linear_ridge,valence,hybrid,0.008449020151948003
msp,20260922,2,0.5,linear_ridge,arousal,hybrid,0.272188022939434
msp,20260922,2,0.5,linear_ridge,dominance,hybrid,0.14604144735995453
msp,20260922,2,0.5,quadratic_ridge,valence,absolute,0.0037848437295937625
msp,20260922,2,0.5,quadratic_ridge,arousal,absolute,0.22333738394625707
msp,20260922,2,0.5,quadratic_ridge,dominance,absolute,0.12239147614255524
msp,20260922,2,0.5,quadratic_ridge,valence,relative,0.00895240926861814
msp,20260922,2,0.5,quadratic_ridge,arousal,relative,0.19641644921518617
msp,20260922,2,0.5,quadratic_ridge,dominance,relative,0.10794384195957743
msp,20260922,2,0.5,quadratic_ridge,valence,hybrid,0.012860104554972523
msp,20260922,2,0.5,quadratic_ridge,arousal,hybrid,0.2769631878767369
msp,20260922,2,0.5,quadratic_ridge,dominance,hybrid,0.1518493774570999
msp,20260922,2,0.75,linear_ridge,valence,absolute,8.163036100053027e-05
msp,20260922,2,0.75,linear_ridge,arousal,absolute,0.26027319331873766
msp,20260922,2,0.75,linear_ridge,dominance,absolute,0.14775318380884736
msp,20260922,2,0.75,linear_ridge,valence,relative,0.006660589480490879
msp,20260922,2,0.75,linear_ridge,arousal,relative,0.16030463287088545
msp,20260922,2,0.75,linear_ridge,dominance,relative,0.08731083793823906
msp,20260922,2,0.75,linear_ridge,valence,hybrid,0.01050672688625067
msp,20260922,2,0.75,linear_ridge,arousal,hybrid,0.29962220194874534
msp,20260922,2,0.75,linear_ridge,dominance,hybrid,0.16476181678096935
msp,20260922,2,0.75,quadratic_ridge,valence,absolute,0.003612711894743762
msp,20260922,2,0.75,quadratic_ridge,arousal,absolute,0.2649722287430108
msp,20260922,2,0.75,quadratic_ridge,dominance,absolute,0.15090012580275888
msp,20260922,2,0.75,quadratic_ridge,valence,relative,0.008884746796238623
msp,20260922,2,0.75,quadratic_ridge,arousal,relative,0.1628792152158987
msp,20260922,2,0.75,quadratic_ridge,dominance,relative,0.09140476795582697
msp,20260922,2,0.75,quadratic_ridge,valence,hybrid,0.015339286190693342
msp,20260922,2,0.75,quadratic_ridge,arousal,hybrid,0.3032920010692973
msp,20260922,2,0.75,quadratic_ridge,dominance,hybrid,0.1703047459715955
msp,20260922,2,1.0,linear_ridge,valence,absolute,-9.68546505890529e-05
msp,20260922,2,1.0,linear_ridge,arousal,absolute,0.2860950074568136
msp,20260922,2,1.0,linear_ridge,dominance,absolute,0.16802025544183866
msp,20260922,2,1.0,linear_ridge,valence,relative,0.006452401990414442
msp,20260922,2,1.0,linear_ridge,arousal,relative,0.12943756238622375
msp,20260922,2,1.0,linear_ridge,dominance,relative,0.07188798131156479
msp,20260922,2,1.0,linear_ridge,valence,hybrid,0.012785566938547342
msp,20260922,2,1.0,linear_ridge,arousal,hybrid,0.3240583166082505
msp,20260922,2,1.0,linear_ridge,dominance,hybrid,0.18304929036232426
msp,20260922,2,1.0,quadratic_ridge,valence,absolute,0.0036350751100746453
msp,20260922,2,1.0,quadratic_ridge,arousal,absolute,0.2906153836885875
msp,20260922,2,1.0,quadratic_ridge,dominance,absolute,0.1713188121287625
msp,20260922,2,1.0,quadratic_ridge,valence,relative,0.008563561569509902
msp,20260922,2,1.0,quadratic_ridge,arousal,relative,0.13134029077677267
msp,20260922,2,1.0,quadratic_ridge,dominance,relative,0.07536314255474948
msp,20260922,2,1.0,quadratic_ridge,valence,hybrid,0.018005978355765583
msp,20260922,2,1.0,quadratic_ridge,arousal,hybrid,0.3269415812917152
msp,20260922,2,1.0,quadratic_ridge,dominance,hybrid,0.18858871012923603
msp,20260922,3,0.0,linear_ridge,valence,absolute,0.002893404211499166
msp,20260922,3,0.0,linear_ridge,arousal,absolute,0.09685906643556941
msp,20260922,3,0.0,linear_ridge,dominance,absolute,0.05046456593496083
msp,20260922,3,0.0,linear_ridge,valence,relative,0.006096178350882691
msp,20260922,3,0.0,linear_ridge,arousal,relative,0.23723631912073723
msp,20260922,3,0.0,linear_ridge,dominance,relative,0.12454895558165334
msp,20260922,3,0.0,linear_ridge,valence,hybrid,0.006136482631877709
msp,20260922,3,0.0,linear_ridge,arousal,hybrid,0.23860721052467226
msp,20260922,3,0.0,linear_ridge,dominance,hybrid,0.12531778653832665
msp,20260922,3,0.0,quadratic_ridge,valence,absolute,0.006033956368040454
msp,20260922,3,0.0,quadratic_ridge,arousal,absolute,0.10106733796384562
msp,20260922,3,0.0,quadratic_ridge,dominance,absolute,0.051999811842571464
msp,20260922,3,0.0,quadratic_ridge,valence,relative,0.009834343067586413
msp,20260922,3,0.0,quadratic_ridge,arousal,relative,0.24180109965489932
msp,20260922,3,0.0,quadratic_ridge,dominance,relative,0.1287841479714571
msp,20260922,3,0.0,quadratic_ridge,valence,hybrid,0.011726942859684147
msp,20260922,3,0.0,quadratic_ridge,arousal,hybrid,0.24259230586899713
msp,20260922,3,0.0,quadratic_ridge,dominance,hybrid,0.12983601782457652
msp,20260922,3,0.25,linear_ridge,valence,absolute,0.0016973410086772091
msp,20260922,3,0.25,linear_ridge,arousal,absolute,0.16622047882211483
msp,20260922,3,0.25,linear_ridge,dominance,absolute,0.0872906343053235
msp,20260922,3,0.25,linear_ridge,valence,relative,0.006363239622630728
msp,20260922,3,0.25,linear_ridge,arousal,relative,0.22605722552503346
msp,20260922,3,0.25,linear_ridge,dominance,relative,0.11956713410408872
msp,20260922,3,0.25,linear_ridge,valence,hybrid,0.006599940920568479
msp,20260922,3,0.25,linear_ridge,arousal,hybrid,0.25424620980604984
msp,20260922,3,0.25,linear_ridge,dominance,hybrid,0.13447747505856913
msp,20260922,3,0.25,quadratic_ridge,valence,absolute,0.005456649029918299
msp,20260922,3,0.25,quadratic_ridge,arousal,absolute,0.17025520928987536
msp,20260922,3,0.25,quadratic_ridge,dominance,absolute,0.08899298440148107
msp,20260922,3,0.25,quadratic_ridge,valence,relative,0.010232136712822425
msp,20260922,3,0.25,quadratic_ridge,arousal,relative,0.2300175122580624
msp,20260922,3,0.25,quadratic_ridge,dominance,relative,0.1234671429297835
msp,20260922,3,0.25,quadratic_ridge,valence,hybrid,0.01230999352691987
msp,20260922,3,0.25,quadratic_ridge,arousal,hybrid,0.2587194550359446
msp,20260922,3,0.25,quadratic_ridge,dominance,hybrid,0.1388439975862655
msp,20260922,3,0.5,linear_ridge,valence,absolute,0.0007892062182129097
msp,20260922,3,0.5,linear_ridge,arousal,absolute,0.2285402081816209
msp,20260922,3,0.5,linear_ridge,dominance,absolute,0.12405037290128218
msp,20260922,3,0.5,linear_ridge,valence,relative,0.006411644373168532
msp,20260922,3,0.5,linear_ridge,arousal,relative,0.2009351233043096
msp,20260922,3,0.5,linear_ridge,dominance,relative,0.10870193607022802
msp,20260922,3,0.5,linear_ridge,valence,hybrid,0.007565749367187028
msp,20260922,3,0.5,linear_ridge,arousal,hybrid,0.28267019720421194
msp,20260922,3,0.5,linear_ridge,dominance,hybrid,0.15267392272263536
msp,20260922,3,0.5,quadratic_ridge,valence,absolute,0.004942672444710368
msp,20260922,3,0.5,quadratic_ridge,arousal,absolute,0.23263769362750858
msp,20260922,3,0.5,quadratic_ridge,dominance,absolute,0.12591189551954715
msp,20260922,3,0.5,quadratic_ridge,valence,relative,0.010291967390260203
msp,20260922,3,0.5,quadratic_ridge,arousal,relative,0.20432613571595384
msp,20260922,3,0.5,quadratic_ridge,dominance,relative,0.11220299290939632
msp,20260922,3,0.5,quadratic_ridge,valence,hybrid,0.012901222296897491
msp,20260922,3,0.5,quadratic_ridge,arousal,hybrid,0.2880511511379981
msp,20260922,3,0.5,quadratic_ridge,dominance,hybrid,0.1571762534954438
msp,20260922,3,0.75,linear_ridge,valence,absolute,0.00021359060936467566
msp,20260922,3,0.75,linear_ridge,arousal,absolute,0.2744846518210697
msp,20260922,3,0.75,linear_ridge,dominance,absolute,0.15521593045406537
msp,20260922,3,0.75,linear_ridge,valence,relative,0.006267254959314273
msp,20260922,3,0.75,linear_ridge,arousal,relative,0.16981954021898796
msp,20260922,3,0.75,linear_ridge,dominance,relative,0.09471640959668554
msp,20260922,3,0.75,linear_ridge,valence,hybrid,0.008873718943470233
msp,20260922,3,0.75,linear_ridge,arousal,hybrid,0.3138884954459941
msp,20260922,3,0.75,linear_ridge,dominance,hybrid,0.174775806249143
msp,20260922,3,0.75,quadratic_ridge,valence,absolute,0.004530939650074365
msp,20260922,3,0.75,quadratic_ridge,arousal,absolute,0.2787745026720666
msp,20260922,3,0.75,quadratic_ridge,dominance,absolute,0.15720695897487477
msp,20260922,3,0.75,quadratic_ridge,valence,relative,0.010055227800801652
msp,20260922,3,0.75,quadratic_ridge,arousal,relative,0.17274269399176892
msp,20260922,3,0.75,quadratic_ridge,dominance,relative,0.09781891404310013
msp,20260922,3,0.75,quadratic_ridge,valence,hybrid,0.013444144126059751
msp,20260922,3,0.75,quadratic_ridge,arousal,hybrid,0.32027523864928714
msp,20260922,3,0.75,quadratic_ridge,dominance,hybrid,0.17962140084334818
msp,20260922,3,1.0,linear_ridge,valence,absolute,-5.046703688664194e-05
msp,20260922,3,1.0,linear_ridge,arousal,absolute,0.30418326700479575
msp,20260922,3,1.0,linear_ridge,dominance,absolute,0.17879150486382858
msp,20260922,3,1.0,linear_ridge,valence,relative,0.005982192476481205
msp,20260922,3,1.0,linear_ridge,arousal,relative,0.13938613220578308
msp,20260922,3,1.0,linear_ridge,dominance,relative,0.08025115672434761
msp,20260922,3,1.0,linear_ridge,valence,hybrid,0.010341965645697311
msp,20260922,3,1.0,linear_ridge,arousal,hybrid,0.3414952282633386
msp,20260922,3,1.0,linear_ridge,dominance,hybrid,0.19646318851822026
msp,20260922,3,1.0,quadratic_ridge,valence,absolute,0.004234508486565508
msp,20260922,3,1.0,quadratic_ridge,arousal,absolute,0.3087059433593414
msp,20260922,3,1.0,quadratic_ridge,dominance,absolute,0.18087681915160916
msp,20260922,3,1.0,quadratic_ridge,valence,relative,0.009603244454067246
msp,20260922,3,1.0,quadratic_ridge,arousal,relative,0.14196897168928643
msp,20260922,3,1.0,quadratic_ridge,dominance,relative,0.08300098298845447
msp,20260922,3,1.0,quadratic_ridge,valence,hybrid,0.013903026323137212
msp,20260922,3,1.0,quadratic_ridge,arousal,hybrid,0.3487726156266715
msp,20260922,3,1.0,quadratic_ridge,dominance,hybrid,0.20174692702119845
msp,20260922,4,0.0,linear_ridge,valence,absolute,0.002244382338265163
msp,20260922,4,0.0,linear_ridge,arousal,absolute,0.09011697878112193
msp,20260922,4,0.0,linear_ridge,dominance,absolute,0.0454519035431486
msp,20260922,4,0.0,linear_ridge,valence,relative,0.004872051003296986
msp,20260922,4,0.0,linear_ridge,arousal,relative,0.21935307417649405
msp,20260922,4,0.0,linear_ridge,dominance,relative,0.11127969653125863
msp,20260922,4,0.0,linear_ridge,valence,hybrid,0.004901800953362496
msp,20260922,4,0.0,linear_ridge,arousal,hybrid,0.22056868031076912
msp,20260922,4,0.0,linear_ridge,dominance,hybrid,0.11190647960463358
msp,20260922,4,0.0,quadratic_ridge,valence,absolute,0.004781614296966386
msp,20260922,4,0.0,quadratic_ridge,arousal,absolute,0.09334939830534218
msp,20260922,4,0.0,quadratic_ridge,dominance,absolute,0.04632133413931381
msp,20260922,4,0.0,quadratic_ridge,valence,relative,0.006888027914018193
msp,20260922,4,0.0,quadratic_ridge,arousal,relative,0.22175496091681257
msp,20260922,4,0.0,quadratic_ridge,dominance,relative,0.11406843524334105
msp,20260922,4,0.0,quadratic_ridge,valence,hybrid,0.009493929628547598
msp,20260922,4,0.0,quadratic_ridge,arousal,hybrid,0.22472483060006218
msp,20260922,4,0.0,quadratic_ridge,dominance,hybrid,0.11572352446723662
msp,20260922,4,0.25,linear_ridge,valence,absolute,0.0007938047929128056
msp,20260922,4,0.25,linear_ridge,arousal,absolute,0.16097979714902683
msp,20260922,4,0.25,linear_ridge,dominance,absolute,0.08355057792236688
msp,20260922,4,0.25,linear_ridge,valence,relative,0.005032369810218778
msp,20260922,4,0.25,linear_ridge,arousal,relative,0.20468808826116686
msp,20260922,4,0.25,linear_ridge,dominance,relative,0.10378636994927999
msp,20260922,4,0.25,linear_ridge,valence,hybrid,0.005446686271003884
msp,20260922,4,0.25,linear_ridge,arousal,hybrid,0.2344644164336981
msp,20260922,4,0.25,linear_ridge,dominance,hybrid,0.11969519877475424
msp,20260922,4,0.25,quadratic_ridge,valence,absolute,0.004368471628421986
msp,20260922,4,0.25,quadratic_ridge,arousal,absolute,0.16392599768770397
msp,20260922,4,0.25,quadratic_ridge,dominance,absolute,0.08462714428391578
msp,20260922,4,0.25,quadratic_ridge,valence,relative,0.007085560573716952
msp,20260922,4,0.25,quadratic_ridge,arousal,relative,0.2064930016062506
msp,20260922,4,0.25,quadratic_ridge,dominance,relative,0.1062257309401272
msp,20260922,4,0.25,quadratic_ridge,valence,hybrid,0.010693638756083331
msp,20260922,4,0.25,quadratic_ridge,arousal,hybrid,0.23904386088350563
msp,20260922,4,0.25,quadratic_ridge,dominance,hybrid,0.12328796263654047
msp,20260922,4,0.5,linear_ridge,valence,absolute,-0.00015625618040969127
msp,20260922,4,0.5,linear_ridge,arousal,absolute,0.22652845912193376
msp,20260922,4,0.5,linear_ridge,dominance,absolute,0.12283077649390159
msp,20260922,4,0.5,linear_ridge,valence,relative,0.005031606315415319
msp,20260922,4,0.5,linear_ridge,arousal,relative,0.17848663021303415
msp,20260922,4,0.5,linear_ridge,dominance,relative,0.09164109637016334
msp,20260922,4,0.5,linear_ridge,valence,hybrid,0.006989604345889876
msp,20260922,4,0.5,linear_ridge,arousal,hybrid,0.2660012054451266
msp,20260922,4,0.5,linear_ridge,dominance,hybrid,0.1393799736329276
msp,20260922,4,0.5,quadratic_ridge,valence,absolute,0.004536730127581167
msp,20260922,4,0.5,quadratic_ridge,arousal,absolute,0.2293546657560864
msp,20260922,4,0.5,quadratic_ridge,dominance,absolute,0.12415133626560478
msp,20260922,4,0.5,quadratic_ridge,valence,relative,0.007063606662528775
msp,20260922,4,0.5,quadratic_ridge,arousal,relative,0.1796562248730681
msp,20260922,4,0.5,quadratic_ridge,dominance,relative,0.09366751736492816
msp,20260922,4,0.5,quadratic_ridge,valence,hybrid,0.013417297173224242
msp,20260922,4,0.5,quadratic_ridge,arousal,hybrid,0.271321803681547
msp,20260922,4,0.5,quadratic_ridge,dominance,hybrid,0.1433283414765719
msp,20260922,4,0.75,linear_ridge,valence,absolute,-0.0005878953423061339
msp,20260922,4,0.75,linear_ridge,arousal,absolute,0.27647391411096106
msp,20260922,4,0.75,linear_ridge,dominance,absolute,0.15705245887160862
msp,20260922,4,0.75,linear_ridge,valence,relative,0.004890642875931334
msp,20260922,4,0.75,linear_ridge,arousal,relative,0.14810237794412606
msp,20260922,4,0.75,linear_ridge,dominance,relative,0.07752689700127494
msp,20260922,4,0.75,linear_ridge,valence,hybrid,0.009266936244342681
msp,20260922,4,0.75,linear_ridge,arousal,hybrid,0.3032894074849728
msp,20260922,4,0.75,linear_ridge,dominance,hybrid,0.1649060253998211
msp,20260922,4,0.75,quadratic_ridge,valence,absolute,0.005196920046027118
msp,20260922,4,0.75,quadratic_ridge,arousal,absolute,0.27929142380679545
msp,20260922,4,0.75,quadratic_ridge,dominance,absolute,0.15860169726444778
msp,20260922,4,0.75,quadratic_ridge,valence,relative,0.006852456864266988
msp,20260922,4,0.75,quadratic_ridge,arousal,relative,0.14871436230996962
msp,20260922,4,0.75,quadratic_ridge,dominance,relative,0.07914778332002535
msp,20260922,4,0.75,quadratic_ridge,valence,hybrid,0.017229536900281117
msp,20260922,4,0.75,quadratic_ridge,arousal,hybrid,0.3093439497696813
msp,20260922,4,0.75,quadratic_ridge,dominance,hybrid,0.16956373052028553
msp,20260922,4,1.0,linear_ridge,valence,absolute,-0.000568302517904509
msp,20260922,4,1.0,linear_ridge,arousal,absolute,0.31012691349671817
msp,20260922,4,1.0,linear_ridge,dominance,absolute,0.18366838089841064
msp,20260922,4,1.0,linear_ridge,valence,relative,0.004647917325655998
msp,20260922,4,1.0,linear_ridge,arousal,relative,0.11933012395391195
msp,20260922,4,1.0,linear_ridge,dominance,relative,0.06374586733531942
msp,20260922,4,1.0,linear_ridge,valence,hybrid,0.011954920222447504
msp,20260922,4,1.0,linear_ridge,arousal,hybrid,0.33781990757840125
msp,20260922,4,1.0,linear_ridge,dominance,hybrid,0.19084205579292485
msp,20260922,4,1.0,quadratic_ridge,valence,absolute,0.006201072282719545
msp,20260922,4,1.0,quadratic_ridge,arousal,absolute,0.3130026442974721
msp,20260922,4,1.0,quadratic_ridge,dominance,absolute,0.18540821986830316
msp,20260922,4,1.0,quadratic_ridge,valence,relative,0.006505577792104592
msp,20260922,4,1.0,quadratic_ridge,arousal,relative,0.11952375115790166
msp,20260922,4,1.0,quadratic_ridge,dominance,relative,0.06501735383358447
msp,20260922,4,1.0,quadratic_ridge,valence,hybrid,0.02161540525700207
msp,20260922,4,1.0,quadratic_ridge,arousal,hybrid,0.34444232486163456
msp,20260922,4,1.0,quadratic_ridge,dominance,hybrid,0.19632205897809257
iemocap,20260920,0,0.0,linear_ridge,valence,absolute,0.0011978413845509985
iemocap,20260920,0,0.0,linear_ridge,arousal,absolute,0.30694169622055406
iemocap,20260920,0,0.0,linear_ridge,dominance,absolute,0.24760485306990038
iemocap,20260920,0,0.0,linear_ridge,valence,relative,0.0007878487942708891
iemocap,20260920,0,0.0,linear_ridge,arousal,relative,0.4227892225616411
iemocap,20260920,0,0.0,linear_ridge,dominance,relative,0.2858009814280313
iemocap,20260920,0,0.0,linear_ridge,valence,hybrid,0.0007949056931474618
iemocap,20260920,0,0.0,linear_ridge,arousal,hybrid,0.42368889073625987
iemocap,20260920,0,0.0,linear_ridge,dominance,hybrid,0.2861949575027202
iemocap,20260920,0,0.0,quadratic_ridge,valence,absolute,0.01794422979962501
iemocap,20260920,0,0.0,quadratic_ridge,arousal,absolute,0.34141157564283575
iemocap,20260920,0,0.0,quadratic_ridge,dominance,absolute,0.2709400996545842
iemocap,20260920,0,0.0,quadratic_ridge,valence,relative,0.010877181535257158
iemocap,20260920,0,0.0,quadratic_ridge,arousal,relative,0.42725541734011263
iemocap,20260920,0,0.0,quadratic_ridge,dominance,relative,0.28642372657202564
iemocap,20260920,0,0.0,quadratic_ridge,valence,hybrid,0.016950841785489758
iemocap,20260920,0,0.0,quadratic_ridge,arousal,hybrid,0.46606475695011873
iemocap,20260920,0,0.0,quadratic_ridge,dominance,hybrid,0.3105685259284035
iemocap,20260920,0,0.25,linear_ridge,valence,absolute,0.0009567232459361759
iemocap,20260920,0,0.25,linear_ridge,arousal,absolute,0.3113283653723816
iemocap,20260920,0,0.25,linear_ridge,dominance,absolute,0.25057791198119755
iemocap,20260920,0,0.25,linear_ridge,valence,relative,0.0007405661653550514
iemocap,20260920,0,0.25,linear_ridge,arousal,relative,0.4219946014565113
iemocap,20260920,0,0.25,linear_ridge,dominance,relative,0.2860019874020832
iemocap,20260920,0,0.25,linear_ridge,valence,hybrid,0.0008693206363572046
iemocap,20260920,0,0.25,linear_ridge,arousal,hybrid,0.4216933919182289
iemocap,20260920,0,0.25,linear_ridge,dominance,hybrid,0.2848207599415626
iemocap,20260920,0,0.25,quadratic_ridge,valence,absolute,0.017244650876149837
iemocap,20260920,0,0.25,quadratic_ridge,arousal,absolute,0.34880408765026516
iemocap,20260920,0,0.25,quadratic_ridge,dominance,absolute,0.27535678622143533
iemocap,20260920,0,0.25,quadratic_ridge,valence,relative,0.011437689375680543
iemocap,20260920,0,0.25,quadratic_ridge,arousal,relative,0.42669513596781966
iemocap,20260920,0,0.25,quadratic_ridge,dominance,relative,0.28663620023921976
iemocap,20260920,0,0.25,quadratic_ridge,valence,hybrid,0.01820614239837947
iemocap,20260920,0,0.25,quadratic_ridge,arousal,hybrid,0.44736275664754976
iemocap,20260920,0,0.25,quadratic_ridge,dominance,hybrid,0.30461900058329666
iemocap,20260920,0,0.5,linear_ridge,valence,absolute,0.0007364735008235932
iemocap,20260920,0,0.5,linear_ridge,arousal,absolute,0.3152932930877975
iemocap,20260920,0,0.5,linear_ridge,dominance,absolute,0.25337208481625123
iemocap,20260920,0,0.5,linear_ridge,valence,relative,0.0006925445770017568
iemocap,20260920,0,0.5,linear_ridge,arousal,relative,0.42069108987608167
iemocap,20260920,0,0.5,linear_ridge,dominance,relative,0.2860997324808274
iemocap,20260920,0,0.5,linear_ridge,valence,hybrid,0.0010571029124157132
iemocap,20260920,0,0.5,linear_ridge,arousal,hybrid,0.41665729783858846
iemocap,20260920,0,0.5,linear_ridge,dominance,hybrid,0.280751485308687
iemocap,20260920,0,0.5,quadratic_ridge,valence,absolute,0.016518932937027
iemocap,20260920,0,0.5,quadratic_ridge,arousal,absolute,0.35575755892771993
iemocap,20260920,0,0.5,quadratic_ridge,dominance,absolute,0.2795437207641213
iemocap,20260920,0,0.5,quadratic_ridge,valence,relative,0.01197949609002816
iemocap,20260920,0,0.5,quadratic_ridge,arousal,relative,0.4255534638508812
iemocap,20260920,0,0.5,quadratic_ridge,dominance,relative,0.2866805400544018
iemocap,20260920,0,0.5,quadratic_ridge,valence,hybrid,0.019685908373447594
iemocap,20260920,0,0.5,quadratic_ridge,arousal,hybrid,0.3961401563563485
iemocap,20260920,0,0.5,quadratic_ridge,dominance,hybrid,0.2872830682433449
iemocap,20260920,0,0.75,linear_ridge,valence,absolute,0.0005377333512787477
iemocap,20260920,0,0.75,linear_ridge,arousal,absolute,0.31883263538105994
iemocap,20260920,0,0.75,linear_ridge,dominance,absolute,0.25597756070267225
iemocap,20260920,0,0.75,linear_ridge,valence,relative,0.0006439595451778638
iemocap,20260920,0,0.75,linear_ridge,arousal,relative,0.41888235903121834
iemocap,20260920,0,0.75,linear_ridge,dominance,relative,0.28609548729996903
iemocap,20260920,0,0.75,linear_ridge,valence,hybrid,0.0013571950457147135
iemocap,20260920,0,0.75,linear_ridge,arousal,hybrid,0.40865194285280004
iemocap,20260920,0,0.75,linear_ridge,dominance,hybrid,0.27408837298398664
iemocap,20260920,0,0.75,quadratic_ridge,valence,absolute,0.01576942505658866
iemocap,20260920,0,0.75,quadratic_ridge,arousal,absolute,0.3622650111859342
iemocap,20260920,0,0.75,quadratic_ridge,dominance,absolute,0.28349118633756953
iemocap,20260920,0,0.75,quadratic_ridge,valence,relative,0.012500560558353215
iemocap,20260920,0,0.75,quadratic_ridge,arousal,relative,0.42383373342799974
iemocap,20260920,0,0.75,quadratic_ridge,dominance,relative,0.28655767126403736
iemocap,20260920,0,0.75,quadratic_ridge,valence,hybrid,0.02138147442885923
iemocap,20260920,0,0.75,quadratic_ridge,arousal,hybrid,0.3257337596849746
iemocap,20260920,0,0.75,quadratic_ridge,dominance,hybrid,0.2608249723132262
iemocap,20260920,0,1.0,linear_ridge,valence,absolute,0.0003610433400457471
iemocap,20260920,0,1.0,linear_ridge,arousal,absolute,0.3218918112568598
iemocap,20260920,0,1.0,linear_ridge,dominance,absolute,0.25838546910123317
iemocap,20260920,0,1.0,linear_ridge,valence,relative,0.0005950560335989867
iemocap,20260920,0,1.0,linear_ridge,arousal,relative,0.4165911390410664
iemocap,20260920,0,1.0,linear_ridge,dominance,relative,0.2859911704030578
iemocap,20260920,0,1.0,linear_ridge,valence,hybrid,0.0017679063781736576
iemocap,20260920,0,1.0,linear_ridge,arousal,hybrid,0.3977835079224991
iemocap,20260920,0,1.0,linear_ridge,dominance,hybrid,0.2649806243485613
iemocap,20260920,0,1.0,quadratic_ridge,valence,absolute,0.0149984346953104
iemocap,20260920,0,1.0,quadratic_ridge,arousal,absolute,0.3682622396612323
iemocap,20260920,0,1.0,quadratic_ridge,dominance,absolute,0.28718763828639926
iemocap,20260920,0,1.0,quadratic_ridge,valence,relative,0.012999022434291034
iemocap,20260920,0,1.0,quadratic_ridge,arousal,relative,0.4215600436661425
iemocap,20260920,0,1.0,quadratic_ridge,dominance,relative,0.2862714791551494
iemocap,20260920,0,1.0,quadratic_ridge,valence,hybrid,0.02328260506540333
iemocap,20260920,0,1.0,quadratic_ridge,arousal,hybrid,0.2498506242913175
iemocap,20260920,0,1.0,quadratic_ridge,dominance,hybrid,0.22829680671322683
iemocap,20260920,1,0.0,linear_ridge,valence,absolute,0.007191322335985735
iemocap,20260920,1,0.0,linear_ridge,arousal,absolute,0.3170228440056184
iemocap,20260920,1,0.0,linear_ridge,dominance,absolute,0.231279833733883
iemocap,20260920,1,0.0,linear_ridge,valence,relative,0.002040059080118065
iemocap,20260920,1,0.0,linear_ridge,arousal,relative,0.4701306515387695
iemocap,20260920,1,0.0,linear_ridge,dominance,relative,0.29103945060201347
iemocap,20260920,1,0.0,linear_ridge,valence,hybrid,0.0019965746197133584
iemocap,20260920,1,0.0,linear_ridge,arousal,hybrid,0.4702633099895902
iemocap,20260920,1,0.0,linear_ridge,dominance,hybrid,0.29151919045584046
iemocap,20260920,1,0.0,quadratic_ridge,valence,absolute,0.02302984295347862
iemocap,20260920,1,0.0,quadratic_ridge,arousal,absolute,0.3205144879169121
iemocap,20260920,1,0.0,quadratic_ridge,dominance,absolute,0.23151671329335427
iemocap,20260920,1,0.0,quadratic_ridge,valence,relative,0.025807761544742385
iemocap,20260920,1,0.0,quadratic_ridge,arousal,relative,0.4945939405650658
iemocap,20260920,1,0.0,quadratic_ridge,dominance,relative,0.3062187381217572
iemocap,20260920,1,0.0,quadratic_ridge,valence,hybrid,0.02312306194098864
iemocap,20260920,1,0.0,quadratic_ridge,arousal,hybrid,0.4709171842322543
iemocap,20260920,1,0.0,quadratic_ridge,dominance,hybrid,0.3352556323263932
iemocap,20260920,1,0.25,linear_ridge,valence,absolute,0.005885311407135995
iemocap,20260920,1,0.25,linear_ridge,arousal,absolute,0.32068644704573623
iemocap,20260920,1,0.25,linear_ridge,dominance,absolute,0.23399704894424175
iemocap,20260920,1,0.25,linear_ridge,valence,relative,0.0020899877778856888
iemocap,20260920,1,0.25,linear_ridge,arousal,relative,0.4696629580275507
iemocap,20260920,1,0.25,linear_ridge,dominance,relative,0.28881979191082724
iemocap,20260920,1,0.25,linear_ridge,valence,hybrid,0.0021405903912193876
iemocap,20260920,1,0.25,linear_ridge,arousal,hybrid,0.4707784298352987
iemocap,20260920,1,0.25,linear_ridge,dominance,hybrid,0.2900925271340382
iemocap,20260920,1,0.25,quadratic_ridge,valence,absolute,0.021754381311035995
iemocap,20260920,1,0.25,quadratic_ridge,arousal,absolute,0.32493426116375945
iemocap,20260920,1,0.25,quadratic_ridge,dominance,absolute,0.234753729026257
iemocap,20260920,1,0.25,quadratic_ridge,valence,relative,0.0259590198512354
iemocap,20260920,1,0.25,quadratic_ridge,arousal,relative,0.4939904792305379
iemocap,20260920,1,0.25,quadratic_ridge,dominance,relative,0.3034309718274204
iemocap,20260920,1,0.25,quadratic_ridge,valence,hybrid,0.023361490733859486
iemocap,20260920,1,0.25,quadratic_ridge,arousal,hybrid,0.4728066314962506
iemocap,20260920,1,0.25,quadratic_ridge,dominance,hybrid,0.3263580920717695
iemocap,20260920,1,0.5,linear_ridge,valence,absolute,0.004600407896092277
iemocap,20260920,1,0.5,linear_ridge,arousal,absolute,0.3230388193316264
iemocap,20260920,1,0.5,linear_ridge,dominance,absolute,0.23149770802131941
iemocap,20260920,1,0.5,linear_ridge,valence,relative,0.002139723902878661
iemocap,20260920,1,0.5,linear_ridge,arousal,relative,0.46741941584616614
iemocap,20260920,1,0.5,linear_ridge,dominance,relative,0.28108197589655753
iemocap,20260920,1,0.5,linear_ridge,valence,hybrid,0.002362133269126801
iemocap,20260920,1,0.5,linear_ridge,arousal,hybrid,0.47115184106532704
iemocap,20260920,1,0.5,linear_ridge,dominance,hybrid,0.2830807168770866
iemocap,20260920,1,0.5,quadratic_ridge,valence,absolute,0.02049612527408815
iemocap,20260920,1,0.5,quadratic_ridge,arousal,absolute,0.32807845988679074
iemocap,20260920,1,0.5,quadratic_ridge,dominance,absolute,0.232758942308226
iemocap,20260920,1,0.5,quadratic_ridge,valence,relative,0.02610739780199898
iemocap,20260920,1,0.5,quadratic_ridge,arousal,relative,0.4915616854896561
iemocap,20260920,1,0.5,quadratic_ridge,dominance,relative,0.29492225489901724
iemocap,20260920,1,0.5,quadratic_ridge,valence,hybrid,0.02361709631456525
iemocap,20260920,1,0.5,quadratic_ridge,arousal,hybrid,0.46458986708739314
iemocap,20260920,1,0.5,quadratic_ridge,dominance,hybrid,0.3034950045442734
iemocap,20260920,1,0.75,linear_ridge,valence,absolute,0.0033372539372898504
iemocap,20260920,1,0.75,linear_ridge,arousal,absolute,0.3240585470397146
iemocap,20260920,1,0.75,linear_ridge,dominance,absolute,0.2240950026926664
iemocap,20260920,1,0.75,linear_ridge,valence,relative,0.0021892587235922477
iemocap,20260920,1,0.75,linear_ridge,arousal,relative,0.4634163770717145
iemocap,20260920,1,0.75,linear_ridge,dominance,relative,0.2686894261866124
iemocap,20260920,1,0.75,linear_ridge,valence,hybrid,0.0026590575837483013
iemocap,20260920,1,0.75,linear_ridge,arousal,hybrid,0.4714017855522124
iemocap,20260920,1,0.75,linear_ridge,dominance,hybrid,0.27113704661274
iemocap,20260920,1,0.75,quadratic_ridge,valence,absolute,0.019255985647953368
iemocap,20260920,1,0.75,quadratic_ridge,arousal,absolute,0.32992118059933856
iemocap,20260920,1,0.75,quadratic_ridge,dominance,absolute,0.2257524999762826
iemocap,20260920,1,0.75,quadratic_ridge,valence,relative,0.026252648236429595
iemocap,20260920,1,0.75,quadratic_ridge,arousal,relative,0.48732305552988703
iemocap,20260920,1,0.75,quadratic_ridge,dominance,relative,0.28162552862480233
iemocap,20260920,1,0.75,quadratic_ridge,valence,hybrid,0.023886995265801663
iemocap,20260920,1,0.75,quadratic_ridge,arousal,hybrid,0.447269173885991
iemocap,20260920,1,0.75,quadratic_ridge,dominance,hybrid,0.26833659284785083
iemocap,20260920,1,1.0,linear_ridge,valence,absolute,0.0020964273107948773
iemocap,20260920,1,1.0,linear_ridge,arousal,absolute,0.3237293756286517
iemocap,20260920,1,1.0,linear_ridge,dominance,absolute,0.212644677062511
iemocap,20260920,1,1.0,linear_ridge,valence,relative,0.0022385647807642685
iemocap,20260920,1,1.0,linear_ridge,arousal,relative,0.4577718468157899
iemocap,20260920,1,1.0,linear_ridge,dominance,relative,0.25287641954425827
iemocap,20260920,1,1.0,linear_ridge,valence,hybrid,0.0030282920433030483
iemocap,20260920,1,1.0,linear_ridge,arousal,hybrid,0.4715161149549998
iemocap,20260920,1,1.0,linear_ridge,dominance,hybrid,0.2552811333126662
iemocap,20260920,1,1.0,quadratic_ridge,valence,absolute,0.018034596404791266
iemocap,20260920,1,1.0,quadratic_ridge,arousal,absolute,0.33041185174109494
iemocap,20260920,1,1.0,quadratic_ridge,dominance,absolute,0.21452488468966097
iemocap,20260920,1,1.0,quadratic_ridge,valence,relative,0.02639481958638744
iemocap,20260920,1,1.0,quadratic_ridge,arousal,relative,0.4814076809000387
iemocap,20260920,1,1.0,quadratic_ridge,dominance,relative,0.2648405102868399
iemocap,20260920,1,1.0,quadratic_ridge,valence,hybrid,0.024167700679432334
iemocap,20260920,1,1.0,quadratic_ridge,arousal,hybrid,0.4228554653814122
iemocap,20260920,1,1.0,quadratic_ridge,dominance,hybrid,0.22320736538487249
iemocap,20260920,2,0.0,linear_ridge,valence,absolute,0.009403566004062164
iemocap,20260920,2,0.0,linear_ridge,arousal,absolute,0.2738132272436692
iemocap,20260920,2,0.0,linear_ridge,dominance,absolute,0.2064283735768651
iemocap,20260920,2,0.0,linear_ridge,valence,relative,0.009429394378259891
iemocap,20260920,2,0.0,linear_ridge,arousal,relative,0.39623134759379575
iemocap,20260920,2,0.0,linear_ridge,dominance,relative,0.2533631559780518
iemocap,20260920,2,0.0,linear_ridge,valence,hybrid,0.009433620457635154
iemocap,20260920,2,0.0,linear_ridge,arousal,hybrid,0.3968728207746574
iemocap,20260920,2,0.0,linear_ridge,dominance,hybrid,0.2537604966794077
iemocap,20260920,2,0.0,quadratic_ridge,valence,absolute,0.025722662175403085
iemocap,20260920,2,0.0,quadratic_ridge,arousal,absolute,0.3021526717530752
iemocap,20260920,2,0.0,quadratic_ridge,dominance,absolute,0.21985253796429283
iemocap,20260920,2,0.0,quadratic_ridge,valence,relative,0.026652744425655277
iemocap,20260920,2,0.0,quadratic_ridge,arousal,relative,0.4083210296228132
iemocap,20260920,2,0.0,quadratic_ridge,dominance,relative,0.25538210082001894
iemocap,20260920,2,0.0,quadratic_ridge,valence,hybrid,0.028432655974573354
iemocap,20260920,2,0.0,quadratic_ridge,arousal,hybrid,0.41268051273563233
iemocap,20260920,2,0.0,quadratic_ridge,dominance,hybrid,0.24176631339990604
iemocap,20260920,2,0.25,linear_ridge,valence,absolute,0.009747180067780447
iemocap,20260920,2,0.25,linear_ridge,arousal,absolute,0.2973995235900494
iemocap,20260920,2,0.25,linear_ridge,dominance,absolute,0.21456457060592682
iemocap,20260920,2,0.25,linear_ridge,valence,relative,0.009403539435984253
iemocap,20260920,2,0.25,linear_ridge,arousal,relative,0.3931539318252386
iemocap,20260920,2,0.25,linear_ridge,dominance,relative,0.2520169392092452
iemocap,20260920,2,0.25,linear_ridge,valence,hybrid,0.009262410554009833
iemocap,20260920,2,0.25,linear_ridge,arousal,hybrid,0.39579331591336825
iemocap,20260920,2,0.25,linear_ridge,dominance,hybrid,0.2533967083428787
iemocap,20260920,2,0.25,quadratic_ridge,valence,absolute,0.025962127396547276
iemocap,20260920,2,0.25,quadratic_ridge,arousal,absolute,0.3276041086482602
iemocap,20260920,2,0.25,quadratic_ridge,dominance,absolute,0.22990475004426691
iemocap,20260920,2,0.25,quadratic_ridge,valence,relative,0.026903450425201397
iemocap,20260920,2,0.25,quadratic_ridge,arousal,relative,0.40481205079796656
iemocap,20260920,2,0.25,quadratic_ridge,dominance,relative,0.2536178025266442
iemocap,20260920,2,0.25,quadratic_ridge,valence,hybrid,0.028454346905298446
iemocap,20260920,2,0.25,quadratic_ridge,arousal,hybrid,0.4086241788541192
iemocap,20260920,2,0.25,quadratic_ridge,dominance,hybrid,0.23971350528461238
iemocap,20260920,2,0.5,linear_ridge,valence,absolute,0.009833478758326615
iemocap,20260920,2,0.5,linear_ridge,arousal,absolute,0.31666178227328795
iemocap,20260920,2,0.5,linear_ridge,dominance,absolute,0.2199566029096522
iemocap,20260920,2,0.5,linear_ridge,valence,relative,0.00937332965762764
iemocap,20260920,2,0.5,linear_ridge,arousal,relative,0.38690892219807665
iemocap,20260920,2,0.5,linear_ridge,dominance,relative,0.2482111827779749
iemocap,20260920,2,0.5,linear_ridge,valence,hybrid,0.008644168411593912
iemocap,20260920,2,0.5,linear_ridge,arousal,hybrid,0.389866921729883
iemocap,20260920,2,0.5,linear_ridge,dominance,hybrid,0.2509173532995578
iemocap,20260920,2,0.5,quadratic_ridge,valence,absolute,0.025926053257778338
iemocap,20260920,2,0.5,quadratic_ridge,arousal,absolute,0.3485020881320902
iemocap,20260920,2,0.5,quadratic_ridge,dominance,absolute,0.23702999593839963
iemocap,20260920,2,0.5,quadratic_ridge,valence,relative,0.02713957737308377
iemocap,20260920,2,0.5,quadratic_ridge,arousal,relative,0.39809135909592674
iemocap,20260920,2,0.5,quadratic_ridge,dominance,relative,0.2494038707099073
iemocap,20260920,2,0.5,quadratic_ridge,valence,hybrid,0.02819461357348818
iemocap,20260920,2,0.5,quadratic_ridge,arousal,hybrid,0.39871055762089674
iemocap,20260920,2,0.5,quadratic_ridge,dominance,hybrid,0.235696350405866
iemocap,20260920,2,0.75,linear_ridge,valence,absolute,0.009662699478983001
iemocap,20260920,2,0.75,linear_ridge,arousal,absolute,0.3311592408190984
iemocap,20260920,2,0.75,linear_ridge,dominance,absolute,0.22250049805226368
iemocap,20260920,2,0.75,linear_ridge,valence,relative,0.00933887886807232
iemocap,20260920,2,0.75,linear_ridge,arousal,relative,0.37776597275839213
iemocap,20260920,2,0.75,linear_ridge,dominance,relative,0.24215255040107095
iemocap,20260920,2,0.75,linear_ridge,valence,hybrid,0.007581825478594288
iemocap,20260920,2,0.75,linear_ridge,arousal,hybrid,0.3793644828006456
iemocap,20260920,2,0.75,linear_ridge,dominance,hybrid,0.24641667163663827
iemocap,20260920,2,0.75,quadratic_ridge,valence,absolute,0.025615445246757337
iemocap,20260920,2,0.75,quadratic_ridge,arousal,absolute,0.3643910737727255
iemocap,20260920,2,0.75,quadratic_ridge,dominance,absolute,0.24108449296375395
iemocap,20260920,2,0.75,quadratic_ridge,valence,relative,0.027361215195082403
iemocap,20260920,2,0.75,quadratic_ridge,arousal,relative,0.3884460768114114
iemocap,20260920,2,0.75,quadratic_ridge,dominance,relative,0.24296356041544795
iemocap,20260920,2,0.75,quadratic_ridge,valence,hybrid,0.027654671217572625
iemocap,20260920,2,0.75,quadratic_ridge,arousal,hybrid,0.38337394515867246
iemocap,20260920,2,0.75,quadratic_ridge,dominance,hybrid,0.22991531038008625
iemocap,20260920,2,1.0,linear_ridge,valence,absolute,0.009235751876942882
iemocap,20260920,2,1.0,linear_ridge,arousal,absolute,0.34071790126467427
iemocap,20260920,2,1.0,linear_ridge,dominance,absolute,0.22227571724715117
iemocap,20260920,2,1.0,linear_ridge,valence,relative,0.009300190359904084
iemocap,20260920,2,1.0,linear_ridge,arousal,relative,0.3661033480290537
iemocap,20260920,2,1.0,linear_ridge,dominance,relative,0.23418411809414583
iemocap,20260920,2,1.0,linear_ridge,valence,hybrid,0.0060802357601281295
iemocap,20260920,2,1.0,linear_ridge,arousal,hybrid,0.36472727743677447
iemocap,20260920,2,1.0,linear_ridge,dominance,hybrid,0.24007546011857522
iemocap,20260920,2,1.0,quadratic_ridge,valence,absolute,0.02503188768171823
iemocap,20260920,2,1.0,quadratic_ridge,arousal,absolute,0.37509085604842185
iemocap,20260920,2,1.0,quadratic_ridge,dominance,absolute,0.2421272848301787
iemocap,20260920,2,1.0,quadratic_ridge,valence,relative,0.027567854462604607
iemocap,20260920,2,1.0,quadratic_ridge,arousal,relative,0.37626659300172793
iemocap,20260920,2,1.0,quadratic_ridge,dominance,relative,0.2346519467829034
iemocap,20260920,2,1.0,quadratic_ridge,valence,hybrid,0.026835881060479627
iemocap,20260920,2,1.0,quadratic_ridge,arousal,hybrid,0.3632505927803988
iemocap,20260920,2,1.0,quadratic_ridge,dominance,hybrid,0.22268003526905758
iemocap,20260920,3,0.0,linear_ridge,valence,absolute,0.014303708767974339
iemocap,20260920,3,0.0,linear_ridge,arousal,absolute,0.30837828122374694
iemocap,20260920,3,0.0,linear_ridge,dominance,absolute,0.25475986641696535
iemocap,20260920,3,0.0,linear_ridge,valence,relative,0.014185855940220602
iemocap,20260920,3,0.0,linear_ridge,arousal,relative,0.4614522592295804
iemocap,20260920,3,0.0,linear_ridge,dominance,relative,0.3079310046114331
iemocap,20260920,3,0.0,linear_ridge,valence,hybrid,0.014193509358114418
iemocap,20260920,3,0.0,linear_ridge,arousal,hybrid,0.4620980324909548
iemocap,20260920,3,0.0,linear_ridge,dominance,hybrid,0.3082625634472821
iemocap,20260920,3,0.0,quadratic_ridge,valence,absolute,0.033077497795344524
iemocap,20260920,3,0.0,quadratic_ridge,arousal,absolute,0.3181245856238299
iemocap,20260920,3,0.0,quadratic_ridge,dominance,absolute,0.25893601601396354
iemocap,20260920,3,0.0,quadratic_ridge,valence,relative,0.04407421154851578
iemocap,20260920,3,0.0,quadratic_ridge,arousal,relative,0.4842921465762602
iemocap,20260920,3,0.0,quadratic_ridge,dominance,relative,0.32607579007225956
iemocap,20260920,3,0.0,quadratic_ridge,valence,hybrid,0.04073175730370558
iemocap,20260920,3,0.0,quadratic_ridge,arousal,hybrid,0.48521212005670333
iemocap,20260920,3,0.0,quadratic_ridge,dominance,hybrid,0.3299986338052032
iemocap,20260920,3,0.25,linear_ridge,valence,absolute,0.014580178654113894
iemocap,20260920,3,0.25,linear_ridge,arousal,absolute,0.2982984332277618
iemocap,20260920,3,0.25,linear_ridge,dominance,absolute,0.25046465196387
iemocap,20260920,3,0.25,linear_ridge,valence,relative,0.014124932185758396
iemocap,20260920,3,0.25,linear_ridge,arousal,relative,0.4616521015836791
iemocap,20260920,3,0.25,linear_ridge,dominance,relative,0.31006948459783756
iemocap,20260920,3,0.25,linear_ridge,valence,hybrid,0.01432498235146241
iemocap,20260920,3,0.25,linear_ridge,arousal,hybrid,0.46179357963047085
iemocap,20260920,3,0.25,linear_ridge,dominance,hybrid,0.3074645331316006
iemocap,20260920,3,0.25,quadratic_ridge,valence,absolute,0.033382910749983556
iemocap,20260920,3,0.25,quadratic_ridge,arousal,absolute,0.30910880841624633
iemocap,20260920,3,0.25,quadratic_ridge,dominance,absolute,0.25562171350023577
iemocap,20260920,3,0.25,quadratic_ridge,valence,relative,0.04418667955903298
iemocap,20260920,3,0.25,quadratic_ridge,arousal,relative,0.483921577340986
iemocap,20260920,3,0.25,quadratic_ridge,dominance,relative,0.32722007084716853
iemocap,20260920,3,0.25,quadratic_ridge,valence,hybrid,0.04138289814234517
iemocap,20260920,3,0.25,quadratic_ridge,arousal,hybrid,0.48293331452952093
iemocap,20260920,3,0.25,quadratic_ridge,dominance,hybrid,0.31858219116433
iemocap,20260920,3,0.5,linear_ridge,valence,absolute,0.014982477039417384
iemocap,20260920,3,0.5,linear_ridge,arousal,absolute,0.28544170120699563
iemocap,20260920,3,0.5,linear_ridge,dominance,absolute,0.24427471538357762
iemocap,20260920,3,0.5,linear_ridge,valence,relative,0.014062364707172724
iemocap,20260920,3,0.5,linear_ridge,arousal,relative,0.45880327951934796
iemocap,20260920,3,0.5,linear_ridge,dominance,relative,0.3111433148553335
iemocap,20260920,3,0.5,linear_ridge,valence,hybrid,0.014667891671935367
iemocap,20260920,3,0.5,linear_ridge,arousal,hybrid,0.45614382263860337
iemocap,20260920,3,0.5,linear_ridge,dominance,hybrid,0.2999414533444632
iemocap,20260920,3,0.5,quadratic_ridge,valence,absolute,0.03381396895604152
iemocap,20260920,3,0.5,quadratic_ridge,arousal,absolute,0.29727906583046887
iemocap,20260920,3,0.5,quadratic_ridge,dominance,absolute,0.2504985136706153
iemocap,20260920,3,0.5,quadratic_ridge,valence,relative,0.04429503544228854
iemocap,20260920,3,0.5,quadratic_ridge,arousal,relative,0.4803463308478205
iemocap,20260920,3,0.5,quadratic_ridge,dominance,relative,0.32704706536137285
iemocap,20260920,3,0.5,quadratic_ridge,valence,hybrid,0.04314465262748909
iemocap,20260920,3,0.5,quadratic_ridge,arousal,hybrid,0.46392435704057483
iemocap,20260920,3,0.5,quadratic_ridge,dominance,hybrid,0.27686718332184435
iemocap,20260920,3,0.75,linear_ridge,valence,absolute,0.015510197422100174
iemocap,20260920,3,0.75,linear_ridge,arousal,absolute,0.27019397877962315
iemocap,20260920,3,0.75,linear_ridge,dominance,absolute,0.2363257696114672
iemocap,20260920,3,0.75,linear_ridge,valence,relative,0.013998211047693295
iemocap,20260920,3,0.75,linear_ridge,arousal,relative,0.4530897126526534
iemocap,20260920,3,0.75,linear_ridge,dominance,relative,0.3111573717057689
iemocap,20260920,3,0.75,linear_ridge,valence,hybrid,0.015221671316908915
iemocap,20260920,3,0.75,linear_ridge,arousal,hybrid,0.44536593300001515
iemocap,20260920,3,0.75,linear_ridge,dominance,hybrid,0.28596245524245834
iemocap,20260920,3,0.75,quadratic_ridge,valence,absolute,0.034370283770011424
iemocap,20260920,3,0.75,quadratic_ridge,arousal,absolute,0.2830037592270762
iemocap,20260920,3,0.75,quadratic_ridge,dominance,absolute,0.24368938655989608
iemocap,20260920,3,0.75,quadratic_ridge,valence,relative,0.04439940819319291
iemocap,20260920,3,0.75,quadratic_ridge,arousal,relative,0.4737451674970071
iemocap,20260920,3,0.75,quadratic_ridge,dominance,relative,0.32557339611983505
iemocap,20260920,3,0.75,quadratic_ridge,valence,hybrid,0.04597873617105397
iemocap,20260920,3,0.75,quadratic_ridge,arousal,hybrid,0.42964944809147754
iemocap,20260920,3,0.75,quadratic_ridge,dominance,hybrid,0.21342410876074355
iemocap,20260920,3,1.0,linear_ridge,valence,absolute,0.016162637768160508
iemocap,20260920,3,1.0,linear_ridge,arousal,absolute,0.2529933165462755
iemocap,20260920,3,1.0,linear_ridge,dominance,absolute,0.22678158424020345
iemocap,20260920,3,1.0,linear_ridge,valence,relative,0.013932435720592856
iemocap,20260920,3,1.0,linear_ridge,arousal,relative,0.44473758838177513
iemocap,20260920,3,1.0,linear_ridge,dominance,relative,0.31013745463693665
iemocap,20260920,3,1.0,linear_ridge,valence,hybrid,0.01598540326294024
iemocap,20260920,3,1.0,linear_ridge,arousal,hybrid,0.42978031811647216
iemocap,20260920,3,1.0,linear_ridge,dominance,hybrid,0.26601268676650835
iemocap,20260920,3,1.0,quadratic_ridge,valence,absolute,0.035051062177204065
iemocap,20260920,3,1.0,quadratic_ridge,arousal,absolute,0.266705458876028
iemocap,20260920,3,1.0,quadratic_ridge,dominance,absolute,0.23534267665365027
iemocap,20260920,3,1.0,quadratic_ridge,valence,relative,0.04449951867128067
iemocap,20260920,3,1.0,quadratic_ridge,arousal,relative,0.46434390145012544
iemocap,20260920,3,1.0,quadratic_ridge,dominance,relative,0.32283854836064607
iemocap,20260920,3,1.0,quadratic_ridge,valence,hybrid,0.04982434488374327
iemocap,20260920,3,1.0,quadratic_ridge,arousal,hybrid,0.38262839189959635
iemocap,20260920,3,1.0,quadratic_ridge,dominance,hybrid,0.13904865067344865
iemocap,20260920,4,0.0,linear_ridge,valence,absolute,0.006915784758316735
iemocap,20260920,4,0.0,linear_ridge,arousal,absolute,0.3048930613459759
iemocap,20260920,4,0.0,linear_ridge,dominance,absolute,0.15968903155845007
iemocap,20260920,4,0.0,linear_ridge,valence,relative,0.007019202693443596
iemocap,20260920,4,0.0,linear_ridge,arousal,relative,0.4438472927868556
iemocap,20260920,4,0.0,linear_ridge,dominance,relative,0.18923363973309562
iemocap,20260920,4,0.0,linear_ridge,valence,hybrid,0.007020589190790344
iemocap,20260920,4,0.0,linear_ridge,arousal,hybrid,0.4437091652725637
iemocap,20260920,4,0.0,linear_ridge,dominance,hybrid,0.18941114585026939
iemocap,20260920,4,0.0,quadratic_ridge,valence,absolute,0.015458953758934664
iemocap,20260920,4,0.0,quadratic_ridge,arousal,absolute,0.24841834075128605
iemocap,20260920,4,0.0,quadratic_ridge,dominance,absolute,0.15870795611556043
iemocap,20260920,4,0.0,quadratic_ridge,valence,relative,0.0236893708407092
iemocap,20260920,4,0.0,quadratic_ridge,arousal,relative,0.45444087315981796
iemocap,20260920,4,0.0,quadratic_ridge,dominance,relative,0.19265237320217904
iemocap,20260920,4,0.0,quadratic_ridge,valence,hybrid,0.020834340109974883
iemocap,20260920,4,0.0,quadratic_ridge,arousal,hybrid,0.40921488538281753
iemocap,20260920,4,0.0,quadratic_ridge,dominance,hybrid,0.18311967450665842
iemocap,20260920,4,0.25,linear_ridge,valence,absolute,0.006884133386690916
iemocap,20260920,4,0.25,linear_ridge,arousal,absolute,0.30222505853453874
iemocap,20260920,4,0.25,linear_ridge,dominance,absolute,0.16149208446655602
iemocap,20260920,4,0.25,linear_ridge,valence,relative,0.006981846729240839
iemocap,20260920,4,0.25,linear_ridge,arousal,relative,0.4416301194614063
iemocap,20260920,4,0.25,linear_ridge,dominance,relative,0.18915046395038626
iemocap,20260920,4,0.25,linear_ridge,valence,hybrid,0.007027983475937744
iemocap,20260920,4,0.25,linear_ridge,arousal,hybrid,0.43972859555576316
iemocap,20260920,4,0.25,linear_ridge,dominance,hybrid,0.1895355556478247
iemocap,20260920,4,0.25,quadratic_ridge,valence,absolute,0.015355159545045138
iemocap,20260920,4,0.25,quadratic_ridge,arousal,absolute,0.24430977977965268
iemocap,20260920,4,0.25,quadratic_ridge,dominance,absolute,0.15992264651701368
iemocap,20260920,4,0.25,quadratic_ridge,valence,relative,0.023818924103337597
iemocap,20260920,4,0.25,quadratic_ridge,arousal,relative,0.4523503785636243
iemocap,20260920,4,0.25,quadratic_ridge,dominance,relative,0.19253568048183287
iemocap,20260920,4,0.25,quadratic_ridge,valence,hybrid,0.02085544838649968
iemocap,20260920,4,0.25,quadratic_ridge,arousal,hybrid,0.40647805100299084
iemocap,20260920,4,0.25,quadratic_ridge,dominance,hybrid,0.18076137429857037
iemocap,20260920,4,0.5,linear_ridge,valence,absolute,0.0068664862141053495
iemocap,20260920,4,0.5,linear_ridge,arousal,absolute,0.2962064167062421
iemocap,20260920,4,0.5,linear_ridge,dominance,absolute,0.16247676346958037
iemocap,20260920,4,0.5,linear_ridge,valence,relative,0.006932189563031437
iemocap,20260920,4,0.5,linear_ridge,arousal,relative,0.43501947809258146
iemocap,20260920,4,0.5,linear_ridge,dominance,relative,0.1883812061414975
iemocap,20260920,4,0.5,linear_ridge,valence,hybrid,0.007079395540672845
iemocap,20260920,4,0.5,linear_ridge,arousal,hybrid,0.43174484014858344
iemocap,20260920,4,0.5,linear_ridge,dominance,hybrid,0.18955186130962923
iemocap,20260920,4,0.5,quadratic_ridge,valence,absolute,0.015234891271515515
iemocap,20260920,4,0.5,quadratic_ridge,arousal,absolute,0.23740944785573098
iemocap,20260920,4,0.5,quadratic_ridge,dominance,absolute,0.16032342431645474
iemocap,20260920,4,0.5,quadratic_ridge,valence,relative,0.023908771126801086
iemocap,20260920,4,0.5,quadratic_ridge,arousal,relative,0.4458989027884491
iemocap,20260920,4,0.5,quadratic_ridge,dominance,relative,0.19173039885682408
iemocap,20260920,4,0.5,quadratic_ridge,valence,hybrid,0.020081577832143985
iemocap,20260920,4,0.5,quadratic_ridge,arousal,hybrid,0.3923167455801055
iemocap,20260920,4,0.5,quadratic_ridge,dominance,hybrid,0.1688620716910865
iemocap,20260920,4,0.75,linear_ridge,valence,absolute,0.006862982765731862
iemocap,20260920,4,0.75,linear_ridge,arousal,absolute,0.28765677531859324
iemocap,20260920,4,0.75,linear_ridge,dominance,absolute,0.16267518194503627
iemocap,20260920,4,0.75,linear_ridge,valence,relative,0.00687075425197054
iemocap,20260920,4,0.75,linear_ridge,arousal,relative,0.4244012827015908
iemocap,20260920,4,0.75,linear_ridge,dominance,relative,0.1869423140708794
iemocap,20260920,4,0.75,linear_ridge,valence,hybrid,0.007174484271523839
iemocap,20260920,4,0.75,linear_ridge,arousal,hybrid,0.4202802185633336
iemocap,20260920,4,0.75,linear_ridge,dominance,hybrid,0.18945991141571958
iemocap,20260920,4,0.75,quadratic_ridge,valence,absolute,0.015099189477571192
iemocap,20260920,4,0.75,quadratic_ridge,arousal,absolute,0.2284332654023616
iemocap,20260920,4,0.75,quadratic_ridge,dominance,absolute,0.15994246223569267
iemocap,20260920,4,0.75,quadratic_ridge,valence,relative,0.023959111737837754
iemocap,20260920,4,0.75,quadratic_ridge,arousal,relative,0.43547283579841406
iemocap,20260920,4,0.75,quadratic_ridge,dominance,relative,0.1902535210333231
iemocap,20260920,4,0.75,quadratic_ridge,valence,hybrid,0.01854566021192751
iemocap,20260920,4,0.75,quadratic_ridge,arousal,hybrid,0.3676952465958736
iemocap,20260920,4,0.75,quadratic_ridge,dominance,hybrid,0.1492988050920632
iemocap,20260920,4,1.0,linear_ridge,valence,absolute,0.006873266515950934
iemocap,20260920,4,1.0,linear_ridge,arousal,absolute,0.2773321875907112
iemocap,20260920,4,1.0,linear_ridge,dominance,absolute,0.16214734380463555
iemocap,20260920,4,1.0,linear_ridge,valence,relative,0.006797837278471924
iemocap,20260920,4,1.0,linear_ridge,arousal,relative,0.4103472876511411
iemocap,20260920,4,1.0,linear_ridge,dominance,relative,0.18486816313502447
iemocap,20260920,4,1.0,linear_ridge,valence,hybrid,0.007312338024705691
iemocap,20260920,4,1.0,linear_ridge,arousal,hybrid,0.40598312434273587
iemocap,20260920,4,1.0,linear_ridge,dominance,hybrid,0.18926235648949422
iemocap,20260920,4,1.0,quadratic_ridge,valence,absolute,0.014948522900925179
iemocap,20260920,4,1.0,quadratic_ridge,arousal,absolute,0.21805897017273912
iemocap,20260920,4,1.0,quadratic_ridge,dominance,absolute,0.1588370477834022
iemocap,20260920,4,1.0,quadratic_ridge,valence,relative,0.023969642405921164
iemocap,20260920,4,1.0,quadratic_ridge,arousal,relative,0.42163359245629944
iemocap,20260920,4,1.0,quadratic_ridge,dominance,relative,0.18813989967485856
iemocap,20260920,4,1.0,quadratic_ridge,valence,hybrid,0.016302768020482333
iemocap,20260920,4,1.0,quadratic_ridge,arousal,hybrid,0.3341130292049822
iemocap,20260920,4,1.0,quadratic_ridge,dominance,hybrid,0.12475627049584655
iemocap,20260921,0,0.0,linear_ridge,valence,absolute,0.013368758828806103
iemocap,20260921,0,0.0,linear_ridge,arousal,absolute,0.3050585323269697
iemocap,20260921,0,0.0,linear_ridge,dominance,absolute,0.26629963843119114
iemocap,20260921,0,0.0,linear_ridge,valence,relative,0.013421560903043982
iemocap,20260921,0,0.0,linear_ridge,arousal,relative,0.4168594156653416
iemocap,20260921,0,0.0,linear_ridge,dominance,relative,0.307193703336611
iemocap,20260921,0,0.0,linear_ridge,valence,hybrid,0.01342799070994773
iemocap,20260921,0,0.0,linear_ridge,arousal,hybrid,0.4176887300970102
iemocap,20260921,0,0.0,linear_ridge,dominance,hybrid,0.30759400360599715
iemocap,20260921,0,0.0,quadratic_ridge,valence,absolute,0.04352656742189612
iemocap,20260921,0,0.0,quadratic_ridge,arousal,absolute,0.32939239265097925
iemocap,20260921,0,0.0,quadratic_ridge,dominance,absolute,0.27525741383936175
iemocap,20260921,0,0.0,quadratic_ridge,valence,relative,0.0332279202363348
iemocap,20260921,0,0.0,quadratic_ridge,arousal,relative,0.4283544630412434
iemocap,20260921,0,0.0,quadratic_ridge,dominance,relative,0.3117447174187116
iemocap,20260921,0,0.0,quadratic_ridge,valence,hybrid,0.03627543773678148
iemocap,20260921,0,0.0,quadratic_ridge,arousal,hybrid,0.46803970864053973
iemocap,20260921,0,0.0,quadratic_ridge,dominance,hybrid,0.3262867450907928
iemocap,20260921,0,0.25,linear_ridge,valence,absolute,0.01337157405473435
iemocap,20260921,0,0.25,linear_ridge,arousal,absolute,0.30696336971250276
iemocap,20260921,0,0.25,linear_ridge,dominance,absolute,0.27021554931118796
iemocap,20260921,0,0.25,linear_ridge,valence,relative,0.013451691342405191
iemocap,20260921,0,0.25,linear_ridge,arousal,relative,0.4152334454155826
iemocap,20260921,0,0.25,linear_ridge,dominance,relative,0.30735697226279135
iemocap,20260921,0,0.25,linear_ridge,valence,hybrid,0.01350973752017075
iemocap,20260921,0,0.25,linear_ridge,arousal,hybrid,0.415674699935665
iemocap,20260921,0,0.25,linear_ridge,dominance,hybrid,0.3073695066529156
iemocap,20260921,0,0.25,quadratic_ridge,valence,absolute,0.043564730544984206
iemocap,20260921,0,0.25,quadratic_ridge,arousal,absolute,0.33359852161066444
iemocap,20260921,0,0.25,quadratic_ridge,dominance,absolute,0.2809698692695179
iemocap,20260921,0,0.25,quadratic_ridge,valence,relative,0.033640387811895184
iemocap,20260921,0,0.25,quadratic_ridge,arousal,relative,0.42690695461986
iemocap,20260921,0,0.25,quadratic_ridge,dominance,relative,0.31178298723604836
iemocap,20260921,0,0.25,quadratic_ridge,valence,hybrid,0.03665177416916091
iemocap,20260921,0,0.25,quadratic_ridge,arousal,hybrid,0.46391074125289505
iemocap,20260921,0,0.25,quadratic_ridge,dominance,hybrid,0.3190283732100879
iemocap,20260921,0,0.5,linear_ridge,valence,absolute,0.013359413607986516
iemocap,20260921,0,0.5,linear_ridge,arousal,absolute,0.3068147703458599
iemocap,20260921,0,0.5,linear_ridge,dominance,absolute,0.2733300443855596
iemocap,20260921,0,0.5,linear_ridge,valence,relative,0.013455368405565228
iemocap,20260921,0,0.5,linear_ridge,arousal,relative,0.4110205507455229
iemocap,20260921,0,0.5,linear_ridge,dominance,relative,0.30676836575800775
iemocap,20260921,0,0.5,linear_ridge,valence,hybrid,0.013608596586946294
iemocap,20260921,0,0.5,linear_ridge,arousal,hybrid,0.41053557289361087
iemocap,20260921,0,0.5,linear_ridge,dominance,hybrid,0.3059639186162179
iemocap,20260921,0,0.5,quadratic_ridge,valence,absolute,0.043517378253587875
iemocap,20260921,0,0.5,quadratic_ridge,arousal,absolute,0.33557672460058746
iemocap,20260921,0,0.5,quadratic_ridge,dominance,absolute,0.28588169511650874
iemocap,20260921,0,0.5,quadratic_ridge,valence,relative,0.033986857850073875
iemocap,20260921,0,0.5,quadratic_ridge,arousal,relative,0.4226684307797384
iemocap,20260921,0,0.5,quadratic_ridge,dominance,relative,0.31096364037956004
iemocap,20260921,0,0.5,quadratic_ridge,valence,hybrid,0.03666057974778253
iemocap,20260921,0,0.5,quadratic_ridge,arousal,hybrid,0.45186056961437226
iemocap,20260921,0,0.5,quadratic_ridge,dominance,hybrid,0.29998790765987216
iemocap,20260921,0,0.75,linear_ridge,valence,absolute,0.013332164652177176
iemocap,20260921,0,0.75,linear_ridge,arousal,absolute,0.3048360447198573
iemocap,20260921,0,0.75,linear_ridge,dominance,absolute,0.2756282469404031
iemocap,20260921,0,0.75,linear_ridge,valence,relative,0.0134325365031349
iemocap,20260921,0,0.75,linear_ridge,arousal,relative,0.4043653549794708
iemocap,20260921,0,0.75,linear_ridge,dominance,relative,0.30544148863995907
iemocap,20260921,0,0.75,linear_ridge,valence,hybrid,0.013723777465018959
iemocap,20260921,0,0.75,linear_ridge,arousal,hybrid,0.40245723319866966
iemocap,20260921,0,0.75,linear_ridge,dominance,hybrid,0.3033968544794055
iemocap,20260921,0,0.75,quadratic_ridge,valence,absolute,0.04338441260798865
iemocap,20260921,0,0.75,quadratic_ridge,arousal,absolute,0.3355407843160325
iemocap,20260921,0,0.75,quadratic_ridge,dominance,absolute,0.2899612768326852
iemocap,20260921,0,0.75,quadratic_ridge,valence,relative,0.034265306123391
iemocap,20260921,0,0.75,quadratic_ridge,arousal,relative,0.41580635148862555
iemocap,20260921,0,0.75,quadratic_ridge,dominance,relative,0.3093040995329289
iemocap,20260921,0,0.75,quadratic_ridge,valence,hybrid,0.03630200257659992
iemocap,20260921,0,0.75,quadratic_ridge,arousal,hybrid,0.43336519572289856
iemocap,20260921,0,0.75,quadratic_ridge,dominance,hybrid,0.27433085229583964
iemocap,20260921,0,1.0,linear_ridge,valence,absolute,0.013290444011851917
iemocap,20260921,0,1.0,linear_ridge,arousal,absolute,0.3011387371014817
iemocap,20260921,0,1.0,linear_ridge,dominance,absolute,0.27711427228395347
iemocap,20260921,0,1.0,linear_ridge,valence,relative,0.013383960049461607
iemocap,20260921,0,1.0,linear_ridge,arousal,relative,0.3954737209055915
iemocap,20260921,0,1.0,linear_ridge,dominance,relative,0.3033918266677394
iemocap,20260921,0,1.0,linear_ridge,valence,hybrid,0.013854793430919478
iemocap,20260921,0,1.0,linear_ridge,arousal,hybrid,0.39168603362136906
iemocap,20260921,0,1.0,linear_ridge,dominance,hybrid,0.2996978593156569
iemocap,20260921,0,1.0,quadratic_ridge,valence,absolute,0.04316862835603248
iemocap,20260921,0,1.0,quadratic_ridge,arousal,absolute,0.33358226260576684
iemocap,20260921,0,1.0,quadratic_ridge,dominance,absolute,0.293196506413961
iemocap,20260921,0,1.0,quadratic_ridge,valence,relative,0.03447573883720428
iemocap,20260921,0,1.0,quadratic_ridge,arousal,relative,0.4065470936120755
iemocap,20260921,0,1.0,quadratic_ridge,dominance,relative,0.3068264496481087
iemocap,20260921,0,1.0,quadratic_ridge,valence,hybrid,0.035576674529630876
iemocap,20260921,0,1.0,quadratic_ridge,arousal,hybrid,0.41026211303252413
iemocap,20260921,0,1.0,quadratic_ridge,dominance,hybrid,0.24713929509928323
iemocap,20260921,1,0.0,linear_ridge,valence,absolute,0.0047810947837768625
iemocap,20260921,1,0.0,linear_ridge,arousal,absolute,0.32435363723858973
iemocap,20260921,1,0.0,linear_ridge,dominance,absolute,0.19332087646070872
iemocap,20260921,1,0.0,linear_ridge,valence,relative,0.00199138737325811
iemocap,20260921,1,0.0,linear_ridge,arousal,relative,0.47407396037985094
iemocap,20260921,1,0.0,linear_ridge,dominance,relative,0.23695350670388976
iemocap,20260921,1,0.0,linear_ridge,valence,hybrid,0.0019600369876255426
iemocap,20260921,1,0.0,linear_ridge,arousal,hybrid,0.4744708344911678
iemocap,20260921,1,0.0,linear_ridge,dominance,hybrid,0.23731243687807704
iemocap,20260921,1,0.0,quadratic_ridge,valence,absolute,0.015771506088416026
iemocap,20260921,1,0.0,quadratic_ridge,arousal,absolute,0.2515422468925473
iemocap,20260921,1,0.0,quadratic_ridge,dominance,absolute,0.18925230156224943
iemocap,20260921,1,0.0,quadratic_ridge,valence,relative,0.020916020337312755
iemocap,20260921,1,0.0,quadratic_ridge,arousal,relative,0.49275254566466326
iemocap,20260921,1,0.0,quadratic_ridge,dominance,relative,0.2517046000126312
iemocap,20260921,1,0.0,quadratic_ridge,valence,hybrid,0.025751195224314936
iemocap,20260921,1,0.0,quadratic_ridge,arousal,hybrid,0.44313781432362426
iemocap,20260921,1,0.0,quadratic_ridge,dominance,hybrid,0.24702120764607274
iemocap,20260921,1,0.25,linear_ridge,valence,absolute,0.004224858676655428
iemocap,20260921,1,0.25,linear_ridge,arousal,absolute,0.32837621271612305
iemocap,20260921,1,0.25,linear_ridge,dominance,absolute,0.19769426107527174
iemocap,20260921,1,0.25,linear_ridge,valence,relative,0.002002380705024294
iemocap,20260921,1,0.25,linear_ridge,arousal,relative,0.47402161040586704
iemocap,20260921,1,0.25,linear_ridge,dominance,relative,0.23634283006991277
iemocap,20260921,1,0.25,linear_ridge,valence,hybrid,0.0020923711978690254
iemocap,20260921,1,0.25,linear_ridge,arousal,hybrid,0.47552360943015015
iemocap,20260921,1,0.25,linear_ridge,dominance,hybrid,0.23870218371922527
iemocap,20260921,1,0.25,quadratic_ridge,valence,absolute,0.015520458648727125
iemocap,20260921,1,0.25,quadratic_ridge,arousal,absolute,0.25315439159885866
iemocap,20260921,1,0.25,quadratic_ridge,dominance,absolute,0.19561061122589404
iemocap,20260921,1,0.25,quadratic_ridge,valence,relative,0.021282647726236035
iemocap,20260921,1,0.25,quadratic_ridge,arousal,relative,0.49242252730491687
iemocap,20260921,1,0.25,quadratic_ridge,dominance,relative,0.24970743951693108
iemocap,20260921,1,0.25,quadratic_ridge,valence,hybrid,0.02646503950366064
iemocap,20260921,1,0.25,quadratic_ridge,arousal,hybrid,0.4397773120038141
iemocap,20260921,1,0.25,quadratic_ridge,dominance,hybrid,0.2526310185516158
iemocap,20260921,1,0.5,linear_ridge,valence,absolute,0.003691564658537738
iemocap,20260921,1,0.5,linear_ridge,arousal,absolute,0.3319018167403989
iemocap,20260921,1,0.5,linear_ridge,dominance,absolute,0.19863784583597144
iemocap,20260921,1,0.5,linear_ridge,valence,relative,0.002009571923047252
iemocap,20260921,1,0.5,linear_ridge,arousal,relative,0.47316636312570426
iemocap,20260921,1,0.5,linear_ridge,dominance,relative,0.23164887246374258
iemocap,20260921,1,0.5,linear_ridge,valence,hybrid,0.0024170121004519485
iemocap,20260921,1,0.5,linear_ridge,arousal,hybrid,0.4771509146680215
iemocap,20260921,1,0.5,linear_ridge,dominance,hybrid,0.24033724448162075
iemocap,20260921,1,0.5,quadratic_ridge,valence,absolute,0.015255653496165913
iemocap,20260921,1,0.5,quadratic_ridge,arousal,absolute,0.25443788204785817
iemocap,20260921,1,0.5,quadratic_ridge,dominance,absolute,0.19895471020921632
iemocap,20260921,1,0.5,quadratic_ridge,valence,relative,0.021611075267505615
iemocap,20260921,1,0.5,quadratic_ridge,arousal,relative,0.4912794545474002
iemocap,20260921,1,0.5,quadratic_ridge,dominance,relative,0.24352351162275246
iemocap,20260921,1,0.5,quadratic_ridge,valence,hybrid,0.026312703380971254
iemocap,20260921,1,0.5,quadratic_ridge,arousal,hybrid,0.4262012615169988
iemocap,20260921,1,0.5,quadratic_ridge,dominance,hybrid,0.26744974313218994
iemocap,20260921,1,0.75,linear_ridge,valence,absolute,0.0031839647549446438
iemocap,20260921,1,0.75,linear_ridge,arousal,absolute,0.3349329370947718
iemocap,20260921,1,0.75,linear_ridge,dominance,absolute,0.19618531252028956
iemocap,20260921,1,0.75,linear_ridge,valence,relative,0.002012951744412114
iemocap,20260921,1,0.75,linear_ridge,arousal,relative,0.47150844023177546
iemocap,20260921,1,0.75,linear_ridge,dominance,relative,0.22343598618763472
iemocap,20260921,1,0.75,linear_ridge,valence,hybrid,0.0029310400418399744
iemocap,20260921,1,0.75,linear_ridge,arousal,hybrid,0.47933046765144766
iemocap,20260921,1,0.75,linear_ridge,dominance,hybrid,0.24210790459339174
iemocap,20260921,1,0.75,quadratic_ridge,valence,absolute,0.014978702433196243
iemocap,20260921,1,0.75,quadratic_ridge,arousal,absolute,0.25539983886756473
iemocap,20260921,1,0.75,quadratic_ridge,dominance,absolute,0.1991920633097697
iemocap,20260921,1,0.75,quadratic_ridge,valence,relative,0.021899920176300103
iemocap,20260921,1,0.75,quadratic_ridge,arousal,relative,0.4893248131197162
iemocap,20260921,1,0.75,quadratic_ridge,dominance,relative,0.23378733761307055
iemocap,20260921,1,0.75,quadratic_ridge,valence,hybrid,0.025300843406509645
iemocap,20260921,1,0.75,quadratic_ridge,arousal,hybrid,0.4061749088853781
iemocap,20260921,1,0.75,quadratic_ridge,dominance,hybrid,0.28866239246165143
iemocap,20260921,1,1.0,linear_ridge,valence,absolute,0.0027044978890001345
iemocap,20260921,1,1.0,linear_ridge,arousal,absolute,0.3374037904413607
iemocap,20260921,1,1.0,linear_ridge,dominance,absolute,0.19075123764536497
iemocap,20260921,1,1.0,linear_ridge,valence,relative,0.0020125362930479024
iemocap,20260921,1,1.0,linear_ridge,arousal,relative,0.46907537043851
iemocap,20260921,1,1.0,linear_ridge,dominance,relative,0.2124989035125319
iemocap,20260921,1,1.0,linear_ridge,valence,hybrid,0.003629816627626374
iemocap,20260921,1,1.0,linear_ridge,arousal,hybrid,0.48203552420156137
iemocap,20260921,1,1.0,linear_ridge,dominance,hybrid,0.24387427865442265
iemocap,20260921,1,1.0,quadratic_ridge,valence,absolute,0.014691065203661138
iemocap,20260921,1,1.0,quadratic_ridge,arousal,absolute,0.2560030689363534
iemocap,20260921,1,1.0,quadratic_ridge,dominance,absolute,0.19659299901330898
iemocap,20260921,1,1.0,quadratic_ridge,valence,relative,0.022147843197558394
iemocap,20260921,1,1.0,quadratic_ridge,arousal,relative,0.4865855409832637
iemocap,20260921,1,1.0,quadratic_ridge,dominance,relative,0.2213588743219809
iemocap,20260921,1,1.0,quadratic_ridge,valence,hybrid,0.023447240948971416
iemocap,20260921,1,1.0,quadratic_ridge,arousal,hybrid,0.38389094463501916
iemocap,20260921,1,1.0,quadratic_ridge,dominance,hybrid,0.3128768868019031
iemocap,20260921,2,0.0,linear_ridge,valence,absolute,0.010056860976962964
iemocap,20260921,2,0.0,linear_ridge,arousal,absolute,0.3295387283822193
iemocap,20260921,2,0.0,linear_ridge,dominance,absolute,0.2185826032603031
iemocap,20260921,2,0.0,linear_ridge,valence,relative,0.009737392871552458
iemocap,20260921,2,0.0,linear_ridge,arousal,relative,0.4933977778469044
iemocap,20260921,2,0.0,linear_ridge,dominance,relative,0.27190756589147946
iemocap,20260921,2,0.0,linear_ridge,valence,hybrid,0.009747588415425478
iemocap,20260921,2,0.0,linear_ridge,arousal,hybrid,0.49427135342465917
iemocap,20260921,2,0.0,linear_ridge,dominance,hybrid,0.2722549598744719
iemocap,20260921,2,0.0,quadratic_ridge,valence,absolute,0.011549215630211489
iemocap,20260921,2,0.0,quadratic_ridge,arousal,absolute,0.29114080626444466
iemocap,20260921,2,0.0,quadratic_ridge,dominance,absolute,0.20020811470712355
iemocap,20260921,2,0.0,quadratic_ridge,valence,relative,0.034754999279167885
iemocap,20260921,2,0.0,quadratic_ridge,arousal,relative,0.5109216246622396
iemocap,20260921,2,0.0,quadratic_ridge,dominance,relative,0.28619683321792866
iemocap,20260921,2,0.0,quadratic_ridge,valence,hybrid,0.025361120250869323
iemocap,20260921,2,0.0,quadratic_ridge,arousal,hybrid,0.49224029053178514
iemocap,20260921,2,0.0,quadratic_ridge,dominance,hybrid,0.26070083836542685
iemocap,20260921,2,0.25,linear_ridge,valence,absolute,0.010457996662529872
iemocap,20260921,2,0.25,linear_ridge,arousal,absolute,0.3298895634550062
iemocap,20260921,2,0.25,linear_ridge,dominance,absolute,0.22122923618396484
iemocap,20260921,2,0.25,linear_ridge,valence,relative,0.009679686187545347
iemocap,20260921,2,0.25,linear_ridge,arousal,relative,0.490137363127861
iemocap,20260921,2,0.25,linear_ridge,dominance,relative,0.2719102440439988
iemocap,20260921,2,0.25,linear_ridge,valence,hybrid,0.009761301101674419
iemocap,20260921,2,0.25,linear_ridge,arousal,hybrid,0.49180544126216835
iemocap,20260921,2,0.25,linear_ridge,dominance,hybrid,0.2719120123236038
iemocap,20260921,2,0.25,quadratic_ridge,valence,absolute,0.011933587345283122
iemocap,20260921,2,0.25,quadratic_ridge,arousal,absolute,0.29007043720083614
iemocap,20260921,2,0.25,quadratic_ridge,dominance,absolute,0.2028473890590666
iemocap,20260921,2,0.25,quadratic_ridge,valence,relative,0.034826942294702484
iemocap,20260921,2,0.25,quadratic_ridge,arousal,relative,0.5075364803736149
iemocap,20260921,2,0.25,quadratic_ridge,dominance,relative,0.28566537630119626
iemocap,20260921,2,0.25,quadratic_ridge,valence,hybrid,0.02541240038618896
iemocap,20260921,2,0.25,quadratic_ridge,arousal,hybrid,0.48084129696666833
iemocap,20260921,2,0.25,quadratic_ridge,dominance,hybrid,0.2591245471760177
iemocap,20260921,2,0.5,linear_ridge,valence,absolute,0.010858172600431213
iemocap,20260921,2,0.5,linear_ridge,arousal,absolute,0.32657990487704325
iemocap,20260921,2,0.5,linear_ridge,dominance,absolute,0.2220873201595306
iemocap,20260921,2,0.5,linear_ridge,valence,relative,0.00962156351267293
iemocap,20260921,2,0.5,linear_ridge,arousal,relative,0.4824980648785015
iemocap,20260921,2,0.5,linear_ridge,dominance,relative,0.27042816857645585
iemocap,20260921,2,0.5,linear_ridge,valence,hybrid,0.009779295672497612
iemocap,20260921,2,0.5,linear_ridge,arousal,hybrid,0.48588825483931686
iemocap,20260921,2,0.5,linear_ridge,dominance,hybrid,0.2692074226835265
iemocap,20260921,2,0.5,quadratic_ridge,valence,absolute,0.012316195500498017
iemocap,20260921,2,0.5,quadratic_ridge,arousal,absolute,0.28570703896706273
iemocap,20260921,2,0.5,quadratic_ridge,dominance,absolute,0.2038623914880295
iemocap,20260921,2,0.5,quadratic_ridge,valence,relative,0.03489710757914612
iemocap,20260921,2,0.5,quadratic_ridge,arousal,relative,0.49988476838795853
iemocap,20260921,2,0.5,quadratic_ridge,dominance,relative,0.2835737215436246
iemocap,20260921,2,0.5,quadratic_ridge,valence,hybrid,0.025430621909424335
iemocap,20260921,2,0.5,quadratic_ridge,arousal,hybrid,0.45339109726508814
iemocap,20260921,2,0.5,quadratic_ridge,dominance,hybrid,0.2516393240128144
iemocap,20260921,2,0.75,linear_ridge,valence,absolute,0.011257285498177548
iemocap,20260921,2,0.75,linear_ridge,arousal,absolute,0.32026382980967716
iemocap,20260921,2,0.75,linear_ridge,dominance,absolute,0.2212952039856164
iemocap,20260921,2,0.75,linear_ridge,valence,relative,0.009563021404113706
iemocap,20260921,2,0.75,linear_ridge,arousal,relative,0.4707654293496861
iemocap,20260921,2,0.75,linear_ridge,dominance,relative,0.26750288181447657
iemocap,20260921,2,0.75,linear_ridge,valence,hybrid,0.00980158032093265
iemocap,20260921,2,0.75,linear_ridge,arousal,hybrid,0.4768834921662475
iemocap,20260921,2,0.75,linear_ridge,dominance,hybrid,0.26432274320032
iemocap,20260921,2,0.75,quadratic_ridge,valence,absolute,0.012696904468186745
iemocap,20260921,2,0.75,quadratic_ridge,arousal,absolute,0.2786501657001679
iemocap,20260921,2,0.75,quadratic_ridge,dominance,absolute,0.20336781201859516
iemocap,20260921,2,0.75,quadratic_ridge,valence,relative,0.034965632389895876
iemocap,20260921,2,0.75,quadratic_ridge,arousal,relative,0.48821645663112145
iemocap,20260921,2,0.75,quadratic_ridge,dominance,relative,0.27996382361963457
iemocap,20260921,2,0.75,quadratic_ridge,valence,hybrid,0.025416367855773288
iemocap,20260921,2,0.75,quadratic_ridge,arousal,hybrid,0.41204101822734435
iemocap,20260921,2,0.75,quadratic_ridge,dominance,hybrid,0.23956433634559524
iemocap,20260921,2,1.0,linear_ridge,valence,absolute,0.01165526663416447
iemocap,20260921,2,1.0,linear_ridge,arousal,absolute,0.3116352664933812
iemocap,20260921,2,1.0,linear_ridge,dominance,absolute,0.21904773428099966
iemocap,20260921,2,1.0,linear_ridge,valence,relative,0.009504097217227926
iemocap,20260921,2,1.0,linear_ridge,arousal,relative,0.45543470129628794
iemocap,20260921,2,1.0,linear_ridge,dominance,relative,0.26322668885481415
iemocap,20260921,2,1.0,linear_ridge,valence,hybrid,0.009828067711029034
iemocap,20260921,2,1.0,linear_ridge,arousal,hybrid,0.46537743246959756
iemocap,20260921,2,1.0,linear_ridge,dominance,hybrid,0.2575777313897599
iemocap,20260921,2,1.0,quadratic_ridge,valence,absolute,0.013075598568236575
iemocap,20260921,2,1.0,quadratic_ridge,arousal,absolute,0.2695417137212486
iemocap,20260921,2,1.0,quadratic_ridge,dominance,absolute,0.20152926308128408
iemocap,20260921,2,1.0,quadratic_ridge,valence,relative,0.035032515700083776
iemocap,20260921,2,1.0,quadratic_ridge,arousal,relative,0.4729813625235028
iemocap,20260921,2,1.0,quadratic_ridge,dominance,relative,0.27493407277821996
iemocap,20260921,2,1.0,quadratic_ridge,valence,hybrid,0.025369354388025598
iemocap,20260921,2,1.0,quadratic_ridge,arousal,hybrid,0.35985350343852807
iemocap,20260921,2,1.0,quadratic_ridge,dominance,hybrid,0.22470120260573923
iemocap,20260921,3,0.0,linear_ridge,valence,absolute,0.005245504786952167
iemocap,20260921,3,0.0,linear_ridge,arousal,absolute,0.2632468956611189
iemocap,20260921,3,0.0,linear_ridge,dominance,absolute,0.20985639275792636
iemocap,20260921,3,0.0,linear_ridge,valence,relative,0.005293469964340672
iemocap,20260921,3,0.0,linear_ridge,arousal,relative,0.3814761690141354
iemocap,20260921,3,0.0,linear_ridge,dominance,relative,0.2526037205863616
iemocap,20260921,3,0.0,linear_ridge,valence,hybrid,0.00529851119036451
iemocap,20260921,3,0.0,linear_ridge,arousal,hybrid,0.3819078685000257
iemocap,20260921,3,0.0,linear_ridge,dominance,hybrid,0.25293108357374927
iemocap,20260921,3,0.0,quadratic_ridge,valence,absolute,0.02226932621369732
iemocap,20260921,3,0.0,quadratic_ridge,arousal,absolute,0.29234875361483315
iemocap,20260921,3,0.0,quadratic_ridge,dominance,absolute,0.23549288240804803
iemocap,20260921,3,0.0,quadratic_ridge,valence,relative,0.015524256878267254
iemocap,20260921,3,0.0,quadratic_ridge,arousal,relative,0.38680881820595514
iemocap,20260921,3,0.0,quadratic_ridge,dominance,relative,0.2527570203970198
iemocap,20260921,3,0.0,quadratic_ridge,valence,hybrid,0.022894170344552028
iemocap,20260921,3,0.0,quadratic_ridge,arousal,hybrid,0.3823626130761233
iemocap,20260921,3,0.0,quadratic_ridge,dominance,hybrid,0.2533571041829465
iemocap,20260921,3,0.25,linear_ridge,valence,absolute,0.005436163303615266
iemocap,20260921,3,0.25,linear_ridge,arousal,absolute,0.269095403669816
iemocap,20260921,3,0.25,linear_ridge,dominance,absolute,0.21305247154353235
iemocap,20260921,3,0.25,linear_ridge,valence,relative,0.005255290748583395
iemocap,20260921,3,0.25,linear_ridge,arousal,relative,0.3799543278440502
iemocap,20260921,3,0.25,linear_ridge,dominance,relative,0.2518076751611317
iemocap,20260921,3,0.25,linear_ridge,valence,hybrid,0.005295190203811668
iemocap,20260921,3,0.25,linear_ridge,arousal,hybrid,0.3812410948980238
iemocap,20260921,3,0.25,linear_ridge,dominance,hybrid,0.25208578310365287
iemocap,20260921,3,0.25,quadratic_ridge,valence,absolute,0.022742092869701303
iemocap,20260921,3,0.25,quadratic_ridge,arousal,absolute,0.30129583242173613
iemocap,20260921,3,0.25,quadratic_ridge,dominance,absolute,0.24061629656964062
iemocap,20260921,3,0.25,quadratic_ridge,valence,relative,0.01568122276392776
iemocap,20260921,3,0.25,quadratic_ridge,arousal,relative,0.3847062338775831
iemocap,20260921,3,0.25,quadratic_ridge,dominance,relative,0.2514633903462303
iemocap,20260921,3,0.25,quadratic_ridge,valence,hybrid,0.02298874728457667
iemocap,20260921,3,0.25,quadratic_ridge,arousal,hybrid,0.3587903143117994
iemocap,20260921,3,0.25,quadratic_ridge,dominance,hybrid,0.23465475058912985
iemocap,20260921,3,0.5,linear_ridge,valence,absolute,0.005627074047110731
iemocap,20260921,3,0.5,linear_ridge,arousal,absolute,0.272965648637277
iemocap,20260921,3,0.5,linear_ridge,dominance,absolute,0.21424079352787834
iemocap,20260921,3,0.5,linear_ridge,valence,relative,0.005216513079696077
iemocap,20260921,3,0.5,linear_ridge,arousal,relative,0.3757740255437067
iemocap,20260921,3,0.5,linear_ridge,dominance,relative,0.24898397093465457
iemocap,20260921,3,0.5,linear_ridge,valence,hybrid,0.005278237280113281
iemocap,20260921,3,0.5,linear_ridge,arousal,hybrid,0.37809010435848567
iemocap,20260921,3,0.5,linear_ridge,dominance,hybrid,0.2488896687005793
iemocap,20260921,3,0.5,quadratic_ridge,valence,absolute,0.02320008129896988
iemocap,20260921,3,0.5,quadratic_ridge,arousal,absolute,0.30826357994898296
iemocap,20260921,3,0.5,quadratic_ridge,dominance,absolute,0.24365218578115133
iemocap,20260921,3,0.5,quadratic_ridge,valence,relative,0.015836509175514515
iemocap,20260921,3,0.5,quadratic_ridge,arousal,relative,0.3799033866194426
iemocap,20260921,3,0.5,quadratic_ridge,dominance,relative,0.24815216905167775
iemocap,20260921,3,0.5,quadratic_ridge,valence,hybrid,0.023242783999273563
iemocap,20260921,3,0.5,quadratic_ridge,arousal,hybrid,0.24730887948038743
iemocap,20260921,3,0.5,quadratic_ridge,dominance,hybrid,0.18114355203906388
iemocap,20260921,3,0.75,linear_ridge,valence,absolute,0.005817927047672109
iemocap,20260921,3,0.75,linear_ridge,arousal,absolute,0.27468683121826626
iemocap,20260921,3,0.75,linear_ridge,dominance,absolute,0.21332529254007387
iemocap,20260921,3,0.75,linear_ridge,valence,relative,0.005177166446689339
iemocap,20260921,3,0.75,linear_ridge,arousal,relative,0.36909777858387777
iemocap,20260921,3,0.75,linear_ridge,dominance,relative,0.24428290622064577
iemocap,20260921,3,0.75,linear_ridge,valence,hybrid,0.005247829764570402
iemocap,20260921,3,0.75,linear_ridge,arousal,hybrid,0.37253808777930986
iemocap,20260921,3,0.75,linear_ridge,dominance,hybrid,0.24343274324591763
iemocap,20260921,3,0.75,quadratic_ridge,valence,absolute,0.023642660318452913
iemocap,20260921,3,0.75,quadratic_ridge,arousal,absolute,0.3130282882819766
iemocap,20260921,3,0.75,quadratic_ridge,dominance,absolute,0.2444461755232451
iemocap,20260921,3,0.75,quadratic_ridge,valence,relative,0.015990119535061298
iemocap,20260921,3,0.75,quadratic_ridge,arousal,relative,0.37258069853081444
iemocap,20260921,3,0.75,quadratic_ridge,dominance,relative,0.2429892537046149
iemocap,20260921,3,0.75,quadratic_ridge,valence,hybrid,0.02365046881501494
iemocap,20260921,3,0.75,quadratic_ridge,arousal,hybrid,0.14662506658816993
iemocap,20260921,3,0.75,quadratic_ridge,dominance,hybrid,0.12104331476072805
iemocap,20260921,3,1.0,linear_ridge,valence,absolute,0.006008352720647634
iemocap,20260921,3,1.0,linear_ridge,arousal,absolute,0.27406907962656046
iemocap,20260921,3,1.0,linear_ridge,dominance,absolute,0.21032232755128233
iemocap,20260921,3,1.0,linear_ridge,valence,relative,0.005137214692275572
iemocap,20260921,3,1.0,linear_ridge,arousal,relative,0.36023618350312303
iemocap,20260921,3,1.0,linear_ridge,dominance,relative,0.23794758831154308
iemocap,20260921,3,1.0,linear_ridge,valence,hybrid,0.00520417799509656
iemocap,20260921,3,1.0,linear_ridge,arousal,hybrid,0.3647313434920573
iemocap,20260921,3,1.0,linear_ridge,dominance,hybrid,0.235860816546768
iemocap,20260921,3,1.0,quadratic_ridge,valence,absolute,0.024068487250322516
iemocap,20260921,3,1.0,quadratic_ridge,arousal,absolute,0.3153274051401482
iemocap,20260921,3,1.0,quadratic_ridge,dominance,absolute,0.2429570163865276
iemocap,20260921,3,1.0,quadratic_ridge,valence,relative,0.016142011620463602
iemocap,20260921,3,1.0,quadratic_ridge,arousal,relative,0.3630686288009815
iemocap,20260921,3,1.0,quadratic_ridge,dominance,relative,0.23623054666929155
iemocap,20260921,3,1.0,quadratic_ridge,valence,hybrid,0.02420251642219764
iemocap,20260921,3,1.0,quadratic_ridge,arousal,hybrid,0.08093262984254851
iemocap,20260921,3,1.0,quadratic_ridge,dominance,hybrid,0.07067650114961352
iemocap,20260921,4,0.0,linear_ridge,valence,absolute,0.011052449038153729
iemocap,20260921,4,0.0,linear_ridge,arousal,absolute,0.3049360039005908
iemocap,20260921,4,0.0,linear_ridge,dominance,absolute,0.21679106904078357
iemocap,20260921,4,0.0,linear_ridge,valence,relative,0.010919288179286342
iemocap,20260921,4,0.0,linear_ridge,arousal,relative,0.4489514909602474
iemocap,20260921,4,0.0,linear_ridge,dominance,relative,0.2701703858138519
iemocap,20260921,4,0.0,linear_ridge,valence,hybrid,0.010920753282115933
iemocap,20260921,4,0.0,linear_ridge,arousal,hybrid,0.449624865947125
iemocap,20260921,4,0.0,linear_ridge,dominance,hybrid,0.27057860554928265
iemocap,20260921,4,0.0,quadratic_ridge,valence,absolute,0.022566494882578638
iemocap,20260921,4,0.0,quadratic_ridge,arousal,absolute,0.31997386912980835
iemocap,20260921,4,0.0,quadratic_ridge,dominance,absolute,0.2191704991292547
iemocap,20260921,4,0.0,quadratic_ridge,valence,relative,0.03492326511269272
iemocap,20260921,4,0.0,quadratic_ridge,arousal,relative,0.47052878845333
iemocap,20260921,4,0.0,quadratic_ridge,dominance,relative,0.2789456767518576
iemocap,20260921,4,0.0,quadratic_ridge,valence,hybrid,0.03525145107324217
iemocap,20260921,4,0.0,quadratic_ridge,arousal,hybrid,0.4708986684346267
iemocap,20260921,4,0.0,quadratic_ridge,dominance,hybrid,0.30087032349424714
iemocap,20260921,4,0.25,linear_ridge,valence,absolute,0.010676211482617002
iemocap,20260921,4,0.25,linear_ridge,arousal,absolute,0.3080640377880779
iemocap,20260921,4,0.25,linear_ridge,dominance,absolute,0.22049183839042738
iemocap,20260921,4,0.25,linear_ridge,valence,relative,0.010953934207245409
iemocap,20260921,4,0.25,linear_ridge,arousal,relative,0.4481993156957212
iemocap,20260921,4,0.25,linear_ridge,dominance,relative,0.271266440279927
iemocap,20260921,4,0.25,linear_ridge,valence,hybrid,0.01038320266886434
iemocap,20260921,4,0.25,linear_ridge,arousal,hybrid,0.44919373138178087
iemocap,20260921,4,0.25,linear_ridge,dominance,hybrid,0.2728705859333405
iemocap,20260921,4,0.25,quadratic_ridge,valence,absolute,0.022497992549143295
iemocap,20260921,4,0.25,quadratic_ridge,arousal,absolute,0.3244650213561143
iemocap,20260921,4,0.25,quadratic_ridge,dominance,absolute,0.2241216161402515
iemocap,20260921,4,0.25,quadratic_ridge,valence,relative,0.034913489351885166
iemocap,20260921,4,0.25,quadratic_ridge,arousal,relative,0.46953262567553045
iemocap,20260921,4,0.25,quadratic_ridge,dominance,relative,0.27937902508992196
iemocap,20260921,4,0.25,quadratic_ridge,valence,hybrid,0.03654201339389056
iemocap,20260921,4,0.25,quadratic_ridge,arousal,hybrid,0.47173227857408473
iemocap,20260921,4,0.25,quadratic_ridge,dominance,hybrid,0.28592868931643833
iemocap,20260921,4,0.5,linear_ridge,valence,absolute,0.010079695850369488
iemocap,20260921,4,0.5,linear_ridge,arousal,absolute,0.30981828245583765
iemocap,20260921,4,0.5,linear_ridge,dominance,absolute,0.22373049491994268
iemocap,20260921,4,0.5,linear_ridge,valence,relative,0.010982600752050129
iemocap,20260921,4,0.5,linear_ridge,arousal,relative,0.4456499559713031
iemocap,20260921,4,0.5,linear_ridge,dominance,relative,0.2719644125382083
iemocap,20260921,4,0.5,linear_ridge,valence,hybrid,0.00874259543483364
iemocap,20260921,4,0.5,linear_ridge,arousal,hybrid,0.44768071710466445
iemocap,20260921,4,0.5,linear_ridge,dominance,hybrid,0.2779054374265663
iemocap,20260921,4,0.5,quadratic_ridge,valence,absolute,0.022192660827811742
iemocap,20260921,4,0.5,quadratic_ridge,arousal,absolute,0.32757959693485394
iemocap,20260921,4,0.5,quadratic_ridge,dominance,absolute,0.2286730017523604
iemocap,20260921,4,0.5,quadratic_ridge,valence,relative,0.034879515053857474
iemocap,20260921,4,0.5,quadratic_ridge,arousal,relative,0.46669337292799495
iemocap,20260921,4,0.5,quadratic_ridge,dominance,relative,0.27944069274962235
iemocap,20260921,4,0.5,quadratic_ridge,valence,hybrid,0.03712126588752202
iemocap,20260921,4,0.5,quadratic_ridge,arousal,hybrid,0.4711512338266835
iemocap,20260921,4,0.5,quadratic_ridge,dominance,hybrid,0.2500407758947799
iemocap,20260921,4,0.75,linear_ridge,valence,absolute,0.00926465610980116
iemocap,20260921,4,0.75,linear_ridge,arousal,absolute,0.31017185178053164
iemocap,20260921,4,0.75,linear_ridge,dominance,absolute,0.226507392004417
iemocap,20260921,4,0.75,linear_ridge,valence,relative,0.011005192760467101
iemocap,20260921,4,0.75,linear_ridge,arousal,relative,0.4413551918650943
iemocap,20260921,4,0.75,linear_ridge,dominance,relative,0.27226463119402644
iemocap,20260921,4,0.75,linear_ridge,valence,hybrid,0.006012472756207047
iemocap,20260921,4,0.75,linear_ridge,arousal,hybrid,0.445114181482574
iemocap,20260921,4,0.75,linear_ridge,dominance,hybrid,0.2855095544840056
iemocap,20260921,4,0.75,quadratic_ridge,valence,absolute,0.021651657036080834
iemocap,20260921,4,0.75,quadratic_ridge,arousal,absolute,0.329267242777106
iemocap,20260921,4,0.75,quadratic_ridge,dominance,absolute,0.23282135118181987
iemocap,20260921,4,0.75,quadratic_ridge,valence,relative,0.03482098792286627
iemocap,20260921,4,0.75,quadratic_ridge,arousal,relative,0.46206732365734215
iemocap,20260921,4,0.75,quadratic_ridge,dominance,relative,0.27913252639092784
iemocap,20260921,4,0.75,quadratic_ridge,valence,hybrid,0.03698596778929429
iemocap,20260921,4,0.75,quadratic_ridge,arousal,hybrid,0.4691706061376553
iemocap,20260921,4,0.75,quadratic_ridge,dominance,hybrid,0.2152913998394946
iemocap,20260921,4,1.0,linear_ridge,valence,absolute,0.008233995118655415
iemocap,20260921,4,1.0,linear_ridge,arousal,absolute,0.30914576446252057
iemocap,20260921,4,1.0,linear_ridge,dominance,absolute,0.2288177521682368
iemocap,20260921,4,1.0,linear_ridge,valence,relative,0.011021787048798177
iemocap,20260921,4,1.0,linear_ridge,arousal,relative,0.43544273457629495
iemocap,20260921,4,1.0,linear_ridge,dominance,relative,0.27217192877695695
iemocap,20260921,4,1.0,linear_ridge,valence,hybrid,0.0022152997974850294
iemocap,20260921,4,1.0,linear_ridge,arousal,hybrid,0.441558774188275
iemocap,20260921,4,1.0,linear_ridge,dominance,hybrid,0.29542783819319685
iemocap,20260921,4,1.0,quadratic_ridge,valence,absolute,0.0208784298437454
iemocap,20260921,4,1.0,quadratic_ridge,arousal,absolute,0.3295179999972918
iemocap,20260921,4,1.0,quadratic_ridge,dominance,absolute,0.23655415309922795
iemocap,20260921,4,1.0,quadratic_ridge,valence,relative,0.0347385036330921
iemocap,20260921,4,1.0,quadratic_ridge,arousal,relative,0.4557859810447771
iemocap,20260921,4,1.0,quadratic_ridge,dominance,relative,0.2784608635396696
iemocap,20260921,4,1.0,quadratic_ridge,valence,hybrid,0.036139499055258366
iemocap,20260921,4,1.0,quadratic_ridge,arousal,hybrid,0.46586261765037423
iemocap,20260921,4,1.0,quadratic_ridge,dominance,hybrid,0.18936055668120813
iemocap,20260922,0,0.0,linear_ridge,valence,absolute,0.014045688574502928
iemocap,20260922,0,0.0,linear_ridge,arousal,absolute,0.2883090828321322
iemocap,20260922,0,0.0,linear_ridge,dominance,absolute,0.2390342236484449
iemocap,20260922,0,0.0,linear_ridge,valence,relative,0.013728224899494487
iemocap,20260922,0,0.0,linear_ridge,arousal,relative,0.4223161064565385
iemocap,20260922,0,0.0,linear_ridge,dominance,relative,0.2886587019799349
iemocap,20260922,0,0.0,linear_ridge,valence,hybrid,0.013729685601622786
iemocap,20260922,0,0.0,linear_ridge,arousal,hybrid,0.4230540704113345
iemocap,20260922,0,0.0,linear_ridge,dominance,hybrid,0.28906667551963566
iemocap,20260922,0,0.0,quadratic_ridge,valence,absolute,0.03470101354913461
iemocap,20260922,0,0.0,quadratic_ridge,arousal,absolute,0.30116564495475967
iemocap,20260922,0,0.0,quadratic_ridge,dominance,absolute,0.2457517216747373
iemocap,20260922,0,0.0,quadratic_ridge,valence,relative,0.03883890785341164
iemocap,20260922,0,0.0,quadratic_ridge,arousal,relative,0.44444295495534053
iemocap,20260922,0,0.0,quadratic_ridge,dominance,relative,0.30027256262768526
iemocap,20260922,0,0.0,quadratic_ridge,valence,hybrid,0.042644748330436744
iemocap,20260922,0,0.0,quadratic_ridge,arousal,hybrid,0.46540991801368714
iemocap,20260922,0,0.0,quadratic_ridge,dominance,hybrid,0.3367003096651232
iemocap,20260922,0,0.25,linear_ridge,valence,absolute,0.013560144744556713
iemocap,20260922,0,0.25,linear_ridge,arousal,absolute,0.286817749879777
iemocap,20260922,0,0.25,linear_ridge,dominance,absolute,0.24189677870971676
iemocap,20260922,0,0.25,linear_ridge,valence,relative,0.01370875932288768
iemocap,20260922,0,0.25,linear_ridge,arousal,relative,0.42126668803024164
iemocap,20260922,0,0.25,linear_ridge,dominance,relative,0.2889012692475439
iemocap,20260922,0,0.25,linear_ridge,valence,hybrid,0.013662756843236576
iemocap,20260922,0,0.25,linear_ridge,arousal,hybrid,0.42148622898627075
iemocap,20260922,0,0.25,linear_ridge,dominance,hybrid,0.2890770245472235
iemocap,20260922,0,0.25,quadratic_ridge,valence,absolute,0.03459387243975396
iemocap,20260922,0,0.25,quadratic_ridge,arousal,absolute,0.3003182486155304
iemocap,20260922,0,0.25,quadratic_ridge,dominance,absolute,0.2496337890090695
iemocap,20260922,0,0.25,quadratic_ridge,valence,relative,0.03889171021620793
iemocap,20260922,0,0.25,quadratic_ridge,arousal,relative,0.4430886312584437
iemocap,20260922,0,0.25,quadratic_ridge,dominance,relative,0.3000604229355693
iemocap,20260922,0,0.25,quadratic_ridge,valence,hybrid,0.04347086792126418
iemocap,20260922,0,0.25,quadratic_ridge,arousal,hybrid,0.4644626494322779
iemocap,20260922,0,0.25,quadratic_ridge,dominance,hybrid,0.3140418343068571
iemocap,20260922,0,0.5,linear_ridge,valence,absolute,0.013104197029202585
iemocap,20260922,0,0.5,linear_ridge,arousal,absolute,0.28215571194277356
iemocap,20260922,0,0.5,linear_ridge,dominance,absolute,0.2434200338813437
iemocap,20260922,0,0.5,linear_ridge,valence,relative,0.013686830120269387
iemocap,20260922,0,0.5,linear_ridge,arousal,relative,0.416465155028683
iemocap,20260922,0,0.5,linear_ridge,dominance,relative,0.28787814176290527
iemocap,20260922,0,0.5,linear_ridge,valence,hybrid,0.013417547196669063
iemocap,20260922,0,0.5,linear_ridge,arousal,hybrid,0.4161365884521497
iemocap,20260922,0,0.5,linear_ridge,dominance,hybrid,0.28787830863407327
iemocap,20260922,0,0.5,quadratic_ridge,valence,absolute,0.03451165642860921
iemocap,20260922,0,0.5,quadratic_ridge,arousal,absolute,0.2961171820251323
iemocap,20260922,0,0.5,quadratic_ridge,dominance,absolute,0.25214496204300807
iemocap,20260922,0,0.5,quadratic_ridge,valence,relative,0.03893717085973917
iemocap,20260922,0,0.5,quadratic_ridge,arousal,relative,0.4377940910743834
iemocap,20260922,0,0.5,quadratic_ridge,dominance,relative,0.2985266517091475
iemocap,20260922,0,0.5,quadratic_ridge,valence,hybrid,0.04548533116325551
iemocap,20260922,0,0.5,quadratic_ridge,arousal,hybrid,0.4577120340055976
iemocap,20260922,0,0.5,quadratic_ridge,dominance,hybrid,0.2510786054923777
iemocap,20260922,0,0.75,linear_ridge,valence,absolute,0.012678016030411073
iemocap,20260922,0,0.75,linear_ridge,arousal,absolute,0.2747472877550693
iemocap,20260922,0,0.75,linear_ridge,dominance,absolute,0.2436275267183598
iemocap,20260922,0,0.75,linear_ridge,valence,relative,0.013662376495009572
iemocap,20260922,0,0.75,linear_ridge,arousal,relative,0.4081527399569316
iemocap,20260922,0,0.75,linear_ridge,dominance,relative,0.2856213407817164
iemocap,20260922,0,0.75,linear_ridge,valence,hybrid,0.012994978258305501
iemocap,20260922,0,0.75,linear_ridge,arousal,hybrid,0.40721669819396966
iemocap,20260922,0,0.75,linear_ridge,dominance,hybrid,0.28548884047670214
iemocap,20260922,0,0.75,quadratic_ridge,valence,absolute,0.03445394830786732
iemocap,20260922,0,0.75,quadratic_ridge,arousal,absolute,0.2889783121909992
iemocap,20260922,0,0.75,quadratic_ridge,dominance,absolute,0.2532901339527702
iemocap,20260922,0,0.75,quadratic_ridge,valence,relative,0.03897489797062911
iemocap,20260922,0,0.75,quadratic_ridge,arousal,relative,0.428831239193985
iemocap,20260922,0,0.75,quadratic_ridge,dominance,relative,0.2957118531744543
iemocap,20260922,0,0.75,quadratic_ridge,valence,hybrid,0.04863050708690102
iemocap,20260922,0,0.75,quadratic_ridge,arousal,hybrid,0.4455276051312882
iemocap,20260922,0,0.75,quadratic_ridge,dominance,hybrid,0.18365648646982535
iemocap,20260922,0,1.0,linear_ridge,valence,absolute,0.01228181300126219
iemocap,20260922,0,1.0,linear_ridge,arousal,absolute,0.26514633917526553
iemocap,20260922,0,1.0,linear_ridge,dominance,absolute,0.2425844969206114
iemocap,20260922,0,1.0,linear_ridge,valence,relative,0.013635462732634758
iemocap,20260922,0,1.0,linear_ridge,arousal,relative,0.3967555535299049
iemocap,20260922,0,1.0,linear_ridge,dominance,relative,0.28219817846991585
iemocap,20260922,0,1.0,linear_ridge,valence,hybrid,0.012396343603486775
iemocap,20260922,0,1.0,linear_ridge,arousal,hybrid,0.39508332734510493
iemocap,20260922,0,1.0,linear_ridge,dominance,hybrid,0.28194106965957194
iemocap,20260922,0,1.0,quadratic_ridge,valence,absolute,0.034421079498211
iemocap,20260922,0,1.0,quadratic_ridge,arousal,absolute,0.2794614662095419
iemocap,20260922,0,1.0,quadratic_ridge,dominance,absolute,0.25311779174709303
iemocap,20260922,0,1.0,quadratic_ridge,valence,relative,0.03900501720809187
iemocap,20260922,0,1.0,quadratic_ridge,arousal,relative,0.41665969284046356
iemocap,20260922,0,1.0,quadratic_ridge,dominance,relative,0.2916920047035665
iemocap,20260922,0,1.0,quadratic_ridge,valence,hybrid,0.05282427474369642
iemocap,20260922,0,1.0,quadratic_ridge,arousal,hybrid,0.4285198662539161
iemocap,20260922,0,1.0,quadratic_ridge,dominance,hybrid,0.12933228894474924
iemocap,20260922,1,0.0,linear_ridge,valence,absolute,0.005245504786952167
iemocap,20260922,1,0.0,linear_ridge,arousal,absolute,0.2632468956611189
iemocap,20260922,1,0.0,linear_ridge,dominance,absolute,0.20985639275792636
iemocap,20260922,1,0.0,linear_ridge,valence,relative,0.005293469964340672
iemocap,20260922,1,0.0,linear_ridge,arousal,relative,0.3814761690141354
iemocap,20260922,1,0.0,linear_ridge,dominance,relative,0.2526037205863616
iemocap,20260922,1,0.0,linear_ridge,valence,hybrid,0.00529851119036451
iemocap,20260922,1,0.0,linear_ridge,arousal,hybrid,0.3819078685000257
iemocap,20260922,1,0.0,linear_ridge,dominance,hybrid,0.25293108357374927
iemocap,20260922,1,0.0,quadratic_ridge,valence,absolute,0.02226932621369732
iemocap,20260922,1,0.0,quadratic_ridge,arousal,absolute,0.29234875361483315
iemocap,20260922,1,0.0,quadratic_ridge,dominance,absolute,0.23549288240804803
iemocap,20260922,1,0.0,quadratic_ridge,valence,relative,0.015524256878267254
iemocap,20260922,1,0.0,quadratic_ridge,arousal,relative,0.38680881820595514
iemocap,20260922,1,0.0,quadratic_ridge,dominance,relative,0.2527570203970198
iemocap,20260922,1,0.0,quadratic_ridge,valence,hybrid,0.022894170344552028
iemocap,20260922,1,0.0,quadratic_ridge,arousal,hybrid,0.3823626130761233
iemocap,20260922,1,0.0,quadratic_ridge,dominance,hybrid,0.2533571041829465
iemocap,20260922,1,0.25,linear_ridge,valence,absolute,0.005436163303615266
iemocap,20260922,1,0.25,linear_ridge,arousal,absolute,0.269095403669816
iemocap,20260922,1,0.25,linear_ridge,dominance,absolute,0.21305247154353235
iemocap,20260922,1,0.25,linear_ridge,valence,relative,0.005255290748583395
iemocap,20260922,1,0.25,linear_ridge,arousal,relative,0.3799543278440502
iemocap,20260922,1,0.25,linear_ridge,dominance,relative,0.2518076751611317
iemocap,20260922,1,0.25,linear_ridge,valence,hybrid,0.005295190203811668
iemocap,20260922,1,0.25,linear_ridge,arousal,hybrid,0.3812410948980238
iemocap,20260922,1,0.25,linear_ridge,dominance,hybrid,0.25208578310365287
iemocap,20260922,1,0.25,quadratic_ridge,valence,absolute,0.022742092869701303
iemocap,20260922,1,0.25,quadratic_ridge,arousal,absolute,0.30129583242173613
iemocap,20260922,1,0.25,quadratic_ridge,dominance,absolute,0.24061629656964062
iemocap,20260922,1,0.25,quadratic_ridge,valence,relative,0.01568122276392776
iemocap,20260922,1,0.25,quadratic_ridge,arousal,relative,0.3847062338775831
iemocap,20260922,1,0.25,quadratic_ridge,dominance,relative,0.2514633903462303
iemocap,20260922,1,0.25,quadratic_ridge,valence,hybrid,0.02298874728457667
iemocap,20260922,1,0.25,quadratic_ridge,arousal,hybrid,0.3587903143117994
iemocap,20260922,1,0.25,quadratic_ridge,dominance,hybrid,0.23465475058912985
iemocap,20260922,1,0.5,linear_ridge,valence,absolute,0.005627074047110731
iemocap,20260922,1,0.5,linear_ridge,arousal,absolute,0.272965648637277
iemocap,20260922,1,0.5,linear_ridge,dominance,absolute,0.21424079352787834
iemocap,20260922,1,0.5,linear_ridge,valence,relative,0.005216513079696077
iemocap,20260922,1,0.5,linear_ridge,arousal,relative,0.3757740255437067
iemocap,20260922,1,0.5,linear_ridge,dominance,relative,0.24898397093465457
iemocap,20260922,1,0.5,linear_ridge,valence,hybrid,0.005278237280113281
iemocap,20260922,1,0.5,linear_ridge,arousal,hybrid,0.37809010435848567
iemocap,20260922,1,0.5,linear_ridge,dominance,hybrid,0.2488896687005793
iemocap,20260922,1,0.5,quadratic_ridge,valence,absolute,0.02320008129896988
iemocap,20260922,1,0.5,quadratic_ridge,arousal,absolute,0.30826357994898296
iemocap,20260922,1,0.5,quadratic_ridge,dominance,absolute,0.24365218578115133
iemocap,20260922,1,0.5,quadratic_ridge,valence,relative,0.015836509175514515
iemocap,20260922,1,0.5,quadratic_ridge,arousal,relative,0.3799033866194426
iemocap,20260922,1,0.5,quadratic_ridge,dominance,relative,0.24815216905167775
iemocap,20260922,1,0.5,quadratic_ridge,valence,hybrid,0.023242783999273563
iemocap,20260922,1,0.5,quadratic_ridge,arousal,hybrid,0.24730887948038743
iemocap,20260922,1,0.5,quadratic_ridge,dominance,hybrid,0.18114355203906388
iemocap,20260922,1,0.75,linear_ridge,valence,absolute,0.005817927047672109
iemocap,20260922,1,0.75,linear_ridge,arousal,absolute,0.27468683121826626
iemocap,20260922,1,0.75,linear_ridge,dominance,absolute,0.21332529254007387
iemocap,20260922,1,0.75,linear_ridge,valence,relative,0.005177166446689339
iemocap,20260922,1,0.75,linear_ridge,arousal,relative,0.36909777858387777
iemocap,20260922,1,0.75,linear_ridge,dominance,relative,0.24428290622064577
iemocap,20260922,1,0.75,linear_ridge,valence,hybrid,0.005247829764570402
iemocap,20260922,1,0.75,linear_ridge,arousal,hybrid,0.37253808777930986
iemocap,20260922,1,0.75,linear_ridge,dominance,hybrid,0.24343274324591763
iemocap,20260922,1,0.75,quadratic_ridge,valence,absolute,0.023642660318452913
iemocap,20260922,1,0.75,quadratic_ridge,arousal,absolute,0.3130282882819766
iemocap,20260922,1,0.75,quadratic_ridge,dominance,absolute,0.2444461755232451
iemocap,20260922,1,0.75,quadratic_ridge,valence,relative,0.015990119535061298
iemocap,20260922,1,0.75,quadratic_ridge,arousal,relative,0.37258069853081444
iemocap,20260922,1,0.75,quadratic_ridge,dominance,relative,0.2429892537046149
iemocap,20260922,1,0.75,quadratic_ridge,valence,hybrid,0.02365046881501494
iemocap,20260922,1,0.75,quadratic_ridge,arousal,hybrid,0.14662506658816993
iemocap,20260922,1,0.75,quadratic_ridge,dominance,hybrid,0.12104331476072805
iemocap,20260922,1,1.0,linear_ridge,valence,absolute,0.006008352720647634
iemocap,20260922,1,1.0,linear_ridge,arousal,absolute,0.27406907962656046
iemocap,20260922,1,1.0,linear_ridge,dominance,absolute,0.21032232755128233
iemocap,20260922,1,1.0,linear_ridge,valence,relative,0.005137214692275572
iemocap,20260922,1,1.0,linear_ridge,arousal,relative,0.36023618350312303
iemocap,20260922,1,1.0,linear_ridge,dominance,relative,0.23794758831154308
iemocap,20260922,1,1.0,linear_ridge,valence,hybrid,0.00520417799509656
iemocap,20260922,1,1.0,linear_ridge,arousal,hybrid,0.3647313434920573
iemocap,20260922,1,1.0,linear_ridge,dominance,hybrid,0.235860816546768
iemocap,20260922,1,1.0,quadratic_ridge,valence,absolute,0.024068487250322516
iemocap,20260922,1,1.0,quadratic_ridge,arousal,absolute,0.3153274051401482
iemocap,20260922,1,1.0,quadratic_ridge,dominance,absolute,0.2429570163865276
iemocap,20260922,1,1.0,quadratic_ridge,valence,relative,0.016142011620463602
iemocap,20260922,1,1.0,quadratic_ridge,arousal,relative,0.3630686288009815
iemocap,20260922,1,1.0,quadratic_ridge,dominance,relative,0.23623054666929155
iemocap,20260922,1,1.0,quadratic_ridge,valence,hybrid,0.02420251642219764
iemocap,20260922,1,1.0,quadratic_ridge,arousal,hybrid,0.08093262984254851
iemocap,20260922,1,1.0,quadratic_ridge,dominance,hybrid,0.07067650114961352
iemocap,20260922,2,0.0,linear_ridge,valence,absolute,0.006915784758316735
iemocap,20260922,2,0.0,linear_ridge,arousal,absolute,0.3048930613459759
iemocap,20260922,2,0.0,linear_ridge,dominance,absolute,0.15968903155845007
iemocap,20260922,2,0.0,linear_ridge,valence,relative,0.007019202693443596
iemocap,20260922,2,0.0,linear_ridge,arousal,relative,0.4438472927868556
iemocap,20260922,2,0.0,linear_ridge,dominance,relative,0.18923363973309562
iemocap,20260922,2,0.0,linear_ridge,valence,hybrid,0.007020589190790344
iemocap,20260922,2,0.0,linear_ridge,arousal,hybrid,0.4437091652725637
iemocap,20260922,2,0.0,linear_ridge,dominance,hybrid,0.18941114585026939
iemocap,20260922,2,0.0,quadratic_ridge,valence,absolute,0.015458953758934664
iemocap,20260922,2,0.0,quadratic_ridge,arousal,absolute,0.24841834075128605
iemocap,20260922,2,0.0,quadratic_ridge,dominance,absolute,0.15870795611556043
iemocap,20260922,2,0.0,quadratic_ridge,valence,relative,0.0236893708407092
iemocap,20260922,2,0.0,quadratic_ridge,arousal,relative,0.45444087315981796
iemocap,20260922,2,0.0,quadratic_ridge,dominance,relative,0.19265237320217904
iemocap,20260922,2,0.0,quadratic_ridge,valence,hybrid,0.020834340109974883
iemocap,20260922,2,0.0,quadratic_ridge,arousal,hybrid,0.40921488538281753
iemocap,20260922,2,0.0,quadratic_ridge,dominance,hybrid,0.18311967450665842
iemocap,20260922,2,0.25,linear_ridge,valence,absolute,0.006884133386690916
iemocap,20260922,2,0.25,linear_ridge,arousal,absolute,0.30222505853453874
iemocap,20260922,2,0.25,linear_ridge,dominance,absolute,0.16149208446655602
iemocap,20260922,2,0.25,linear_ridge,valence,relative,0.006981846729240839
iemocap,20260922,2,0.25,linear_ridge,arousal,relative,0.4416301194614063
iemocap,20260922,2,0.25,linear_ridge,dominance,relative,0.18915046395038626
iemocap,20260922,2,0.25,linear_ridge,valence,hybrid,0.007027983475937744
iemocap,20260922,2,0.25,linear_ridge,arousal,hybrid,0.43972859555576316
iemocap,20260922,2,0.25,linear_ridge,dominance,hybrid,0.1895355556478247
iemocap,20260922,2,0.25,quadratic_ridge,valence,absolute,0.015355159545045138
iemocap,20260922,2,0.25,quadratic_ridge,arousal,absolute,0.24430977977965268
iemocap,20260922,2,0.25,quadratic_ridge,dominance,absolute,0.15992264651701368
iemocap,20260922,2,0.25,quadratic_ridge,valence,relative,0.023818924103337597
iemocap,20260922,2,0.25,quadratic_ridge,arousal,relative,0.4523503785636243
iemocap,20260922,2,0.25,quadratic_ridge,dominance,relative,0.19253568048183287
iemocap,20260922,2,0.25,quadratic_ridge,valence,hybrid,0.02085544838649968
iemocap,20260922,2,0.25,quadratic_ridge,arousal,hybrid,0.40647805100299084
iemocap,20260922,2,0.25,quadratic_ridge,dominance,hybrid,0.18076137429857037
iemocap,20260922,2,0.5,linear_ridge,valence,absolute,0.0068664862141053495
iemocap,20260922,2,0.5,linear_ridge,arousal,absolute,0.2962064167062421
iemocap,20260922,2,0.5,linear_ridge,dominance,absolute,0.16247676346958037
iemocap,20260922,2,0.5,linear_ridge,valence,relative,0.006932189563031437
iemocap,20260922,2,0.5,linear_ridge,arousal,relative,0.43501947809258146
iemocap,20260922,2,0.5,linear_ridge,dominance,relative,0.1883812061414975
iemocap,20260922,2,0.5,linear_ridge,valence,hybrid,0.007079395540672845
iemocap,20260922,2,0.5,linear_ridge,arousal,hybrid,0.43174484014858344
iemocap,20260922,2,0.5,linear_ridge,dominance,hybrid,0.18955186130962923
iemocap,20260922,2,0.5,quadratic_ridge,valence,absolute,0.015234891271515515
iemocap,20260922,2,0.5,quadratic_ridge,arousal,absolute,0.23740944785573098
iemocap,20260922,2,0.5,quadratic_ridge,dominance,absolute,0.16032342431645474
iemocap,20260922,2,0.5,quadratic_ridge,valence,relative,0.023908771126801086
iemocap,20260922,2,0.5,quadratic_ridge,arousal,relative,0.4458989027884491
iemocap,20260922,2,0.5,quadratic_ridge,dominance,relative,0.19173039885682408
iemocap,20260922,2,0.5,quadratic_ridge,valence,hybrid,0.020081577832143985
iemocap,20260922,2,0.5,quadratic_ridge,arousal,hybrid,0.3923167455801055
iemocap,20260922,2,0.5,quadratic_ridge,dominance,hybrid,0.1688620716910865
iemocap,20260922,2,0.75,linear_ridge,valence,absolute,0.006862982765731862
iemocap,20260922,2,0.75,linear_ridge,arousal,absolute,0.28765677531859324
iemocap,20260922,2,0.75,linear_ridge,dominance,absolute,0.16267518194503627
iemocap,20260922,2,0.75,linear_ridge,valence,relative,0.00687075425197054
iemocap,20260922,2,0.75,linear_ridge,arousal,relative,0.4244012827015908
iemocap,20260922,2,0.75,linear_ridge,dominance,relative,0.1869423140708794
iemocap,20260922,2,0.75,linear_ridge,valence,hybrid,0.007174484271523839
iemocap,20260922,2,0.75,linear_ridge,arousal,hybrid,0.4202802185633336
iemocap,20260922,2,0.75,linear_ridge,dominance,hybrid,0.18945991141571958
iemocap,20260922,2,0.75,quadratic_ridge,valence,absolute,0.015099189477571192
iemocap,20260922,2,0.75,quadratic_ridge,arousal,absolute,0.2284332654023616
iemocap,20260922,2,0.75,quadratic_ridge,dominance,absolute,0.15994246223569267
iemocap,20260922,2,0.75,quadratic_ridge,valence,relative,0.023959111737837754
iemocap,20260922,2,0.75,quadratic_ridge,arousal,relative,0.43547283579841406
iemocap,20260922,2,0.75,quadratic_ridge,dominance,relative,0.1902535210333231
iemocap,20260922,2,0.75,quadratic_ridge,valence,hybrid,0.01854566021192751
iemocap,20260922,2,0.75,quadratic_ridge,arousal,hybrid,0.3676952465958736
iemocap,20260922,2,0.75,quadratic_ridge,dominance,hybrid,0.1492988050920632
iemocap,20260922,2,1.0,linear_ridge,valence,absolute,0.006873266515950934
iemocap,20260922,2,1.0,linear_ridge,arousal,absolute,0.2773321875907112
iemocap,20260922,2,1.0,linear_ridge,dominance,absolute,0.16214734380463555
iemocap,20260922,2,1.0,linear_ridge,valence,relative,0.006797837278471924
iemocap,20260922,2,1.0,linear_ridge,arousal,relative,0.4103472876511411
iemocap,20260922,2,1.0,linear_ridge,dominance,relative,0.18486816313502447
iemocap,20260922,2,1.0,linear_ridge,valence,hybrid,0.007312338024705691
iemocap,20260922,2,1.0,linear_ridge,arousal,hybrid,0.40598312434273587
iemocap,20260922,2,1.0,linear_ridge,dominance,hybrid,0.18926235648949422
iemocap,20260922,2,1.0,quadratic_ridge,valence,absolute,0.014948522900925179
iemocap,20260922,2,1.0,quadratic_ridge,arousal,absolute,0.21805897017273912
iemocap,20260922,2,1.0,quadratic_ridge,dominance,absolute,0.1588370477834022
iemocap,20260922,2,1.0,quadratic_ridge,valence,relative,0.023969642405921164
iemocap,20260922,2,1.0,quadratic_ridge,arousal,relative,0.42163359245629944
iemocap,20260922,2,1.0,quadratic_ridge,dominance,relative,0.18813989967485856
iemocap,20260922,2,1.0,quadratic_ridge,valence,hybrid,0.016302768020482333
iemocap,20260922,2,1.0,quadratic_ridge,arousal,hybrid,0.3341130292049822
iemocap,20260922,2,1.0,quadratic_ridge,dominance,hybrid,0.12475627049584655
iemocap,20260922,3,0.0,linear_ridge,valence,absolute,0.006078465268529037
iemocap,20260922,3,0.0,linear_ridge,arousal,absolute,0.3300162773645715
iemocap,20260922,3,0.0,linear_ridge,dominance,absolute,0.2478462349724886
iemocap,20260922,3,0.0,linear_ridge,valence,relative,0.0051071584905090775
iemocap,20260922,3,0.0,linear_ridge,arousal,relative,0.44070100529718237
iemocap,20260922,3,0.0,linear_ridge,dominance,relative,0.2879328022433426
iemocap,20260922,3,0.0,linear_ridge,valence,hybrid,0.005112798967480601
iemocap,20260922,3,0.0,linear_ridge,arousal,hybrid,0.44144673949908436
iemocap,20260922,3,0.0,linear_ridge,dominance,hybrid,0.288298432449704
iemocap,20260922,3,0.0,quadratic_ridge,valence,absolute,0.020965053055770316
iemocap,20260922,3,0.0,quadratic_ridge,arousal,absolute,0.35474105590215155
iemocap,20260922,3,0.0,quadratic_ridge,dominance,absolute,0.25953353451388184
iemocap,20260922,3,0.0,quadratic_ridge,valence,relative,0.022135140526804663
iemocap,20260922,3,0.0,quadratic_ridge,arousal,relative,0.44846792155039905
iemocap,20260922,3,0.0,quadratic_ridge,dominance,relative,0.2888465030833418
iemocap,20260922,3,0.0,quadratic_ridge,valence,hybrid,0.027491694072997105
iemocap,20260922,3,0.0,quadratic_ridge,arousal,hybrid,0.4602252031525422
iemocap,20260922,3,0.0,quadratic_ridge,dominance,hybrid,0.293636867290408
iemocap,20260922,3,0.25,linear_ridge,valence,absolute,0.006455201565522678
iemocap,20260922,3,0.25,linear_ridge,arousal,absolute,0.34625907832622516
iemocap,20260922,3,0.25,linear_ridge,dominance,absolute,0.2514289364558608
iemocap,20260922,3,0.25,linear_ridge,valence,relative,0.00505441932627954
iemocap,20260922,3,0.25,linear_ridge,arousal,relative,0.4386447732127248
iemocap,20260922,3,0.25,linear_ridge,dominance,relative,0.28828453978169494
iemocap,20260922,3,0.25,linear_ridge,valence,hybrid,0.005365795698252522
iemocap,20260922,3,0.25,linear_ridge,arousal,hybrid,0.43855275628773693
iemocap,20260922,3,0.25,linear_ridge,dominance,hybrid,0.28843622479265135
iemocap,20260922,3,0.25,quadratic_ridge,valence,absolute,0.02146054150313067
iemocap,20260922,3,0.25,quadratic_ridge,arousal,absolute,0.37289926161020676
iemocap,20260922,3,0.25,quadratic_ridge,dominance,absolute,0.26381600280635387
iemocap,20260922,3,0.25,quadratic_ridge,valence,relative,0.02238977413683363
iemocap,20260922,3,0.25,quadratic_ridge,arousal,relative,0.4466448142722261
iemocap,20260922,3,0.25,quadratic_ridge,dominance,relative,0.2890025823137358
iemocap,20260922,3,0.25,quadratic_ridge,valence,hybrid,0.02821352566150656
iemocap,20260922,3,0.25,quadratic_ridge,arousal,hybrid,0.4539363204600021
iemocap,20260922,3,0.25,quadratic_ridge,dominance,hybrid,0.2934915895492197
iemocap,20260922,3,0.5,linear_ridge,valence,absolute,0.0069746511034855544
iemocap,20260922,3,0.5,linear_ridge,arousal,absolute,0.3609018874351048
iemocap,20260922,3,0.5,linear_ridge,dominance,absolute,0.2547191337293981
iemocap,20260922,3,0.5,linear_ridge,valence,relative,0.004987683314321936
iemocap,20260922,3,0.5,linear_ridge,arousal,relative,0.43561287221706924
iemocap,20260922,3,0.5,linear_ridge,dominance,relative,0.2883583245617603
iemocap,20260922,3,0.5,linear_ridge,valence,hybrid,0.006022316604250614
iemocap,20260922,3,0.5,linear_ridge,arousal,hybrid,0.4306134475185525
iemocap,20260922,3,0.5,linear_ridge,dominance,hybrid,0.28822414033392263
iemocap,20260922,3,0.5,quadratic_ridge,valence,absolute,0.02204332518927411
iemocap,20260922,3,0.5,quadratic_ridge,arousal,absolute,0.3894837914725209
iemocap,20260922,3,0.5,quadratic_ridge,dominance,absolute,0.26774852477156924
iemocap,20260922,3,0.5,quadratic_ridge,valence,relative,0.022584528152224972
iemocap,20260922,3,0.5,quadratic_ridge,arousal,relative,0.4437402511911236
iemocap,20260922,3,0.5,quadratic_ridge,dominance,relative,0.2888635097357852
iemocap,20260922,3,0.5,quadratic_ridge,valence,hybrid,0.02897668065793393
iemocap,20260922,3,0.5,quadratic_ridge,arousal,hybrid,0.43664685440531703
iemocap,20260922,3,0.5,quadratic_ridge,dominance,hybrid,0.29259948057054913
iemocap,20260922,3,0.75,linear_ridge,valence,absolute,0.007630871747551915
iemocap,20260922,3,0.75,linear_ridge,arousal,absolute,0.3738564261625082
iemocap,20260922,3,0.75,linear_ridge,dominance,absolute,0.2577123067279543
iemocap,20260922,3,0.75,linear_ridge,valence,relative,0.0049077040145160305
iemocap,20260922,3,0.75,linear_ridge,arousal,relative,0.4316352877234749
iemocap,20260922,3,0.75,linear_ridge,dominance,relative,0.28816225224285447
iemocap,20260922,3,0.75,linear_ridge,valence,hybrid,0.0070719960065319075
iemocap,20260922,3,0.75,linear_ridge,arousal,hybrid,0.41780233247022325
iemocap,20260922,3,0.75,linear_ridge,dominance,hybrid,0.2876728178680648
iemocap,20260922,3,0.75,quadratic_ridge,valence,absolute,0.022707668212502283
iemocap,20260922,3,0.75,quadratic_ridge,arousal,absolute,0.40440080973728554
iemocap,20260922,3,0.75,quadratic_ridge,dominance,absolute,0.27132540689493756
iemocap,20260922,3,0.75,quadratic_ridge,valence,relative,0.022718463209002417
iemocap,20260922,3,0.75,quadratic_ridge,arousal,relative,0.43978876378643933
iemocap,20260922,3,0.75,quadratic_ridge,dominance,relative,0.2884371284687036
iemocap,20260922,3,0.75,quadratic_ridge,valence,hybrid,0.029776031913416316
iemocap,20260922,3,0.75,quadratic_ridge,arousal,hybrid,0.40928938265653503
iemocap,20260922,3,0.75,quadratic_ridge,dominance,hybrid,0.29097177532521684
iemocap,20260922,3,1.0,linear_ridge,valence,absolute,0.008415810867578854
iemocap,20260922,3,1.0,linear_ridge,arousal,absolute,0.3850522196598197
iemocap,20260922,3,1.0,linear_ridge,dominance,absolute,0.2604060249924226
iemocap,20260922,3,1.0,linear_ridge,valence,relative,0.004815443341901014
iemocap,20260922,3,1.0,linear_ridge,arousal,relative,0.42675626388828797
iemocap,20260922,3,1.0,linear_ridge,dominance,relative,0.28769888606091143
iemocap,20260922,3,1.0,linear_ridge,valence,hybrid,0.008498091837538701
iemocap,20260922,3,1.0,linear_ridge,arousal,hybrid,0.40039193356844827
iemocap,20260922,3,1.0,linear_ridge,dominance,hybrid,0.286789918001039
iemocap,20260922,3,1.0,quadratic_ridge,valence,absolute,0.023446490831090225
iemocap,20260922,3,1.0,quadratic_ridge,arousal,absolute,0.4175709006864898
iemocap,20260922,3,1.0,quadratic_ridge,dominance,absolute,0.2745447824868554
iemocap,20260922,3,1.0,quadratic_ridge,valence,relative,0.022791514382169795
iemocap,20260922,3,1.0,quadratic_ridge,arousal,relative,0.43483617021745075
iemocap,20260922,3,1.0,quadratic_ridge,dominance,relative,0.2877276905083634
iemocap,20260922,3,1.0,quadratic_ridge,valence,hybrid,0.030606522104439312
iemocap,20260922,3,1.0,quadratic_ridge,arousal,hybrid,0.37325316723483065
iemocap,20260922,3,1.0,quadratic_ridge,dominance,hybrid,0.2886273366350234
iemocap,20260922,4,0.0,linear_ridge,valence,absolute,0.011172105227797713
iemocap,20260922,4,0.0,linear_ridge,arousal,absolute,0.34265884610610836
iemocap,20260922,4,0.0,linear_ridge,dominance,absolute,0.24637010592605801
iemocap,20260922,4,0.0,linear_ridge,valence,relative,0.011177253983227553
iemocap,20260922,4,0.0,linear_ridge,arousal,relative,0.514700066751611
iemocap,20260922,4,0.0,linear_ridge,dominance,relative,0.30938043207072935
iemocap,20260922,4,0.0,linear_ridge,valence,hybrid,0.011183580718624369
iemocap,20260922,4,0.0,linear_ridge,arousal,hybrid,0.5154741105884209
iemocap,20260922,4,0.0,linear_ridge,dominance,hybrid,0.30976389695786655
iemocap,20260922,4,0.0,quadratic_ridge,valence,absolute,0.020704008738641217
iemocap,20260922,4,0.0,quadratic_ridge,arousal,absolute,0.292213021862233
iemocap,20260922,4,0.0,quadratic_ridge,dominance,absolute,0.22549581850183564
iemocap,20260922,4,0.0,quadratic_ridge,valence,relative,0.0387622173711822
iemocap,20260922,4,0.0,quadratic_ridge,arousal,relative,0.5385079872132708
iemocap,20260922,4,0.0,quadratic_ridge,dominance,relative,0.33092051988708904
iemocap,20260922,4,0.0,quadratic_ridge,valence,hybrid,0.045478093289170525
iemocap,20260922,4,0.0,quadratic_ridge,arousal,hybrid,0.5093017266512214
iemocap,20260922,4,0.0,quadratic_ridge,dominance,hybrid,0.30608205831788465
iemocap,20260922,4,0.25,linear_ridge,valence,absolute,0.01073618749093907
iemocap,20260922,4,0.25,linear_ridge,arousal,absolute,0.34653746480441755
iemocap,20260922,4,0.25,linear_ridge,dominance,absolute,0.24717470694147445
iemocap,20260922,4,0.25,linear_ridge,valence,relative,0.011161977101185345
iemocap,20260922,4,0.25,linear_ridge,arousal,relative,0.5146531566472001
iemocap,20260922,4,0.25,linear_ridge,dominance,relative,0.3097940911822534
iemocap,20260922,4,0.25,linear_ridge,valence,hybrid,0.011185851042462539
iemocap,20260922,4,0.25,linear_ridge,arousal,hybrid,0.5168360033849683
iemocap,20260922,4,0.25,linear_ridge,dominance,hybrid,0.31084065820083745
iemocap,20260922,4,0.25,quadratic_ridge,valence,absolute,0.020047799350038076
iemocap,20260922,4,0.25,quadratic_ridge,arousal,absolute,0.29370681872496934
iemocap,20260922,4,0.25,quadratic_ridge,dominance,absolute,0.2276137423221694
iemocap,20260922,4,0.25,quadratic_ridge,valence,relative,0.03884531872508363
iemocap,20260922,4,0.25,quadratic_ridge,arousal,relative,0.5382112842394864
iemocap,20260922,4,0.25,quadratic_ridge,dominance,relative,0.3304922991130888
iemocap,20260922,4,0.25,quadratic_ridge,valence,hybrid,0.0455091347252323
iemocap,20260922,4,0.25,quadratic_ridge,arousal,hybrid,0.4793463077424168
iemocap,20260922,4,0.25,quadratic_ridge,dominance,hybrid,0.30636197352723776
iemocap,20260922,4,0.5,linear_ridge,valence,absolute,0.010292244521414192
iemocap,20260922,4,0.5,linear_ridge,arousal,absolute,0.3498427286759705
iemocap,20260922,4,0.5,linear_ridge,dominance,absolute,0.24346416737077928
iemocap,20260922,4,0.5,linear_ridge,valence,relative,0.011145201663386457
iemocap,20260922,4,0.5,linear_ridge,arousal,relative,0.5137089495651388
iemocap,20260922,4,0.5,linear_ridge,dominance,relative,0.3048650078811017
iemocap,20260922,4,0.5,linear_ridge,valence,hybrid,0.011163069635707729
iemocap,20260922,4,0.5,linear_ridge,arousal,hybrid,0.5179137636720743
iemocap,20260922,4,0.5,linear_ridge,dominance,hybrid,0.3083792189906979
iemocap,20260922,4,0.5,quadratic_ridge,valence,absolute,0.01937706564767592
iemocap,20260922,4,0.5,quadratic_ridge,arousal,absolute,0.2947033704941991
iemocap,20260922,4,0.5,quadratic_ridge,dominance,absolute,0.22576128339912732
iemocap,20260922,4,0.5,quadratic_ridge,valence,relative,0.03892255226334707
iemocap,20260922,4,0.5,quadratic_ridge,arousal,relative,0.5370173005490132
iemocap,20260922,4,0.5,quadratic_ridge,dominance,relative,0.32446972024439474
iemocap,20260922,4,0.5,quadratic_ridge,valence,hybrid,0.04545914844915752
iemocap,20260922,4,0.5,quadratic_ridge,arousal,hybrid,0.3901553750550338
iemocap,20260922,4,0.5,quadratic_ridge,dominance,hybrid,0.3031231870869639
iemocap,20260922,4,0.75,linear_ridge,valence,absolute,0.009840329647360367
iemocap,20260922,4,0.75,linear_ridge,arousal,absolute,0.3524601307299753
iemocap,20260922,4,0.75,linear_ridge,dominance,absolute,0.23559750839237653
iemocap,20260922,4,0.75,linear_ridge,valence,relative,0.011126974671948904
iemocap,20260922,4,0.75,linear_ridge,arousal,relative,0.5119329367549732
iemocap,20260922,4,0.75,linear_ridge,dominance,relative,0.2952701363160408
iemocap,20260922,4,0.75,linear_ridge,valence,hybrid,0.011115277461785169
iemocap,20260922,4,0.75,linear_ridge,arousal,hybrid,0.5187138529347366
iemocap,20260922,4,0.75,linear_ridge,dominance,hybrid,0.3026924901616205
iemocap,20260922,4,0.75,quadratic_ridge,valence,absolute,0.018691915974505684
iemocap,20260922,4,0.75,quadratic_ridge,arousal,absolute,0.2951151832446974
iemocap,20260922,4,0.75,quadratic_ridge,dominance,absolute,0.22018911562892396
iemocap,20260922,4,0.75,quadratic_ridge,valence,relative,0.038994170106356134
iemocap,20260922,4,0.75,quadratic_ridge,arousal,relative,0.5349973291107819
iemocap,20260922,4,0.75,quadratic_ridge,dominance,relative,0.3135912663259902
iemocap,20260922,4,0.75,quadratic_ridge,valence,hybrid,0.045329705204835175
iemocap,20260922,4,0.75,quadratic_ridge,arousal,hybrid,0.2932047909560138
iemocap,20260922,4,0.75,quadratic_ridge,dominance,hybrid,0.29666493700084445
iemocap,20260922,4,1.0,linear_ridge,valence,absolute,0.009380578769644462
iemocap,20260922,4,1.0,linear_ridge,arousal,absolute,0.35445042968866314
iemocap,20260922,4,1.0,linear_ridge,dominance,absolute,0.22431638868770953
iemocap,20260922,4,1.0,linear_ridge,valence,relative,0.011107230049423135
iemocap,20260922,4,1.0,linear_ridge,arousal,relative,0.5092920670825771
iemocap,20260922,4,1.0,linear_ridge,dominance,relative,0.28201333865725636
iemocap,20260922,4,1.0,linear_ridge,valence,hybrid,0.01104244533012655
iemocap,20260922,4,1.0,linear_ridge,arousal,hybrid,0.5192262981645782
iemocap,20260922,4,1.0,linear_ridge,dominance,hybrid,0.2942920427651005
iemocap,20260922,4,1.0,quadratic_ridge,valence,absolute,0.017992631539229188
iemocap,20260922,4,1.0,quadratic_ridge,arousal,absolute,0.29500344503888853
iemocap,20260922,4,1.0,quadratic_ridge,dominance,absolute,0.2114987640604202
iemocap,20260922,4,1.0,quadratic_ridge,valence,relative,0.03905985928221388
iemocap,20260922,4,1.0,quadratic_ridge,arousal,relative,0.532111550824322
iemocap,20260922,4,1.0,quadratic_ridge,dominance,relative,0.29892573304886455
iemocap,20260922,4,1.0,quadratic_ridge,valence,hybrid,0.04512095464971094
iemocap,20260922,4,1.0,quadratic_ridge,arousal,hybrid,0.21482009107545302
iemocap,20260922,4,1.0,quadratic_ridge,dominance,hybrid,0.2874667615149101
