seed,fold,lambda,attribute_set,target,representation,ccc
20260920,0,0.0,f0_variability,valence,absolute,0.01037136197565376
20260920,0,0.0,f0_variability,arousal,absolute,0.053053447088006925
20260920,0,0.0,f0_variability,dominance,absolute,0.03287660331421867
20260920,0,0.0,f0_variability,valence,relative,0.012489610648828836
20260920,0,0.0,f0_variability,arousal,relative,0.06368312874956719
20260920,0,0.0,f0_variability,dominance,relative,0.03952600003413288
20260920,0,0.0,f0_variability,valence,hybrid,0.012495530584091601
20260920,0,0.0,f0_variability,arousal,hybrid,0.06371185309815082
20260920,0,0.0,f0_variability,dominance,hybrid,0.03954424794247135
20260920,0,0.0,pause_ratio,valence,absolute,0.00036925501496280457
20260920,0,0.0,pause_ratio,arousal,absolute,0.019547448173178522
20260920,0,0.0,pause_ratio,dominance,absolute,0.019821612166574118
20260920,0,0.0,pause_ratio,valence,relative,0.0004979199417861951
20260920,0,0.0,pause_ratio,arousal,relative,0.02625173913783344
20260920,0,0.0,pause_ratio,dominance,relative,0.026616143043281575
20260920,0,0.0,pause_ratio,valence,hybrid,0.0004986634896902556
20260920,0,0.0,pause_ratio,arousal,hybrid,0.026289538706791918
20260920,0,0.0,pause_ratio,dominance,hybrid,0.02665444756066517
20260920,0,0.0,voiced_ratio,valence,absolute,0.0009049060402185269
20260920,0,0.0,voiced_ratio,arousal,absolute,0.038988045214841234
20260920,0,0.0,voiced_ratio,dominance,absolute,0.03079209778038452
20260920,0,0.0,voiced_ratio,valence,relative,0.001546549838123589
20260920,0,0.0,voiced_ratio,arousal,relative,0.06561012632048174
20260920,0,0.0,voiced_ratio,dominance,relative,0.05194942398950556
20260920,0,0.0,voiced_ratio,valence,hybrid,0.001550684427937706
20260920,0,0.0,voiced_ratio,arousal,hybrid,0.06577925302238544
20260920,0,0.0,voiced_ratio,dominance,hybrid,0.05208417299869957
20260920,0,0.0,expanded_temporal,valence,absolute,0.011876013424701529
20260920,0,0.0,expanded_temporal,arousal,absolute,0.09748958421248935
20260920,0,0.0,expanded_temporal,dominance,absolute,0.06869305859817508
20260920,0,0.0,expanded_temporal,valence,relative,0.01470555453158887
20260920,0,0.0,expanded_temporal,arousal,relative,0.13389232027506237
20260920,0,0.0,expanded_temporal,dominance,relative,0.09580759281325968
20260920,0,0.0,expanded_temporal,valence,hybrid,0.014827171232871606
20260920,0,0.0,expanded_temporal,arousal,hybrid,0.134957205754306
20260920,0,0.0,expanded_temporal,dominance,hybrid,0.09649935272668221
20260920,0,0.25,f0_variability,valence,absolute,0.010483851861572448
20260920,0,0.25,f0_variability,arousal,absolute,0.08239587011399585
20260920,0,0.25,f0_variability,dominance,absolute,0.0537258809945961
20260920,0,0.25,f0_variability,valence,relative,0.012821043317496282
20260920,0,0.25,f0_variability,arousal,relative,0.058777608729450426
20260920,0,0.25,f0_variability,dominance,relative,0.036153280086423704
20260920,0,0.25,f0_variability,valence,hybrid,0.012820141771167236
20260920,0,0.25,f0_variability,arousal,hybrid,0.08392590794161392
20260920,0,0.25,f0_variability,dominance,hybrid,0.05564984222553872
20260920,0,0.25,pause_ratio,valence,absolute,0.0008349430160452704
20260920,0,0.25,pause_ratio,arousal,absolute,0.0351181443210983
20260920,0,0.25,pause_ratio,dominance,absolute,0.031148176736284824
20260920,0,0.25,pause_ratio,valence,relative,0.00033183415174534685
20260920,0,0.25,pause_ratio,arousal,relative,0.022998434689846622
20260920,0,0.25,pause_ratio,dominance,relative,0.02462256085772478
20260920,0,0.25,pause_ratio,valence,hybrid,0.0009573914577194276
20260920,0,0.25,pause_ratio,arousal,hybrid,0.03525552397215312
20260920,0,0.25,pause_ratio,dominance,hybrid,0.03132784095528008
20260920,0,0.25,voiced_ratio,valence,absolute,0.001199918783436314
20260920,0,0.25,voiced_ratio,arousal,absolute,0.07411532942086262
20260920,0,0.25,voiced_ratio,dominance,absolute,0.05480866529021354
20260920,0,0.25,voiced_ratio,valence,relative,0.001503441698871103
20260920,0,0.25,voiced_ratio,arousal,relative,0.059593822979332314
20260920,0,0.25,voiced_ratio,dominance,relative,0.04778973993983035
20260920,0,0.25,voiced_ratio,valence,hybrid,0.0015644078180269637
20260920,0,0.25,voiced_ratio,arousal,hybrid,0.07811337877110582
20260920,0,0.25,voiced_ratio,dominance,hybrid,0.059418030008674495
20260920,0,0.25,expanded_temporal,valence,absolute,0.012245066995024343
20260920,0,0.25,expanded_temporal,arousal,absolute,0.16285557928279812
20260920,0,0.25,expanded_temporal,dominance,absolute,0.11475495996476362
20260920,0,0.25,expanded_temporal,valence,relative,0.015057324917860696
20260920,0,0.25,expanded_temporal,arousal,relative,0.12306287533770024
20260920,0,0.25,expanded_temporal,dominance,relative,0.08813301002965417
20260920,0,0.25,expanded_temporal,valence,hybrid,0.01573571303599781
20260920,0,0.25,expanded_temporal,arousal,hybrid,0.16775430418223128
20260920,0,0.25,expanded_temporal,dominance,hybrid,0.11984167790006221
20260920,0,0.5,f0_variability,valence,absolute,0.010203680647963911
20260920,0,0.5,f0_variability,arousal,absolute,0.10714057415540676
20260920,0,0.5,f0_variability,dominance,absolute,0.07347451274574715
20260920,0,0.5,f0_variability,valence,relative,0.012662377513187223
20260920,0,0.5,f0_variability,arousal,relative,0.05014509702917097
20260920,0,0.5,f0_variability,dominance,relative,0.03097642345443822
20260920,0,0.5,f0_variability,valence,hybrid,0.012658847988814366
20260920,0,0.5,f0_variability,arousal,hybrid,0.13396255788944086
20260920,0,0.5,f0_variability,dominance,hybrid,0.09806035742020121
20260920,0,0.5,pause_ratio,valence,absolute,0.0014123890449429827
20260920,0,0.5,pause_ratio,arousal,absolute,0.049861092761687785
20260920,0,0.5,pause_ratio,dominance,absolute,0.04155289884070191
20260920,0,0.5,pause_ratio,valence,relative,0.00018305041914507922
20260920,0,0.5,pause_ratio,arousal,relative,0.01854540759523517
20260920,0,0.5,pause_ratio,dominance,relative,0.021353027252333918
20260920,0,0.5,pause_ratio,valence,hybrid,0.002465140532150374
20260920,0,0.5,pause_ratio,arousal,hybrid,0.059064400742147825
20260920,0,0.5,pause_ratio,dominance,hybrid,0.04369001975658965
20260920,0,0.5,voiced_ratio,valence,absolute,0.001464665610647145
20260920,0,0.5,voiced_ratio,arousal,absolute,0.10804534580862706
20260920,0,0.5,voiced_ratio,dominance,absolute,0.07870698543632755
20260920,0,0.5,voiced_ratio,valence,relative,0.001402218092551512
20260920,0,0.5,voiced_ratio,arousal,relative,0.05001424967946015
20260920,0,0.5,voiced_ratio,dominance,relative,0.04122421103195666
20260920,0,0.5,voiced_ratio,valence,hybrid,0.0015652249839522897
20260920,0,0.5,voiced_ratio,arousal,hybrid,0.10881263773831376
20260920,0,0.5,voiced_ratio,dominance,hybrid,0.07873493887250037
20260920,0,0.5,expanded_temporal,valence,absolute,0.012246116441159806
20260920,0,0.5,expanded_temporal,arousal,absolute,0.22034260927451305
20260920,0,0.5,expanded_temporal,dominance,absolute,0.1584529211901577
20260920,0,0.5,expanded_temporal,valence,relative,0.014864271052615941
20260920,0,0.5,expanded_temporal,arousal,relative,0.10476923175847089
20260920,0,0.5,expanded_temporal,dominance,relative,0.0760827745075601
20260920,0,0.5,expanded_temporal,valence,hybrid,0.017098016876604255
20260920,0,0.5,expanded_temporal,arousal,hybrid,0.2404076989203738
20260920,0,0.5,expanded_temporal,dominance,hybrid,0.17594396529243364
20260920,0,0.75,f0_variability,valence,absolute,0.00961873790713196
20260920,0,0.75,f0_variability,arousal,absolute,0.12398711288508865
20260920,0,0.75,f0_variability,dominance,absolute,0.08918721886307991
20260920,0,0.75,f0_variability,valence,relative,0.012103963946429593
20260920,0,0.75,f0_variability,arousal,relative,0.04051506179948125
20260920,0,0.75,f0_variability,dominance,relative,0.025274323356225672
20260920,0,0.75,f0_variability,valence,hybrid,0.01210161004737991
20260920,0,0.75,f0_variability,arousal,hybrid,0.19194448364255795
20260920,0,0.75,f0_variability,dominance,hybrid,0.15086874877435127
20260920,0,0.75,pause_ratio,valence,absolute,0.0020255938384450296
20260920,0,0.75,pause_ratio,arousal,absolute,0.06114473768921877
20260920,0,0.75,pause_ratio,dominance,absolute,0.049569501189248126
20260920,0,0.75,pause_ratio,valence,relative,6.408808066249658e-05
20260920,0,0.75,pause_ratio,arousal,relative,0.014107301655653449
20260920,0,0.75,pause_ratio,dominance,relative,0.017650175742806376
20260920,0,0.75,pause_ratio,valence,hybrid,0.004705317673659745
20260920,0,0.75,pause_ratio,arousal,hybrid,0.08793287872645142
20260920,0,0.75,pause_ratio,dominance,hybrid,0.059528002474529856
20260920,0,0.75,voiced_ratio,valence,absolute,0.0016767927882958954
20260920,0,0.75,voiced_ratio,arousal,absolute,0.13446156719156724
20260920,0,0.75,voiced_ratio,dominance,absolute,0.09855594935470754
20260920,0,0.75,voiced_ratio,valence,relative,0.001262002367915359
20260920,0,0.75,voiced_ratio,arousal,relative,0.03972792690689696
20260920,0,0.75,voiced_ratio,dominance,relative,0.033889421722185585
20260920,0,0.75,voiced_ratio,valence,hybrid,0.0015549888832426825
20260920,0,0.75,voiced_ratio,arousal,hybrid,0.14537439710940128
20260920,0,0.75,voiced_ratio,dominance,hybrid,0.103423739229505
20260920,0,0.75,expanded_temporal,valence,absolute,0.011935072140871172
20260920,0,0.75,expanded_temporal,arousal,absolute,0.2616087819163406
20260920,0,0.75,expanded_temporal,dominance,absolute,0.19328941057242366
20260920,0,0.75,expanded_temporal,valence,relative,0.014228416038786726
20260920,0,0.75,expanded_temporal,arousal,relative,0.08451031759918473
20260920,0,0.75,expanded_temporal,dominance,relative,0.06259872823878086
20260920,0,0.75,expanded_temporal,valence,hybrid,0.01870483151644722
20260920,0,0.75,expanded_temporal,arousal,hybrid,0.3208199120313347
20260920,0,0.75,expanded_temporal,dominance,hybrid,0.24349066768990507
20260920,0,1.0,f0_variability,valence,absolute,0.008851703946758492
20260920,0,1.0,f0_variability,arousal,absolute,0.13356883693280486
20260920,0,1.0,f0_variability,dominance,absolute,0.1001639965711416
20260920,0,1.0,f0_variability,valence,relative,0.01128761116484131
20260920,0,1.0,f0_variability,arousal,relative,0.03179367142374746
20260920,0,1.0,f0_variability,dominance,relative,0.02000592418443366
20260920,0,1.0,f0_variability,valence,hybrid,0.01128928342063622
20260920,0,1.0,f0_variability,arousal,hybrid,0.24370131287702568
20260920,0,1.0,f0_variability,dominance,hybrid,0.20158459837471007
20260920,0,1.0,pause_ratio,valence,absolute,0.002610689311164975
20260920,0,1.0,pause_ratio,arousal,absolute,0.06860047330173236
20260920,0,1.0,pause_ratio,dominance,absolute,0.05495071450244052
20260920,0,1.0,pause_ratio,valence,relative,-2.099428600375112e-05
20260920,0,1.0,pause_ratio,arousal,relative,0.010382651024530254
20260920,0,1.0,pause_ratio,dominance,relative,0.014168267012034687
20260920,0,1.0,pause_ratio,valence,hybrid,0.007304640310208264
20260920,0,1.0,pause_ratio,arousal,hybrid,0.11479381039715333
20260920,0,1.0,pause_ratio,dominance,hybrid,0.07525903734948337
20260920,0,1.0,voiced_ratio,valence,absolute,0.0018290766756124956
20260920,0,1.0,voiced_ratio,arousal,absolute,0.15235378692876267
20260920,0,1.0,voiced_ratio,dominance,absolute,0.11310393109527235
20260920,0,1.0,voiced_ratio,valence,relative,0.0011044738072449299
20260920,0,1.0,voiced_ratio,arousal,relative,0.03062666945815184
20260920,0,1.0,voiced_ratio,dominance,relative,0.027041661827341957
20260920,0,1.0,voiced_ratio,valence,hybrid,0.0015372291957891507
20260920,0,1.0,voiced_ratio,arousal,hybrid,0.17900505333216118
20260920,0,1.0,voiced_ratio,dominance,hybrid,0.12788633066567148
20260920,0,1.0,expanded_temporal,valence,absolute,0.01141167840234871
20260920,0,1.0,expanded_temporal,arousal,absolute,0.2873781608172453
20260920,0,1.0,expanded_temporal,dominance,absolute,0.21789405121207128
20260920,0,1.0,expanded_temporal,valence,relative,0.013308358788349526
20260920,0,1.0,expanded_temporal,arousal,relative,0.0661675506826233
20260920,0,1.0,expanded_temporal,dominance,relative,0.049970326808352436
20260920,0,1.0,expanded_temporal,valence,hybrid,0.020354429733489002
20260920,0,1.0,expanded_temporal,arousal,hybrid,0.39020904433233083
20260920,0,1.0,expanded_temporal,dominance,hybrid,0.30676658256899314
20260920,1,0.0,f0_variability,valence,absolute,0.0111862686215621
20260920,1,0.0,f0_variability,arousal,absolute,0.05152965860722786
20260920,1,0.0,f0_variability,dominance,absolute,0.0298794171369745
20260920,1,0.0,f0_variability,valence,relative,0.01367077261673464
20260920,1,0.0,f0_variability,arousal,relative,0.06266887077902879
20260920,1,0.0,f0_variability,dominance,relative,0.036422981167543805
20260920,1,0.0,f0_variability,valence,hybrid,0.013675412269678186
20260920,1,0.0,f0_variability,arousal,hybrid,0.0626901346526028
20260920,1,0.0,f0_variability,dominance,hybrid,0.03643533023018825
20260920,1,0.0,pause_ratio,valence,absolute,0.00015036560523582856
20260920,1,0.0,pause_ratio,arousal,absolute,0.02138575425838147
20260920,1,0.0,pause_ratio,dominance,absolute,0.02306151873806096
20260920,1,0.0,pause_ratio,valence,relative,0.00020274862489237492
20260920,1,0.0,pause_ratio,arousal,relative,0.02872477614324932
20260920,1,0.0,pause_ratio,dominance,relative,0.03098251324450187
20260920,1,0.0,pause_ratio,valence,hybrid,0.00020299048215122336
20260920,1,0.0,pause_ratio,arousal,hybrid,0.02875836495612446
20260920,1,0.0,pause_ratio,dominance,hybrid,0.031018736283116747
20260920,1,0.0,voiced_ratio,valence,absolute,0.0007989594912784378
20260920,1,0.0,voiced_ratio,arousal,absolute,0.04035129788703903
20260920,1,0.0,voiced_ratio,dominance,absolute,0.03361316410290225
20260920,1,0.0,voiced_ratio,valence,relative,0.0013616081653443897
20260920,1,0.0,voiced_ratio,arousal,relative,0.06779629176664513
20260920,1,0.0,voiced_ratio,dominance,relative,0.056664836889849045
20260920,1,0.0,voiced_ratio,valence,hybrid,0.001365120697261862
20260920,1,0.0,voiced_ratio,arousal,hybrid,0.06796615285782916
20260920,1,0.0,voiced_ratio,dominance,hybrid,0.056807778685283514
20260920,1,0.0,expanded_temporal,valence,absolute,0.01276083089454064
20260920,1,0.0,expanded_temporal,arousal,absolute,0.09827899144531554
20260920,1,0.0,expanded_temporal,dominance,absolute,0.06968633183178963
20260920,1,0.0,expanded_temporal,valence,relative,0.01588577570049983
20260920,1,0.0,expanded_temporal,arousal,relative,0.13553685428279083
20260920,1,0.0,expanded_temporal,dominance,relative,0.09816164312651063
20260920,1,0.0,expanded_temporal,valence,hybrid,0.01603144742307775
20260920,1,0.0,expanded_temporal,arousal,hybrid,0.13663890795987502
20260920,1,0.0,expanded_temporal,dominance,hybrid,0.09887037351873722
20260920,1,0.25,f0_variability,valence,absolute,0.011329056596908015
20260920,1,0.25,f0_variability,arousal,absolute,0.07757774929212609
20260920,1,0.25,f0_variability,dominance,absolute,0.0474372840777188
20260920,1,0.25,f0_variability,valence,relative,0.013656993744598415
20260920,1,0.25,f0_variability,arousal,relative,0.05718559407846989
20260920,1,0.25,f0_variability,dominance,relative,0.03306156998222696
20260920,1,0.25,f0_variability,valence,hybrid,0.013636060837252491
20260920,1,0.25,f0_variability,arousal,hybrid,0.07822978709827394
20260920,1,0.25,f0_variability,dominance,hybrid,0.04840553740517486
20260920,1,0.25,pause_ratio,valence,absolute,0.0004560517429073153
20260920,1,0.25,pause_ratio,arousal,absolute,0.03795842376760491
20260920,1,0.25,pause_ratio,dominance,absolute,0.037185375789654564
20260920,1,0.25,pause_ratio,valence,relative,6.0272124086333766e-05
20260920,1,0.25,pause_ratio,arousal,relative,0.025401699200837603
20260920,1,0.25,pause_ratio,dominance,relative,0.029035459872768503
20260920,1,0.25,pause_ratio,valence,hybrid,0.0006293039620214299
20260920,1,0.25,pause_ratio,arousal,hybrid,0.03801382528455867
20260920,1,0.25,pause_ratio,dominance,hybrid,0.03734269166621585
20260920,1,0.25,voiced_ratio,valence,absolute,0.0014235595521984168
20260920,1,0.25,voiced_ratio,arousal,absolute,0.07670827556324242
20260920,1,0.25,voiced_ratio,dominance,absolute,0.05918612433970979
20260920,1,0.25,voiced_ratio,valence,relative,0.0011359940649034866
20260920,1,0.25,voiced_ratio,arousal,relative,0.0618750078375758
20260920,1,0.25,voiced_ratio,dominance,relative,0.05289107059592129
20260920,1,0.25,voiced_ratio,valence,hybrid,0.0014180001012785908
20260920,1,0.25,voiced_ratio,arousal,hybrid,0.08085541263152743
20260920,1,0.25,voiced_ratio,dominance,hybrid,0.06465569011523266
20260920,1,0.25,expanded_temporal,valence,absolute,0.013591307585127185
20260920,1,0.25,expanded_temporal,arousal,absolute,0.1619607706068787
20260920,1,0.25,expanded_temporal,dominance,absolute,0.11476278834763833
20260920,1,0.25,expanded_temporal,valence,relative,0.0157424683701524
20260920,1,0.25,expanded_temporal,arousal,relative,0.12413697590001536
20260920,1,0.25,expanded_temporal,dominance,relative,0.0908492617995695
20260920,1,0.25,expanded_temporal,valence,hybrid,0.016524943887726178
20260920,1,0.25,expanded_temporal,arousal,hybrid,0.1664469268375659
20260920,1,0.25,expanded_temporal,dominance,hybrid,0.11977661262407654
20260920,1,0.5,f0_variability,valence,absolute,0.011077113018283041
20260920,1,0.5,f0_variability,arousal,absolute,0.09832363003134323
20260920,1,0.5,f0_variability,dominance,absolute,0.06353504496538077
20260920,1,0.5,f0_variability,valence,relative,0.013177388517442575
20260920,1,0.5,f0_variability,arousal,relative,0.0479753419366673
20260920,1,0.5,f0_variability,dominance,relative,0.028020215111689232
20260920,1,0.5,f0_variability,valence,hybrid,0.013071612707338729
20260920,1,0.5,f0_variability,arousal,hybrid,0.11844205199209518
20260920,1,0.5,f0_variability,dominance,hybrid,0.08113589622560174
20260920,1,0.5,pause_ratio,valence,absolute,0.0008590156774345326
20260920,1,0.5,pause_ratio,arousal,absolute,0.053172196192053295
20260920,1,0.5,pause_ratio,dominance,absolute,0.05029680506698942
20260920,1,0.5,pause_ratio,valence,relative,-2.8736630921336023e-05
20260920,1,0.5,pause_ratio,arousal,relative,0.02058993646584409
20260920,1,0.5,pause_ratio,dominance,relative,0.025438083089222564
20260920,1,0.5,pause_ratio,valence,hybrid,0.0020784352748466233
20260920,1,0.5,pause_ratio,arousal,hybrid,0.06205361941999746
20260920,1,0.5,pause_ratio,dominance,hybrid,0.053257945305441506
20260920,1,0.5,voiced_ratio,valence,absolute,0.002094155199720426
20260920,1,0.5,voiced_ratio,arousal,absolute,0.11114678610815665
20260920,1,0.5,voiced_ratio,dominance,absolute,0.0841607620720523
20260920,1,0.5,voiced_ratio,valence,relative,0.0008933292386868643
20260920,1,0.5,voiced_ratio,arousal,relative,0.051921093202785325
20260920,1,0.5,voiced_ratio,dominance,relative,0.04616389057906557
20260920,1,0.5,voiced_ratio,valence,hybrid,0.0018280201887912895
20260920,1,0.5,voiced_ratio,arousal,hybrid,0.11172844202375752
20260920,1,0.5,voiced_ratio,dominance,hybrid,0.08381443616072548
20260920,1,0.5,expanded_temporal,valence,absolute,0.01405264197875914
20260920,1,0.5,expanded_temporal,arousal,absolute,0.21632150246578735
20260920,1,0.5,expanded_temporal,dominance,absolute,0.1565637783325589
20260920,1,0.5,expanded_temporal,valence,relative,0.015111466749385018
20260920,1,0.5,expanded_temporal,arousal,relative,0.10475353609787189
20260920,1,0.5,expanded_temporal,dominance,relative,0.07867669775300982
20260920,1,0.5,expanded_temporal,valence,hybrid,0.017318912015617062
20260920,1,0.5,expanded_temporal,arousal,hybrid,0.23185211244725773
20260920,1,0.5,expanded_temporal,dominance,hybrid,0.16909648629336904
20260920,1,0.75,f0_variability,valence,absolute,0.010510136712975177
20260920,1,0.75,f0_variability,arousal,absolute,0.11129933088505435
20260920,1,0.75,f0_variability,dominance,absolute,0.07583067627837052
20260920,1,0.75,f0_variability,valence,relative,0.012343223579054569
20260920,1,0.75,f0_variability,arousal,relative,0.03803728279580906
20260920,1,0.75,f0_variability,dominance,relative,0.022575597028441714
20260920,1,0.75,f0_variability,valence,hybrid,0.012109762838869637
20260920,1,0.75,f0_variability,arousal,hybrid,0.1657796525893368
20260920,1,0.75,f0_variability,dominance,hybrid,0.12254255978260714
20260920,1,0.75,pause_ratio,valence,absolute,0.0013072862909314232
20260920,1,0.75,pause_ratio,arousal,absolute,0.06433382048969048
20260920,1,0.75,pause_ratio,dominance,absolute,0.06043244792377567
20260920,1,0.75,pause_ratio,valence,relative,-6.342190039704767e-05
20260920,1,0.75,pause_ratio,arousal,relative,0.015731129683978745
20260920,1,0.75,pause_ratio,dominance,relative,0.021217409697893597
20260920,1,0.75,pause_ratio,valence,hybrid,0.004265032462534389
20260920,1,0.75,pause_ratio,arousal,hybrid,0.09052160116886834
20260920,1,0.75,pause_ratio,dominance,hybrid,0.07324382378079426
20260920,1,0.75,voiced_ratio,valence,absolute,0.0027408387052792493
20260920,1,0.75,voiced_ratio,arousal,absolute,0.13717548453043404
20260920,1,0.75,voiced_ratio,dominance,absolute,0.1044051383866656
20260920,1,0.75,voiced_ratio,valence,relative,0.0006589505764476089
20260920,1,0.75,voiced_ratio,arousal,relative,0.041165335186315655
20260920,1,0.75,voiced_ratio,dominance,relative,0.03835325983557244
20260920,1,0.75,voiced_ratio,valence,hybrid,0.0025057194775891093
20260920,1,0.75,voiced_ratio,arousal,hybrid,0.14756263669506445
20260920,1,0.75,voiced_ratio,dominance,hybrid,0.10764768065975679
20260920,1,0.75,expanded_temporal,valence,absolute,0.014153938922069722
20260920,1,0.75,expanded_temporal,arousal,absolute,0.25370373824338865
20260920,1,0.75,expanded_temporal,dominance,absolute,0.18892046756194553
20260920,1,0.75,expanded_temporal,valence,relative,0.014121394338960164
20260920,1,0.75,expanded_temporal,arousal,relative,0.08357525242085245
20260920,1,0.75,expanded_temporal,dominance,relative,0.0648555195388705
20260920,1,0.75,expanded_temporal,valence,hybrid,0.018294750825825982
20260920,1,0.75,expanded_temporal,arousal,hybrid,0.30353759272293634
20260920,1,0.75,expanded_temporal,dominance,hybrid,0.2281558113088987
20260920,1,1.0,f0_variability,valence,absolute,0.009742941019491793
20260920,1,1.0,f0_variability,arousal,absolute,0.11770975551261904
20260920,1,1.0,f0_variability,dominance,absolute,0.08398315336740318
20260920,1,1.0,f0_variability,valence,relative,0.011300353881888332
20260920,1,1.0,f0_variability,arousal,relative,0.02930324921567292
20260920,1,1.0,f0_variability,dominance,relative,0.017640258394112058
20260920,1,1.0,f0_variability,valence,hybrid,0.010916323360210207
20260920,1,1.0,f0_variability,arousal,hybrid,0.20851903251544146
20260920,1,1.0,f0_variability,dominance,hybrid,0.1628265081140098
20260920,1,1.0,pause_ratio,valence,absolute,0.0017529564230209433
20260920,1,1.0,pause_ratio,arousal,absolute,0.07132985127356099
20260920,1,1.0,pause_ratio,dominance,absolute,0.0672458707884811
20260920,1,1.0,pause_ratio,valence,relative,-5.2387573252833506e-05
20260920,1,1.0,pause_ratio,arousal,relative,0.011649668510666978
20260920,1,1.0,pause_ratio,dominance,relative,0.017190914433865792
20260920,1,1.0,pause_ratio,valence,hybrid,0.006842078129266241
20260920,1,1.0,pause_ratio,arousal,hybrid,0.11638633488679806
20260920,1,1.0,pause_ratio,dominance,hybrid,0.0927670714583012
20260920,1,1.0,voiced_ratio,valence,absolute,0.0033136189016551923
20260920,1,1.0,voiced_ratio,arousal,absolute,0.1541842023449286
20260920,1,1.0,voiced_ratio,dominance,absolute,0.11881379793579518
20260920,1,1.0,voiced_ratio,valence,relative,0.00045103718539100246
20260920,1,1.0,voiced_ratio,arousal,relative,0.03170113483348607
20260920,1,1.0,voiced_ratio,dominance,relative,0.030938384635125268
20260920,1,1.0,voiced_ratio,valence,hybrid,0.003336260879150469
20260920,1,1.0,voiced_ratio,arousal,hybrid,0.17975280431609061
20260920,1,1.0,voiced_ratio,dominance,hybrid,0.13077895074707513
20260920,1,1.0,expanded_temporal,valence,absolute,0.013962922675531992
20260920,1,1.0,expanded_temporal,arousal,absolute,0.27575185406821423
20260920,1,1.0,expanded_temporal,dominance,absolute,0.21094596835402168
20260920,1,1.0,expanded_temporal,valence,relative,0.012932188570393304
20260920,1,1.0,expanded_temporal,arousal,relative,0.0647476898113626
20260920,1,1.0,expanded_temporal,dominance,relative,0.05188326901356082
20260920,1,1.0,expanded_temporal,valence,hybrid,0.019329345424558775
20260920,1,1.0,expanded_temporal,arousal,hybrid,0.3648189515751931
20260920,1,1.0,expanded_temporal,dominance,hybrid,0.28328348934683273
20260920,2,0.0,f0_variability,valence,absolute,0.009233884359448417
20260920,2,0.0,f0_variability,arousal,absolute,0.053878994534014846
20260920,2,0.0,f0_variability,dominance,absolute,0.033893892235933774
20260920,2,0.0,f0_variability,valence,relative,0.011260336172723814
20260920,2,0.0,f0_variability,arousal,relative,0.06541032691801038
20260920,2,0.0,f0_variability,dominance,relative,0.041245307206058915
20260920,2,0.0,f0_variability,valence,hybrid,0.011263544245547144
20260920,2,0.0,f0_variability,arousal,hybrid,0.06542945837633925
20260920,2,0.0,f0_variability,dominance,hybrid,0.04125719539468126
20260920,2,0.0,pause_ratio,valence,absolute,0.0003005029656713991
20260920,2,0.0,pause_ratio,arousal,absolute,0.02354205264931148
20260920,2,0.0,pause_ratio,dominance,absolute,0.022880159914651598
20260920,2,0.0,pause_ratio,valence,relative,0.0004056988834671853
20260920,2,0.0,pause_ratio,arousal,relative,0.03167372901600805
20260920,2,0.0,pause_ratio,dominance,relative,0.030778407918289157
20260920,2,0.0,pause_ratio,valence,hybrid,0.0004061916337245636
20260920,2,0.0,pause_ratio,arousal,hybrid,0.031711927786403325
20260920,2,0.0,pause_ratio,dominance,hybrid,0.030815509495946723
20260920,2,0.0,voiced_ratio,valence,absolute,0.0009879474146428941
20260920,2,0.0,voiced_ratio,arousal,absolute,0.03876095246342233
20260920,2,0.0,voiced_ratio,dominance,absolute,0.030613718769949887
20260920,2,0.0,voiced_ratio,valence,relative,0.0016529022585276658
20260920,2,0.0,voiced_ratio,arousal,relative,0.0640958340006191
20260920,2,0.0,voiced_ratio,dominance,relative,0.05073205198243072
20260920,2,0.0,voiced_ratio,valence,hybrid,0.0016575530150079064
20260920,2,0.0,voiced_ratio,arousal,hybrid,0.0642687765266982
20260920,2,0.0,voiced_ratio,dominance,hybrid,0.0508700486626654
20260920,2,0.0,expanded_temporal,valence,absolute,0.010892899763889184
20260920,2,0.0,expanded_temporal,arousal,absolute,0.09889130293110447
20260920,2,0.0,expanded_temporal,dominance,absolute,0.07079666758709162
20260920,2,0.0,expanded_temporal,valence,relative,0.013700954459436329
20260920,2,0.0,expanded_temporal,arousal,relative,0.13469249656699125
20260920,2,0.0,expanded_temporal,dominance,relative,0.09773687235882594
20260920,2,0.0,expanded_temporal,valence,hybrid,0.013808317494480169
20260920,2,0.0,expanded_temporal,arousal,hybrid,0.13564369725399356
20260920,2,0.0,expanded_temporal,dominance,hybrid,0.09836535835794837
20260920,2,0.25,f0_variability,valence,absolute,0.009013366446925672
20260920,2,0.25,f0_variability,arousal,absolute,0.08100378839381049
20260920,2,0.25,f0_variability,dominance,absolute,0.05308633910092678
20260920,2,0.25,f0_variability,valence,relative,0.011296944907657794
20260920,2,0.25,f0_variability,arousal,relative,0.059773158649478374
20260920,2,0.25,f0_variability,dominance,relative,0.037487383737313265
20260920,2,0.25,f0_variability,valence,hybrid,0.011290929076902214
20260920,2,0.25,f0_variability,arousal,hybrid,0.0817108181116347
20260920,2,0.25,f0_variability,dominance,hybrid,0.05398097438238885
20260920,2,0.25,pause_ratio,valence,absolute,0.0005745845079243863
20260920,2,0.25,pause_ratio,arousal,absolute,0.040962906675705624
20260920,2,0.25,pause_ratio,dominance,absolute,0.036568212829654806
20260920,2,0.25,pause_ratio,valence,relative,0.000256218304172321
20260920,2,0.25,pause_ratio,arousal,relative,0.028337241910725085
20260920,2,0.25,pause_ratio,dominance,relative,0.02877471395019589
20260920,2,0.25,pause_ratio,valence,hybrid,0.0006171121483732738
20260920,2,0.25,pause_ratio,arousal,hybrid,0.04070812106286872
20260920,2,0.25,pause_ratio,dominance,hybrid,0.0367437167377783
20260920,2,0.25,voiced_ratio,valence,absolute,0.0013034194991893805
20260920,2,0.25,voiced_ratio,arousal,absolute,0.07660364101654901
20260920,2,0.25,voiced_ratio,dominance,absolute,0.05694135173395884
20260920,2,0.25,voiced_ratio,valence,relative,0.0015529442160311473
20260920,2,0.25,voiced_ratio,arousal,relative,0.05856070083669513
20260920,2,0.25,voiced_ratio,dominance,relative,0.04675064137557643
20260920,2,0.25,voiced_ratio,valence,hybrid,0.001638470048175949
20260920,2,0.25,voiced_ratio,arousal,hybrid,0.0794738001858994
20260920,2,0.25,voiced_ratio,dominance,hybrid,0.06025813033462952
20260920,2,0.25,expanded_temporal,valence,absolute,0.010990708874419448
20260920,2,0.25,expanded_temporal,arousal,absolute,0.16504467346730034
20260920,2,0.25,expanded_temporal,dominance,absolute,0.11801281956528735
20260920,2,0.25,expanded_temporal,valence,relative,0.01372651332255872
20260920,2,0.25,expanded_temporal,arousal,relative,0.12332462183578832
20260920,2,0.25,expanded_temporal,dominance,relative,0.08976705907967235
20260920,2,0.25,expanded_temporal,valence,hybrid,0.01419572528025972
20260920,2,0.25,expanded_temporal,arousal,hybrid,0.16753679866843801
20260920,2,0.25,expanded_temporal,dominance,hybrid,0.12102077374119424
20260920,2,0.5,f0_variability,valence,absolute,0.008480848601026067
20260920,2,0.5,f0_variability,arousal,absolute,0.10330465559846128
20260920,2,0.5,f0_variability,dominance,absolute,0.07078424173825239
20260920,2,0.5,f0_variability,valence,relative,0.010928988548969176
20260920,2,0.5,f0_variability,arousal,relative,0.050524755827682136
20260920,2,0.5,f0_variability,dominance,relative,0.031934056158393655
20260920,2,0.5,f0_variability,valence,hybrid,0.01091683589806392
20260920,2,0.5,f0_variability,arousal,hybrid,0.12467551329179752
20260920,2,0.5,f0_variability,dominance,hybrid,0.0893294006305486
20260920,2,0.5,pause_ratio,valence,absolute,0.0008924040052907663
20260920,2,0.5,pause_ratio,arousal,absolute,0.05711153612074846
20260920,2,0.5,pause_ratio,dominance,absolute,0.0494053461819738
20260920,2,0.5,pause_ratio,valence,relative,0.0001355195102150857
20260920,2,0.5,pause_ratio,arousal,relative,0.023384147604024266
20260920,2,0.5,pause_ratio,dominance,relative,0.025246227604322297
20260920,2,0.5,pause_ratio,valence,hybrid,0.0014492322269289073
20260920,2,0.5,pause_ratio,arousal,hybrid,0.06431550815745928
20260920,2,0.5,pause_ratio,dominance,hybrid,0.05204470139262806
20260920,2,0.5,voiced_ratio,valence,absolute,0.001582428425178929
20260920,2,0.5,voiced_ratio,arousal,absolute,0.11420991549528658
20260920,2,0.5,voiced_ratio,dominance,absolute,0.08393767475652039
20260920,2,0.5,voiced_ratio,valence,relative,0.0014044005679674206
20260920,2,0.5,voiced_ratio,arousal,relative,0.049490350257042355
20260920,2,0.5,voiced_ratio,dominance,relative,0.040430726420418665
20260920,2,0.5,voiced_ratio,valence,hybrid,0.0016467875920705372
20260920,2,0.5,voiced_ratio,arousal,hybrid,0.11606856144860049
20260920,2,0.5,voiced_ratio,dominance,hybrid,0.0842629152687931
20260920,2,0.5,expanded_temporal,valence,absolute,0.010755615265617692
20260920,2,0.5,expanded_temporal,arousal,absolute,0.22393138446258726
20260920,2,0.5,expanded_temporal,dominance,absolute,0.16317018230311717
20260920,2,0.5,expanded_temporal,valence,relative,0.013297979008804264
20260920,2,0.5,expanded_temporal,arousal,relative,0.10463601986358909
20260920,2,0.5,expanded_temporal,dominance,relative,0.07742355388498524
20260920,2,0.5,expanded_temporal,valence,hybrid,0.014746522788505252
20260920,2,0.5,expanded_temporal,arousal,hybrid,0.23925796653183082
20260920,2,0.5,expanded_temporal,dominance,hybrid,0.17614888342158488
20260920,2,0.75,f0_variability,valence,absolute,0.007735044813940751
20260920,2,0.75,f0_variability,arousal,absolute,0.11803078941652854
20260920,2,0.75,f0_variability,dominance,absolute,0.08450847487287712
20260920,2,0.75,f0_variability,valence,relative,0.010252624949676877
20260920,2,0.75,f0_variability,arousal,relative,0.04045111335003801
20260920,2,0.75,f0_variability,dominance,relative,0.025908134774964394
20260920,2,0.75,f0_variability,valence,hybrid,0.010237599579796438
20260920,2,0.75,f0_variability,arousal,hybrid,0.1760959678227998
20260920,2,0.75,f0_variability,dominance,hybrid,0.13448676187007014
20260920,2,0.75,pause_ratio,valence,absolute,0.0012159252169962969
20260920,2,0.75,pause_ratio,arousal,absolute,0.0692414659296263
20260920,2,0.75,pause_ratio,dominance,absolute,0.05952584819413128
20260920,2,0.75,pause_ratio,valence,relative,5.1291517918382986e-05
20260920,2,0.75,pause_ratio,arousal,relative,0.018233011304367188
20260920,2,0.75,pause_ratio,dominance,relative,0.02112781266899813
20260920,2,0.75,pause_ratio,valence,hybrid,0.0027254531182245648
20260920,2,0.75,pause_ratio,arousal,hybrid,0.09292534295826425
20260920,2,0.75,pause_ratio,dominance,hybrid,0.07162550715606636
20260920,2,0.75,voiced_ratio,valence,absolute,0.001802761881661852
20260920,2,0.75,voiced_ratio,arousal,absolute,0.14430512099144338
20260920,2,0.75,voiced_ratio,dominance,absolute,0.10700528149757704
20260920,2,0.75,voiced_ratio,valence,relative,0.0012291792734006315
20260920,2,0.75,voiced_ratio,arousal,relative,0.03960920603219979
20260920,2,0.75,voiced_ratio,dominance,relative,0.03333669259657451
20260920,2,0.75,voiced_ratio,valence,hybrid,0.0016775789192168245
20260920,2,0.75,voiced_ratio,arousal,hybrid,0.159153326980095
20260920,2,0.75,voiced_ratio,dominance,hybrid,0.11473092919215222
20260920,2,0.75,expanded_temporal,valence,absolute,0.01026046854508492
20260920,2,0.75,expanded_temporal,arousal,absolute,0.2667859308945967
20260920,2,0.75,expanded_temporal,dominance,absolute,0.19950254283863378
20260920,2,0.75,expanded_temporal,valence,relative,0.012524716905745532
20260920,2,0.75,expanded_temporal,arousal,relative,0.084110522366883
20260920,2,0.75,expanded_temporal,dominance,relative,0.0636660496770362
20260920,2,0.75,expanded_temporal,valence,hybrid,0.0153810872616521
20260920,2,0.75,expanded_temporal,arousal,hybrid,0.3192284033552024
20260920,2,0.75,expanded_temporal,dominance,hybrid,0.24309064715634904
20260920,2,1.0,f0_variability,valence,absolute,0.006889222843453236
20260920,2,1.0,f0_variability,arousal,absolute,0.12599503329021058
20260920,2,1.0,f0_variability,dominance,absolute,0.09380549753492039
20260920,2,1.0,f0_variability,valence,relative,0.00939598878211467
20260920,2,1.0,f0_variability,arousal,relative,0.031445052791300006
20260920,2,1.0,f0_variability,dominance,relative,0.020386306884102257
20260920,2,1.0,f0_variability,valence,hybrid,0.00938087122235462
20260920,2,1.0,f0_variability,arousal,hybrid,0.22325086409892797
20260920,2,1.0,f0_variability,dominance,hybrid,0.17883383354365903
20260920,2,1.0,pause_ratio,valence,absolute,0.0015151335331704682
20260920,2,1.0,pause_ratio,arousal,absolute,0.07707736001715094
20260920,2,1.0,pause_ratio,dominance,absolute,0.0665093001567509
20260920,2,1.0,pause_ratio,valence,relative,2.925440304987944e-06
20260920,2,1.0,pause_ratio,arousal,relative,0.013773034507550382
20260920,2,1.0,pause_ratio,dominance,relative,0.01717779971226479
20260920,2,1.0,pause_ratio,valence,hybrid,0.004231283911116489
20260920,2,1.0,pause_ratio,arousal,hybrid,0.11956783360430993
20260920,2,1.0,pause_ratio,dominance,hybrid,0.09111683530251115
20260920,2,1.0,voiced_ratio,valence,absolute,0.001957953746499173
20260920,2,1.0,voiced_ratio,arousal,absolute,0.16531621198653473
20260920,2,1.0,voiced_ratio,dominance,absolute,0.12442177429270855
20260920,2,1.0,voiced_ratio,valence,relative,0.0010487582761732157
20260920,2,1.0,voiced_ratio,arousal,relative,0.030772801310476983
20260920,2,1.0,voiced_ratio,dominance,relative,0.0266843148862032
20260920,2,1.0,voiced_ratio,valence,hybrid,0.0017231209764866314
20260920,2,1.0,voiced_ratio,arousal,hybrid,0.19847033593840663
20260920,2,1.0,voiced_ratio,dominance,hybrid,0.144808524650802
20260920,2,1.0,expanded_temporal,valence,absolute,0.009606978813689146
20260920,2,1.0,expanded_temporal,arousal,absolute,0.2939992435285773
20260920,2,1.0,expanded_temporal,dominance,absolute,0.22541951273861258
20260920,2,1.0,expanded_temporal,valence,relative,0.011551406768470019
20260920,2,1.0,expanded_temporal,arousal,relative,0.06559434674821
20260920,2,1.0,expanded_temporal,dominance,relative,0.05079731172546323
20260920,2,1.0,expanded_temporal,valence,hybrid,0.01602413816469166
20260920,2,1.0,expanded_temporal,arousal,hybrid,0.38861379519034944
20260920,2,1.0,expanded_temporal,dominance,hybrid,0.3062835424053051
20260920,3,0.0,f0_variability,valence,absolute,0.008804672388798318
20260920,3,0.0,f0_variability,arousal,absolute,0.052056270118857946
20260920,3,0.0,f0_variability,dominance,absolute,0.03026519238440203
20260920,3,0.0,f0_variability,valence,relative,0.010754115993985191
20260920,3,0.0,f0_variability,arousal,relative,0.06317396729542585
20260920,3,0.0,f0_variability,dominance,relative,0.03684389305578507
20260920,3,0.0,f0_variability,valence,hybrid,0.010758891576359397
20260920,3,0.0,f0_variability,arousal,hybrid,0.06320075490323615
20260920,3,0.0,f0_variability,dominance,hybrid,0.03685987060617384
20260920,3,0.0,pause_ratio,valence,absolute,0.00037151117237538777
20260920,3,0.0,pause_ratio,arousal,absolute,0.022571894769054263
20260920,3,0.0,pause_ratio,dominance,absolute,0.02249972776037071
20260920,3,0.0,pause_ratio,valence,relative,0.0004975879295444584
20260920,3,0.0,pause_ratio,arousal,relative,0.030124032343090894
20260920,3,0.0,pause_ratio,dominance,relative,0.030025377062488708
20260920,3,0.0,pause_ratio,valence,hybrid,0.0004979511811581201
20260920,3,0.0,pause_ratio,arousal,hybrid,0.03014642359650155
20260920,3,0.0,pause_ratio,dominance,hybrid,0.030047697134179353
20260920,3,0.0,voiced_ratio,valence,absolute,0.001327794300820429
20260920,3,0.0,voiced_ratio,arousal,absolute,0.04241325165821797
20260920,3,0.0,voiced_ratio,dominance,absolute,0.03467014330873216
20260920,3,0.0,voiced_ratio,valence,relative,0.0022050947245138746
20260920,3,0.0,voiced_ratio,arousal,relative,0.0696063901843224
20260920,3,0.0,voiced_ratio,dominance,relative,0.05703395976689211
20260920,3,0.0,voiced_ratio,valence,hybrid,0.002210375943091447
20260920,3,0.0,voiced_ratio,arousal,hybrid,0.06977019700411304
20260920,3,0.0,voiced_ratio,dominance,hybrid,0.05716853024100581
20260920,3,0.0,expanded_temporal,valence,absolute,0.010766960184530026
20260920,3,0.0,expanded_temporal,arousal,absolute,0.09907757755876744
20260920,3,0.0,expanded_temporal,dominance,absolute,0.06949973380029056
20260920,3,0.0,expanded_temporal,valence,relative,0.01383388837944812
20260920,3,0.0,expanded_temporal,arousal,relative,0.13679494229950526
20260920,3,0.0,expanded_temporal,dominance,relative,0.09801333739142383
20260920,3,0.0,expanded_temporal,valence,hybrid,0.013927786285872237
20260920,3,0.0,expanded_temporal,arousal,hybrid,0.13768798611458996
20260920,3,0.0,expanded_temporal,dominance,hybrid,0.09858298691467497
20260920,3,0.25,f0_variability,valence,absolute,0.008669287612868636
20260920,3,0.25,f0_variability,arousal,absolute,0.07759296278084282
20260920,3,0.25,f0_variability,dominance,absolute,0.04816381800281632
20260920,3,0.25,f0_variability,valence,relative,0.010797610446859045
20260920,3,0.25,f0_variability,arousal,relative,0.057188432578840105
20260920,3,0.25,f0_variability,dominance,relative,0.03332206009530429
20260920,3,0.25,f0_variability,valence,hybrid,0.010795529695958588
20260920,3,0.25,f0_variability,arousal,hybrid,0.07826884048723859
20260920,3,0.25,f0_variability,dominance,hybrid,0.04922906254577553
20260920,3,0.25,pause_ratio,valence,absolute,0.0008278952972763472
20260920,3,0.25,pause_ratio,arousal,absolute,0.04370969103406116
20260920,3,0.25,pause_ratio,dominance,absolute,0.0394945540276137
20260920,3,0.25,pause_ratio,valence,relative,0.00022227016699447188
20260920,3,0.25,pause_ratio,arousal,relative,0.02591236661862174
20260920,3,0.25,pause_ratio,dominance,relative,0.027481251301664573
20260920,3,0.25,pause_ratio,valence,hybrid,0.0010587265141813638
20260920,3,0.25,pause_ratio,arousal,hybrid,0.044141434966067934
20260920,3,0.25,pause_ratio,dominance,hybrid,0.038980268019457476
20260920,3,0.25,voiced_ratio,valence,absolute,0.001865688957567667
20260920,3,0.25,voiced_ratio,arousal,absolute,0.08298621561630118
20260920,3,0.25,voiced_ratio,dominance,absolute,0.06249458523411184
20260920,3,0.25,voiced_ratio,valence,relative,0.0019750657721696306
20260920,3,0.25,voiced_ratio,arousal,relative,0.06260200637143239
20260920,3,0.25,voiced_ratio,dominance,relative,0.05234492337544841
20260920,3,0.25,voiced_ratio,valence,hybrid,0.002205149290675234
20260920,3,0.25,voiced_ratio,arousal,hybrid,0.0856141201991076
20260920,3,0.25,voiced_ratio,dominance,hybrid,0.06642271163269374
20260920,3,0.25,expanded_temporal,valence,absolute,0.011164207144930207
20260920,3,0.25,expanded_temporal,arousal,absolute,0.16525437563325426
20260920,3,0.25,expanded_temporal,dominance,absolute,0.1167127042093259
20260920,3,0.25,expanded_temporal,valence,relative,0.013815813111341373
20260920,3,0.25,expanded_temporal,arousal,relative,0.12387567503046792
20260920,3,0.25,expanded_temporal,dominance,relative,0.08960206608889834
20260920,3,0.25,expanded_temporal,valence,hybrid,0.014738504124707463
20260920,3,0.25,expanded_temporal,arousal,hybrid,0.1686940683460176
20260920,3,0.25,expanded_temporal,dominance,hybrid,0.12011232682070974
20260920,3,0.5,f0_variability,valence,absolute,0.008223099306691403
20260920,3,0.5,f0_variability,arousal,absolute,0.09764099066913787
20260920,3,0.5,f0_variability,dominance,absolute,0.06489286589171828
20260920,3,0.5,f0_variability,valence,relative,0.010443744402498274
20260920,3,0.5,f0_variability,arousal,relative,0.04762751338028763
20260920,3,0.5,f0_variability,dominance,relative,0.028270515230828783
20260920,3,0.5,f0_variability,valence,hybrid,0.010439110114929016
20260920,3,0.5,f0_variability,arousal,hybrid,0.11763493912492622
20260920,3,0.5,f0_variability,dominance,hybrid,0.08328815713599975
20260920,3,0.5,pause_ratio,valence,absolute,0.001392576114343311
20260920,3,0.5,pause_ratio,arousal,absolute,0.06414898320075532
20260920,3,0.5,pause_ratio,dominance,absolute,0.056399906376455956
20260920,3,0.5,pause_ratio,valence,relative,2.9751127847655196e-05
20260920,3,0.5,pause_ratio,arousal,relative,0.020376440030585596
20260920,3,0.5,pause_ratio,dominance,relative,0.023600415097846484
20260920,3,0.5,pause_ratio,valence,hybrid,0.003120480891801071
20260920,3,0.5,pause_ratio,arousal,hybrid,0.08129654771703337
20260920,3,0.5,pause_ratio,dominance,hybrid,0.0632174409512846
20260920,3,0.5,voiced_ratio,valence,absolute,0.0023869246990657084
20260920,3,0.5,voiced_ratio,arousal,absolute,0.12213241196409175
20260920,3,0.5,voiced_ratio,dominance,absolute,0.09057591759084652
20260920,3,0.5,voiced_ratio,valence,relative,0.0016955954237711133
20260920,3,0.5,voiced_ratio,arousal,relative,0.05175389980777268
20260920,3,0.5,voiced_ratio,dominance,relative,0.045116496882445886
20260920,3,0.5,voiced_ratio,valence,hybrid,0.0024388111043773548
20260920,3,0.5,voiced_ratio,arousal,hybrid,0.12469674113478242
20260920,3,0.5,voiced_ratio,dominance,hybrid,0.09093944295752548
20260920,3,0.5,expanded_temporal,valence,absolute,0.01128150021663635
20260920,3,0.5,expanded_temporal,arousal,absolute,0.22223551227645646
20260920,3,0.5,expanded_temporal,dominance,absolute,0.16148034922075974
20260920,3,0.5,expanded_temporal,valence,relative,0.013378476405088406
20260920,3,0.5,expanded_temporal,arousal,relative,0.10343447456425803
20260920,3,0.5,expanded_temporal,dominance,relative,0.07698905397098035
20260920,3,0.5,expanded_temporal,valence,hybrid,0.016544313860764458
20260920,3,0.5,expanded_temporal,arousal,hybrid,0.24023387326800538
20260920,3,0.5,expanded_temporal,dominance,hybrid,0.17441149375886764
20260920,3,0.75,f0_variability,valence,absolute,0.007558661211334738
20260920,3,0.75,f0_variability,arousal,absolute,0.11002147476057786
20260920,3,0.75,f0_variability,dominance,absolute,0.0780890686572773
20260920,3,0.75,f0_variability,valence,relative,0.009788832506251777
20260920,3,0.75,f0_variability,arousal,relative,0.03747827635178542
20260920,3,0.75,f0_variability,dominance,relative,0.02284542553986622
20260920,3,0.75,f0_variability,valence,hybrid,0.009785582608417873
20260920,3,0.75,f0_variability,arousal,hybrid,0.16357057165568592
20260920,3,0.75,f0_variability,dominance,hybrid,0.12659035437280425
20260920,3,0.75,pause_ratio,valence,absolute,0.0019915265409918047
20260920,3,0.75,pause_ratio,arousal,absolute,0.07993194625245416
20260920,3,0.75,pause_ratio,dominance,absolute,0.0705398053571784
20260920,3,0.75,pause_ratio,valence,relative,-7.298942593481478e-05
20260920,3,0.75,pause_ratio,arousal,relative,0.015049816869320947
20260920,3,0.75,pause_ratio,dominance,relative,0.019315735645535622
20260920,3,0.75,pause_ratio,valence,hybrid,0.006239676558623848
20260920,3,0.75,pause_ratio,arousal,hybrid,0.12556143667213787
20260920,3,0.75,pause_ratio,dominance,hybrid,0.09462081042374515
20260920,3,0.75,voiced_ratio,valence,absolute,0.0028410496799440065
20260920,3,0.75,voiced_ratio,arousal,absolute,0.1522744796280436
20260920,3,0.75,voiced_ratio,dominance,absolute,0.11429687556983496
20260920,3,0.75,voiced_ratio,valence,relative,0.0014026479093484868
20260920,3,0.75,voiced_ratio,arousal,relative,0.04040188967909644
20260920,3,0.75,voiced_ratio,dominance,relative,0.03708142855477256
20260920,3,0.75,voiced_ratio,valence,hybrid,0.0028509845027234987
20260920,3,0.75,voiced_ratio,arousal,hybrid,0.16991154028905125
20260920,3,0.75,voiced_ratio,dominance,hybrid,0.12218933209615782
20260920,3,0.75,expanded_temporal,valence,absolute,0.011149924925284006
20260920,3,0.75,expanded_temporal,arousal,absolute,0.2619457462993063
20260920,3,0.75,expanded_temporal,dominance,absolute,0.19730664742134033
20260920,3,0.75,expanded_temporal,valence,relative,0.01262989892840826
20260920,3,0.75,expanded_temporal,arousal,relative,0.08165112516596447
20260920,3,0.75,expanded_temporal,dominance,relative,0.0630782387640452
20260920,3,0.75,expanded_temporal,valence,hybrid,0.019008065140106174
20260920,3,0.75,expanded_temporal,arousal,hybrid,0.31898360882469445
20260920,3,0.75,expanded_temporal,dominance,hybrid,0.24073433175880957
20260920,3,1.0,f0_variability,valence,absolute,0.006785191494364293
20260920,3,1.0,f0_variability,arousal,absolute,0.11604789198765657
20260920,3,1.0,f0_variability,dominance,absolute,0.0872394511718743
20260920,3,1.0,f0_variability,valence,relative,0.008959808631700037
20260920,3,1.0,f0_variability,arousal,relative,0.028631730978850262
20260920,3,1.0,f0_variability,dominance,relative,0.017894359506564105
20260920,3,1.0,f0_variability,valence,hybrid,0.008960854625127712
20260920,3,1.0,f0_variability,arousal,hybrid,0.20460739964982783
20260920,3,1.0,f0_variability,dominance,hybrid,0.16891954564381834
20260920,3,1.0,pause_ratio,valence,absolute,0.002562363137777595
20260920,3,1.0,pause_ratio,arousal,absolute,0.09043812466032132
20260920,3,1.0,pause_ratio,dominance,absolute,0.08097700568326249
20260920,3,1.0,pause_ratio,valence,relative,-9.700869906863966e-05
20260920,3,1.0,pause_ratio,arousal,relative,0.010725436838086749
20260920,3,1.0,pause_ratio,dominance,relative,0.01533539350869422
20260920,3,1.0,pause_ratio,valence,hybrid,0.009886870906501899
20260920,3,1.0,pause_ratio,arousal,hybrid,0.16592836840995837
20260920,3,1.0,pause_ratio,dominance,hybrid,0.1260976799118023
20260920,3,1.0,voiced_ratio,valence,absolute,0.00320200927276501
20260920,3,1.0,voiced_ratio,arousal,absolute,0.17242258170857647
20260920,3,1.0,voiced_ratio,dominance,absolute,0.13202889271832302
20260920,3,1.0,voiced_ratio,valence,relative,0.0011258674230435865
20260920,3,1.0,voiced_ratio,arousal,relative,0.03060659925296462
20260920,3,1.0,voiced_ratio,dominance,relative,0.029575652114938636
20260920,3,1.0,voiced_ratio,valence,hybrid,0.003363343453505935
20260920,3,1.0,voiced_ratio,arousal,hybrid,0.21022430185899013
20260920,3,1.0,voiced_ratio,dominance,hybrid,0.15301972085362242
20260920,3,1.0,expanded_temporal,valence,absolute,0.010837583030706607
20260920,3,1.0,expanded_temporal,arousal,absolute,0.2858835591806876
20260920,3,1.0,expanded_temporal,dominance,absolute,0.2227734843678943
20260920,3,1.0,expanded_temporal,valence,relative,0.01170760274531191
20260920,3,1.0,expanded_temporal,arousal,relative,0.06254263184045412
20260920,3,1.0,expanded_temporal,dominance,relative,0.05011465381196723
20260920,3,1.0,expanded_temporal,valence,hybrid,0.02175447623607614
20260920,3,1.0,expanded_temporal,arousal,hybrid,0.3860802201807191
20260920,3,1.0,expanded_temporal,dominance,hybrid,0.3033789452667782
20260920,4,0.0,f0_variability,valence,absolute,0.009622842962464241
20260920,4,0.0,f0_variability,arousal,absolute,0.05066899291564317
20260920,4,0.0,f0_variability,dominance,absolute,0.02948960569218851
20260920,4,0.0,f0_variability,valence,relative,0.011629938966100633
20260920,4,0.0,f0_variability,arousal,relative,0.061002315369588035
20260920,4,0.0,f0_variability,dominance,relative,0.03557114987372029
20260920,4,0.0,f0_variability,valence,hybrid,0.011635723040924001
20260920,4,0.0,f0_variability,arousal,hybrid,0.06103101362085926
20260920,4,0.0,f0_variability,dominance,hybrid,0.03558835180038567
20260920,4,0.0,pause_ratio,valence,absolute,0.0004824044563796548
20260920,4,0.0,pause_ratio,arousal,absolute,0.02150939444031583
20260920,4,0.0,pause_ratio,dominance,absolute,0.021352969266777242
20260920,4,0.0,pause_ratio,valence,relative,0.0006503536193310087
20260920,4,0.0,pause_ratio,arousal,relative,0.028894788978686612
20260920,4,0.0,pause_ratio,dominance,relative,0.028683887355791443
20260920,4,0.0,pause_ratio,valence,hybrid,0.0006512139340092163
20260920,4,0.0,pause_ratio,arousal,hybrid,0.028932176980275653
20260920,4,0.0,pause_ratio,dominance,hybrid,0.028720986239470343
20260920,4,0.0,voiced_ratio,valence,absolute,0.001466412392482489
20260920,4,0.0,voiced_ratio,arousal,absolute,0.03793963081489961
20260920,4,0.0,voiced_ratio,dominance,absolute,0.030370325065696858
20260920,4,0.0,voiced_ratio,valence,relative,0.0024562767046341447
20260920,4,0.0,voiced_ratio,arousal,relative,0.06277981194101975
20260920,4,0.0,voiced_ratio,dominance,relative,0.05037888523633926
20260920,4,0.0,voiced_ratio,valence,hybrid,0.002462870348691829
20260920,4,0.0,voiced_ratio,arousal,hybrid,0.0629425412585045
20260920,4,0.0,voiced_ratio,dominance,hybrid,0.05051041556486953
20260920,4,0.0,expanded_temporal,valence,absolute,0.011807825201104294
20260920,4,0.0,expanded_temporal,arousal,absolute,0.09379222406984353
20260920,4,0.0,expanded_temporal,dominance,absolute,0.06497612990743579
20260920,4,0.0,expanded_temporal,valence,relative,0.015019155225870991
20260920,4,0.0,expanded_temporal,arousal,relative,0.12835356253340766
20260920,4,0.0,expanded_temporal,dominance,relative,0.090675460511157
20260920,4,0.0,expanded_temporal,valence,hybrid,0.015145801504460005
20260920,4,0.0,expanded_temporal,arousal,hybrid,0.12928893765997057
20260920,4,0.0,expanded_temporal,dominance,hybrid,0.09126812350920155
20260920,4,0.25,f0_variability,valence,absolute,0.009603643352789605
20260920,4,0.25,f0_variability,arousal,absolute,0.07756354008169686
20260920,4,0.25,f0_variability,dominance,absolute,0.04675561566091777
20260920,4,0.25,f0_variability,valence,relative,0.011833651699669337
20260920,4,0.25,f0_variability,arousal,relative,0.05543145624931033
20260920,4,0.25,f0_variability,dominance,relative,0.03190224403108913
20260920,4,0.25,f0_variability,valence,hybrid,0.01183126684194793
20260920,4,0.25,f0_variability,arousal,hybrid,0.07886550372885895
20260920,4,0.25,f0_variability,dominance,hybrid,0.04814403174026518
20260920,4,0.25,pause_ratio,valence,absolute,0.0008691646710968307
20260920,4,0.25,pause_ratio,arousal,absolute,0.038488437351392804
20260920,4,0.25,pause_ratio,dominance,absolute,0.03444992912556585
20260920,4,0.25,pause_ratio,valence,relative,0.0003996834559599422
20260920,4,0.25,pause_ratio,arousal,relative,0.025242941915545804
20260920,4,0.25,pause_ratio,dominance,relative,0.02661329343652324
20260920,4,0.25,pause_ratio,valence,hybrid,0.0008274596192624688
20260920,4,0.25,pause_ratio,arousal,hybrid,0.03864016208037222
20260920,4,0.25,pause_ratio,dominance,hybrid,0.034587819250751155
20260920,4,0.25,voiced_ratio,valence,absolute,0.0021815048666752827
20260920,4,0.25,voiced_ratio,arousal,absolute,0.07515866043170166
20260920,4,0.25,voiced_ratio,dominance,absolute,0.05593948983873285
20260920,4,0.25,voiced_ratio,valence,relative,0.0022587573015367935
20260920,4,0.25,voiced_ratio,arousal,relative,0.05649101100618052
20260920,4,0.25,voiced_ratio,dominance,relative,0.04633590540650218
20260920,4,0.25,voiced_ratio,valence,hybrid,0.0025556193509535382
20260920,4,0.25,voiced_ratio,arousal,hybrid,0.07760503075386344
20260920,4,0.25,voiced_ratio,dominance,hybrid,0.059373674490860985
20260920,4,0.25,expanded_temporal,valence,absolute,0.01260973181231084
20260920,4,0.25,expanded_temporal,arousal,absolute,0.15860601584122544
20260920,4,0.25,expanded_temporal,dominance,absolute,0.10901164600678391
20260920,4,0.25,expanded_temporal,valence,relative,0.015131378988312794
20260920,4,0.25,expanded_temporal,arousal,relative,0.11639896869563496
20260920,4,0.25,expanded_temporal,dominance,relative,0.08275013294489739
20260920,4,0.25,expanded_temporal,valence,hybrid,0.0157768148552084
20260920,4,0.25,expanded_temporal,arousal,hybrid,0.16161606068823015
20260920,4,0.25,expanded_temporal,dominance,hybrid,0.11260240724982996
20260920,4,0.5,f0_variability,valence,absolute,0.009239027807605656
20260920,4,0.5,f0_variability,arousal,absolute,0.09986905111840444
20260920,4,0.5,f0_variability,dominance,absolute,0.06283161056529013
20260920,4,0.5,f0_variability,valence,relative,0.011600355181119074
20260920,4,0.5,f0_variability,arousal,relative,0.046507435068111884
20260920,4,0.5,f0_variability,dominance,relative,0.026792649010356773
20260920,4,0.5,f0_variability,valence,hybrid,0.011594630527461017
20260920,4,0.5,f0_variability,arousal,hybrid,0.12468240290667455
20260920,4,0.5,f0_variability,dominance,hybrid,0.0827609101882221
20260920,4,0.5,pause_ratio,valence,absolute,0.0012701343095456615
20260920,4,0.5,pause_ratio,arousal,absolute,0.05448947570866941
20260920,4,0.5,pause_ratio,dominance,absolute,0.046840574298627036
20260920,4,0.5,pause_ratio,valence,relative,0.00019770538254835514
20260920,4,0.5,pause_ratio,arousal,relative,0.02027815303250648
20260920,4,0.5,pause_ratio,dominance,relative,0.02317086524205225
20260920,4,0.5,pause_ratio,valence,hybrid,0.0017311212472560776
20260920,4,0.5,pause_ratio,arousal,hybrid,0.06465530666465197
20260920,4,0.5,pause_ratio,dominance,hybrid,0.050001903416631556
20260920,4,0.5,voiced_ratio,valence,absolute,0.002909104268266563
20260920,4,0.5,voiced_ratio,arousal,absolute,0.11194241208223026
20260920,4,0.5,voiced_ratio,dominance,absolute,0.08203506647079561
20260920,4,0.5,voiced_ratio,valence,relative,0.0019976483374765873
20260920,4,0.5,voiced_ratio,arousal,relative,0.04690268366083115
20260920,4,0.5,voiced_ratio,dominance,relative,0.03999493110279963
20260920,4,0.5,voiced_ratio,valence,hybrid,0.002960236495363499
20260920,4,0.5,voiced_ratio,arousal,hybrid,0.11416937332503832
20260920,4,0.5,voiced_ratio,dominance,hybrid,0.0823418203805478
20260920,4,0.5,expanded_temporal,valence,absolute,0.01297358570535501
20260920,4,0.5,expanded_temporal,arousal,absolute,0.21643576938200768
20260920,4,0.5,expanded_temporal,dominance,absolute,0.1512961250513332
20260920,4,0.5,expanded_temporal,valence,relative,0.014747505677070227
20260920,4,0.5,expanded_temporal,arousal,relative,0.09764548960167345
20260920,4,0.5,expanded_temporal,dominance,relative,0.07090390025563967
20260920,4,0.5,expanded_temporal,valence,hybrid,0.01648179666564297
20260920,4,0.5,expanded_temporal,arousal,hybrid,0.2355234376872008
20260920,4,0.5,expanded_temporal,dominance,hybrid,0.16519084672559362
20260920,4,0.75,f0_variability,valence,absolute,0.00861709293388121
20260920,4,0.75,f0_variability,arousal,absolute,0.11473387491725116
20260920,4,0.75,f0_variability,dominance,absolute,0.07543392925818589
20260920,4,0.75,f0_variability,valence,relative,0.01101872803878726
20260920,4,0.75,f0_variability,arousal,relative,0.03692455992744372
20260920,4,0.75,f0_variability,dominance,relative,0.0214048225342172
20260920,4,0.75,f0_variability,valence,hybrid,0.01101410406485989
20260920,4,0.75,f0_variability,arousal,hybrid,0.17843518784338594
20260920,4,0.75,f0_variability,dominance,hybrid,0.12654830441623496
20260920,4,0.75,pause_ratio,valence,absolute,0.0016429374206472181
20260920,4,0.75,pause_ratio,arousal,absolute,0.06665773523835944
20260920,4,0.75,pause_ratio,dominance,absolute,0.05669811060890844
20260920,4,0.75,pause_ratio,valence,relative,5.73674838848636e-05
20260920,4,0.75,pause_ratio,arousal,relative,0.015358270096407023
20260920,4,0.75,pause_ratio,dominance,relative,0.019239437766317997
20260920,4,0.75,pause_ratio,valence,hybrid,0.003159835578160427
20260920,4,0.75,pause_ratio,arousal,hybrid,0.0962144867565528
20260920,4,0.75,pause_ratio,dominance,hybrid,0.06982172925853095
20260920,4,0.75,voiced_ratio,valence,absolute,0.003574397964143539
20260920,4,0.75,voiced_ratio,arousal,absolute,0.14112490019420937
20260920,4,0.75,voiced_ratio,dominance,absolute,0.10424782120521686
20260920,4,0.75,voiced_ratio,valence,relative,0.0017086444945843503
20260920,4,0.75,voiced_ratio,arousal,relative,0.03682187681161883
20260920,4,0.75,voiced_ratio,dominance,relative,0.0329118490296815
20260920,4,0.75,voiced_ratio,valence,hybrid,0.0035891397351298085
20260920,4,0.75,voiced_ratio,arousal,hybrid,0.1573703710218444
20260920,4,0.75,voiced_ratio,dominance,hybrid,0.11157541179706988
20260920,4,0.75,expanded_temporal,valence,absolute,0.012928948350153091
20260920,4,0.75,expanded_temporal,arousal,absolute,0.2585012239518076
20260920,4,0.75,expanded_temporal,dominance,absolute,0.18546125847219155
20260920,4,0.75,expanded_temporal,valence,relative,0.013979998074769937
20260920,4,0.75,expanded_temporal,arousal,relative,0.0775382273057123
20260920,4,0.75,expanded_temporal,dominance,relative,0.05790545101585334
20260920,4,0.75,expanded_temporal,valence,hybrid,0.01717836242501733
20260920,4,0.75,expanded_temporal,arousal,hybrid,0.3180345934321006
20260920,4,0.75,expanded_temporal,dominance,hybrid,0.2291745021595479
20260920,4,1.0,f0_variability,valence,absolute,0.00785091299726416
20260920,4,1.0,f0_variability,arousal,absolute,0.12292170456831115
20260920,4,1.0,f0_variability,dominance,absolute,0.08409413314532449
20260920,4,1.0,f0_variability,valence,relative,0.01021858484187646
20260920,4,1.0,f0_variability,arousal,relative,0.028457890429448268
20260920,4,1.0,f0_variability,dominance,relative,0.016560691618063828
20260920,4,1.0,f0_variability,valence,hybrid,0.010218408584646585
20260920,4,1.0,f0_variability,arousal,hybrid,0.22685542959712554
20260920,4,1.0,f0_variability,dominance,hybrid,0.16910974195048795
20260920,4,1.0,pause_ratio,valence,absolute,0.001960426353796206
20260920,4,1.0,pause_ratio,arousal,absolute,0.07463083198544088
20260920,4,1.0,pause_ratio,dominance,absolute,0.06357411918787884
20260920,4,1.0,pause_ratio,valence,relative,-2.2563496160941357e-05
20260920,4,1.0,pause_ratio,arousal,relative,0.011251645643798536
20260920,4,1.0,pause_ratio,dominance,relative,0.015516620453672742
20260920,4,1.0,pause_ratio,valence,hybrid,0.0048648299728843315
20260920,4,1.0,pause_ratio,arousal,hybrid,0.1255595121399776
20260920,4,1.0,pause_ratio,dominance,hybrid,0.08961194902032875
20260920,4,1.0,voiced_ratio,valence,absolute,0.004131751423898363
20260920,4,1.0,voiced_ratio,arousal,absolute,0.1612915652116617
20260920,4,1.0,voiced_ratio,dominance,absolute,0.12095746188240984
20260920,4,1.0,voiced_ratio,valence,relative,0.0014239239168217356
20260920,4,1.0,voiced_ratio,arousal,relative,0.02803729813887875
20260920,4,1.0,voiced_ratio,dominance,relative,0.02628839589218551
20260920,4,1.0,voiced_ratio,valence,hybrid,0.004335459797766841
20260920,4,1.0,voiced_ratio,arousal,hybrid,0.19674994792147876
20260920,4,1.0,voiced_ratio,dominance,hybrid,0.14046954795834568
20260920,4,1.0,expanded_temporal,valence,absolute,0.012571293054910376
20260920,4,1.0,expanded_temporal,arousal,absolute,0.28519139318682
20260920,4,1.0,expanded_temporal,dominance,absolute,0.20995520359311856
20260920,4,1.0,expanded_temporal,valence,relative,0.012983167124749197
20260920,4,1.0,expanded_temporal,arousal,relative,0.05972433172384686
20260920,4,1.0,expanded_temporal,dominance,relative,0.045864086147283635
20260920,4,1.0,expanded_temporal,valence,hybrid,0.01780561151854662
20260920,4,1.0,expanded_temporal,arousal,hybrid,0.38959309677434034
20260920,4,1.0,expanded_temporal,dominance,hybrid,0.28960664339138104
20260921,0,0.0,f0_variability,valence,absolute,0.008304694498600796
20260921,0,0.0,f0_variability,arousal,absolute,0.0490492629937996
20260921,0,0.0,f0_variability,dominance,absolute,0.029192207580960177
20260921,0,0.0,f0_variability,valence,relative,0.010123818689130613
20260921,0,0.0,f0_variability,arousal,relative,0.05946665270814795
20260921,0,0.0,f0_variability,dominance,relative,0.03549581394371281
20260921,0,0.0,f0_variability,valence,hybrid,0.01012853050857984
20260921,0,0.0,f0_variability,arousal,hybrid,0.059493019217225905
20260921,0,0.0,f0_variability,dominance,hybrid,0.03551197362370559
20260921,0,0.0,pause_ratio,valence,absolute,0.0002415223460723182
20260921,0,0.0,pause_ratio,arousal,absolute,0.01971199590670504
20260921,0,0.0,pause_ratio,dominance,absolute,0.02017308124897747
20260921,0,0.0,pause_ratio,valence,relative,0.00032661935083811404
20260921,0,0.0,pause_ratio,arousal,relative,0.02655591863738657
20260921,0,0.0,pause_ratio,dominance,relative,0.02718202117278527
20260921,0,0.0,pause_ratio,valence,hybrid,0.00032695616956912756
20260921,0,0.0,pause_ratio,arousal,hybrid,0.026583099998105337
20260921,0,0.0,pause_ratio,dominance,hybrid,0.02720988703206974
20260921,0,0.0,voiced_ratio,valence,absolute,0.001279654605689814
20260921,0,0.0,voiced_ratio,arousal,absolute,0.03618613706731739
20260921,0,0.0,voiced_ratio,dominance,absolute,0.029157923994928156
20260921,0,0.0,voiced_ratio,valence,relative,0.002123495935588473
20260921,0,0.0,voiced_ratio,arousal,relative,0.05937155733817725
20260921,0,0.0,voiced_ratio,dominance,relative,0.04796730098668076
20260921,0,0.0,voiced_ratio,valence,hybrid,0.002128436362852739
20260921,0,0.0,voiced_ratio,arousal,hybrid,0.059508206131174156
20260921,0,0.0,voiced_ratio,dominance,hybrid,0.04807796947281392
20260921,0,0.0,expanded_temporal,valence,absolute,0.010265124441551038
20260921,0,0.0,expanded_temporal,arousal,absolute,0.08971982696017072
20260921,0,0.0,expanded_temporal,dominance,absolute,0.06294919795287601
20260921,0,0.0,expanded_temporal,valence,relative,0.01313488892262305
20260921,0,0.0,expanded_temporal,arousal,relative,0.12285936792608738
20260921,0,0.0,expanded_temporal,dominance,relative,0.08784361244097875
20260921,0,0.0,expanded_temporal,valence,hybrid,0.013239309774633466
20260921,0,0.0,expanded_temporal,arousal,hybrid,0.12369193541758339
20260921,0,0.0,expanded_temporal,dominance,hybrid,0.08836538227012507
20260921,0,0.25,f0_variability,valence,absolute,0.008548323987324476
20260921,0,0.25,f0_variability,arousal,absolute,0.0726852394601388
20260921,0,0.25,f0_variability,dominance,absolute,0.04509038210750137
20260921,0,0.25,f0_variability,valence,relative,0.010172080568649275
20260921,0,0.25,f0_variability,arousal,relative,0.05407370639212925
20260921,0,0.25,f0_variability,dominance,relative,0.032131473832561944
20260921,0,0.25,f0_variability,valence,hybrid,0.010165597224178462
20260921,0,0.25,f0_variability,arousal,hybrid,0.07316079517702885
20260921,0,0.25,f0_variability,dominance,hybrid,0.045678952817729816
20260921,0,0.25,pause_ratio,valence,absolute,0.0007109835179013926
20260921,0,0.25,pause_ratio,arousal,absolute,0.037878772693385535
20260921,0,0.25,pause_ratio,dominance,absolute,0.03334332729577017
20260921,0,0.25,pause_ratio,valence,relative,0.0001796935583360337
20260921,0,0.25,pause_ratio,arousal,relative,0.022922948513204488
20260921,0,0.25,pause_ratio,dominance,relative,0.02511308585576048
20260921,0,0.25,pause_ratio,valence,hybrid,0.0008996877679136584
20260921,0,0.25,pause_ratio,arousal,hybrid,0.0381424806096099
20260921,0,0.25,pause_ratio,dominance,hybrid,0.033390724620741254
20260921,0,0.25,voiced_ratio,valence,absolute,0.0018999333975644559
20260921,0,0.25,voiced_ratio,arousal,absolute,0.07555666100824596
20260921,0,0.25,voiced_ratio,dominance,absolute,0.05542561998991965
20260921,0,0.25,voiced_ratio,valence,relative,0.0019189791173121772
20260921,0,0.25,voiced_ratio,arousal,relative,0.05352098380880744
20260921,0,0.25,voiced_ratio,dominance,relative,0.04419452992953566
20260921,0,0.25,voiced_ratio,valence,hybrid,0.0021876086668278748
20260921,0,0.25,voiced_ratio,arousal,hybrid,0.0766082205306741
20260921,0,0.25,voiced_ratio,dominance,hybrid,0.057902825868254446
20260921,0,0.25,expanded_temporal,valence,absolute,0.01113821904353156
20260921,0,0.25,expanded_temporal,arousal,absolute,0.1532120855434344
20260921,0,0.25,expanded_temporal,dominance,absolute,0.10616972583531449
20260921,0,0.25,expanded_temporal,valence,relative,0.013138381529976604
20260921,0,0.25,expanded_temporal,arousal,relative,0.11163097733674235
20260921,0,0.25,expanded_temporal,dominance,relative,0.08051430161512545
20260921,0,0.25,expanded_temporal,valence,hybrid,0.014018061378768485
20260921,0,0.25,expanded_temporal,arousal,hybrid,0.15481367088752995
20260921,0,0.25,expanded_temporal,dominance,hybrid,0.10849992682481562
20260921,0,0.5,f0_variability,valence,absolute,0.00846701447321012
20260921,0,0.5,f0_variability,arousal,absolute,0.09148946591502384
20260921,0,0.5,f0_variability,dominance,absolute,0.05975984618067872
20260921,0,0.5,f0_variability,valence,relative,0.00985308111324095
20260921,0,0.5,f0_variability,arousal,relative,0.04538193732874938
20260921,0,0.5,f0_variability,dominance,relative,0.027345800391548887
20260921,0,0.5,f0_variability,valence,hybrid,0.00979434175902843
20260921,0,0.5,f0_variability,arousal,hybrid,0.10907606307796694
20260921,0,0.5,f0_variability,dominance,hybrid,0.07430920454196684
20260921,0,0.5,pause_ratio,valence,absolute,0.0013082770206067637
20260921,0,0.5,pause_ratio,arousal,absolute,0.0556800075676092
20260921,0,0.5,pause_ratio,dominance,absolute,0.046220802511694394
20260921,0,0.5,pause_ratio,valence,relative,7.431222529462836e-05
20260921,0,0.5,pause_ratio,arousal,relative,0.01815477061430559
20260921,0,0.5,pause_ratio,dominance,relative,0.021835627782079866
20260921,0,0.5,pause_ratio,valence,hybrid,0.002731238087675718
20260921,0,0.5,pause_ratio,arousal,hybrid,0.06909133990998739
20260921,0,0.5,pause_ratio,dominance,hybrid,0.05013863570332981
20260921,0,0.5,voiced_ratio,valence,absolute,0.002531442415891338
20260921,0,0.5,voiced_ratio,arousal,absolute,0.11529171883513893
20260921,0,0.5,voiced_ratio,dominance,absolute,0.08297212021595758
20260921,0,0.5,voiced_ratio,valence,relative,0.0016655948641196487
20260921,0,0.5,voiced_ratio,arousal,relative,0.04449797329677475
20260921,0,0.5,voiced_ratio,dominance,relative,0.038336107155867515
20260921,0,0.5,voiced_ratio,valence,hybrid,0.002549138652685899
20260921,0,0.5,voiced_ratio,arousal,hybrid,0.1185842716091212
20260921,0,0.5,voiced_ratio,dominance,hybrid,0.08349784249084162
20260921,0,0.5,expanded_temporal,valence,absolute,0.01174095119567446
20260921,0,0.5,expanded_temporal,arousal,absolute,0.210333792883033
20260921,0,0.5,expanded_temporal,dominance,absolute,0.1484178784751563
20260921,0,0.5,expanded_temporal,valence,relative,0.012707373396866417
20260921,0,0.5,expanded_temporal,arousal,relative,0.0938100223902738
20260921,0,0.5,expanded_temporal,dominance,relative,0.06951856106289346
20260921,0,0.5,expanded_temporal,valence,hybrid,0.015529626089392167
20260921,0,0.5,expanded_temporal,arousal,hybrid,0.22574868753574107
20260921,0,0.5,expanded_temporal,dominance,hybrid,0.1585067470680358
20260921,0,0.75,f0_variability,valence,absolute,0.00811729193146599
20260921,0,0.75,f0_variability,arousal,absolute,0.10336377876739365
20260921,0,0.75,f0_variability,dominance,absolute,0.07124186499259048
20260921,0,0.75,f0_variability,valence,relative,0.009253288804972126
20260921,0,0.75,f0_variability,arousal,relative,0.03603619920095156
20260921,0,0.75,f0_variability,dominance,relative,0.022193635590413277
20260921,0,0.75,f0_variability,valence,hybrid,0.009112559957890804
20260921,0,0.75,f0_variability,arousal,hybrid,0.1515607071950822
20260921,0,0.75,f0_variability,dominance,hybrid,0.11125635534129072
20260921,0,0.75,pause_ratio,valence,absolute,0.001954623875661826
20260921,0,0.75,pause_ratio,arousal,absolute,0.06969803889726428
20260921,0,0.75,pause_ratio,dominance,absolute,0.05688236898352873
20260921,0,0.75,pause_ratio,valence,relative,1.4784298985034673e-05
20260921,0,0.75,pause_ratio,arousal,relative,0.01352705290831318
20260921,0,0.75,pause_ratio,dominance,relative,0.018130123350634762
20260921,0,0.75,pause_ratio,valence,hybrid,0.005447540687854268
20260921,0,0.75,pause_ratio,arousal,hybrid,0.10667934865125643
20260921,0,0.75,pause_ratio,dominance,hybrid,0.07207310893701131
20260921,0,0.75,voiced_ratio,valence,absolute,0.0031095098370043615
20260921,0,0.75,voiced_ratio,arousal,absolute,0.14734924527703286
20260921,0,0.75,voiced_ratio,dominance,absolute,0.10715820295269131
20260921,0,0.75,voiced_ratio,valence,relative,0.001395922962339273
20260921,0,0.75,voiced_ratio,arousal,relative,0.03498034977354067
20260921,0,0.75,voiced_ratio,dominance,relative,0.031756244220285355
20260921,0,0.75,voiced_ratio,valence,hybrid,0.003131538281139438
20260921,0,0.75,voiced_ratio,arousal,hybrid,0.16772127896458447
20260921,0,0.75,voiced_ratio,dominance,hybrid,0.11635890908061258
20260921,0,0.75,expanded_temporal,valence,absolute,0.012053977032332814
20260921,0,0.75,expanded_temporal,arousal,absolute,0.25219980465001957
20260921,0,0.75,expanded_temporal,dominance,absolute,0.18337188898191942
20260921,0,0.75,expanded_temporal,valence,relative,0.011949485799078844
20260921,0,0.75,expanded_temporal,arousal,relative,0.07462842225923821
20260921,0,0.75,expanded_temporal,dominance,relative,0.05731405987767663
20260921,0,0.75,expanded_temporal,valence,hybrid,0.017512510928976915
20260921,0,0.75,expanded_temporal,arousal,hybrid,0.30490026344366755
20260921,0,0.75,expanded_temporal,dominance,hybrid,0.22022555404879834
20260921,0,1.0,f0_variability,valence,absolute,0.007589880552505965
20260921,0,1.0,f0_variability,arousal,absolute,0.1093460254725815
20260921,0,1.0,f0_variability,dominance,absolute,0.07913813844412472
20260921,0,1.0,f0_variability,valence,relative,0.00848835543455446
20260921,0,1.0,f0_variability,arousal,relative,0.02777883914738493
20260921,0,1.0,f0_variability,dominance,relative,0.01746294658954887
20260921,0,1.0,f0_variability,valence,hybrid,0.008249822139961796
20260921,0,1.0,f0_variability,arousal,hybrid,0.19006117315455745
20260921,0,1.0,f0_variability,dominance,hybrid,0.14791697734087267
20260921,0,1.0,pause_ratio,valence,absolute,0.002581257702000254
20260921,0,1.0,pause_ratio,arousal,absolute,0.07924764671215255
20260921,0,1.0,pause_ratio,dominance,absolute,0.06468322834542019
20260921,0,1.0,pause_ratio,valence,relative,-3.803511813396633e-06
20260921,0,1.0,pause_ratio,arousal,relative,0.009726984126022286
20260921,0,1.0,pause_ratio,dominance,relative,0.014618375491929549
20260921,0,1.0,pause_ratio,valence,hybrid,0.008604679213077436
20260921,0,1.0,pause_ratio,arousal,hybrid,0.1416707258457145
20260921,0,1.0,pause_ratio,dominance,hybrid,0.09436157890799045
20260921,0,1.0,voiced_ratio,valence,absolute,0.00359440758399302
20260921,0,1.0,voiced_ratio,arousal,absolute,0.16988815969068666
20260921,0,1.0,voiced_ratio,dominance,absolute,0.12598692477327145
20260921,0,1.0,voiced_ratio,valence,relative,0.0011376657976224515
20260921,0,1.0,voiced_ratio,arousal,relative,0.026677452262698815
20260921,0,1.0,voiced_ratio,dominance,relative,0.0255389504916844
20260921,0,1.0,voiced_ratio,valence,hybrid,0.0038331089210549003
20260921,0,1.0,voiced_ratio,arousal,hybrid,0.21213216084117986
20260921,0,1.0,voiced_ratio,dominance,hybrid,0.14914837750200644
20260921,0,1.0,expanded_temporal,valence,absolute,0.012113889027494816
20260921,0,1.0,expanded_temporal,arousal,absolute,0.2790246447936522
20260921,0,1.0,expanded_temporal,dominance,absolute,0.20914334051499114
20260921,0,1.0,expanded_temporal,valence,relative,0.011004568463911167
20260921,0,1.0,expanded_temporal,arousal,relative,0.05760512471959679
20260921,0,1.0,expanded_temporal,dominance,relative,0.045844884433600026
20260921,0,1.0,expanded_temporal,valence,hybrid,0.019683143891626693
20260921,0,1.0,expanded_temporal,arousal,hybrid,0.37347918614529296
20260921,0,1.0,expanded_temporal,dominance,hybrid,0.2794044920667741
20260921,1,0.0,f0_variability,valence,absolute,0.009681183005989918
20260921,1,0.0,f0_variability,arousal,absolute,0.05498597562359086
20260921,1,0.0,f0_variability,dominance,absolute,0.031921237430351954
20260921,1,0.0,f0_variability,valence,relative,0.011710428375374041
20260921,1,0.0,f0_variability,arousal,relative,0.06625091950965967
20260921,1,0.0,f0_variability,dominance,relative,0.03853606376997192
20260921,1,0.0,f0_variability,valence,hybrid,0.011714701163326287
20260921,1,0.0,f0_variability,arousal,hybrid,0.06627475174935382
20260921,1,0.0,f0_variability,dominance,hybrid,0.038550013929765516
20260921,1,0.0,pause_ratio,valence,absolute,0.00034346695383140135
20260921,1,0.0,pause_ratio,arousal,absolute,0.02103484130278315
20260921,1,0.0,pause_ratio,dominance,absolute,0.02101076686246171
20260921,1,0.0,pause_ratio,valence,relative,0.0004655582255930987
20260921,1,0.0,pause_ratio,arousal,relative,0.028382266122079197
20260921,1,0.0,pause_ratio,dominance,relative,0.028350127055873146
20260921,1,0.0,pause_ratio,valence,hybrid,0.00046624985863364456
20260921,1,0.0,pause_ratio,arousal,hybrid,0.028423091579463808
20260921,1,0.0,pause_ratio,dominance,hybrid,0.028390835235275844
20260921,1,0.0,voiced_ratio,valence,absolute,0.0011171581263869398
20260921,1,0.0,voiced_ratio,arousal,absolute,0.03960132023118667
20260921,1,0.0,voiced_ratio,dominance,absolute,0.03197060089409854
20260921,1,0.0,voiced_ratio,valence,relative,0.0018778170317330161
20260921,1,0.0,voiced_ratio,arousal,relative,0.06568318680962978
20260921,1,0.0,voiced_ratio,dominance,relative,0.05317754110573548
20260921,1,0.0,voiced_ratio,valence,hybrid,0.0018824810649779114
20260921,1,0.0,voiced_ratio,arousal,hybrid,0.0658423500147236
20260921,1,0.0,voiced_ratio,dominance,hybrid,0.05330706936181363
20260921,1,0.0,expanded_temporal,valence,absolute,0.011495534680817166
20260921,1,0.0,expanded_temporal,arousal,absolute,0.10041744745001435
20260921,1,0.0,expanded_temporal,dominance,absolute,0.06927275691800917
20260921,1,0.0,expanded_temporal,valence,relative,0.014395949354594156
20260921,1,0.0,expanded_temporal,arousal,relative,0.13666452076822477
20260921,1,0.0,expanded_temporal,dominance,relative,0.0962952771367558
20260921,1,0.0,expanded_temporal,valence,hybrid,0.014508096241114833
20260921,1,0.0,expanded_temporal,arousal,hybrid,0.13765748074699607
20260921,1,0.0,expanded_temporal,dominance,hybrid,0.09693023092019729
20260921,1,0.25,f0_variability,valence,absolute,0.009718287049097935
20260921,1,0.25,f0_variability,arousal,absolute,0.08441025335860522
20260921,1,0.25,f0_variability,dominance,absolute,0.05115814659654528
20260921,1,0.25,f0_variability,valence,relative,0.011740017255762078
20260921,1,0.25,f0_variability,arousal,relative,0.060487400478029335
20260921,1,0.25,f0_variability,dominance,relative,0.03495374806506486
20260921,1,0.25,f0_variability,valence,hybrid,0.011740235578319163
20260921,1,0.25,f0_variability,arousal,hybrid,0.08582961320741003
20260921,1,0.25,f0_variability,dominance,hybrid,0.052705077485544004
20260921,1,0.25,pause_ratio,valence,absolute,0.0006147147614404652
20260921,1,0.25,pause_ratio,arousal,absolute,0.03840863272704992
20260921,1,0.25,pause_ratio,dominance,absolute,0.03470551818295201
20260921,1,0.25,pause_ratio,valence,relative,0.00026626284303003897
20260921,1,0.25,pause_ratio,arousal,relative,0.024737854371810468
20260921,1,0.25,pause_ratio,dominance,relative,0.026199365048780173
20260921,1,0.25,pause_ratio,valence,hybrid,0.0006702651963957987
20260921,1,0.25,pause_ratio,arousal,hybrid,0.03858176039209005
20260921,1,0.25,pause_ratio,dominance,hybrid,0.03478126867001514
20260921,1,0.25,voiced_ratio,valence,absolute,0.0015415086950073815
20260921,1,0.25,voiced_ratio,arousal,absolute,0.07738564439005839
20260921,1,0.25,voiced_ratio,dominance,absolute,0.05832083872637501
20260921,1,0.25,voiced_ratio,valence,relative,0.0016902828124315495
20260921,1,0.25,voiced_ratio,arousal,relative,0.05937546254971547
20260921,1,0.25,voiced_ratio,dominance,relative,0.04896531366907082
20260921,1,0.25,voiced_ratio,valence,hybrid,0.0018623106101020967
20260921,1,0.25,voiced_ratio,arousal,hybrid,0.08032273340109088
20260921,1,0.25,voiced_ratio,dominance,hybrid,0.0621826993198258
20260921,1,0.25,expanded_temporal,valence,absolute,0.011997233870060742
20260921,1,0.25,expanded_temporal,arousal,absolute,0.16847210441656332
20260921,1,0.25,expanded_temporal,dominance,absolute,0.11640113915469605
20260921,1,0.25,expanded_temporal,valence,relative,0.014338285031997449
20260921,1,0.25,expanded_temporal,arousal,relative,0.12461575762972814
20260921,1,0.25,expanded_temporal,dominance,relative,0.08831147519182689
20260921,1,0.25,expanded_temporal,valence,hybrid,0.014910751757100913
20260921,1,0.25,expanded_temporal,arousal,hybrid,0.17231198787384036
20260921,1,0.25,expanded_temporal,dominance,hybrid,0.12054563252859524
20260921,1,0.5,f0_variability,valence,absolute,0.009397036335897481
20260921,1,0.5,f0_variability,arousal,absolute,0.10837006543138976
20260921,1,0.5,f0_variability,dominance,absolute,0.06910885838492337
20260921,1,0.5,f0_variability,valence,relative,0.011337961151761755
20260921,1,0.5,f0_variability,arousal,relative,0.05080301312981528
20260921,1,0.5,f0_variability,dominance,relative,0.02967683209088164
20260921,1,0.5,f0_variability,valence,hybrid,0.011325629481447
20260921,1,0.5,f0_variability,arousal,hybrid,0.13514699908286923
20260921,1,0.5,f0_variability,dominance,hybrid,0.09095809140059537
20260921,1,0.5,pause_ratio,valence,absolute,0.0009098738719529967
20260921,1,0.5,pause_ratio,arousal,absolute,0.054713449281463794
20260921,1,0.5,pause_ratio,dominance,absolute,0.047798276171533725
20260921,1,0.5,pause_ratio,valence,relative,0.00011977573523221403
20260921,1,0.5,pause_ratio,arousal,relative,0.019748178521106566
20260921,1,0.5,pause_ratio,dominance,relative,0.022686655966514053
20260921,1,0.5,pause_ratio,valence,hybrid,0.0015815210224519392
20260921,1,0.5,pause_ratio,arousal,hybrid,0.06527948804228467
20260921,1,0.5,pause_ratio,dominance,hybrid,0.05149420864557293
20260921,1,0.5,voiced_ratio,valence,absolute,0.0019438504386483648
20260921,1,0.5,voiced_ratio,arousal,absolute,0.1138293137544119
20260921,1,0.5,voiced_ratio,dominance,absolute,0.08491016656741847
20260921,1,0.5,voiced_ratio,valence,relative,0.0014597036079980706
20260921,1,0.5,voiced_ratio,arousal,relative,0.049354749781959736
20260921,1,0.5,voiced_ratio,dominance,relative,0.04225963342167702
20260921,1,0.5,voiced_ratio,valence,hybrid,0.0020065443267113857
20260921,1,0.5,voiced_ratio,arousal,hybrid,0.11570922174601662
20260921,1,0.5,voiced_ratio,dominance,hybrid,0.08516760258908992
20260921,1,0.5,expanded_temporal,valence,absolute,0.012102901175384255
20260921,1,0.5,expanded_temporal,arousal,absolute,0.22753770618157285
20260921,1,0.5,expanded_temporal,dominance,absolute,0.16125494005481897
20260921,1,0.5,expanded_temporal,valence,relative,0.01381416525069764
20260921,1,0.5,expanded_temporal,arousal,relative,0.10475453498293594
20260921,1,0.5,expanded_temporal,dominance,relative,0.07596338692888867
20260921,1,0.5,expanded_temporal,valence,hybrid,0.015472350298699847
20260921,1,0.5,expanded_temporal,arousal,hybrid,0.24882148578795824
20260921,1,0.5,expanded_temporal,dominance,hybrid,0.17739604518086294
20260921,1,0.75,f0_variability,valence,absolute,0.008804333329159805
20260921,1,0.75,f0_variability,arousal,absolute,0.12384171729287308
20260921,1,0.75,f0_variability,dominance,absolute,0.08316369618539246
20260921,1,0.75,f0_variability,valence,relative,0.010610499388173754
20260921,1,0.75,f0_variability,arousal,relative,0.040330797848709264
20260921,1,0.75,f0_variability,dominance,relative,0.023979575432154336
20260921,1,0.75,f0_variability,valence,hybrid,0.010579661397370668
20260921,1,0.75,f0_variability,arousal,hybrid,0.1920174348826075
20260921,1,0.75,f0_variability,dominance,hybrid,0.13887850083616152
20260921,1,0.75,pause_ratio,valence,absolute,0.0011952482253093277
20260921,1,0.75,pause_ratio,arousal,absolute,0.06694985344683958
20260921,1,0.75,pause_ratio,dominance,absolute,0.05828742047279325
20260921,1,0.75,pause_ratio,valence,relative,3.293913733645773e-05
20260921,1,0.75,pause_ratio,arousal,relative,0.014840909414790146
20260921,1,0.75,pause_ratio,dominance,relative,0.01871927897300378
20260921,1,0.75,pause_ratio,valence,hybrid,0.002997350225281176
20260921,1,0.75,pause_ratio,arousal,hybrid,0.09720547104017706
20260921,1,0.75,pause_ratio,dominance,hybrid,0.0729063605341009
20260921,1,0.75,voiced_ratio,valence,absolute,0.0022866721056765296
20260921,1,0.75,voiced_ratio,arousal,absolute,0.1418692633917788
20260921,1,0.75,voiced_ratio,dominance,absolute,0.10724477028533634
20260921,1,0.75,voiced_ratio,valence,relative,0.001216039222740522
20260921,1,0.75,voiced_ratio,arousal,relative,0.03875371425060647
20260921,1,0.75,voiced_ratio,dominance,relative,0.03475119862697339
20260921,1,0.75,voiced_ratio,valence,hybrid,0.002275355981477338
20260921,1,0.75,voiced_ratio,arousal,hybrid,0.1567662144723212
20260921,1,0.75,voiced_ratio,dominance,hybrid,0.11427252410325674
20260921,1,0.75,expanded_temporal,valence,absolute,0.011862416048755306
20260921,1,0.75,expanded_temporal,arousal,absolute,0.2690040045526397
20260921,1,0.75,expanded_temporal,dominance,absolute,0.19708961899252167
20260921,1,0.75,expanded_temporal,valence,relative,0.012947370189058657
20260921,1,0.75,expanded_temporal,arousal,relative,0.08326489453425272
20260921,1,0.75,expanded_temporal,dominance,relative,0.06225533414163891
20260921,1,0.75,expanded_temporal,valence,hybrid,0.016111115877954954
20260921,1,0.75,expanded_temporal,arousal,hybrid,0.33160759233318005
20260921,1,0.75,expanded_temporal,dominance,hybrid,0.24529723527042566
20260921,1,1.0,f0_variability,valence,absolute,0.008055217330634707
20260921,1,1.0,f0_variability,arousal,absolute,0.131949484965138
20260921,1,1.0,f0_variability,dominance,absolute,0.09279723537104503
20260921,1,1.0,f0_variability,valence,relative,0.009697006417274168
20260921,1,1.0,f0_variability,arousal,relative,0.031105973664685368
20260921,1,1.0,f0_variability,dominance,relative,0.018788950841413573
20260921,1,1.0,f0_variability,valence,hybrid,0.009644786655690435
20260921,1,1.0,f0_variability,arousal,hybrid,0.2423829960589346
20260921,1,1.0,f0_variability,dominance,hybrid,0.1850480880973927
20260921,1,1.0,pause_ratio,valence,absolute,0.0014471127485562402
20260921,1,1.0,pause_ratio,arousal,absolute,0.07483574531050396
20260921,1,1.0,pause_ratio,dominance,absolute,0.06565863608599963
20260921,1,1.0,pause_ratio,valence,relative,1.0857765275590123e-07
20260921,1,1.0,pause_ratio,arousal,relative,0.010792527006447599
20260921,1,1.0,pause_ratio,dominance,relative,0.014998598799164986
20260921,1,1.0,pause_ratio,valence,hybrid,0.004671948970563563
20260921,1,1.0,pause_ratio,arousal,hybrid,0.1264929112855561
20260921,1,1.0,pause_ratio,dominance,hybrid,0.09421002871468982
20260921,1,1.0,voiced_ratio,valence,absolute,0.002552385198480285
20260921,1,1.0,voiced_ratio,arousal,absolute,0.16058594933151646
20260921,1,1.0,voiced_ratio,dominance,absolute,0.12380038518588024
20260921,1,1.0,voiced_ratio,valence,relative,0.0009843837953597116
20260921,1,1.0,voiced_ratio,arousal,relative,0.0295423319569682
20260921,1,1.0,voiced_ratio,dominance,relative,0.027739587379583378
20260921,1,1.0,voiced_ratio,valence,hybrid,0.002615888815282372
20260921,1,1.0,voiced_ratio,arousal,hybrid,0.1935329901559488
20260921,1,1.0,voiced_ratio,dominance,hybrid,0.14285891970227743
20260921,1,1.0,expanded_temporal,valence,absolute,0.01137605418747928
20260921,1,1.0,expanded_temporal,arousal,absolute,0.2941980967145742
20260921,1,1.0,expanded_temporal,dominance,absolute,0.2224566378813179
20260921,1,1.0,expanded_temporal,valence,relative,0.01189370585275864
20260921,1,1.0,expanded_temporal,arousal,relative,0.06425279748040912
20260921,1,1.0,expanded_temporal,dominance,relative,0.04949608524307981
20260921,1,1.0,expanded_temporal,valence,hybrid,0.016751054943675684
20260921,1,1.0,expanded_temporal,arousal,hybrid,0.40135439128738315
20260921,1,1.0,expanded_temporal,dominance,hybrid,0.3082969769730733
20260921,2,0.0,f0_variability,valence,absolute,0.010331506322378718
20260921,2,0.0,f0_variability,arousal,absolute,0.054905139682823234
20260921,2,0.0,f0_variability,dominance,absolute,0.033812838716397835
20260921,2,0.0,f0_variability,valence,relative,0.012521331220283595
20260921,2,0.0,f0_variability,arousal,relative,0.06624191667213743
20260921,2,0.0,f0_variability,dominance,relative,0.040880907525951124
20260921,2,0.0,f0_variability,valence,hybrid,0.01252641928790826
20260921,2,0.0,f0_variability,arousal,hybrid,0.06626813555192296
20260921,2,0.0,f0_variability,dominance,hybrid,0.040897282908436944
20260921,2,0.0,pause_ratio,valence,absolute,0.00034745525310671466
20260921,2,0.0,pause_ratio,arousal,absolute,0.023105305891464256
20260921,2,0.0,pause_ratio,dominance,absolute,0.025166784254731046
20260921,2,0.0,pause_ratio,valence,relative,0.0004660049692277868
20260921,2,0.0,pause_ratio,arousal,relative,0.03087069748637413
20260921,2,0.0,pause_ratio,dominance,relative,0.03362514926169299
20260921,2,0.0,pause_ratio,valence,hybrid,0.00046650280312239084
20260921,2,0.0,pause_ratio,arousal,hybrid,0.03090347818623893
20260921,2,0.0,pause_ratio,dominance,hybrid,0.03366080906378413
20260921,2,0.0,voiced_ratio,valence,absolute,0.0010315431888142637
20260921,2,0.0,voiced_ratio,arousal,absolute,0.04187653795466755
20260921,2,0.0,voiced_ratio,dominance,absolute,0.035319285164828296
20260921,2,0.0,voiced_ratio,valence,relative,0.001744633178958029
20260921,2,0.0,voiced_ratio,arousal,relative,0.06980500365925123
20260921,2,0.0,voiced_ratio,dominance,relative,0.05903507391782692
20260921,2,0.0,voiced_ratio,valence,hybrid,0.0017494705796927059
20260921,2,0.0,voiced_ratio,arousal,hybrid,0.06999006507698953
20260921,2,0.0,voiced_ratio,dominance,hybrid,0.05919291944346211
20260921,2,0.0,expanded_temporal,valence,absolute,0.012055072644468074
20260921,2,0.0,expanded_temporal,arousal,absolute,0.10287720217550786
20260921,2,0.0,expanded_temporal,dominance,absolute,0.07553639528381191
20260921,2,0.0,expanded_temporal,valence,relative,0.015012703608895105
20260921,2,0.0,expanded_temporal,arousal,relative,0.14044775248204697
20260921,2,0.0,expanded_temporal,dominance,relative,0.10492282393686081
20260921,2,0.0,expanded_temporal,valence,hybrid,0.015141411529161925
20260921,2,0.0,expanded_temporal,arousal,hybrid,0.14153468078947287
20260921,2,0.0,expanded_temporal,dominance,hybrid,0.10563672963304292
20260921,2,0.25,f0_variability,valence,absolute,0.010501890578949786
20260921,2,0.25,f0_variability,arousal,absolute,0.08589196052279884
20260921,2,0.25,f0_variability,dominance,absolute,0.0560409262964365
20260921,2,0.25,f0_variability,valence,relative,0.012780013740118607
20260921,2,0.25,f0_variability,arousal,relative,0.05966175807720229
20260921,2,0.25,f0_variability,dominance,relative,0.036798108563397956
20260921,2,0.25,f0_variability,valence,hybrid,0.012781898302072102
20260921,2,0.25,f0_variability,arousal,hybrid,0.08757739862655865
20260921,2,0.25,f0_variability,dominance,hybrid,0.0581147771905759
20260921,2,0.25,pause_ratio,valence,absolute,0.0007632681588007508
20260921,2,0.25,pause_ratio,arousal,absolute,0.04272598998614503
20260921,2,0.25,pause_ratio,dominance,absolute,0.0417531429824375
20260921,2,0.25,pause_ratio,valence,relative,0.0002289824195572857
20260921,2,0.25,pause_ratio,arousal,relative,0.027150162461701623
20260921,2,0.25,pause_ratio,dominance,relative,0.031314381015618224
20260921,2,0.25,pause_ratio,valence,hybrid,0.0009602027305639127
20260921,2,0.25,pause_ratio,arousal,hybrid,0.04309013143987366
20260921,2,0.25,pause_ratio,dominance,hybrid,0.04178798845498209
20260921,2,0.25,voiced_ratio,valence,absolute,0.0013789822488297916
20260921,2,0.25,voiced_ratio,arousal,absolute,0.08101859419024254
20260921,2,0.25,voiced_ratio,dominance,absolute,0.06331124769436028
20260921,2,0.25,voiced_ratio,valence,relative,0.0015381902148315569
20260921,2,0.25,voiced_ratio,arousal,relative,0.06258547100737588
20260921,2,0.25,voiced_ratio,dominance,relative,0.05390546134729202
20260921,2,0.25,voiced_ratio,valence,hybrid,0.0016865784100500577
20260921,2,0.25,voiced_ratio,arousal,hybrid,0.08436210914458789
20260921,2,0.25,voiced_ratio,dominance,hybrid,0.06795083296415252
20260921,2,0.25,expanded_temporal,valence,absolute,0.012582225227600765
20260921,2,0.25,expanded_temporal,arousal,absolute,0.1740009085659609
20260921,2,0.25,expanded_temporal,dominance,absolute,0.12771751612029747
20260921,2,0.25,expanded_temporal,valence,relative,0.0151941442517937
20260921,2,0.25,expanded_temporal,arousal,relative,0.12665658272100805
20260921,2,0.25,expanded_temporal,dominance,relative,0.09557827150218566
20260921,2,0.25,expanded_temporal,valence,hybrid,0.015987270077177273
20260921,2,0.25,expanded_temporal,arousal,hybrid,0.17813292000428535
20260921,2,0.25,expanded_temporal,dominance,hybrid,0.13240762968114422
20260921,2,0.5,f0_variability,valence,absolute,0.010289480711696304
20260921,2,0.5,f0_variability,arousal,absolute,0.11004147634779214
20260921,2,0.5,f0_variability,dominance,absolute,0.07616871724606915
20260921,2,0.5,f0_variability,valence,relative,0.012574317169663705
20260921,2,0.5,f0_variability,arousal,relative,0.048877653189819195
20260921,2,0.5,f0_variability,dominance,relative,0.03066436537332662
20260921,2,0.5,f0_variability,valence,hybrid,0.012570852974365327
20260921,2,0.5,f0_variability,arousal,hybrid,0.14042320662428204
20260921,2,0.5,f0_variability,dominance,hybrid,0.10318991735805033
20260921,2,0.5,pause_ratio,valence,absolute,0.0012787846986560083
20260921,2,0.5,pause_ratio,arousal,absolute,0.06039381655823422
20260921,2,0.5,pause_ratio,dominance,absolute,0.05686255729063152
20260921,2,0.5,pause_ratio,valence,relative,6.339620493796729e-05
20260921,2,0.5,pause_ratio,arousal,relative,0.021653310431425158
20260921,2,0.5,pause_ratio,dominance,relative,0.027034488207731855
20260921,2,0.5,pause_ratio,valence,hybrid,0.002757545884194602
20260921,2,0.5,pause_ratio,arousal,hybrid,0.07338210676611973
20260921,2,0.5,pause_ratio,dominance,hybrid,0.06186332837377617
20260921,2,0.5,voiced_ratio,valence,absolute,0.001696032816861318
20260921,2,0.5,voiced_ratio,arousal,absolute,0.11689435104464423
20260921,2,0.5,voiced_ratio,dominance,absolute,0.09000424191722997
20260921,2,0.5,voiced_ratio,valence,relative,0.0012980359498965608
20260921,2,0.5,voiced_ratio,arousal,relative,0.05102942821875426
20260921,2,0.5,voiced_ratio,dominance,relative,0.04563129013990185
20260921,2,0.5,voiced_ratio,valence,hybrid,0.0017618573161267384
20260921,2,0.5,voiced_ratio,arousal,hybrid,0.11858233737904118
20260921,2,0.5,voiced_ratio,dominance,hybrid,0.09016426871071762
20260921,2,0.5,expanded_temporal,valence,absolute,0.012745925058459662
20260921,2,0.5,expanded_temporal,arousal,absolute,0.23285755198127686
20260921,2,0.5,expanded_temporal,dominance,absolute,0.1750393068564603
20260921,2,0.5,expanded_temporal,valence,relative,0.01490458655354
20260921,2,0.5,expanded_temporal,arousal,relative,0.10412389984295084
20260921,2,0.5,expanded_temporal,dominance,relative,0.08078756682996173
20260921,2,0.5,expanded_temporal,valence,hybrid,0.01755630467289639
20260921,2,0.5,expanded_temporal,arousal,hybrid,0.25804269989881506
20260921,2,0.5,expanded_temporal,dominance,hybrid,0.19583122126123773
20260921,2,0.75,f0_variability,valence,absolute,0.009771335224323378
20260921,2,0.75,f0_variability,arousal,absolute,0.12445060483306024
20260921,2,0.75,f0_variability,dominance,absolute,0.0910629149513955
20260921,2,0.75,f0_variability,valence,relative,0.011992647626867897
20260921,2,0.75,f0_variability,arousal,relative,0.03770116982722449
20260921,2,0.75,f0_variability,dominance,relative,0.024196278521086
20260921,2,0.75,f0_variability,valence,hybrid,0.011982504988241459
20260921,2,0.75,f0_variability,arousal,hybrid,0.19963496023880536
20260921,2,0.75,f0_variability,dominance,hybrid,0.157786427327277
20260921,2,0.75,pause_ratio,valence,absolute,0.0018286263753549922
20260921,2,0.75,pause_ratio,arousal,absolute,0.07280601058239358
20260921,2,0.75,pause_ratio,dominance,absolute,0.06809500766620215
20260921,2,0.75,pause_ratio,valence,relative,-2.499257268090678e-05
20260921,2,0.75,pause_ratio,arousal,relative,0.016222811179421984
20260921,2,0.75,pause_ratio,dominance,relative,0.02213745462195139
20260921,2,0.75,pause_ratio,valence,hybrid,0.005485999880935541
20260921,2,0.75,pause_ratio,arousal,hybrid,0.10766427279835825
20260921,2,0.75,pause_ratio,dominance,hybrid,0.08623310293601924
20260921,2,0.75,voiced_ratio,valence,absolute,0.0019560556573552466
20260921,2,0.75,voiced_ratio,arousal,absolute,0.14257961357405485
20260921,2,0.75,voiced_ratio,dominance,absolute,0.11075023446260346
20260921,2,0.75,voiced_ratio,valence,relative,0.0010527006386519037
20260921,2,0.75,voiced_ratio,arousal,relative,0.03916007959648412
20260921,2,0.75,voiced_ratio,dominance,relative,0.03661795062020146
20260921,2,0.75,voiced_ratio,valence,hybrid,0.0019475048009271916
20260921,2,0.75,voiced_ratio,arousal,hybrid,0.15691774420088822
20260921,2,0.75,voiced_ratio,dominance,hybrid,0.1172564856655246
20260921,2,0.75,expanded_temporal,valence,absolute,0.012583943125220523
20260921,2,0.75,expanded_temporal,arousal,absolute,0.2712857055919169
20260921,2,0.75,expanded_temporal,dominance,absolute,0.21026368320385871
20260921,2,0.75,expanded_temporal,valence,relative,0.014241551719540536
20260921,2,0.75,expanded_temporal,arousal,relative,0.08059951017943186
20260921,2,0.75,expanded_temporal,dominance,relative,0.06473006891646402
20260921,2,0.75,expanded_temporal,valence,hybrid,0.019586471103945614
20260921,2,0.75,expanded_temporal,arousal,hybrid,0.34196452256790905
20260921,2,0.75,expanded_temporal,dominance,hybrid,0.2691214530461451
20260921,2,1.0,f0_variability,valence,absolute,0.009059775477227501
20260921,2,1.0,f0_variability,arousal,absolute,0.1310673299952039
20260921,2,1.0,f0_variability,dominance,absolute,0.10053260967337654
20260921,2,1.0,f0_variability,valence,relative,0.011168208133461505
20260921,2,1.0,f0_variability,arousal,relative,0.02828928915395769
20260921,2,1.0,f0_variability,dominance,relative,0.018515761467583724
20260921,2,1.0,f0_variability,valence,hybrid,0.011150936575187304
20260921,2,1.0,f0_variability,arousal,hybrid,0.25059435404178626
20260921,2,1.0,f0_variability,dominance,hybrid,0.2086107613355442
20260921,2,1.0,pause_ratio,valence,absolute,0.0023566788476811766
20260921,2,1.0,pause_ratio,arousal,absolute,0.08016401834379855
20260921,2,1.0,pause_ratio,dominance,absolute,0.07526600832086733
20260921,2,1.0,pause_ratio,valence,relative,-4.5387323463113e-05
20260921,2,1.0,pause_ratio,arousal,relative,0.011802004096499539
20260921,2,1.0,pause_ratio,dominance,relative,0.017613556074628476
20260921,2,1.0,pause_ratio,valence,hybrid,0.008695471258372148
20260921,2,1.0,pause_ratio,arousal,hybrid,0.13747037351039093
20260921,2,1.0,pause_ratio,dominance,hybrid,0.1091733098308326
20260921,2,1.0,voiced_ratio,valence,absolute,0.002148707374079051
20260921,2,1.0,voiced_ratio,arousal,absolute,0.15830862572241103
20260921,2,1.0,voiced_ratio,dominance,absolute,0.12477917478471931
20260921,2,1.0,voiced_ratio,valence,relative,0.000824901331412606
20260921,2,1.0,voiced_ratio,arousal,relative,0.029221703333754238
20260921,2,1.0,voiced_ratio,dominance,relative,0.028524551402139532
20260921,2,1.0,voiced_ratio,valence,hybrid,0.0022027180610967407
20260921,2,1.0,voiced_ratio,arousal,hybrid,0.19007961897537753
20260921,2,1.0,voiced_ratio,dominance,hybrid,0.14280684394107124
20260921,2,1.0,expanded_temporal,valence,absolute,0.012181901352833303
20260921,2,1.0,expanded_temporal,arousal,absolute,0.2924805955006777
20260921,2,1.0,expanded_temporal,dominance,absolute,0.23312127066846852
20260921,2,1.0,expanded_temporal,valence,relative,0.013344697216303431
20260921,2,1.0,expanded_temporal,arousal,relative,0.06062152783961993
20260921,2,1.0,expanded_temporal,dominance,relative,0.050310125561111425
20260921,2,1.0,expanded_temporal,valence,hybrid,0.02179547080862685
20260921,2,1.0,expanded_temporal,arousal,hybrid,0.4105959711487623
20260921,2,1.0,expanded_temporal,dominance,hybrid,0.3347830740840233
20260921,3,0.0,f0_variability,valence,absolute,0.010776498080685648
20260921,3,0.0,f0_variability,arousal,absolute,0.0525512497112421
20260921,3,0.0,f0_variability,dominance,absolute,0.03159851827635959
20260921,3,0.0,f0_variability,valence,relative,0.013153224911863319
20260921,3,0.0,f0_variability,arousal,relative,0.0637962250697409
20260921,3,0.0,f0_variability,dominance,relative,0.038459387436844954
20260921,3,0.0,f0_variability,valence,hybrid,0.01315855918029485
20260921,3,0.0,f0_variability,arousal,hybrid,0.06382127857121406
20260921,3,0.0,f0_variability,dominance,hybrid,0.03847473686526188
20260921,3,0.0,pause_ratio,valence,absolute,0.00037035709952919845
20260921,3,0.0,pause_ratio,arousal,absolute,0.02138205743425513
20260921,3,0.0,pause_ratio,dominance,absolute,0.022263134188198048
20260921,3,0.0,pause_ratio,valence,relative,0.0004965151714398954
20260921,3,0.0,pause_ratio,arousal,relative,0.0285712195921778
20260921,3,0.0,pause_ratio,dominance,relative,0.029747725817648348
20260921,3,0.0,pause_ratio,valence,hybrid,0.000497141551543621
20260921,3,0.0,pause_ratio,arousal,hybrid,0.028606703794008776
20260921,3,0.0,pause_ratio,dominance,hybrid,0.029784675326362045
20260921,3,0.0,voiced_ratio,valence,absolute,0.0008712112916648407
20260921,3,0.0,voiced_ratio,arousal,absolute,0.04110470199502903
20260921,3,0.0,voiced_ratio,dominance,absolute,0.033848704629818684
20260921,3,0.0,voiced_ratio,valence,relative,0.001479280847871126
20260921,3,0.0,voiced_ratio,arousal,relative,0.06884677964476342
20260921,3,0.0,voiced_ratio,dominance,relative,0.056844866124094964
20260921,3,0.0,voiced_ratio,valence,hybrid,0.0014834209061663029
20260921,3,0.0,voiced_ratio,arousal,hybrid,0.06903170193528553
20260921,3,0.0,voiced_ratio,dominance,hybrid,0.05699883068893454
20260921,3,0.0,expanded_temporal,valence,absolute,0.01220537390877241
20260921,3,0.0,expanded_temporal,arousal,absolute,0.09909949335354695
20260921,3,0.0,expanded_temporal,dominance,absolute,0.07073271265377219
20260921,3,0.0,expanded_temporal,valence,relative,0.015337970912923061
20260921,3,0.0,expanded_temporal,arousal,relative,0.13776796657842982
20260921,3,0.0,expanded_temporal,dominance,relative,0.10027515462123358
20260921,3,0.0,expanded_temporal,valence,hybrid,0.015452507731768603
20260921,3,0.0,expanded_temporal,arousal,hybrid,0.13881313227112796
20260921,3,0.0,expanded_temporal,dominance,hybrid,0.10095932906756025
20260921,3,0.25,f0_variability,valence,absolute,0.010314003481476925
20260921,3,0.25,f0_variability,arousal,absolute,0.07795877034534242
20260921,3,0.25,f0_variability,dominance,absolute,0.049347517227937246
20260921,3,0.25,f0_variability,valence,relative,0.013230572017101669
20260921,3,0.25,f0_variability,arousal,relative,0.0581501845162892
20260921,3,0.25,f0_variability,dominance,relative,0.03454566993563332
20260921,3,0.25,f0_variability,valence,hybrid,0.013183283864329303
20260921,3,0.25,f0_variability,arousal,hybrid,0.07841063444219203
20260921,3,0.25,f0_variability,dominance,hybrid,0.05029300488864093
20260921,3,0.25,pause_ratio,valence,absolute,0.0007168584713210628
20260921,3,0.25,pause_ratio,arousal,absolute,0.03962074994353772
20260921,3,0.25,pause_ratio,dominance,absolute,0.037263857682586346
20260921,3,0.25,pause_ratio,valence,relative,0.000286265240797033
20260921,3,0.25,pause_ratio,arousal,relative,0.025433805181918224
20260921,3,0.25,pause_ratio,dominance,relative,0.027801592638412014
20260921,3,0.25,pause_ratio,valence,hybrid,0.0008273861764867246
20260921,3,0.25,pause_ratio,arousal,hybrid,0.03990145345860918
20260921,3,0.25,pause_ratio,dominance,hybrid,0.037282356183399395
20260921,3,0.25,voiced_ratio,valence,absolute,0.0015041676223530897
20260921,3,0.25,voiced_ratio,arousal,absolute,0.07814239744117202
20260921,3,0.25,voiced_ratio,dominance,absolute,0.059773292493044236
20260921,3,0.25,voiced_ratio,valence,relative,0.0014322427988727093
20260921,3,0.25,voiced_ratio,arousal,relative,0.06292407157322626
20260921,3,0.25,voiced_ratio,dominance,relative,0.05265491194468003
20260921,3,0.25,voiced_ratio,valence,hybrid,0.0016799762901363842
20260921,3,0.25,voiced_ratio,arousal,hybrid,0.0823155620057353
20260921,3,0.25,voiced_ratio,dominance,hybrid,0.0649753126527243
20260921,3,0.25,expanded_temporal,valence,absolute,0.0125005099746675
20260921,3,0.25,expanded_temporal,arousal,absolute,0.16229981831036414
20260921,3,0.25,expanded_temporal,dominance,absolute,0.11608410647913683
20260921,3,0.25,expanded_temporal,valence,relative,0.015502269985409798
20260921,3,0.25,expanded_temporal,arousal,relative,0.12622665290381455
20260921,3,0.25,expanded_temporal,dominance,relative,0.09198744538371069
20260921,3,0.25,expanded_temporal,valence,hybrid,0.01623071075982115
20260921,3,0.25,expanded_temporal,arousal,hybrid,0.16722140610189795
20260921,3,0.25,expanded_temporal,dominance,hybrid,0.12105037147793085
20260921,3,0.5,f0_variability,valence,absolute,0.00949291229241536
20260921,3,0.5,f0_variability,arousal,absolute,0.09893256565928714
20260921,3,0.5,f0_variability,dominance,absolute,0.06575693894727606
20260921,3,0.5,f0_variability,valence,relative,0.012832884699971932
20260921,3,0.5,f0_variability,arousal,relative,0.049226857049915945
20260921,3,0.5,f0_variability,dominance,relative,0.029100730947308872
20260921,3,0.5,f0_variability,valence,hybrid,0.012687472383110599
20260921,3,0.5,f0_variability,arousal,hybrid,0.11769900651214588
20260921,3,0.5,f0_variability,dominance,hybrid,0.08375180428070296
20260921,3,0.5,pause_ratio,valence,absolute,0.0011217222930557525
20260921,3,0.5,pause_ratio,arousal,absolute,0.05762944536654967
20260921,3,0.5,pause_ratio,dominance,absolute,0.05191210231516478
20260921,3,0.5,pause_ratio,valence,relative,0.00013086145454438338
20260921,3,0.5,pause_ratio,arousal,relative,0.020968182628639403
20260921,3,0.5,pause_ratio,dominance,relative,0.02442109848782299
20260921,3,0.5,pause_ratio,valence,hybrid,0.002108285598742443
20260921,3,0.5,pause_ratio,arousal,hybrid,0.06941331848142544
20260921,3,0.5,pause_ratio,dominance,hybrid,0.05654596726522708
20260921,3,0.5,voiced_ratio,valence,absolute,0.0021752333509666866
20260921,3,0.5,voiced_ratio,arousal,absolute,0.11461627389359651
20260921,3,0.5,voiced_ratio,dominance,absolute,0.08566439102295384
20260921,3,0.5,voiced_ratio,valence,relative,0.0013327890132284342
20260921,3,0.5,voiced_ratio,arousal,relative,0.05341426834537643
20260921,3,0.5,voiced_ratio,dominance,relative,0.04584997590686727
20260921,3,0.5,voiced_ratio,valence,hybrid,0.0021466475651140244
20260921,3,0.5,voiced_ratio,arousal,hybrid,0.11524466214174289
20260921,3,0.5,voiced_ratio,dominance,hybrid,0.08552340103031895
20260921,3,0.5,expanded_temporal,valence,absolute,0.012427171185073535
20260921,3,0.5,expanded_temporal,arousal,absolute,0.2182663880550197
20260921,3,0.5,expanded_temporal,dominance,absolute,0.15874068870617897
20260921,3,0.5,expanded_temporal,valence,relative,0.015168755699769509
20260921,3,0.5,expanded_temporal,arousal,relative,0.1076409718915367
20260921,3,0.5,expanded_temporal,dominance,relative,0.07936838552112037
20260921,3,0.5,expanded_temporal,valence,hybrid,0.017391208179885275
20260921,3,0.5,expanded_temporal,arousal,hybrid,0.23334030147216034
20260921,3,0.5,expanded_temporal,dominance,hybrid,0.17144302404069137
20260921,3,0.75,f0_variability,valence,absolute,0.008447162289654383
20260921,3,0.75,f0_variability,arousal,absolute,0.1129972018997265
20260921,3,0.75,f0_variability,dominance,absolute,0.07856803505284798
20260921,3,0.75,f0_variability,valence,relative,0.012069353980254983
20260921,3,0.75,f0_variability,arousal,relative,0.03952850272548701
20260921,3,0.75,f0_variability,dominance,relative,0.023337338825768807
20260921,3,0.75,f0_variability,valence,hybrid,0.011796745367924761
20260921,3,0.75,f0_variability,arousal,hybrid,0.1653980054098352
20260921,3,0.75,f0_variability,dominance,hybrid,0.12678837083516906
20260921,3,0.75,pause_ratio,valence,absolute,0.0015360529584006238
20260921,3,0.75,pause_ratio,arousal,absolute,0.07213669550964272
20260921,3,0.75,pause_ratio,dominance,absolute,0.06396868460085751
20260921,3,0.75,pause_ratio,valence,relative,3.756914546810135e-05
20260921,3,0.75,pause_ratio,arousal,relative,0.016359546422484432
20260921,3,0.75,pause_ratio,dominance,relative,0.020476560302372358
20260921,3,0.75,pause_ratio,valence,hybrid,0.004068326777537817
20260921,3,0.75,pause_ratio,arousal,hybrid,0.10554316152000794
20260921,3,0.75,pause_ratio,dominance,hybrid,0.08125860266159776
20260921,3,0.75,voiced_ratio,valence,absolute,0.0028122259964427324
20260921,3,0.75,voiced_ratio,arousal,absolute,0.1438467431332684
20260921,3,0.75,voiced_ratio,dominance,absolute,0.10735716549332237
20260921,3,0.75,voiced_ratio,valence,relative,0.0011984987486582904
20260921,3,0.75,voiced_ratio,arousal,relative,0.04301064074058655
20260921,3,0.75,voiced_ratio,dominance,relative,0.03810102183900118
20260921,3,0.75,voiced_ratio,valence,hybrid,0.0027969557980232393
20260921,3,0.75,voiced_ratio,arousal,hybrid,0.15491849909622135
20260921,3,0.75,voiced_ratio,dominance,hybrid,0.11179899854317023
20260921,3,0.75,expanded_temporal,valence,absolute,0.012047138557827875
20260921,3,0.75,expanded_temporal,arousal,absolute,0.2591244707878971
20260921,3,0.75,expanded_temporal,dominance,absolute,0.1926265245468397
20260921,3,0.75,expanded_temporal,valence,relative,0.014443479938972766
20260921,3,0.75,expanded_temporal,arousal,relative,0.08713058389814583
20260921,3,0.75,expanded_temporal,dominance,relative,0.06533772391192365
20260921,3,0.75,expanded_temporal,valence,hybrid,0.018760616159090977
20260921,3,0.75,expanded_temporal,arousal,hybrid,0.3093401897254648
20260921,3,0.75,expanded_temporal,dominance,hybrid,0.23375437022506848
20260921,3,1.0,f0_variability,valence,absolute,0.007319514078907865
20260921,3,1.0,f0_variability,arousal,absolute,0.12080704955965092
20260921,3,1.0,f0_variability,dominance,absolute,0.08733782183763665
20260921,3,1.0,f0_variability,valence,relative,0.011089204970326352
20260921,3,1.0,f0_variability,arousal,relative,0.030798073630390665
20260921,3,1.0,f0_variability,dominance,relative,0.018126987842848188
20260921,3,1.0,f0_variability,valence,hybrid,0.010677970748400012
20260921,3,1.0,f0_variability,arousal,hybrid,0.20975237536332678
20260921,3,1.0,f0_variability,dominance,hybrid,0.16929014761333286
20260921,3,1.0,pause_ratio,valence,absolute,0.0019210357597498062
20260921,3,1.0,pause_ratio,arousal,absolute,0.08231868160820384
20260921,3,1.0,pause_ratio,dominance,absolute,0.07272047784115761
20260921,3,1.0,pause_ratio,valence,relative,8.981584554037055e-07
20260921,3,1.0,pause_ratio,arousal,relative,0.012360848049094769
20260921,3,1.0,pause_ratio,dominance,relative,0.016680943644084772
20260921,3,1.0,pause_ratio,valence,hybrid,0.006379329018181773
20260921,3,1.0,pause_ratio,arousal,hybrid,0.13960009864887488
20260921,3,1.0,pause_ratio,dominance,hybrid,0.1059505092735071
20260921,3,1.0,voiced_ratio,valence,absolute,0.003366380799153503
20260921,3,1.0,voiced_ratio,arousal,absolute,0.16433861985017775
20260921,3,1.0,voiced_ratio,dominance,absolute,0.12343489592196448
20260921,3,1.0,voiced_ratio,valence,relative,0.0010490932982305473
20260921,3,1.0,voiced_ratio,arousal,relative,0.03360844977796446
20260921,3,1.0,voiced_ratio,dominance,relative,0.030744906946147687
20260921,3,1.0,voiced_ratio,valence,hybrid,0.0035325073312010725
20260921,3,1.0,voiced_ratio,arousal,hybrid,0.19192344565096447
20260921,3,1.0,voiced_ratio,dominance,hybrid,0.13794101727801905
20260921,3,1.0,expanded_temporal,valence,absolute,0.011462838852503305
20260921,3,1.0,expanded_temporal,arousal,absolute,0.2852081245145065
20260921,3,1.0,expanded_temporal,dominance,absolute,0.2164971080118115
20260921,3,1.0,expanded_temporal,valence,relative,0.013478005116380394
20260921,3,1.0,expanded_temporal,arousal,relative,0.06841429649926978
20260921,3,1.0,expanded_temporal,dominance,relative,0.05218623846842131
20260921,3,1.0,expanded_temporal,valence,hybrid,0.020171196384576644
20260921,3,1.0,expanded_temporal,arousal,hybrid,0.3771806200452474
20260921,3,1.0,expanded_temporal,dominance,hybrid,0.2935564157962444
20260921,4,0.0,f0_variability,valence,absolute,0.010492713645548225
20260921,4,0.0,f0_variability,arousal,absolute,0.05010000050147537
20260921,4,0.0,f0_variability,dominance,absolute,0.030437795015628637
20260921,4,0.0,f0_variability,valence,relative,0.012747300434981117
20260921,4,0.0,f0_variability,arousal,relative,0.06064579022050148
20260921,4,0.0,f0_variability,dominance,relative,0.03691020976348925
20260921,4,0.0,f0_variability,valence,hybrid,0.012752035715540256
20260921,4,0.0,f0_variability,arousal,hybrid,0.06066800904993437
20260921,4,0.0,f0_variability,dominance,hybrid,0.036923808522995344
20260921,4,0.0,pause_ratio,valence,absolute,0.0004231376292823024
20260921,4,0.0,pause_ratio,arousal,absolute,0.023460094321490432
20260921,4,0.0,pause_ratio,dominance,absolute,0.021605249984741844
20260921,4,0.0,pause_ratio,valence,relative,0.0005691517048388936
20260921,4,0.0,pause_ratio,arousal,relative,0.03145665284305607
20260921,4,0.0,pause_ratio,dominance,relative,0.028960100466169068
20260921,4,0.0,pause_ratio,valence,hybrid,0.000569764356213195
20260921,4,0.0,pause_ratio,arousal,hybrid,0.03149021840840204
20260921,4,0.0,pause_ratio,dominance,hybrid,0.028990986344249063
20260921,4,0.0,voiced_ratio,valence,absolute,0.0012372514885863784
20260921,4,0.0,voiced_ratio,arousal,absolute,0.039598497093194775
20260921,4,0.0,voiced_ratio,dominance,absolute,0.03022047570422503
20260921,4,0.0,voiced_ratio,valence,relative,0.0020947801951306743
20260921,4,0.0,voiced_ratio,arousal,relative,0.06620145905496642
20260921,4,0.0,voiced_ratio,dominance,relative,0.05062021438677627
20260921,4,0.0,voiced_ratio,valence,hybrid,0.0021005837193510007
20260921,4,0.0,voiced_ratio,arousal,hybrid,0.0663781088281172
20260921,4,0.0,voiced_ratio,dominance,hybrid,0.050756064640616584
20260921,4,0.0,expanded_temporal,valence,absolute,0.012492063598708558
20260921,4,0.0,expanded_temporal,arousal,absolute,0.09600636936452066
20260921,4,0.0,expanded_temporal,dominance,absolute,0.06645475537136418
20260921,4,0.0,expanded_temporal,valence,relative,0.015743377410470775
20260921,4,0.0,expanded_temporal,arousal,relative,0.13232491870717608
20260921,4,0.0,expanded_temporal,dominance,relative,0.09284903131686226
20260921,4,0.0,expanded_temporal,valence,hybrid,0.01587811275084244
20260921,4,0.0,expanded_temporal,arousal,hybrid,0.13331875403473184
20260921,4,0.0,expanded_temporal,dominance,hybrid,0.09349136749253961
20260921,4,0.25,f0_variability,valence,absolute,0.010461598816523887
20260921,4,0.25,f0_variability,arousal,absolute,0.07536593891293795
20260921,4,0.25,f0_variability,dominance,absolute,0.04817653976318861
20260921,4,0.25,f0_variability,valence,relative,0.012866452980404664
20260921,4,0.25,f0_variability,arousal,relative,0.05619106229766164
20260921,4,0.25,f0_variability,dominance,relative,0.034010830687330684
20260921,4,0.25,f0_variability,valence,hybrid,0.012866892548037002
20260921,4,0.25,f0_variability,arousal,hybrid,0.07577623003964838
20260921,4,0.25,f0_variability,dominance,hybrid,0.048996229974273935
20260921,4,0.25,pause_ratio,valence,absolute,0.0007948194798194624
20260921,4,0.25,pause_ratio,arousal,absolute,0.03840513319516473
20260921,4,0.25,pause_ratio,dominance,absolute,0.03295648699029018
20260921,4,0.25,pause_ratio,valence,relative,0.0003763791827332596
20260921,4,0.25,pause_ratio,arousal,relative,0.027781048190002783
20260921,4,0.25,pause_ratio,dominance,relative,0.026802549019557236
20260921,4,0.25,pause_ratio,valence,hybrid,0.0007643154355954628
20260921,4,0.25,pause_ratio,arousal,hybrid,0.03755673413468657
20260921,4,0.25,pause_ratio,dominance,hybrid,0.03306025760701973
20260921,4,0.25,voiced_ratio,valence,absolute,0.0017564210863746145
20260921,4,0.25,voiced_ratio,arousal,absolute,0.07414187163098004
20260921,4,0.25,voiced_ratio,dominance,absolute,0.05356432672151685
20260921,4,0.25,voiced_ratio,valence,relative,0.0019500045315060908
20260921,4,0.25,voiced_ratio,arousal,relative,0.060669268195774215
20260921,4,0.25,voiced_ratio,dominance,relative,0.04717604515640266
20260921,4,0.25,voiced_ratio,valence,hybrid,0.002141391455288493
20260921,4,0.25,voiced_ratio,arousal,hybrid,0.07833894225391674
20260921,4,0.25,voiced_ratio,dominance,hybrid,0.058185149917975805
20260921,4,0.25,expanded_temporal,valence,absolute,0.013045540978979258
20260921,4,0.25,expanded_temporal,arousal,absolute,0.1569728168458408
20260921,4,0.25,expanded_temporal,dominance,absolute,0.10889021824541517
20260921,4,0.25,expanded_temporal,valence,relative,0.01576541826594142
20260921,4,0.25,expanded_temporal,arousal,relative,0.12225312758245357
20260921,4,0.25,expanded_temporal,dominance,relative,0.08628532347357953
20260921,4,0.25,expanded_temporal,valence,hybrid,0.01636796555766574
20260921,4,0.25,expanded_temporal,arousal,hybrid,0.16063545920532263
20260921,4,0.25,expanded_temporal,dominance,hybrid,0.11326780939055191
20260921,4,0.5,f0_variability,valence,absolute,0.010061146599580816
20260921,4,0.5,f0_variability,arousal,absolute,0.09683480615512619
20260921,4,0.5,f0_variability,dominance,absolute,0.06501532048661174
20260921,4,0.5,f0_variability,valence,relative,0.01252387485160816
20260921,4,0.5,f0_variability,arousal,relative,0.048448547812332966
20260921,4,0.5,f0_variability,dominance,relative,0.029502646152574006
20260921,4,0.5,f0_variability,valence,hybrid,0.01252382622924973
20260921,4,0.5,f0_variability,arousal,hybrid,0.11494159775593395
20260921,4,0.5,f0_variability,dominance,hybrid,0.08179715225321903
20260921,4,0.5,pause_ratio,valence,absolute,0.001216205439102145
20260921,4,0.5,pause_ratio,arousal,absolute,0.05158826736326054
20260921,4,0.5,pause_ratio,dominance,absolute,0.043259291602390004
20260921,4,0.5,pause_ratio,valence,relative,0.00019901474021607354
20260921,4,0.5,pause_ratio,arousal,relative,0.022748510497209645
20260921,4,0.5,pause_ratio,dominance,relative,0.023364898341766027
20260921,4,0.5,pause_ratio,valence,hybrid,0.0016025695683821377
20260921,4,0.5,pause_ratio,arousal,hybrid,0.05513723748191621
20260921,4,0.5,pause_ratio,dominance,hybrid,0.044433759728926776
20260921,4,0.5,voiced_ratio,valence,absolute,0.0022679972517564
20260921,4,0.5,voiced_ratio,arousal,absolute,0.10801345273606962
20260921,4,0.5,voiced_ratio,dominance,absolute,0.07719322032560923
20260921,4,0.5,voiced_ratio,valence,relative,0.0017473897597895765
20260921,4,0.5,voiced_ratio,arousal,relative,0.051730313663725366
20260921,4,0.5,voiced_ratio,dominance,relative,0.04144290436680461
20260921,4,0.5,voiced_ratio,valence,hybrid,0.0023502615731503455
20260921,4,0.5,voiced_ratio,arousal,hybrid,0.10804519242815962
20260921,4,0.5,voiced_ratio,dominance,hybrid,0.07705175525154914
20260921,4,0.5,expanded_temporal,valence,absolute,0.013216238593271175
20260921,4,0.5,expanded_temporal,arousal,absolute,0.21132742088655865
20260921,4,0.5,expanded_temporal,dominance,absolute,0.14958167062837305
20260921,4,0.5,expanded_temporal,valence,relative,0.015247377711103153
20260921,4,0.5,expanded_temporal,arousal,relative,0.10529566361694556
20260921,4,0.5,expanded_temporal,dominance,relative,0.07561063710133069
20260921,4,0.5,expanded_temporal,valence,hybrid,0.016944919124221188
20260921,4,0.5,expanded_temporal,arousal,hybrid,0.22192681181033444
20260921,4,0.5,expanded_temporal,dominance,hybrid,0.1606733557517769
20260921,4,0.75,f0_variability,valence,absolute,0.009385116247655522
20260921,4,0.75,f0_variability,arousal,absolute,0.11177163007234776
20260921,4,0.75,f0_variability,dominance,absolute,0.0785983572920242
20260921,4,0.75,f0_variability,valence,relative,0.011821230630445143
20260921,4,0.75,f0_variability,arousal,relative,0.039673672796642766
20260921,4,0.75,f0_variability,dominance,relative,0.02443409124656415
20260921,4,0.75,f0_variability,valence,hybrid,0.01182400716303885
20260921,4,0.75,f0_variability,arousal,hybrid,0.162445865138753
20260921,4,0.75,f0_variability,dominance,hybrid,0.12404864515320417
20260921,4,0.75,pause_ratio,valence,absolute,0.0016383676583973416
20260921,4,0.75,pause_ratio,arousal,absolute,0.06111429782096075
20260921,4,0.75,pause_ratio,dominance,absolute,0.051187228873081046
20260921,4,0.75,pause_ratio,valence,relative,5.2266394678006976e-05
20260921,4,0.75,pause_ratio,arousal,relative,0.01763052848821462
20260921,4,0.75,pause_ratio,dominance,relative,0.01945942161207681
20260921,4,0.75,pause_ratio,valence,hybrid,0.0029040441247321154
20260921,4,0.75,pause_ratio,arousal,hybrid,0.07711495997899083
20260921,4,0.75,pause_ratio,dominance,hybrid,0.059355408723041944
20260921,4,0.75,voiced_ratio,valence,absolute,0.0027227128591197436
20260921,4,0.75,voiced_ratio,arousal,absolute,0.1351676396149693
20260921,4,0.75,voiced_ratio,dominance,absolute,0.0973581595050547
20260921,4,0.75,voiced_ratio,valence,relative,0.001515406147994388
20260921,4,0.75,voiced_ratio,arousal,relative,0.041875762413663795
20260921,4,0.75,voiced_ratio,dominance,relative,0.03479564287589377
20260921,4,0.75,voiced_ratio,valence,hybrid,0.0026816785960743477
20260921,4,0.75,voiced_ratio,arousal,hybrid,0.14400165885324387
20260921,4,0.75,voiced_ratio,dominance,hybrid,0.10128550828216025
20260921,4,0.75,expanded_temporal,valence,absolute,0.013044101934289308
20260921,4,0.75,expanded_temporal,arousal,absolute,0.25137310729153123
20260921,4,0.75,expanded_temporal,dominance,absolute,0.18269735000554993
20260921,4,0.75,expanded_temporal,valence,relative,0.014319611740289699
20260921,4,0.75,expanded_temporal,arousal,relative,0.08617700647987327
20260921,4,0.75,expanded_temporal,dominance,relative,0.06331123640222437
20260921,4,0.75,expanded_temporal,valence,hybrid,0.01753833174005958
20260921,4,0.75,expanded_temporal,arousal,hybrid,0.2918053467387443
20260921,4,0.75,expanded_temporal,dominance,hybrid,0.21898394599317897
20260921,4,1.0,f0_variability,valence,absolute,0.008553789206549383
20260921,4,1.0,f0_variability,arousal,absolute,0.120513304858472
20260921,4,1.0,f0_variability,dominance,absolute,0.08826743723722673
20260921,4,1.0,f0_variability,valence,relative,0.01089971887579203
20260921,4,1.0,f0_variability,arousal,relative,0.03154488678038921
20260921,4,1.0,f0_variability,dominance,relative,0.01963975838899247
20260921,4,1.0,f0_variability,valence,hybrid,0.01090761537394135
20260921,4,1.0,f0_variability,arousal,hybrid,0.20679166367017376
20260921,4,1.0,f0_variability,dominance,hybrid,0.16608930184629792
20260921,4,1.0,pause_ratio,valence,absolute,0.00202378479118232
20260921,4,1.0,pause_ratio,arousal,absolute,0.06697906947089514
20260921,4,1.0,pause_ratio,dominance,absolute,0.05651385024815432
20260921,4,1.0,pause_ratio,valence,relative,-5.764424609637969e-05
20260921,4,1.0,pause_ratio,arousal,relative,0.013221721966447952
20260921,4,1.0,pause_ratio,dominance,relative,0.015740819778247022
20260921,4,1.0,pause_ratio,valence,hybrid,0.004448284134040183
20260921,4,1.0,pause_ratio,arousal,hybrid,0.09804583529177352
20260921,4,1.0,pause_ratio,dominance,hybrid,0.07447936814061047
20260921,4,1.0,voiced_ratio,valence,absolute,0.00309298660908686
20260921,4,1.0,voiced_ratio,arousal,absolute,0.15423014347949698
20260921,4,1.0,voiced_ratio,dominance,absolute,0.11263270020409977
20260921,4,1.0,voiced_ratio,valence,relative,0.001281028098004035
20260921,4,1.0,voiced_ratio,arousal,relative,0.032896254361121736
20260921,4,1.0,voiced_ratio,dominance,relative,0.028378760622633736
20260921,4,1.0,voiced_ratio,valence,hybrid,0.0030791782766478493
20260921,4,1.0,voiced_ratio,arousal,hybrid,0.17770724925710568
20260921,4,1.0,voiced_ratio,dominance,hybrid,0.12558712065201408
20260921,4,1.0,expanded_temporal,valence,absolute,0.012620050861715972
20260921,4,1.0,expanded_temporal,arousal,absolute,0.2771887937553153
20260921,4,1.0,expanded_temporal,dominance,absolute,0.20668761685220474
20260921,4,1.0,expanded_temporal,valence,relative,0.013154020945859919
20260921,4,1.0,expanded_temporal,arousal,relative,0.06845472998986432
20260921,4,1.0,expanded_temporal,dominance,relative,0.05146057772283897
20260921,4,1.0,expanded_temporal,valence,hybrid,0.018091561377332428
20260921,4,1.0,expanded_temporal,arousal,hybrid,0.3539812585455375
20260921,4,1.0,expanded_temporal,dominance,hybrid,0.275015476287515
20260922,0,0.0,f0_variability,valence,absolute,0.010185394005029392
20260922,0,0.0,f0_variability,arousal,absolute,0.05514720106624738
20260922,0,0.0,f0_variability,dominance,absolute,0.03197753184961126
20260922,0,0.0,f0_variability,valence,relative,0.01240733884269258
20260922,0,0.0,f0_variability,arousal,relative,0.06679908178762903
20260922,0,0.0,f0_variability,dominance,relative,0.03884057350271867
20260922,0,0.0,f0_variability,valence,hybrid,0.012413519543871048
20260922,0,0.0,f0_variability,arousal,hybrid,0.06683047046721974
20260922,0,0.0,f0_variability,dominance,hybrid,0.03885937005014642
20260922,0,0.0,pause_ratio,valence,absolute,0.0003399605617812471
20260922,0,0.0,pause_ratio,arousal,absolute,0.02155957021509505
20260922,0,0.0,pause_ratio,dominance,absolute,0.020354944738769292
20260922,0,0.0,pause_ratio,valence,relative,0.0004582350590772754
20260922,0,0.0,pause_ratio,arousal,relative,0.02895789247117693
20260922,0,0.0,pause_ratio,dominance,relative,0.027335566997142843
20260922,0,0.0,pause_ratio,valence,hybrid,0.0004587348465748714
20260922,0,0.0,pause_ratio,arousal,hybrid,0.02898928313944813
20260922,0,0.0,pause_ratio,dominance,hybrid,0.027365236177623247
20260922,0,0.0,voiced_ratio,valence,absolute,0.001245999367596861
20260922,0,0.0,voiced_ratio,arousal,absolute,0.04082697407738906
20260922,0,0.0,voiced_ratio,dominance,absolute,0.031006235975218635
20260922,0,0.0,voiced_ratio,valence,relative,0.0020807538250685763
20260922,0,0.0,voiced_ratio,arousal,relative,0.0673878533565413
20260922,0,0.0,voiced_ratio,dominance,relative,0.05128020757940534
20260922,0,0.0,voiced_ratio,valence,hybrid,0.0020860141200927888
20260922,0,0.0,voiced_ratio,arousal,hybrid,0.06755394971848853
20260922,0,0.0,voiced_ratio,dominance,hybrid,0.051407128599118924
20260922,0,0.0,expanded_temporal,valence,absolute,0.012124031156453795
20260922,0,0.0,expanded_temporal,arousal,absolute,0.10098916617045298
20260922,0,0.0,expanded_temporal,dominance,absolute,0.06756448371903487
20260922,0,0.0,expanded_temporal,valence,relative,0.015360928396724599
20260922,0,0.0,expanded_temporal,arousal,relative,0.13856129326221317
20260922,0,0.0,expanded_temporal,dominance,relative,0.09432262444054827
20260922,0,0.0,expanded_temporal,valence,hybrid,0.015475580419421474
20260922,0,0.0,expanded_temporal,arousal,hybrid,0.13952254024472366
20260922,0,0.0,expanded_temporal,dominance,hybrid,0.09490642021618868
20260922,0,0.25,f0_variability,valence,absolute,0.010025402128049383
20260922,0,0.25,f0_variability,arousal,absolute,0.08255844003853989
20260922,0,0.25,f0_variability,dominance,absolute,0.050768252157557946
20260922,0,0.25,f0_variability,valence,relative,0.012624996292632458
20260922,0,0.25,f0_variability,arousal,relative,0.06013146811948857
20260922,0,0.25,f0_variability,dominance,relative,0.0345523266167009
20260922,0,0.25,f0_variability,valence,hybrid,0.012609099488010183
20260922,0,0.25,f0_variability,arousal,hybrid,0.08347520883001441
20260922,0,0.25,f0_variability,dominance,hybrid,0.05211513997195193
20260922,0,0.25,pause_ratio,valence,absolute,0.0006732002737373197
20260922,0,0.25,pause_ratio,arousal,absolute,0.0389161203445178
20260922,0,0.25,pause_ratio,dominance,absolute,0.03359228701249938
20260922,0,0.25,pause_ratio,valence,relative,0.00025921468456159764
20260922,0,0.25,pause_ratio,arousal,relative,0.025106874596687007
20260922,0,0.25,pause_ratio,dominance,relative,0.02507096908545451
20260922,0,0.25,pause_ratio,valence,hybrid,0.0007890922021389746
20260922,0,0.25,pause_ratio,arousal,hybrid,0.03915473808752149
20260922,0,0.25,pause_ratio,dominance,hybrid,0.033604946392006986
20260922,0,0.25,voiced_ratio,valence,absolute,0.0017896210105856991
20260922,0,0.25,voiced_ratio,arousal,absolute,0.08039688836063734
20260922,0,0.25,voiced_ratio,dominance,absolute,0.05735578631877309
20260922,0,0.25,voiced_ratio,valence,relative,0.001908551763393776
20260922,0,0.25,voiced_ratio,arousal,relative,0.061022193712657005
20260922,0,0.25,voiced_ratio,dominance,relative,0.047174999450565074
20260922,0,0.25,voiced_ratio,valence,hybrid,0.0021272532779322757
20260922,0,0.25,voiced_ratio,arousal,hybrid,0.08317550688219355
20260922,0,0.25,voiced_ratio,dominance,hybrid,0.06066556438164359
20260922,0,0.25,expanded_temporal,valence,absolute,0.012521514814135113
20260922,0,0.25,expanded_temporal,arousal,absolute,0.16827323173072747
20260922,0,0.25,expanded_temporal,dominance,absolute,0.11374865122114591
20260922,0,0.25,expanded_temporal,valence,relative,0.015546422057974763
20260922,0,0.25,expanded_temporal,arousal,relative,0.1255338072722171
20260922,0,0.25,expanded_temporal,dominance,relative,0.08568696011200991
20260922,0,0.25,expanded_temporal,valence,hybrid,0.016226016401732327
20260922,0,0.25,expanded_temporal,arousal,hybrid,0.17190163634191202
20260922,0,0.25,expanded_temporal,dominance,hybrid,0.11746044445775615
20260922,0,0.5,f0_variability,valence,absolute,0.009521126447692088
20260922,0,0.5,f0_variability,arousal,absolute,0.10457550755204856
20260922,0,0.5,f0_variability,dominance,absolute,0.06818669237620113
20260922,0,0.5,f0_variability,valence,relative,0.012390029967999278
20260922,0,0.5,f0_variability,arousal,relative,0.04989837437654944
20260922,0,0.5,f0_variability,dominance,relative,0.028732726407182333
20260922,0,0.5,f0_variability,valence,hybrid,0.01234747199169037
20260922,0,0.5,f0_variability,arousal,hybrid,0.1277445398377298
20260922,0,0.5,f0_variability,dominance,hybrid,0.0893193909367084
20260922,0,0.5,pause_ratio,valence,absolute,0.0010691868553076853
20260922,0,0.5,pause_ratio,arousal,absolute,0.05529786390350359
20260922,0,0.5,pause_ratio,dominance,absolute,0.04627731264691164
20260922,0,0.5,pause_ratio,valence,relative,0.0001139926193498231
20260922,0,0.5,pause_ratio,arousal,relative,0.019975171648547754
20260922,0,0.5,pause_ratio,dominance,relative,0.02154312055699569
20260922,0,0.5,pause_ratio,valence,hybrid,0.0020588873618892205
20260922,0,0.5,pause_ratio,arousal,hybrid,0.06666330393045684
20260922,0,0.5,pause_ratio,dominance,hybrid,0.05048022382723662
20260922,0,0.5,voiced_ratio,valence,absolute,0.0023323021870377916
20260922,0,0.5,voiced_ratio,arousal,absolute,0.11918716260622579
20260922,0,0.5,voiced_ratio,dominance,absolute,0.08419419327895565
20260922,0,0.5,voiced_ratio,valence,relative,0.0016852088321608195
20260922,0,0.5,voiced_ratio,arousal,relative,0.05095034690859678
20260922,0,0.5,voiced_ratio,dominance,relative,0.040694442012461085
20260922,0,0.5,voiced_ratio,valence,hybrid,0.0023907374594980216
20260922,0,0.5,voiced_ratio,arousal,hybrid,0.12142114903138172
20260922,0,0.5,voiced_ratio,dominance,hybrid,0.08457365242905197
20260922,0,0.5,expanded_temporal,valence,absolute,0.012574882168952818
20260922,0,0.5,expanded_temporal,arousal,absolute,0.22733663751106997
20260922,0,0.5,expanded_temporal,dominance,absolute,0.1579301355754126
20260922,0,0.5,expanded_temporal,valence,relative,0.015238024339793165
20260922,0,0.5,expanded_temporal,arousal,relative,0.10510803859524413
20260922,0,0.5,expanded_temporal,dominance,relative,0.07300254126675951
20260922,0,0.5,expanded_temporal,valence,hybrid,0.017398406753179
20260922,0,0.5,expanded_temporal,arousal,hybrid,0.2462920617304124
20260922,0,0.5,expanded_temporal,dominance,hybrid,0.17386287832363184
20260922,0,0.75,f0_variability,valence,absolute,0.008771785990625227
20260922,0,0.75,f0_variability,arousal,absolute,0.11865167612872542
20260922,0,0.75,f0_variability,dominance,absolute,0.08175444023211383
20260922,0,0.75,f0_variability,valence,relative,0.011791203773371717
20260922,0,0.75,f0_variability,arousal,relative,0.03913519074775245
20260922,0,0.75,f0_variability,dominance,relative,0.022692151054219525
20260922,0,0.75,f0_variability,valence,hybrid,0.011720634647882472
20260922,0,0.75,f0_variability,arousal,hybrid,0.1801597968488404
20260922,0,0.75,f0_variability,dominance,hybrid,0.13668531133979703
20260922,0,0.75,pause_ratio,valence,absolute,0.0014799993983589206
20260922,0,0.75,pause_ratio,arousal,absolute,0.06773963468110178
20260922,0,0.75,pause_ratio,dominance,absolute,0.05647381262869474
20260922,0,0.75,pause_ratio,valence,relative,2.8895547682320137e-05
20260922,0,0.75,pause_ratio,arousal,relative,0.014961126512479687
20260922,0,0.75,pause_ratio,dominance,relative,0.017632940150340073
20260922,0,0.75,pause_ratio,valence,hybrid,0.0040034631387127475
20260922,0,0.75,pause_ratio,arousal,hybrid,0.09995282888411494
20260922,0,0.75,pause_ratio,dominance,hybrid,0.07224255276362868
20260922,0,0.75,voiced_ratio,valence,absolute,0.0028212033839202792
20260922,0,0.75,voiced_ratio,arousal,absolute,0.14966055991023142
20260922,0,0.75,voiced_ratio,dominance,absolute,0.10694885251699539
20260922,0,0.75,voiced_ratio,valence,relative,0.001439981149774413
20260922,0,0.75,voiced_ratio,arousal,relative,0.040228528109459476
20260922,0,0.75,voiced_ratio,dominance,relative,0.03345380816715652
20260922,0,0.75,voiced_ratio,valence,hybrid,0.002818029332090309
20260922,0,0.75,voiced_ratio,arousal,hybrid,0.16614013896300678
20260922,0,0.75,voiced_ratio,dominance,hybrid,0.11483547311646622
20260922,0,0.75,expanded_temporal,valence,absolute,0.012329402043243655
20260922,0,0.75,expanded_temporal,arousal,absolute,0.269521324760852
20260922,0,0.75,expanded_temporal,dominance,absolute,0.19343514145457075
20260922,0,0.75,expanded_temporal,valence,relative,0.014537570145311462
20260922,0,0.75,expanded_temporal,arousal,relative,0.08327117214256269
20260922,0,0.75,expanded_temporal,dominance,relative,0.059227340514781165
20260922,0,0.75,expanded_temporal,valence,hybrid,0.01881544205804078
20260922,0,0.75,expanded_temporal,arousal,hybrid,0.3290831894712109
20260922,0,0.75,expanded_temporal,dominance,hybrid,0.24259756769264065
20260922,0,1.0,f0_variability,valence,absolute,0.007896249468158395
20260922,0,1.0,f0_variability,arousal,absolute,0.12591182639806553
20260922,0,1.0,f0_variability,dominance,absolute,0.09100999959948862
20260922,0,1.0,f0_variability,valence,relative,0.010960106734484328
20260922,0,1.0,f0_variability,arousal,relative,0.029766608272747793
20260922,0,1.0,f0_variability,dominance,relative,0.01732905993948845
20260922,0,1.0,f0_variability,valence,hybrid,0.010862941687574243
20260922,0,1.0,f0_variability,arousal,hybrid,0.22764498637522726
20260922,0,1.0,f0_variability,dominance,hybrid,0.18296449912299978
20260922,0,1.0,pause_ratio,valence,absolute,0.0018663571216444672
20260922,0,1.0,pause_ratio,arousal,absolute,0.07587430542133103
20260922,0,1.0,pause_ratio,dominance,absolute,0.06366697451024826
20260922,0,1.0,pause_ratio,valence,relative,-1.7927158927536732e-06
20260922,0,1.0,pause_ratio,arousal,relative,0.010826623636386215
20260922,0,1.0,pause_ratio,dominance,relative,0.01400576976500125
20260922,0,1.0,pause_ratio,valence,hybrid,0.006301032875004626
20260922,0,1.0,pause_ratio,arousal,hybrid,0.13077797275716663
20260922,0,1.0,pause_ratio,dominance,hybrid,0.09395187970502616
20260922,0,1.0,voiced_ratio,valence,absolute,0.0032253199288026168
20260922,0,1.0,voiced_ratio,arousal,absolute,0.17048834931189014
20260922,0,1.0,voiced_ratio,dominance,absolute,0.12398525809189836
20260922,0,1.0,voiced_ratio,valence,relative,0.0011991554078797568
20260922,0,1.0,voiced_ratio,arousal,relative,0.03082935945203943
20260922,0,1.0,voiced_ratio,dominance,relative,0.026694433472834116
20260922,0,1.0,voiced_ratio,valence,hybrid,0.003335606229822227
20260922,0,1.0,voiced_ratio,arousal,hybrid,0.20652504864144045
20260922,0,1.0,voiced_ratio,dominance,hybrid,0.1445613113701861
20260922,0,1.0,expanded_temporal,valence,absolute,0.011871965325620983
20260922,0,1.0,expanded_temporal,arousal,absolute,0.2957167521692463
20260922,0,1.0,expanded_temporal,dominance,absolute,0.2187402877389898
20260922,0,1.0,expanded_temporal,valence,relative,0.013591589019426746
20260922,0,1.0,expanded_temporal,arousal,relative,0.06399352757029232
20260922,0,1.0,expanded_temporal,dominance,relative,0.04657250286253776
20260922,0,1.0,expanded_temporal,valence,hybrid,0.020298496537910417
20260922,0,1.0,expanded_temporal,arousal,hybrid,0.4005548997765588
20260922,0,1.0,expanded_temporal,dominance,hybrid,0.30748329304501343
20260922,1,0.0,f0_variability,valence,absolute,0.011112107962578544
20260922,1,0.0,f0_variability,arousal,absolute,0.051103426463462706
20260922,1,0.0,f0_variability,dominance,absolute,0.0306942893980038
20260922,1,0.0,f0_variability,valence,relative,0.013509905261365945
20260922,1,0.0,f0_variability,arousal,relative,0.06182525851299706
20260922,1,0.0,f0_variability,dominance,relative,0.03722071942275053
20260922,1,0.0,f0_variability,valence,hybrid,0.013515714720272626
20260922,1,0.0,f0_variability,arousal,hybrid,0.0618508941528821
20260922,1,0.0,f0_variability,dominance,hybrid,0.03723640787090263
20260922,1,0.0,pause_ratio,valence,absolute,6.592286500055553e-05
20260922,1,0.0,pause_ratio,arousal,absolute,0.020166725090395417
20260922,1,0.0,pause_ratio,dominance,absolute,0.021631785104594695
20260922,1,0.0,pause_ratio,valence,relative,8.840397141212232e-05
20260922,1,0.0,pause_ratio,arousal,relative,0.026941235477593896
20260922,1,0.0,pause_ratio,dominance,relative,0.028899502571909905
20260922,1,0.0,pause_ratio,valence,hybrid,8.851547375522537e-05
20260922,1,0.0,pause_ratio,arousal,hybrid,0.026975610754658343
20260922,1,0.0,pause_ratio,dominance,hybrid,0.028936388900831785
20260922,1,0.0,voiced_ratio,valence,absolute,0.0004537780477997073
20260922,1,0.0,voiced_ratio,arousal,absolute,0.03687454040397256
20260922,1,0.0,voiced_ratio,dominance,absolute,0.030429687880367803
20260922,1,0.0,voiced_ratio,valence,relative,0.000767628420411362
20260922,1,0.0,voiced_ratio,arousal,relative,0.06145869408286145
20260922,1,0.0,voiced_ratio,dominance,relative,0.05086609972440952
20260922,1,0.0,voiced_ratio,valence,hybrid,0.0007697308023889094
20260922,1,0.0,voiced_ratio,arousal,hybrid,0.06162004308783718
20260922,1,0.0,voiced_ratio,dominance,hybrid,0.0510008563820135
20260922,1,0.0,expanded_temporal,valence,absolute,0.012191142503552532
20260922,1,0.0,expanded_temporal,arousal,absolute,0.09309521953781878
20260922,1,0.0,expanded_temporal,dominance,absolute,0.06637654875997477
20260922,1,0.0,expanded_temporal,valence,relative,0.015000894115716312
20260922,1,0.0,expanded_temporal,arousal,relative,0.12740225954518697
20260922,1,0.0,expanded_temporal,dominance,relative,0.09256367456213284
20260922,1,0.0,expanded_temporal,valence,hybrid,0.015118667314297403
20260922,1,0.0,expanded_temporal,arousal,hybrid,0.12836452888864042
20260922,1,0.0,expanded_temporal,dominance,hybrid,0.09318166409907808
20260922,1,0.25,f0_variability,valence,absolute,0.011204942232515199
20260922,1,0.25,f0_variability,arousal,absolute,0.07758219260793504
20260922,1,0.25,f0_variability,dominance,absolute,0.05006290743408258
20260922,1,0.25,f0_variability,valence,relative,0.013510553965913321
20260922,1,0.25,f0_variability,arousal,relative,0.05615662638902551
20260922,1,0.25,f0_variability,dominance,relative,0.03377188558506537
20260922,1,0.25,f0_variability,valence,hybrid,0.013504969889911468
20260922,1,0.25,f0_variability,arousal,hybrid,0.07858840067944814
20260922,1,0.25,f0_variability,dominance,hybrid,0.05157391811353287
20260922,1,0.25,pause_ratio,valence,absolute,0.0004753991813068027
20260922,1,0.25,pause_ratio,arousal,absolute,0.03724799091803727
20260922,1,0.25,pause_ratio,dominance,absolute,0.036259243347916595
20260922,1,0.25,pause_ratio,valence,relative,1.1735574166536775e-05
20260922,1,0.25,pause_ratio,arousal,relative,0.02350394679118073
20260922,1,0.25,pause_ratio,dominance,relative,0.026998745772164323
20260922,1,0.25,pause_ratio,valence,hybrid,0.0006819069815136826
20260922,1,0.25,pause_ratio,arousal,hybrid,0.0375646519581889
20260922,1,0.25,pause_ratio,dominance,hybrid,0.03627075180071297
20260922,1,0.25,voiced_ratio,valence,absolute,0.000832801012556731
20260922,1,0.25,voiced_ratio,arousal,absolute,0.07406238793959212
20260922,1,0.25,voiced_ratio,dominance,absolute,0.05654140883829705
20260922,1,0.25,voiced_ratio,valence,relative,0.0006860371771510867
20260922,1,0.25,voiced_ratio,arousal,relative,0.055527137857721995
20260922,1,0.25,voiced_ratio,dominance,relative,0.04690221299831279
20260922,1,0.25,voiced_ratio,valence,hybrid,0.0008613276614825
20260922,1,0.25,voiced_ratio,arousal,hybrid,0.07646615220200276
20260922,1,0.25,voiced_ratio,dominance,hybrid,0.060111820122425545
20260922,1,0.25,expanded_temporal,valence,absolute,0.012677056750241366
20260922,1,0.25,expanded_temporal,arousal,absolute,0.1574825909429753
20260922,1,0.25,expanded_temporal,dominance,absolute,0.11343987918800591
20260922,1,0.25,expanded_temporal,valence,relative,0.01500559094590297
20260922,1,0.25,expanded_temporal,arousal,relative,0.11584761106290954
20260922,1,0.25,expanded_temporal,dominance,relative,0.08503879025420509
20260922,1,0.25,expanded_temporal,valence,hybrid,0.015783255089174577
20260922,1,0.25,expanded_temporal,arousal,hybrid,0.16049550533301596
20260922,1,0.25,expanded_temporal,dominance,hybrid,0.11709067351473341
20260922,1,0.5,f0_variability,valence,absolute,0.010872282269260854
20260922,1,0.5,f0_variability,arousal,absolute,0.09863557742347638
20260922,1,0.5,f0_variability,dominance,absolute,0.0679557132303524
20260922,1,0.5,f0_variability,valence,relative,0.013005745268331145
20260922,1,0.5,f0_variability,arousal,relative,0.04681359384974903
20260922,1,0.5,f0_variability,dominance,relative,0.02855031104087308
20260922,1,0.5,f0_variability,valence,hybrid,0.01295929046335105
20260922,1,0.5,f0_variability,arousal,hybrid,0.12127750211969746
20260922,1,0.5,f0_variability,dominance,hybrid,0.08968356663072131
20260922,1,0.5,pause_ratio,valence,absolute,0.0010175250560806811
20260922,1,0.5,pause_ratio,arousal,absolute,0.05322311784646401
20260922,1,0.5,pause_ratio,dominance,absolute,0.05006297808047872
20260922,1,0.5,pause_ratio,valence,relative,-3.1269548119513077e-05
20260922,1,0.5,pause_ratio,arousal,relative,0.018742866994520765
20260922,1,0.5,pause_ratio,dominance,relative,0.02352888645416617
20260922,1,0.5,pause_ratio,valence,hybrid,0.00243991999916673
20260922,1,0.5,pause_ratio,arousal,hybrid,0.064860517751053
20260922,1,0.5,pause_ratio,dominance,hybrid,0.05452728727134026
20260922,1,0.5,voiced_ratio,valence,absolute,0.0012446167209399998
20260922,1,0.5,voiced_ratio,arousal,absolute,0.11015867231528943
20260922,1,0.5,voiced_ratio,dominance,absolute,0.08263890847518945
20260922,1,0.5,voiced_ratio,valence,relative,0.0005874196158000307
20260922,1,0.5,voiced_ratio,arousal,relative,0.046034432309149935
20260922,1,0.5,voiced_ratio,dominance,relative,0.040351636784762814
20260922,1,0.5,voiced_ratio,valence,hybrid,0.0011717834940763226
20260922,1,0.5,voiced_ratio,arousal,hybrid,0.112171186363677
20260922,1,0.5,voiced_ratio,dominance,hybrid,0.08284974013744581
20260922,1,0.5,expanded_temporal,valence,absolute,0.012820109260984997
20260922,1,0.5,expanded_temporal,arousal,absolute,0.21343566310573966
20260922,1,0.5,expanded_temporal,dominance,absolute,0.15785153075860137
20260922,1,0.5,expanded_temporal,valence,relative,0.014482645886908084
20260922,1,0.5,expanded_temporal,arousal,relative,0.09690768943287621
20260922,1,0.5,expanded_temporal,dominance,relative,0.0729537753548413
20260922,1,0.5,expanded_temporal,valence,hybrid,0.01700701543376097
20260922,1,0.5,expanded_temporal,arousal,hybrid,0.23194268819541125
20260922,1,0.5,expanded_temporal,dominance,hybrid,0.1740675990296005
20260922,1,0.75,f0_variability,valence,absolute,0.010214132004190022
20260922,1,0.75,f0_variability,arousal,absolute,0.11175805183673888
20260922,1,0.75,f0_variability,dominance,absolute,0.0816646298019594
20260922,1,0.75,f0_variability,valence,relative,0.012125616793264508
20260922,1,0.75,f0_variability,arousal,relative,0.036851626564298384
20260922,1,0.75,f0_variability,dominance,relative,0.0229215914286811
20260922,1,0.75,f0_variability,valence,hybrid,0.012017559019805934
20260922,1,0.75,f0_variability,arousal,hybrid,0.1707138362712173
20260922,1,0.75,f0_variability,dominance,hybrid,0.1369949437280544
20260922,1,0.75,pause_ratio,valence,absolute,0.001615601253452089
20260922,1,0.75,pause_ratio,arousal,absolute,0.06511205923252054
20260922,1,0.75,pause_ratio,dominance,absolute,0.06085372823940362
20260922,1,0.75,pause_ratio,valence,relative,-4.13722916201459e-05
20260922,1,0.75,pause_ratio,arousal,relative,0.014063232752836868
20260922,1,0.75,pause_ratio,dominance,relative,0.019501568580714407
20260922,1,0.75,pause_ratio,valence,hybrid,0.004996370550652473
20260922,1,0.75,pause_ratio,arousal,hybrid,0.09687397154622893
20260922,1,0.75,pause_ratio,dominance,hybrid,0.07718721945594995
20260922,1,0.75,voiced_ratio,valence,absolute,0.001641565744802356
20260922,1,0.75,voiced_ratio,arousal,absolute,0.13794769761210468
20260922,1,0.75,voiced_ratio,dominance,absolute,0.10412054535861537
20260922,1,0.75,voiced_ratio,valence,relative,0.0004845837899485998
20260922,1,0.75,voiced_ratio,arousal,relative,0.03602460998089173
20260922,1,0.75,voiced_ratio,dominance,relative,0.033007973396724045
20260922,1,0.75,voiced_ratio,valence,hybrid,0.0016349542600095379
20260922,1,0.75,voiced_ratio,arousal,hybrid,0.153358044704238
20260922,1,0.75,voiced_ratio,dominance,hybrid,0.11104255719571836
20260922,1,0.75,expanded_temporal,valence,absolute,0.01265880686739543
20260922,1,0.75,expanded_temporal,arousal,absolute,0.2525803173699891
20260922,1,0.75,expanded_temporal,dominance,absolute,0.19266858088271463
20260922,1,0.75,expanded_temporal,valence,relative,0.013567413014491074
20260922,1,0.75,expanded_temporal,arousal,relative,0.07658500501824814
20260922,1,0.75,expanded_temporal,dominance,relative,0.05950591158789583
20260922,1,0.75,expanded_temporal,valence,hybrid,0.01857530068306197
20260922,1,0.75,expanded_temporal,arousal,hybrid,0.3099446647042324
20260922,1,0.75,expanded_temporal,dominance,hybrid,0.2418615346392641
20260922,1,1.0,f0_variability,valence,absolute,0.009365856402045673
20260922,1,1.0,f0_variability,arousal,absolute,0.11823257691021005
20260922,1,1.0,f0_variability,dominance,absolute,0.09078623269411573
20260922,1,1.0,f0_variability,valence,relative,0.011037256352575514
20260922,1,1.0,f0_variability,arousal,relative,0.028185137927005745
20260922,1,1.0,f0_variability,dominance,relative,0.01784670387918149
20260922,1,1.0,f0_variability,valence,hybrid,0.010857361853330097
20260922,1,1.0,f0_variability,arousal,hybrid,0.21464367256420708
20260922,1,1.0,f0_variability,dominance,hybrid,0.1822020821745254
20260922,1,1.0,pause_ratio,valence,absolute,0.002201501631528862
20260922,1,1.0,pause_ratio,arousal,absolute,0.07269412365214746
20260922,1,1.0,pause_ratio,dominance,absolute,0.0681970160361334
20260922,1,1.0,pause_ratio,valence,relative,-2.523002599639561e-05
20260922,1,1.0,pause_ratio,arousal,relative,0.010217227975952124
20260922,1,1.0,pause_ratio,dominance,relative,0.01570116190676358
20260922,1,1.0,pause_ratio,valence,hybrid,0.007927059636982826
20260922,1,1.0,pause_ratio,arousal,hybrid,0.1256805875396252
20260922,1,1.0,pause_ratio,dominance,hybrid,0.09905241208730373
20260922,1,1.0,voiced_ratio,valence,absolute,0.0019904870536187253
20260922,1,1.0,voiced_ratio,arousal,absolute,0.1564846518463153
20260922,1,1.0,voiced_ratio,dominance,absolute,0.1196403779473256
20260922,1,1.0,voiced_ratio,valence,relative,0.0003879875217145417
20260922,1,1.0,voiced_ratio,arousal,relative,0.027376004950898442
20260922,1,1.0,voiced_ratio,dominance,relative,0.026211172111917227
20260922,1,1.0,voiced_ratio,valence,hybrid,0.0021727527638583403
20260922,1,1.0,voiced_ratio,arousal,hybrid,0.19008706874124576
20260922,1,1.0,voiced_ratio,dominance,hybrid,0.1382009247430755
20260922,1,1.0,expanded_temporal,valence,absolute,0.012278186789400666
20260922,1,1.0,expanded_temporal,arousal,absolute,0.27623477665908946
20260922,1,1.0,expanded_temporal,dominance,absolute,0.2167058162296225
20260922,1,1.0,expanded_temporal,valence,relative,0.012433985182412982
20260922,1,1.0,expanded_temporal,arousal,relative,0.0587620908307867
20260922,1,1.0,expanded_temporal,dominance,relative,0.0470889797770979
20260922,1,1.0,expanded_temporal,valence,hybrid,0.02026263300238223
20260922,1,1.0,expanded_temporal,arousal,hybrid,0.3762010665714774
20260922,1,1.0,expanded_temporal,dominance,hybrid,0.3045588024236893
20260922,2,0.0,f0_variability,valence,absolute,0.008672554151702119
20260922,2,0.0,f0_variability,arousal,absolute,0.051912256224642774
20260922,2,0.0,f0_variability,dominance,absolute,0.0327186733790498
20260922,2,0.0,f0_variability,valence,relative,0.010603647359565477
20260922,2,0.0,f0_variability,arousal,relative,0.06314073272463869
20260922,2,0.0,f0_variability,dominance,relative,0.039906122998210565
20260922,2,0.0,f0_variability,valence,hybrid,0.010607668617385558
20260922,2,0.0,f0_variability,arousal,hybrid,0.06316422923754023
20260922,2,0.0,f0_variability,dominance,hybrid,0.03992111188281067
20260922,2,0.0,pause_ratio,valence,absolute,0.0004115789180766122
20260922,2,0.0,pause_ratio,arousal,absolute,0.023247334002457112
20260922,2,0.0,pause_ratio,dominance,absolute,0.022461298640460755
20260922,2,0.0,pause_ratio,valence,relative,0.000556078735094218
20260922,2,0.0,pause_ratio,arousal,relative,0.03130568614545687
20260922,2,0.0,pause_ratio,dominance,relative,0.030241703449159225
20260922,2,0.0,pause_ratio,valence,hybrid,0.0005566183639420445
20260922,2,0.0,pause_ratio,arousal,hybrid,0.03133607303618576
20260922,2,0.0,pause_ratio,dominance,hybrid,0.030271061620453524
20260922,2,0.0,voiced_ratio,valence,absolute,0.0013124694302277487
20260922,2,0.0,voiced_ratio,arousal,absolute,0.04331555827468951
20260922,2,0.0,voiced_ratio,dominance,absolute,0.034469079078379296
20260922,2,0.0,voiced_ratio,valence,relative,0.0022019420521099528
20260922,2,0.0,voiced_ratio,arousal,relative,0.07186513279424576
20260922,2,0.0,voiced_ratio,dominance,relative,0.05730352126993334
20260922,2,0.0,voiced_ratio,valence,hybrid,0.002207422629866223
20260922,2,0.0,voiced_ratio,arousal,hybrid,0.07204040983505319
20260922,2,0.0,voiced_ratio,dominance,hybrid,0.05744383182592995
20260922,2,0.0,expanded_temporal,valence,absolute,0.010752902274006281
20260922,2,0.0,expanded_temporal,arousal,absolute,0.10194128638900676
20260922,2,0.0,expanded_temporal,dominance,absolute,0.0732982328522007
20260922,2,0.0,expanded_temporal,valence,relative,0.013728063460905066
20260922,2,0.0,expanded_temporal,arousal,relative,0.1408094793242456
20260922,2,0.0,expanded_temporal,dominance,relative,0.10269529929888079
20260922,2,0.0,expanded_temporal,valence,hybrid,0.013847171672806935
20260922,2,0.0,expanded_temporal,arousal,hybrid,0.14187158801697206
20260922,2,0.0,expanded_temporal,dominance,hybrid,0.10340843061515169
20260922,2,0.25,f0_variability,valence,absolute,0.00856144373458575
20260922,2,0.25,f0_variability,arousal,absolute,0.07681715972040463
20260922,2,0.25,f0_variability,dominance,absolute,0.0502367505681822
20260922,2,0.25,f0_variability,valence,relative,0.010649661533594796
20260922,2,0.25,f0_variability,arousal,relative,0.057847805084606
20260922,2,0.25,f0_variability,dominance,relative,0.03629913088067803
20260922,2,0.25,f0_variability,valence,hybrid,0.010648656289710668
20260922,2,0.25,f0_variability,arousal,hybrid,0.07705510599894118
20260922,2,0.25,f0_variability,dominance,hybrid,0.05059453249916897
20260922,2,0.25,pause_ratio,valence,absolute,0.0006939942098818381
20260922,2,0.25,pause_ratio,arousal,absolute,0.04189013803433541
20260922,2,0.25,pause_ratio,dominance,absolute,0.036941856777042585
20260922,2,0.25,pause_ratio,valence,relative,0.0003253908617362889
20260922,2,0.25,pause_ratio,arousal,relative,0.028108877554086923
20260922,2,0.25,pause_ratio,dominance,relative,0.02847905059099276
20260922,2,0.25,pause_ratio,valence,hybrid,0.0007028320942723817
20260922,2,0.25,pause_ratio,arousal,hybrid,0.04192180893553487
20260922,2,0.25,pause_ratio,dominance,hybrid,0.03707309593875989
20260922,2,0.25,voiced_ratio,valence,absolute,0.0018093404125667407
20260922,2,0.25,voiced_ratio,arousal,absolute,0.08408869021153072
20260922,2,0.25,voiced_ratio,dominance,absolute,0.0625833468119107
20260922,2,0.25,voiced_ratio,valence,relative,0.0019787137169240475
20260922,2,0.25,voiced_ratio,arousal,relative,0.06559703762869964
20260922,2,0.25,voiced_ratio,dominance,relative,0.053159866619539024
20260922,2,0.25,voiced_ratio,valence,hybrid,0.0021801080440628463
20260922,2,0.25,voiced_ratio,arousal,hybrid,0.08766473369176704
20260922,2,0.25,voiced_ratio,dominance,hybrid,0.06700041019705985
20260922,2,0.25,expanded_temporal,valence,absolute,0.011184562572689792
20260922,2,0.25,expanded_temporal,arousal,absolute,0.1687521262467627
20260922,2,0.25,expanded_temporal,dominance,absolute,0.12073449709784104
20260922,2,0.25,expanded_temporal,valence,relative,0.013653752101510184
20260922,2,0.25,expanded_temporal,arousal,relative,0.12917356144895598
20260922,2,0.25,expanded_temporal,dominance,relative,0.09478856633285487
20260922,2,0.25,expanded_temporal,valence,hybrid,0.014230452018881143
20260922,2,0.25,expanded_temporal,arousal,hybrid,0.1724592476523907
20260922,2,0.25,expanded_temporal,dominance,hybrid,0.12462549000349579
20260922,2,0.5,f0_variability,valence,absolute,0.008153416629974286
20260922,2,0.5,f0_variability,arousal,absolute,0.09704129259218554
20260922,2,0.5,f0_variability,dominance,absolute,0.06619089743834879
20260922,2,0.5,f0_variability,valence,relative,0.010317513589326942
20260922,2,0.5,f0_variability,arousal,relative,0.049112122714605085
20260922,2,0.5,f0_variability,dominance,relative,0.031006468043984055
20260922,2,0.5,f0_variability,valence,hybrid,0.01031580712343761
20260922,2,0.5,f0_variability,arousal,hybrid,0.113885163218564
20260922,2,0.5,f0_variability,dominance,hybrid,0.08063201347081202
20260922,2,0.5,pause_ratio,valence,absolute,0.0009686275293705885
20260922,2,0.5,pause_ratio,arousal,absolute,0.059819358899631345
20260922,2,0.5,pause_ratio,dominance,absolute,0.050964518383339596
20260922,2,0.5,pause_ratio,valence,relative,0.00015310541814180287
20260922,2,0.5,pause_ratio,arousal,relative,0.023315107882080136
20260922,2,0.5,pause_ratio,dominance,relative,0.02521533752091632
20260922,2,0.5,pause_ratio,valence,hybrid,0.0015221877188247176
20260922,2,0.5,pause_ratio,arousal,hybrid,0.06959436049796333
20260922,2,0.5,pause_ratio,dominance,hybrid,0.05450967491815712
20260922,2,0.5,voiced_ratio,valence,absolute,0.002280158538772652
20260922,2,0.5,voiced_ratio,arousal,absolute,0.12448943216317192
20260922,2,0.5,voiced_ratio,dominance,absolute,0.09127149259527756
20260922,2,0.5,voiced_ratio,valence,relative,0.0017072590947266673
20260922,2,0.5,voiced_ratio,arousal,relative,0.055461235225199274
20260922,2,0.5,voiced_ratio,dominance,relative,0.04637457069577484
20260922,2,0.5,voiced_ratio,valence,hybrid,0.0023477759532313483
20260922,2,0.5,voiced_ratio,arousal,hybrid,0.1260710891434944
20260922,2,0.5,voiced_ratio,dominance,hybrid,0.09145898827326021
20260922,2,0.5,expanded_temporal,valence,absolute,0.011244867755296848
20260922,2,0.5,expanded_temporal,arousal,absolute,0.2281048073725131
20260922,2,0.5,expanded_temporal,dominance,absolute,0.16586074713747648
20260922,2,0.5,expanded_temporal,valence,relative,0.013161838071160005
20260922,2,0.5,expanded_temporal,arousal,relative,0.10998468456614122
20260922,2,0.5,expanded_temporal,dominance,relative,0.0823270738298042
20260922,2,0.5,expanded_temporal,valence,hybrid,0.01480809013422178
20260922,2,0.5,expanded_temporal,arousal,hybrid,0.2410453688308818
20260922,2,0.5,expanded_temporal,dominance,hybrid,0.17578258127619534
20260922,2,0.75,f0_variability,valence,absolute,0.007532063323357293
20260922,2,0.75,f0_variability,arousal,absolute,0.11024347290574735
20260922,2,0.75,f0_variability,dominance,absolute,0.07846090074501674
20260922,2,0.75,f0_variability,valence,relative,0.009695280729980174
20260922,2,0.75,f0_variability,arousal,relative,0.03952228997536384
20260922,2,0.75,f0_variability,dominance,relative,0.025248604234825393
20260922,2,0.75,f0_variability,valence,hybrid,0.009696628524078372
20260922,2,0.75,f0_variability,arousal,hybrid,0.15826273627183926
20260922,2,0.75,f0_variability,dominance,hybrid,0.11934767339006597
20260922,2,0.75,pause_ratio,valence,absolute,0.0012096242894489068
20260922,2,0.75,pause_ratio,arousal,absolute,0.07382854004113754
20260922,2,0.75,pause_ratio,dominance,absolute,0.062426304251866106
20260922,2,0.75,pause_ratio,valence,relative,4.7554364493916026e-05
20260922,2,0.75,pause_ratio,arousal,relative,0.0182836690719451
20260922,2,0.75,pause_ratio,dominance,relative,0.021314687385343187
20260922,2,0.75,pause_ratio,valence,hybrid,0.002832569761360672
20260922,2,0.75,pause_ratio,arousal,hybrid,0.10333248672902373
20260922,2,0.75,pause_ratio,dominance,hybrid,0.07694441657540058
20260922,2,0.75,voiced_ratio,valence,absolute,0.002682533978587815
20260922,2,0.75,voiced_ratio,arousal,absolute,0.15685731333417244
20260922,2,0.75,voiced_ratio,dominance,absolute,0.11579754169508732
20260922,2,0.75,voiced_ratio,valence,relative,0.0014213445959019556
20260922,2,0.75,voiced_ratio,arousal,relative,0.04443199968781847
20260922,2,0.75,voiced_ratio,dominance,relative,0.03861653360977987
20260922,2,0.75,voiced_ratio,valence,hybrid,0.0026650988987820972
20260922,2,0.75,voiced_ratio,arousal,hybrid,0.17176560936278087
20260922,2,0.75,voiced_ratio,dominance,hybrid,0.1226838652282262
20260922,2,0.75,expanded_temporal,valence,absolute,0.010982926201522756
20260922,2,0.75,expanded_temporal,arousal,absolute,0.27136495393049365
20260922,2,0.75,expanded_temporal,dominance,absolute,0.20213573034847393
20260922,2,0.75,expanded_temporal,valence,relative,0.012361761043048682
20260922,2,0.75,expanded_temporal,arousal,relative,0.08877812273280278
20260922,2,0.75,expanded_temporal,dominance,relative,0.06825091518026265
20260922,2,0.75,expanded_temporal,valence,hybrid,0.015494068081033936
20260922,2,0.75,expanded_temporal,arousal,hybrid,0.3178314823188564
20260922,2,0.75,expanded_temporal,dominance,hybrid,0.23805375646712715
20260922,2,1.0,f0_variability,valence,absolute,0.0067986202673037035
20260922,2,1.0,f0_variability,arousal,absolute,0.11725578064275498
20260922,2,1.0,f0_variability,dominance,absolute,0.08670249116830486
20260922,2,1.0,f0_variability,valence,relative,0.008901004385178948
20260922,2,1.0,f0_variability,arousal,relative,0.03087811747385076
20260922,2,1.0,f0_variability,dominance,relative,0.01994134322290386
20260922,2,1.0,f0_variability,valence,hybrid,0.008908072103499368
20260922,2,1.0,f0_variability,arousal,hybrid,0.19925464399797804
20260922,2,1.0,f0_variability,dominance,hybrid,0.1577017086055491
20260922,2,1.0,pause_ratio,valence,absolute,0.0014031269564771267
20260922,2,1.0,pause_ratio,arousal,absolute,0.08330999613793312
20260922,2,1.0,pause_ratio,dominance,absolute,0.07068165401169975
20260922,2,1.0,pause_ratio,valence,relative,3.3503579272212815e-06
20260922,2,1.0,pause_ratio,arousal,relative,0.013888324558561434
20260922,2,1.0,pause_ratio,dominance,relative,0.0175054552020048
20260922,2,1.0,pause_ratio,valence,hybrid,0.004407453652121354
20260922,2,1.0,pause_ratio,arousal,hybrid,0.1349761373357712
20260922,2,1.0,pause_ratio,dominance,hybrid,0.09944498884183382
20260922,2,1.0,voiced_ratio,valence,absolute,0.0029960580267208905
20260922,2,1.0,voiced_ratio,arousal,absolute,0.17948897989598778
20260922,2,1.0,voiced_ratio,dominance,absolute,0.13435720714389957
20260922,2,1.0,voiced_ratio,valence,relative,0.0011493110317787852
20260922,2,1.0,voiced_ratio,arousal,relative,0.034549063566818194
20260922,2,1.0,voiced_ratio,dominance,relative,0.031228324114810167
20260922,2,1.0,voiced_ratio,valence,hybrid,0.0030708866777517624
20260922,2,1.0,voiced_ratio,arousal,hybrid,0.21381937956565678
20260922,2,1.0,voiced_ratio,dominance,hybrid,0.15371469837935467
20260922,2,1.0,expanded_temporal,valence,absolute,0.010492518740010717
20260922,2,1.0,expanded_temporal,arousal,absolute,0.29892084349578474
20260922,2,1.0,expanded_temporal,dominance,absolute,0.2280352641446145
20260922,2,1.0,expanded_temporal,valence,relative,0.011390972086713576
20260922,2,1.0,expanded_temporal,arousal,relative,0.06951225115144363
20260922,2,1.0,expanded_temporal,dominance,relative,0.05491687261731654
20260922,2,1.0,expanded_temporal,valence,hybrid,0.01620321592594996
20260922,2,1.0,expanded_temporal,arousal,hybrid,0.3847916290281624
20260922,2,1.0,expanded_temporal,dominance,hybrid,0.2970918230082362
20260922,3,0.0,f0_variability,valence,absolute,0.0103590400472551
20260922,3,0.0,f0_variability,arousal,absolute,0.054532582524840986
20260922,3,0.0,f0_variability,dominance,absolute,0.03252396988682019
20260922,3,0.0,f0_variability,valence,relative,0.01247550335122464
20260922,3,0.0,f0_variability,arousal,relative,0.06548075888560943
20260922,3,0.0,f0_variability,dominance,relative,0.03910762877733706
20260922,3,0.0,f0_variability,valence,hybrid,0.012480328819591612
20260922,3,0.0,f0_variability,arousal,hybrid,0.06550567102348556
20260922,3,0.0,f0_variability,dominance,hybrid,0.03912265403745284
20260922,3,0.0,pause_ratio,valence,absolute,0.0002538296959298771
20260922,3,0.0,pause_ratio,arousal,absolute,0.021306696387544136
20260922,3,0.0,pause_ratio,dominance,absolute,0.021905353925589094
20260922,3,0.0,pause_ratio,valence,relative,0.0003424179064532731
20260922,3,0.0,pause_ratio,arousal,relative,0.02862229256302642
20260922,3,0.0,pause_ratio,dominance,relative,0.02942306022936542
20260922,3,0.0,pause_ratio,valence,hybrid,0.0003428462740003841
20260922,3,0.0,pause_ratio,arousal,hybrid,0.028657173276455693
20260922,3,0.0,pause_ratio,dominance,hybrid,0.029458879947828764
20260922,3,0.0,voiced_ratio,valence,absolute,0.0010280303331480036
20260922,3,0.0,voiced_ratio,arousal,absolute,0.03670552089621091
20260922,3,0.0,voiced_ratio,dominance,absolute,0.031188026345780526
20260922,3,0.0,voiced_ratio,valence,relative,0.0017438421300001849
20260922,3,0.0,voiced_ratio,arousal,relative,0.06133699201980402
20260922,3,0.0,voiced_ratio,dominance,relative,0.052271997928454716
20260922,3,0.0,voiced_ratio,valence,hybrid,0.0017488392460694958
20260922,3,0.0,voiced_ratio,arousal,hybrid,0.06150425341236478
20260922,3,0.0,voiced_ratio,dominance,hybrid,0.0524160438231444
20260922,3,0.0,expanded_temporal,valence,absolute,0.012108937050101064
20260922,3,0.0,expanded_temporal,arousal,absolute,0.09727278872454001
20260922,3,0.0,expanded_temporal,dominance,absolute,0.06961194963600346
20260922,3,0.0,expanded_temporal,valence,relative,0.015098443922925801
20260922,3,0.0,expanded_temporal,arousal,relative,0.1318098408369936
20260922,3,0.0,expanded_temporal,dominance,relative,0.09655557949630421
20260922,3,0.0,expanded_temporal,valence,hybrid,0.01522791190361016
20260922,3,0.0,expanded_temporal,arousal,hybrid,0.1328181280457379
20260922,3,0.0,expanded_temporal,dominance,hybrid,0.09723475120495874
20260922,3,0.25,f0_variability,valence,absolute,0.010060049029981971
20260922,3,0.25,f0_variability,arousal,absolute,0.08304466751982637
20260922,3,0.25,f0_variability,dominance,absolute,0.051579048063274804
20260922,3,0.25,f0_variability,valence,relative,0.01266857506972627
20260922,3,0.25,f0_variability,arousal,relative,0.06057665435541505
20260922,3,0.25,f0_variability,dominance,relative,0.0357304101605804
20260922,3,0.25,f0_variability,valence,hybrid,0.012627359538220598
20260922,3,0.25,f0_variability,arousal,hybrid,0.08413764158285077
20260922,3,0.25,f0_variability,dominance,hybrid,0.05296657251332036
20260922,3,0.25,pause_ratio,valence,absolute,0.0005618629438949562
20260922,3,0.25,pause_ratio,arousal,absolute,0.03860441263288921
20260922,3,0.25,pause_ratio,dominance,absolute,0.03521000120948657
20260922,3,0.25,pause_ratio,valence,relative,0.00019727426811967235
20260922,3,0.25,pause_ratio,arousal,relative,0.025214683434167353
20260922,3,0.25,pause_ratio,dominance,relative,0.027226683165597704
20260922,3,0.25,pause_ratio,valence,hybrid,0.000678913544880748
20260922,3,0.25,pause_ratio,arousal,hybrid,0.038781839809681425
20260922,3,0.25,pause_ratio,dominance,hybrid,0.035349736405481266
20260922,3,0.25,voiced_ratio,valence,absolute,0.0014857221988561278
20260922,3,0.25,voiced_ratio,arousal,absolute,0.06959478801024296
20260922,3,0.25,voiced_ratio,dominance,absolute,0.05428678372073319
20260922,3,0.25,voiced_ratio,valence,relative,0.0016442159812224022
20260922,3,0.25,voiced_ratio,arousal,relative,0.05590384408878724
20260922,3,0.25,voiced_ratio,dominance,relative,0.048334338767976194
20260922,3,0.25,voiced_ratio,valence,hybrid,0.0018106530829243735
20260922,3,0.25,voiced_ratio,arousal,hybrid,0.07324705192587072
20260922,3,0.25,voiced_ratio,dominance,hybrid,0.05920305173649708
20260922,3,0.25,expanded_temporal,valence,absolute,0.012287938993801512
20260922,3,0.25,expanded_temporal,arousal,absolute,0.1595086444314251
20260922,3,0.25,expanded_temporal,dominance,absolute,0.11332228036064561
20260922,3,0.25,expanded_temporal,valence,relative,0.015328591551615355
20260922,3,0.25,expanded_temporal,arousal,relative,0.12146011707466979
20260922,3,0.25,expanded_temporal,dominance,relative,0.08903177798502564
20260922,3,0.25,expanded_temporal,valence,hybrid,0.015994470336645146
20260922,3,0.25,expanded_temporal,arousal,hybrid,0.1635695804568786
20260922,3,0.25,expanded_temporal,dominance,hybrid,0.11806428723423684
20260922,3,0.5,f0_variability,valence,absolute,0.009407789564264258
20260922,3,0.5,f0_variability,arousal,absolute,0.10706679221592387
20260922,3,0.5,f0_variability,dominance,absolute,0.06957644960604509
20260922,3,0.5,f0_variability,valence,relative,0.012394956036837244
20260922,3,0.5,f0_variability,arousal,relative,0.05195480345552039
20260922,3,0.5,f0_variability,dominance,relative,0.030695867236403888
20260922,3,0.5,f0_variability,valence,hybrid,0.012268183076546755
20260922,3,0.5,f0_variability,arousal,hybrid,0.13094586175468148
20260922,3,0.5,f0_variability,dominance,hybrid,0.09036244896467573
20260922,3,0.5,pause_ratio,valence,absolute,0.0009441321706266041
20260922,3,0.5,pause_ratio,arousal,absolute,0.05528365267697767
20260922,3,0.5,pause_ratio,dominance,absolute,0.04790220305995793
20260922,3,0.5,pause_ratio,valence,relative,9.00973842754711e-05
20260922,3,0.5,pause_ratio,arousal,relative,0.020517679851947194
20260922,3,0.5,pause_ratio,dominance,relative,0.02370890325394455
20260922,3,0.5,pause_ratio,valence,hybrid,0.0018567496434930837
20260922,3,0.5,pause_ratio,arousal,hybrid,0.06574273045521693
20260922,3,0.5,pause_ratio,dominance,hybrid,0.05117661740155108
20260922,3,0.5,voiced_ratio,valence,absolute,0.0019426888022826669
20260922,3,0.5,voiced_ratio,arousal,absolute,0.1016079914384577
20260922,3,0.5,voiced_ratio,dominance,absolute,0.07721148599228664
20260922,3,0.5,voiced_ratio,valence,relative,0.0014911965169003853
20260922,3,0.5,voiced_ratio,arousal,relative,0.04723063262360097
20260922,3,0.5,voiced_ratio,dominance,relative,0.042078362161920596
20260922,3,0.5,voiced_ratio,valence,hybrid,0.0020161437615390217
20260922,3,0.5,voiced_ratio,arousal,hybrid,0.10227570616769466
20260922,3,0.5,voiced_ratio,dominance,hybrid,0.07700908508156183
20260922,3,0.5,expanded_temporal,valence,absolute,0.012124111067152454
20260922,3,0.5,expanded_temporal,arousal,absolute,0.2140953355191924
20260922,3,0.5,expanded_temporal,dominance,absolute,0.1544768182773969
20260922,3,0.5,expanded_temporal,valence,relative,0.015039275976840375
20260922,3,0.5,expanded_temporal,arousal,relative,0.10398343169832457
20260922,3,0.5,expanded_temporal,dominance,relative,0.07733972360265719
20260922,3,0.5,expanded_temporal,valence,hybrid,0.01705625695839626
20260922,3,0.5,expanded_temporal,arousal,hybrid,0.23222097151048374
20260922,3,0.5,expanded_temporal,dominance,hybrid,0.16889371211475773
20260922,3,0.75,f0_variability,valence,absolute,0.008520154652374044
20260922,3,0.75,f0_variability,arousal,absolute,0.12349707627907966
20260922,3,0.75,f0_variability,dominance,absolute,0.08398742201988486
20260922,3,0.75,f0_variability,valence,relative,0.011751632200548997
20260922,3,0.75,f0_variability,arousal,relative,0.04225162151215812
20260922,3,0.75,f0_variability,dominance,relative,0.02515906802996485
20260922,3,0.75,f0_variability,valence,hybrid,0.011514247239896663
20260922,3,0.75,f0_variability,arousal,hybrid,0.1857694564489884
20260922,3,0.75,f0_variability,dominance,hybrid,0.1375747239341703
20260922,3,0.75,pause_ratio,valence,absolute,0.001351119833315556
20260922,3,0.75,pause_ratio,arousal,absolute,0.0683665417152591
20260922,3,0.75,pause_ratio,dominance,absolute,0.058158187708797555
20260922,3,0.75,pause_ratio,valence,relative,2.5943317990493348e-05
20260922,3,0.75,pause_ratio,arousal,relative,0.015775194428941895
20260922,3,0.75,pause_ratio,dominance,relative,0.01971498414538315
20260922,3,0.75,pause_ratio,valence,hybrid,0.0036289432411732757
20260922,3,0.75,pause_ratio,arousal,hybrid,0.09864432626202409
20260922,3,0.75,pause_ratio,dominance,hybrid,0.07173938845835186
20260922,3,0.75,voiced_ratio,valence,absolute,0.002353247628481643
20260922,3,0.75,voiced_ratio,arousal,absolute,0.12687949757395592
20260922,3,0.75,voiced_ratio,dominance,absolute,0.09638438647980509
20260922,3,0.75,voiced_ratio,valence,relative,0.0013080834917657805
20260922,3,0.75,voiced_ratio,arousal,relative,0.03781716401920792
20260922,3,0.75,voiced_ratio,dominance,relative,0.03498480152386539
20260922,3,0.75,voiced_ratio,valence,hybrid,0.0023230091962576456
20260922,3,0.75,voiced_ratio,arousal,hybrid,0.1369255257876612
20260922,3,0.75,voiced_ratio,dominance,hybrid,0.09993509603023762
20260922,3,0.75,expanded_temporal,valence,absolute,0.011685409301265352
20260922,3,0.75,expanded_temporal,arousal,absolute,0.25341050837094464
20260922,3,0.75,expanded_temporal,dominance,absolute,0.18732901032841792
20260922,3,0.75,expanded_temporal,valence,relative,0.014336798322596914
20260922,3,0.75,expanded_temporal,arousal,relative,0.08445064128182916
20260922,3,0.75,expanded_temporal,dominance,relative,0.06416070711957263
20260922,3,0.75,expanded_temporal,valence,hybrid,0.0182612559383518
20260922,3,0.75,expanded_temporal,arousal,hybrid,0.308325357363293
20260922,3,0.75,expanded_temporal,dominance,hybrid,0.23048574464741484
20260922,3,1.0,f0_variability,valence,absolute,0.007529308003378999
20260922,3,1.0,f0_variability,arousal,absolute,0.13289339008321496
20260922,3,1.0,f0_variability,dominance,absolute,0.09416076435909244
20260922,3,1.0,f0_variability,valence,relative,0.010878939609663007
20260922,3,1.0,f0_variability,arousal,relative,0.03336694828636038
20260922,3,1.0,f0_variability,dominance,relative,0.020007303622026188
20260922,3,1.0,f0_variability,valence,hybrid,0.010521360690910477
20260922,3,1.0,f0_variability,arousal,hybrid,0.23518270990921955
20260922,3,1.0,f0_variability,dominance,hybrid,0.18348055799689783
20260922,3,1.0,pause_ratio,valence,absolute,0.0017408094053126067
20260922,3,1.0,pause_ratio,arousal,absolute,0.07727719303095154
20260922,3,1.0,pause_ratio,dominance,absolute,0.06546798054657357
20260922,3,1.0,pause_ratio,valence,relative,9.198970036553554e-07
20260922,3,1.0,pause_ratio,arousal,relative,0.0117370326622763
20260922,3,1.0,pause_ratio,dominance,relative,0.01592159606551439
20260922,3,1.0,pause_ratio,valence,hybrid,0.00570015421948001
20260922,3,1.0,pause_ratio,arousal,hybrid,0.1294654553341231
20260922,3,1.0,pause_ratio,dominance,hybrid,0.09246200061565514
20260922,3,1.0,voiced_ratio,valence,absolute,0.0026911138654949415
20260922,3,1.0,voiced_ratio,arousal,absolute,0.14430620555439233
20260922,3,1.0,voiced_ratio,dominance,absolute,0.11059905504474414
20260922,3,1.0,voiced_ratio,valence,relative,0.0011180558533158411
20260922,3,1.0,voiced_ratio,arousal,relative,0.029382479013460305
20260922,3,1.0,voiced_ratio,dominance,relative,0.028244575231854138
20260922,3,1.0,voiced_ratio,valence,hybrid,0.0026809459512100323
20260922,3,1.0,voiced_ratio,arousal,hybrid,0.1689165840963433
20260922,3,1.0,voiced_ratio,dominance,hybrid,0.1228714600545645
20260922,3,1.0,expanded_temporal,valence,absolute,0.011073099607119432
20260922,3,1.0,expanded_temporal,arousal,absolute,0.27810768990730556
20260922,3,1.0,expanded_temporal,dominance,absolute,0.21064938036971928
20260922,3,1.0,expanded_temporal,valence,relative,0.013376442888440532
20260922,3,1.0,expanded_temporal,arousal,relative,0.06656223439074126
20260922,3,1.0,expanded_temporal,dominance,relative,0.05165848538519874
20260922,3,1.0,expanded_temporal,valence,hybrid,0.019468924263939584
20260922,3,1.0,expanded_temporal,arousal,hybrid,0.37403410302161233
20260922,3,1.0,expanded_temporal,dominance,hybrid,0.28847576991556134
20260922,4,0.0,f0_variability,valence,absolute,0.00931354419757263
20260922,4,0.0,f0_variability,arousal,absolute,0.048598919368932784
20260922,4,0.0,f0_variability,dominance,absolute,0.028700782629531796
20260922,4,0.0,f0_variability,valence,relative,0.01131806637290972
20260922,4,0.0,f0_variability,arousal,relative,0.05881276509141998
20260922,4,0.0,f0_variability,dominance,relative,0.0348071767505394
20260922,4,0.0,f0_variability,valence,hybrid,0.011321744632231996
20260922,4,0.0,f0_variability,arousal,hybrid,0.05883199410846974
20260922,4,0.0,f0_variability,dominance,hybrid,0.03481853656969493
20260922,4,0.0,pause_ratio,valence,absolute,0.0005051396661019532
20260922,4,0.0,pause_ratio,arousal,absolute,0.022122016182470904
20260922,4,0.0,pause_ratio,dominance,absolute,0.0232900536448795
20260922,4,0.0,pause_ratio,valence,relative,0.0006796891139325161
20260922,4,0.0,pause_ratio,arousal,relative,0.029656436632904463
20260922,4,0.0,pause_ratio,dominance,relative,0.031229289021478528
20260922,4,0.0,pause_ratio,valence,hybrid,0.0006805802631417717
20260922,4,0.0,pause_ratio,arousal,hybrid,0.029694361649070057
20260922,4,0.0,pause_ratio,dominance,hybrid,0.03126930000427381
20260922,4,0.0,voiced_ratio,valence,absolute,0.001347831016636386
20260922,4,0.0,voiced_ratio,arousal,absolute,0.03993771028342519
20260922,4,0.0,voiced_ratio,dominance,absolute,0.032608630125445986
20260922,4,0.0,voiced_ratio,valence,relative,0.0022740979369533804
20260922,4,0.0,voiced_ratio,arousal,relative,0.06649849033814215
20260922,4,0.0,voiced_ratio,dominance,relative,0.05446395324004775
20260922,4,0.0,voiced_ratio,valence,hybrid,0.002279833807374508
20260922,4,0.0,voiced_ratio,arousal,hybrid,0.06666192514834822
20260922,4,0.0,voiced_ratio,dominance,hybrid,0.05459859233971422
20260922,4,0.0,expanded_temporal,valence,absolute,0.011252341229168742
20260922,4,0.0,expanded_temporal,arousal,absolute,0.09402136728096946
20260922,4,0.0,expanded_temporal,dominance,absolute,0.06693015141369457
20260922,4,0.0,expanded_temporal,valence,relative,0.014311539782949105
20260922,4,0.0,expanded_temporal,arousal,relative,0.13001521718579143
20260922,4,0.0,expanded_temporal,dominance,relative,0.09427192703287057
20260922,4,0.0,expanded_temporal,valence,hybrid,0.014423497534223879
20260922,4,0.0,expanded_temporal,arousal,hybrid,0.13095358791986256
20260922,4,0.0,expanded_temporal,dominance,hybrid,0.0948620406865414
20260922,4,0.25,f0_variability,valence,absolute,0.00968435649573477
20260922,4,0.25,f0_variability,arousal,absolute,0.07591275299579991
20260922,4,0.25,f0_variability,dominance,absolute,0.04671267317296273
20260922,4,0.25,f0_variability,valence,relative,0.011387008784092382
20260922,4,0.25,f0_variability,arousal,relative,0.053676263995196954
20260922,4,0.25,f0_variability,dominance,relative,0.03181137707717787
20260922,4,0.25,f0_variability,valence,hybrid,0.011354336097881416
20260922,4,0.25,f0_variability,arousal,hybrid,0.07723813122530374
20260922,4,0.25,f0_variability,dominance,hybrid,0.04807927691917751
20260922,4,0.25,pause_ratio,valence,absolute,0.0010313584270691127
20260922,4,0.25,pause_ratio,arousal,absolute,0.039683462991914754
20260922,4,0.25,pause_ratio,dominance,absolute,0.037281514937877645
20260922,4,0.25,pause_ratio,valence,relative,0.0004090195041515221
20260922,4,0.25,pause_ratio,arousal,relative,0.025719308114898722
20260922,4,0.25,pause_ratio,dominance,relative,0.02880738170028441
20260922,4,0.25,pause_ratio,valence,hybrid,0.0011692254445545677
20260922,4,0.25,pause_ratio,arousal,hybrid,0.03990220241196098
20260922,4,0.25,pause_ratio,dominance,hybrid,0.03741764711568683
20260922,4,0.25,voiced_ratio,valence,absolute,0.002031816246896879
20260922,4,0.25,voiced_ratio,arousal,absolute,0.07672575101906438
20260922,4,0.25,voiced_ratio,dominance,absolute,0.05830519359092939
20260922,4,0.25,voiced_ratio,valence,relative,0.0020738044909535368
20260922,4,0.25,voiced_ratio,arousal,relative,0.05984351055658988
20260922,4,0.25,voiced_ratio,dominance,relative,0.050072428972345005
20260922,4,0.25,voiced_ratio,valence,hybrid,0.0023615348295988182
20260922,4,0.25,voiced_ratio,arousal,hybrid,0.080037656563834
20260922,4,0.25,voiced_ratio,dominance,hybrid,0.06271542772003913
20260922,4,0.25,expanded_temporal,valence,absolute,0.012416365466243745
20260922,4,0.25,expanded_temporal,arousal,absolute,0.15920287107657496
20260922,4,0.25,expanded_temporal,dominance,absolute,0.11224013462158115
20260922,4,0.25,expanded_temporal,valence,relative,0.01426460643967831
20260922,4,0.25,expanded_temporal,arousal,relative,0.1181591861041501
20260922,4,0.25,expanded_temporal,dominance,relative,0.08666618058187275
20260922,4,0.25,expanded_temporal,valence,hybrid,0.015192593015820568
20260922,4,0.25,expanded_temporal,arousal,hybrid,0.16326430749462664
20260922,4,0.25,expanded_temporal,dominance,hybrid,0.11661936050589737
20260922,4,0.5,f0_variability,valence,absolute,0.00968230862695188
20260922,4,0.5,f0_variability,arousal,absolute,0.09834243200594538
20260922,4,0.5,f0_variability,dominance,absolute,0.06368441983852491
20260922,4,0.5,f0_variability,valence,relative,0.011052432445938539
20260922,4,0.5,f0_variability,arousal,relative,0.04498778027759691
20260922,4,0.5,f0_variability,dominance,relative,0.027206624539803905
20260922,4,0.5,f0_variability,valence,hybrid,0.010891050124065651
20260922,4,0.5,f0_variability,arousal,hybrid,0.12374847491818738
20260922,4,0.5,f0_variability,dominance,hybrid,0.08365306864438506
20260922,4,0.5,pause_ratio,valence,absolute,0.0016647997564549063
20260922,4,0.5,pause_ratio,arousal,absolute,0.05585156117464889
20260922,4,0.5,pause_ratio,dominance,absolute,0.05030232823796378
20260922,4,0.5,pause_ratio,valence,relative,0.00019781287251839194
20260922,4,0.5,pause_ratio,arousal,relative,0.020385311012668425
20260922,4,0.5,pause_ratio,dominance,relative,0.024880396407940687
20260922,4,0.5,pause_ratio,valence,hybrid,0.0029773224424247107
20260922,4,0.5,pause_ratio,arousal,hybrid,0.06693582614190172
20260922,4,0.5,pause_ratio,dominance,hybrid,0.0537447957123469
20260922,4,0.5,voiced_ratio,valence,absolute,0.0027354796773854996
20260922,4,0.5,voiced_ratio,arousal,absolute,0.11162082188584876
20260922,4,0.5,voiced_ratio,dominance,absolute,0.08387132924890038
20260922,4,0.5,voiced_ratio,valence,relative,0.0018196300891795384
20260922,4,0.5,voiced_ratio,arousal,relative,0.04942746561022681
20260922,4,0.5,voiced_ratio,dominance,relative,0.04311751689054045
20260922,4,0.5,voiced_ratio,valence,hybrid,0.0027609076603154915
20260922,4,0.5,voiced_ratio,arousal,hybrid,0.11311915821798814
20260922,4,0.5,voiced_ratio,dominance,hybrid,0.08397453023421853
20260922,4,0.5,expanded_temporal,valence,absolute,0.013255918178138567
20260922,4,0.5,expanded_temporal,arousal,absolute,0.2157387818787451
20260922,4,0.5,expanded_temporal,dominance,absolute,0.15531432700785586
20260922,4,0.5,expanded_temporal,valence,relative,0.013785603953605103
20260922,4,0.5,expanded_temporal,arousal,relative,0.09880855043025896
20260922,4,0.5,expanded_temporal,dominance,relative,0.07467811698024844
20260922,4,0.5,expanded_temporal,valence,hybrid,0.016667676189964366
20260922,4,0.5,expanded_temporal,arousal,hybrid,0.23607733751732873
20260922,4,0.5,expanded_temporal,dominance,hybrid,0.16960312105940178
20260922,4,0.75,f0_variability,valence,absolute,0.009362016867150174
20260922,4,0.75,f0_variability,arousal,absolute,0.11291177987951778
20260922,4,0.75,f0_variability,dominance,absolute,0.07707731156472893
20260922,4,0.75,f0_variability,valence,relative,0.01040590892053639
20260922,4,0.75,f0_variability,arousal,relative,0.03562057283237147
20260922,4,0.75,f0_variability,dominance,relative,0.022146711507099386
20260922,4,0.75,f0_variability,valence,hybrid,0.010049574349180008
20260922,4,0.75,f0_variability,arousal,hybrid,0.17774618227999656
20260922,4,0.75,f0_variability,dominance,hybrid,0.12850776244034198
20260922,4,0.75,pause_ratio,valence,absolute,0.0023277428221075815
20260922,4,0.75,pause_ratio,arousal,absolute,0.06771381287518985
20260922,4,0.75,pause_ratio,dominance,absolute,0.06043980551922202
20260922,4,0.75,pause_ratio,valence,relative,5.8016153975533944e-05
20260922,4,0.75,pause_ratio,arousal,relative,0.015193943095642117
20260922,4,0.75,pause_ratio,dominance,relative,0.02046768103788977
20260922,4,0.75,pause_ratio,valence,hybrid,0.005731134506607033
20260922,4,0.75,pause_ratio,arousal,hybrid,0.09900367829197017
20260922,4,0.75,pause_ratio,dominance,hybrid,0.07462195602270964
20260922,4,0.75,voiced_ratio,valence,absolute,0.003387141953433304
20260922,4,0.75,voiced_ratio,arousal,absolute,0.13796048329568364
20260922,4,0.75,voiced_ratio,dominance,absolute,0.10504588520564946
20260922,4,0.75,voiced_ratio,valence,relative,0.0015442872715417993
20260922,4,0.75,voiced_ratio,arousal,relative,0.03853331759340133
20260922,4,0.75,voiced_ratio,dominance,relative,0.035363170890234046
20260922,4,0.75,voiced_ratio,valence,hybrid,0.003392176341685124
20260922,4,0.75,voiced_ratio,arousal,hybrid,0.1514952770237503
20260922,4,0.75,voiced_ratio,dominance,hybrid,0.1109449915220423
20260922,4,0.75,expanded_temporal,valence,absolute,0.0137367207157825
20260922,4,0.75,expanded_temporal,arousal,absolute,0.2551808085703695
20260922,4,0.75,expanded_temporal,dominance,absolute,0.18961196247420137
20260922,4,0.75,expanded_temporal,valence,relative,0.012984276252763252
20260922,4,0.75,expanded_temporal,arousal,relative,0.07807713116314324
20260922,4,0.75,expanded_temporal,dominance,relative,0.06129240713498191
20260922,4,0.75,expanded_temporal,valence,hybrid,0.01859912666231336
20260922,4,0.75,expanded_temporal,arousal,hybrid,0.3162909311253712
20260922,4,0.75,expanded_temporal,dominance,hybrid,0.23390053618481427
20260922,4,1.0,f0_variability,valence,absolute,0.008821106253849196
20260922,4,1.0,f0_variability,arousal,absolute,0.12061136655770949
20260922,4,1.0,f0_variability,dominance,absolute,0.08632807182197329
20260922,4,1.0,f0_variability,valence,relative,0.009572208065751639
20260922,4,1.0,f0_variability,arousal,relative,0.02740954829878313
20260922,4,1.0,f0_variability,dominance,relative,0.01748947957420093
20260922,4,1.0,f0_variability,valence,hybrid,0.008986222370553645
20260922,4,1.0,f0_variability,arousal,hybrid,0.2259061925075597
20260922,4,1.0,f0_variability,dominance,hybrid,0.17209681661659815
20260922,4,1.0,pause_ratio,valence,absolute,0.0029554865995912575
20260922,4,1.0,pause_ratio,arousal,absolute,0.07514679209803381
20260922,4,1.0,pause_ratio,dominance,absolute,0.06732248971748163
20260922,4,1.0,pause_ratio,valence,relative,-1.3764076999144696e-05
20260922,4,1.0,pause_ratio,arousal,relative,0.010954027718636595
20260922,4,1.0,pause_ratio,dominance,relative,0.01634848937946479
20260922,4,1.0,pause_ratio,valence,hybrid,0.008977587402303127
20260922,4,1.0,pause_ratio,arousal,hybrid,0.1281301144099646
20260922,4,1.0,pause_ratio,dominance,hybrid,0.0952955733489256
20260922,4,1.0,voiced_ratio,valence,absolute,0.003941082199205995
20260922,4,1.0,voiced_ratio,arousal,absolute,0.15515073822452077
20260922,4,1.0,voiced_ratio,dominance,absolute,0.12049837934548831
20260922,4,1.0,voiced_ratio,valence,relative,0.0012765788637343653
20260922,4,1.0,voiced_ratio,arousal,relative,0.02916346025673989
20260922,4,1.0,voiced_ratio,dominance,relative,0.028151511642237642
20260922,4,1.0,voiced_ratio,valence,hybrid,0.004148939837533838
20260922,4,1.0,voiced_ratio,arousal,hybrid,0.18580339211535882
20260922,4,1.0,voiced_ratio,dominance,hybrid,0.13745189247890516
20260922,4,1.0,expanded_temporal,valence,absolute,0.013895380367421965
20260922,4,1.0,expanded_temporal,arousal,absolute,0.2788683518752711
20260922,4,1.0,expanded_temporal,dominance,absolute,0.21374211196434517
20260922,4,1.0,expanded_temporal,valence,relative,0.01200115003267798
20260922,4,1.0,expanded_temporal,arousal,relative,0.05990858806818063
20260922,4,1.0,expanded_temporal,dominance,relative,0.04880844140594098
20260922,4,1.0,expanded_temporal,valence,hybrid,0.020715927024451557
20260922,4,1.0,expanded_temporal,arousal,hybrid,0.38496371554164704
20260922,4,1.0,expanded_temporal,dominance,hybrid,0.2945405463088395
