dataset,attribute,seed,fold,classifier,representation,speaker_balanced_macro_f1,macro_f1,n_train,n_test
esd_english,pitch,20260920,0,logistic,absolute,0.2132557520737362,0.21333435189176733,13966,3490
esd_english,pitch,20260920,0,logistic,relative,0.3718958745929822,0.37199499887112963,13966,3490
esd_english,pitch,20260920,0,logistic,relative_plus_baseline,0.4049387955003163,0.40499213383629656,13966,3490
esd_english,pitch,20260920,0,hgb,absolute,0.27045565411284933,0.2704139587130249,13966,3490
esd_english,pitch,20260920,0,hgb,relative,0.33727913641047413,0.33727624847937365,13966,3490
esd_english,pitch,20260920,0,hgb,relative_plus_baseline,0.35497064352512264,0.3549524187633864,13966,3490
esd_english,pitch,20260920,1,logistic,absolute,0.3188135457550675,0.3188131516869716,13959,3497
esd_english,pitch,20260920,1,logistic,relative,0.34882534916900176,0.3488201972533432,13959,3497
esd_english,pitch,20260920,1,logistic,relative_plus_baseline,0.3804957733065658,0.38048177981276277,13959,3497
esd_english,pitch,20260920,1,hgb,absolute,0.24520455124738852,0.24518794385570675,13959,3497
esd_english,pitch,20260920,1,hgb,relative,0.2682466708800144,0.26825061475361556,13959,3497
esd_english,pitch,20260920,1,hgb,relative_plus_baseline,0.31366220292457025,0.31366805912907514,13959,3497
esd_english,pitch,20260920,2,logistic,absolute,0.126434089803421,0.1263528046508183,13976,3480
esd_english,pitch,20260920,2,logistic,relative,0.3175506039177266,0.31768657611990203,13976,3480
esd_english,pitch,20260920,2,logistic,relative_plus_baseline,0.3610923817849015,0.3612734499083806,13976,3480
esd_english,pitch,20260920,2,hgb,absolute,0.19777501146734291,0.1977282062225137,13976,3480
esd_english,pitch,20260920,2,hgb,relative,0.2723994354723501,0.2724139839199798,13976,3480
esd_english,pitch,20260920,2,hgb,relative_plus_baseline,0.31033765800263796,0.3104700232922627,13976,3480
esd_english,pitch,20260920,3,logistic,absolute,0.2618806577509913,0.26185402738450525,13961,3495
esd_english,pitch,20260920,3,logistic,relative,0.23569624424459162,0.23569553554452352,13961,3495
esd_english,pitch,20260920,3,logistic,relative_plus_baseline,0.2481952001913768,0.248204765081068,13961,3495
esd_english,pitch,20260920,3,hgb,absolute,0.23476878491403524,0.23476367665247447,13961,3495
esd_english,pitch,20260920,3,hgb,relative,0.2706336892311051,0.2706816153243724,13961,3495
esd_english,pitch,20260920,3,hgb,relative_plus_baseline,0.24716354900479015,0.24718621945024571,13961,3495
esd_english,pitch,20260920,4,logistic,absolute,0.15864777189969448,0.15864777189969664,13962,3494
esd_english,pitch,20260920,4,logistic,relative,0.33539772872616425,0.335397728726162,13962,3494
esd_english,pitch,20260920,4,logistic,relative_plus_baseline,0.34177175416386596,0.34177175416386285,13962,3494
esd_english,pitch,20260920,4,hgb,absolute,0.24404363602911894,0.2440436360291168,13962,3494
esd_english,pitch,20260920,4,hgb,relative,0.3000157884639957,0.30001578846399274,13962,3494
esd_english,pitch,20260920,4,hgb,relative_plus_baseline,0.2747399228587494,0.27473992285874665,13962,3494
esd_english,pitch,20260921,0,logistic,absolute,0.25272395855707785,0.25268851817372917,13961,3495
esd_english,pitch,20260921,0,logistic,relative,0.32784032154904164,0.32791691169707804,13961,3495
esd_english,pitch,20260921,0,logistic,relative_plus_baseline,0.3319836568554683,0.33205732271322835,13961,3495
esd_english,pitch,20260921,0,hgb,absolute,0.2783413231950294,0.2783021321518123,13961,3495
esd_english,pitch,20260921,0,hgb,relative,0.28309006114737323,0.2831506662783484,13961,3495
esd_english,pitch,20260921,0,hgb,relative_plus_baseline,0.2686471640533124,0.2686827622575104,13961,3495
esd_english,pitch,20260921,1,logistic,absolute,0.2832221193761816,0.2832325776683389,13960,3496
esd_english,pitch,20260921,1,logistic,relative,0.37012507587989735,0.3701169381554672,13960,3496
esd_english,pitch,20260921,1,logistic,relative_plus_baseline,0.3651216532370781,0.36511343661846435,13960,3496
esd_english,pitch,20260921,1,hgb,absolute,0.22959122769731038,0.22957542665662797,13960,3496
esd_english,pitch,20260921,1,hgb,relative,0.35266299430806225,0.3526606591787468,13960,3496
esd_english,pitch,20260921,1,hgb,relative_plus_baseline,0.2886785755838472,0.2887021175732611,13960,3496
esd_english,pitch,20260921,2,logistic,absolute,0.23373856829974282,0.23375889537723737,13960,3496
esd_english,pitch,20260921,2,logistic,relative,0.25969147430858924,0.2596876331328948,13960,3496
esd_english,pitch,20260921,2,logistic,relative_plus_baseline,0.2735008402575399,0.2734965505297306,13960,3496
esd_english,pitch,20260921,2,hgb,absolute,0.3083840201837795,0.3083697092917709,13960,3496
esd_english,pitch,20260921,2,hgb,relative,0.28469116897659347,0.2846891806188202,13960,3496
esd_english,pitch,20260921,2,hgb,relative_plus_baseline,0.29200538507511115,0.29199509503947957,13960,3496
esd_english,pitch,20260921,3,logistic,absolute,0.21808245179859048,0.2179956898121343,13979,3477
esd_english,pitch,20260921,3,logistic,relative,0.3058565600745343,0.30590515590949874,13979,3477
esd_english,pitch,20260921,3,logistic,relative_plus_baseline,0.31628567447272327,0.3163484549891348,13979,3477
esd_english,pitch,20260921,3,hgb,absolute,0.25450782604877653,0.25452302186513814,13979,3477
esd_english,pitch,20260921,3,hgb,relative,0.2788227013095585,0.27887430250313033,13979,3477
esd_english,pitch,20260921,3,hgb,relative_plus_baseline,0.2952669697202257,0.2953377880643341,13979,3477
esd_english,pitch,20260921,4,logistic,absolute,0.23613316827900555,0.2362674339733879,13964,3492
esd_english,pitch,20260921,4,logistic,relative,0.3979241091234319,0.39791100411638614,13964,3492
esd_english,pitch,20260921,4,logistic,relative_plus_baseline,0.4309130520455261,0.43093285869440023,13964,3492
esd_english,pitch,20260921,4,hgb,absolute,0.31494506757750795,0.3150126921060427,13964,3492
esd_english,pitch,20260921,4,hgb,relative,0.2995570407154221,0.2995533452965186,13964,3492
esd_english,pitch,20260921,4,hgb,relative_plus_baseline,0.3581420403210803,0.3581146812368637,13964,3492
esd_english,pitch,20260922,0,logistic,absolute,0.2763915551497134,0.2764087238855354,13962,3494
esd_english,pitch,20260922,0,logistic,relative,0.3136834944125874,0.31372085509605047,13962,3494
esd_english,pitch,20260922,0,logistic,relative_plus_baseline,0.3433108982447371,0.34336696424520224,13962,3494
esd_english,pitch,20260922,0,hgb,absolute,0.3192971721077726,0.3192914803949144,13962,3494
esd_english,pitch,20260922,0,hgb,relative,0.25463925099074175,0.25466605224431194,13962,3494
esd_english,pitch,20260922,0,hgb,relative_plus_baseline,0.27987545178972784,0.27989665934097946,13962,3494
esd_english,pitch,20260922,1,logistic,absolute,0.21808245179859048,0.2179956898121343,13979,3477
esd_english,pitch,20260922,1,logistic,relative,0.3058565600745343,0.30590515590949874,13979,3477
esd_english,pitch,20260922,1,logistic,relative_plus_baseline,0.31628567447272327,0.3163484549891348,13979,3477
esd_english,pitch,20260922,1,hgb,absolute,0.25450782604877653,0.25452302186513814,13979,3477
esd_english,pitch,20260922,1,hgb,relative,0.2788227013095585,0.27887430250313033,13979,3477
esd_english,pitch,20260922,1,hgb,relative_plus_baseline,0.2952669697202257,0.2953377880643341,13979,3477
esd_english,pitch,20260922,2,logistic,absolute,0.15864777189969448,0.15864777189969664,13962,3494
esd_english,pitch,20260922,2,logistic,relative,0.33539772872616425,0.335397728726162,13962,3494
esd_english,pitch,20260922,2,logistic,relative_plus_baseline,0.34177175416386596,0.34177175416386285,13962,3494
esd_english,pitch,20260922,2,hgb,absolute,0.24404363602911894,0.2440436360291168,13962,3494
esd_english,pitch,20260922,2,hgb,relative,0.3000157884639957,0.30001578846399274,13962,3494
esd_english,pitch,20260922,2,hgb,relative_plus_baseline,0.2747399228587494,0.27473992285874665,13962,3494
esd_english,pitch,20260922,3,logistic,absolute,0.07469510843070207,0.07470513575309554,13963,3493
esd_english,pitch,20260922,3,logistic,relative,0.29975289955522905,0.29975406664476767,13963,3493
esd_english,pitch,20260922,3,logistic,relative_plus_baseline,0.3101590004717048,0.31015572232594235,13963,3493
esd_english,pitch,20260922,3,hgb,absolute,0.1285399252438963,0.12858093457314704,13963,3493
esd_english,pitch,20260922,3,hgb,relative,0.24837165931332997,0.24841201430596377,13963,3493
esd_english,pitch,20260922,3,hgb,relative_plus_baseline,0.30474557251090467,0.3047276195349865,13963,3493
esd_english,pitch,20260922,4,logistic,absolute,0.19033262968799453,0.19033262968799472,13958,3498
esd_english,pitch,20260922,4,logistic,relative,0.29814487373233095,0.2981448737323332,13958,3498
esd_english,pitch,20260922,4,logistic,relative_plus_baseline,0.3058972336831086,0.30589723368311084,13958,3498
esd_english,pitch,20260922,4,hgb,absolute,0.19592040085019952,0.1959204008502013,13958,3498
esd_english,pitch,20260922,4,hgb,relative,0.3325340537965992,0.3325340537966018,13958,3498
esd_english,pitch,20260922,4,hgb,relative_plus_baseline,0.3144614097031786,0.3144614097031809,13958,3498
mead_part0,pitch,20260920,0,logistic,absolute,0.13443321339253572,0.13428220633025859,15003,3950
mead_part0,pitch,20260920,0,logistic,relative,0.2154219204426624,0.21543264374041265,15003,3950
mead_part0,pitch,20260920,0,logistic,relative_plus_baseline,0.20422407872800852,0.20408451850657278,15003,3950
mead_part0,pitch,20260920,0,hgb,absolute,0.2165006607408647,0.21654630952333598,15003,3950
mead_part0,pitch,20260920,0,hgb,relative,0.24091133800917372,0.24069140524073065,15003,3950
mead_part0,pitch,20260920,0,hgb,relative_plus_baseline,0.22210168315673698,0.22220336119024897,15003,3950
mead_part0,pitch,20260920,1,logistic,absolute,0.13956746034152548,0.13897007950421436,15021,3932
mead_part0,pitch,20260920,1,logistic,relative,0.21968328304827828,0.21993950339323112,15021,3932
mead_part0,pitch,20260920,1,logistic,relative_plus_baseline,0.22193310339386244,0.2222173877252219,15021,3932
mead_part0,pitch,20260920,1,hgb,absolute,0.19514379248354446,0.19538638150163695,15021,3932
mead_part0,pitch,20260920,1,hgb,relative,0.23067107899114495,0.23087748943667843,15021,3932
mead_part0,pitch,20260920,1,hgb,relative_plus_baseline,0.23261395984201877,0.2329600490702322,15021,3932
mead_part0,pitch,20260920,2,logistic,absolute,0.14020628579360372,0.1395585510617397,15021,3932
mead_part0,pitch,20260920,2,logistic,relative,0.21460593080366142,0.2131620522210116,15021,3932
mead_part0,pitch,20260920,2,logistic,relative_plus_baseline,0.22245288453523832,0.22115563560176507,15021,3932
mead_part0,pitch,20260920,2,hgb,absolute,0.22624494948748747,0.22649207538390806,15021,3932
mead_part0,pitch,20260920,2,hgb,relative,0.24101838666842731,0.24028835295670897,15021,3932
mead_part0,pitch,20260920,2,hgb,relative_plus_baseline,0.24267931394951683,0.24153028280503358,15021,3932
mead_part0,pitch,20260920,3,logistic,absolute,0.1291478170150008,0.1290255268902738,15387,3566
mead_part0,pitch,20260920,3,logistic,relative,0.22425290325596253,0.22410064190153434,15387,3566
mead_part0,pitch,20260920,3,logistic,relative_plus_baseline,0.26202291414417267,0.26188380003077294,15387,3566
mead_part0,pitch,20260920,3,hgb,absolute,0.21168904962051602,0.21168074859727568,15387,3566
mead_part0,pitch,20260920,3,hgb,relative,0.2599994920262703,0.2599579493633508,15387,3566
mead_part0,pitch,20260920,3,hgb,relative_plus_baseline,0.24585306081158542,0.24578235952990585,15387,3566
mead_part0,pitch,20260920,4,logistic,absolute,0.11348987945552262,0.11347738682381611,15380,3573
mead_part0,pitch,20260920,4,logistic,relative,0.2329772052767034,0.23298153681361078,15380,3573
mead_part0,pitch,20260920,4,logistic,relative_plus_baseline,0.22854759121164098,0.22860652600990333,15380,3573
mead_part0,pitch,20260920,4,hgb,absolute,0.24104871956241752,0.24102501273170454,15380,3573
mead_part0,pitch,20260920,4,hgb,relative,0.23889697343176247,0.23904003747279737,15380,3573
mead_part0,pitch,20260920,4,hgb,relative_plus_baseline,0.2580425999797548,0.2581420417232231,15380,3573
mead_part0,pitch,20260921,0,logistic,absolute,0.1384442964052143,0.13802299368381032,15035,3918
mead_part0,pitch,20260921,0,logistic,relative,0.23682733299569864,0.23563826710758273,15035,3918
mead_part0,pitch,20260921,0,logistic,relative_plus_baseline,0.24903456287725306,0.24813080368354762,15035,3918
mead_part0,pitch,20260921,0,hgb,absolute,0.22803129655389037,0.22853060132536213,15035,3918
mead_part0,pitch,20260921,0,hgb,relative,0.2494706578213163,0.2488615515439739,15035,3918
mead_part0,pitch,20260921,0,hgb,relative_plus_baseline,0.26686867631577516,0.26594027577539503,15035,3918
mead_part0,pitch,20260921,1,logistic,absolute,0.13684365429760245,0.13658948028162549,14999,3954
mead_part0,pitch,20260921,1,logistic,relative,0.22674084461562494,0.2264956081468447,14999,3954
mead_part0,pitch,20260921,1,logistic,relative_plus_baseline,0.23590484679572826,0.23562356405472826,14999,3954
mead_part0,pitch,20260921,1,hgb,absolute,0.22516928036373982,0.22514681566380265,14999,3954
mead_part0,pitch,20260921,1,hgb,relative,0.2581784647674636,0.25793546447535115,14999,3954
mead_part0,pitch,20260921,1,hgb,relative_plus_baseline,0.26314017911450704,0.26273638115628567,14999,3954
mead_part0,pitch,20260921,2,logistic,absolute,0.1325216885816714,0.13239908657155702,14996,3957
mead_part0,pitch,20260921,2,logistic,relative,0.18814377558633064,0.1880667500677774,14996,3957
mead_part0,pitch,20260921,2,logistic,relative_plus_baseline,0.19486536345485678,0.19483382532886934,14996,3957
mead_part0,pitch,20260921,2,hgb,absolute,0.22350657564799228,0.22354063601603658,14996,3957
mead_part0,pitch,20260921,2,hgb,relative,0.20369111966549633,0.2036650891994119,14996,3957
mead_part0,pitch,20260921,2,hgb,relative_plus_baseline,0.1999101646923231,0.19946473034420525,14996,3957
mead_part0,pitch,20260921,3,logistic,absolute,0.1379438102210318,0.13735743467125613,15403,3550
mead_part0,pitch,20260921,3,logistic,relative,0.21289435030587528,0.2131444640227918,15403,3550
mead_part0,pitch,20260921,3,logistic,relative_plus_baseline,0.20652734084460828,0.20686302217684327,15403,3550
mead_part0,pitch,20260921,3,hgb,absolute,0.21830961792140696,0.21887803292419172,15403,3550
mead_part0,pitch,20260921,3,hgb,relative,0.24237772232383406,0.2429365085248596,15403,3550
mead_part0,pitch,20260921,3,hgb,relative_plus_baseline,0.22332936513429086,0.22377530941844262,15403,3550
mead_part0,pitch,20260921,4,logistic,absolute,0.11447513741819963,0.1144503719226162,15379,3574
mead_part0,pitch,20260921,4,logistic,relative,0.24495963099922133,0.24489319714556396,15379,3574
mead_part0,pitch,20260921,4,logistic,relative_plus_baseline,0.23980590715148992,0.23975432086301857,15379,3574
mead_part0,pitch,20260921,4,hgb,absolute,0.18727484288214105,0.18734143080041324,15379,3574
mead_part0,pitch,20260921,4,hgb,relative,0.22274282326635753,0.22257147705514196,15379,3574
mead_part0,pitch,20260921,4,hgb,relative_plus_baseline,0.22519672939063087,0.22504911695928093,15379,3574
mead_part0,pitch,20260922,0,logistic,absolute,0.12304657332811945,0.12265887839692305,14996,3957
mead_part0,pitch,20260922,0,logistic,relative,0.18169905728260743,0.18139137443896652,14996,3957
mead_part0,pitch,20260922,0,logistic,relative_plus_baseline,0.17931653196792402,0.17902797687759917,14996,3957
mead_part0,pitch,20260922,0,hgb,absolute,0.20971412712467347,0.20957950525747795,14996,3957
mead_part0,pitch,20260922,0,hgb,relative,0.20402938396298423,0.20363642440893875,14996,3957
mead_part0,pitch,20260922,0,hgb,relative_plus_baseline,0.20964191282696296,0.2093616434411643,14996,3957
mead_part0,pitch,20260922,1,logistic,absolute,0.11815283858648598,0.11812895913151777,14983,3970
mead_part0,pitch,20260922,1,logistic,relative,0.23834229621220193,0.23818747664536324,14983,3970
mead_part0,pitch,20260922,1,logistic,relative_plus_baseline,0.2495704839462333,0.2494195925054326,14983,3970
mead_part0,pitch,20260922,1,hgb,absolute,0.23276096929855697,0.23264386819350807,14983,3970
mead_part0,pitch,20260922,1,hgb,relative,0.24623998480863768,0.24614819233155796,14983,3970
mead_part0,pitch,20260922,1,hgb,relative_plus_baseline,0.25939004349348405,0.2592741101844104,14983,3970
mead_part0,pitch,20260922,2,logistic,absolute,0.13957593447653976,0.13880143909088427,15045,3908
mead_part0,pitch,20260922,2,logistic,relative,0.25691260834802215,0.2564176525683736,15045,3908
mead_part0,pitch,20260922,2,logistic,relative_plus_baseline,0.27041150730238034,0.2702490682646631,15045,3908
mead_part0,pitch,20260922,2,hgb,absolute,0.19816732624921257,0.19860769041597132,15045,3908
mead_part0,pitch,20260922,2,hgb,relative,0.24082670378522236,0.24105802021392106,15045,3908
mead_part0,pitch,20260922,2,hgb,relative_plus_baseline,0.23573250956236452,0.23623275616700826,15045,3908
mead_part0,pitch,20260922,3,logistic,absolute,0.14598003775152774,0.14576801102376055,15391,3562
mead_part0,pitch,20260922,3,logistic,relative,0.2200884715527534,0.21995924233638647,15391,3562
mead_part0,pitch,20260922,3,logistic,relative_plus_baseline,0.2171691460804161,0.21700981906681555,15391,3562
mead_part0,pitch,20260922,3,hgb,absolute,0.22271051671700764,0.22281092948646336,15391,3562
mead_part0,pitch,20260922,3,hgb,relative,0.24030007800351122,0.24005662747784165,15391,3562
mead_part0,pitch,20260922,3,hgb,relative_plus_baseline,0.260108749887647,0.26003118536611697,15391,3562
mead_part0,pitch,20260922,4,logistic,absolute,0.1319239422463881,0.13191174334122321,15397,3556
mead_part0,pitch,20260922,4,logistic,relative,0.20505392305763678,0.20505533100374337,15397,3556
mead_part0,pitch,20260922,4,logistic,relative_plus_baseline,0.20565034870564075,0.20571879549710542,15397,3556
mead_part0,pitch,20260922,4,hgb,absolute,0.2435969923109112,0.24359779238176632,15397,3556
mead_part0,pitch,20260922,4,hgb,relative,0.20976918990480065,0.2096398047440648,15397,3556
mead_part0,pitch,20260922,4,hgb,relative_plus_baseline,0.2161738307439557,0.2162785313659726,15397,3556
ravdess_speech,pitch,20260920,0,logistic,absolute,0.1901938452845393,0.19195004556846662,669,176
ravdess_speech,pitch,20260920,0,logistic,relative,0.23243015535005576,0.2322142591310094,669,176
ravdess_speech,pitch,20260920,0,logistic,relative_plus_baseline,0.2808592757023757,0.2813727500569606,669,176
ravdess_speech,pitch,20260920,0,hgb,absolute,0.25914957947652395,0.25908632549839067,669,176
ravdess_speech,pitch,20260920,0,hgb,relative,0.3195507245777831,0.3187752799844038,669,176
ravdess_speech,pitch,20260920,0,hgb,relative_plus_baseline,0.3218596233661549,0.32135338345864656,669,176
ravdess_speech,pitch,20260920,1,logistic,absolute,0.1823062211322884,0.18191713437396534,667,178
ravdess_speech,pitch,20260920,1,logistic,relative,0.2843992557710825,0.28503347894652664,667,178
ravdess_speech,pitch,20260920,1,logistic,relative_plus_baseline,0.3116068780007592,0.3118249492443041,667,178
ravdess_speech,pitch,20260920,1,hgb,absolute,0.19565834088680484,0.19463073356515978,667,178
ravdess_speech,pitch,20260920,1,hgb,relative,0.2961857351476737,0.2946390736634639,667,178
ravdess_speech,pitch,20260920,1,hgb,relative_plus_baseline,0.2970571546789419,0.29536570932877126,667,178
ravdess_speech,pitch,20260920,2,logistic,absolute,0.15680150004362903,0.16040723981900454,674,171
ravdess_speech,pitch,20260920,2,logistic,relative,0.26639007464792097,0.2723789727901081,674,171
ravdess_speech,pitch,20260920,2,logistic,relative_plus_baseline,0.24778442225504183,0.25497091144149964,674,171
ravdess_speech,pitch,20260920,2,hgb,absolute,0.1937164162838632,0.19665210565831684,674,171
ravdess_speech,pitch,20260920,2,hgb,relative,0.227931343689712,0.2278390333838411,674,171
ravdess_speech,pitch,20260920,2,hgb,relative_plus_baseline,0.2518514030209863,0.25331325598116644,674,171
ravdess_speech,pitch,20260920,3,logistic,absolute,0.21109298677103266,0.2110929867710325,665,180
ravdess_speech,pitch,20260920,3,logistic,relative,0.27557604759984927,0.27557604759984905,665,180
ravdess_speech,pitch,20260920,3,logistic,relative_plus_baseline,0.28540795089853394,0.28540795089853366,665,180
ravdess_speech,pitch,20260920,3,hgb,absolute,0.26639949322256223,0.26639949322256207,665,180
ravdess_speech,pitch,20260920,3,hgb,relative,0.2650180482514163,0.26501804825141606,665,180
ravdess_speech,pitch,20260920,3,hgb,relative_plus_baseline,0.2873527003344848,0.28735270033448457,665,180
ravdess_speech,pitch,20260920,4,logistic,absolute,0.2014562048441424,0.20401388834697604,705,140
ravdess_speech,pitch,20260920,4,logistic,relative,0.24710113033459816,0.2469188573734579,705,140
ravdess_speech,pitch,20260920,4,logistic,relative_plus_baseline,0.26777205616822986,0.26765653028541553,705,140
ravdess_speech,pitch,20260920,4,hgb,absolute,0.25259948000770566,0.25132878358884553,705,140
ravdess_speech,pitch,20260920,4,hgb,relative,0.26034736663920843,0.2608678765131967,705,140
ravdess_speech,pitch,20260920,4,hgb,relative_plus_baseline,0.2927968868083693,0.29120719776380155,705,140
ravdess_speech,pitch,20260921,0,logistic,absolute,0.1968732394678982,0.20200500222701886,677,168
ravdess_speech,pitch,20260921,0,logistic,relative,0.24722314517637173,0.25158047253421323,677,168
ravdess_speech,pitch,20260921,0,logistic,relative_plus_baseline,0.25460505901627817,0.25875582937577546,677,168
ravdess_speech,pitch,20260921,0,hgb,absolute,0.24035483777609143,0.24573089573089568,677,168
ravdess_speech,pitch,20260921,0,hgb,relative,0.23834787148337672,0.24792857912702151,677,168
ravdess_speech,pitch,20260921,0,hgb,relative_plus_baseline,0.29645276092935585,0.3004950605384727,677,168
ravdess_speech,pitch,20260921,1,logistic,absolute,0.21126428040967457,0.2112642804096744,665,180
ravdess_speech,pitch,20260921,1,logistic,relative,0.29175482090396165,0.29175482090396154,665,180
ravdess_speech,pitch,20260921,1,logistic,relative_plus_baseline,0.28073779744880584,0.28073779744880567,665,180
ravdess_speech,pitch,20260921,1,hgb,absolute,0.2241232363631549,0.22412323636315482,665,180
ravdess_speech,pitch,20260921,1,hgb,relative,0.21534481754212745,0.2153448175421273,665,180
ravdess_speech,pitch,20260921,1,hgb,relative_plus_baseline,0.2635311094134625,0.26353110941346236,665,180
ravdess_speech,pitch,20260921,2,logistic,absolute,0.1557182422464855,0.15733636899427586,669,176
ravdess_speech,pitch,20260921,2,logistic,relative,0.18130684029550728,0.18177057003348082,669,176
ravdess_speech,pitch,20260921,2,logistic,relative_plus_baseline,0.24100360486348618,0.24293657238931007,669,176
ravdess_speech,pitch,20260921,2,hgb,absolute,0.26005370140465184,0.2608856934922895,669,176
ravdess_speech,pitch,20260921,2,hgb,relative,0.2645372752479977,0.2651491299912353,669,176
ravdess_speech,pitch,20260921,2,hgb,relative_plus_baseline,0.2657254737419155,0.26752177700348434,669,176
ravdess_speech,pitch,20260921,3,logistic,absolute,0.22561347479388633,0.22561347479388613,665,180
ravdess_speech,pitch,20260921,3,logistic,relative,0.26106280193236736,0.26106280193236714,665,180
ravdess_speech,pitch,20260921,3,logistic,relative_plus_baseline,0.29283221480421745,0.29283221480421723,665,180
ravdess_speech,pitch,20260921,3,hgb,absolute,0.26325266718709356,0.26325266718709345,665,180
ravdess_speech,pitch,20260921,3,hgb,relative,0.2814956029360103,0.2814956029360101,665,180
ravdess_speech,pitch,20260921,3,hgb,relative_plus_baseline,0.3343505986457621,0.33435059864576194,665,180
ravdess_speech,pitch,20260921,4,logistic,absolute,0.18415417309368293,0.1853590993919692,704,141
ravdess_speech,pitch,20260921,4,logistic,relative,0.20894636007447748,0.20908232118758435,704,141
ravdess_speech,pitch,20260921,4,logistic,relative_plus_baseline,0.2572688077197752,0.2570260119078983,704,141
ravdess_speech,pitch,20260921,4,hgb,absolute,0.23333766497631597,0.23472881044309615,704,141
ravdess_speech,pitch,20260921,4,hgb,relative,0.2459488659131286,0.24478812019795626,704,141
ravdess_speech,pitch,20260921,4,hgb,relative_plus_baseline,0.24544855784056435,0.2438233426601645,704,141
ravdess_speech,pitch,20260922,0,logistic,absolute,0.1684189723622325,0.16867618715894578,666,179
ravdess_speech,pitch,20260922,0,logistic,relative,0.3008291292592927,0.3006085790363147,666,179
ravdess_speech,pitch,20260922,0,logistic,relative_plus_baseline,0.31215827356085635,0.3118334263979415,666,179
ravdess_speech,pitch,20260922,0,hgb,absolute,0.22511092098854987,0.22448613344611243,666,179
ravdess_speech,pitch,20260922,0,hgb,relative,0.2959082378362445,0.29485608549814374,666,179
ravdess_speech,pitch,20260922,0,hgb,relative_plus_baseline,0.24307918476255158,0.2429853898163757,666,179
ravdess_speech,pitch,20260922,1,logistic,absolute,0.24732987009527582,0.24730335014188592,666,179
ravdess_speech,pitch,20260922,1,logistic,relative,0.2276444696634566,0.2283028083028083,666,179
ravdess_speech,pitch,20260922,1,logistic,relative_plus_baseline,0.240398709039022,0.24096184303240203,666,179
ravdess_speech,pitch,20260922,1,hgb,absolute,0.2018792775739501,0.20194717066418058,666,179
ravdess_speech,pitch,20260922,1,hgb,relative,0.24005993360908842,0.24037339694908502,666,179
ravdess_speech,pitch,20260922,1,hgb,relative_plus_baseline,0.27041753413824354,0.27101706970128026,666,179
ravdess_speech,pitch,20260922,2,logistic,absolute,0.18814936022531606,0.18697906231216188,667,178
ravdess_speech,pitch,20260922,2,logistic,relative,0.24816160859778869,0.24810123054196803,667,178
ravdess_speech,pitch,20260922,2,logistic,relative_plus_baseline,0.2448796455424885,0.24478991596638658,667,178
ravdess_speech,pitch,20260922,2,hgb,absolute,0.249621397569674,0.24841553677718298,667,178
ravdess_speech,pitch,20260922,2,hgb,relative,0.2803997387915068,0.2785947873840044,667,178
ravdess_speech,pitch,20260922,2,hgb,relative_plus_baseline,0.28887894866550534,0.288927414337859,667,178
ravdess_speech,pitch,20260922,3,logistic,absolute,0.15122798598781137,0.15503861218146933,674,171
ravdess_speech,pitch,20260922,3,logistic,relative,0.23676664720943838,0.24458770801768645,674,171
ravdess_speech,pitch,20260922,3,logistic,relative_plus_baseline,0.24220666015319003,0.24724821102530078,674,171
ravdess_speech,pitch,20260922,3,hgb,absolute,0.20274489172970833,0.20709846894183653,674,171
ravdess_speech,pitch,20260922,3,hgb,relative,0.20166901034648715,0.2008751337518461,674,171
ravdess_speech,pitch,20260922,3,hgb,relative_plus_baseline,0.20953056933795322,0.21402252277958494,674,171
ravdess_speech,pitch,20260922,4,logistic,absolute,0.18294108069633067,0.18430285243313724,707,138
ravdess_speech,pitch,20260922,4,logistic,relative,0.26660880058781816,0.2666811217282738,707,138
ravdess_speech,pitch,20260922,4,logistic,relative_plus_baseline,0.28030961429382373,0.28018265608102266,707,138
ravdess_speech,pitch,20260922,4,hgb,absolute,0.2668432955117743,0.26666863396076135,707,138
ravdess_speech,pitch,20260922,4,hgb,relative,0.2533303594654352,0.25248080326772965,707,138
ravdess_speech,pitch,20260922,4,hgb,relative_plus_baseline,0.28206579845280677,0.2832026469591521,707,138
msp,pitch,20260920,0,logistic,absolute,0.23118064047318318,0.23904092174881866,118148,29207
msp,pitch,20260920,0,logistic,relative,0.20811595540814584,0.21293022458355115,118148,29207
msp,pitch,20260920,0,logistic,relative_plus_baseline,0.2425388038593795,0.2532753658303811,118148,29207
msp,pitch,20260920,0,hgb,absolute,0.2124015122601516,0.21992957897507742,118148,29207
msp,pitch,20260920,0,hgb,relative,0.23260768900615592,0.2360331535434616,118148,29207
msp,pitch,20260920,0,hgb,relative_plus_baseline,0.2447560865372314,0.2392066076393129,118148,29207
msp,pitch,20260920,1,logistic,absolute,0.2269719296022945,0.25261355837791266,116386,30969
msp,pitch,20260920,1,logistic,relative,0.21003664777734313,0.24366025334258906,116386,30969
msp,pitch,20260920,1,logistic,relative_plus_baseline,0.2225591028246292,0.21515287109489356,116386,30969
msp,pitch,20260920,1,hgb,absolute,0.2319707842921952,0.24142229491573336,116386,30969
msp,pitch,20260920,1,hgb,relative,0.22376135214350987,0.2514949411097589,116386,30969
msp,pitch,20260920,1,hgb,relative_plus_baseline,0.24599248348152786,0.22746872542561342,116386,30969
msp,pitch,20260920,2,logistic,absolute,0.2157594639347426,0.23862746772702445,116736,30619
msp,pitch,20260920,2,logistic,relative,0.19489875611298862,0.20646996801382045,116736,30619
msp,pitch,20260920,2,logistic,relative_plus_baseline,0.2237677605936011,0.2507894331619679,116736,30619
msp,pitch,20260920,2,hgb,absolute,0.1974833568565138,0.2203269239472378,116736,30619
msp,pitch,20260920,2,hgb,relative,0.21741933864419702,0.21651241664245813,116736,30619
msp,pitch,20260920,2,hgb,relative_plus_baseline,0.23166484999061407,0.22466291890292284,116736,30619
msp,pitch,20260920,3,logistic,absolute,0.22802071732579382,0.2605982194612835,120187,27168
msp,pitch,20260920,3,logistic,relative,0.20677579916262637,0.2251744135114865,120187,27168
msp,pitch,20260920,3,logistic,relative_plus_baseline,0.24796406490228082,0.28685557866347733,120187,27168
msp,pitch,20260920,3,hgb,absolute,0.21110994146754147,0.2441517352512991,120187,27168
msp,pitch,20260920,3,hgb,relative,0.22995415164741692,0.2427020935440621,120187,27168
msp,pitch,20260920,3,hgb,relative_plus_baseline,0.24340252360152728,0.2743672772327503,120187,27168
msp,pitch,20260920,4,logistic,absolute,0.23657906899294073,0.253163416043101,117963,29392
msp,pitch,20260920,4,logistic,relative,0.2032956968265487,0.19998344955276057,117963,29392
msp,pitch,20260920,4,logistic,relative_plus_baseline,0.2519727287383232,0.2709024194230705,117963,29392
msp,pitch,20260920,4,hgb,absolute,0.21346322945723073,0.22457819892192524,117963,29392
msp,pitch,20260920,4,hgb,relative,0.22171242189422422,0.20845934479988001,117963,29392
msp,pitch,20260920,4,hgb,relative_plus_baseline,0.24552666497844594,0.25136848964582775,117963,29392
msp,pitch,20260921,0,logistic,absolute,0.23613234324191862,0.2609976458096795,118650,28705
msp,pitch,20260921,0,logistic,relative,0.20676060670840193,0.19592692639745138,118650,28705
msp,pitch,20260921,0,logistic,relative_plus_baseline,0.25004215376228556,0.26684018394526016,118650,28705
msp,pitch,20260921,0,hgb,absolute,0.22552284142294657,0.25116406251816586,118650,28705
msp,pitch,20260921,0,hgb,relative,0.22553649692712813,0.21056881955042436,118650,28705
msp,pitch,20260921,0,hgb,relative_plus_baseline,0.2390896539002894,0.226831620684132,118650,28705
msp,pitch,20260921,1,logistic,absolute,0.21901462779358866,0.2423639642359904,118444,28911
msp,pitch,20260921,1,logistic,relative,0.2016029368458073,0.20967039594023484,118444,28911
msp,pitch,20260921,1,logistic,relative_plus_baseline,0.2358061861825031,0.27016181582014753,118444,28911
msp,pitch,20260921,1,hgb,absolute,0.20725240998884226,0.23001030520725854,118444,28911
msp,pitch,20260921,1,hgb,relative,0.21032136233919826,0.21362026084532038,118444,28911
msp,pitch,20260921,1,hgb,relative_plus_baseline,0.23392146957767185,0.24444804302094664,118444,28911
msp,pitch,20260921,2,logistic,absolute,0.23064104201215385,0.240948319546676,117523,29832
msp,pitch,20260921,2,logistic,relative,0.20196373213647006,0.20668434041023492,117523,29832
msp,pitch,20260921,2,logistic,relative_plus_baseline,0.2348914408910391,0.2532156279285259,117523,29832
msp,pitch,20260921,2,hgb,absolute,0.2147597930251973,0.22412108349676507,117523,29832
msp,pitch,20260921,2,hgb,relative,0.22423929144959862,0.22484824045944482,117523,29832
msp,pitch,20260921,2,hgb,relative_plus_baseline,0.23281320107816353,0.22923669446145872,117523,29832
msp,pitch,20260921,3,logistic,absolute,0.22135759204214028,0.24131108551463587,117320,30035
msp,pitch,20260921,3,logistic,relative,0.20382146007879162,0.24184912491148097,117320,30035
msp,pitch,20260921,3,logistic,relative_plus_baseline,0.22599349265860455,0.21218188138942534,117320,30035
msp,pitch,20260921,3,hgb,absolute,0.21447646346124283,0.22532311387737475,117320,30035
msp,pitch,20260921,3,hgb,relative,0.21987499609260103,0.24508854156342377,117320,30035
msp,pitch,20260921,3,hgb,relative_plus_baseline,0.2484417354297035,0.22241899203951312,117320,30035
msp,pitch,20260921,4,logistic,absolute,0.24206969368151277,0.2706898164475054,117483,29872
msp,pitch,20260921,4,logistic,relative,0.2137465953669039,0.23759384947790183,117483,29872
msp,pitch,20260921,4,logistic,relative_plus_baseline,0.2511480507705709,0.2816392121565615,117483,29872
msp,pitch,20260921,4,hgb,absolute,0.22879103792441366,0.246853340717836,117483,29872
msp,pitch,20260921,4,hgb,relative,0.22486546365048588,0.2432935082175967,117483,29872
msp,pitch,20260921,4,hgb,relative_plus_baseline,0.24114385074331834,0.2467682021400691,117483,29872
msp,pitch,20260922,0,logistic,absolute,0.23163033465257854,0.2481952363891709,121321,26034
msp,pitch,20260922,0,logistic,relative,0.20060720093161905,0.20287620758438235,121321,26034
msp,pitch,20260922,0,logistic,relative_plus_baseline,0.23881422042463876,0.25668416033648433,121321,26034
msp,pitch,20260922,0,hgb,absolute,0.21147083039068507,0.22937400888495066,121321,26034
msp,pitch,20260922,0,hgb,relative,0.22108420375840288,0.22061694220409792,121321,26034
msp,pitch,20260922,0,hgb,relative_plus_baseline,0.2357634769177685,0.2370825092009151,121321,26034
msp,pitch,20260922,1,logistic,absolute,0.21781601829033287,0.22302087276470858,116307,31048
msp,pitch,20260922,1,logistic,relative,0.20725904032962755,0.21392332376022458,116307,31048
msp,pitch,20260922,1,logistic,relative_plus_baseline,0.23564612096311607,0.24564110045725168,116307,31048
msp,pitch,20260922,1,hgb,absolute,0.2113573205141947,0.2126191316495321,116307,31048
msp,pitch,20260922,1,hgb,relative,0.23024304329882633,0.22733348457023328,116307,31048
msp,pitch,20260922,1,hgb,relative_plus_baseline,0.24390716621818975,0.24146140317620515,116307,31048
msp,pitch,20260922,2,logistic,absolute,0.23069967840941796,0.25594304087929304,115858,31497
msp,pitch,20260922,2,logistic,relative,0.2017791214866122,0.23601288691993522,115858,31497
msp,pitch,20260922,2,logistic,relative_plus_baseline,0.22183579819809413,0.21041166351949386,115858,31497
msp,pitch,20260922,2,hgb,absolute,0.21640697191539388,0.23280966317099833,115858,31497
msp,pitch,20260922,2,hgb,relative,0.21432038915654955,0.2402829525407207,115858,31497
msp,pitch,20260922,2,hgb,relative_plus_baseline,0.23352530237583244,0.20418338643644773,115858,31497
msp,pitch,20260922,3,logistic,absolute,0.23380276682805318,0.2589528201227988,121985,25370
msp,pitch,20260922,3,logistic,relative,0.20745162083918714,0.23069557643760225,121985,25370
msp,pitch,20260922,3,logistic,relative_plus_baseline,0.241715385187461,0.26708790832845614,121985,25370
msp,pitch,20260922,3,hgb,absolute,0.19965714596690165,0.22536783435319746,121985,25370
msp,pitch,20260922,3,hgb,relative,0.22670298957670493,0.24248347118425967,121985,25370
msp,pitch,20260922,3,hgb,relative_plus_baseline,0.24288802242121027,0.26499265653976484,121985,25370
msp,pitch,20260922,4,logistic,absolute,0.23314702812284144,0.26720007139654656,113949,33406
msp,pitch,20260922,4,logistic,relative,0.21244200632373533,0.21259960089680763,113949,33406
msp,pitch,20260922,4,logistic,relative_plus_baseline,0.25323976890669575,0.2801809791747386,113949,33406
msp,pitch,20260922,4,hgb,absolute,0.22452574535190273,0.24906453330120476,113949,33406
msp,pitch,20260922,4,hgb,relative,0.2350765223491238,0.23145090399100035,113949,33406
msp,pitch,20260922,4,hgb,relative_plus_baseline,0.2323613198602187,0.1999248467077598,113949,33406
meld,pitch,20260920,0,logistic,absolute,0.21297603035413615,0.21230726715733866,10289,290
meld,pitch,20260920,0,logistic,relative,0.19515805383297619,0.19634595437565733,10289,290
meld,pitch,20260920,0,logistic,relative_plus_baseline,0.2145490648858826,0.19866126947038834,10289,290
meld,pitch,20260920,0,hgb,absolute,0.25022511145317966,0.24213514089893146,10289,290
meld,pitch,20260920,0,hgb,relative,0.1946084251540918,0.18072557149752094,10289,290
meld,pitch,20260920,0,hgb,relative_plus_baseline,0.2441320608411826,0.22232963385747553,10289,290
meld,pitch,20260920,1,logistic,absolute,0.1746787543136587,0.21362335262483184,8831,1748
meld,pitch,20260920,1,logistic,relative,0.20587677966267565,0.22633732580093385,8831,1748
meld,pitch,20260920,1,logistic,relative_plus_baseline,0.19812693574222698,0.2572878868771095,8831,1748
meld,pitch,20260920,1,hgb,absolute,0.17640164161705701,0.1853889604752573,8831,1748
meld,pitch,20260920,1,hgb,relative,0.21320752153874767,0.20936011920869252,8831,1748
meld,pitch,20260920,1,hgb,relative_plus_baseline,0.20935779381917188,0.18275393344738614,8831,1748
meld,pitch,20260920,2,logistic,absolute,0.20584819441007088,0.229057714395169,8526,2053
meld,pitch,20260920,2,logistic,relative,0.211392087718041,0.23666651935498853,8526,2053
meld,pitch,20260920,2,logistic,relative_plus_baseline,0.18907344505993492,0.24260421110982397,8526,2053
meld,pitch,20260920,2,hgb,absolute,0.2561427824202053,0.2229304239523937,8526,2053
meld,pitch,20260920,2,hgb,relative,0.2032008111466618,0.21614923387065876,8526,2053
meld,pitch,20260920,2,hgb,relative_plus_baseline,0.28593864014670445,0.23458224828356422,8526,2053
meld,pitch,20260920,3,logistic,absolute,0.188853777396668,0.21544341926910654,7196,3383
meld,pitch,20260920,3,logistic,relative,0.1255483008555857,0.14137922093952665,7196,3383
meld,pitch,20260920,3,logistic,relative_plus_baseline,0.15145107315910988,0.18273935243295958,7196,3383
meld,pitch,20260920,3,hgb,absolute,0.15769349041435235,0.21259315270221993,7196,3383
meld,pitch,20260920,3,hgb,relative,0.19275714827760318,0.2038991392527223,7196,3383
meld,pitch,20260920,3,hgb,relative_plus_baseline,0.15857188461126734,0.21261843508265993,7196,3383
meld,pitch,20260920,4,logistic,absolute,0.19160152820339765,0.11724104233447794,7474,3105
meld,pitch,20260920,4,logistic,relative,0.19595494016798456,0.21352591395483586,7474,3105
meld,pitch,20260920,4,logistic,relative_plus_baseline,0.16059562867414828,0.0992573033716168,7474,3105
meld,pitch,20260920,4,hgb,absolute,0.18330063141543274,0.1669952272529525,7474,3105
meld,pitch,20260920,4,hgb,relative,0.20354805103962365,0.21184486282733145,7474,3105
meld,pitch,20260920,4,hgb,relative_plus_baseline,0.17291681562093936,0.18989309193738668,7474,3105
meld,pitch,20260921,0,logistic,absolute,0.24514155877114532,0.22624653850052007,8603,1976
meld,pitch,20260921,0,logistic,relative,0.221280719471092,0.209337561466482,8603,1976
meld,pitch,20260921,0,logistic,relative_plus_baseline,0.21619884727409602,0.20533556466753783,8603,1976
meld,pitch,20260921,0,hgb,absolute,0.17523550733229462,0.2153518300421578,8603,1976
meld,pitch,20260921,0,hgb,relative,0.23061215320006778,0.22200370313368128,8603,1976
meld,pitch,20260921,0,hgb,relative_plus_baseline,0.26598557051195393,0.20019040419816064,8603,1976
meld,pitch,20260921,1,logistic,absolute,0.1647551888147115,0.17129732478893298,10368,211
meld,pitch,20260921,1,logistic,relative,0.1866012445260356,0.19869687053543555,10368,211
meld,pitch,20260921,1,logistic,relative_plus_baseline,0.14921082605735178,0.16619695399597592,10368,211
meld,pitch,20260921,1,hgb,absolute,0.20081511032493635,0.20507403955679818,10368,211
meld,pitch,20260921,1,hgb,relative,0.21666732523916984,0.21399509595174476,10368,211
meld,pitch,20260921,1,hgb,relative_plus_baseline,0.23210093909399393,0.22764111705288173,10368,211
meld,pitch,20260921,2,logistic,absolute,0.18677407708310315,0.18956390045202956,7023,3556
meld,pitch,20260921,2,logistic,relative,0.22091525353909494,0.22662975923942827,7023,3556
meld,pitch,20260921,2,logistic,relative_plus_baseline,0.2272052636640986,0.2250984417083906,7023,3556
meld,pitch,20260921,2,hgb,absolute,0.211782165542381,0.21420648835566292,7023,3556
meld,pitch,20260921,2,hgb,relative,0.21392812619621004,0.22772597020449797,7023,3556
meld,pitch,20260921,2,hgb,relative_plus_baseline,0.21574692354618102,0.22924318869917154,7023,3556
meld,pitch,20260921,3,logistic,absolute,0.2017535152924129,0.16475004669118928,8893,1686
meld,pitch,20260921,3,logistic,relative,0.19465919692300224,0.22749633014786247,8893,1686
meld,pitch,20260921,3,logistic,relative_plus_baseline,0.13589909644918102,0.10590395836423103,8893,1686
meld,pitch,20260921,3,hgb,absolute,0.1946151806097997,0.18597054997300588,8893,1686
meld,pitch,20260921,3,hgb,relative,0.18275752511377463,0.20343319152277442,8893,1686
meld,pitch,20260921,3,hgb,relative_plus_baseline,0.1843318673371503,0.21973681204990886,8893,1686
meld,pitch,20260921,4,logistic,absolute,0.1724717044782747,0.19010582375949928,7429,3150
meld,pitch,20260921,4,logistic,relative,0.2319176967960343,0.22756119099895278,7429,3150
meld,pitch,20260921,4,logistic,relative_plus_baseline,0.20848017507779865,0.21209402852396603,7429,3150
meld,pitch,20260921,4,hgb,absolute,0.19354729471060175,0.20402289302111934,7429,3150
meld,pitch,20260921,4,hgb,relative,0.19466318247393818,0.21135580462253095,7429,3150
meld,pitch,20260921,4,hgb,relative_plus_baseline,0.22056225852541286,0.20427013992651716,7429,3150
meld,pitch,20260922,0,logistic,absolute,0.2126191636384132,0.19205689167704415,7201,3378
meld,pitch,20260922,0,logistic,relative,0.2341719907182423,0.23552118892689528,7201,3378
meld,pitch,20260922,0,logistic,relative_plus_baseline,0.16876163385511855,0.21081434735698362,7201,3378
meld,pitch,20260922,0,hgb,absolute,0.20853947586938357,0.21312413251140808,7201,3378
meld,pitch,20260922,0,hgb,relative,0.17931281897332169,0.20435235094202162,7201,3378
meld,pitch,20260922,0,hgb,relative_plus_baseline,0.21900019155066355,0.2037606911939151,7201,3378
meld,pitch,20260922,1,logistic,absolute,0.21175393817416627,0.16981780732376683,8828,1751
meld,pitch,20260922,1,logistic,relative,0.2137662993514414,0.23415648388060215,8828,1751
meld,pitch,20260922,1,logistic,relative_plus_baseline,0.19763022761436852,0.11961325816884143,8828,1751
meld,pitch,20260922,1,hgb,absolute,0.19182804565090403,0.1906059608437645,8828,1751
meld,pitch,20260922,1,hgb,relative,0.22950668535375188,0.21569198997006103,8828,1751
meld,pitch,20260922,1,hgb,relative_plus_baseline,0.23764093192325628,0.230622289032489,8828,1751
meld,pitch,20260922,2,logistic,absolute,0.1730919843619436,0.19263222497509608,7292,3287
meld,pitch,20260922,2,logistic,relative,0.22133644989164947,0.21539123556080356,7292,3287
meld,pitch,20260922,2,logistic,relative_plus_baseline,0.18268669328004652,0.20876269329067793,7292,3287
meld,pitch,20260922,2,hgb,absolute,0.18283700812983905,0.19313450600877086,7292,3287
meld,pitch,20260922,2,hgb,relative,0.22005171967623682,0.21108862586131788,7292,3287
meld,pitch,20260922,2,hgb,relative_plus_baseline,0.22686903994004504,0.21912711238234928,7292,3287
meld,pitch,20260922,3,logistic,absolute,0.1587141745444207,0.2199846559615693,8650,1929
meld,pitch,20260922,3,logistic,relative,0.17886637129165933,0.20667078266561473,8650,1929
meld,pitch,20260922,3,logistic,relative_plus_baseline,0.17484048170984914,0.2107980997690922,8650,1929
meld,pitch,20260922,3,hgb,absolute,0.1857811660706787,0.23073688227448277,8650,1929
meld,pitch,20260922,3,hgb,relative,0.16127005883301823,0.2023607127471026,8650,1929
meld,pitch,20260922,3,hgb,relative_plus_baseline,0.19709571298914602,0.18942315244229807,8650,1929
meld,pitch,20260922,4,logistic,absolute,0.18350246209299895,0.17613851992409865,10345,234
meld,pitch,20260922,4,logistic,relative,0.21082505595297046,0.21062798853293999,10345,234
meld,pitch,20260922,4,logistic,relative_plus_baseline,0.21616643543868813,0.21776809762152866,10345,234
meld,pitch,20260922,4,hgb,absolute,0.19958074445546706,0.18994754599701352,10345,234
meld,pitch,20260922,4,hgb,relative,0.17712954966992936,0.17801893229144278,10345,234
meld,pitch,20260922,4,hgb,relative_plus_baseline,0.2237449685546252,0.22719162888006803,10345,234
esd_english,loudness,20260920,0,logistic,absolute,0.3121498339989088,0.3121498339989065,13993,3500
esd_english,loudness,20260920,0,logistic,relative,0.33183312426315437,0.33183312426315204,13993,3500
esd_english,loudness,20260920,0,logistic,relative_plus_baseline,0.32480499431126086,0.32480499431125837,13993,3500
esd_english,loudness,20260920,0,hgb,absolute,0.3020990281592993,0.30209902815929757,13993,3500
esd_english,loudness,20260920,0,hgb,relative,0.27275553970331695,0.2727555397033153,13993,3500
esd_english,loudness,20260920,0,hgb,relative_plus_baseline,0.3157008010208269,0.31570080102082476,13993,3500
esd_english,loudness,20260920,1,logistic,absolute,0.29490068447269546,0.2949006844726928,13993,3500
esd_english,loudness,20260920,1,logistic,relative,0.2926459519405868,0.2926459519405837,13993,3500
esd_english,loudness,20260920,1,logistic,relative_plus_baseline,0.29671216313640947,0.29671216313640675,13993,3500
esd_english,loudness,20260920,1,hgb,absolute,0.3000617498139963,0.300061749813994,13993,3500
esd_english,loudness,20260920,1,hgb,relative,0.31903378636921886,0.31903378636921603,13993,3500
esd_english,loudness,20260920,1,hgb,relative_plus_baseline,0.3790332230073762,0.3790332230073722,13993,3500
esd_english,loudness,20260920,2,logistic,absolute,0.21785218513607085,0.217852185136069,13999,3494
esd_english,loudness,20260920,2,logistic,relative,0.23870389320246277,0.23870389320246108,13999,3494
esd_english,loudness,20260920,2,logistic,relative_plus_baseline,0.21682486326539158,0.2168248632653898,13999,3494
esd_english,loudness,20260920,2,hgb,absolute,0.2162286527145084,0.21622865271450736,13999,3494
esd_english,loudness,20260920,2,hgb,relative,0.2362448079993305,0.2362448079993304,13999,3494
esd_english,loudness,20260920,2,hgb,relative_plus_baseline,0.249418437361969,0.24941843736196762,13999,3494
esd_english,loudness,20260920,3,logistic,absolute,0.3440658038896509,0.34406580388964786,13993,3500
esd_english,loudness,20260920,3,logistic,relative,0.3347067953850473,0.33470679538504455,13993,3500
esd_english,loudness,20260920,3,logistic,relative_plus_baseline,0.3357170654002283,0.3357170654002256,13993,3500
esd_english,loudness,20260920,3,hgb,absolute,0.3186076749491674,0.3186076749491648,13993,3500
esd_english,loudness,20260920,3,hgb,relative,0.339410284294194,0.33941028429419134,13993,3500
esd_english,loudness,20260920,3,hgb,relative_plus_baseline,0.3149055662684701,0.3149055662684685,13993,3500
esd_english,loudness,20260920,4,logistic,absolute,0.29961502578085575,0.29962261965736553,13994,3499
esd_english,loudness,20260920,4,logistic,relative,0.300882953979852,0.30088530558498777,13994,3499
esd_english,loudness,20260920,4,logistic,relative_plus_baseline,0.3022412548556822,0.3022434285440296,13994,3499
esd_english,loudness,20260920,4,hgb,absolute,0.299771459435644,0.29976630643872987,13994,3499
esd_english,loudness,20260920,4,hgb,relative,0.3222588983532543,0.32224236336927603,13994,3499
esd_english,loudness,20260920,4,hgb,relative_plus_baseline,0.2803748900974456,0.2803690333044972,13994,3499
esd_english,loudness,20260921,0,logistic,absolute,0.3604732833237101,0.3604732833237071,13993,3500
esd_english,loudness,20260921,0,logistic,relative,0.35421378450321805,0.35421378450321506,13993,3500
esd_english,loudness,20260921,0,logistic,relative_plus_baseline,0.35345285547286764,0.35345285547286454,13993,3500
esd_english,loudness,20260921,0,hgb,absolute,0.3009324826032226,0.30093248260322014,13993,3500
esd_english,loudness,20260921,0,hgb,relative,0.3113814700866559,0.3113814700866538,13993,3500
esd_english,loudness,20260921,0,hgb,relative_plus_baseline,0.29109535438867284,0.29109535438866996,13993,3500
esd_english,loudness,20260921,1,logistic,absolute,0.2790483572674136,0.2790483572674113,13993,3500
esd_english,loudness,20260921,1,logistic,relative,0.26643876107455033,0.266438761074548,13993,3500
esd_english,loudness,20260921,1,logistic,relative_plus_baseline,0.263779427395891,0.2637794273958886,13993,3500
esd_english,loudness,20260921,1,hgb,absolute,0.29025602111934407,0.29025602111934246,13993,3500
esd_english,loudness,20260921,1,hgb,relative,0.31016962955696925,0.31016962955696725,13993,3500
esd_english,loudness,20260921,1,hgb,relative_plus_baseline,0.30741170342759694,0.307411703427593,13993,3500
esd_english,loudness,20260921,2,logistic,absolute,0.32260405906024936,0.3226179934973757,13994,3499
esd_english,loudness,20260921,2,logistic,relative,0.32255425050330394,0.32256333774831625,13994,3499
esd_english,loudness,20260921,2,logistic,relative_plus_baseline,0.32981560711648344,0.3298232435881211,13994,3499
esd_english,loudness,20260921,2,hgb,absolute,0.32363424955634623,0.323645461440546,13994,3499
esd_english,loudness,20260921,2,hgb,relative,0.3547937611773266,0.35479278884052673,13994,3499
esd_english,loudness,20260921,2,hgb,relative_plus_baseline,0.3465394227955468,0.3465496150506664,13994,3499
esd_english,loudness,20260921,3,logistic,absolute,0.24389877334830898,0.24396712728791403,13996,3497
esd_english,loudness,20260921,3,logistic,relative,0.22500779723438086,0.22506567305238998,13996,3497
esd_english,loudness,20260921,3,logistic,relative_plus_baseline,0.24517292597754786,0.24524357377729317,13996,3497
esd_english,loudness,20260921,3,hgb,absolute,0.190830474288103,0.19088501255534826,13996,3497
esd_english,loudness,20260921,3,hgb,relative,0.17492654047725525,0.17495788513918412,13996,3497
esd_english,loudness,20260921,3,hgb,relative_plus_baseline,0.19848264945532387,0.19853629546339457,13996,3497
esd_english,loudness,20260921,4,logistic,absolute,0.337983639340018,0.3380208152348514,13996,3497
esd_english,loudness,20260921,4,logistic,relative,0.3653327866487523,0.36534445306943913,13996,3497
esd_english,loudness,20260921,4,logistic,relative_plus_baseline,0.35355908765523125,0.35358093295124127,13996,3497
esd_english,loudness,20260921,4,hgb,absolute,0.2695745735756384,0.2695989736521911,13996,3497
esd_english,loudness,20260921,4,hgb,relative,0.311523881112729,0.3115335224225316,13996,3497
esd_english,loudness,20260921,4,hgb,relative_plus_baseline,0.3664015468125192,0.36643246002568997,13996,3497
esd_english,loudness,20260922,0,logistic,absolute,0.34783430518397884,0.3478343051839757,13993,3500
esd_english,loudness,20260922,0,logistic,relative,0.3362218421667975,0.33622184216679485,13993,3500
esd_english,loudness,20260922,0,logistic,relative_plus_baseline,0.342426370947959,0.34242637094795625,13993,3500
esd_english,loudness,20260922,0,hgb,absolute,0.310523788202572,0.3105237882025689,13993,3500
esd_english,loudness,20260922,0,hgb,relative,0.31830479808660794,0.3183047980866044,13993,3500
esd_english,loudness,20260922,0,hgb,relative_plus_baseline,0.3307339474223319,0.3307339474223297,13993,3500
esd_english,loudness,20260922,1,logistic,absolute,0.24389877334830898,0.24396712728791403,13996,3497
esd_english,loudness,20260922,1,logistic,relative,0.22500779723438086,0.22506567305238998,13996,3497
esd_english,loudness,20260922,1,logistic,relative_plus_baseline,0.24517292597754786,0.24524357377729317,13996,3497
esd_english,loudness,20260922,1,hgb,absolute,0.190830474288103,0.19088501255534826,13996,3497
esd_english,loudness,20260922,1,hgb,relative,0.17492654047725525,0.17495788513918412,13996,3497
esd_english,loudness,20260922,1,hgb,relative_plus_baseline,0.19848264945532387,0.19853629546339457,13996,3497
esd_english,loudness,20260922,2,logistic,absolute,0.29961502578085575,0.29962261965736553,13994,3499
esd_english,loudness,20260922,2,logistic,relative,0.300882953979852,0.30088530558498777,13994,3499
esd_english,loudness,20260922,2,logistic,relative_plus_baseline,0.3022412548556822,0.3022434285440296,13994,3499
esd_english,loudness,20260922,2,hgb,absolute,0.299771459435644,0.29976630643872987,13994,3499
esd_english,loudness,20260922,2,hgb,relative,0.3222588983532543,0.32224236336927603,13994,3499
esd_english,loudness,20260922,2,hgb,relative_plus_baseline,0.2803748900974456,0.2803690333044972,13994,3499
esd_english,loudness,20260922,3,logistic,absolute,0.28560991064910923,0.2856512787112192,13996,3497
esd_english,loudness,20260922,3,logistic,relative,0.31767350990630094,0.3176915138758302,13996,3497
esd_english,loudness,20260922,3,logistic,relative_plus_baseline,0.2957661871223891,0.29579476762230095,13996,3497
esd_english,loudness,20260922,3,hgb,absolute,0.287247901656045,0.28726074087417874,13996,3497
esd_english,loudness,20260922,3,hgb,relative,0.3088207970864517,0.30883509819246696,13996,3497
esd_english,loudness,20260922,3,hgb,relative_plus_baseline,0.33388886111967386,0.33389030205902875,13996,3497
esd_english,loudness,20260922,4,logistic,absolute,0.29648809639474605,0.2964880963947436,13993,3500
esd_english,loudness,20260922,4,logistic,relative,0.28887348137216484,0.2888734813721618,13993,3500
esd_english,loudness,20260922,4,logistic,relative_plus_baseline,0.2904601952193665,0.29046019521936384,13993,3500
esd_english,loudness,20260922,4,hgb,absolute,0.3274547371541633,0.3274547371541615,13993,3500
esd_english,loudness,20260922,4,hgb,relative,0.3416248453152608,0.3416248453152582,13993,3500
esd_english,loudness,20260922,4,hgb,relative_plus_baseline,0.3841511455802763,0.3841511455802727,13993,3500
mead_part0,loudness,20260920,0,logistic,absolute,0.18755922163561195,0.18726012610556944,15005,3957
mead_part0,loudness,20260920,0,logistic,relative,0.20833420368832764,0.20801292691802004,15005,3957
mead_part0,loudness,20260920,0,logistic,relative_plus_baseline,0.21396637740252372,0.21363751564407724,15005,3957
mead_part0,loudness,20260920,0,hgb,absolute,0.24130851867825082,0.2412225934064213,15005,3957
mead_part0,loudness,20260920,0,hgb,relative,0.2258298932083807,0.22521579369482625,15005,3957
mead_part0,loudness,20260920,0,hgb,relative_plus_baseline,0.22765884576652864,0.22742370994792527,15005,3957
mead_part0,loudness,20260920,1,logistic,absolute,0.14192361402215256,0.14162095758043408,15029,3933
mead_part0,loudness,20260920,1,logistic,relative,0.2094436840630205,0.20986619149762623,15029,3933
mead_part0,loudness,20260920,1,logistic,relative_plus_baseline,0.22713240272690002,0.2272589506508594,15029,3933
mead_part0,loudness,20260920,1,hgb,absolute,0.15399277473419457,0.15398612937886857,15029,3933
mead_part0,loudness,20260920,1,hgb,relative,0.22920233548230734,0.22985106749893416,15029,3933
mead_part0,loudness,20260920,1,hgb,relative_plus_baseline,0.2569732539894347,0.25782151422755684,15029,3933
mead_part0,loudness,20260920,2,logistic,absolute,0.16944134821987186,0.16873981394151644,15030,3932
mead_part0,loudness,20260920,2,logistic,relative,0.21841930240729418,0.2185161235276162,15030,3932
mead_part0,loudness,20260920,2,logistic,relative_plus_baseline,0.19017943442226729,0.18983960386170773,15030,3932
mead_part0,loudness,20260920,2,hgb,absolute,0.19315206961575584,0.1924952954929489,15030,3932
mead_part0,loudness,20260920,2,hgb,relative,0.24288509287075133,0.24285140966130356,15030,3932
mead_part0,loudness,20260920,2,hgb,relative_plus_baseline,0.2426733676125415,0.24218824781467324,15030,3932
mead_part0,loudness,20260920,3,logistic,absolute,0.2458467746462948,0.24582405372773267,15396,3566
mead_part0,loudness,20260920,3,logistic,relative,0.25226510916543826,0.25231070048243487,15396,3566
mead_part0,loudness,20260920,3,logistic,relative_plus_baseline,0.26170352411524445,0.2617369889001351,15396,3566
mead_part0,loudness,20260920,3,hgb,absolute,0.25240847082451384,0.25236813333176294,15396,3566
mead_part0,loudness,20260920,3,hgb,relative,0.25641148276035164,0.2563384364654951,15396,3566
mead_part0,loudness,20260920,3,hgb,relative_plus_baseline,0.2254755572391866,0.22533306789756527,15396,3566
mead_part0,loudness,20260920,4,logistic,absolute,0.2041046644941446,0.2040915749074143,15388,3574
mead_part0,loudness,20260920,4,logistic,relative,0.24996303693711885,0.24990274011808813,15388,3574
mead_part0,loudness,20260920,4,logistic,relative_plus_baseline,0.2447805362934961,0.24479840162546534,15388,3574
mead_part0,loudness,20260920,4,hgb,absolute,0.24007609549932302,0.2398925082192652,15388,3574
mead_part0,loudness,20260920,4,hgb,relative,0.26406482002821957,0.26407143039664743,15388,3574
mead_part0,loudness,20260920,4,hgb,relative_plus_baseline,0.28979769262177674,0.28948591556724435,15388,3574
mead_part0,loudness,20260921,0,logistic,absolute,0.18320728655591728,0.18258486420576406,15043,3919
mead_part0,loudness,20260921,0,logistic,relative,0.24065974754094893,0.24097454036895044,15043,3919
mead_part0,loudness,20260921,0,logistic,relative_plus_baseline,0.24314206894915036,0.24347354196645501,15043,3919
mead_part0,loudness,20260921,0,hgb,absolute,0.20245888087915223,0.20213966513144727,15043,3919
mead_part0,loudness,20260921,0,hgb,relative,0.2552529847103309,0.2557108390281314,15043,3919
mead_part0,loudness,20260921,0,hgb,relative_plus_baseline,0.2690531567199297,0.26918575674474565,15043,3919
mead_part0,loudness,20260921,1,logistic,absolute,0.1704517206150195,0.17004516264990646,15007,3955
mead_part0,loudness,20260921,1,logistic,relative,0.23222212077099696,0.2322463490278468,15007,3955
mead_part0,loudness,20260921,1,logistic,relative_plus_baseline,0.22526217527892234,0.22513862845952123,15007,3955
mead_part0,loudness,20260921,1,hgb,absolute,0.19062519864493907,0.19041803657515669,15007,3955
mead_part0,loudness,20260921,1,hgb,relative,0.23856371614736793,0.23853735294764372,15007,3955
mead_part0,loudness,20260921,1,hgb,relative_plus_baseline,0.21329638302693224,0.21330814754822783,15007,3955
mead_part0,loudness,20260921,2,logistic,absolute,0.20164983456174515,0.2015024464759853,14998,3964
mead_part0,loudness,20260921,2,logistic,relative,0.23234722823772663,0.2323526156094698,14998,3964
mead_part0,loudness,20260921,2,logistic,relative_plus_baseline,0.21393503685460807,0.21383676193603293,14998,3964
mead_part0,loudness,20260921,2,hgb,absolute,0.26279897080650677,0.2627372248108168,14998,3964
mead_part0,loudness,20260921,2,hgb,relative,0.258267219772342,0.2578124513610168,14998,3964
mead_part0,loudness,20260921,2,hgb,relative_plus_baseline,0.23973605609380372,0.23939050496683706,14998,3964
mead_part0,loudness,20260921,3,logistic,absolute,0.20412645084004896,0.20452623551501636,15412,3550
mead_part0,loudness,20260921,3,logistic,relative,0.2144592795843922,0.21500793394751624,15412,3550
mead_part0,loudness,20260921,3,logistic,relative_plus_baseline,0.2257979484706015,0.22574172730488015,15412,3550
mead_part0,loudness,20260921,3,hgb,absolute,0.2425767009118978,0.24283729687369066,15412,3550
mead_part0,loudness,20260921,3,hgb,relative,0.22940746069465573,0.22990563852909368,15412,3550
mead_part0,loudness,20260921,3,hgb,relative_plus_baseline,0.24342609163396176,0.24394212621602124,15412,3550
mead_part0,loudness,20260921,4,logistic,absolute,0.14858725418437357,0.14854080155391572,15388,3574
mead_part0,loudness,20260921,4,logistic,relative,0.22175606531637726,0.2217362149483521,15388,3574
mead_part0,loudness,20260921,4,logistic,relative_plus_baseline,0.21630686326917775,0.2163786021146786,15388,3574
mead_part0,loudness,20260921,4,hgb,absolute,0.17869491068348126,0.17860943037289678,15388,3574
mead_part0,loudness,20260921,4,hgb,relative,0.20719047501276333,0.2071748812840039,15388,3574
mead_part0,loudness,20260921,4,hgb,relative_plus_baseline,0.21239866464488388,0.21229112780460963,15388,3574
mead_part0,loudness,20260922,0,logistic,absolute,0.1870488106083516,0.18708836524191308,15004,3958
mead_part0,loudness,20260922,0,logistic,relative,0.19319083713316101,0.193157246460751,15004,3958
mead_part0,loudness,20260922,0,logistic,relative_plus_baseline,0.19668330286910207,0.19661026482839755,15004,3958
mead_part0,loudness,20260922,0,hgb,absolute,0.22050191633647595,0.22042030213971833,15004,3958
mead_part0,loudness,20260922,0,hgb,relative,0.22515198044635304,0.22503560901182357,15004,3958
mead_part0,loudness,20260922,0,hgb,relative_plus_baseline,0.2247596919369399,0.22473376726908945,15004,3958
mead_part0,loudness,20260922,1,logistic,absolute,0.17362840950894926,0.1734836626193399,14990,3972
mead_part0,loudness,20260922,1,logistic,relative,0.2621790202157517,0.26212965941261,14990,3972
mead_part0,loudness,20260922,1,logistic,relative_plus_baseline,0.25128468747206545,0.251096011322791,14990,3972
mead_part0,loudness,20260922,1,hgb,absolute,0.2284513421624474,0.22864043701374315,14990,3972
mead_part0,loudness,20260922,1,hgb,relative,0.23202732829898304,0.23193261995239264,14990,3972
mead_part0,loudness,20260922,1,hgb,relative_plus_baseline,0.2607707549680861,0.2605773217194014,14990,3972
mead_part0,loudness,20260922,2,logistic,absolute,0.21585545506931703,0.21600569311751133,15054,3908
mead_part0,loudness,20260922,2,logistic,relative,0.22791583796474574,0.2288512646828738,15054,3908
mead_part0,loudness,20260922,2,logistic,relative_plus_baseline,0.237988071381633,0.23832874630856793,15054,3908
mead_part0,loudness,20260922,2,hgb,absolute,0.2386154197469605,0.23898678918713698,15054,3908
mead_part0,loudness,20260922,2,hgb,relative,0.21979547851637812,0.22040130923926146,15054,3908
mead_part0,loudness,20260922,2,hgb,relative_plus_baseline,0.25522883187810563,0.25560500024608024,15054,3908
mead_part0,loudness,20260922,3,logistic,absolute,0.16151982770268078,0.161479283555303,15399,3563
mead_part0,loudness,20260922,3,logistic,relative,0.23443925640281002,0.23444058078718996,15399,3563
mead_part0,loudness,20260922,3,logistic,relative_plus_baseline,0.22775772558119836,0.22791443344407575,15399,3563
mead_part0,loudness,20260922,3,hgb,absolute,0.2096582523760143,0.20946584095384183,15399,3563
mead_part0,loudness,20260922,3,hgb,relative,0.25390105730725254,0.2537110184575923,15399,3563
mead_part0,loudness,20260922,3,hgb,relative_plus_baseline,0.27164265225671,0.27120804473090454,15399,3563
mead_part0,loudness,20260922,4,logistic,absolute,0.1769226322437487,0.17661597306071775,15401,3561
mead_part0,loudness,20260922,4,logistic,relative,0.22004431542097538,0.2197584097303739,15401,3561
mead_part0,loudness,20260922,4,logistic,relative_plus_baseline,0.22332676389431388,0.22304109597841365,15401,3561
mead_part0,loudness,20260922,4,hgb,absolute,0.19715544868818896,0.19693547295277072,15401,3561
mead_part0,loudness,20260922,4,hgb,relative,0.27043766533512736,0.27005009205383246,15401,3561
mead_part0,loudness,20260922,4,hgb,relative_plus_baseline,0.27477364965226025,0.2743422733852853,15401,3561
ravdess_speech,loudness,20260920,0,logistic,absolute,0.3602071289910761,0.36026941011631763,678,177
ravdess_speech,loudness,20260920,0,logistic,relative,0.3765748063186863,0.3766105452431945,678,177
ravdess_speech,loudness,20260920,0,logistic,relative_plus_baseline,0.38161278208401994,0.3815845155038381,678,177
ravdess_speech,loudness,20260920,0,hgb,absolute,0.34696199139996853,0.34861699862907275,678,177
ravdess_speech,loudness,20260920,0,hgb,relative,0.34937422933701795,0.3513980745616176,678,177
ravdess_speech,loudness,20260920,0,hgb,relative_plus_baseline,0.4587594247297478,0.46081629017412495,678,177
ravdess_speech,loudness,20260920,1,logistic,absolute,0.3940714753860295,0.3940714753860294,675,180
ravdess_speech,loudness,20260920,1,logistic,relative,0.4098811811322804,0.40988118113228034,675,180
ravdess_speech,loudness,20260920,1,logistic,relative_plus_baseline,0.3875192032726281,0.38751920327262795,675,180
ravdess_speech,loudness,20260920,1,hgb,absolute,0.4093899888400638,0.4093899888400637,675,180
ravdess_speech,loudness,20260920,1,hgb,relative,0.363091823274625,0.3630918232746248,675,180
ravdess_speech,loudness,20260920,1,hgb,relative_plus_baseline,0.38388919089369256,0.3838891908936924,675,180
ravdess_speech,loudness,20260920,2,logistic,absolute,0.3257728294937697,0.3268337609914581,681,174
ravdess_speech,loudness,20260920,2,logistic,relative,0.2805994300924251,0.2833190883190883,681,174
ravdess_speech,loudness,20260920,2,logistic,relative_plus_baseline,0.31216100778750344,0.31773366537340464,681,174
ravdess_speech,loudness,20260920,2,hgb,absolute,0.38407369234277783,0.3869645672305363,681,174
ravdess_speech,loudness,20260920,2,hgb,relative,0.36972851712272203,0.367428126734374,681,174
ravdess_speech,loudness,20260920,2,hgb,relative_plus_baseline,0.42927504919375553,0.4309759125829958,681,174
ravdess_speech,loudness,20260920,3,logistic,absolute,0.31546957362246814,0.3154695736224679,675,180
ravdess_speech,loudness,20260920,3,logistic,relative,0.31104203331966745,0.31104203331966734,675,180
ravdess_speech,loudness,20260920,3,logistic,relative_plus_baseline,0.32681925773455067,0.32681925773455045,675,180
ravdess_speech,loudness,20260920,3,hgb,absolute,0.38015279312704314,0.38015279312704303,675,180
ravdess_speech,loudness,20260920,3,hgb,relative,0.37783931795814724,0.37783931795814707,675,180
ravdess_speech,loudness,20260920,3,hgb,relative_plus_baseline,0.4785301548720514,0.4785301548720512,675,180
ravdess_speech,loudness,20260920,4,logistic,absolute,0.3738522908862595,0.3738522908862594,711,144
ravdess_speech,loudness,20260920,4,logistic,relative,0.365089063941523,0.3650890639415229,711,144
ravdess_speech,loudness,20260920,4,logistic,relative_plus_baseline,0.37691332155525425,0.3769133215552543,711,144
ravdess_speech,loudness,20260920,4,hgb,absolute,0.43874458874458877,0.4387445887445887,711,144
ravdess_speech,loudness,20260920,4,hgb,relative,0.42929640348453335,0.4292964034845334,711,144
ravdess_speech,loudness,20260920,4,hgb,relative_plus_baseline,0.4169780610860072,0.4169780610860071,711,144
ravdess_speech,loudness,20260921,0,logistic,absolute,0.338030523856409,0.3401159623911262,682,173
ravdess_speech,loudness,20260921,0,logistic,relative,0.3336742513361951,0.33747945508074734,682,173
ravdess_speech,loudness,20260921,0,logistic,relative_plus_baseline,0.33707204901729304,0.3428683712343762,682,173
ravdess_speech,loudness,20260921,0,hgb,absolute,0.376816684175514,0.37648411419554206,682,173
ravdess_speech,loudness,20260921,0,hgb,relative,0.4150161590102237,0.4169437755609066,682,173
ravdess_speech,loudness,20260921,0,hgb,relative_plus_baseline,0.47116346131475895,0.4736680345001722,682,173
ravdess_speech,loudness,20260921,1,logistic,absolute,0.2716811315138325,0.27168113151383233,675,180
ravdess_speech,loudness,20260921,1,logistic,relative,0.2469874852227795,0.2469874852227793,675,180
ravdess_speech,loudness,20260921,1,logistic,relative_plus_baseline,0.3087701558264011,0.3087701558264009,675,180
ravdess_speech,loudness,20260921,1,hgb,absolute,0.3149796433810983,0.31497964338109813,675,180
ravdess_speech,loudness,20260921,1,hgb,relative,0.3221573828470382,0.322157382847038,675,180
ravdess_speech,loudness,20260921,1,hgb,relative_plus_baseline,0.4437284085981035,0.4437284085981033,675,180
ravdess_speech,loudness,20260921,2,logistic,absolute,0.3545317568004137,0.3545317568004135,675,180
ravdess_speech,loudness,20260921,2,logistic,relative,0.391475069123569,0.3914750691235688,675,180
ravdess_speech,loudness,20260921,2,logistic,relative_plus_baseline,0.39324777183600734,0.3932477718360071,675,180
ravdess_speech,loudness,20260921,2,hgb,absolute,0.401382788831573,0.40138278883157286,675,180
ravdess_speech,loudness,20260921,2,hgb,relative,0.3842347124918722,0.384234712491872,675,180
ravdess_speech,loudness,20260921,2,hgb,relative_plus_baseline,0.4122376788553261,0.4122376788553259,675,180
ravdess_speech,loudness,20260921,3,logistic,absolute,0.42031403465549816,0.42031403465549805,675,180
ravdess_speech,loudness,20260921,3,logistic,relative,0.39718225663271384,0.3971822566327138,675,180
ravdess_speech,loudness,20260921,3,logistic,relative_plus_baseline,0.4011305312461483,0.40113053124614817,675,180
ravdess_speech,loudness,20260921,3,hgb,absolute,0.4053473292876279,0.40534732928762784,675,180
ravdess_speech,loudness,20260921,3,hgb,relative,0.45973192640499494,0.4597319264049948,675,180
ravdess_speech,loudness,20260921,3,hgb,relative_plus_baseline,0.4764162007583062,0.47641620075830604,675,180
ravdess_speech,loudness,20260921,4,logistic,absolute,0.387423458669726,0.3873118907460219,713,142
ravdess_speech,loudness,20260921,4,logistic,relative,0.40605777026285805,0.40568349254078706,713,142
ravdess_speech,loudness,20260921,4,logistic,relative_plus_baseline,0.38568516242627704,0.38566798742032826,713,142
ravdess_speech,loudness,20260921,4,hgb,absolute,0.4097405946934978,0.4121086168106364,713,142
ravdess_speech,loudness,20260921,4,hgb,relative,0.4337774571126358,0.4356718097074895,713,142
ravdess_speech,loudness,20260921,4,hgb,relative_plus_baseline,0.43660572989048607,0.43725779967159284,713,142
ravdess_speech,loudness,20260922,0,logistic,absolute,0.35307937493497626,0.3529318367488999,676,179
ravdess_speech,loudness,20260922,0,logistic,relative,0.33594711498699037,0.33551822934221287,676,179
ravdess_speech,loudness,20260922,0,logistic,relative_plus_baseline,0.39580514750097195,0.3951281466921043,676,179
ravdess_speech,loudness,20260922,0,hgb,absolute,0.3442943685760941,0.3451151688745674,676,179
ravdess_speech,loudness,20260922,0,hgb,relative,0.3449991994306355,0.34505652314560364,676,179
ravdess_speech,loudness,20260922,0,hgb,relative_plus_baseline,0.3732883799915322,0.37288898319349384,676,179
ravdess_speech,loudness,20260922,1,logistic,absolute,0.3957100923767592,0.395710092376759,675,180
ravdess_speech,loudness,20260922,1,logistic,relative,0.39584824755086856,0.39584824755086834,675,180
ravdess_speech,loudness,20260922,1,logistic,relative_plus_baseline,0.41811801985023384,0.4181180198502338,675,180
ravdess_speech,loudness,20260922,1,hgb,absolute,0.3958649320433569,0.39586493204335665,675,180
ravdess_speech,loudness,20260922,1,hgb,relative,0.48007813519221776,0.48007813519221754,675,180
ravdess_speech,loudness,20260922,1,hgb,relative_plus_baseline,0.4902405991212844,0.49024059912128426,675,180
ravdess_speech,loudness,20260922,2,logistic,absolute,0.37289756429151166,0.3728975642915115,675,180
ravdess_speech,loudness,20260922,2,logistic,relative,0.33254111300104006,0.3325411130010399,675,180
ravdess_speech,loudness,20260922,2,logistic,relative_plus_baseline,0.4094059930679651,0.4094059930679649,675,180
ravdess_speech,loudness,20260922,2,hgb,absolute,0.4551809003680085,0.45518090036800823,675,180
ravdess_speech,loudness,20260922,2,hgb,relative,0.45693764722113983,0.4569376472211396,675,180
ravdess_speech,loudness,20260922,2,hgb,relative_plus_baseline,0.541205601472018,0.5412056014720179,675,180
ravdess_speech,loudness,20260922,3,logistic,absolute,0.30209667928429973,0.3047331978910085,681,174
ravdess_speech,loudness,20260922,3,logistic,relative,0.3047406993417915,0.31074469187826176,681,174
ravdess_speech,loudness,20260922,3,logistic,relative_plus_baseline,0.23248083438479453,0.23662114800850062,681,174
ravdess_speech,loudness,20260922,3,hgb,absolute,0.3749135327740499,0.375896075989549,681,174
ravdess_speech,loudness,20260922,3,hgb,relative,0.3834581835048868,0.38499532779286055,681,174
ravdess_speech,loudness,20260922,3,hgb,relative_plus_baseline,0.39666999703775296,0.3959023759451715,681,174
ravdess_speech,loudness,20260922,4,logistic,absolute,0.394397305747202,0.3945444790432513,713,142
ravdess_speech,loudness,20260922,4,logistic,relative,0.4353585546596791,0.4352669644526923,713,142
ravdess_speech,loudness,20260922,4,logistic,relative_plus_baseline,0.42877076366927513,0.42842995373367965,713,142
ravdess_speech,loudness,20260922,4,hgb,absolute,0.3661615770229397,0.3680948802896274,713,142
ravdess_speech,loudness,20260922,4,hgb,relative,0.35306364224879483,0.3531528268016487,713,142
ravdess_speech,loudness,20260922,4,hgb,relative_plus_baseline,0.3007641632339305,0.300719639712339,713,142
msp,loudness,20260920,0,logistic,absolute,0.16899560517836923,0.20061505416372544,121525,26726
msp,loudness,20260920,0,logistic,relative,0.2007734059104001,0.21295763480550384,121525,26726
msp,loudness,20260920,0,logistic,relative_plus_baseline,0.1680302001258881,0.19635021148623608,121525,26726
msp,loudness,20260920,0,hgb,absolute,0.14712253567173247,0.1735831723399346,121525,26726
msp,loudness,20260920,0,hgb,relative,0.20045434324201175,0.20151765265325378,121525,26726
msp,loudness,20260920,0,hgb,relative_plus_baseline,0.21775010882696497,0.20562336945455661,121525,26726
msp,loudness,20260920,1,logistic,absolute,0.18034539168268526,0.1877499654779644,118796,29455
msp,loudness,20260920,1,logistic,relative,0.19571388300665757,0.19509681075168034,118796,29455
msp,loudness,20260920,1,logistic,relative_plus_baseline,0.19393265259614617,0.19799022438221006,118796,29455
msp,loudness,20260920,1,hgb,absolute,0.16589149180789517,0.16617417771375542,118796,29455
msp,loudness,20260920,1,hgb,relative,0.20639016634789548,0.19814383626384657,118796,29455
msp,loudness,20260920,1,hgb,relative_plus_baseline,0.21878162083329852,0.22313359381138506,118796,29455
msp,loudness,20260920,2,logistic,absolute,0.17795716763888175,0.19685229560579537,112484,35767
msp,loudness,20260920,2,logistic,relative,0.18846031720967518,0.1942006822732627,112484,35767
msp,loudness,20260920,2,logistic,relative_plus_baseline,0.17115111765243818,0.18993099882729866,112484,35767
msp,loudness,20260920,2,hgb,absolute,0.192660751500604,0.19404591694378226,112484,35767
msp,loudness,20260920,2,hgb,relative,0.18798454632100675,0.19333190117928747,112484,35767
msp,loudness,20260920,2,hgb,relative_plus_baseline,0.20021980287440652,0.20807261547181163,112484,35767
msp,loudness,20260920,3,logistic,absolute,0.16956119978729295,0.17473421613843884,124680,23571
msp,loudness,20260920,3,logistic,relative,0.20248946360493236,0.1896670140348913,124680,23571
msp,loudness,20260920,3,logistic,relative_plus_baseline,0.17678806411939996,0.17941040924658452,124680,23571
msp,loudness,20260920,3,hgb,absolute,0.1615241767117817,0.16097649557945398,124680,23571
msp,loudness,20260920,3,hgb,relative,0.211191496928455,0.19971196691322624,124680,23571
msp,loudness,20260920,3,hgb,relative_plus_baseline,0.22627027307426864,0.22375767057681345,124680,23571
msp,loudness,20260920,4,logistic,absolute,0.16602856683437486,0.17668774715384045,115519,32732
msp,loudness,20260920,4,logistic,relative,0.18688927185225815,0.19951475456274587,115519,32732
msp,loudness,20260920,4,logistic,relative_plus_baseline,0.18562650516822585,0.19598989901708902,115519,32732
msp,loudness,20260920,4,hgb,absolute,0.15294426425462362,0.1661052313240548,115519,32732
msp,loudness,20260920,4,hgb,relative,0.19930759061520248,0.2069589230112717,115519,32732
msp,loudness,20260920,4,hgb,relative_plus_baseline,0.20368207749788456,0.1737120606985101,115519,32732
msp,loudness,20260921,0,logistic,absolute,0.17285272880840263,0.20010017688900322,122704,25547
msp,loudness,20260921,0,logistic,relative,0.1898774076194555,0.20584736340947715,122704,25547
msp,loudness,20260921,0,logistic,relative_plus_baseline,0.1735654382676512,0.1943755452993115,122704,25547
msp,loudness,20260921,0,hgb,absolute,0.1501621425081361,0.16843025561292418,122704,25547
msp,loudness,20260921,0,hgb,relative,0.18484900217329053,0.1865347122260969,122704,25547
msp,loudness,20260921,0,hgb,relative_plus_baseline,0.2031406349167372,0.20154487884857333,122704,25547
msp,loudness,20260921,1,logistic,absolute,0.16954386568809585,0.17983535298398054,118122,30129
msp,loudness,20260921,1,logistic,relative,0.2035609507934549,0.20233724215086274,118122,30129
msp,loudness,20260921,1,logistic,relative_plus_baseline,0.17999743368803728,0.18569420264019187,118122,30129
msp,loudness,20260921,1,hgb,absolute,0.16145030191253293,0.16934658623602877,118122,30129
msp,loudness,20260921,1,hgb,relative,0.21591561649756255,0.20743954366593176,118122,30129
msp,loudness,20260921,1,hgb,relative_plus_baseline,0.22737787730073755,0.20090075056072038,118122,30129
msp,loudness,20260921,2,logistic,absolute,0.16933156309841435,0.17742886967649923,115022,33229
msp,loudness,20260921,2,logistic,relative,0.19505409433729032,0.18554439762302485,115022,33229
msp,loudness,20260921,2,logistic,relative_plus_baseline,0.17224204975230292,0.1871897917050161,115022,33229
msp,loudness,20260921,2,hgb,absolute,0.16306020167623508,0.16240000944926108,115022,33229
msp,loudness,20260921,2,hgb,relative,0.18958268744583615,0.1759531002005622,115022,33229
msp,loudness,20260921,2,hgb,relative_plus_baseline,0.22205994496676923,0.2055282737432445,115022,33229
msp,loudness,20260921,3,logistic,absolute,0.17337544023333323,0.19044775331757186,122160,26091
msp,loudness,20260921,3,logistic,relative,0.19924181679955738,0.19838073884480262,122160,26091
msp,loudness,20260921,3,logistic,relative_plus_baseline,0.17126523079622227,0.18745670133882722,122160,26091
msp,loudness,20260921,3,hgb,absolute,0.16193974120850435,0.16905699552465722,122160,26091
msp,loudness,20260921,3,hgb,relative,0.1974168371117923,0.19514881300654924,122160,26091
msp,loudness,20260921,3,hgb,relative_plus_baseline,0.21532022536632112,0.2127432459201463,122160,26091
msp,loudness,20260921,4,logistic,absolute,0.1755143842847599,0.19604899146989832,114996,33255
msp,loudness,20260921,4,logistic,relative,0.19535473606252576,0.20387938783730536,114996,33255
msp,loudness,20260921,4,logistic,relative_plus_baseline,0.18894831524463768,0.21141141422426193,114996,33255
msp,loudness,20260921,4,hgb,absolute,0.17741772383333768,0.19509152870546015,114996,33255
msp,loudness,20260921,4,hgb,relative,0.20861157443381115,0.21784214588228795,114996,33255
msp,loudness,20260921,4,hgb,relative_plus_baseline,0.21056036125396593,0.2096053961477718,114996,33255
msp,loudness,20260922,0,logistic,absolute,0.17515036546305612,0.19013724998089515,114443,33808
msp,loudness,20260922,0,logistic,relative,0.18981440954207424,0.20244090789741892,114443,33808
msp,loudness,20260922,0,logistic,relative_plus_baseline,0.19043495329745697,0.2048156885792991,114443,33808
msp,loudness,20260922,0,hgb,absolute,0.15170258213412624,0.1597347796474179,114443,33808
msp,loudness,20260922,0,hgb,relative,0.19505030873957352,0.19267510103820842,114443,33808
msp,loudness,20260922,0,hgb,relative_plus_baseline,0.22036228141980124,0.19855807674992773,114443,33808
msp,loudness,20260922,1,logistic,absolute,0.17842987934104518,0.18847405552286361,117333,30918
msp,loudness,20260922,1,logistic,relative,0.18941666586386388,0.18566400922252352,117333,30918
msp,loudness,20260922,1,logistic,relative_plus_baseline,0.18365584313216704,0.19160487388217806,117333,30918
msp,loudness,20260922,1,hgb,absolute,0.1738983379986576,0.18143551546687703,117333,30918
msp,loudness,20260922,1,hgb,relative,0.20449928434504008,0.19891634933787758,117333,30918
msp,loudness,20260922,1,hgb,relative_plus_baseline,0.2259344003344383,0.22153394699714618,117333,30918
msp,loudness,20260922,2,logistic,absolute,0.1647775648355144,0.17277772710749217,123637,24614
msp,loudness,20260922,2,logistic,relative,0.20078764145702516,0.20052598441896047,123637,24614
msp,loudness,20260922,2,logistic,relative_plus_baseline,0.16141080586254913,0.16616177862142625,123637,24614
msp,loudness,20260922,2,hgb,absolute,0.1600862935142784,0.17012666250063976,123637,24614
msp,loudness,20260922,2,hgb,relative,0.2033948083812367,0.20065272901312542,123637,24614
msp,loudness,20260922,2,hgb,relative_plus_baseline,0.202778901943132,0.20822575663236403,123637,24614
msp,loudness,20260922,3,logistic,absolute,0.16681990088472975,0.21247336960069535,116697,31554
msp,loudness,20260922,3,logistic,relative,0.19769078839801596,0.20890153851553692,116697,31554
msp,loudness,20260922,3,logistic,relative_plus_baseline,0.18136601005498354,0.2255489723797192,116697,31554
msp,loudness,20260922,3,hgb,absolute,0.17274994198191268,0.18802395449768694,116697,31554
msp,loudness,20260922,3,hgb,relative,0.203496263080795,0.20465792549569567,116697,31554
msp,loudness,20260922,3,hgb,relative_plus_baseline,0.21962427052744413,0.18833239094604445,116697,31554
msp,loudness,20260922,4,logistic,absolute,0.17577341743339475,0.16904944936632033,120894,27357
msp,loudness,20260922,4,logistic,relative,0.20344448327356535,0.19117505696974266,120894,27357
msp,loudness,20260922,4,logistic,relative_plus_baseline,0.1747370259662413,0.1717734750646941,120894,27357
msp,loudness,20260922,4,hgb,absolute,0.1491908450204573,0.144226909572702,120894,27357
msp,loudness,20260922,4,hgb,relative,0.20243761814381997,0.19366086737008056,120894,27357
msp,loudness,20260922,4,hgb,relative_plus_baseline,0.2167918229644937,0.2133555066352384,120894,27357
meld,loudness,20260920,0,logistic,absolute,0.10475761028887147,0.11671298793835072,9049,1812
meld,loudness,20260920,0,logistic,relative,0.12628253146164653,0.12017367350813546,9049,1812
meld,loudness,20260920,0,logistic,relative_plus_baseline,0.12013358734353666,0.17190383579425095,9049,1812
meld,loudness,20260920,0,hgb,absolute,0.14744202603094717,0.16745053854827793,9049,1812
meld,loudness,20260920,0,hgb,relative,0.13859797091481804,0.16639321213095254,9049,1812
meld,loudness,20260920,0,hgb,relative_plus_baseline,0.157348379733382,0.10911776613232471,9049,1812
meld,loudness,20260920,1,logistic,absolute,0.13018999950782803,0.1324003531040329,9235,1626
meld,loudness,20260920,1,logistic,relative,0.13506201828579206,0.13004704265363354,9235,1626
meld,loudness,20260920,1,logistic,relative_plus_baseline,0.180404120793344,0.1133946132936748,9235,1626
meld,loudness,20260920,1,hgb,absolute,0.19649313845463226,0.1865541788153336,9235,1626
meld,loudness,20260920,1,hgb,relative,0.15165895536134072,0.17195290594629153,9235,1626
meld,loudness,20260920,1,hgb,relative_plus_baseline,0.19218363086907855,0.1720654826329368,9235,1626
meld,loudness,20260920,2,logistic,absolute,0.13224253377992556,0.12640214136755296,9094,1767
meld,loudness,20260920,2,logistic,relative,0.106289349027853,0.12250646624955328,9094,1767
meld,loudness,20260920,2,logistic,relative_plus_baseline,0.18381160365122112,0.1452501396164541,9094,1767
meld,loudness,20260920,2,hgb,absolute,0.15291926729744126,0.17965656831270665,9094,1767
meld,loudness,20260920,2,hgb,relative,0.1594093180244948,0.185335062355035,9094,1767
meld,loudness,20260920,2,hgb,relative_plus_baseline,0.25113465548327457,0.1752899063129388,9094,1767
meld,loudness,20260920,3,logistic,absolute,0.10588486572221692,0.13887056664425837,7261,3600
meld,loudness,20260920,3,logistic,relative,0.12386144702501649,0.14155317985511254,7261,3600
meld,loudness,20260920,3,logistic,relative_plus_baseline,0.1768402336550327,0.17560404985183492,7261,3600
meld,loudness,20260920,3,hgb,absolute,0.16816826792105616,0.18877356084618757,7261,3600
meld,loudness,20260920,3,hgb,relative,0.18834961173851367,0.18913483096017178,7261,3600
meld,loudness,20260920,3,hgb,relative_plus_baseline,0.1953818462625395,0.16817562190703245,7261,3600
meld,loudness,20260920,4,logistic,absolute,0.10267457964694478,0.12087329326336405,8805,2056
meld,loudness,20260920,4,logistic,relative,0.09965564954528874,0.116854730744206,8805,2056
meld,loudness,20260920,4,logistic,relative_plus_baseline,0.11314272987287324,0.1605255537775277,8805,2056
meld,loudness,20260920,4,hgb,absolute,0.17805519050654048,0.1790276079379336,8805,2056
meld,loudness,20260920,4,hgb,relative,0.12543230393468643,0.17307809265897306,8805,2056
meld,loudness,20260920,4,hgb,relative_plus_baseline,0.15291471813547805,0.19425220640653856,8805,2056
meld,loudness,20260921,0,logistic,absolute,0.12218826742478586,0.1352531824138426,7536,3325
meld,loudness,20260921,0,logistic,relative,0.11838444297170217,0.1308898216251275,7536,3325
meld,loudness,20260921,0,logistic,relative_plus_baseline,0.16980294748109032,0.1473881503453302,7536,3325
meld,loudness,20260921,0,hgb,absolute,0.1813362550437834,0.18265537396446083,7536,3325
meld,loudness,20260921,0,hgb,relative,0.1862396729994002,0.18518437088729756,7536,3325
meld,loudness,20260921,0,hgb,relative_plus_baseline,0.19243921772288758,0.18504182877396855,7536,3325
meld,loudness,20260921,1,logistic,absolute,0.12209997802737296,0.12284791641176937,9178,1683
meld,loudness,20260921,1,logistic,relative,0.1594313526924675,0.12649551779550022,9178,1683
meld,loudness,20260921,1,logistic,relative_plus_baseline,0.17270909355940695,0.1457443073230524,9178,1683
meld,loudness,20260921,1,hgb,absolute,0.1685921507670342,0.17186012775044407,9178,1683
meld,loudness,20260921,1,hgb,relative,0.17525194710049624,0.17747488210105752,9178,1683
meld,loudness,20260921,1,hgb,relative_plus_baseline,0.27209442381766424,0.2017362262449231,9178,1683
meld,loudness,20260921,2,logistic,absolute,0.13715308775222285,0.13904969364374525,10592,269
meld,loudness,20260921,2,logistic,relative,0.10917172809147302,0.10065830552634072,10592,269
meld,loudness,20260921,2,logistic,relative_plus_baseline,0.10739752347973386,0.09989696577931874,10592,269
meld,loudness,20260921,2,hgb,absolute,0.14125111697680426,0.14294880642296412,10592,269
meld,loudness,20260921,2,hgb,relative,0.16233664268789655,0.16797093067115948,10592,269
meld,loudness,20260921,2,hgb,relative_plus_baseline,0.15396398178509968,0.14789625166209414,10592,269
meld,loudness,20260921,3,logistic,absolute,0.10582114718556376,0.1298488562141708,7061,3800
meld,loudness,20260921,3,logistic,relative,0.11529287557773564,0.13383776352034543,7061,3800
meld,loudness,20260921,3,logistic,relative_plus_baseline,0.1738979957571793,0.17776062484971816,7061,3800
meld,loudness,20260921,3,hgb,absolute,0.13371713353986978,0.16152851190930356,7061,3800
meld,loudness,20260921,3,hgb,relative,0.14933889604816158,0.19195611045337285,7061,3800
meld,loudness,20260921,3,hgb,relative_plus_baseline,0.17423086908203397,0.19165665489197775,7061,3800
meld,loudness,20260921,4,logistic,absolute,0.11923953106070695,0.11947662995201476,9077,1784
meld,loudness,20260921,4,logistic,relative,0.10756471621060262,0.11841937272618619,9077,1784
meld,loudness,20260921,4,logistic,relative_plus_baseline,0.13951423540367255,0.1738980325364722,9077,1784
meld,loudness,20260921,4,hgb,absolute,0.19142139438051448,0.17781237487752705,9077,1784
meld,loudness,20260921,4,hgb,relative,0.13037312429878414,0.16390202874589307,9077,1784
meld,loudness,20260921,4,hgb,relative_plus_baseline,0.18285537496644952,0.11009712048373485,9077,1784
meld,loudness,20260922,0,logistic,absolute,0.1352769223256083,0.14155952545509126,7408,3453
meld,loudness,20260922,0,logistic,relative,0.13682887375833566,0.13402751745144256,7408,3453
meld,loudness,20260922,0,logistic,relative_plus_baseline,0.12405044099253362,0.1768274855799646,7408,3453
meld,loudness,20260922,0,hgb,absolute,0.14539189208822162,0.1814974612181462,7408,3453
meld,loudness,20260922,0,hgb,relative,0.16370678024818291,0.17398632501696493,7408,3453
meld,loudness,20260922,0,hgb,relative_plus_baseline,0.18077550707099355,0.15613241355942814,7408,3453
meld,loudness,20260922,1,logistic,absolute,0.13095643039551957,0.14163875786314617,8979,1882
meld,loudness,20260922,1,logistic,relative,0.1541078485681805,0.14454317410448358,8979,1882
meld,loudness,20260922,1,logistic,relative_plus_baseline,0.12377498179441529,0.1085071913595961,8979,1882
meld,loudness,20260922,1,hgb,absolute,0.17720517492184734,0.19449762535237936,8979,1882
meld,loudness,20260922,1,hgb,relative,0.20510030356633005,0.20451227613473688,8979,1882
meld,loudness,20260922,1,hgb,relative_plus_baseline,0.17356877987944086,0.1388577140563884,8979,1882
meld,loudness,20260922,2,logistic,absolute,0.09429041837801938,0.11406480523729767,10575,286
meld,loudness,20260922,2,logistic,relative,0.09320946221154558,0.09783920891815194,10575,286
meld,loudness,20260922,2,logistic,relative_plus_baseline,0.13406367058649452,0.12297703943419958,10575,286
meld,loudness,20260922,2,hgb,absolute,0.17054385469649797,0.179372793536489,10575,286
meld,loudness,20260922,2,hgb,relative,0.11196464841112841,0.1285252053339841,10575,286
meld,loudness,20260922,2,hgb,relative_plus_baseline,0.14123327547697442,0.1443633711722197,10575,286
meld,loudness,20260922,3,logistic,absolute,0.09840250227410531,0.12294562767731572,5857,5004
meld,loudness,20260922,3,logistic,relative,0.10640033308906975,0.1248682691457947,5857,5004
meld,loudness,20260922,3,logistic,relative_plus_baseline,0.1566667990654391,0.1872585586703855,5857,5004
meld,loudness,20260922,3,hgb,absolute,0.1695337451885341,0.1731035087620882,5857,5004
meld,loudness,20260922,3,hgb,relative,0.17688671299182385,0.179143243407843,5857,5004
meld,loudness,20260922,3,hgb,relative_plus_baseline,0.23561617189338713,0.11753498183569026,5857,5004
meld,loudness,20260922,4,logistic,absolute,0.08396274438219872,0.07382596230980656,10625,236
meld,loudness,20260922,4,logistic,relative,0.11314403781636066,0.10572009713778541,10625,236
meld,loudness,20260922,4,logistic,relative_plus_baseline,0.21203503938649032,0.18511903971571003,10625,236
meld,loudness,20260922,4,hgb,absolute,0.1659112274972035,0.1660709313570625,10625,236
meld,loudness,20260922,4,hgb,relative,0.15273886896692174,0.1528187801358533,10625,236
meld,loudness,20260922,4,hgb,relative_plus_baseline,0.19596717604886588,0.17624518497053993,10625,236
esd_english,rate,20260920,0,logistic,absolute,0.20676929026293694,0.2067692902629339,13993,3500
esd_english,rate,20260920,0,logistic,relative,0.21193850387212465,0.2119385038721215,13993,3500
esd_english,rate,20260920,0,logistic,relative_plus_baseline,0.21338797593131886,0.21338797593131575,13993,3500
esd_english,rate,20260920,0,hgb,absolute,0.21314595572268225,0.21314595572268008,13993,3500
esd_english,rate,20260920,0,hgb,relative,0.22399338718292702,0.22399338718292414,13993,3500
esd_english,rate,20260920,0,hgb,relative_plus_baseline,0.20988349952563778,0.20988349952563595,13993,3500
esd_english,rate,20260920,1,logistic,absolute,0.17757448007679671,0.17757448007679494,13993,3500
esd_english,rate,20260920,1,logistic,relative,0.18502922374028632,0.18502922374028444,13993,3500
esd_english,rate,20260920,1,logistic,relative_plus_baseline,0.18000015006343173,0.1800001500634299,13993,3500
esd_english,rate,20260920,1,hgb,absolute,0.19320194782342445,0.19320194782342284,13993,3500
esd_english,rate,20260920,1,hgb,relative,0.18588388741533032,0.18588388741532877,13993,3500
esd_english,rate,20260920,1,hgb,relative_plus_baseline,0.1794372371228154,0.17943723712281345,13993,3500
esd_english,rate,20260920,2,logistic,absolute,0.15886905888484187,0.1588690588848411,13999,3494
esd_english,rate,20260920,2,logistic,relative,0.15592879517377792,0.15592879517377717,13999,3494
esd_english,rate,20260920,2,logistic,relative_plus_baseline,0.1563671594534986,0.15636715945349794,13999,3494
esd_english,rate,20260920,2,hgb,absolute,0.19228820022199583,0.19228820022199442,13999,3494
esd_english,rate,20260920,2,hgb,relative,0.2329626696359012,0.23296266963589982,13999,3494
esd_english,rate,20260920,2,hgb,relative_plus_baseline,0.2183515463474243,0.2183515463474222,13999,3494
esd_english,rate,20260920,3,logistic,absolute,0.2254840637540548,0.22548406375405133,13993,3500
esd_english,rate,20260920,3,logistic,relative,0.21481561823816434,0.21481561823816137,13993,3500
esd_english,rate,20260920,3,logistic,relative_plus_baseline,0.22578431692237833,0.2257843169223749,13993,3500
esd_english,rate,20260920,3,hgb,absolute,0.2423085359436942,0.24230853594369245,13993,3500
esd_english,rate,20260920,3,hgb,relative,0.2821185792432469,0.28211857924324446,13993,3500
esd_english,rate,20260920,3,hgb,relative_plus_baseline,0.23694649016013228,0.23694649016013053,13993,3500
esd_english,rate,20260920,4,logistic,absolute,0.1707733194013567,0.17077454134289793,13994,3499
esd_english,rate,20260920,4,logistic,relative,0.2019029043336437,0.20190330713337606,13994,3499
esd_english,rate,20260920,4,logistic,relative_plus_baseline,0.1686009290998533,0.16860218973520394,13994,3499
esd_english,rate,20260920,4,hgb,absolute,0.17791121053835532,0.17791188703522437,13994,3499
esd_english,rate,20260920,4,hgb,relative,0.21995549426881467,0.21996221843419894,13994,3499
esd_english,rate,20260920,4,hgb,relative_plus_baseline,0.2091946831868306,0.20921421104059973,13994,3499
esd_english,rate,20260921,0,logistic,absolute,0.19417418480829984,0.19417418480829718,13993,3500
esd_english,rate,20260921,0,logistic,relative,0.19596901398986974,0.19596901398986868,13993,3500
esd_english,rate,20260921,0,logistic,relative_plus_baseline,0.21305613685844155,0.2130561368584391,13993,3500
esd_english,rate,20260921,0,hgb,absolute,0.2076160045706376,0.20761600457063561,13993,3500
esd_english,rate,20260921,0,hgb,relative,0.24478738279766685,0.24478738279766424,13993,3500
esd_english,rate,20260921,0,hgb,relative_plus_baseline,0.2567071412833436,0.2567071412833426,13993,3500
esd_english,rate,20260921,1,logistic,absolute,0.18424295186998035,0.1842429518699785,13993,3500
esd_english,rate,20260921,1,logistic,relative,0.17084395430455643,0.17084395430455548,13993,3500
esd_english,rate,20260921,1,logistic,relative_plus_baseline,0.17914856061564458,0.17914856061564266,13993,3500
esd_english,rate,20260921,1,hgb,absolute,0.1687494159827547,0.16874941598275278,13993,3500
esd_english,rate,20260921,1,hgb,relative,0.20933251022747493,0.20933251022747323,13993,3500
esd_english,rate,20260921,1,hgb,relative_plus_baseline,0.24803637391923639,0.24803637391923586,13993,3500
esd_english,rate,20260921,2,logistic,absolute,0.2249261102336412,0.22492132632406672,13994,3499
esd_english,rate,20260921,2,logistic,relative,0.221015514668181,0.22101106240883633,13994,3499
esd_english,rate,20260921,2,logistic,relative_plus_baseline,0.22583661188432963,0.22583221840556983,13994,3499
esd_english,rate,20260921,2,hgb,absolute,0.2345465600096548,0.234562919530378,13994,3499
esd_english,rate,20260921,2,hgb,relative,0.25327634019247575,0.2532947145017333,13994,3499
esd_english,rate,20260921,2,hgb,relative_plus_baseline,0.15479096923483532,0.15479992184054425,13994,3499
esd_english,rate,20260921,3,logistic,absolute,0.17761347722211404,0.17762118618595954,13996,3497
esd_english,rate,20260921,3,logistic,relative,0.1875818663702896,0.18759227868697614,13996,3497
esd_english,rate,20260921,3,logistic,relative_plus_baseline,0.1763924249885182,0.1764037196785006,13996,3497
esd_english,rate,20260921,3,hgb,absolute,0.20398900208380955,0.20396243398378028,13996,3497
esd_english,rate,20260921,3,hgb,relative,0.21589328928143575,0.21588231377247163,13996,3497
esd_english,rate,20260921,3,hgb,relative_plus_baseline,0.22025820028235538,0.22023647858817932,13996,3497
esd_english,rate,20260921,4,logistic,absolute,0.15520622991937374,0.1552010196369132,13996,3497
esd_english,rate,20260921,4,logistic,relative,0.15196098863413504,0.15197576568935417,13996,3497
esd_english,rate,20260921,4,logistic,relative_plus_baseline,0.15520370260233912,0.1552029739575039,13996,3497
esd_english,rate,20260921,4,hgb,absolute,0.18081613899912932,0.18082164836718645,13996,3497
esd_english,rate,20260921,4,hgb,relative,0.2098774451374558,0.2098652193431077,13996,3497
esd_english,rate,20260921,4,hgb,relative_plus_baseline,0.19661263150103767,0.19661730466607405,13996,3497
esd_english,rate,20260922,0,logistic,absolute,0.14690831497700743,0.14690831497700643,13993,3500
esd_english,rate,20260922,0,logistic,relative,0.18022554387408724,0.1802255438740854,13993,3500
esd_english,rate,20260922,0,logistic,relative_plus_baseline,0.14438342956739714,0.14438342956739594,13993,3500
esd_english,rate,20260922,0,hgb,absolute,0.1828990968881114,0.18289909688811,13993,3500
esd_english,rate,20260922,0,hgb,relative,0.20186960295358447,0.20186960295358203,13993,3500
esd_english,rate,20260922,0,hgb,relative_plus_baseline,0.24265102022764076,0.24265102022763946,13993,3500
esd_english,rate,20260922,1,logistic,absolute,0.17761347722211404,0.17762118618595954,13996,3497
esd_english,rate,20260922,1,logistic,relative,0.1875818663702896,0.18759227868697614,13996,3497
esd_english,rate,20260922,1,logistic,relative_plus_baseline,0.1763924249885182,0.1764037196785006,13996,3497
esd_english,rate,20260922,1,hgb,absolute,0.20398900208380955,0.20396243398378028,13996,3497
esd_english,rate,20260922,1,hgb,relative,0.21589328928143575,0.21588231377247163,13996,3497
esd_english,rate,20260922,1,hgb,relative_plus_baseline,0.22025820028235538,0.22023647858817932,13996,3497
esd_english,rate,20260922,2,logistic,absolute,0.1707733194013567,0.17077454134289793,13994,3499
esd_english,rate,20260922,2,logistic,relative,0.2019029043336437,0.20190330713337606,13994,3499
esd_english,rate,20260922,2,logistic,relative_plus_baseline,0.1686009290998533,0.16860218973520394,13994,3499
esd_english,rate,20260922,2,hgb,absolute,0.17791121053835532,0.17791188703522437,13994,3499
esd_english,rate,20260922,2,hgb,relative,0.21995549426881467,0.21996221843419894,13994,3499
esd_english,rate,20260922,2,hgb,relative_plus_baseline,0.2091946831868306,0.20921421104059973,13994,3499
esd_english,rate,20260922,3,logistic,absolute,0.19216168759937027,0.19219313469190086,13996,3497
esd_english,rate,20260922,3,logistic,relative,0.185691503970914,0.18573093235232402,13996,3497
esd_english,rate,20260922,3,logistic,relative_plus_baseline,0.19600125436336693,0.19603577566477637,13996,3497
esd_english,rate,20260922,3,hgb,absolute,0.19929592100162336,0.19932529428391238,13996,3497
esd_english,rate,20260922,3,hgb,relative,0.2336994025744421,0.23369692799498581,13996,3497
esd_english,rate,20260922,3,hgb,relative_plus_baseline,0.21952619574805202,0.21954584212384334,13996,3497
esd_english,rate,20260922,4,logistic,absolute,0.2041140421096558,0.20411404210965278,13993,3500
esd_english,rate,20260922,4,logistic,relative,0.2049319770335356,0.20493197703353244,13993,3500
esd_english,rate,20260922,4,logistic,relative_plus_baseline,0.20886386340438073,0.20886386340437774,13993,3500
esd_english,rate,20260922,4,hgb,absolute,0.22443151680644952,0.22443151680644752,13993,3500
esd_english,rate,20260922,4,hgb,relative,0.25836829539047734,0.2583682953904754,13993,3500
esd_english,rate,20260922,4,hgb,relative_plus_baseline,0.19151694008790826,0.1915169400879064,13993,3500
mead_part0,rate,20260920,0,logistic,absolute,0.15543111246321623,0.15522130722851754,14942,3914
mead_part0,rate,20260920,0,logistic,relative,0.16582684906051995,0.16571060477052382,14942,3914
mead_part0,rate,20260920,0,logistic,relative_plus_baseline,0.16643837357832209,0.16612077855462254,14942,3914
mead_part0,rate,20260920,0,hgb,absolute,0.22058180547454898,0.22066114865732075,14942,3914
mead_part0,rate,20260920,0,hgb,relative,0.20128677426800876,0.20076566860973594,14942,3914
mead_part0,rate,20260920,0,hgb,relative_plus_baseline,0.19216515581253452,0.19212216123549944,14942,3914
mead_part0,rate,20260920,1,logistic,absolute,0.13736394657549011,0.13721569057167238,14950,3906
mead_part0,rate,20260920,1,logistic,relative,0.14433838853480369,0.14425633223149892,14950,3906
mead_part0,rate,20260920,1,logistic,relative_plus_baseline,0.1491316120477318,0.14915688473499106,14950,3906
mead_part0,rate,20260920,1,hgb,absolute,0.19579638939353,0.19588402066286642,14950,3906
mead_part0,rate,20260920,1,hgb,relative,0.1979959286688957,0.19773968294987337,14950,3906
mead_part0,rate,20260920,1,hgb,relative_plus_baseline,0.18043761874530376,0.18035376721863008,14950,3906
mead_part0,rate,20260920,2,logistic,absolute,0.1363447460882241,0.13664827333167628,14934,3922
mead_part0,rate,20260920,2,logistic,relative,0.1500627888809475,0.1504649796791026,14934,3922
mead_part0,rate,20260920,2,logistic,relative_plus_baseline,0.17080588416665732,0.1712382158341661,14934,3922
mead_part0,rate,20260920,2,hgb,absolute,0.21283483128307487,0.21325135862645497,14934,3922
mead_part0,rate,20260920,2,hgb,relative,0.21364898246424815,0.21375180226396714,14934,3922
mead_part0,rate,20260920,2,hgb,relative_plus_baseline,0.21351237047998334,0.2134933440543846,14934,3922
mead_part0,rate,20260920,3,logistic,absolute,0.1386449640333735,0.1385920169678792,15300,3556
mead_part0,rate,20260920,3,logistic,relative,0.13245123791257601,0.13243998577420932,15300,3556
mead_part0,rate,20260920,3,logistic,relative_plus_baseline,0.1479206852588661,0.14788189640184482,15300,3556
mead_part0,rate,20260920,3,hgb,absolute,0.20584195101504857,0.20588179596471595,15300,3556
mead_part0,rate,20260920,3,hgb,relative,0.19368943371847572,0.19363669803839278,15300,3556
mead_part0,rate,20260920,3,hgb,relative_plus_baseline,0.20366388789251483,0.2037452042679718,15300,3556
mead_part0,rate,20260920,4,logistic,absolute,0.13193236459286234,0.13177824484944334,15298,3558
mead_part0,rate,20260920,4,logistic,relative,0.14438650738230968,0.14428002876499058,15298,3558
mead_part0,rate,20260920,4,logistic,relative_plus_baseline,0.16887657628022054,0.16875296331508272,15298,3558
mead_part0,rate,20260920,4,hgb,absolute,0.20633563777046424,0.20634437011747603,15298,3558
mead_part0,rate,20260920,4,hgb,relative,0.18064819963007844,0.1806480913780473,15298,3558
mead_part0,rate,20260920,4,hgb,relative_plus_baseline,0.19009971642996015,0.1900929852273921,15298,3558
mead_part0,rate,20260921,0,logistic,absolute,0.13420746571803818,0.13443694338605192,14953,3903
mead_part0,rate,20260921,0,logistic,relative,0.1456557676491196,0.14599222207810525,14953,3903
mead_part0,rate,20260921,0,logistic,relative_plus_baseline,0.15215862688234577,0.15238664899331536,14953,3903
mead_part0,rate,20260921,0,hgb,absolute,0.2065045585556177,0.2068862046988186,14953,3903
mead_part0,rate,20260921,0,hgb,relative,0.20738051293085524,0.20758897303565763,14953,3903
mead_part0,rate,20260921,0,hgb,relative_plus_baseline,0.20206632100773816,0.20199642676669843,14953,3903
mead_part0,rate,20260921,1,logistic,absolute,0.14323881867681873,0.14319372348442394,14918,3938
mead_part0,rate,20260921,1,logistic,relative,0.15104219974630056,0.15102560948353944,14918,3938
mead_part0,rate,20260921,1,logistic,relative_plus_baseline,0.16645926129644653,0.16654814145678948,14918,3938
mead_part0,rate,20260921,1,hgb,absolute,0.2233372148933309,0.22324666845174934,14918,3938
mead_part0,rate,20260921,1,hgb,relative,0.19198710752952003,0.19193170412443739,14918,3938
mead_part0,rate,20260921,1,hgb,relative_plus_baseline,0.18386999074373453,0.18397314806519827,14918,3938
mead_part0,rate,20260921,2,logistic,absolute,0.13609660138676324,0.13607559374536998,14932,3924
mead_part0,rate,20260921,2,logistic,relative,0.14531283036170867,0.14554609998117063,14932,3924
mead_part0,rate,20260921,2,logistic,relative_plus_baseline,0.15975841710505745,0.1602378860103103,14932,3924
mead_part0,rate,20260921,2,hgb,absolute,0.20907213146473178,0.2089930138298164,14932,3924
mead_part0,rate,20260921,2,hgb,relative,0.18671933507192048,0.18648789487231987,14932,3924
mead_part0,rate,20260921,2,hgb,relative_plus_baseline,0.20148645840653723,0.20164038710014642,14932,3924
mead_part0,rate,20260921,3,logistic,absolute,0.13097699917859104,0.13076450985819296,15318,3538
mead_part0,rate,20260921,3,logistic,relative,0.1378698332665447,0.13768518640318222,15318,3538
mead_part0,rate,20260921,3,logistic,relative_plus_baseline,0.13395298712900658,0.13382850310460498,15318,3538
mead_part0,rate,20260921,3,hgb,absolute,0.19074858206718875,0.19090303940480652,15318,3538
mead_part0,rate,20260921,3,hgb,relative,0.18886569413671964,0.18878776286787619,15318,3538
mead_part0,rate,20260921,3,hgb,relative_plus_baseline,0.17589911552458015,0.1757903260910362,15318,3538
mead_part0,rate,20260921,4,logistic,absolute,0.13305479699059053,0.13284571247255184,15303,3553
mead_part0,rate,20260921,4,logistic,relative,0.1382045216713574,0.13822335356150556,15303,3553
mead_part0,rate,20260921,4,logistic,relative_plus_baseline,0.14988110022277343,0.14989834296021667,15303,3553
mead_part0,rate,20260921,4,hgb,absolute,0.21685159388494607,0.21660756470744227,15303,3553
mead_part0,rate,20260921,4,hgb,relative,0.19451020721893303,0.19407008384376137,15303,3553
mead_part0,rate,20260921,4,hgb,relative_plus_baseline,0.1961881650416013,0.19605739618453286,15303,3553
mead_part0,rate,20260922,0,logistic,absolute,0.14320457550341797,0.14304702337895453,14913,3943
mead_part0,rate,20260922,0,logistic,relative,0.15128373267201445,0.1512769745822417,14913,3943
mead_part0,rate,20260922,0,logistic,relative_plus_baseline,0.1692949168824119,0.16936467422850748,14913,3943
mead_part0,rate,20260922,0,hgb,absolute,0.20456481417381384,0.20461673501638397,14913,3943
mead_part0,rate,20260922,0,hgb,relative,0.20337025803274128,0.203365924905519,14913,3943
mead_part0,rate,20260922,0,hgb,relative_plus_baseline,0.2040851442176827,0.20419465910219428,14913,3943
mead_part0,rate,20260922,1,logistic,absolute,0.12791072565659953,0.12791992862375492,14900,3956
mead_part0,rate,20260922,1,logistic,relative,0.13681622876753682,0.1368228251646134,14900,3956
mead_part0,rate,20260922,1,logistic,relative_plus_baseline,0.14553269057103219,0.1456456866286246,14900,3956
mead_part0,rate,20260922,1,hgb,absolute,0.18936384889864108,0.18939262457314499,14900,3956
mead_part0,rate,20260922,1,hgb,relative,0.1789831332802952,0.1789320058943555,14900,3956
mead_part0,rate,20260922,1,hgb,relative_plus_baseline,0.16667513854441288,0.16668451397618028,14900,3956
mead_part0,rate,20260922,2,logistic,absolute,0.14148199168935985,0.1417473221944962,14977,3879
mead_part0,rate,20260922,2,logistic,relative,0.1388689356393726,0.13899943712273813,14977,3879
mead_part0,rate,20260922,2,logistic,relative_plus_baseline,0.13807411948637907,0.138080431678853,14977,3879
mead_part0,rate,20260922,2,hgb,absolute,0.19695575160459175,0.19736214231325253,14977,3879
mead_part0,rate,20260922,2,hgb,relative,0.1997250974281189,0.1997526558604559,14977,3879
mead_part0,rate,20260922,2,hgb,relative_plus_baseline,0.19365725564910483,0.19359299375602165,14977,3879
mead_part0,rate,20260922,3,logistic,absolute,0.13138294006450785,0.13115535774531875,15300,3556
mead_part0,rate,20260922,3,logistic,relative,0.14915304782933375,0.1489056296720324,15300,3556
mead_part0,rate,20260922,3,logistic,relative_plus_baseline,0.16655326585283592,0.16628158513817243,15300,3556
mead_part0,rate,20260922,3,hgb,absolute,0.21966097251075353,0.21949847480443715,15300,3556
mead_part0,rate,20260922,3,hgb,relative,0.20192124119579952,0.20156489676166936,15300,3556
mead_part0,rate,20260922,3,hgb,relative_plus_baseline,0.20590601023340396,0.20596385807975456,15300,3556
mead_part0,rate,20260922,4,logistic,absolute,0.13872285470427387,0.13806832769080174,15334,3522
mead_part0,rate,20260922,4,logistic,relative,0.17341652579170122,0.1733554958413856,15334,3522
mead_part0,rate,20260922,4,logistic,relative_plus_baseline,0.18080345703545245,0.18078350370842144,15334,3522
mead_part0,rate,20260922,4,hgb,absolute,0.20463016713820076,0.2045378697928722,15334,3522
mead_part0,rate,20260922,4,hgb,relative,0.1868545419668249,0.1864955395900904,15334,3522
mead_part0,rate,20260922,4,hgb,relative_plus_baseline,0.1853196882977527,0.18522722503375616,15334,3522
ravdess_speech,rate,20260920,0,logistic,absolute,0.26988096747123436,0.26919612033536083,678,177
ravdess_speech,rate,20260920,0,logistic,relative,0.2788886306028104,0.27806060606060606,678,177
ravdess_speech,rate,20260920,0,logistic,relative_plus_baseline,0.25332636257433794,0.2536308991048899,678,177
ravdess_speech,rate,20260920,0,hgb,absolute,0.24554016157990963,0.24460012587325455,678,177
ravdess_speech,rate,20260920,0,hgb,relative,0.25308492099907165,0.2526903613343491,678,177
ravdess_speech,rate,20260920,0,hgb,relative_plus_baseline,0.28878555546776374,0.28828989341796785,678,177
ravdess_speech,rate,20260920,1,logistic,absolute,0.18614800285484717,0.186148002854847,675,180
ravdess_speech,rate,20260920,1,logistic,relative,0.29190540494583567,0.29190540494583544,675,180
ravdess_speech,rate,20260920,1,logistic,relative_plus_baseline,0.2882006634806977,0.28820066348069756,675,180
ravdess_speech,rate,20260920,1,hgb,absolute,0.24238103525227817,0.24238103525227808,675,180
ravdess_speech,rate,20260920,1,hgb,relative,0.2454956915230889,0.24549569152308875,675,180
ravdess_speech,rate,20260920,1,hgb,relative_plus_baseline,0.245461968130238,0.24546196813023782,675,180
ravdess_speech,rate,20260920,2,logistic,absolute,0.3182460294369954,0.3121806762850648,681,174
ravdess_speech,rate,20260920,2,logistic,relative,0.36650934440850647,0.36485958485958486,681,174
ravdess_speech,rate,20260920,2,logistic,relative_plus_baseline,0.3086013501309347,0.30964200278172976,681,174
ravdess_speech,rate,20260920,2,hgb,absolute,0.26642791957086065,0.2642964654151868,681,174
ravdess_speech,rate,20260920,2,hgb,relative,0.2742509800937159,0.27179701831154857,681,174
ravdess_speech,rate,20260920,2,hgb,relative_plus_baseline,0.30668932043367014,0.30445941149845773,681,174
ravdess_speech,rate,20260920,3,logistic,absolute,0.2323066460997497,0.23230664609974952,675,180
ravdess_speech,rate,20260920,3,logistic,relative,0.2695511344870586,0.2695511344870584,675,180
ravdess_speech,rate,20260920,3,logistic,relative_plus_baseline,0.22784644897699374,0.22784644897699358,675,180
ravdess_speech,rate,20260920,3,hgb,absolute,0.2671677301595029,0.2671677301595026,675,180
ravdess_speech,rate,20260920,3,hgb,relative,0.2641463352893952,0.264146335289395,675,180
ravdess_speech,rate,20260920,3,hgb,relative_plus_baseline,0.24883584043454804,0.24883584043454793,675,180
ravdess_speech,rate,20260920,4,logistic,absolute,0.26637513751375147,0.26637513751375136,711,144
ravdess_speech,rate,20260920,4,logistic,relative,0.34317425834755755,0.34317425834755744,711,144
ravdess_speech,rate,20260920,4,logistic,relative_plus_baseline,0.31052378558134214,0.310523785581342,711,144
ravdess_speech,rate,20260920,4,hgb,absolute,0.3011001642036125,0.3011001642036125,711,144
ravdess_speech,rate,20260920,4,hgb,relative,0.2500055181802233,0.25000551818022326,711,144
ravdess_speech,rate,20260920,4,hgb,relative_plus_baseline,0.3006697522177399,0.30066975221773984,711,144
ravdess_speech,rate,20260921,0,logistic,absolute,0.24223787778809952,0.23503983588014266,682,173
ravdess_speech,rate,20260921,0,logistic,relative,0.2754697321094266,0.2701471655425595,682,173
ravdess_speech,rate,20260921,0,logistic,relative_plus_baseline,0.2477427447084432,0.2445239785239785,682,173
ravdess_speech,rate,20260921,0,hgb,absolute,0.2626811075975598,0.2600858099337296,682,173
ravdess_speech,rate,20260921,0,hgb,relative,0.3092870458228898,0.30478734629220067,682,173
ravdess_speech,rate,20260921,0,hgb,relative_plus_baseline,0.2612497342267143,0.2583459792679671,682,173
ravdess_speech,rate,20260921,1,logistic,absolute,0.2903147164833582,0.29031471648335794,675,180
ravdess_speech,rate,20260921,1,logistic,relative,0.29242186757860766,0.2924218675786074,675,180
ravdess_speech,rate,20260921,1,logistic,relative_plus_baseline,0.2968229824761018,0.2968229824761015,675,180
ravdess_speech,rate,20260921,1,hgb,absolute,0.28688699516786703,0.28688699516786687,675,180
ravdess_speech,rate,20260921,1,hgb,relative,0.2665118827507246,0.26651188275072446,675,180
ravdess_speech,rate,20260921,1,hgb,relative_plus_baseline,0.27388699795779464,0.2738869979577944,675,180
ravdess_speech,rate,20260921,2,logistic,absolute,0.24534259579681233,0.24534259579681214,675,180
ravdess_speech,rate,20260921,2,logistic,relative,0.21547338261688012,0.21547338261687993,675,180
ravdess_speech,rate,20260921,2,logistic,relative_plus_baseline,0.22531743594646336,0.2253174359464632,675,180
ravdess_speech,rate,20260921,2,hgb,absolute,0.18080378113740728,0.1808037811374071,675,180
ravdess_speech,rate,20260921,2,hgb,relative,0.2578773731714909,0.2578773731714908,675,180
ravdess_speech,rate,20260921,2,hgb,relative_plus_baseline,0.25950566052866947,0.2595056605286693,675,180
ravdess_speech,rate,20260921,3,logistic,absolute,0.24194451974338144,0.24194451974338121,675,180
ravdess_speech,rate,20260921,3,logistic,relative,0.3527236762020697,0.3527236762020694,675,180
ravdess_speech,rate,20260921,3,logistic,relative_plus_baseline,0.35111738414490734,0.35111738414490706,675,180
ravdess_speech,rate,20260921,3,hgb,absolute,0.2988293360386385,0.29882933603863837,675,180
ravdess_speech,rate,20260921,3,hgb,relative,0.34894845107611083,0.3489484510761106,675,180
ravdess_speech,rate,20260921,3,hgb,relative_plus_baseline,0.31422160695772694,0.3142216069577267,675,180
ravdess_speech,rate,20260921,4,logistic,absolute,0.27520215096118705,0.2745790930106691,713,142
ravdess_speech,rate,20260921,4,logistic,relative,0.30066719767577366,0.2994312306960725,713,142
ravdess_speech,rate,20260921,4,logistic,relative_plus_baseline,0.32023591867754586,0.3209299463301719,713,142
ravdess_speech,rate,20260921,4,hgb,absolute,0.28551294831325114,0.2850004884945886,713,142
ravdess_speech,rate,20260921,4,hgb,relative,0.26352677272187386,0.2624499046023547,713,142
ravdess_speech,rate,20260921,4,hgb,relative_plus_baseline,0.2970684358121827,0.29589877727905894,713,142
ravdess_speech,rate,20260922,0,logistic,absolute,0.28791276728765597,0.2878848128158305,676,179
ravdess_speech,rate,20260922,0,logistic,relative,0.2880634378706287,0.28839227473732737,676,179
ravdess_speech,rate,20260922,0,logistic,relative_plus_baseline,0.29564647760217394,0.2958720517696878,676,179
ravdess_speech,rate,20260922,0,hgb,absolute,0.2760288125517757,0.27609276912345965,676,179
ravdess_speech,rate,20260922,0,hgb,relative,0.301349652260959,0.30142125370245887,676,179
ravdess_speech,rate,20260922,0,hgb,relative_plus_baseline,0.27573842412441757,0.27628824516289674,676,179
ravdess_speech,rate,20260922,1,logistic,absolute,0.222659616369294,0.22265961636929377,675,180
ravdess_speech,rate,20260922,1,logistic,relative,0.34274958674836126,0.3427495867483611,675,180
ravdess_speech,rate,20260922,1,logistic,relative_plus_baseline,0.3330186235846615,0.3330186235846613,675,180
ravdess_speech,rate,20260922,1,hgb,absolute,0.26541004595040174,0.26541004595040163,675,180
ravdess_speech,rate,20260922,1,hgb,relative,0.23673668707852116,0.23673668707852108,675,180
ravdess_speech,rate,20260922,1,hgb,relative_plus_baseline,0.26190456641533955,0.2619045664153394,675,180
ravdess_speech,rate,20260922,2,logistic,absolute,0.21224139964278618,0.21224139964278602,675,180
ravdess_speech,rate,20260922,2,logistic,relative,0.23920296278786807,0.23920296278786785,675,180
ravdess_speech,rate,20260922,2,logistic,relative_plus_baseline,0.24203889895070874,0.24203889895070851,675,180
ravdess_speech,rate,20260922,2,hgb,absolute,0.24709417354377225,0.2470941735437721,675,180
ravdess_speech,rate,20260922,2,hgb,relative,0.2911459063321737,0.2911459063321735,675,180
ravdess_speech,rate,20260922,2,hgb,relative_plus_baseline,0.2875857452594263,0.2875857452594262,675,180
ravdess_speech,rate,20260922,3,logistic,absolute,0.2825200331840946,0.2756407326667808,681,174
ravdess_speech,rate,20260922,3,logistic,relative,0.36550048826697035,0.3648163440867,681,174
ravdess_speech,rate,20260922,3,logistic,relative_plus_baseline,0.3314173059630875,0.3305878115073518,681,174
ravdess_speech,rate,20260922,3,hgb,absolute,0.28816201885969334,0.28626246655781185,681,174
ravdess_speech,rate,20260922,3,hgb,relative,0.2879100704531739,0.28317466335175234,681,174
ravdess_speech,rate,20260922,3,hgb,relative_plus_baseline,0.2876434755100344,0.28420549446543203,681,174
ravdess_speech,rate,20260922,4,logistic,absolute,0.3120545803313247,0.31080028754203715,713,142
ravdess_speech,rate,20260922,4,logistic,relative,0.24129540058397358,0.2422450190998085,713,142
ravdess_speech,rate,20260922,4,logistic,relative_plus_baseline,0.3215663356337243,0.32112196027089646,713,142
ravdess_speech,rate,20260922,4,hgb,absolute,0.26916071360785976,0.26833616037508123,713,142
ravdess_speech,rate,20260922,4,hgb,relative,0.30633772170651596,0.304684121198639,713,142
ravdess_speech,rate,20260922,4,hgb,relative_plus_baseline,0.3009489201187375,0.2997907208860556,713,142
msp,rate,20260920,0,logistic,absolute,0.15674773946960835,0.1439002616821484,115705,32226
msp,rate,20260920,0,logistic,relative,0.07433238876804435,0.08845433998839033,115705,32226
msp,rate,20260920,0,logistic,relative_plus_baseline,0.14514498714362495,0.15664758552606478,115705,32226
msp,rate,20260920,0,hgb,absolute,0.16248794002646613,0.1665394651085129,115705,32226
msp,rate,20260920,0,hgb,relative,0.17343436031347279,0.1721877242418785,115705,32226
msp,rate,20260920,0,hgb,relative_plus_baseline,0.17359515949638665,0.163598848285656,115705,32226
msp,rate,20260920,1,logistic,absolute,0.16057547611284106,0.1356631866067799,116995,30936
msp,rate,20260920,1,logistic,relative,0.07699742309629723,0.11126187994944418,116995,30936
msp,rate,20260920,1,logistic,relative_plus_baseline,0.15060626446079586,0.1769846743542518,116995,30936
msp,rate,20260920,1,hgb,absolute,0.18226900548439545,0.18364609520964295,116995,30936
msp,rate,20260920,1,hgb,relative,0.18081547278951945,0.18121375459912886,116995,30936
msp,rate,20260920,1,hgb,relative_plus_baseline,0.18077226092657986,0.1602003316558335,116995,30936
msp,rate,20260920,2,logistic,absolute,0.15511649997025342,0.14357682505875605,120311,27620
msp,rate,20260920,2,logistic,relative,0.06960233592420771,0.09035969260612815,120311,27620
msp,rate,20260920,2,logistic,relative_plus_baseline,0.14447928427714757,0.15340948758043152,120311,27620
msp,rate,20260920,2,hgb,absolute,0.1775653483037089,0.17484051417788765,120311,27620
msp,rate,20260920,2,hgb,relative,0.17478453614165657,0.17975533019299544,120311,27620
msp,rate,20260920,2,hgb,relative_plus_baseline,0.1779180989946424,0.14268240050007805,120311,27620
msp,rate,20260920,3,logistic,absolute,0.1542027485326572,0.1501657842881788,122810,25121
msp,rate,20260920,3,logistic,relative,0.07309353681550959,0.08127179232562529,122810,25121
msp,rate,20260920,3,logistic,relative_plus_baseline,0.1476986448468822,0.15035924859654606,122810,25121
msp,rate,20260920,3,hgb,absolute,0.1712724617324108,0.17058853243763264,122810,25121
msp,rate,20260920,3,hgb,relative,0.17549915717764708,0.16978481969629605,122810,25121
msp,rate,20260920,3,hgb,relative_plus_baseline,0.18168349807793588,0.17505724285191226,122810,25121
msp,rate,20260920,4,logistic,absolute,0.09393124068054262,0.08679350851629833,115903,32028
msp,rate,20260920,4,logistic,relative,0.0680557411690578,0.08519499823404755,115903,32028
msp,rate,20260920,4,logistic,relative_plus_baseline,0.11380909933908774,0.09524299258837028,115903,32028
msp,rate,20260920,4,hgb,absolute,0.14974388811821004,0.15024412035423954,115903,32028
msp,rate,20260920,4,hgb,relative,0.16414010001696402,0.1678366860915157,115903,32028
msp,rate,20260920,4,hgb,relative_plus_baseline,0.18012712449407323,0.1682130221370627,115903,32028
msp,rate,20260921,0,logistic,absolute,0.15903455745053183,0.14952498985696266,119750,28181
msp,rate,20260921,0,logistic,relative,0.07363057859311818,0.08584200465839834,119750,28181
msp,rate,20260921,0,logistic,relative_plus_baseline,0.13437437828690033,0.1369178498958836,119750,28181
msp,rate,20260921,0,hgb,absolute,0.158876926390548,0.1686475435379806,119750,28181
msp,rate,20260921,0,hgb,relative,0.1780800793053951,0.1741293941126573,119750,28181
msp,rate,20260921,0,hgb,relative_plus_baseline,0.17644491070676488,0.15578239361288962,119750,28181
msp,rate,20260921,1,logistic,absolute,0.1537810117282042,0.1461698302654511,117001,30930
msp,rate,20260921,1,logistic,relative,0.06914721925215339,0.08707826864612003,117001,30930
msp,rate,20260921,1,logistic,relative_plus_baseline,0.12909292184762383,0.13531548174201344,117001,30930
msp,rate,20260921,1,hgb,absolute,0.16918023834108412,0.17272667700056643,117001,30930
msp,rate,20260921,1,hgb,relative,0.17178755546024008,0.17536335783010978,117001,30930
msp,rate,20260921,1,hgb,relative_plus_baseline,0.17058576197717873,0.17457480907079426,117001,30930
msp,rate,20260921,2,logistic,absolute,0.15439927814898405,0.1471839796092801,121212,26719
msp,rate,20260921,2,logistic,relative,0.07358151314732615,0.08982536936607884,121212,26719
msp,rate,20260921,2,logistic,relative_plus_baseline,0.13828830816273918,0.14183321833143797,121212,26719
msp,rate,20260921,2,hgb,absolute,0.15988380255645335,0.1621952259462837,121212,26719
msp,rate,20260921,2,hgb,relative,0.1719854566771177,0.17365950289183907,121212,26719
msp,rate,20260921,2,hgb,relative_plus_baseline,0.1758505725547498,0.15652209518273505,121212,26719
msp,rate,20260921,3,logistic,absolute,0.16617272872049305,0.13994514068209926,115862,32069
msp,rate,20260921,3,logistic,relative,0.07214618708998541,0.10160961415758134,115862,32069
msp,rate,20260921,3,logistic,relative_plus_baseline,0.1638348943102063,0.17524605406016897,115862,32069
msp,rate,20260921,3,hgb,absolute,0.17612825732222176,0.1698877131855357,115862,32069
msp,rate,20260921,3,hgb,relative,0.1713286121348271,0.17001130767919456,115862,32069
msp,rate,20260921,3,hgb,relative_plus_baseline,0.17759032227815788,0.14623137921909066,115862,32069
msp,rate,20260921,4,logistic,absolute,0.16314047149976837,0.14822519523677552,117899,30032
msp,rate,20260921,4,logistic,relative,0.07343021578094498,0.09671420752863283,117899,30032
msp,rate,20260921,4,logistic,relative_plus_baseline,0.1457177347993053,0.15256279152797117,117899,30032
msp,rate,20260921,4,hgb,absolute,0.17148001504547947,0.1717901049309699,117899,30032
msp,rate,20260921,4,hgb,relative,0.1781793481001158,0.17982564601783652,117899,30032
msp,rate,20260921,4,hgb,relative_plus_baseline,0.18463431118887472,0.18198649248364654,117899,30032
msp,rate,20260922,0,logistic,absolute,0.1560640951620383,0.1401162334420896,113819,34112
msp,rate,20260922,0,logistic,relative,0.0694500399688499,0.09253401719580084,113819,34112
msp,rate,20260922,0,logistic,relative_plus_baseline,0.14593844821545035,0.15406484883653931,113819,34112
msp,rate,20260922,0,hgb,absolute,0.1681911123970564,0.169227529341723,113819,34112
msp,rate,20260922,0,hgb,relative,0.17196205791023605,0.17554770021764263,113819,34112
msp,rate,20260922,0,hgb,relative_plus_baseline,0.176911587893926,0.16206213544999223,113819,34112
msp,rate,20260922,1,logistic,absolute,0.1617619064722739,0.14754069745322776,113773,34158
msp,rate,20260922,1,logistic,relative,0.07255388705088353,0.09885334565092108,113773,34158
msp,rate,20260922,1,logistic,relative_plus_baseline,0.13931491769558824,0.17233327199350418,113773,34158
msp,rate,20260922,1,hgb,absolute,0.16850861569957584,0.1744369702885024,113773,34158
msp,rate,20260922,1,hgb,relative,0.16600848163062648,0.17808267207755896,113773,34158
msp,rate,20260922,1,hgb,relative_plus_baseline,0.1818392818247887,0.17047610365974525,113773,34158
msp,rate,20260922,2,logistic,absolute,0.15450026497861624,0.14354906632954864,121051,26880
msp,rate,20260922,2,logistic,relative,0.10559492042612217,0.1115752356400588,121051,26880
msp,rate,20260922,2,logistic,relative_plus_baseline,0.15049830095242378,0.14186850117315503,121051,26880
msp,rate,20260922,2,hgb,absolute,0.17142668318417584,0.16615187654655791,121051,26880
msp,rate,20260922,2,hgb,relative,0.17221743073442902,0.16728828143825725,121051,26880
msp,rate,20260922,2,hgb,relative_plus_baseline,0.18520870116408517,0.1631988135861305,121051,26880
msp,rate,20260922,3,logistic,absolute,0.15640308748621184,0.13899449978243392,118854,29077
msp,rate,20260922,3,logistic,relative,0.09857997452211803,0.10415905943260595,118854,29077
msp,rate,20260922,3,logistic,relative_plus_baseline,0.13026103215205437,0.1411187439771025,118854,29077
msp,rate,20260922,3,hgb,absolute,0.17085957142452898,0.16850746535490474,118854,29077
msp,rate,20260922,3,hgb,relative,0.1706100193510806,0.17303891382915665,118854,29077
msp,rate,20260922,3,hgb,relative_plus_baseline,0.17959617345326678,0.15074244693865252,118854,29077
msp,rate,20260922,4,logistic,absolute,0.15722089699009284,0.1478726155965016,124227,23704
msp,rate,20260922,4,logistic,relative,0.07318055142117019,0.08256764856034127,124227,23704
msp,rate,20260922,4,logistic,relative_plus_baseline,0.147695085379707,0.15370374833160466,124227,23704
msp,rate,20260922,4,hgb,absolute,0.16528279805671445,0.1696015819342818,124227,23704
msp,rate,20260922,4,hgb,relative,0.17476361553264758,0.17453419474728218,124227,23704
msp,rate,20260922,4,hgb,relative_plus_baseline,0.17862705277320234,0.15837584758713832,124227,23704
meld,rate,20260920,0,logistic,absolute,0.08381456999656263,0.13577925979879008,7301,3680
meld,rate,20260920,0,logistic,relative,0.0998522929321095,0.1385525458936316,7301,3680
meld,rate,20260920,0,logistic,relative_plus_baseline,0.09891651059774123,0.12692532893144481,7301,3680
meld,rate,20260920,0,hgb,absolute,0.17796607492950756,0.18355860420201045,7301,3680
meld,rate,20260920,0,hgb,relative,0.15769992156215254,0.17544363885997713,7301,3680
meld,rate,20260920,0,hgb,relative_plus_baseline,0.19577086643387442,0.17891015512469008,7301,3680
meld,rate,20260920,1,logistic,absolute,0.08521730518188811,0.0851875196974472,10704,277
meld,rate,20260920,1,logistic,relative,0.08722958725970513,0.0897255373968813,10704,277
meld,rate,20260920,1,logistic,relative_plus_baseline,0.10628372486373698,0.11144273181475084,10704,277
meld,rate,20260920,1,hgb,absolute,0.1757544478608397,0.1818256508104751,10704,277
meld,rate,20260920,1,hgb,relative,0.19889994331242808,0.19955114847019031,10704,277
meld,rate,20260920,1,hgb,relative_plus_baseline,0.15817501844853935,0.16171011173456212,10704,277
meld,rate,20260920,2,logistic,absolute,0.10235058596756157,0.12883286583583303,9317,1664
meld,rate,20260920,2,logistic,relative,0.07930699509980446,0.13252337445693788,9317,1664
meld,rate,20260920,2,logistic,relative_plus_baseline,0.08766987962972483,0.09219615124592474,9317,1664
meld,rate,20260920,2,hgb,absolute,0.10484615319730554,0.15576999309799097,9317,1664
meld,rate,20260920,2,hgb,relative,0.13931156009088813,0.15686718694761423,9317,1664
meld,rate,20260920,2,hgb,relative_plus_baseline,0.12636312118142778,0.14339649460963974,9317,1664
meld,rate,20260920,3,logistic,absolute,0.15310741481569592,0.14233998343057053,5885,5096
meld,rate,20260920,3,logistic,relative,0.12168444839339428,0.1396314496210732,5885,5096
meld,rate,20260920,3,logistic,relative_plus_baseline,0.15444390301989813,0.13364986369217713,5885,5096
meld,rate,20260920,3,hgb,absolute,0.22265730092520628,0.1700919705583939,5885,5096
meld,rate,20260920,3,hgb,relative,0.20147319940029468,0.17352685571793966,5885,5096
meld,rate,20260920,3,hgb,relative_plus_baseline,0.2596071221242028,0.18539498575242955,5885,5096
meld,rate,20260920,4,logistic,absolute,0.17472622464021853,0.1598694781185046,10717,264
meld,rate,20260920,4,logistic,relative,0.13566948930011868,0.13887627162855404,10717,264
meld,rate,20260920,4,logistic,relative_plus_baseline,0.12598579470416862,0.12905430051309486,10717,264
meld,rate,20260920,4,hgb,absolute,0.17137423528959048,0.17744315885357304,10717,264
meld,rate,20260920,4,hgb,relative,0.14308564872939653,0.15341486576821822,10717,264
meld,rate,20260920,4,hgb,relative_plus_baseline,0.19759323546011487,0.23406357410297743,10717,264
meld,rate,20260921,0,logistic,absolute,0.1344203885822804,0.13810973308515004,7417,3564
meld,rate,20260921,0,logistic,relative,0.12322824528434954,0.13750659890432085,7417,3564
meld,rate,20260921,0,logistic,relative_plus_baseline,0.13915492134843652,0.1489618561367188,7417,3564
meld,rate,20260921,0,hgb,absolute,0.17211978390250518,0.1695741071826509,7417,3564
meld,rate,20260921,0,hgb,relative,0.16668324635790227,0.17356518843925353,7417,3564
meld,rate,20260921,0,hgb,relative_plus_baseline,0.17681760207036917,0.1831091483186867,7417,3564
meld,rate,20260921,1,logistic,absolute,0.098887677761737,0.09517679491789524,10733,248
meld,rate,20260921,1,logistic,relative,0.09707935443965385,0.09436494264566915,10733,248
meld,rate,20260921,1,logistic,relative_plus_baseline,0.10808193924401337,0.09900777342637808,10733,248
meld,rate,20260921,1,hgb,absolute,0.14293345943526936,0.14289344657660416,10733,248
meld,rate,20260921,1,hgb,relative,0.14743587813643014,0.1496206058216703,10733,248
meld,rate,20260921,1,hgb,relative_plus_baseline,0.2089506708535262,0.2110545678269335,10733,248
meld,rate,20260921,2,logistic,absolute,0.12659632860608627,0.13332332391359533,9113,1868
meld,rate,20260921,2,logistic,relative,0.12773950580488172,0.1386980669113865,9113,1868
meld,rate,20260921,2,logistic,relative_plus_baseline,0.15132946288977525,0.15751676739804268,9113,1868
meld,rate,20260921,2,hgb,absolute,0.18235889009756098,0.1772724959349882,9113,1868
meld,rate,20260921,2,hgb,relative,0.19908208311975634,0.18526268464902254,9113,1868
meld,rate,20260921,2,hgb,relative_plus_baseline,0.14372438485379338,0.14689421952367127,9113,1868
meld,rate,20260921,3,logistic,absolute,0.11229843334318838,0.11873037903572255,10772,209
meld,rate,20260921,3,logistic,relative,0.0916418855804694,0.0983494920657418,10772,209
meld,rate,20260921,3,logistic,relative_plus_baseline,0.10265158492559481,0.10381131149964551,10772,209
meld,rate,20260921,3,hgb,absolute,0.1767943869832569,0.16156689266763896,10772,209
meld,rate,20260921,3,hgb,relative,0.18897719990403233,0.18077623787470337,10772,209
meld,rate,20260921,3,hgb,relative_plus_baseline,0.21081926284982133,0.21742130121912012,10772,209
meld,rate,20260921,4,logistic,absolute,0.14778534790129466,0.1356063286995008,5889,5092
meld,rate,20260921,4,logistic,relative,0.12042027640242019,0.13981990366906447,5889,5092
meld,rate,20260921,4,logistic,relative_plus_baseline,0.10202773922760182,0.12930342663577982,5889,5092
meld,rate,20260921,4,hgb,absolute,0.16463499263056156,0.1878392797838697,5889,5092
meld,rate,20260921,4,hgb,relative,0.15658260605792992,0.1782970184621861,5889,5092
meld,rate,20260921,4,hgb,relative_plus_baseline,0.15574210766416918,0.18846042258368315,5889,5092
meld,rate,20260922,0,logistic,absolute,0.1502523105417,0.13251765981860078,9242,1739
meld,rate,20260922,0,logistic,relative,0.09096787095730384,0.13020873568525587,9242,1739
meld,rate,20260922,0,logistic,relative_plus_baseline,0.11807859362618153,0.14261082927729934,9242,1739
meld,rate,20260922,0,hgb,absolute,0.15080517051165016,0.17187696668748767,9242,1739
meld,rate,20260922,0,hgb,relative,0.17737627890260294,0.17717460430934134,9242,1739
meld,rate,20260922,0,hgb,relative_plus_baseline,0.18897243090905996,0.11966165413369692,9242,1739
meld,rate,20260922,1,logistic,absolute,0.11742997313246857,0.14344376922617671,7384,3597
meld,rate,20260922,1,logistic,relative,0.11538094468972906,0.14200295647345923,7384,3597
meld,rate,20260922,1,logistic,relative_plus_baseline,0.11196427370525286,0.134828149979577,7384,3597
meld,rate,20260922,1,hgb,absolute,0.15513132560042076,0.16937403288601033,7384,3597
meld,rate,20260922,1,hgb,relative,0.11518537585717079,0.16377929247194062,7384,3597
meld,rate,20260922,1,hgb,relative_plus_baseline,0.15594487331130907,0.1657997619175005,7384,3597
meld,rate,20260922,2,logistic,absolute,0.1104374581202264,0.12693521416393191,9287,1694
meld,rate,20260922,2,logistic,relative,0.081418330849888,0.1298464677845675,9287,1694
meld,rate,20260922,2,logistic,relative_plus_baseline,0.10121988368392121,0.098051008641924,9287,1694
meld,rate,20260922,2,hgb,absolute,0.15370742727318495,0.1567547878001283,9287,1694
meld,rate,20260922,2,hgb,relative,0.1630545910160435,0.1709499960586091,9287,1694
meld,rate,20260922,2,hgb,relative_plus_baseline,0.1933106409714056,0.1628575645503148,9287,1694
meld,rate,20260922,3,logistic,absolute,0.11977610934962164,0.1350801214094417,9104,1877
meld,rate,20260922,3,logistic,relative,0.15014432617264314,0.14149755741761386,9104,1877
meld,rate,20260922,3,logistic,relative_plus_baseline,0.11661217896730777,0.13390164912106658,9104,1877
meld,rate,20260922,3,hgb,absolute,0.16526643654444406,0.18812317745896623,9104,1877
meld,rate,20260922,3,hgb,relative,0.1935167218913642,0.1778291754742672,9104,1877
meld,rate,20260922,3,hgb,relative_plus_baseline,0.1931456054910232,0.17184494781625087,9104,1877
meld,rate,20260922,4,logistic,absolute,0.11482161620002058,0.13693353308170114,8907,2074
meld,rate,20260922,4,logistic,relative,0.13438439638067207,0.13813115098896872,8907,2074
meld,rate,20260922,4,logistic,relative_plus_baseline,0.09332797892043403,0.1135341350133813,8907,2074
meld,rate,20260922,4,hgb,absolute,0.15167934288114313,0.16329015463198301,8907,2074
meld,rate,20260922,4,hgb,relative,0.18577297165368975,0.17556494685366478,8907,2074
meld,rate,20260922,4,hgb,relative_plus_baseline,0.26832510772532236,0.15173763957207573,8907,2074
