seed,speaker_id,rank,sample_id,dataset
20260920,0011,1,esd_english:04cf0c95019254638b45,esd_english
20260920,0011,2,esd_english:6e1ba47a22ff506ba9bf,esd_english
20260920,0011,3,esd_english:db2720e254d858a3cdca,esd_english
20260920,0011,4,esd_english:d6ea06c8ca5e93ebd391,esd_english
20260920,0011,5,esd_english:f5dd70703b5ac51285d0,esd_english
20260920,0011,6,esd_english:8dcda3d960ceb1f19e83,esd_english
20260920,0011,7,esd_english:e873243467b8c6705cfd,esd_english
20260920,0011,8,esd_english:5332c011ce1c02e56ac2,esd_english
20260920,0011,9,esd_english:f1265a1b07333735e561,esd_english
20260920,0011,10,esd_english:28767ee39462a51e023c,esd_english
20260920,0012,1,esd_english:252c5bf0f37d669d4d0d,esd_english
20260920,0012,2,esd_english:71d309aab150c318ed71,esd_english
20260920,0012,3,esd_english:13e2d4f01929b79b62c7,esd_english
20260920,0012,4,esd_english:ac6a02fc142b3dfd4ce7,esd_english
20260920,0012,5,esd_english:f0f384ceba9132be10d9,esd_english
20260920,0012,6,esd_english:9278b4f1de5cac6f0316,esd_english
20260920,0012,7,esd_english:35295e4265df8231fcaa,esd_english
20260920,0012,8,esd_english:e84fc6feab5eccc19eea,esd_english
20260920,0012,9,esd_english:2832ea72926083340a1f,esd_english
20260920,0012,10,esd_english:272876fa4a8b475cbbdb,esd_english
20260920,0013,1,esd_english:2e486ff454c42c4fe9b1,esd_english
20260920,0013,2,esd_english:5a4715a6542554f7b14c,esd_english
20260920,0013,3,esd_english:da7d9f255ac776b27c16,esd_english
20260920,0013,4,esd_english:5dec51c34506cc1a4a73,esd_english
20260920,0013,5,esd_english:97daa8ac9a5a83446916,esd_english
20260920,0013,6,esd_english:586c5973eee80085ffa3,esd_english
20260920,0013,7,esd_english:b7493cb006d8d451e0c7,esd_english
20260920,0013,8,esd_english:0b87264ed1462d26d46d,esd_english
20260920,0013,9,esd_english:00636e1ced9d4cfbc9a4,esd_english
20260920,0013,10,esd_english:f456d7242d29c26ffe89,esd_english
20260920,0014,1,esd_english:76ee106e65d56e4e1bc8,esd_english
20260920,0014,2,esd_english:e9530fc8c981a780ab55,esd_english
20260920,0014,3,esd_english:5803e803fe1464979ab1,esd_english
20260920,0014,4,esd_english:21757869fdb48f26e6ec,esd_english
20260920,0014,5,esd_english:317f9da49c28d56453e3,esd_english
20260920,0014,6,esd_english:f8975950a4c8d0b2e66e,esd_english
20260920,0014,7,esd_english:f5eee43ea39384ee499b,esd_english
20260920,0014,8,esd_english:92f46cca2c166c77eda8,esd_english
20260920,0014,9,esd_english:25746c19bf41f2b13389,esd_english
20260920,0014,10,esd_english:c1cacbfd559ef6d142cb,esd_english
20260920,0015,1,esd_english:6a61a1040cd0e54dd7e4,esd_english
20260920,0015,2,esd_english:0fe46c54e732417e5ae4,esd_english
20260920,0015,3,esd_english:ba238cb128c347317fc6,esd_english
20260920,0015,4,esd_english:29be0ad05f739ee0616b,esd_english
20260920,0015,5,esd_english:0baf4f3abe91280f9179,esd_english
20260920,0015,6,esd_english:2b18001cc83e911f6578,esd_english
20260920,0015,7,esd_english:4e0b11ce27dbc17932eb,esd_english
20260920,0015,8,esd_english:9392911c1226e4be4ce8,esd_english
20260920,0015,9,esd_english:e5faf7a0499f73972d87,esd_english
20260920,0015,10,esd_english:09799065d79d85495bae,esd_english
20260920,0016,1,esd_english:79f3ce82e41be6fe05da,esd_english
20260920,0016,2,esd_english:73d0c6a07c68830ef159,esd_english
20260920,0016,3,esd_english:8d8fd61b3e8f0752994f,esd_english
20260920,0016,4,esd_english:1212d45bf97d938c1c75,esd_english
20260920,0016,5,esd_english:6b9befe0025f068ee7fd,esd_english
20260920,0016,6,esd_english:1314d818add763a0bb39,esd_english
20260920,0016,7,esd_english:51154b8119f49c28398d,esd_english
20260920,0016,8,esd_english:b1df903678bceada9063,esd_english
20260920,0016,9,esd_english:cdac8eddad264f6b517f,esd_english
20260920,0016,10,esd_english:35d1ae44404b55c5417a,esd_english
20260920,0017,1,esd_english:f3e234a6446f455d550f,esd_english
20260920,0017,2,esd_english:0eba5cb815ab87aa846e,esd_english
20260920,0017,3,esd_english:53bc68a8be663f349f7b,esd_english
20260920,0017,4,esd_english:a5464fa1f0c07d89caca,esd_english
20260920,0017,5,esd_english:a5f9fdce2f4aa160748d,esd_english
20260920,0017,6,esd_english:a227c2a3c5ef38efd8f2,esd_english
20260920,0017,7,esd_english:ef7e96407a1059019bd8,esd_english
20260920,0017,8,esd_english:e56f9ed1a387784b7907,esd_english
20260920,0017,9,esd_english:e362342c0e539106fd8c,esd_english
20260920,0017,10,esd_english:2d995427b83b1114b4c0,esd_english
20260920,0018,1,esd_english:bee0aa1cf2e2a4d16939,esd_english
20260920,0018,2,esd_english:ae77bdc01f79d5a72188,esd_english
20260920,0018,3,esd_english:ff4362c963cc62c5cf6a,esd_english
20260920,0018,4,esd_english:eb9d934c14fc4416718e,esd_english
20260920,0018,5,esd_english:b5f1a9ec174f93b7324f,esd_english
20260920,0018,6,esd_english:072b239d0fac8e7b9b6e,esd_english
20260920,0018,7,esd_english:d70c1a4dd89c43f4c81d,esd_english
20260920,0018,8,esd_english:54d02657214ea7d9cd82,esd_english
20260920,0018,9,esd_english:a235b6c8dd4a7cea7014,esd_english
20260920,0018,10,esd_english:45f6b953d877870ebc6d,esd_english
20260920,0019,1,esd_english:8c686bf4e8815c9fed79,esd_english
20260920,0019,2,esd_english:4d8c0e437e4117c3e412,esd_english
20260920,0019,3,esd_english:1e0bbf03e86bdff36b63,esd_english
20260920,0019,4,esd_english:997e24544716bb8e41e2,esd_english
20260920,0019,5,esd_english:7e31cc02f7d99d4718fb,esd_english
20260920,0019,6,esd_english:1ff3c219b3ed0f95a671,esd_english
20260920,0019,7,esd_english:824340855115e8ca2eca,esd_english
20260920,0019,8,esd_english:90cf53597c463586288e,esd_english
20260920,0019,9,esd_english:c21e0f0d13234bd7d50a,esd_english
20260920,0019,10,esd_english:98f0288c74caf2774e77,esd_english
20260920,0020,1,esd_english:d7d956af7afaf4f01198,esd_english
20260920,0020,2,esd_english:19d5a7e28785b67205db,esd_english
20260920,0020,3,esd_english:4d28cd4a8c51009f980c,esd_english
20260920,0020,4,esd_english:3873bfad628bb801b5a0,esd_english
20260920,0020,5,esd_english:e2b6794783abdbd4d796,esd_english
20260920,0020,6,esd_english:b25c27616205a9a35bee,esd_english
20260920,0020,7,esd_english:093314f9d3b50a144401,esd_english
20260920,0020,8,esd_english:15ca83b247a5cf726d1d,esd_english
20260920,0020,9,esd_english:00ae2834152e4a300fdf,esd_english
20260920,0020,10,esd_english:ce446fc96d88badcb123,esd_english
20260921,0011,1,esd_english:931824d5ee6faf3861c3,esd_english
20260921,0011,2,esd_english:d68030a45a4e832158c0,esd_english
20260921,0011,3,esd_english:c21809def1bdc4bf4b51,esd_english
20260921,0011,4,esd_english:578b0c0d217ea6d0a604,esd_english
20260921,0011,5,esd_english:9f1b817a72d57a251161,esd_english
20260921,0011,6,esd_english:25f63a0717d1d36d9c83,esd_english
20260921,0011,7,esd_english:b9e25cbda28d9b6a1f0f,esd_english
20260921,0011,8,esd_english:00973f535683871c77df,esd_english
20260921,0011,9,esd_english:84b3be4df579569afbab,esd_english
20260921,0011,10,esd_english:83c257cce070d59d9720,esd_english
20260921,0012,1,esd_english:dd598bc91e817bb1fb89,esd_english
20260921,0012,2,esd_english:8a7555811ade1a8f10b5,esd_english
20260921,0012,3,esd_english:8b6f00e2f8bc72d78fb8,esd_english
20260921,0012,4,esd_english:b024acd5a118e6461b43,esd_english
20260921,0012,5,esd_english:ab45eb7092c9ba10c6ad,esd_english
20260921,0012,6,esd_english:5ff0249e2b95dd2a3650,esd_english
20260921,0012,7,esd_english:4098c81d97e5106ad33b,esd_english
20260921,0012,8,esd_english:ac30653f1547e126274b,esd_english
20260921,0012,9,esd_english:76842c6c5e6dc4187bd2,esd_english
20260921,0012,10,esd_english:dc62e5b3c589cb83649e,esd_english
20260921,0013,1,esd_english:311cf86773f39d4e35b0,esd_english
20260921,0013,2,esd_english:40eab51e6f41a75e8dc7,esd_english
20260921,0013,3,esd_english:b192f873a98809257473,esd_english
20260921,0013,4,esd_english:e7abf23b1ec7c56c6601,esd_english
20260921,0013,5,esd_english:931cd5f730bbba997822,esd_english
20260921,0013,6,esd_english:d5e8e7c30baa9a545d5c,esd_english
20260921,0013,7,esd_english:3af92e79ca0fac8d3c75,esd_english
20260921,0013,8,esd_english:541311dffababb20a5af,esd_english
20260921,0013,9,esd_english:d824ed2f6d3576e38518,esd_english
20260921,0013,10,esd_english:2ddc4cb167d965a8cf9a,esd_english
20260921,0014,1,esd_english:4d63c205cc213ca630b1,esd_english
20260921,0014,2,esd_english:8cdae495088f7913bbc2,esd_english
20260921,0014,3,esd_english:bf6c8ef3f65acf25be56,esd_english
20260921,0014,4,esd_english:cac6bb1a685e2ac500c3,esd_english
20260921,0014,5,esd_english:66e530371479b6e1f0b7,esd_english
20260921,0014,6,esd_english:b5bc21f55efef0c19fa6,esd_english
20260921,0014,7,esd_english:86b894d7528057000839,esd_english
20260921,0014,8,esd_english:175f3ce62c19c377d9ef,esd_english
20260921,0014,9,esd_english:303f68e1f79dd527c47d,esd_english
20260921,0014,10,esd_english:1206e5695a56bfd83c7a,esd_english
20260921,0015,1,esd_english:ceac4c15cde115bd5240,esd_english
20260921,0015,2,esd_english:619f0c2526b93d9c805f,esd_english
20260921,0015,3,esd_english:d035d3927bf2ec831fea,esd_english
20260921,0015,4,esd_english:d21e5db48d5eebbcc231,esd_english
20260921,0015,5,esd_english:1615b5d7afeb666c913b,esd_english
20260921,0015,6,esd_english:2a4ee7c6cb0631f52007,esd_english
20260921,0015,7,esd_english:231772d7c4757b2fa9a0,esd_english
20260921,0015,8,esd_english:dbff31314ee27720fc8f,esd_english
20260921,0015,9,esd_english:ed6f45b9d48156648564,esd_english
20260921,0015,10,esd_english:7562327e4f6630a65d3b,esd_english
20260921,0016,1,esd_english:24cf78061d2e768abd25,esd_english
20260921,0016,2,esd_english:f8e495ef90fc7ffb78fb,esd_english
20260921,0016,3,esd_english:c9dac80a873ddc468622,esd_english
20260921,0016,4,esd_english:0b979471e6133ee47a4e,esd_english
20260921,0016,5,esd_english:9445c59734dc7cb6709c,esd_english
20260921,0016,6,esd_english:e48e2f759da816b17e97,esd_english
20260921,0016,7,esd_english:17eceb14e38d4e29a6fa,esd_english
20260921,0016,8,esd_english:51154b8119f49c28398d,esd_english
20260921,0016,9,esd_english:d1a01fdd15b2e2fac491,esd_english
20260921,0016,10,esd_english:3e773ff3bb9761861d13,esd_english
20260921,0017,1,esd_english:2007d77b54b1bf367f0d,esd_english
20260921,0017,2,esd_english:719bb6361624651bec48,esd_english
20260921,0017,3,esd_english:080b960dc840868b51e7,esd_english
20260921,0017,4,esd_english:5661af887a66c9f2c3e9,esd_english
20260921,0017,5,esd_english:517254fd07657a0f2bf4,esd_english
20260921,0017,6,esd_english:1dc20b38be2dd100a30c,esd_english
20260921,0017,7,esd_english:1ad603a65771deec31cd,esd_english
20260921,0017,8,esd_english:bea9a6703c9792912a75,esd_english
20260921,0017,9,esd_english:80693515595ec973cee6,esd_english
20260921,0017,10,esd_english:c858eb0b45a0795caefb,esd_english
20260921,0018,1,esd_english:bd3c02335d82f5eb0c9a,esd_english
20260921,0018,2,esd_english:cc83499a1e6449a02616,esd_english
20260921,0018,3,esd_english:f3e760e0c4473866f9ef,esd_english
20260921,0018,4,esd_english:32ce936e2501423c1a12,esd_english
20260921,0018,5,esd_english:3d3e414bb4332cffd1bd,esd_english
20260921,0018,6,esd_english:db8a89bf6bf571b925a9,esd_english
20260921,0018,7,esd_english:75d7b90be158a814e3a7,esd_english
20260921,0018,8,esd_english:20f04e0573c3d65ba5de,esd_english
20260921,0018,9,esd_english:4b03e9c5148d726d4466,esd_english
20260921,0018,10,esd_english:40bc440c324cbdd58fc1,esd_english
20260921,0019,1,esd_english:efa3ab29ed8575f4b91e,esd_english
20260921,0019,2,esd_english:f13f73f5d5b66fec817b,esd_english
20260921,0019,3,esd_english:55c278bed711bc6f1c06,esd_english
20260921,0019,4,esd_english:1fc3646912cc40089f0b,esd_english
20260921,0019,5,esd_english:f359cced26d0f9e0448e,esd_english
20260921,0019,6,esd_english:fa556af1f59318530595,esd_english
20260921,0019,7,esd_english:6a0695ef6d932fa43b2f,esd_english
20260921,0019,8,esd_english:f46ecbe155ccdb5cf990,esd_english
20260921,0019,9,esd_english:90364ffc92ae3b1da056,esd_english
20260921,0019,10,esd_english:7d49863269b0975cdd40,esd_english
20260921,0020,1,esd_english:81350b9894624960167d,esd_english
20260921,0020,2,esd_english:7108785bd82ffc82a084,esd_english
20260921,0020,3,esd_english:cb360a890fa6d91d2031,esd_english
20260921,0020,4,esd_english:566d2adf7160f4f18c29,esd_english
20260921,0020,5,esd_english:806aff73e1f61ee24ded,esd_english
20260921,0020,6,esd_english:0e0f2a6ea3a571b8b242,esd_english
20260921,0020,7,esd_english:3e13bc4e221811c08e65,esd_english
20260921,0020,8,esd_english:30b7b810d1ba2bb764c1,esd_english
20260921,0020,9,esd_english:99176dc4a989bcee0ec9,esd_english
20260921,0020,10,esd_english:bec51d4ce7a185d8eb36,esd_english
20260922,0011,1,esd_english:abb61af670f920e2fc94,esd_english
20260922,0011,2,esd_english:0aa36ac574c8e074c0cf,esd_english
20260922,0011,3,esd_english:28b5da8d3a9bac324547,esd_english
20260922,0011,4,esd_english:37f50f49dbc2767e7215,esd_english
20260922,0011,5,esd_english:f72093c56bf7ec15b492,esd_english
20260922,0011,6,esd_english:0f5c3a1f0ab91d28e324,esd_english
20260922,0011,7,esd_english:4cfc419667dcb197cfe0,esd_english
20260922,0011,8,esd_english:3f3e2c529310106e996f,esd_english
20260922,0011,9,esd_english:8b32ee1ffcf3a9fc9c6e,esd_english
20260922,0011,10,esd_english:dcf93455a9fcb615814b,esd_english
20260922,0012,1,esd_english:959b6c0d5cb1eda6feb9,esd_english
20260922,0012,2,esd_english:b77a40a52ef40ead416d,esd_english
20260922,0012,3,esd_english:f549e118acb0f63c2fa9,esd_english
20260922,0012,4,esd_english:cf13b672b1b4a746ece2,esd_english
20260922,0012,5,esd_english:9701be13d2f4cf6ce9da,esd_english
20260922,0012,6,esd_english:8d59074709182ec88b56,esd_english
20260922,0012,7,esd_english:6cb292244e571f3e2be0,esd_english
20260922,0012,8,esd_english:39b4c9139fef863df3d5,esd_english
20260922,0012,9,esd_english:3c52657effdd3f62301d,esd_english
20260922,0012,10,esd_english:ec554a8d23255cc861d1,esd_english
20260922,0013,1,esd_english:6f50b96a5f7b4f02378f,esd_english
20260922,0013,2,esd_english:d824ed2f6d3576e38518,esd_english
20260922,0013,3,esd_english:b44c4f6230e8d3477312,esd_english
20260922,0013,4,esd_english:f98672be5ba7fc566b50,esd_english
20260922,0013,5,esd_english:2c4016ab929664b4c5b8,esd_english
20260922,0013,6,esd_english:e0a865d5c3d18fbc044d,esd_english
20260922,0013,7,esd_english:06b2550f26122c442f23,esd_english
20260922,0013,8,esd_english:ce78337135bfe37558a8,esd_english
20260922,0013,9,esd_english:ba06e9c3475ad7b1bd08,esd_english
20260922,0013,10,esd_english:611acd7775fd3cb04ac1,esd_english
20260922,0014,1,esd_english:e670f448fb82087d7051,esd_english
20260922,0014,2,esd_english:5c0c20bd05f631f45684,esd_english
20260922,0014,3,esd_english:9f9a409a651d3c061a01,esd_english
20260922,0014,4,esd_english:ce47b60a876f513f1bc2,esd_english
20260922,0014,5,esd_english:685a18c5495ed2fb670b,esd_english
20260922,0014,6,esd_english:5f6ff8ab602195a9a1d2,esd_english
20260922,0014,7,esd_english:1aab5ebe64f3a5ee1606,esd_english
20260922,0014,8,esd_english:23a06158b7b39c9f9388,esd_english
20260922,0014,9,esd_english:30e657e12509eb04a9ff,esd_english
20260922,0014,10,esd_english:397b06dca7c249fa397a,esd_english
20260922,0015,1,esd_english:23914689c2b530fa2b8e,esd_english
20260922,0015,2,esd_english:b1960237cf18f4a06723,esd_english
20260922,0015,3,esd_english:10b3b319c5854c5f45e8,esd_english
20260922,0015,4,esd_english:13888d75151a8a22a672,esd_english
20260922,0015,5,esd_english:09f2eb187828ad4a4658,esd_english
20260922,0015,6,esd_english:88591bffd7978a217f76,esd_english
20260922,0015,7,esd_english:eeec835ace035a7319ee,esd_english
20260922,0015,8,esd_english:cf4a717d63922daa4eea,esd_english
20260922,0015,9,esd_english:fb1b3acf85e0785f9913,esd_english
20260922,0015,10,esd_english:b124034c85ed175dbc13,esd_english
20260922,0016,1,esd_english:a36023c49bbdd368de61,esd_english
20260922,0016,2,esd_english:e923af669c8358723a46,esd_english
20260922,0016,3,esd_english:5100884d4afe17b1dce7,esd_english
20260922,0016,4,esd_english:c1e866bbbd3138ead76b,esd_english
20260922,0016,5,esd_english:89fff60740400b88912d,esd_english
20260922,0016,6,esd_english:929e90a9c1a3d23b5985,esd_english
20260922,0016,7,esd_english:51c5c3d88e56efed6912,esd_english
20260922,0016,8,esd_english:8a3b617e6eafec76cf79,esd_english
20260922,0016,9,esd_english:210387fe334206549b0e,esd_english
20260922,0016,10,esd_english:e51130cf9c3915cadc82,esd_english
20260922,0017,1,esd_english:8adea8084b43021dfd11,esd_english
20260922,0017,2,esd_english:c838fdba6458c16280f1,esd_english
20260922,0017,3,esd_english:3c64c7231a59a4d2166c,esd_english
20260922,0017,4,esd_english:ae626fa715a4d28fff90,esd_english
20260922,0017,5,esd_english:94a5ffa11cdfa2b0ca86,esd_english
20260922,0017,6,esd_english:eb89d570210c3ef77d6a,esd_english
20260922,0017,7,esd_english:fcdf375e33dd6c67eb58,esd_english
20260922,0017,8,esd_english:aa318428b32575dd3e37,esd_english
20260922,0017,9,esd_english:99e6782ea2f6427cf9b4,esd_english
20260922,0017,10,esd_english:248b047aa2d9898d1d61,esd_english
20260922,0018,1,esd_english:086991829e73292d8043,esd_english
20260922,0018,2,esd_english:1c36a21dd7350cf6263f,esd_english
20260922,0018,3,esd_english:ac1801e523ae846e39e1,esd_english
20260922,0018,4,esd_english:af7d2acd1436c345128d,esd_english
20260922,0018,5,esd_english:f801d49b47b598eb5469,esd_english
20260922,0018,6,esd_english:724ccc3df9edf9433a83,esd_english
20260922,0018,7,esd_english:9c5661d015f775fc8f97,esd_english
20260922,0018,8,esd_english:0fc5c6bc6865c1966ee3,esd_english
20260922,0018,9,esd_english:2a2463d60e8323c4ec8e,esd_english
20260922,0018,10,esd_english:7b397f028e20fb25e63d,esd_english
20260922,0019,1,esd_english:8f5eecca3162e80c7686,esd_english
20260922,0019,2,esd_english:e5105fe18fb6b6e9b42e,esd_english
20260922,0019,3,esd_english:6313cec3b848704dd83e,esd_english
20260922,0019,4,esd_english:8821c3d584cb8b8748d5,esd_english
20260922,0019,5,esd_english:c7dbee42338a784c8c12,esd_english
20260922,0019,6,esd_english:0ad99313eaf68feb38af,esd_english
20260922,0019,7,esd_english:a023633b450368976c91,esd_english
20260922,0019,8,esd_english:f91ef369d1c068ea6c55,esd_english
20260922,0019,9,esd_english:7ab7f831205f1988590a,esd_english
20260922,0019,10,esd_english:dbdcd4fba621fcf2eb87,esd_english
20260922,0020,1,esd_english:03437aedc47d241d1754,esd_english
20260922,0020,2,esd_english:d187fcb0e1612b530cff,esd_english
20260922,0020,3,esd_english:5bb0093da0d74a6cd811,esd_english
20260922,0020,4,esd_english:27abbf964e5b067a6a03,esd_english
20260922,0020,5,esd_english:0fc10fb129ec52350406,esd_english
20260922,0020,6,esd_english:26d0afa1be0dd45a2c74,esd_english
20260922,0020,7,esd_english:44d3eefae4074f50417d,esd_english
20260922,0020,8,esd_english:445163b21e9720e50e5b,esd_english
20260922,0020,9,esd_english:f5670524b58a7f40de9c,esd_english
20260922,0020,10,esd_english:098eb0076a0d08d9eb83,esd_english
20260920,M003,1,mead_part0:668255c4bb1a0d5bad16,mead_part0
20260920,M003,2,mead_part0:929b1d55246d4ec06b63,mead_part0
20260920,M003,3,mead_part0:dd7bc0214dd98f3d83e1,mead_part0
20260920,M003,4,mead_part0:656386395d8e022cca10,mead_part0
20260920,M003,5,mead_part0:431d1290e8611bad2602,mead_part0
20260920,M003,6,mead_part0:8b0d28811310bcbdc10a,mead_part0
20260920,M003,7,mead_part0:08ee3496d7f26afe459d,mead_part0
20260920,M003,8,mead_part0:69f8ff8033c5034b137e,mead_part0
20260920,M003,9,mead_part0:c5a4e9b599a99fcd034d,mead_part0
20260920,M003,10,mead_part0:198659906008ca0d0b3e,mead_part0
20260920,M005,1,mead_part0:db690add87308907a114,mead_part0
20260920,M005,2,mead_part0:354c0074f7acb6b06631,mead_part0
20260920,M005,3,mead_part0:4b82f8a36cb80b1edc1b,mead_part0
20260920,M005,4,mead_part0:93fc15a6301d9b399d5b,mead_part0
20260920,M005,5,mead_part0:7315302fc9fbeb1af423,mead_part0
20260920,M005,6,mead_part0:40d66c3b155da1241676,mead_part0
20260920,M005,7,mead_part0:85db1e5e48b9b0c1caff,mead_part0
20260920,M005,8,mead_part0:0fbee040f1cead6076a3,mead_part0
20260920,M005,9,mead_part0:2955ec29761b57050b91,mead_part0
20260920,M005,10,mead_part0:eea8dcea86abb81b162c,mead_part0
20260920,M007,1,mead_part0:0c6ef4fccbd4fac60b63,mead_part0
20260920,M007,2,mead_part0:1a437c306de2e0db711c,mead_part0
20260920,M007,3,mead_part0:99f2db9a1fb2988d7799,mead_part0
20260920,M007,4,mead_part0:f241b5e6ad08699d2318,mead_part0
20260920,M007,5,mead_part0:9c270579e6279caf2dc2,mead_part0
20260920,M007,6,mead_part0:28313ea6880d9c345913,mead_part0
20260920,M007,7,mead_part0:fb16794da08423ffa1d3,mead_part0
20260920,M007,8,mead_part0:5775cc575a6a9c808ba6,mead_part0
20260920,M007,9,mead_part0:33ec53f22ab2ec2440e8,mead_part0
20260920,M007,10,mead_part0:82d4c8da81ec8a9b1acf,mead_part0
20260920,M009,1,mead_part0:29ef1d0eb67423a7bb52,mead_part0
20260920,M009,2,mead_part0:764ee3c206c1fa18ec60,mead_part0
20260920,M009,3,mead_part0:606ec3f374038c602b07,mead_part0
20260920,M009,4,mead_part0:2a2d54c5e292fe7113a8,mead_part0
20260920,M009,5,mead_part0:c23a9e47077f5b425438,mead_part0
20260920,M009,6,mead_part0:cc4ce20c9d6163e2f76c,mead_part0
20260920,M009,7,mead_part0:67968c1f72f334ca7ad6,mead_part0
20260920,M009,8,mead_part0:bc6b75a21c676cf93ee1,mead_part0
20260920,M009,9,mead_part0:5e0d8386cc989da2435b,mead_part0
20260920,M009,10,mead_part0:cb5caafa0ce4ce54cd20,mead_part0
20260920,M011,1,mead_part0:d7b91aa843e22fd15fe5,mead_part0
20260920,M011,2,mead_part0:a8e2f7e5d3889d95bdc1,mead_part0
20260920,M011,3,mead_part0:57aa704f1debd9e4be59,mead_part0
20260920,M011,4,mead_part0:0b056b173489fbb330e6,mead_part0
20260920,M011,5,mead_part0:82bd22b4e2cbab66afc3,mead_part0
20260920,M011,6,mead_part0:8eef429531dbe72a34c0,mead_part0
20260920,M011,7,mead_part0:4c3bdc4924f663e52240,mead_part0
20260920,M011,8,mead_part0:28cc78acedc463083f27,mead_part0
20260920,M011,9,mead_part0:efb113848efa508f0b0e,mead_part0
20260920,M011,10,mead_part0:419567bdfbf0c6f0331f,mead_part0
20260920,M012,1,mead_part0:269feebc562e8e7ea90e,mead_part0
20260920,M012,2,mead_part0:04be91fbe6f465353a50,mead_part0
20260920,M012,3,mead_part0:dfdba3889bbb24c990e9,mead_part0
20260920,M012,4,mead_part0:bdb499a6ddf82565dd41,mead_part0
20260920,M012,5,mead_part0:b72ddcc57dda01bf7923,mead_part0
20260920,M012,6,mead_part0:f41ae39030446aaf208e,mead_part0
20260920,M012,7,mead_part0:36c5b9d32aa92d7125fc,mead_part0
20260920,M012,8,mead_part0:0871ec8aa24780a6ac6d,mead_part0
20260920,M012,9,mead_part0:fd17d12bbae1322c4ac9,mead_part0
20260920,M012,10,mead_part0:3fb9f175b31a236723a2,mead_part0
20260920,M013,1,mead_part0:54365c9d85e9ff1f7409,mead_part0
20260920,M013,2,mead_part0:94b1108ffa37f09ae7e7,mead_part0
20260920,M013,3,mead_part0:973563d6820874fe0c67,mead_part0
20260920,M013,4,mead_part0:42e338c7adc393922bce,mead_part0
20260920,M013,5,mead_part0:6b6f024deb75f5d1482f,mead_part0
20260920,M013,6,mead_part0:ada24206a05fe2cedd24,mead_part0
20260920,M013,7,mead_part0:471a85709a8f90d349da,mead_part0
20260920,M013,8,mead_part0:1d2fbcc0ee5b9150235b,mead_part0
20260920,M013,9,mead_part0:2b7b38f05ae34b01f1fc,mead_part0
20260920,M013,10,mead_part0:458edebf9a12d8c7ffe3,mead_part0
20260920,M019,1,mead_part0:165b56c73d3919ee08de,mead_part0
20260920,M019,2,mead_part0:307abc223ec906eeae55,mead_part0
20260920,M019,3,mead_part0:44f8ea0d764478e3ecca,mead_part0
20260920,M019,4,mead_part0:789404be5351817f233a,mead_part0
20260920,M019,5,mead_part0:62476b2c2d74a1a86ce9,mead_part0
20260920,M019,6,mead_part0:7042b147ee3d673e8ab4,mead_part0
20260920,M019,7,mead_part0:fa4c1ea2f6e4a30ca770,mead_part0
20260920,M019,8,mead_part0:7249d32f427a03b62a74,mead_part0
20260920,M019,9,mead_part0:aa8acc2b12919b1bbd03,mead_part0
20260920,M019,10,mead_part0:747f8ba92e402cb2a157,mead_part0
20260920,M022,1,mead_part0:1ee3c02121829cafe37e,mead_part0
20260920,M022,2,mead_part0:63e63d93837241d4a35b,mead_part0
20260920,M022,3,mead_part0:09bf7a444dc454370808,mead_part0
20260920,M022,4,mead_part0:d26620d2539eb808d6c7,mead_part0
20260920,M022,5,mead_part0:e40d1428f1e857acaa2f,mead_part0
20260920,M022,6,mead_part0:47139e8e4a6a6e43ec78,mead_part0
20260920,M022,7,mead_part0:05bdc72fa95d71900829,mead_part0
20260920,M022,8,mead_part0:5ecd2439548b73841914,mead_part0
20260920,M022,9,mead_part0:5e7a458b494d7975c30a,mead_part0
20260920,M022,10,mead_part0:ff23e2a1d67846f37a77,mead_part0
20260920,M023,1,mead_part0:c3ab177663e1af5a56b9,mead_part0
20260920,M023,2,mead_part0:26da00cd40407fa49bc9,mead_part0
20260920,M023,3,mead_part0:ffc811ba466a186552e8,mead_part0
20260920,M023,4,mead_part0:c8b57f6288d2fc33428c,mead_part0
20260920,M023,5,mead_part0:aba2e7ce8a896c1bd144,mead_part0
20260920,M023,6,mead_part0:6c42e88b74cb0b9517bd,mead_part0
20260920,M023,7,mead_part0:57d2fd552dbf2cf3285c,mead_part0
20260920,M023,8,mead_part0:8254ff5e6b14004cb8af,mead_part0
20260920,M023,9,mead_part0:a35120d460e716ec46c5,mead_part0
20260920,M023,10,mead_part0:78d38f4620ffffd9a5c9,mead_part0
20260920,M024,1,mead_part0:bb5c5f8d6b4b9869b92b,mead_part0
20260920,M024,2,mead_part0:e41cf109b52df755fd7e,mead_part0
20260920,M024,3,mead_part0:718bf92881373fd34ba2,mead_part0
20260920,M024,4,mead_part0:4e67df7bf51084b98f42,mead_part0
20260920,M024,5,mead_part0:5eadcc3791ac95871fc4,mead_part0
20260920,M024,6,mead_part0:742dbe1d782849ef008c,mead_part0
20260920,M024,7,mead_part0:3b8f71e8c758406909e2,mead_part0
20260920,M024,8,mead_part0:b84e3fd53eb283cd87cf,mead_part0
20260920,M024,9,mead_part0:75099aaab388551f3c48,mead_part0
20260920,M024,10,mead_part0:d39f842d6d67e97e2286,mead_part0
20260920,M025,1,mead_part0:7a2e8f1369b90a971560,mead_part0
20260920,M025,2,mead_part0:17afb3a103b3b9903ba5,mead_part0
20260920,M025,3,mead_part0:d9d2c29214d9742936d3,mead_part0
20260920,M025,4,mead_part0:fe0d600b3d13d60411d4,mead_part0
20260920,M025,5,mead_part0:9fdc9c645bb9f52cc603,mead_part0
20260920,M025,6,mead_part0:d2540c8519bd204b85ee,mead_part0
20260920,M025,7,mead_part0:8f2f445bf2db5f562711,mead_part0
20260920,M025,8,mead_part0:a67eb667f6317742af06,mead_part0
20260920,M025,9,mead_part0:ee078d63f62799dd316a,mead_part0
20260920,M025,10,mead_part0:637940ae647195db79da,mead_part0
20260920,M026,1,mead_part0:179194310611d4d3b245,mead_part0
20260920,M026,2,mead_part0:d0e49f8d6401a5ecab37,mead_part0
20260920,M026,3,mead_part0:52f0f8f43831ed70c64c,mead_part0
20260920,M026,4,mead_part0:b4e5f0161d8d3744d2da,mead_part0
20260920,M026,5,mead_part0:ba7c7d9aace23aa87495,mead_part0
20260920,M026,6,mead_part0:e8f6685af21c6ec8ec43,mead_part0
20260920,M026,7,mead_part0:41116e52395f6305f946,mead_part0
20260920,M026,8,mead_part0:a05dc5ad2ddec263ce21,mead_part0
20260920,M026,9,mead_part0:ba57fe39fbe080402eb1,mead_part0
20260920,M026,10,mead_part0:778be84c6f9d602e6e48,mead_part0
20260920,M027,1,mead_part0:2942f9f1b30933f6ed64,mead_part0
20260920,M027,2,mead_part0:c99cf729736c80dcb301,mead_part0
20260920,M027,3,mead_part0:5a972d708a5e02835005,mead_part0
20260920,M027,4,mead_part0:27f8f30ef5840fa7856d,mead_part0
20260920,M027,5,mead_part0:9e52be893fd3ba6c97d0,mead_part0
20260920,M027,6,mead_part0:1ab6a6bc47fe738e51b8,mead_part0
20260920,M027,7,mead_part0:1fc7c14c7cba65989b70,mead_part0
20260920,M027,8,mead_part0:afb148d9531339a3b7eb,mead_part0
20260920,M027,9,mead_part0:dd399ddbdd565ec3e13a,mead_part0
20260920,M027,10,mead_part0:a2671d3786b53cfa05a8,mead_part0
20260920,M028,1,mead_part0:359f1cfbb61db056a56b,mead_part0
20260920,M028,2,mead_part0:39de3a5b70ff0cf231a1,mead_part0
20260920,M028,3,mead_part0:28c65bb1e3458d5a202b,mead_part0
20260920,M028,4,mead_part0:f2b35b843844a394f57c,mead_part0
20260920,M028,5,mead_part0:ae1167441cfa1290981e,mead_part0
20260920,M028,6,mead_part0:d6f8e00036f9fbdf045a,mead_part0
20260920,M028,7,mead_part0:44f7b5f148fcd22c900d,mead_part0
20260920,M028,8,mead_part0:9c195b8c34af6c9626fb,mead_part0
20260920,M028,9,mead_part0:f0a9f87159e8fda8de94,mead_part0
20260920,M028,10,mead_part0:3fea46760513328bfd7e,mead_part0
20260920,M029,1,mead_part0:6a475c048df8ecb8547b,mead_part0
20260920,M029,2,mead_part0:452b969d6f0c085117cd,mead_part0
20260920,M029,3,mead_part0:f543f04165c171a56e05,mead_part0
20260920,M029,4,mead_part0:bf4e38f4a67be38d8861,mead_part0
20260920,M029,5,mead_part0:fba3529d4a6ad4822ee5,mead_part0
20260920,M029,6,mead_part0:801d2fe9f7347e86d40b,mead_part0
20260920,M029,7,mead_part0:40cf3799d0067551e1ef,mead_part0
20260920,M029,8,mead_part0:c9e83e1c72900c25d66a,mead_part0
20260920,M029,9,mead_part0:614f3951934f74ef9005,mead_part0
20260920,M029,10,mead_part0:eee6b059f4098542b18d,mead_part0
20260920,M030,1,mead_part0:1bfb7505bac84e914bfd,mead_part0
20260920,M030,2,mead_part0:5c2e2f3ad145b3287a75,mead_part0
20260920,M030,3,mead_part0:cab4b8f4f59fb1086939,mead_part0
20260920,M030,4,mead_part0:03701689638bb0f24ce2,mead_part0
20260920,M030,5,mead_part0:8d379bb8053ee01a0273,mead_part0
20260920,M030,6,mead_part0:278f4c6184d94b1df4c4,mead_part0
20260920,M030,7,mead_part0:7e05b052d304ee5008a2,mead_part0
20260920,M030,8,mead_part0:9039949b8b63fe2fee5b,mead_part0
20260920,M030,9,mead_part0:efa3afc3c829eee7548c,mead_part0
20260920,M030,10,mead_part0:2e5edbbbe33ef2398fad,mead_part0
20260920,M031,1,mead_part0:523c4d60845334902ed7,mead_part0
20260920,M031,2,mead_part0:5b2ee263b235413c1772,mead_part0
20260920,M031,3,mead_part0:61ea20885ce5f8ff6641,mead_part0
20260920,M031,4,mead_part0:4121385e23fd00b34005,mead_part0
20260920,M031,5,mead_part0:686df83cab3d2b2b096a,mead_part0
20260920,M031,6,mead_part0:92d242dec7c87237d150,mead_part0
20260920,M031,7,mead_part0:184a7d67b85e2661a4fb,mead_part0
20260920,M031,8,mead_part0:21bc15e857a3d00ed18c,mead_part0
20260920,M031,9,mead_part0:ff6b1d676e4de035926c,mead_part0
20260920,M031,10,mead_part0:6dbc2306d7b74db8b9f5,mead_part0
20260920,M032,1,mead_part0:cb99473901fd67453042,mead_part0
20260920,M032,2,mead_part0:920fd07c63d915fe75d9,mead_part0
20260920,M032,3,mead_part0:2c2ad8c868c27c4b02fe,mead_part0
20260920,M032,4,mead_part0:eb71e6099ab798f50587,mead_part0
20260920,M032,5,mead_part0:caab254c3eb6d3c63696,mead_part0
20260920,M032,6,mead_part0:d34c83f11153f41312dc,mead_part0
20260920,M032,7,mead_part0:d51722e4fb95bea8d7ce,mead_part0
20260920,M032,8,mead_part0:f883894f23b3df63cbfd,mead_part0
20260920,M032,9,mead_part0:b78d0fbb54ba1146f830,mead_part0
20260920,M032,10,mead_part0:439b8cfbca5d1fb611ad,mead_part0
20260920,M033,1,mead_part0:8235b0ae6c8dac711fc4,mead_part0
20260920,M033,2,mead_part0:0f4944282c725cc29f18,mead_part0
20260920,M033,3,mead_part0:868d1207542c4df37ca3,mead_part0
20260920,M033,4,mead_part0:e799c2179610a4ff76e4,mead_part0
20260920,M033,5,mead_part0:b445bca8464446529f15,mead_part0
20260920,M033,6,mead_part0:2a87acc58388727fb9f3,mead_part0
20260920,M033,7,mead_part0:1b593983682e6ffde62a,mead_part0
20260920,M033,8,mead_part0:332f1648200153dd4c35,mead_part0
20260920,M033,9,mead_part0:66502f171f4df771f197,mead_part0
20260920,M033,10,mead_part0:c87559beff9fd6bc593e,mead_part0
20260920,M034,1,mead_part0:f3e7434fce61a30ec5ac,mead_part0
20260920,M034,2,mead_part0:b1de4c1c082ee8e798e7,mead_part0
20260920,M034,3,mead_part0:97954a1e2f551fdcd166,mead_part0
20260920,M034,4,mead_part0:4279c5c73902649af90d,mead_part0
20260920,M034,5,mead_part0:e55994957b2c8453da49,mead_part0
20260920,M034,6,mead_part0:026fedec07c83c1ccd43,mead_part0
20260920,M034,7,mead_part0:0616d37b1f60eb8c56d9,mead_part0
20260920,M034,8,mead_part0:99d8682b38328ea65531,mead_part0
20260920,M034,9,mead_part0:b9f53f582e0becfb5009,mead_part0
20260920,M034,10,mead_part0:e6e432d4c9fa5255c051,mead_part0
20260920,M035,1,mead_part0:5519529299e72f866d91,mead_part0
20260920,M035,2,mead_part0:082f406a18b5a6929361,mead_part0
20260920,M035,3,mead_part0:276230353c77a7215bf7,mead_part0
20260920,M035,4,mead_part0:7c1dd33704b2864f6b3a,mead_part0
20260920,M035,5,mead_part0:fd2133dbd79ac28cae9e,mead_part0
20260920,M035,6,mead_part0:a984e052610a55a6a4ef,mead_part0
20260920,M035,7,mead_part0:3e848d66dcd7c9b4275e,mead_part0
20260920,M035,8,mead_part0:e0a57dea859f6f1e7f6a,mead_part0
20260920,M035,9,mead_part0:707f5873e1a8f2c497b7,mead_part0
20260920,M035,10,mead_part0:fec85bc99f4b75ba23dc,mead_part0
20260920,M037,1,mead_part0:575e011144e0439b090c,mead_part0
20260920,M037,2,mead_part0:d97e8fe34ecbced96682,mead_part0
20260920,M037,3,mead_part0:f233fe049afc079d100d,mead_part0
20260920,M037,4,mead_part0:98cac8a5f27a66708009,mead_part0
20260920,M037,5,mead_part0:6e6fbc0a1845b731e7b8,mead_part0
20260920,M037,6,mead_part0:dc8c650a80287e8b7a8b,mead_part0
20260920,M037,7,mead_part0:c840f7fc7d870763eb62,mead_part0
20260920,M037,8,mead_part0:fc9e463940316662ad25,mead_part0
20260920,M037,9,mead_part0:a5ba3d19b0d39fd9c631,mead_part0
20260920,M037,10,mead_part0:5bde0a938d8ebdcbd73e,mead_part0
20260920,M039,1,mead_part0:0fd4640c67d42299d8ed,mead_part0
20260920,M039,2,mead_part0:55572585d0a6b47fae2f,mead_part0
20260920,M039,3,mead_part0:36e2614a70a51cc14b38,mead_part0
20260920,M039,4,mead_part0:9f5cf77a3a0ffa636527,mead_part0
20260920,M039,5,mead_part0:208180e3c319edaee1a7,mead_part0
20260920,M039,6,mead_part0:e2a866a4141db9acc56d,mead_part0
20260920,M039,7,mead_part0:d566afc703e8b4dda395,mead_part0
20260920,M039,8,mead_part0:154685bd1df64cc14970,mead_part0
20260920,M039,9,mead_part0:4b0bfce9525bbdb58d85,mead_part0
20260920,M039,10,mead_part0:d6b0b2037bafe2fb5139,mead_part0
20260920,M040,1,mead_part0:e1ec30eb016f99b1876a,mead_part0
20260920,M040,2,mead_part0:71c414e21a518446aa5b,mead_part0
20260920,M040,3,mead_part0:3e83bcf212b50fe87c0b,mead_part0
20260920,M040,4,mead_part0:00b4772d9341ee6ecf37,mead_part0
20260920,M040,5,mead_part0:a7aed35e347e4c07032b,mead_part0
20260920,M040,6,mead_part0:ae758ddf04797227015e,mead_part0
20260920,M040,7,mead_part0:cbe98273bc40ba46f51f,mead_part0
20260920,M040,8,mead_part0:b95f5a7da4327c070cd7,mead_part0
20260920,M040,9,mead_part0:067d874c318e344c47d4,mead_part0
20260920,M040,10,mead_part0:7da365c25887ae46061d,mead_part0
20260920,M041,1,mead_part0:a5c7c41a232abbcc4ad7,mead_part0
20260920,M041,2,mead_part0:1332e1487659fdbbd1e8,mead_part0
20260920,M041,3,mead_part0:a3072d3067917d4a33c4,mead_part0
20260920,M041,4,mead_part0:3fa597e0b532abc6c8ba,mead_part0
20260920,M041,5,mead_part0:2987974c3d7bb66c2ea9,mead_part0
20260920,M041,6,mead_part0:73ba14711c3d4d544ffc,mead_part0
20260920,M041,7,mead_part0:5b3d6f12060ffbda2726,mead_part0
20260920,M041,8,mead_part0:85fb51a3cd5aa5f03490,mead_part0
20260920,M041,9,mead_part0:4f83327920186008e8b0,mead_part0
20260920,M041,10,mead_part0:89b2f8a64b79e7e54d12,mead_part0
20260920,M042,1,mead_part0:82b80e59da871a05b893,mead_part0
20260920,M042,2,mead_part0:6077d6a1ad692d3d8983,mead_part0
20260920,M042,3,mead_part0:a96eda0c5860971b1a13,mead_part0
20260920,M042,4,mead_part0:c95181aa240daeb1460d,mead_part0
20260920,M042,5,mead_part0:8d63b0a1254f47392e93,mead_part0
20260920,M042,6,mead_part0:fb44de86acf0270b1fb7,mead_part0
20260920,M042,7,mead_part0:b0fd130e49e4eeed1036,mead_part0
20260920,M042,8,mead_part0:ca3c8dc760dba63f4a42,mead_part0
20260920,M042,9,mead_part0:14726d795987ad1d2b48,mead_part0
20260920,M042,10,mead_part0:ba8a342dbc9ba201e177,mead_part0
20260920,W009,1,mead_part0:ec09dd3bfa1ded593424,mead_part0
20260920,W009,2,mead_part0:7a65756b8941058d3507,mead_part0
20260920,W009,3,mead_part0:d32407c38e8f12224872,mead_part0
20260920,W009,4,mead_part0:fac27a5e58b6fea15b8b,mead_part0
20260920,W009,5,mead_part0:8d32da4282c39ad060c2,mead_part0
20260920,W009,6,mead_part0:e813a2ef62bc5af22e40,mead_part0
20260920,W009,7,mead_part0:e11609405138189f609a,mead_part0
20260920,W009,8,mead_part0:90a4769ce3d666709cbd,mead_part0
20260920,W009,9,mead_part0:8691edce0152141ba535,mead_part0
20260920,W009,10,mead_part0:9a9abf26cfb68ff6791e,mead_part0
20260920,W011,1,mead_part0:1794c10595918bf2f657,mead_part0
20260920,W011,2,mead_part0:dc4b1402779f57d5a593,mead_part0
20260920,W011,3,mead_part0:195d4fce61e29fb91428,mead_part0
20260920,W011,4,mead_part0:3668716bc60b83f6d483,mead_part0
20260920,W011,5,mead_part0:4133705a68391436791f,mead_part0
20260920,W011,6,mead_part0:902d0b3018c6e27e3761,mead_part0
20260920,W011,7,mead_part0:358f73cb2415149a176f,mead_part0
20260920,W011,8,mead_part0:64d03a3c682ac5564617,mead_part0
20260920,W011,9,mead_part0:b12a00d395e2aa622b10,mead_part0
20260920,W011,10,mead_part0:730f1e8c6ed7eb3ec813,mead_part0
20260920,W014,1,mead_part0:263c808dc58d5616cd88,mead_part0
20260920,W014,2,mead_part0:c0266557bac1d9a2a9d1,mead_part0
20260920,W014,3,mead_part0:4310c9958faa482cae91,mead_part0
20260920,W014,4,mead_part0:9175e32a9c7751160ba6,mead_part0
20260920,W014,5,mead_part0:8e722d462eff5828c4b9,mead_part0
20260920,W014,6,mead_part0:b2013cb7d53e9ae86559,mead_part0
20260920,W014,7,mead_part0:1dffeb494d2c1654be53,mead_part0
20260920,W014,8,mead_part0:103ec2ad8d065d654b7f,mead_part0
20260920,W014,9,mead_part0:6f04866bff2ba0b264f0,mead_part0
20260920,W014,10,mead_part0:e687b0e79fd8e2bcca92,mead_part0
20260920,W015,1,mead_part0:cc57fc4604c5c75974dd,mead_part0
20260920,W015,2,mead_part0:e849a51026904a2c8a66,mead_part0
20260920,W015,3,mead_part0:c162e7fc6c56d450e4a1,mead_part0
20260920,W015,4,mead_part0:c8db92502b93d13b0271,mead_part0
20260920,W015,5,mead_part0:c6b0330f67a593c9f40f,mead_part0
20260920,W015,6,mead_part0:747310ea84bee17ba730,mead_part0
20260920,W015,7,mead_part0:a08b4db9812d91ef3f88,mead_part0
20260920,W015,8,mead_part0:af1f6166d34c9371890e,mead_part0
20260920,W015,9,mead_part0:d0b023722afd0bbcf769,mead_part0
20260920,W015,10,mead_part0:473d4964ec2337eb5e0d,mead_part0
20260920,W016,1,mead_part0:3ec66de6f0b705421022,mead_part0
20260920,W016,2,mead_part0:8fff3584e29e88081ebf,mead_part0
20260920,W016,3,mead_part0:abd7875d1b3327146975,mead_part0
20260920,W016,4,mead_part0:47d3c33e7f9126d140f8,mead_part0
20260920,W016,5,mead_part0:ee14993e5f361e6a0184,mead_part0
20260920,W016,6,mead_part0:2a16d327fce6519695a0,mead_part0
20260920,W016,7,mead_part0:fed2e9a151c34183e9a0,mead_part0
20260920,W016,8,mead_part0:a176f18229b2abfd9d3f,mead_part0
20260920,W016,9,mead_part0:8231f42e5122b48f15c5,mead_part0
20260920,W016,10,mead_part0:95cc350494a4adb14302,mead_part0
20260920,W017,1,mead_part0:1f1f8ce9c0bd0c26be49,mead_part0
20260920,W017,2,mead_part0:a459fc706212bd4d59aa,mead_part0
20260920,W017,3,mead_part0:d3120cd9322791c8b05c,mead_part0
20260920,W017,4,mead_part0:663c9fc5fee881008a4d,mead_part0
20260920,W017,5,mead_part0:7f4c659d3413d2796b53,mead_part0
20260920,W017,6,mead_part0:41b2e65a4832fbc77343,mead_part0
20260920,W017,7,mead_part0:53644d32acd8a3777527,mead_part0
20260920,W017,8,mead_part0:f3b0f9ceb53549488435,mead_part0
20260920,W017,9,mead_part0:78aa51c9ebeb850660d6,mead_part0
20260920,W017,10,mead_part0:38182bab03af558ccf3b,mead_part0
20260920,W018,1,mead_part0:77eb5eeaf33f0801a080,mead_part0
20260920,W018,2,mead_part0:a2e0769c8a6aeff0f8a9,mead_part0
20260920,W018,3,mead_part0:33cf9d206588ba6a16bb,mead_part0
20260920,W018,4,mead_part0:222a79debe2e6c767cfd,mead_part0
20260920,W018,5,mead_part0:396f533a8f3f0e9761e6,mead_part0
20260920,W018,6,mead_part0:b1030e135b2b3a193986,mead_part0
20260920,W018,7,mead_part0:7884f95242e73eb5a72d,mead_part0
20260920,W018,8,mead_part0:19c883796136a679bb00,mead_part0
20260920,W018,9,mead_part0:e439f31c448cd575dc42,mead_part0
20260920,W018,10,mead_part0:80b59e2a5970d8660aef,mead_part0
20260920,W019,1,mead_part0:0f5c3f2b1a551e5ffdc3,mead_part0
20260920,W019,2,mead_part0:516a18f3f6d88c87293e,mead_part0
20260920,W019,3,mead_part0:a5d87c61abc852a4de27,mead_part0
20260920,W019,4,mead_part0:eaffd58f90ba00ad0bfe,mead_part0
20260920,W019,5,mead_part0:ddb6900f26c6200df645,mead_part0
20260920,W019,6,mead_part0:226c91894a789625effb,mead_part0
20260920,W019,7,mead_part0:d4702973a52d07be36ca,mead_part0
20260920,W019,8,mead_part0:184b7a259671b74f5329,mead_part0
20260920,W019,9,mead_part0:d7385305ae0372fd9d74,mead_part0
20260920,W019,10,mead_part0:8fbdb13e65453bc79fb1,mead_part0
20260920,W021,1,mead_part0:c69d47345b9c1d2c9473,mead_part0
20260920,W021,2,mead_part0:84e6919d233e31bd1740,mead_part0
20260920,W021,3,mead_part0:6fb3197e03cc3c87efa1,mead_part0
20260920,W021,4,mead_part0:53fac0820ccf408a4f2a,mead_part0
20260920,W021,5,mead_part0:f118c37580be30e2f320,mead_part0
20260920,W021,6,mead_part0:39ac0c2559724da9eb2f,mead_part0
20260920,W021,7,mead_part0:b62378f0644bf3122ef2,mead_part0
20260920,W021,8,mead_part0:effe74cd1a3a4369736c,mead_part0
20260920,W021,9,mead_part0:0c0ccc2dfbd99964f307,mead_part0
20260920,W021,10,mead_part0:f404058b171f7654f492,mead_part0
20260920,W023,1,mead_part0:d4f377fa5ec8c48a5d45,mead_part0
20260920,W023,2,mead_part0:b661597870b9191e5103,mead_part0
20260920,W023,3,mead_part0:fc40759232f60442ed6d,mead_part0
20260920,W023,4,mead_part0:ca9055df9d79995b3399,mead_part0
20260920,W023,5,mead_part0:954458cfa4c05099f8d0,mead_part0
20260920,W023,6,mead_part0:6a8e79616d54920d777d,mead_part0
20260920,W023,7,mead_part0:026e36534f75b280d5e7,mead_part0
20260920,W023,8,mead_part0:5b262e456706b866f8a5,mead_part0
20260920,W023,9,mead_part0:94010a1dac1083eabbf1,mead_part0
20260920,W023,10,mead_part0:832f1938d4651e9996ac,mead_part0
20260920,W024,1,mead_part0:13ae8cc973797c875f69,mead_part0
20260920,W024,2,mead_part0:28a8b69ebd9a48939592,mead_part0
20260920,W024,3,mead_part0:acd719f55bc205cce538,mead_part0
20260920,W024,4,mead_part0:24e57c38f29db791e121,mead_part0
20260920,W024,5,mead_part0:02852ad456b79aaf8573,mead_part0
20260920,W024,6,mead_part0:5847455d0e0a0f0cd6a8,mead_part0
20260920,W024,7,mead_part0:d72ba7cf5edd3d15f68a,mead_part0
20260920,W024,8,mead_part0:eab77b31f426a4d57a81,mead_part0
20260920,W024,9,mead_part0:128eca389f47eed71043,mead_part0
20260920,W024,10,mead_part0:5e5ac785cd7dc56f70c0,mead_part0
20260920,W025,1,mead_part0:0f00fdd4b7c61610a316,mead_part0
20260920,W025,2,mead_part0:ea4cafd60f19638521c4,mead_part0
20260920,W025,3,mead_part0:3514b4be576a4fa553fc,mead_part0
20260920,W025,4,mead_part0:b31a611a1a1330ca428c,mead_part0
20260920,W025,5,mead_part0:d6376df68d3ba4dc25c4,mead_part0
20260920,W025,6,mead_part0:de50b55b1f94ea45e8b8,mead_part0
20260920,W025,7,mead_part0:d42ee3be3bb7f38c3382,mead_part0
20260920,W025,8,mead_part0:3f6d8b11e38a91b62ca5,mead_part0
20260920,W025,9,mead_part0:f13de96272d237ecb59c,mead_part0
20260920,W025,10,mead_part0:fa134d015ab847603a1a,mead_part0
20260920,W026,1,mead_part0:8eb6cdb913cba7952c9e,mead_part0
20260920,W026,2,mead_part0:355563897fed6e5e6997,mead_part0
20260920,W026,3,mead_part0:85849d2032fb3238cbf3,mead_part0
20260920,W026,4,mead_part0:24fa33b1edce3b786468,mead_part0
20260920,W026,5,mead_part0:394761c24f9695bafb63,mead_part0
20260920,W026,6,mead_part0:388e70ed13fd3a09f8b2,mead_part0
20260920,W026,7,mead_part0:732a82b4cf6c041b1898,mead_part0
20260920,W026,8,mead_part0:4ce0d909db460d60a280,mead_part0
20260920,W026,9,mead_part0:8400965594d41b62771b,mead_part0
20260920,W026,10,mead_part0:a1be6b17af312fc9fc80,mead_part0
20260920,W028,1,mead_part0:41986f8ea295c38f9f25,mead_part0
20260920,W028,2,mead_part0:c3d5105b2a53209cbfac,mead_part0
20260920,W028,3,mead_part0:0892f2511beeace20db6,mead_part0
20260920,W028,4,mead_part0:827f92b3579fdc43d0cf,mead_part0
20260920,W028,5,mead_part0:6466fa2019e94aab9d7e,mead_part0
20260920,W028,6,mead_part0:55c48b1eb1f51837a821,mead_part0
20260920,W028,7,mead_part0:63d3c37e90a3a608990d,mead_part0
20260920,W028,8,mead_part0:3ff71d703cdc5832b2ec,mead_part0
20260920,W028,9,mead_part0:41f81964c2988295d27c,mead_part0
20260920,W028,10,mead_part0:6bc011839482ca04e824,mead_part0
20260920,W029,1,mead_part0:04a927afa93cb52e9988,mead_part0
20260920,W029,2,mead_part0:c835236c3ae491864d11,mead_part0
20260920,W029,3,mead_part0:376db979e3041495bacc,mead_part0
20260920,W029,4,mead_part0:0a4d368bc817b94edeb1,mead_part0
20260920,W029,5,mead_part0:c1810a02208a49f38b4b,mead_part0
20260920,W029,6,mead_part0:a4a637d580f4fead20a8,mead_part0
20260920,W029,7,mead_part0:750572b3b9d2e5360fcc,mead_part0
20260920,W029,8,mead_part0:74d275259e89fffd2dbf,mead_part0
20260920,W029,9,mead_part0:3a86fa9b4bc1cfb99e64,mead_part0
20260920,W029,10,mead_part0:8ec05ab4ddc51e0b7782,mead_part0
20260920,W033,1,mead_part0:2adbfad585d46b5be0da,mead_part0
20260920,W033,2,mead_part0:88ef58416ed38c15acdf,mead_part0
20260920,W033,3,mead_part0:5a1210f7e26edad4bc23,mead_part0
20260920,W033,4,mead_part0:152f365d73795dfbbf76,mead_part0
20260920,W033,5,mead_part0:9253591cbaa9b4deaca9,mead_part0
20260920,W033,6,mead_part0:9f92fc7cc056182ff32e,mead_part0
20260920,W033,7,mead_part0:1011057c864456cd107b,mead_part0
20260920,W033,8,mead_part0:509d26b35005f0178b67,mead_part0
20260920,W033,9,mead_part0:cda69f3c5f4ea08ed855,mead_part0
20260920,W033,10,mead_part0:bd9922b01f05a76ebdc9,mead_part0
20260920,W035,1,mead_part0:c609e282691b264aa3e2,mead_part0
20260920,W035,2,mead_part0:6a11d3cadccf7f533a0e,mead_part0
20260920,W035,3,mead_part0:9467d3c96c22d27d5216,mead_part0
20260920,W035,4,mead_part0:1f86b45c9db1419f3108,mead_part0
20260920,W035,5,mead_part0:b351b19e7d297c48c2eb,mead_part0
20260920,W035,6,mead_part0:065ad3c942c817140c92,mead_part0
20260920,W035,7,mead_part0:85795f193011387140a2,mead_part0
20260920,W035,8,mead_part0:a3870c7cf149abf1eae9,mead_part0
20260920,W035,9,mead_part0:aff81846cac06fbc2097,mead_part0
20260920,W035,10,mead_part0:997130324d8090cb9b70,mead_part0
20260920,W036,1,mead_part0:fd51f66ab2eb73e0cea9,mead_part0
20260920,W036,2,mead_part0:0e9f0f2693b4e18f2cbc,mead_part0
20260920,W036,3,mead_part0:d6c657a47080a590b890,mead_part0
20260920,W036,4,mead_part0:672bb88da904a3f60568,mead_part0
20260920,W036,5,mead_part0:2eebdb51967d9e262499,mead_part0
20260920,W036,6,mead_part0:be5536c37e12ab19f377,mead_part0
20260920,W036,7,mead_part0:b577d8ca94b04b9a3441,mead_part0
20260920,W036,8,mead_part0:21ce6584356f1d1bccc4,mead_part0
20260920,W036,9,mead_part0:271093427d84784c3db2,mead_part0
20260920,W036,10,mead_part0:f11005c1e7bddab00ad3,mead_part0
20260920,W037,1,mead_part0:9c27b69e56c18b2ca72f,mead_part0
20260920,W037,2,mead_part0:402eb7373853adbf2163,mead_part0
20260920,W037,3,mead_part0:e450c857b15e5fc24709,mead_part0
20260920,W037,4,mead_part0:7cdcadedfdb7123085ce,mead_part0
20260920,W037,5,mead_part0:f927639ae7a37f32be7e,mead_part0
20260920,W037,6,mead_part0:4be79d2d6e6ba1aed5d7,mead_part0
20260920,W037,7,mead_part0:e97eb517a639ae6b91fc,mead_part0
20260920,W037,8,mead_part0:e243dc07c784f455aba5,mead_part0
20260920,W037,9,mead_part0:36229bb188f291e0eecc,mead_part0
20260920,W037,10,mead_part0:2b4bd9f2461da072942d,mead_part0
20260920,W038,1,mead_part0:208300a5230f2f522b49,mead_part0
20260920,W038,2,mead_part0:1895640585f90287b75a,mead_part0
20260920,W038,3,mead_part0:666ffc5ea4bbeefd3aec,mead_part0
20260920,W038,4,mead_part0:3a2d5939dc807297e0a7,mead_part0
20260920,W038,5,mead_part0:66034e95e06d0c6e05dd,mead_part0
20260920,W038,6,mead_part0:a3a7460bb17b06d77d73,mead_part0
20260920,W038,7,mead_part0:c44997588bf1d23ef4f3,mead_part0
20260920,W038,8,mead_part0:849fad6e87f6b8e0fb10,mead_part0
20260920,W038,9,mead_part0:2a609e288377876b0b65,mead_part0
20260920,W038,10,mead_part0:ba1c045826407367af25,mead_part0
20260920,W040,1,mead_part0:e3312709d381436b673f,mead_part0
20260920,W040,2,mead_part0:e3e8c33ce0c177c41e37,mead_part0
20260920,W040,3,mead_part0:db023f8951f540ebf866,mead_part0
20260920,W040,4,mead_part0:3d8c4c00d1ac7e9b5a69,mead_part0
20260920,W040,5,mead_part0:9b41f10e98a1b0aad7c5,mead_part0
20260920,W040,6,mead_part0:e45fbcfed4c206e2b327,mead_part0
20260920,W040,7,mead_part0:d7e78d45c847d84cae15,mead_part0
20260920,W040,8,mead_part0:480dc8e46749ae99c934,mead_part0
20260920,W040,9,mead_part0:2a0019424e0bb70aaae6,mead_part0
20260920,W040,10,mead_part0:013a6d1109212f790246,mead_part0
20260921,M003,1,mead_part0:82987d40c2ba0c0bb6a8,mead_part0
20260921,M003,2,mead_part0:2d0b0f59a90f3d1fae07,mead_part0
20260921,M003,3,mead_part0:72b6a2cde3fe0e75f6b8,mead_part0
20260921,M003,4,mead_part0:5cbc0448364be20ee68f,mead_part0
20260921,M003,5,mead_part0:239cba1c089c03930074,mead_part0
20260921,M003,6,mead_part0:f6f3833ac7f4785c24e6,mead_part0
20260921,M003,7,mead_part0:432cde2af30bac0c0e27,mead_part0
20260921,M003,8,mead_part0:af49c4962fcc203d9be5,mead_part0
20260921,M003,9,mead_part0:4ea6065a010596f93267,mead_part0
20260921,M003,10,mead_part0:ec1081cf4f4a8acaaaa3,mead_part0
20260921,M005,1,mead_part0:c3f9956ec6a76415b3ba,mead_part0
20260921,M005,2,mead_part0:889ae1eefd55093e6061,mead_part0
20260921,M005,3,mead_part0:6f8c338d552ea8dff5ff,mead_part0
20260921,M005,4,mead_part0:647b1060213f6dc0d719,mead_part0
20260921,M005,5,mead_part0:ec6d83591d1693e04aa7,mead_part0
20260921,M005,6,mead_part0:3e04e405646695600f29,mead_part0
20260921,M005,7,mead_part0:cd1d90056ac021b71e41,mead_part0
20260921,M005,8,mead_part0:2028000184d14cfad6db,mead_part0
20260921,M005,9,mead_part0:ec73e2e9100ce9f560f1,mead_part0
20260921,M005,10,mead_part0:e0c5dc4e5f8a6c1f09bb,mead_part0
20260921,M007,1,mead_part0:89424f31d2f05bdbe6d3,mead_part0
20260921,M007,2,mead_part0:c4046b79cf9f9d1297f9,mead_part0
20260921,M007,3,mead_part0:9c270579e6279caf2dc2,mead_part0
20260921,M007,4,mead_part0:b17bbb0eddcc8b8527be,mead_part0
20260921,M007,5,mead_part0:e344b111bca17a44ca57,mead_part0
20260921,M007,6,mead_part0:16613682f8239502b0ac,mead_part0
20260921,M007,7,mead_part0:31e408fef37b397f8ae6,mead_part0
20260921,M007,8,mead_part0:1b496860fac3bd233c50,mead_part0
20260921,M007,9,mead_part0:388ff35d6c0142e28c7e,mead_part0
20260921,M007,10,mead_part0:63ff88e01df81936dff3,mead_part0
20260921,M009,1,mead_part0:58e575f3f942d8a512ca,mead_part0
20260921,M009,2,mead_part0:afd6a4e89b8408f0d120,mead_part0
20260921,M009,3,mead_part0:1c39189a6a6db9da975e,mead_part0
20260921,M009,4,mead_part0:0e9a038f47e59372b0fd,mead_part0
20260921,M009,5,mead_part0:34897a46594e51167497,mead_part0
20260921,M009,6,mead_part0:0a0154671ab920fb072e,mead_part0
20260921,M009,7,mead_part0:42b75d89804fbc3d96d4,mead_part0
20260921,M009,8,mead_part0:a9fdc1022d220bfb9104,mead_part0
20260921,M009,9,mead_part0:22447c1f12dc4e43425c,mead_part0
20260921,M009,10,mead_part0:4d33183db1b674ac776d,mead_part0
20260921,M011,1,mead_part0:7077e141cdd2fbd556fb,mead_part0
20260921,M011,2,mead_part0:92c6b0350b011d23389b,mead_part0
20260921,M011,3,mead_part0:2883b48058e57630f101,mead_part0
20260921,M011,4,mead_part0:72ae7386b028e30a4c87,mead_part0
20260921,M011,5,mead_part0:6d8adc9edd3ea0b58d9c,mead_part0
20260921,M011,6,mead_part0:743376d8b783f647af15,mead_part0
20260921,M011,7,mead_part0:36c17b83d0328a268566,mead_part0
20260921,M011,8,mead_part0:e0dbda930b916b93fccf,mead_part0
20260921,M011,9,mead_part0:505c9a632414a26bc6d4,mead_part0
20260921,M011,10,mead_part0:e9980165b6fd8e670f2a,mead_part0
20260921,M012,1,mead_part0:3fb9f175b31a236723a2,mead_part0
20260921,M012,2,mead_part0:19af217e501112d4aa52,mead_part0
20260921,M012,3,mead_part0:5bc0afdad924627d3f54,mead_part0
20260921,M012,4,mead_part0:25bc296702d910d0d6ce,mead_part0
20260921,M012,5,mead_part0:c4319d5ed0f9216b3db4,mead_part0
20260921,M012,6,mead_part0:a0100e0885ba35615bc6,mead_part0
20260921,M012,7,mead_part0:57cad633dbea76a73d2c,mead_part0
20260921,M012,8,mead_part0:746967492891aa70da81,mead_part0
20260921,M012,9,mead_part0:08b871d6bd387f8fd53d,mead_part0
20260921,M012,10,mead_part0:f0db3d03ed03fdeb9aee,mead_part0
20260921,M013,1,mead_part0:e6cd19aa28d822c4db40,mead_part0
20260921,M013,2,mead_part0:7237a49b6993e4edf837,mead_part0
20260921,M013,3,mead_part0:276617ea54c4ade253f9,mead_part0
20260921,M013,4,mead_part0:f4316a0a30329836ef82,mead_part0
20260921,M013,5,mead_part0:9dd96fe22bff6c11caf3,mead_part0
20260921,M013,6,mead_part0:e7995a3ae8a10cb2a070,mead_part0
20260921,M013,7,mead_part0:54f9e86f3933c07fcc97,mead_part0
20260921,M013,8,mead_part0:cdb4b7d2ac63b9859366,mead_part0
20260921,M013,9,mead_part0:d9eb1e2435a120259ac3,mead_part0
20260921,M013,10,mead_part0:99335e4dede9cd91ebaa,mead_part0
20260921,M019,1,mead_part0:abae4d790c37f927b738,mead_part0
20260921,M019,2,mead_part0:5eeccb73cc33350f59a9,mead_part0
20260921,M019,3,mead_part0:1799e044496e386895d9,mead_part0
20260921,M019,4,mead_part0:7b83744036023463b1f0,mead_part0
20260921,M019,5,mead_part0:d2396bf0c8837b39fb27,mead_part0
20260921,M019,6,mead_part0:ee453a94af53f10823b1,mead_part0
20260921,M019,7,mead_part0:5a8f9f68523f957d0f6d,mead_part0
20260921,M019,8,mead_part0:72c2dc54ce788f76b19e,mead_part0
20260921,M019,9,mead_part0:81210778412533739841,mead_part0
20260921,M019,10,mead_part0:66333cb96532b7ceae0d,mead_part0
20260921,M022,1,mead_part0:5bbe24e03e9e043baf36,mead_part0
20260921,M022,2,mead_part0:65087c50479d5ef8bb5c,mead_part0
20260921,M022,3,mead_part0:a9d2f4834b3be20a654c,mead_part0
20260921,M022,4,mead_part0:7cd7674d01532c6518a9,mead_part0
20260921,M022,5,mead_part0:5151ae3a27a479cc53ae,mead_part0
20260921,M022,6,mead_part0:50438df07604b1a4b8f6,mead_part0
20260921,M022,7,mead_part0:2c8b02ecf159579344a9,mead_part0
20260921,M022,8,mead_part0:e40d1428f1e857acaa2f,mead_part0
20260921,M022,9,mead_part0:44a9cdc13d5436b228ab,mead_part0
20260921,M022,10,mead_part0:ce92b444553fbc9a9fa5,mead_part0
20260921,M023,1,mead_part0:88794ce754a1261e1ce6,mead_part0
20260921,M023,2,mead_part0:bcc4ba425081e78e6069,mead_part0
20260921,M023,3,mead_part0:586dcab3c138ac4483f2,mead_part0
20260921,M023,4,mead_part0:c38f5986c0748a0b196d,mead_part0
20260921,M023,5,mead_part0:b098ee03471cb4b79665,mead_part0
20260921,M023,6,mead_part0:e9a3746385af9548defe,mead_part0
20260921,M023,7,mead_part0:b457f620e2c5abb8935f,mead_part0
20260921,M023,8,mead_part0:73381020e615958e21ec,mead_part0
20260921,M023,9,mead_part0:aba2e7ce8a896c1bd144,mead_part0
20260921,M023,10,mead_part0:07b433ff02356a2b6797,mead_part0
20260921,M024,1,mead_part0:f7d752d4ec28d4794102,mead_part0
20260921,M024,2,mead_part0:6d5161498c00e96bc98d,mead_part0
20260921,M024,3,mead_part0:9af68fe6a0fce6020f6c,mead_part0
20260921,M024,4,mead_part0:8c78a1178c97d0249054,mead_part0
20260921,M024,5,mead_part0:b8467b8d6023c4fb6403,mead_part0
20260921,M024,6,mead_part0:2f8a5d76beb7fa4ddb87,mead_part0
20260921,M024,7,mead_part0:baf104ff5e815e98ffe9,mead_part0
20260921,M024,8,mead_part0:dc7dbab6d86d157c4302,mead_part0
20260921,M024,9,mead_part0:b13769a18f7a00bb1a0d,mead_part0
20260921,M024,10,mead_part0:cd9f4cb5e06b46ca22b8,mead_part0
20260921,M025,1,mead_part0:2af67b67cf4ab136c3a4,mead_part0
20260921,M025,2,mead_part0:42f34ca3feefc549c353,mead_part0
20260921,M025,3,mead_part0:c319cb24cc4bfb7430fb,mead_part0
20260921,M025,4,mead_part0:107c4eebd8632bb65d26,mead_part0
20260921,M025,5,mead_part0:8e92fe06072616a6fd07,mead_part0
20260921,M025,6,mead_part0:3e7893f1f8a549ee5619,mead_part0
20260921,M025,7,mead_part0:5713de1e4f2190f58b9b,mead_part0
20260921,M025,8,mead_part0:718f5ebd85060838d374,mead_part0
20260921,M025,9,mead_part0:3ffbc86f67ca050b1b5c,mead_part0
20260921,M025,10,mead_part0:bc12ad701d4a49b17ee1,mead_part0
20260921,M026,1,mead_part0:5b2660aa3866090b51de,mead_part0
20260921,M026,2,mead_part0:e654c51e72cd185d02dd,mead_part0
20260921,M026,3,mead_part0:db37ad460f416a7383d3,mead_part0
20260921,M026,4,mead_part0:2879d5c06594facd6f01,mead_part0
20260921,M026,5,mead_part0:48f5ee0ad590c94c587d,mead_part0
20260921,M026,6,mead_part0:3ef0ed4a49b7f7787a06,mead_part0
20260921,M026,7,mead_part0:6d01bd9a05a49bd2b2f3,mead_part0
20260921,M026,8,mead_part0:f67fd3dd00e67317931e,mead_part0
20260921,M026,9,mead_part0:2088449edd07f3606cd2,mead_part0
20260921,M026,10,mead_part0:8233d6a27221faa04668,mead_part0
20260921,M027,1,mead_part0:086afa2a1dbfbe04ac2e,mead_part0
20260921,M027,2,mead_part0:4f114cad87d0c7f3ecd8,mead_part0
20260921,M027,3,mead_part0:f2e6e7e38db884504a76,mead_part0
20260921,M027,4,mead_part0:cbc948a58d1d7578430c,mead_part0
20260921,M027,5,mead_part0:27be2ed3e466b17a35ab,mead_part0
20260921,M027,6,mead_part0:44ce43a2cfe23fad3f57,mead_part0
20260921,M027,7,mead_part0:5567b31dad76a76077d0,mead_part0
20260921,M027,8,mead_part0:febd6d2fdfa42615c622,mead_part0
20260921,M027,9,mead_part0:c82353a1b76cdfd7c2f6,mead_part0
20260921,M027,10,mead_part0:a1f262267bf55ebf1310,mead_part0
20260921,M028,1,mead_part0:6db7ebfc9bd588c75b02,mead_part0
20260921,M028,2,mead_part0:6386b90a4ba020188423,mead_part0
20260921,M028,3,mead_part0:ddf7e5b6f17df31d1a80,mead_part0
20260921,M028,4,mead_part0:b8fdaacc27bcd12032d1,mead_part0
20260921,M028,5,mead_part0:d03fad5620156836f99c,mead_part0
20260921,M028,6,mead_part0:c45e38ffa9712425b58b,mead_part0
20260921,M028,7,mead_part0:8dbef9732e0d06878924,mead_part0
20260921,M028,8,mead_part0:f4c4ac67983a854137cf,mead_part0
20260921,M028,9,mead_part0:5b3655c32667e7518039,mead_part0
20260921,M028,10,mead_part0:871b80f7a837dbe091ae,mead_part0
20260921,M029,1,mead_part0:f2e31e2ee0982c94ccbe,mead_part0
20260921,M029,2,mead_part0:91756d84814eefa20fc0,mead_part0
20260921,M029,3,mead_part0:ca3faf79d896c5e3f36d,mead_part0
20260921,M029,4,mead_part0:dad9a5af4bce72fcde9a,mead_part0
20260921,M029,5,mead_part0:b154e37385d5dd5165d2,mead_part0
20260921,M029,6,mead_part0:7da230f4077d62881b35,mead_part0
20260921,M029,7,mead_part0:e6349dbfa85f228deb70,mead_part0
20260921,M029,8,mead_part0:ef369c438e061877558c,mead_part0
20260921,M029,9,mead_part0:1f3ab7cf40fae3f96cbd,mead_part0
20260921,M029,10,mead_part0:e68387ae079d372102a3,mead_part0
20260921,M030,1,mead_part0:b9c0dea96a1ad5024a3e,mead_part0
20260921,M030,2,mead_part0:fa63c69bb4bf7c60dd06,mead_part0
20260921,M030,3,mead_part0:b9c28ded512e5095b3ad,mead_part0
20260921,M030,4,mead_part0:d6adc4150b1cad73311f,mead_part0
20260921,M030,5,mead_part0:761ac7292ffe989f2534,mead_part0
20260921,M030,6,mead_part0:5baec534cb1b6bd41a6f,mead_part0
20260921,M030,7,mead_part0:8fad21ab5e359b1df1fb,mead_part0
20260921,M030,8,mead_part0:579347243da5a886385c,mead_part0
20260921,M030,9,mead_part0:98fc108c137434b58a11,mead_part0
20260921,M030,10,mead_part0:00f1cf1c339f812fb736,mead_part0
20260921,M031,1,mead_part0:04773647b357e0ce6a61,mead_part0
20260921,M031,2,mead_part0:a0b91bc709a1e262dff9,mead_part0
20260921,M031,3,mead_part0:e4cd9e932fa987345bd1,mead_part0
20260921,M031,4,mead_part0:e222465619d452e332ba,mead_part0
20260921,M031,5,mead_part0:562030e1c778e13c0c22,mead_part0
20260921,M031,6,mead_part0:7cf622aa003f2f607fc0,mead_part0
20260921,M031,7,mead_part0:34d735a9f18c1894e72c,mead_part0
20260921,M031,8,mead_part0:8bf56efb68bfc4e4f974,mead_part0
20260921,M031,9,mead_part0:bf278ddc7973568e6dd0,mead_part0
20260921,M031,10,mead_part0:29500e6baaf318e216ca,mead_part0
20260921,M032,1,mead_part0:c2b02dcaea8ce9fad92d,mead_part0
20260921,M032,2,mead_part0:04cef53fbac3a665338e,mead_part0
20260921,M032,3,mead_part0:6ffd5672e65ddf2a411c,mead_part0
20260921,M032,4,mead_part0:29c4492be2c07cf0d016,mead_part0
20260921,M032,5,mead_part0:fe61fc46a973090a438d,mead_part0
20260921,M032,6,mead_part0:af5900bf6156b4704699,mead_part0
20260921,M032,7,mead_part0:4f2d0621da55e1088a0a,mead_part0
20260921,M032,8,mead_part0:19e8d8e742531b1cb124,mead_part0
20260921,M032,9,mead_part0:9a0f78e43279acbd052d,mead_part0
20260921,M032,10,mead_part0:24b1e2a1f711a0ade6ae,mead_part0
20260921,M033,1,mead_part0:a5715adba4dbc9387fc4,mead_part0
20260921,M033,2,mead_part0:33983904d1bdbc295ff4,mead_part0
20260921,M033,3,mead_part0:eec88371fa99ee19d5fc,mead_part0
20260921,M033,4,mead_part0:5947fe9817c681286f63,mead_part0
20260921,M033,5,mead_part0:48a910152d5de68e3c1d,mead_part0
20260921,M033,6,mead_part0:f9670fce1a46b5aa4722,mead_part0
20260921,M033,7,mead_part0:ea10dc713b59d071d082,mead_part0
20260921,M033,8,mead_part0:b251afe4b46ce0a31cad,mead_part0
20260921,M033,9,mead_part0:2ce7059cc525aabb5453,mead_part0
20260921,M033,10,mead_part0:b20ce316ef70c78688c6,mead_part0
20260921,M034,1,mead_part0:5b252fcd9591347b83b7,mead_part0
20260921,M034,2,mead_part0:e510e0e942485bb60e8f,mead_part0
20260921,M034,3,mead_part0:26a39d70a0c233b8b4f3,mead_part0
20260921,M034,4,mead_part0:61e78f034939d5f7f67b,mead_part0
20260921,M034,5,mead_part0:5b302dd811242e19b70e,mead_part0
20260921,M034,6,mead_part0:03f7a777ebd671738181,mead_part0
20260921,M034,7,mead_part0:c532c338e84e873b2060,mead_part0
20260921,M034,8,mead_part0:ab5a8b1e20c314021495,mead_part0
20260921,M034,9,mead_part0:33ba0b059daba082b4f8,mead_part0
20260921,M034,10,mead_part0:1af3d28ba1286a9cb595,mead_part0
20260921,M035,1,mead_part0:276230353c77a7215bf7,mead_part0
20260921,M035,2,mead_part0:14e5f94e47dfbbd2ec74,mead_part0
20260921,M035,3,mead_part0:e232df057186ecdd81b5,mead_part0
20260921,M035,4,mead_part0:0c8dac61893bbe4b414e,mead_part0
20260921,M035,5,mead_part0:0a9f98064f11169b09bd,mead_part0
20260921,M035,6,mead_part0:6c2ef2d6c1bd5395ab62,mead_part0
20260921,M035,7,mead_part0:6dd3aca3dc73c6b692e6,mead_part0
20260921,M035,8,mead_part0:44cf5369f206adeb6efa,mead_part0
20260921,M035,9,mead_part0:e9a898222768853ce03e,mead_part0
20260921,M035,10,mead_part0:6c19a062fc72a9248141,mead_part0
20260921,M037,1,mead_part0:84bb75544d2efb439ca4,mead_part0
20260921,M037,2,mead_part0:d5498a54ab4253ea1165,mead_part0
20260921,M037,3,mead_part0:da1bb47bc8d88e4264b2,mead_part0
20260921,M037,4,mead_part0:fffc4ccea538341123f0,mead_part0
20260921,M037,5,mead_part0:ee4bac149a492f7ccb2a,mead_part0
20260921,M037,6,mead_part0:21e7baae895ec2947673,mead_part0
20260921,M037,7,mead_part0:bbe3c48e216503946d61,mead_part0
20260921,M037,8,mead_part0:50362f05112be4b39c0b,mead_part0
20260921,M037,9,mead_part0:5b123231ff74289ed5c9,mead_part0
20260921,M037,10,mead_part0:065383fdab19ca359dab,mead_part0
20260921,M039,1,mead_part0:e35c97acd50a3b90bdc9,mead_part0
20260921,M039,2,mead_part0:c2d61eaabdaedb02f09a,mead_part0
20260921,M039,3,mead_part0:164815fb0bf85ceb8b2b,mead_part0
20260921,M039,4,mead_part0:dcde408dc3447b77eada,mead_part0
20260921,M039,5,mead_part0:7b03c5295b96ad034cba,mead_part0
20260921,M039,6,mead_part0:cc262eab7c9c602b9225,mead_part0
20260921,M039,7,mead_part0:9fe173f654a4baae1e83,mead_part0
20260921,M039,8,mead_part0:9a94fb928e9a90a4feb1,mead_part0
20260921,M039,9,mead_part0:a9a1ca64d568bf1d04e0,mead_part0
20260921,M039,10,mead_part0:6c74b211ac57347551be,mead_part0
20260921,M040,1,mead_part0:29008a63c6415533c76e,mead_part0
20260921,M040,2,mead_part0:6d06867848c97b72f579,mead_part0
20260921,M040,3,mead_part0:a9eb47077f7858252454,mead_part0
20260921,M040,4,mead_part0:c404cbd9df29e1f41e5d,mead_part0
20260921,M040,5,mead_part0:0a9715f9a18968703149,mead_part0
20260921,M040,6,mead_part0:bd5b708242b760ceffa6,mead_part0
20260921,M040,7,mead_part0:a84fa53775911035230b,mead_part0
20260921,M040,8,mead_part0:32b0d1f48f867cb02b37,mead_part0
20260921,M040,9,mead_part0:f2613c5999a7ca883734,mead_part0
20260921,M040,10,mead_part0:44acd00e639b5bb75401,mead_part0
20260921,M041,1,mead_part0:aa6a77fedae5ab3acd45,mead_part0
20260921,M041,2,mead_part0:7d79cdc726da9ab2ee73,mead_part0
20260921,M041,3,mead_part0:3ce4dcb925a862f7c13b,mead_part0
20260921,M041,4,mead_part0:af8cf2436cf0bb9c54af,mead_part0
20260921,M041,5,mead_part0:b168fb76429b14304f02,mead_part0
20260921,M041,6,mead_part0:cd4fdc00559e8c2a64bf,mead_part0
20260921,M041,7,mead_part0:0ff0c291ce5cb3d14f50,mead_part0
20260921,M041,8,mead_part0:555c6931292dd2e6a53f,mead_part0
20260921,M041,9,mead_part0:1566710a078cc43df771,mead_part0
20260921,M041,10,mead_part0:57a1419842d1fa8f242b,mead_part0
20260921,M042,1,mead_part0:f3a2479d97fbe2719809,mead_part0
20260921,M042,2,mead_part0:902a3d1e0819790cb350,mead_part0
20260921,M042,3,mead_part0:318088091cc69c0e2739,mead_part0
20260921,M042,4,mead_part0:3033f30cc5aeb32e452b,mead_part0
20260921,M042,5,mead_part0:9b5d1ad69fa00004cdfc,mead_part0
20260921,M042,6,mead_part0:6421035193e7badafbff,mead_part0
20260921,M042,7,mead_part0:e8751edea10e2a66f375,mead_part0
20260921,M042,8,mead_part0:bee624d74aa07f86bb99,mead_part0
20260921,M042,9,mead_part0:d9faf1939d2ee8ebb57b,mead_part0
20260921,M042,10,mead_part0:ab328cca430796ba8839,mead_part0
20260921,W009,1,mead_part0:b963b90bff5ef85eb5a9,mead_part0
20260921,W009,2,mead_part0:5fce0c51fd6d638d0f73,mead_part0
20260921,W009,3,mead_part0:75731520b82ad74db7a3,mead_part0
20260921,W009,4,mead_part0:71f461ac8e8980ff91c3,mead_part0
20260921,W009,5,mead_part0:60baa9208fd9b5d449be,mead_part0
20260921,W009,6,mead_part0:cbcfc9e4bc43030e1aec,mead_part0
20260921,W009,7,mead_part0:85da9afe86cea6058b39,mead_part0
20260921,W009,8,mead_part0:cf09791a056e9c7f9757,mead_part0
20260921,W009,9,mead_part0:3a108fea4a1a93471610,mead_part0
20260921,W009,10,mead_part0:4b70d1e8286aef78e173,mead_part0
20260921,W011,1,mead_part0:dd2f4392a3fef3a7cda7,mead_part0
20260921,W011,2,mead_part0:17d623395c6385940693,mead_part0
20260921,W011,3,mead_part0:5b0f5451f7816aac311e,mead_part0
20260921,W011,4,mead_part0:b7d61d61ec22e7dcf4bc,mead_part0
20260921,W011,5,mead_part0:8049586a0ba191cba0ae,mead_part0
20260921,W011,6,mead_part0:ab2b214122c7b0266298,mead_part0
20260921,W011,7,mead_part0:efc0bc59129086d92357,mead_part0
20260921,W011,8,mead_part0:784c8e52beca299935e2,mead_part0
20260921,W011,9,mead_part0:a33796e2a283ac1b388b,mead_part0
20260921,W011,10,mead_part0:f87fe7c379f262b0b62b,mead_part0
20260921,W014,1,mead_part0:33a8d1c543e0093d7136,mead_part0
20260921,W014,2,mead_part0:81e4f9cb72f52abc8c59,mead_part0
20260921,W014,3,mead_part0:91b87688765cd33d1bf7,mead_part0
20260921,W014,4,mead_part0:411c8be0186f03fad830,mead_part0
20260921,W014,5,mead_part0:4a1ec12857e61e3d0d83,mead_part0
20260921,W014,6,mead_part0:5d7a2462086b983c2c3d,mead_part0
20260921,W014,7,mead_part0:9744b691453a3e3e7939,mead_part0
20260921,W014,8,mead_part0:1c5e5a1e470d7f8b0e28,mead_part0
20260921,W014,9,mead_part0:5542347b5b1172f262c1,mead_part0
20260921,W014,10,mead_part0:8a125f764e1fe804712e,mead_part0
20260921,W015,1,mead_part0:b81687076ceb4599ddcb,mead_part0
20260921,W015,2,mead_part0:da53138f9a1fc2f4def5,mead_part0
20260921,W015,3,mead_part0:56c5d1d6cb166ac0e5c6,mead_part0
20260921,W015,4,mead_part0:b6245faa4195961388a7,mead_part0
20260921,W015,5,mead_part0:c63db734fffa58d154fc,mead_part0
20260921,W015,6,mead_part0:10209415ddffe619970e,mead_part0
20260921,W015,7,mead_part0:8b22e0568f2f390c1d35,mead_part0
20260921,W015,8,mead_part0:51e3450e8367a9c9eec4,mead_part0
20260921,W015,9,mead_part0:ea368ca88244d2656296,mead_part0
20260921,W015,10,mead_part0:a297210d76f46e75bb61,mead_part0
20260921,W016,1,mead_part0:fa2555e74a8c1e639ae4,mead_part0
20260921,W016,2,mead_part0:8fff3584e29e88081ebf,mead_part0
20260921,W016,3,mead_part0:c0d91bd81160e012ff01,mead_part0
20260921,W016,4,mead_part0:8ff38ee9e0d374634371,mead_part0
20260921,W016,5,mead_part0:ad5995503fd737dc3640,mead_part0
20260921,W016,6,mead_part0:38225182c9c5698f9a24,mead_part0
20260921,W016,7,mead_part0:9a73e2ef3d8a2ac49039,mead_part0
20260921,W016,8,mead_part0:76e30f7279dc98770b05,mead_part0
20260921,W016,9,mead_part0:6500bbbb7f73a3c2fea6,mead_part0
20260921,W016,10,mead_part0:1fdd9778ace45b8f7c81,mead_part0
20260921,W017,1,mead_part0:f1ff10f3bbf11754ad6f,mead_part0
20260921,W017,2,mead_part0:1bc3231b90f241c34326,mead_part0
20260921,W017,3,mead_part0:a725d9fe2ade61497657,mead_part0
20260921,W017,4,mead_part0:b824de7d1fbba4107263,mead_part0
20260921,W017,5,mead_part0:cd96d6c36eab269c3441,mead_part0
20260921,W017,6,mead_part0:46fc65668dc087fcbc0c,mead_part0
20260921,W017,7,mead_part0:92f30af3d97ff943daf2,mead_part0
20260921,W017,8,mead_part0:b56049503821717b0707,mead_part0
20260921,W017,9,mead_part0:22ec0da6edf5f97a1aa0,mead_part0
20260921,W017,10,mead_part0:7bc589163f13da27a202,mead_part0
20260921,W018,1,mead_part0:4c936d026c3cf8eb1792,mead_part0
20260921,W018,2,mead_part0:ce3b08ca5169c48130f2,mead_part0
20260921,W018,3,mead_part0:0019d476e7eb3e1a2215,mead_part0
20260921,W018,4,mead_part0:2036e23b1a0fd74e238d,mead_part0
20260921,W018,5,mead_part0:3d9b54aaa6dc25ea3f82,mead_part0
20260921,W018,6,mead_part0:ec24f82fc0979e8a63dd,mead_part0
20260921,W018,7,mead_part0:3be766cf412544769fc1,mead_part0
20260921,W018,8,mead_part0:80b59e2a5970d8660aef,mead_part0
20260921,W018,9,mead_part0:24358a10a14235cb76df,mead_part0
20260921,W018,10,mead_part0:60cd69e9de8c7a270bc8,mead_part0
20260921,W019,1,mead_part0:152baddc58688dfff385,mead_part0
20260921,W019,2,mead_part0:1af07fa81b83f50e8122,mead_part0
20260921,W019,3,mead_part0:54552ac0c985926830d2,mead_part0
20260921,W019,4,mead_part0:7dbb4928eca32088e574,mead_part0
20260921,W019,5,mead_part0:1e5f9e76c284d4f59419,mead_part0
20260921,W019,6,mead_part0:ef836951efd5165136f3,mead_part0
20260921,W019,7,mead_part0:308c900e0ded76f5f943,mead_part0
20260921,W019,8,mead_part0:f4dd8bb647d3616e2ddc,mead_part0
20260921,W019,9,mead_part0:120c9dc0ae7bdc008ae6,mead_part0
20260921,W019,10,mead_part0:67f53db9165b62269f10,mead_part0
20260921,W021,1,mead_part0:42b0004bbbcbb623d28d,mead_part0
20260921,W021,2,mead_part0:1588efb2b0f031e7b0d1,mead_part0
20260921,W021,3,mead_part0:c414674860a48da9f515,mead_part0
20260921,W021,4,mead_part0:321f92342617e2850bc4,mead_part0
20260921,W021,5,mead_part0:b2bd132e1beb70510460,mead_part0
20260921,W021,6,mead_part0:693494a052797d69022f,mead_part0
20260921,W021,7,mead_part0:c741bafe8405926b7be0,mead_part0
20260921,W021,8,mead_part0:b930860b96c20844c1f1,mead_part0
20260921,W021,9,mead_part0:d05c52fd4a7345702f3c,mead_part0
20260921,W021,10,mead_part0:cb4da69161d5d0ef05ad,mead_part0
20260921,W023,1,mead_part0:a4e0338e83ca24b2e44a,mead_part0
20260921,W023,2,mead_part0:026e36534f75b280d5e7,mead_part0
20260921,W023,3,mead_part0:1e9394edaac66e6fd8d1,mead_part0
20260921,W023,4,mead_part0:1678a3bf26e3a3867e7e,mead_part0
20260921,W023,5,mead_part0:5f67e74b22b14123ab1a,mead_part0
20260921,W023,6,mead_part0:e8de9f1461e703f88abc,mead_part0
20260921,W023,7,mead_part0:6e9b38a206920ef51119,mead_part0
20260921,W023,8,mead_part0:ea72cd19476c40b6979a,mead_part0
20260921,W023,9,mead_part0:e6a7f1c4403d3e432f30,mead_part0
20260921,W023,10,mead_part0:799d5ade5c5e61f730d2,mead_part0
20260921,W024,1,mead_part0:1bfb95ed461c58c407fc,mead_part0
20260921,W024,2,mead_part0:28498c0c61a790297681,mead_part0
20260921,W024,3,mead_part0:fe60ba9874642930f517,mead_part0
20260921,W024,4,mead_part0:1f18995ee35bfd4878ff,mead_part0
20260921,W024,5,mead_part0:5f2c6da6ae3df479dfd1,mead_part0
20260921,W024,6,mead_part0:a238abeaff7f3ec44f01,mead_part0
20260921,W024,7,mead_part0:a1a98b8d33fb8b4ff168,mead_part0
20260921,W024,8,mead_part0:3baf190295fdb363a58a,mead_part0
20260921,W024,9,mead_part0:95d63a6ff38e49fb1447,mead_part0
20260921,W024,10,mead_part0:24e57c38f29db791e121,mead_part0
20260921,W025,1,mead_part0:2294971744eb9bba9381,mead_part0
20260921,W025,2,mead_part0:2035114db7263d6457d4,mead_part0
20260921,W025,3,mead_part0:9cf742e9d8ae32bb696c,mead_part0
20260921,W025,4,mead_part0:351584214868110e1e54,mead_part0
20260921,W025,5,mead_part0:673490cdcc4b5a8ef830,mead_part0
20260921,W025,6,mead_part0:b141b95036524a114e67,mead_part0
20260921,W025,7,mead_part0:5573632b477ed5b735f7,mead_part0
20260921,W025,8,mead_part0:dc55891ef6cbaf48dd6b,mead_part0
20260921,W025,9,mead_part0:bd2aac6bccaf1223acf4,mead_part0
20260921,W025,10,mead_part0:ad4951e9c80ab8105f67,mead_part0
20260921,W026,1,mead_part0:fe927c7cb4d918025b49,mead_part0
20260921,W026,2,mead_part0:222ed525fce274667f4c,mead_part0
20260921,W026,3,mead_part0:5321412b315ff6eb4047,mead_part0
20260921,W026,4,mead_part0:5301187dd6fbfbdce1dc,mead_part0
20260921,W026,5,mead_part0:5f11a3d297116d8294ae,mead_part0
20260921,W026,6,mead_part0:c124ca73f9856e2a8f72,mead_part0
20260921,W026,7,mead_part0:29eb6aec24ede07f10a1,mead_part0
20260921,W026,8,mead_part0:585b58af19dbc92d4714,mead_part0
20260921,W026,9,mead_part0:90313661b2058001b8e3,mead_part0
20260921,W026,10,mead_part0:5131fd266aaf2d5c3027,mead_part0
20260921,W028,1,mead_part0:8cabe4917ca6f023e5c9,mead_part0
20260921,W028,2,mead_part0:c3d5105b2a53209cbfac,mead_part0
20260921,W028,3,mead_part0:cae0b7c233474dad87af,mead_part0
20260921,W028,4,mead_part0:c1922c0e8b249888bafa,mead_part0
20260921,W028,5,mead_part0:64fbac5e0d5c131d5c18,mead_part0
20260921,W028,6,mead_part0:8533ba3c3428e88ab02f,mead_part0
20260921,W028,7,mead_part0:c39b452b1c2976187bfc,mead_part0
20260921,W028,8,mead_part0:40450fc31192842cea1b,mead_part0
20260921,W028,9,mead_part0:3960541a21c9135b8fb9,mead_part0
20260921,W028,10,mead_part0:595751137c558f923311,mead_part0
20260921,W029,1,mead_part0:df8352b7ce87e0da8421,mead_part0
20260921,W029,2,mead_part0:9a5c8e933b0da9d4f5f1,mead_part0
20260921,W029,3,mead_part0:cfd79a0097f787499148,mead_part0
20260921,W029,4,mead_part0:1de74ebf1b995c7eeb97,mead_part0
20260921,W029,5,mead_part0:52d973b229e76a659d95,mead_part0
20260921,W029,6,mead_part0:111bfe2f862b4501fcab,mead_part0
20260921,W029,7,mead_part0:039b7806066b9936f604,mead_part0
20260921,W029,8,mead_part0:9a98299b94e4c60f1d8c,mead_part0
20260921,W029,9,mead_part0:acc0619ed13480f95c99,mead_part0
20260921,W029,10,mead_part0:ad3476fd0574f10dfdc2,mead_part0
20260921,W033,1,mead_part0:75c8652cb16a8bb55b21,mead_part0
20260921,W033,2,mead_part0:e36ad33575053f8f615c,mead_part0
20260921,W033,3,mead_part0:49ba073169d9dd3358b4,mead_part0
20260921,W033,4,mead_part0:685d3932b3ab25096e3e,mead_part0
20260921,W033,5,mead_part0:e727546ff0d6ba6bde56,mead_part0
20260921,W033,6,mead_part0:0247b6af13beafe782a0,mead_part0
20260921,W033,7,mead_part0:dc25beeafdca36bf7e1a,mead_part0
20260921,W033,8,mead_part0:94f555aeebcb6e292c68,mead_part0
20260921,W033,9,mead_part0:139332edce8fc1765820,mead_part0
20260921,W033,10,mead_part0:9f73e626a8970b6b44a2,mead_part0
20260921,W035,1,mead_part0:98d08d8292bb3e83f34e,mead_part0
20260921,W035,2,mead_part0:96e41c0ea5fad1737b5e,mead_part0
20260921,W035,3,mead_part0:d23200af9cd5b15b4ed3,mead_part0
20260921,W035,4,mead_part0:26ffd2e5391fd6752f85,mead_part0
20260921,W035,5,mead_part0:691b0c887ab6079849ef,mead_part0
20260921,W035,6,mead_part0:37bfa149038e3c17b809,mead_part0
20260921,W035,7,mead_part0:1c94f1dbb672659053c8,mead_part0
20260921,W035,8,mead_part0:32d370a88b54a20e1fdb,mead_part0
20260921,W035,9,mead_part0:6d84af41ac604c5e1b9b,mead_part0
20260921,W035,10,mead_part0:1ee1c1dda6c30055747b,mead_part0
20260921,W036,1,mead_part0:4042f4dc837a5f5144d0,mead_part0
20260921,W036,2,mead_part0:7b19e5015e41bc330d4c,mead_part0
20260921,W036,3,mead_part0:ecfe6faec4c481a4ca5e,mead_part0
20260921,W036,4,mead_part0:19b321abd80767774672,mead_part0
20260921,W036,5,mead_part0:a68f035b776ff238c611,mead_part0
20260921,W036,6,mead_part0:2a8fd6a2a3df6057fdce,mead_part0
20260921,W036,7,mead_part0:ae65d782330a3fb4f63f,mead_part0
20260921,W036,8,mead_part0:3fd4d0dd909805b9ee06,mead_part0
20260921,W036,9,mead_part0:91eca01011c9cc14ecf7,mead_part0
20260921,W036,10,mead_part0:97d2d4c0aa1049453ef6,mead_part0
20260921,W037,1,mead_part0:5130230d9218e5740061,mead_part0
20260921,W037,2,mead_part0:6d3a17266d02912b10f3,mead_part0
20260921,W037,3,mead_part0:2aa8bcbfef501538a746,mead_part0
20260921,W037,4,mead_part0:d56b1ca04c25ef09cf6e,mead_part0
20260921,W037,5,mead_part0:3d8e4b65267189bd1a95,mead_part0
20260921,W037,6,mead_part0:2c52dd3a254ebb55255c,mead_part0
20260921,W037,7,mead_part0:f06c75beb5e5b06ced0a,mead_part0
20260921,W037,8,mead_part0:99a20a43039145d1800e,mead_part0
20260921,W037,9,mead_part0:e20db54680a4b8cb38a4,mead_part0
20260921,W037,10,mead_part0:ac50fd7f9abd2e65dd1a,mead_part0
20260921,W038,1,mead_part0:5985e06af3cfbf30d44a,mead_part0
20260921,W038,2,mead_part0:fe3ae6a0919b818a29b5,mead_part0
20260921,W038,3,mead_part0:2dcf812979f92595a4b9,mead_part0
20260921,W038,4,mead_part0:6cae3fadaa3374e4bcb6,mead_part0
20260921,W038,5,mead_part0:88347a626a7a73b7316b,mead_part0
20260921,W038,6,mead_part0:60fa5fc75f014f33aa13,mead_part0
20260921,W038,7,mead_part0:7946b1802477520b42e8,mead_part0
20260921,W038,8,mead_part0:de17f61ae3db7c92688a,mead_part0
20260921,W038,9,mead_part0:f39e030c5258387dae3d,mead_part0
20260921,W038,10,mead_part0:e2ecf050aa319d097c98,mead_part0
20260921,W040,1,mead_part0:c059106b02f57ccba9de,mead_part0
20260921,W040,2,mead_part0:b6ae0fcea02251d9c67e,mead_part0
20260921,W040,3,mead_part0:9d6f9b084df455ee60d1,mead_part0
20260921,W040,4,mead_part0:87cd37b7a6f48e2702b0,mead_part0
20260921,W040,5,mead_part0:317b2c76928c17a6d0a7,mead_part0
20260921,W040,6,mead_part0:92eb5f129d2f04beb868,mead_part0
20260921,W040,7,mead_part0:f4153e600998282d87b4,mead_part0
20260921,W040,8,mead_part0:69eeca1d702ce174042e,mead_part0
20260921,W040,9,mead_part0:bb00cdc5103d3f1c6531,mead_part0
20260921,W040,10,mead_part0:afc44b57ef369d064e59,mead_part0
20260922,M003,1,mead_part0:2656e3fe7d2234f85229,mead_part0
20260922,M003,2,mead_part0:79b1f6e3831ee4d15c60,mead_part0
20260922,M003,3,mead_part0:f18dc79ee441c351ab34,mead_part0
20260922,M003,4,mead_part0:1ab297165fc886fb4471,mead_part0
20260922,M003,5,mead_part0:0e5506d53f62404e0ee8,mead_part0
20260922,M003,6,mead_part0:2bcc56d9b5ea68a92510,mead_part0
20260922,M003,7,mead_part0:50c1e2b334f7b69e367e,mead_part0
20260922,M003,8,mead_part0:fc2ec7a532d43188ebf0,mead_part0
20260922,M003,9,mead_part0:69f8ff8033c5034b137e,mead_part0
20260922,M003,10,mead_part0:06d151a7e001aaee20c2,mead_part0
20260922,M005,1,mead_part0:cc5a83a5f9804da8a889,mead_part0
20260922,M005,2,mead_part0:fc92fd230c47f3b662b9,mead_part0
20260922,M005,3,mead_part0:0f46cdf4cda5e9109821,mead_part0
20260922,M005,4,mead_part0:711adc79ca237b18e536,mead_part0
20260922,M005,5,mead_part0:c7609ce97f091a5d5600,mead_part0
20260922,M005,6,mead_part0:3ae78eca0bbfdf81417b,mead_part0
20260922,M005,7,mead_part0:436deab4f0003d4fd461,mead_part0
20260922,M005,8,mead_part0:c71141d70fea50dba0ee,mead_part0
20260922,M005,9,mead_part0:6c1e323938f88ff4cfa3,mead_part0
20260922,M005,10,mead_part0:cfebafaa784e65491922,mead_part0
20260922,M007,1,mead_part0:0e2b5f87e46cd21eba78,mead_part0
20260922,M007,2,mead_part0:315db1276243fde73574,mead_part0
20260922,M007,3,mead_part0:e0d99cb3fe3db0c58060,mead_part0
20260922,M007,4,mead_part0:cf301059fa0349288275,mead_part0
20260922,M007,5,mead_part0:859fc4151948c5f308e4,mead_part0
20260922,M007,6,mead_part0:7cad45508408332ff8ca,mead_part0
20260922,M007,7,mead_part0:998a838e1d7d180b4b26,mead_part0
20260922,M007,8,mead_part0:bf398b7db5bd4de085ab,mead_part0
20260922,M007,9,mead_part0:0cfea90db3ff3a8a50cc,mead_part0
20260922,M007,10,mead_part0:5daa87571d4fae4af931,mead_part0
20260922,M009,1,mead_part0:b08a3023164947067cba,mead_part0
20260922,M009,2,mead_part0:7bec158e8e784ba03ad5,mead_part0
20260922,M009,3,mead_part0:ec7c9779af7141bfe1c8,mead_part0
20260922,M009,4,mead_part0:e022e0c63dc602ef9ab8,mead_part0
20260922,M009,5,mead_part0:a54dd32d3a162a0402e7,mead_part0
20260922,M009,6,mead_part0:b065a86f85f97039d9d7,mead_part0
20260922,M009,7,mead_part0:4668c837eb9ee2d04a88,mead_part0
20260922,M009,8,mead_part0:1cf60ab52127cfd8a442,mead_part0
20260922,M009,9,mead_part0:fb0283bc950097b3ab25,mead_part0
20260922,M009,10,mead_part0:327afdf9c89a828a1b2f,mead_part0
20260922,M011,1,mead_part0:cdf98ee212091bd1acaf,mead_part0
20260922,M011,2,mead_part0:ff1aacac59fcecad3fc5,mead_part0
20260922,M011,3,mead_part0:85817aa4617967a4bef2,mead_part0
20260922,M011,4,mead_part0:f5decb7b7b27f0400645,mead_part0
20260922,M011,5,mead_part0:6db5f2eee787ad26c085,mead_part0
20260922,M011,6,mead_part0:e9980165b6fd8e670f2a,mead_part0
20260922,M011,7,mead_part0:e60838e9919cba09e60d,mead_part0
20260922,M011,8,mead_part0:acd4829909544c142651,mead_part0
20260922,M011,9,mead_part0:e0dbda930b916b93fccf,mead_part0
20260922,M011,10,mead_part0:94be8acece4f6bd8bc0c,mead_part0
20260922,M012,1,mead_part0:9fcf1a3e33a4457a60b0,mead_part0
20260922,M012,2,mead_part0:e8ea057f93d71261cdd3,mead_part0
20260922,M012,3,mead_part0:f5d0c37d6dd39053b26c,mead_part0
20260922,M012,4,mead_part0:8f6ab169fb0842c40c06,mead_part0
20260922,M012,5,mead_part0:8a0829ead71bfadfce89,mead_part0
20260922,M012,6,mead_part0:b2a75a3bc5affb83ed09,mead_part0
20260922,M012,7,mead_part0:d220d34a6c545c4724ea,mead_part0
20260922,M012,8,mead_part0:c3f141c3110af0bb3c3d,mead_part0
20260922,M012,9,mead_part0:ac0a5aa5d3d245a97149,mead_part0
20260922,M012,10,mead_part0:ca5e57684ab9232a889b,mead_part0
20260922,M013,1,mead_part0:91341ebc558da4fce541,mead_part0
20260922,M013,2,mead_part0:c5b20baf06e262535e26,mead_part0
20260922,M013,3,mead_part0:ae22212e67985c3ea9d1,mead_part0
20260922,M013,4,mead_part0:064aa27efe8be424c1f2,mead_part0
20260922,M013,5,mead_part0:cee39dad54d3882780b1,mead_part0
20260922,M013,6,mead_part0:d99ad123fa498c69d5fa,mead_part0
20260922,M013,7,mead_part0:86bc984af81cf8eb106e,mead_part0
20260922,M013,8,mead_part0:e84f2f1e7f293b7facc0,mead_part0
20260922,M013,9,mead_part0:acddb1b8344801ac5d2e,mead_part0
20260922,M013,10,mead_part0:2027cce3b3b88f963475,mead_part0
20260922,M019,1,mead_part0:052d25fcf1a06c39af32,mead_part0
20260922,M019,2,mead_part0:5d839febd73dff0ff75d,mead_part0
20260922,M019,3,mead_part0:93fb11287d0f095e1747,mead_part0
20260922,M019,4,mead_part0:d9afdd83ea7001863150,mead_part0
20260922,M019,5,mead_part0:a5859bc203fa6c54fc8a,mead_part0
20260922,M019,6,mead_part0:5d6e867654bdb9be56a8,mead_part0
20260922,M019,7,mead_part0:43c807694d9115c98fc0,mead_part0
20260922,M019,8,mead_part0:d313113c4b8b5c50ed98,mead_part0
20260922,M019,9,mead_part0:3ba90f9a50dd9a10de96,mead_part0
20260922,M019,10,mead_part0:70756efa2dea6420fc1c,mead_part0
20260922,M022,1,mead_part0:45e23b196a924dc97e5d,mead_part0
20260922,M022,2,mead_part0:d8efb2610e0e200c65db,mead_part0
20260922,M022,3,mead_part0:9c7f22eb1a515cedf71e,mead_part0
20260922,M022,4,mead_part0:eee5e988342d525f3f49,mead_part0
20260922,M022,5,mead_part0:b12033b424da5c391ddc,mead_part0
20260922,M022,6,mead_part0:8a7077ed0676dbbefea8,mead_part0
20260922,M022,7,mead_part0:6b4faba2b1747863b23c,mead_part0
20260922,M022,8,mead_part0:3fcabd8a78f8b46120b1,mead_part0
20260922,M022,9,mead_part0:07999b57deb77e864547,mead_part0
20260922,M022,10,mead_part0:a2b3ebdf99f0ac62cf97,mead_part0
20260922,M023,1,mead_part0:c8710e814c555c39fac6,mead_part0
20260922,M023,2,mead_part0:59d81e522d6225a804a7,mead_part0
20260922,M023,3,mead_part0:0a156e0e088bfc76ea8b,mead_part0
20260922,M023,4,mead_part0:4f9dd53e8d511765eab4,mead_part0
20260922,M023,5,mead_part0:0ff263cb623d2f11fc47,mead_part0
20260922,M023,6,mead_part0:4045ee910ed7e1f0d34d,mead_part0
20260922,M023,7,mead_part0:b1feb222c83f95b77481,mead_part0
20260922,M023,8,mead_part0:0725bd5c36311a16db41,mead_part0
20260922,M023,9,mead_part0:4f148c8c92916ea6f2fc,mead_part0
20260922,M023,10,mead_part0:d0807e94aa70e724d98c,mead_part0
20260922,M024,1,mead_part0:a22a0ca7e3b2a140da0c,mead_part0
20260922,M024,2,mead_part0:fbacb8392245037db87c,mead_part0
20260922,M024,3,mead_part0:f5d4ee8ae01b7e400151,mead_part0
20260922,M024,4,mead_part0:ddd5265eeab7ee65a6d5,mead_part0
20260922,M024,5,mead_part0:8cf871216ecfa5db04bd,mead_part0
20260922,M024,6,mead_part0:f1a385b742d3e2492f2b,mead_part0
20260922,M024,7,mead_part0:b2e1ffc4bb39ecec40e3,mead_part0
20260922,M024,8,mead_part0:96ea08cca38c536c07d7,mead_part0
20260922,M024,9,mead_part0:dcdd4c77d565377edd95,mead_part0
20260922,M024,10,mead_part0:39bd137dbe9defd5197b,mead_part0
20260922,M025,1,mead_part0:ea5d6d846c74dbeed725,mead_part0
20260922,M025,2,mead_part0:cb09dc7a5322f8db9f99,mead_part0
20260922,M025,3,mead_part0:bdfbdaf8c94d8fd1074e,mead_part0
20260922,M025,4,mead_part0:9c66d7f45861e2b0a095,mead_part0
20260922,M025,5,mead_part0:a7149b9bd239a493ef50,mead_part0
20260922,M025,6,mead_part0:a0256c7c90afbb7197a7,mead_part0
20260922,M025,7,mead_part0:df08c5b242eb218da5d3,mead_part0
20260922,M025,8,mead_part0:985534242083b75cb89a,mead_part0
20260922,M025,9,mead_part0:16bc7aeabafd8780ec7d,mead_part0
20260922,M025,10,mead_part0:2ca9c04aa4b4c3e55733,mead_part0
20260922,M026,1,mead_part0:9c05829773116cb88c67,mead_part0
20260922,M026,2,mead_part0:45fb2d5f03522506bbf5,mead_part0
20260922,M026,3,mead_part0:49efab9c2fe2661300f2,mead_part0
20260922,M026,4,mead_part0:02ce95f5ac262013b2c0,mead_part0
20260922,M026,5,mead_part0:3b6f1d8c2f3b9dac341d,mead_part0
20260922,M026,6,mead_part0:6487de42293b43da7399,mead_part0
20260922,M026,7,mead_part0:ba27ae22e090a043c474,mead_part0
20260922,M026,8,mead_part0:ba60475618fd1dab0550,mead_part0
20260922,M026,9,mead_part0:dd28fcad7bd262971b30,mead_part0
20260922,M026,10,mead_part0:92c4b87d86a9de0f1e77,mead_part0
20260922,M027,1,mead_part0:41192e203559784ff38e,mead_part0
20260922,M027,2,mead_part0:b016e91a0822debadd76,mead_part0
20260922,M027,3,mead_part0:9492190f13fc6fff115f,mead_part0
20260922,M027,4,mead_part0:bca051dcd34a957dd257,mead_part0
20260922,M027,5,mead_part0:e5b45e913dce23eb1d76,mead_part0
20260922,M027,6,mead_part0:3fa7bdec89a2f0b729d7,mead_part0
20260922,M027,7,mead_part0:866949b10093aa44a7b7,mead_part0
20260922,M027,8,mead_part0:c89d84c39724a247a557,mead_part0
20260922,M027,9,mead_part0:c7a9edc953c6c2cc2303,mead_part0
20260922,M027,10,mead_part0:103531d7ce3d27c84626,mead_part0
20260922,M028,1,mead_part0:3974c62caae9b218075b,mead_part0
20260922,M028,2,mead_part0:3ab92b149bf96ebd72d8,mead_part0
20260922,M028,3,mead_part0:6f3db2f5f567fffdb91e,mead_part0
20260922,M028,4,mead_part0:f9e14f507d515c2e55d3,mead_part0
20260922,M028,5,mead_part0:66bc634474b2ec7de2bf,mead_part0
20260922,M028,6,mead_part0:623797ffdb96beb5b97d,mead_part0
20260922,M028,7,mead_part0:4bcfc4dc582635e9dd90,mead_part0
20260922,M028,8,mead_part0:b066362a32d97b1f7b49,mead_part0
20260922,M028,9,mead_part0:63dcd44aeb23dfd248f1,mead_part0
20260922,M028,10,mead_part0:e25134d00a39ed09b028,mead_part0
20260922,M029,1,mead_part0:b2ab4204dd0472b27258,mead_part0
20260922,M029,2,mead_part0:9f3fbdddcbb7550007bb,mead_part0
20260922,M029,3,mead_part0:0a3b09e212334d0e060c,mead_part0
20260922,M029,4,mead_part0:6a5965fed16fd527ae0c,mead_part0
20260922,M029,5,mead_part0:df1aa064fd1319407199,mead_part0
20260922,M029,6,mead_part0:b9bc24d13521fa97fb4f,mead_part0
20260922,M029,7,mead_part0:b5dc42ffbf63668a6123,mead_part0
20260922,M029,8,mead_part0:b78b8be6ca1cf91dd75c,mead_part0
20260922,M029,9,mead_part0:4fd64cb7c308ec72fa12,mead_part0
20260922,M029,10,mead_part0:7a4fa84eaab4a14ac170,mead_part0
20260922,M030,1,mead_part0:e750f5b524ca8aef159c,mead_part0
20260922,M030,2,mead_part0:ff5f693fddd576b28f9d,mead_part0
20260922,M030,3,mead_part0:fabe3e2e541458147809,mead_part0
20260922,M030,4,mead_part0:4bf43b4c19b1f3e01188,mead_part0
20260922,M030,5,mead_part0:a81ee0c3e50fdad2c865,mead_part0
20260922,M030,6,mead_part0:0ae9eb69fb31b6ec91fd,mead_part0
20260922,M030,7,mead_part0:fa63c69bb4bf7c60dd06,mead_part0
20260922,M030,8,mead_part0:5fefb9612cf1f72db95a,mead_part0
20260922,M030,9,mead_part0:a1fc8f50d14e066ae504,mead_part0
20260922,M030,10,mead_part0:b55eeced7819a0e5e7d8,mead_part0
20260922,M031,1,mead_part0:839b69012f5303a29869,mead_part0
20260922,M031,2,mead_part0:bdfb97e6e6bb9928c74d,mead_part0
20260922,M031,3,mead_part0:fda5144671f6fadb818f,mead_part0
20260922,M031,4,mead_part0:1a9edf1b0f993bf1c6f0,mead_part0
20260922,M031,5,mead_part0:5451c4e1dec1f0f7b0bc,mead_part0
20260922,M031,6,mead_part0:21bc15e857a3d00ed18c,mead_part0
20260922,M031,7,mead_part0:0a7d284b23493057b5e4,mead_part0
20260922,M031,8,mead_part0:9caa4f6e4c90fd68b5c9,mead_part0
20260922,M031,9,mead_part0:eaf056376b4abb973f24,mead_part0
20260922,M031,10,mead_part0:0487f22cf8d54d25a8a0,mead_part0
20260922,M032,1,mead_part0:ea18454e2533acc9fbe7,mead_part0
20260922,M032,2,mead_part0:fac946b6b4604bef5562,mead_part0
20260922,M032,3,mead_part0:8f4226545e3c376d4c85,mead_part0
20260922,M032,4,mead_part0:a6d1f27c21f3d433fdbe,mead_part0
20260922,M032,5,mead_part0:d1d58580710503885d4e,mead_part0
20260922,M032,6,mead_part0:a0c487852aa8b88a5341,mead_part0
20260922,M032,7,mead_part0:a7fe554a7605fce9c717,mead_part0
20260922,M032,8,mead_part0:b01ebf6a9f0c9da4cd2d,mead_part0
20260922,M032,9,mead_part0:c01aa4dc088ae370c4c6,mead_part0
20260922,M032,10,mead_part0:44573db4b9b9b5c88256,mead_part0
20260922,M033,1,mead_part0:e8bd0df80089b2fb43ef,mead_part0
20260922,M033,2,mead_part0:20a182a0349ee48770c6,mead_part0
20260922,M033,3,mead_part0:9572833ac3feca258403,mead_part0
20260922,M033,4,mead_part0:8235b0ae6c8dac711fc4,mead_part0
20260922,M033,5,mead_part0:17f07fd11feb384e2b28,mead_part0
20260922,M033,6,mead_part0:66502f171f4df771f197,mead_part0
20260922,M033,7,mead_part0:5273eb267ea9660ba924,mead_part0
20260922,M033,8,mead_part0:b82c8426309e8458d893,mead_part0
20260922,M033,9,mead_part0:549c5c395a48d2a1d791,mead_part0
20260922,M033,10,mead_part0:35d746a7ed6af35e7334,mead_part0
20260922,M034,1,mead_part0:1466caf114dde625215e,mead_part0
20260922,M034,2,mead_part0:e17da790ff17e39840f7,mead_part0
20260922,M034,3,mead_part0:edbab252afed40406f69,mead_part0
20260922,M034,4,mead_part0:9198a6459aa4a51b6ea7,mead_part0
20260922,M034,5,mead_part0:20df695b0fc903a7cab0,mead_part0
20260922,M034,6,mead_part0:bd09e2ad5e742858dd67,mead_part0
20260922,M034,7,mead_part0:4a0577908f795f9c2653,mead_part0
20260922,M034,8,mead_part0:334cfea2b20d786ec59f,mead_part0
20260922,M034,9,mead_part0:bb77ef92d1b3328c3914,mead_part0
20260922,M034,10,mead_part0:ff6fc2fc98a36b542410,mead_part0
20260922,M035,1,mead_part0:f7911e97f1df5bd3ad93,mead_part0
20260922,M035,2,mead_part0:cf78088fe0a683407334,mead_part0
20260922,M035,3,mead_part0:4481d21f8c565e13b12f,mead_part0
20260922,M035,4,mead_part0:691c141a54e182d2dd47,mead_part0
20260922,M035,5,mead_part0:a25fa70625f1104e6606,mead_part0
20260922,M035,6,mead_part0:f0e0e19112ece228c9c6,mead_part0
20260922,M035,7,mead_part0:df39cd1c60a94696e681,mead_part0
20260922,M035,8,mead_part0:f8d922e7e415a8a6d5ae,mead_part0
20260922,M035,9,mead_part0:03f407f139e0c0ce873f,mead_part0
20260922,M035,10,mead_part0:e939a04ac1cc12e13c0d,mead_part0
20260922,M037,1,mead_part0:e86d35dd7b552a110365,mead_part0
20260922,M037,2,mead_part0:193c95051ce332bf88cf,mead_part0
20260922,M037,3,mead_part0:2b00286ae716b96a9a20,mead_part0
20260922,M037,4,mead_part0:58b6b00fdea25cc3343b,mead_part0
20260922,M037,5,mead_part0:d185e93a80e7df2ff0fb,mead_part0
20260922,M037,6,mead_part0:17d86a11a8b6f385ca41,mead_part0
20260922,M037,7,mead_part0:9a3c90023dfc9d1bf87c,mead_part0
20260922,M037,8,mead_part0:14db5d7cdcac3b2587c6,mead_part0
20260922,M037,9,mead_part0:55e7662dfcfd771df56b,mead_part0
20260922,M037,10,mead_part0:cd61c410b5075ca21f6f,mead_part0
20260922,M039,1,mead_part0:4eeda3bdd3e9ff5367e3,mead_part0
20260922,M039,2,mead_part0:f7cd13a68aaafcfeced2,mead_part0
20260922,M039,3,mead_part0:fbe0d31687e88b0b6b6e,mead_part0
20260922,M039,4,mead_part0:8c645dcd4c28d7f164bf,mead_part0
20260922,M039,5,mead_part0:204bd6a77d11a55b535b,mead_part0
20260922,M039,6,mead_part0:a14e5359e824e3c8e728,mead_part0
20260922,M039,7,mead_part0:3c5815062444dfa3fe28,mead_part0
20260922,M039,8,mead_part0:d11df0c9e73b68b0667a,mead_part0
20260922,M039,9,mead_part0:a45cd1124e21dcdcf778,mead_part0
20260922,M039,10,mead_part0:0925c64ead47a5e90d64,mead_part0
20260922,M040,1,mead_part0:c8f04acd4b1649e49da0,mead_part0
20260922,M040,2,mead_part0:dc83ff72e5f6de5d2c30,mead_part0
20260922,M040,3,mead_part0:01389c5493e29397ac5d,mead_part0
20260922,M040,4,mead_part0:8d75896890618a5e1e08,mead_part0
20260922,M040,5,mead_part0:86568d6061e6c16920a4,mead_part0
20260922,M040,6,mead_part0:555b437fac2ebce03e2a,mead_part0
20260922,M040,7,mead_part0:844a7493595e54589b3a,mead_part0
20260922,M040,8,mead_part0:671ea869e6cc43196f6c,mead_part0
20260922,M040,9,mead_part0:2c42032057610f19fcfb,mead_part0
20260922,M040,10,mead_part0:00b4772d9341ee6ecf37,mead_part0
20260922,M041,1,mead_part0:6f9a4aeefc3bbb618f9c,mead_part0
20260922,M041,2,mead_part0:302ab83e9261707d234f,mead_part0
20260922,M041,3,mead_part0:a5c7c41a232abbcc4ad7,mead_part0
20260922,M041,4,mead_part0:d8fb78436e222fd2f35f,mead_part0
20260922,M041,5,mead_part0:4c39c5db94933cfa18db,mead_part0
20260922,M041,6,mead_part0:674fbac5a63fe8789706,mead_part0
20260922,M041,7,mead_part0:7fcd23eb0732ecad2f64,mead_part0
20260922,M041,8,mead_part0:39ff0e88ecae2e0be45b,mead_part0
20260922,M041,9,mead_part0:29e29f5a5a6aa2062c86,mead_part0
20260922,M041,10,mead_part0:80bc01b8c74a341d2866,mead_part0
20260922,M042,1,mead_part0:d80468aa00161c8de692,mead_part0
20260922,M042,2,mead_part0:f7b0501f1730c466ec9e,mead_part0
20260922,M042,3,mead_part0:576f20f3d0af082f513c,mead_part0
20260922,M042,4,mead_part0:3710dcf5200d2719e94f,mead_part0
20260922,M042,5,mead_part0:dc0aa2e4cb416cd0a6a9,mead_part0
20260922,M042,6,mead_part0:a3f51651424877cf3101,mead_part0
20260922,M042,7,mead_part0:47885ee570cdf2c7cc1d,mead_part0
20260922,M042,8,mead_part0:30b2254006102c9f51b4,mead_part0
20260922,M042,9,mead_part0:bde70be85e69c0c27a88,mead_part0
20260922,M042,10,mead_part0:525d4dfa9936e2171e4d,mead_part0
20260922,W009,1,mead_part0:313430c925f2b4ee138e,mead_part0
20260922,W009,2,mead_part0:dbfffdbd2266bf045b22,mead_part0
20260922,W009,3,mead_part0:d389cb2fd4b8ecf0c259,mead_part0
20260922,W009,4,mead_part0:0611ad25af4a7fabcda8,mead_part0
20260922,W009,5,mead_part0:ace26e720d76e8c8ed20,mead_part0
20260922,W009,6,mead_part0:49004a310a83387f736c,mead_part0
20260922,W009,7,mead_part0:087d22d881958fb37acd,mead_part0
20260922,W009,8,mead_part0:98b9fe17f12b7325cfce,mead_part0
20260922,W009,9,mead_part0:fb31a3aa5d389ea3e7d0,mead_part0
20260922,W009,10,mead_part0:13daf422a1e96c721da2,mead_part0
20260922,W011,1,mead_part0:bd00928941425b5c00fc,mead_part0
20260922,W011,2,mead_part0:49ce1cb1695b6d6ba21f,mead_part0
20260922,W011,3,mead_part0:7a3dc87f9fd18ba85220,mead_part0
20260922,W011,4,mead_part0:104aefb83160277191a7,mead_part0
20260922,W011,5,mead_part0:fdf475d95347ea316aae,mead_part0
20260922,W011,6,mead_part0:89e1e12ac8009cc46723,mead_part0
20260922,W011,7,mead_part0:94959551f449425baed5,mead_part0
20260922,W011,8,mead_part0:7be4ac825f03e14eb6ea,mead_part0
20260922,W011,9,mead_part0:c0701256673eddab97a0,mead_part0
20260922,W011,10,mead_part0:286fe7dc99aed2696272,mead_part0
20260922,W014,1,mead_part0:443acec20143b779d5ee,mead_part0
20260922,W014,2,mead_part0:20c59f412da985a7753a,mead_part0
20260922,W014,3,mead_part0:22b0100f611ba2ce31e5,mead_part0
20260922,W014,4,mead_part0:8567ab985bf997aeefd5,mead_part0
20260922,W014,5,mead_part0:ff5e368873132eb01b06,mead_part0
20260922,W014,6,mead_part0:5542347b5b1172f262c1,mead_part0
20260922,W014,7,mead_part0:e426832292f3d3e16294,mead_part0
20260922,W014,8,mead_part0:a37bce908d7574a09592,mead_part0
20260922,W014,9,mead_part0:320cd8b65b916728b8cc,mead_part0
20260922,W014,10,mead_part0:be68f0be064ae227853e,mead_part0
20260922,W015,1,mead_part0:cb81e535e994e0af1d11,mead_part0
20260922,W015,2,mead_part0:007009d8751d54a4a18e,mead_part0
20260922,W015,3,mead_part0:fa7d12a739ff58a7d048,mead_part0
20260922,W015,4,mead_part0:a19f340d8b329e55e9ec,mead_part0
20260922,W015,5,mead_part0:05c18767c7c190da0cc9,mead_part0
20260922,W015,6,mead_part0:272711c781baccc7544d,mead_part0
20260922,W015,7,mead_part0:aeab82c5365841c77a6b,mead_part0
20260922,W015,8,mead_part0:b11a56b090b013b9c358,mead_part0
20260922,W015,9,mead_part0:a339655b6785d171e2fc,mead_part0
20260922,W015,10,mead_part0:859248677907c5936b2c,mead_part0
20260922,W016,1,mead_part0:00cd9ef5dc1744f21e14,mead_part0
20260922,W016,2,mead_part0:dc4ac134e203036d2594,mead_part0
20260922,W016,3,mead_part0:6c4b0f25fae73091fd27,mead_part0
20260922,W016,4,mead_part0:09f6b87619f52579b047,mead_part0
20260922,W016,5,mead_part0:b709078fa9217d914b37,mead_part0
20260922,W016,6,mead_part0:774b2091fc996db8576a,mead_part0
20260922,W016,7,mead_part0:f39c45e5cdfecd3b63ed,mead_part0
20260922,W016,8,mead_part0:7fb8a70b3d26d419863c,mead_part0
20260922,W016,9,mead_part0:e2e30c19ef71f4daecec,mead_part0
20260922,W016,10,mead_part0:ca649dc30ca2b406c8bf,mead_part0
20260922,W017,1,mead_part0:cb9a2d538f6fdf89a452,mead_part0
20260922,W017,2,mead_part0:72c77a6af4e8ce4ec207,mead_part0
20260922,W017,3,mead_part0:551a5e077e0953460993,mead_part0
20260922,W017,4,mead_part0:4f0b61f72c5ba8a714ee,mead_part0
20260922,W017,5,mead_part0:064c3ee48916a3f46421,mead_part0
20260922,W017,6,mead_part0:13d91de788e4f364413f,mead_part0
20260922,W017,7,mead_part0:9db9c99616d3e725c7a9,mead_part0
20260922,W017,8,mead_part0:e1f1c93e3305b07fe396,mead_part0
20260922,W017,9,mead_part0:8ddbb08c8bf811cbabe7,mead_part0
20260922,W017,10,mead_part0:a459fc706212bd4d59aa,mead_part0
20260922,W018,1,mead_part0:520ed8677c6f139f9102,mead_part0
20260922,W018,2,mead_part0:d8639c9f857aebed6d8a,mead_part0
20260922,W018,3,mead_part0:7742a30c327dbc34f1c1,mead_part0
20260922,W018,4,mead_part0:3cbd991b9645b6b431a4,mead_part0
20260922,W018,5,mead_part0:1ca53dab031a64fa62f3,mead_part0
20260922,W018,6,mead_part0:7fec14f4a50a69267911,mead_part0
20260922,W018,7,mead_part0:24358a10a14235cb76df,mead_part0
20260922,W018,8,mead_part0:1a890fbc60ee4067cb63,mead_part0
20260922,W018,9,mead_part0:4a93e73a60eba5867f48,mead_part0
20260922,W018,10,mead_part0:33cf9d206588ba6a16bb,mead_part0
20260922,W019,1,mead_part0:0a117c0c299232d6ab5f,mead_part0
20260922,W019,2,mead_part0:bd214f70aa776fac1350,mead_part0
20260922,W019,3,mead_part0:cc455099f4eae1cb5a3b,mead_part0
20260922,W019,4,mead_part0:6dfaee1229a5b0f1525a,mead_part0
20260922,W019,5,mead_part0:3749600e34842b2f0e3f,mead_part0
20260922,W019,6,mead_part0:0df6f611d30763ced3ed,mead_part0
20260922,W019,7,mead_part0:a5758dd119a6c9dc9a2b,mead_part0
20260922,W019,8,mead_part0:4690a77291de34b56bac,mead_part0
20260922,W019,9,mead_part0:06755e7bf6517f806f05,mead_part0
20260922,W019,10,mead_part0:44908c1e87d49c4f4f1a,mead_part0
20260922,W021,1,mead_part0:af0e14b22569778220c2,mead_part0
20260922,W021,2,mead_part0:beb95e981c41ed601ed5,mead_part0
20260922,W021,3,mead_part0:a4c6da1edb0001bd2c72,mead_part0
20260922,W021,4,mead_part0:c610808b997d75c9ab8f,mead_part0
20260922,W021,5,mead_part0:89a55a37c06038b6f927,mead_part0
20260922,W021,6,mead_part0:3ecbb29c4ecec5844651,mead_part0
20260922,W021,7,mead_part0:12267a5433f5949c6030,mead_part0
20260922,W021,8,mead_part0:c672f5b33bc10da32423,mead_part0
20260922,W021,9,mead_part0:77a537b30481b07af6a3,mead_part0
20260922,W021,10,mead_part0:d70bdf7f7e7e7cf1a325,mead_part0
20260922,W023,1,mead_part0:d6c221c1fc6c19470760,mead_part0
20260922,W023,2,mead_part0:9798f2507b0d6dd8335a,mead_part0
20260922,W023,3,mead_part0:6cc511ff14ec4bf28ef4,mead_part0
20260922,W023,4,mead_part0:aa6d9340c34c5c4a2be1,mead_part0
20260922,W023,5,mead_part0:383204e82fa2c57440b6,mead_part0
20260922,W023,6,mead_part0:b745c94571738d015cd0,mead_part0
20260922,W023,7,mead_part0:d16ebf3b12e11fa1d63d,mead_part0
20260922,W023,8,mead_part0:c0d8761f2a5e09cf4034,mead_part0
20260922,W023,9,mead_part0:647a40059fe82524edab,mead_part0
20260922,W023,10,mead_part0:d7c54fb89c6c9393f91c,mead_part0
20260922,W024,1,mead_part0:5b8ba392d3080cdd3a04,mead_part0
20260922,W024,2,mead_part0:5da0a1bc3171a94c2f51,mead_part0
20260922,W024,3,mead_part0:c3392a5816324e8c6e68,mead_part0
20260922,W024,4,mead_part0:ba396005e33432f397a9,mead_part0
20260922,W024,5,mead_part0:80f4a90698c473403374,mead_part0
20260922,W024,6,mead_part0:02738dc60e6690a3f01e,mead_part0
20260922,W024,7,mead_part0:d4afd6cc3d2d2c33c78c,mead_part0
20260922,W024,8,mead_part0:c3e604be73415d1211d3,mead_part0
20260922,W024,9,mead_part0:9d965a7bfdc946ea6dec,mead_part0
20260922,W024,10,mead_part0:28a8b69ebd9a48939592,mead_part0
20260922,W025,1,mead_part0:4d21180e04915fd7c8dd,mead_part0
20260922,W025,2,mead_part0:fac509b8922457984b09,mead_part0
20260922,W025,3,mead_part0:73b193c196297fd2af18,mead_part0
20260922,W025,4,mead_part0:f40d45420fb9e737e4b5,mead_part0
20260922,W025,5,mead_part0:a19bdbb8a75bfafc048f,mead_part0
20260922,W025,6,mead_part0:a3c17b2032cab196cd2c,mead_part0
20260922,W025,7,mead_part0:25c263d3dea19c8f1c96,mead_part0
20260922,W025,8,mead_part0:5b7fe05dcf868075fcae,mead_part0
20260922,W025,9,mead_part0:9bed5cd7964b973faa36,mead_part0
20260922,W025,10,mead_part0:06429231ac2f94cfb6b7,mead_part0
20260922,W026,1,mead_part0:913420ec0047b29e4791,mead_part0
20260922,W026,2,mead_part0:e5364ef34996cec79064,mead_part0
20260922,W026,3,mead_part0:d2fa2275a5d345564ad6,mead_part0
20260922,W026,4,mead_part0:f4ed10be606608cf60ce,mead_part0
20260922,W026,5,mead_part0:ad1e7451ea12dced8464,mead_part0
20260922,W026,6,mead_part0:8604887dd2b173e79f87,mead_part0
20260922,W026,7,mead_part0:a5360783b4e31090c058,mead_part0
20260922,W026,8,mead_part0:41d53cf26f6c5df7b223,mead_part0
20260922,W026,9,mead_part0:e12f87d91af70ebbc4b0,mead_part0
20260922,W026,10,mead_part0:0dccd3194cd649eb8376,mead_part0
20260922,W028,1,mead_part0:b3f6f7991e2e18a5af0a,mead_part0
20260922,W028,2,mead_part0:1437b617978ac6fa18bb,mead_part0
20260922,W028,3,mead_part0:15ca6141309de7676e59,mead_part0
20260922,W028,4,mead_part0:be30256d0144e3886e68,mead_part0
20260922,W028,5,mead_part0:943d49c58a4983ca498e,mead_part0
20260922,W028,6,mead_part0:48e48683f2d1f501621b,mead_part0
20260922,W028,7,mead_part0:5aacf5a9f8dd8c161e93,mead_part0
20260922,W028,8,mead_part0:24ae037310ed0dfb47c3,mead_part0
20260922,W028,9,mead_part0:f0e663752efefa8d564e,mead_part0
20260922,W028,10,mead_part0:14eedb6fe1191a53974d,mead_part0
20260922,W029,1,mead_part0:4447821e8d2fcfbc75ea,mead_part0
20260922,W029,2,mead_part0:bd7b6c0914d15d22e9d6,mead_part0
20260922,W029,3,mead_part0:2a340f21b940de546c24,mead_part0
20260922,W029,4,mead_part0:111bfe2f862b4501fcab,mead_part0
20260922,W029,5,mead_part0:9a98299b94e4c60f1d8c,mead_part0
20260922,W029,6,mead_part0:6776a92ee1b9faf5f1d6,mead_part0
20260922,W029,7,mead_part0:ad3476fd0574f10dfdc2,mead_part0
20260922,W029,8,mead_part0:a60cf0f8f30eb8952e84,mead_part0
20260922,W029,9,mead_part0:71dfcb9146a4cbc2a17f,mead_part0
20260922,W029,10,mead_part0:f6534490df563f017b7e,mead_part0
20260922,W033,1,mead_part0:d4f221178722c193d8c9,mead_part0
20260922,W033,2,mead_part0:9937390bd6a170c122fc,mead_part0
20260922,W033,3,mead_part0:6ab4d7c772d45b99c63b,mead_part0
20260922,W033,4,mead_part0:e3f251c39087e8500ed9,mead_part0
20260922,W033,5,mead_part0:042790f89fd5c54b2355,mead_part0
20260922,W033,6,mead_part0:f1177144dadff31c8a38,mead_part0
20260922,W033,7,mead_part0:ccb6d60a3648161cb222,mead_part0
20260922,W033,8,mead_part0:7faee9c4b5e101363621,mead_part0
20260922,W033,9,mead_part0:75c8652cb16a8bb55b21,mead_part0
20260922,W033,10,mead_part0:2c2e0172f35648e75c7c,mead_part0
20260922,W035,1,mead_part0:76a0fd92c1a2180c055e,mead_part0
20260922,W035,2,mead_part0:bdb958de51f3022e77e0,mead_part0
20260922,W035,3,mead_part0:66ea96b16fe3215d10f0,mead_part0
20260922,W035,4,mead_part0:406d044d0bf1fe721c09,mead_part0
20260922,W035,5,mead_part0:6b7789670276f686c99a,mead_part0
20260922,W035,6,mead_part0:85795f193011387140a2,mead_part0
20260922,W035,7,mead_part0:145de1599384dee9813d,mead_part0
20260922,W035,8,mead_part0:49fa35ce51b4f689cd23,mead_part0
20260922,W035,9,mead_part0:b355aa8e5edfee264b89,mead_part0
20260922,W035,10,mead_part0:c18209f41aff187ac634,mead_part0
20260922,W036,1,mead_part0:3042c3d8018ff133b648,mead_part0
20260922,W036,2,mead_part0:ae191fd8be5e90eb1a80,mead_part0
20260922,W036,3,mead_part0:f9f4f7444226923e9114,mead_part0
20260922,W036,4,mead_part0:49993d34d7ccff98543c,mead_part0
20260922,W036,5,mead_part0:8c5fe994f3892dee42e1,mead_part0
20260922,W036,6,mead_part0:4766ca3b9ea991e80881,mead_part0
20260922,W036,7,mead_part0:68c3016f20d5cb1ef9e3,mead_part0
20260922,W036,8,mead_part0:6a38ebf21779d121a800,mead_part0
20260922,W036,9,mead_part0:5749f419103a7661dc57,mead_part0
20260922,W036,10,mead_part0:cdd4116421a8bc2c84f7,mead_part0
20260922,W037,1,mead_part0:bf1ab457113d839b416c,mead_part0
20260922,W037,2,mead_part0:97d3412ea67dead9e595,mead_part0
20260922,W037,3,mead_part0:c66010159d9145b4206a,mead_part0
20260922,W037,4,mead_part0:e459200a9a1bada8e880,mead_part0
20260922,W037,5,mead_part0:34e4389b1237700b8b6e,mead_part0
20260922,W037,6,mead_part0:376c3b6a90fc3f3044b2,mead_part0
20260922,W037,7,mead_part0:21170e94308d2216a6e3,mead_part0
20260922,W037,8,mead_part0:8c890e83b618af2f09c1,mead_part0
20260922,W037,9,mead_part0:4d521fdac310ff080e34,mead_part0
20260922,W037,10,mead_part0:f833c8fb16ded42107cc,mead_part0
20260922,W038,1,mead_part0:447054d4c27e7386ddf3,mead_part0
20260922,W038,2,mead_part0:e9fe4fd53b8179b9694c,mead_part0
20260922,W038,3,mead_part0:9231ad70d0291444a10c,mead_part0
20260922,W038,4,mead_part0:e4aab87ee70c9a14a60c,mead_part0
20260922,W038,5,mead_part0:bc55415dcf39659c5aa2,mead_part0
20260922,W038,6,mead_part0:572a4c44b1fe9e61a19c,mead_part0
20260922,W038,7,mead_part0:c5c3a6933fd748839eb0,mead_part0
20260922,W038,8,mead_part0:3373e7c6a8f362b37901,mead_part0
20260922,W038,9,mead_part0:77228fe82783da8253d6,mead_part0
20260922,W038,10,mead_part0:676973e66df4ee66832f,mead_part0
20260922,W040,1,mead_part0:0b5aa7e90bfe303c48d3,mead_part0
20260922,W040,2,mead_part0:9d3d48bed95476736a4e,mead_part0
20260922,W040,3,mead_part0:f97e9bcb437c82e200be,mead_part0
20260922,W040,4,mead_part0:bc049674c11857a5a28e,mead_part0
20260922,W040,5,mead_part0:bc9054ae4e5dfe1f92c7,mead_part0
20260922,W040,6,mead_part0:772d38013f4648a69193,mead_part0
20260922,W040,7,mead_part0:9f52efd1f7d7756343ab,mead_part0
20260922,W040,8,mead_part0:81ea31b89c2c20070ab3,mead_part0
20260922,W040,9,mead_part0:d173a2523fedb58d1ecf,mead_part0
20260922,W040,10,mead_part0:78af66aa6b057a08220e,mead_part0
20260920,Actor_01,1,ravdess_speech:8ad9dbf7aa09b6d747ad,ravdess_speech
20260920,Actor_01,2,ravdess_speech:92db1c62b983fa05de77,ravdess_speech
20260920,Actor_01,3,ravdess_speech:3226d817bab3577b2312,ravdess_speech
20260920,Actor_01,4,ravdess_speech:0c5eea56530e14343003,ravdess_speech
20260920,Actor_01,5,ravdess_speech:ae1824cff8bde30f2e8e,ravdess_speech
20260920,Actor_01,6,ravdess_speech:3bd5f290ed1eec870eb7,ravdess_speech
20260920,Actor_01,7,ravdess_speech:9e823b0e56c9312017ae,ravdess_speech
20260920,Actor_01,8,ravdess_speech:6163f526e7c3d6c1e145,ravdess_speech
20260920,Actor_01,9,ravdess_speech:9c9fd4209de8f2c5620f,ravdess_speech
20260920,Actor_01,10,ravdess_speech:b9956fda427d75544ca1,ravdess_speech
20260920,Actor_02,1,ravdess_speech:cb554e7f8bb94f34f030,ravdess_speech
20260920,Actor_02,2,ravdess_speech:7f56781f02d60b808727,ravdess_speech
20260920,Actor_02,3,ravdess_speech:719cf945f38c68f191a0,ravdess_speech
20260920,Actor_02,4,ravdess_speech:e03386078c2dd72dfbdf,ravdess_speech
20260920,Actor_02,5,ravdess_speech:b98ca6792b3686a3be10,ravdess_speech
20260920,Actor_02,6,ravdess_speech:659af7bf3faa4d45b6aa,ravdess_speech
20260920,Actor_02,7,ravdess_speech:bdaadd62f1c92c9b9013,ravdess_speech
20260920,Actor_02,8,ravdess_speech:dbe3b75abebaae41bf00,ravdess_speech
20260920,Actor_02,9,ravdess_speech:8d307858e3bb2074639a,ravdess_speech
20260920,Actor_02,10,ravdess_speech:3258e16628739054f350,ravdess_speech
20260920,Actor_03,1,ravdess_speech:d9e60e13a37d7b5a1933,ravdess_speech
20260920,Actor_03,2,ravdess_speech:9e69683ad63aee37933a,ravdess_speech
20260920,Actor_03,3,ravdess_speech:7169a5d01d46cdf2ef62,ravdess_speech
20260920,Actor_03,4,ravdess_speech:9fb9ea87b8a076aab879,ravdess_speech
20260920,Actor_03,5,ravdess_speech:243fabf50e022fd395c0,ravdess_speech
20260920,Actor_03,6,ravdess_speech:c590a24c54c106178ff0,ravdess_speech
20260920,Actor_03,7,ravdess_speech:b92f900d34c311d20dd2,ravdess_speech
20260920,Actor_03,8,ravdess_speech:96ed3a0eb6b27ed92b63,ravdess_speech
20260920,Actor_03,9,ravdess_speech:9625842c7d4f5df6a725,ravdess_speech
20260920,Actor_03,10,ravdess_speech:5e7c1f6ad0e038b60d50,ravdess_speech
20260920,Actor_04,1,ravdess_speech:e916336de193bc7c0f24,ravdess_speech
20260920,Actor_04,2,ravdess_speech:1dd5b653883aeee09e35,ravdess_speech
20260920,Actor_04,3,ravdess_speech:6bfe1d2a99bc7286ae47,ravdess_speech
20260920,Actor_04,4,ravdess_speech:826b68442e128e9c70f3,ravdess_speech
20260920,Actor_04,5,ravdess_speech:038b02359122608b33e6,ravdess_speech
20260920,Actor_04,6,ravdess_speech:4a8adda8cedb73288f6a,ravdess_speech
20260920,Actor_04,7,ravdess_speech:5914be506a85d3643172,ravdess_speech
20260920,Actor_04,8,ravdess_speech:164d67c9e2b278c662ec,ravdess_speech
20260920,Actor_04,9,ravdess_speech:58b6c04c511bbf66d203,ravdess_speech
20260920,Actor_04,10,ravdess_speech:6c7cf358712cd7f9be1e,ravdess_speech
20260920,Actor_05,1,ravdess_speech:9dd48a2d10967be42bdd,ravdess_speech
20260920,Actor_05,2,ravdess_speech:4f777868103f859068cb,ravdess_speech
20260920,Actor_05,3,ravdess_speech:34d784df6f9822ff8bf9,ravdess_speech
20260920,Actor_05,4,ravdess_speech:71a57be7b1d404d3fe72,ravdess_speech
20260920,Actor_05,5,ravdess_speech:9731acfb01a4da7c9f09,ravdess_speech
20260920,Actor_05,6,ravdess_speech:9d6a3c2eb4d4abe2dc8d,ravdess_speech
20260920,Actor_05,7,ravdess_speech:28865febf438d05cb66a,ravdess_speech
20260920,Actor_05,8,ravdess_speech:454fdf32abd3a2726729,ravdess_speech
20260920,Actor_05,9,ravdess_speech:d408cb690c4e62369b4c,ravdess_speech
20260920,Actor_05,10,ravdess_speech:abcba75eeacc6075773e,ravdess_speech
20260920,Actor_06,1,ravdess_speech:c50fe42474396b020db8,ravdess_speech
20260920,Actor_06,2,ravdess_speech:bcde0b34e2d6b94a0b01,ravdess_speech
20260920,Actor_06,3,ravdess_speech:ab6aec38cf9840613bd0,ravdess_speech
20260920,Actor_06,4,ravdess_speech:1d15c4af5c65bd700e58,ravdess_speech
20260920,Actor_06,5,ravdess_speech:50e0bb305e84fc48b532,ravdess_speech
20260920,Actor_06,6,ravdess_speech:3c731ec2221541ddccbe,ravdess_speech
20260920,Actor_06,7,ravdess_speech:5562eb3212fe0e43dd68,ravdess_speech
20260920,Actor_06,8,ravdess_speech:10e55b847fbc2561f752,ravdess_speech
20260920,Actor_06,9,ravdess_speech:34674c6819a74fc926e5,ravdess_speech
20260920,Actor_06,10,ravdess_speech:5625870d39a4409f845e,ravdess_speech
20260920,Actor_07,1,ravdess_speech:a75fc11e4f93b8ff775c,ravdess_speech
20260920,Actor_07,2,ravdess_speech:417a982c2c45031ca460,ravdess_speech
20260920,Actor_07,3,ravdess_speech:81604c39048999cce157,ravdess_speech
20260920,Actor_07,4,ravdess_speech:5e84b9bafca91d2a9782,ravdess_speech
20260920,Actor_07,5,ravdess_speech:08997ec8b5b990a2d940,ravdess_speech
20260920,Actor_07,6,ravdess_speech:d493b2ec3490efc4d2c8,ravdess_speech
20260920,Actor_07,7,ravdess_speech:346cc7cf926bd765826d,ravdess_speech
20260920,Actor_07,8,ravdess_speech:37068360d1b01f17752e,ravdess_speech
20260920,Actor_07,9,ravdess_speech:ab651f4e57be72e82f16,ravdess_speech
20260920,Actor_07,10,ravdess_speech:670c058c1296d93b604e,ravdess_speech
20260920,Actor_08,1,ravdess_speech:35d3b67ead88f8dd1c75,ravdess_speech
20260920,Actor_08,2,ravdess_speech:4ec80998c43cab154c5c,ravdess_speech
20260920,Actor_08,3,ravdess_speech:efdb13ccb44aec870ed9,ravdess_speech
20260920,Actor_08,4,ravdess_speech:4b05a17aebc1eb1a0c5b,ravdess_speech
20260920,Actor_08,5,ravdess_speech:d66fabfc6f08473c6b5c,ravdess_speech
20260920,Actor_08,6,ravdess_speech:f7c5fac0ab5322a99104,ravdess_speech
20260920,Actor_08,7,ravdess_speech:37c32b406bc3eca460b1,ravdess_speech
20260920,Actor_08,8,ravdess_speech:e81b346f12b634d6feee,ravdess_speech
20260920,Actor_08,9,ravdess_speech:fbfe90f3a7cf7d029e55,ravdess_speech
20260920,Actor_08,10,ravdess_speech:f753469491233e032d98,ravdess_speech
20260920,Actor_09,1,ravdess_speech:35478836643e4de422d4,ravdess_speech
20260920,Actor_09,2,ravdess_speech:7ef3aea14974ef52c8f2,ravdess_speech
20260920,Actor_09,3,ravdess_speech:25fe69255b4a6fbe3ed6,ravdess_speech
20260920,Actor_09,4,ravdess_speech:83af5bcd53bbe959b6b2,ravdess_speech
20260920,Actor_09,5,ravdess_speech:b4ae86f5bd5b9dffea41,ravdess_speech
20260920,Actor_09,6,ravdess_speech:628a58d8d82322375e72,ravdess_speech
20260920,Actor_09,7,ravdess_speech:d751a6ea92c8f17cd1a6,ravdess_speech
20260920,Actor_09,8,ravdess_speech:31d3f0fd4685739d5a03,ravdess_speech
20260920,Actor_09,9,ravdess_speech:f719c8efc8420eca5fd8,ravdess_speech
20260920,Actor_09,10,ravdess_speech:e2091f0c9c6ab758b952,ravdess_speech
20260920,Actor_10,1,ravdess_speech:836f69315b588ece61fb,ravdess_speech
20260920,Actor_10,2,ravdess_speech:afd9320792f736c2b3c2,ravdess_speech
20260920,Actor_10,3,ravdess_speech:89115b3be77a0c44717e,ravdess_speech
20260920,Actor_10,4,ravdess_speech:65fbdc858810c43777f9,ravdess_speech
20260920,Actor_10,5,ravdess_speech:9c375ead50f8e232dbf7,ravdess_speech
20260920,Actor_10,6,ravdess_speech:af664bf8c54a72682fad,ravdess_speech
20260920,Actor_10,7,ravdess_speech:3e3495266e8af8818ac8,ravdess_speech
20260920,Actor_10,8,ravdess_speech:f59613284dc62bbdf1a9,ravdess_speech
20260920,Actor_10,9,ravdess_speech:c016ef87e7d42636a19a,ravdess_speech
20260920,Actor_10,10,ravdess_speech:105c86fd950d79f97feb,ravdess_speech
20260920,Actor_11,1,ravdess_speech:81f2cc0c35ef017ff949,ravdess_speech
20260920,Actor_11,2,ravdess_speech:8f4a80b3f102df517221,ravdess_speech
20260920,Actor_11,3,ravdess_speech:99ca6de9d38b24822b15,ravdess_speech
20260920,Actor_11,4,ravdess_speech:8695b734b405a660a76b,ravdess_speech
20260920,Actor_11,5,ravdess_speech:4c21e067f1f4aed35b59,ravdess_speech
20260920,Actor_11,6,ravdess_speech:1006790e2ee0bf3d582a,ravdess_speech
20260920,Actor_11,7,ravdess_speech:bd65a69a4a456bc6526a,ravdess_speech
20260920,Actor_11,8,ravdess_speech:7e081c3a1a5032b10760,ravdess_speech
20260920,Actor_11,9,ravdess_speech:c0371c6ee217535ef327,ravdess_speech
20260920,Actor_11,10,ravdess_speech:c8f1cd1f928ad3e72166,ravdess_speech
20260920,Actor_12,1,ravdess_speech:152dbf62fee908990ce2,ravdess_speech
20260920,Actor_12,2,ravdess_speech:07edabc02d472029e36c,ravdess_speech
20260920,Actor_12,3,ravdess_speech:786802beac8999181097,ravdess_speech
20260920,Actor_12,4,ravdess_speech:1e842662ec8e69f470fa,ravdess_speech
20260920,Actor_12,5,ravdess_speech:0622a4b1885a954b4764,ravdess_speech
20260920,Actor_12,6,ravdess_speech:dc24bc0ccf7344ab9a8b,ravdess_speech
20260920,Actor_12,7,ravdess_speech:293ac98e463666a85c88,ravdess_speech
20260920,Actor_12,8,ravdess_speech:e327a8dcef229edd4b4e,ravdess_speech
20260920,Actor_12,9,ravdess_speech:547830379720f90f255a,ravdess_speech
20260920,Actor_12,10,ravdess_speech:8c0e6eb51b149992ba19,ravdess_speech
20260920,Actor_13,1,ravdess_speech:b09ea69450f63a4fd156,ravdess_speech
20260920,Actor_13,2,ravdess_speech:39b397df5aabc9271ac0,ravdess_speech
20260920,Actor_13,3,ravdess_speech:aafb2653dcd8de492860,ravdess_speech
20260920,Actor_13,4,ravdess_speech:1a0f196fd272ae19db34,ravdess_speech
20260920,Actor_13,5,ravdess_speech:638476139fbab0f42554,ravdess_speech
20260920,Actor_13,6,ravdess_speech:38c225768b68fd29ad2f,ravdess_speech
20260920,Actor_13,7,ravdess_speech:c513e80c690c0a60aa18,ravdess_speech
20260920,Actor_13,8,ravdess_speech:3ed35fa90a095c5a8783,ravdess_speech
20260920,Actor_13,9,ravdess_speech:fe623f64ce2a06cbb958,ravdess_speech
20260920,Actor_13,10,ravdess_speech:d35d213ccf0c887f0f09,ravdess_speech
20260920,Actor_14,1,ravdess_speech:948adbd19082c19023fb,ravdess_speech
20260920,Actor_14,2,ravdess_speech:648dcf7ecf5454eced27,ravdess_speech
20260920,Actor_14,3,ravdess_speech:c50adcbc858a3002eb9b,ravdess_speech
20260920,Actor_14,4,ravdess_speech:e2c69c2526613fb36269,ravdess_speech
20260920,Actor_14,5,ravdess_speech:fef408bd3d92cfd2abef,ravdess_speech
20260920,Actor_14,6,ravdess_speech:f0dd89333ab86cc77aa3,ravdess_speech
20260920,Actor_14,7,ravdess_speech:2e244ca058d0dd177ce0,ravdess_speech
20260920,Actor_14,8,ravdess_speech:11c79c1a12e237131664,ravdess_speech
20260920,Actor_14,9,ravdess_speech:1631cd38c77a9897c6ed,ravdess_speech
20260920,Actor_14,10,ravdess_speech:75972017259c4c1097b2,ravdess_speech
20260920,Actor_15,1,ravdess_speech:2b14723c20d522b50137,ravdess_speech
20260920,Actor_15,2,ravdess_speech:eab5ac8cfe64c99d9cd0,ravdess_speech
20260920,Actor_15,3,ravdess_speech:7537cb882a1e044d6053,ravdess_speech
20260920,Actor_15,4,ravdess_speech:f54fbf7064c4a5e94db4,ravdess_speech
20260920,Actor_15,5,ravdess_speech:93c43fb5438031455c91,ravdess_speech
20260920,Actor_15,6,ravdess_speech:58804e66d806b071ef91,ravdess_speech
20260920,Actor_15,7,ravdess_speech:fdf7c50eae5c21baab6a,ravdess_speech
20260920,Actor_15,8,ravdess_speech:4efad624fa79a54382a6,ravdess_speech
20260920,Actor_15,9,ravdess_speech:35a051751c6750d5e90b,ravdess_speech
20260920,Actor_15,10,ravdess_speech:0f8fad310f1efab9e8a4,ravdess_speech
20260920,Actor_16,1,ravdess_speech:222be801720e69e0328f,ravdess_speech
20260920,Actor_16,2,ravdess_speech:e3f7113e13f8bd53d6cd,ravdess_speech
20260920,Actor_16,3,ravdess_speech:79e40fcd767fa206eee1,ravdess_speech
20260920,Actor_16,4,ravdess_speech:5bb2619bac883d38270d,ravdess_speech
20260920,Actor_16,5,ravdess_speech:ee57499b09b6fd71ea37,ravdess_speech
20260920,Actor_16,6,ravdess_speech:2a938f4a2ff1b0ab05b7,ravdess_speech
20260920,Actor_16,7,ravdess_speech:ac2d29b227dd2d430b53,ravdess_speech
20260920,Actor_16,8,ravdess_speech:f8d092abd40d3a77fbeb,ravdess_speech
20260920,Actor_16,9,ravdess_speech:030a44fbbd1c0142ef35,ravdess_speech
20260920,Actor_16,10,ravdess_speech:b50b8686c98542385642,ravdess_speech
20260920,Actor_17,1,ravdess_speech:09cab2d6b01357e556bc,ravdess_speech
20260920,Actor_17,2,ravdess_speech:e50abc4bb6516af68272,ravdess_speech
20260920,Actor_17,3,ravdess_speech:84cc7dac210be286a948,ravdess_speech
20260920,Actor_17,4,ravdess_speech:37ced756d19ddaa1078d,ravdess_speech
20260920,Actor_17,5,ravdess_speech:43cc7df797878120b97f,ravdess_speech
20260920,Actor_17,6,ravdess_speech:a3c0b492d078b5a3ae50,ravdess_speech
20260920,Actor_17,7,ravdess_speech:14603d8c64f5bdbb0db7,ravdess_speech
20260920,Actor_17,8,ravdess_speech:50579d7d0d54171a0c3f,ravdess_speech
20260920,Actor_17,9,ravdess_speech:b22763bd9e17e1ef2cb1,ravdess_speech
20260920,Actor_17,10,ravdess_speech:389aac29b27c34a75a8d,ravdess_speech
20260920,Actor_18,1,ravdess_speech:5f6c5ae0dd132146db85,ravdess_speech
20260920,Actor_18,2,ravdess_speech:14e3f9553110228df52f,ravdess_speech
20260920,Actor_18,3,ravdess_speech:3f3bfa95680e5b94e09a,ravdess_speech
20260920,Actor_18,4,ravdess_speech:bb2b2b9fc565789a5d28,ravdess_speech
20260920,Actor_18,5,ravdess_speech:1cc4ae8cc99616f475bd,ravdess_speech
20260920,Actor_18,6,ravdess_speech:11678707f03340061aab,ravdess_speech
20260920,Actor_18,7,ravdess_speech:6b5e46c3c7378e388976,ravdess_speech
20260920,Actor_18,8,ravdess_speech:ba59b0b8b19a09a92365,ravdess_speech
20260920,Actor_18,9,ravdess_speech:06625715df4ee2eddf5e,ravdess_speech
20260920,Actor_18,10,ravdess_speech:44c3bb843ea3bc1cd190,ravdess_speech
20260920,Actor_19,1,ravdess_speech:37a17c02dda472bf7c59,ravdess_speech
20260920,Actor_19,2,ravdess_speech:349774e4c4fda57199a7,ravdess_speech
20260920,Actor_19,3,ravdess_speech:8b9ed6ced2f33735489a,ravdess_speech
20260920,Actor_19,4,ravdess_speech:ffa9754b57d2e66cb64d,ravdess_speech
20260920,Actor_19,5,ravdess_speech:1627fa98d455a8b88c00,ravdess_speech
20260920,Actor_19,6,ravdess_speech:ce09afb8a8bccfd1a0e3,ravdess_speech
20260920,Actor_19,7,ravdess_speech:784e96a63bbb7f2e7ed4,ravdess_speech
20260920,Actor_19,8,ravdess_speech:6d8e85005df60cea6eeb,ravdess_speech
20260920,Actor_19,9,ravdess_speech:5218e577331df9202dc5,ravdess_speech
20260920,Actor_19,10,ravdess_speech:a2944ec693c970b18a10,ravdess_speech
20260920,Actor_20,1,ravdess_speech:39765cf68e42f14d6a09,ravdess_speech
20260920,Actor_20,2,ravdess_speech:0788408c8c7388a548bf,ravdess_speech
20260920,Actor_20,3,ravdess_speech:0f585985e6c4c4ebeada,ravdess_speech
20260920,Actor_20,4,ravdess_speech:66c44d56374af4cb2e86,ravdess_speech
20260920,Actor_20,5,ravdess_speech:58b3b0a96f42fea622f4,ravdess_speech
20260920,Actor_20,6,ravdess_speech:5d125e5018edf586635e,ravdess_speech
20260920,Actor_20,7,ravdess_speech:6ddcce1d44d100147c4c,ravdess_speech
20260920,Actor_20,8,ravdess_speech:5333d5bcda6ec72eab96,ravdess_speech
20260920,Actor_20,9,ravdess_speech:eddbc99b089c5cfc22aa,ravdess_speech
20260920,Actor_20,10,ravdess_speech:e6928e1c0b84d61fa9e8,ravdess_speech
20260920,Actor_21,1,ravdess_speech:50de23177a4179e103da,ravdess_speech
20260920,Actor_21,2,ravdess_speech:dc5c9e773b5577925ad3,ravdess_speech
20260920,Actor_21,3,ravdess_speech:2a06c69210f567f9c210,ravdess_speech
20260920,Actor_21,4,ravdess_speech:5c65b6aa14313fda48de,ravdess_speech
20260920,Actor_21,5,ravdess_speech:d68d67caa62bea7333fe,ravdess_speech
20260920,Actor_21,6,ravdess_speech:cbeb736a970e91f68773,ravdess_speech
20260920,Actor_21,7,ravdess_speech:5c91c4673be61b2e04b5,ravdess_speech
20260920,Actor_21,8,ravdess_speech:58b12b16f80dc13433aa,ravdess_speech
20260920,Actor_21,9,ravdess_speech:3c96a7abd8ef86a6b28b,ravdess_speech
20260920,Actor_21,10,ravdess_speech:ecf3b4912403c953b0ab,ravdess_speech
20260920,Actor_22,1,ravdess_speech:2a2cb8b260cb78c9cfaa,ravdess_speech
20260920,Actor_22,2,ravdess_speech:dd2109988651d820766c,ravdess_speech
20260920,Actor_22,3,ravdess_speech:497ce662f50ab34b17c4,ravdess_speech
20260920,Actor_22,4,ravdess_speech:52f1a34e1262e2b9e6c2,ravdess_speech
20260920,Actor_22,5,ravdess_speech:a8df029a5be36bb5eb04,ravdess_speech
20260920,Actor_22,6,ravdess_speech:da492a5ea96d52f7be82,ravdess_speech
20260920,Actor_22,7,ravdess_speech:de1afbd95c20fd2eeece,ravdess_speech
20260920,Actor_22,8,ravdess_speech:c287f5291fdaa8a70229,ravdess_speech
20260920,Actor_22,9,ravdess_speech:9ecc80a9318f008f9bee,ravdess_speech
20260920,Actor_22,10,ravdess_speech:26f3c00b35db497fb100,ravdess_speech
20260920,Actor_23,1,ravdess_speech:577c2cbc2d852235dadd,ravdess_speech
20260920,Actor_23,2,ravdess_speech:b3c181d928ffbe2d2f4c,ravdess_speech
20260920,Actor_23,3,ravdess_speech:15f23e930f490c6c9fd8,ravdess_speech
20260920,Actor_23,4,ravdess_speech:6cb883c4ab4c384b49ea,ravdess_speech
20260920,Actor_23,5,ravdess_speech:3c76b9a6591fdb99bc4a,ravdess_speech
20260920,Actor_23,6,ravdess_speech:14c124d600f9c998f35a,ravdess_speech
20260920,Actor_23,7,ravdess_speech:55f06057e0eea5d85a17,ravdess_speech
20260920,Actor_23,8,ravdess_speech:9b72172c6a2c6bd9f4e3,ravdess_speech
20260920,Actor_23,9,ravdess_speech:3f33dc19f6da9c1d2fc7,ravdess_speech
20260920,Actor_23,10,ravdess_speech:f74d1dd41cb00cec06f0,ravdess_speech
20260920,Actor_24,1,ravdess_speech:a6c376397b571939d37a,ravdess_speech
20260920,Actor_24,2,ravdess_speech:de7ed1e3abd792d764b5,ravdess_speech
20260920,Actor_24,3,ravdess_speech:aa44153512ffa637e4e0,ravdess_speech
20260920,Actor_24,4,ravdess_speech:fefb73d8dce407e4af0c,ravdess_speech
20260920,Actor_24,5,ravdess_speech:9da515b84123321107e2,ravdess_speech
20260920,Actor_24,6,ravdess_speech:f2c8b8fc57cdeb318a1e,ravdess_speech
20260920,Actor_24,7,ravdess_speech:010a12aa2fdd8562cf85,ravdess_speech
20260920,Actor_24,8,ravdess_speech:1a61ff8806569acf718b,ravdess_speech
20260920,Actor_24,9,ravdess_speech:8d133622e3294a047a65,ravdess_speech
20260920,Actor_24,10,ravdess_speech:16e744802b5843b019c7,ravdess_speech
20260921,Actor_01,1,ravdess_speech:9e823b0e56c9312017ae,ravdess_speech
20260921,Actor_01,2,ravdess_speech:8d135cb87bbb2137350e,ravdess_speech
20260921,Actor_01,3,ravdess_speech:8d7c768f952073e6275b,ravdess_speech
20260921,Actor_01,4,ravdess_speech:2572a60e0d0f20aa1570,ravdess_speech
20260921,Actor_01,5,ravdess_speech:bedfb0d85a56d618702e,ravdess_speech
20260921,Actor_01,6,ravdess_speech:b94208b6cb158c5baba8,ravdess_speech
20260921,Actor_01,7,ravdess_speech:8a32e37aefb033c71520,ravdess_speech
20260921,Actor_01,8,ravdess_speech:3caa6521e0ec1a602e79,ravdess_speech
20260921,Actor_01,9,ravdess_speech:006ff0f042722b0ec07c,ravdess_speech
20260921,Actor_01,10,ravdess_speech:981f697590f39455b453,ravdess_speech
20260921,Actor_02,1,ravdess_speech:14a1ec392734c01ee170,ravdess_speech
20260921,Actor_02,2,ravdess_speech:977cf1a82045fe4c0eda,ravdess_speech
20260921,Actor_02,3,ravdess_speech:1351d08294a50dc9dac1,ravdess_speech
20260921,Actor_02,4,ravdess_speech:c9bacb3ed64b190db565,ravdess_speech
20260921,Actor_02,5,ravdess_speech:c0adc8ea22f76b5fcdb3,ravdess_speech
20260921,Actor_02,6,ravdess_speech:b13ccc7fab46a54d27eb,ravdess_speech
20260921,Actor_02,7,ravdess_speech:3d5e00321e3fc1bffd7c,ravdess_speech
20260921,Actor_02,8,ravdess_speech:f331a5147a2b99a0a700,ravdess_speech
20260921,Actor_02,9,ravdess_speech:b00060984e11f9a5dcfd,ravdess_speech
20260921,Actor_02,10,ravdess_speech:bdaadd62f1c92c9b9013,ravdess_speech
20260921,Actor_03,1,ravdess_speech:9c1d1192e0d05b0e7b79,ravdess_speech
20260921,Actor_03,2,ravdess_speech:b92f900d34c311d20dd2,ravdess_speech
20260921,Actor_03,3,ravdess_speech:243fabf50e022fd395c0,ravdess_speech
20260921,Actor_03,4,ravdess_speech:04bfb510cb39b8996f72,ravdess_speech
20260921,Actor_03,5,ravdess_speech:7e96fcc5d641110cb090,ravdess_speech
20260921,Actor_03,6,ravdess_speech:a9a41c15867ec01db264,ravdess_speech
20260921,Actor_03,7,ravdess_speech:548327b999dbf1a99f28,ravdess_speech
20260921,Actor_03,8,ravdess_speech:0863f983eb3622fb4a69,ravdess_speech
20260921,Actor_03,9,ravdess_speech:96ed3a0eb6b27ed92b63,ravdess_speech
20260921,Actor_03,10,ravdess_speech:e6cf6552c11cc34fed2c,ravdess_speech
20260921,Actor_04,1,ravdess_speech:826b68442e128e9c70f3,ravdess_speech
20260921,Actor_04,2,ravdess_speech:a05eb2d5099bce246884,ravdess_speech
20260921,Actor_04,3,ravdess_speech:75a0514f63102db8bf45,ravdess_speech
20260921,Actor_04,4,ravdess_speech:deff9ac61eeee46dc3e0,ravdess_speech
20260921,Actor_04,5,ravdess_speech:ec69f72cf1ea8326f7b5,ravdess_speech
20260921,Actor_04,6,ravdess_speech:4a8adda8cedb73288f6a,ravdess_speech
20260921,Actor_04,7,ravdess_speech:8f0ceb35992297a84f44,ravdess_speech
20260921,Actor_04,8,ravdess_speech:1dd5b653883aeee09e35,ravdess_speech
20260921,Actor_04,9,ravdess_speech:3ce94de88956d108607b,ravdess_speech
20260921,Actor_04,10,ravdess_speech:8d1a5fc67c84c19fe2bb,ravdess_speech
20260921,Actor_05,1,ravdess_speech:904a211e33ffa230bd11,ravdess_speech
20260921,Actor_05,2,ravdess_speech:71a57be7b1d404d3fe72,ravdess_speech
20260921,Actor_05,3,ravdess_speech:6832a8eab489512ae8c4,ravdess_speech
20260921,Actor_05,4,ravdess_speech:3627d2ff285c6f072edd,ravdess_speech
20260921,Actor_05,5,ravdess_speech:390e682af1836287b884,ravdess_speech
20260921,Actor_05,6,ravdess_speech:09bdf9fca2bc89eba5f7,ravdess_speech
20260921,Actor_05,7,ravdess_speech:9b81e1a68f5f2daa1352,ravdess_speech
20260921,Actor_05,8,ravdess_speech:401bba873c4b6c5a9cd0,ravdess_speech
20260921,Actor_05,9,ravdess_speech:87127bc9adb05e407887,ravdess_speech
20260921,Actor_05,10,ravdess_speech:1a815a39c69dfcdecbb7,ravdess_speech
20260921,Actor_06,1,ravdess_speech:466ac4448e2cb380724c,ravdess_speech
20260921,Actor_06,2,ravdess_speech:3f6da0dc1a69caeed46c,ravdess_speech
20260921,Actor_06,3,ravdess_speech:28b2385a3dea5c7492cf,ravdess_speech
20260921,Actor_06,4,ravdess_speech:49e3fdf19d9980cafe22,ravdess_speech
20260921,Actor_06,5,ravdess_speech:607994a8c54dc0c10926,ravdess_speech
20260921,Actor_06,6,ravdess_speech:c60382953ba4ade9d81e,ravdess_speech
20260921,Actor_06,7,ravdess_speech:d50153aaf74a0dd3eaef,ravdess_speech
20260921,Actor_06,8,ravdess_speech:a6f85674489e2c316b2b,ravdess_speech
20260921,Actor_06,9,ravdess_speech:0e3aa4bb797bdedd0af9,ravdess_speech
20260921,Actor_06,10,ravdess_speech:656ecce7ca6430000bde,ravdess_speech
20260921,Actor_07,1,ravdess_speech:bbe62737d0c4de2edcb5,ravdess_speech
20260921,Actor_07,2,ravdess_speech:4b3c0d3cb251a86170b8,ravdess_speech
20260921,Actor_07,3,ravdess_speech:42f52c3ec1b5dd1a25b2,ravdess_speech
20260921,Actor_07,4,ravdess_speech:4ce399144e97d597aa05,ravdess_speech
20260921,Actor_07,5,ravdess_speech:56fc12612b3dd8b79479,ravdess_speech
20260921,Actor_07,6,ravdess_speech:346cc7cf926bd765826d,ravdess_speech
20260921,Actor_07,7,ravdess_speech:b71394668275ae9382ca,ravdess_speech
20260921,Actor_07,8,ravdess_speech:08997ec8b5b990a2d940,ravdess_speech
20260921,Actor_07,9,ravdess_speech:1eedc19e38464b9068fe,ravdess_speech
20260921,Actor_07,10,ravdess_speech:0afdf55884b744592f87,ravdess_speech
20260921,Actor_08,1,ravdess_speech:a1d16e20d09a28698802,ravdess_speech
20260921,Actor_08,2,ravdess_speech:5418b7c77f152f800ed7,ravdess_speech
20260921,Actor_08,3,ravdess_speech:a89c1f060b1074bdea3f,ravdess_speech
20260921,Actor_08,4,ravdess_speech:d9b6556aa7f737b98085,ravdess_speech
20260921,Actor_08,5,ravdess_speech:b4149dcbeff86f5dfcc9,ravdess_speech
20260921,Actor_08,6,ravdess_speech:ca2bc54c62c952ed999d,ravdess_speech
20260921,Actor_08,7,ravdess_speech:3fa4dbdc0c3b5f6c7a12,ravdess_speech
20260921,Actor_08,8,ravdess_speech:d66fabfc6f08473c6b5c,ravdess_speech
20260921,Actor_08,9,ravdess_speech:052bb6194c217c17c997,ravdess_speech
20260921,Actor_08,10,ravdess_speech:84a902af4d6b7161c5fa,ravdess_speech
20260921,Actor_09,1,ravdess_speech:4608aa5961938123bb6f,ravdess_speech
20260921,Actor_09,2,ravdess_speech:6720f54ab61dc9bd2006,ravdess_speech
20260921,Actor_09,3,ravdess_speech:578bff7f83e674b4673e,ravdess_speech
20260921,Actor_09,4,ravdess_speech:ed518b1a94a29faca720,ravdess_speech
20260921,Actor_09,5,ravdess_speech:54505308ea795d29316b,ravdess_speech
20260921,Actor_09,6,ravdess_speech:b494470d03ad3be9070b,ravdess_speech
20260921,Actor_09,7,ravdess_speech:e2091f0c9c6ab758b952,ravdess_speech
20260921,Actor_09,8,ravdess_speech:1ae7426803d01252b45b,ravdess_speech
20260921,Actor_09,9,ravdess_speech:6309c23af7c971443e74,ravdess_speech
20260921,Actor_09,10,ravdess_speech:d751a6ea92c8f17cd1a6,ravdess_speech
20260921,Actor_10,1,ravdess_speech:7306b987e1c3ed110443,ravdess_speech
20260921,Actor_10,2,ravdess_speech:0d49a3596ff5fbb02848,ravdess_speech
20260921,Actor_10,3,ravdess_speech:9bc6581641ca1fd76c9e,ravdess_speech
20260921,Actor_10,4,ravdess_speech:e0dd79c4c7a93bb8e3fb,ravdess_speech
20260921,Actor_10,5,ravdess_speech:063da9f09257e5839424,ravdess_speech
20260921,Actor_10,6,ravdess_speech:3e3495266e8af8818ac8,ravdess_speech
20260921,Actor_10,7,ravdess_speech:af664bf8c54a72682fad,ravdess_speech
20260921,Actor_10,8,ravdess_speech:7cd98ce83c0dc8e5546e,ravdess_speech
20260921,Actor_10,9,ravdess_speech:0a6bd1501e6ebb226ef9,ravdess_speech
20260921,Actor_10,10,ravdess_speech:afd9320792f736c2b3c2,ravdess_speech
20260921,Actor_11,1,ravdess_speech:a3e9e1abe5bcffe83689,ravdess_speech
20260921,Actor_11,2,ravdess_speech:9f03f2c0734a205ef84c,ravdess_speech
20260921,Actor_11,3,ravdess_speech:8f4a80b3f102df517221,ravdess_speech
20260921,Actor_11,4,ravdess_speech:8695b734b405a660a76b,ravdess_speech
20260921,Actor_11,5,ravdess_speech:44f4ebb616fa220c267c,ravdess_speech
20260921,Actor_11,6,ravdess_speech:d7408cd124fc55319a1f,ravdess_speech
20260921,Actor_11,7,ravdess_speech:dab68f167fd01aa3b5ef,ravdess_speech
20260921,Actor_11,8,ravdess_speech:4a2d3be7b891a7086e2c,ravdess_speech
20260921,Actor_11,9,ravdess_speech:d2aea4d7e9672ca9185a,ravdess_speech
20260921,Actor_11,10,ravdess_speech:99ca6de9d38b24822b15,ravdess_speech
20260921,Actor_12,1,ravdess_speech:152dbf62fee908990ce2,ravdess_speech
20260921,Actor_12,2,ravdess_speech:d65b76a8b4b51b1a13b2,ravdess_speech
20260921,Actor_12,3,ravdess_speech:b6daa311de57337dc7ba,ravdess_speech
20260921,Actor_12,4,ravdess_speech:7355cb500891e317b9b8,ravdess_speech
20260921,Actor_12,5,ravdess_speech:1353ffd6260d0ce0c56a,ravdess_speech
20260921,Actor_12,6,ravdess_speech:293ac98e463666a85c88,ravdess_speech
20260921,Actor_12,7,ravdess_speech:07edabc02d472029e36c,ravdess_speech
20260921,Actor_12,8,ravdess_speech:b6bfacc539745487f9a0,ravdess_speech
20260921,Actor_12,9,ravdess_speech:56683a7469b9208813ce,ravdess_speech
20260921,Actor_12,10,ravdess_speech:1e842662ec8e69f470fa,ravdess_speech
20260921,Actor_13,1,ravdess_speech:863b97eff0d01c3c430a,ravdess_speech
20260921,Actor_13,2,ravdess_speech:141c7d46226ea02754f8,ravdess_speech
20260921,Actor_13,3,ravdess_speech:6d550c29c249ba27ace0,ravdess_speech
20260921,Actor_13,4,ravdess_speech:d35d213ccf0c887f0f09,ravdess_speech
20260921,Actor_13,5,ravdess_speech:80b5df5d132d4b243939,ravdess_speech
20260921,Actor_13,6,ravdess_speech:da981038ef5e2f6e16a6,ravdess_speech
20260921,Actor_13,7,ravdess_speech:abf7d2168b0053adc95d,ravdess_speech
20260921,Actor_13,8,ravdess_speech:9598d50cbad90bc5f685,ravdess_speech
20260921,Actor_13,9,ravdess_speech:aafb2653dcd8de492860,ravdess_speech
20260921,Actor_13,10,ravdess_speech:c190cda5c3838ec7c90d,ravdess_speech
20260921,Actor_14,1,ravdess_speech:04d35a5f6313b604e800,ravdess_speech
20260921,Actor_14,2,ravdess_speech:8ca4e4f05193cab587df,ravdess_speech
20260921,Actor_14,3,ravdess_speech:d22adb88d4fe715281b7,ravdess_speech
20260921,Actor_14,4,ravdess_speech:266d52523b33dddc337a,ravdess_speech
20260921,Actor_14,5,ravdess_speech:948adbd19082c19023fb,ravdess_speech
20260921,Actor_14,6,ravdess_speech:62ba039619dd374404d2,ravdess_speech
20260921,Actor_14,7,ravdess_speech:41d389fb32d8deeb3f2b,ravdess_speech
20260921,Actor_14,8,ravdess_speech:2028b1715b637b7f07ad,ravdess_speech
20260921,Actor_14,9,ravdess_speech:4e0f7fa9b7ee44b580b3,ravdess_speech
20260921,Actor_14,10,ravdess_speech:de6a55cf6681c5702a4c,ravdess_speech
20260921,Actor_15,1,ravdess_speech:b0ac3e3c64ff251378a2,ravdess_speech
20260921,Actor_15,2,ravdess_speech:7b649042f8d386d9f118,ravdess_speech
20260921,Actor_15,3,ravdess_speech:47863265b6a477343c6b,ravdess_speech
20260921,Actor_15,4,ravdess_speech:253d76516d3f67d9d3a8,ravdess_speech
20260921,Actor_15,5,ravdess_speech:58804e66d806b071ef91,ravdess_speech
20260921,Actor_15,6,ravdess_speech:0f8fad310f1efab9e8a4,ravdess_speech
20260921,Actor_15,7,ravdess_speech:76c5828ea9886308824a,ravdess_speech
20260921,Actor_15,8,ravdess_speech:7aa89620bf9b18f301b7,ravdess_speech
20260921,Actor_15,9,ravdess_speech:eab5ac8cfe64c99d9cd0,ravdess_speech
20260921,Actor_15,10,ravdess_speech:94c6fe507bc0afe19901,ravdess_speech
20260921,Actor_16,1,ravdess_speech:5a3e719103d035560d05,ravdess_speech
20260921,Actor_16,2,ravdess_speech:04b84ef904c222bc0964,ravdess_speech
20260921,Actor_16,3,ravdess_speech:a60146e02f00d021ff13,ravdess_speech
20260921,Actor_16,4,ravdess_speech:68fa3adf094e4ab329a9,ravdess_speech
20260921,Actor_16,5,ravdess_speech:64a35018b679ecbc1d35,ravdess_speech
20260921,Actor_16,6,ravdess_speech:3bfe35208be27a1aeb85,ravdess_speech
20260921,Actor_16,7,ravdess_speech:1c02f0cb040d7f3b1981,ravdess_speech
20260921,Actor_16,8,ravdess_speech:2d294179c85a7955edd8,ravdess_speech
20260921,Actor_16,9,ravdess_speech:9eb53bad30d4864207c7,ravdess_speech
20260921,Actor_16,10,ravdess_speech:0c00a526013baeffe55a,ravdess_speech
20260921,Actor_17,1,ravdess_speech:d242a204f2dd7b19a870,ravdess_speech
20260921,Actor_17,2,ravdess_speech:93a2634fe32c31bafb26,ravdess_speech
20260921,Actor_17,3,ravdess_speech:84cc7dac210be286a948,ravdess_speech
20260921,Actor_17,4,ravdess_speech:5049ef164ba3cb59eb68,ravdess_speech
20260921,Actor_17,5,ravdess_speech:fff73daf4a847acc3707,ravdess_speech
20260921,Actor_17,6,ravdess_speech:437d9b8bf15148ad84cd,ravdess_speech
20260921,Actor_17,7,ravdess_speech:14603d8c64f5bdbb0db7,ravdess_speech
20260921,Actor_17,8,ravdess_speech:e23fa5197df2ae682bda,ravdess_speech
20260921,Actor_17,9,ravdess_speech:4627674e31b58b579c06,ravdess_speech
20260921,Actor_17,10,ravdess_speech:71f60251d4a613739117,ravdess_speech
20260921,Actor_18,1,ravdess_speech:5f6d52f4b502ca5ea642,ravdess_speech
20260921,Actor_18,2,ravdess_speech:5f6c5ae0dd132146db85,ravdess_speech
20260921,Actor_18,3,ravdess_speech:f722d1a283ffb3780fd3,ravdess_speech
20260921,Actor_18,4,ravdess_speech:2ce09b4209cb6282ee29,ravdess_speech
20260921,Actor_18,5,ravdess_speech:9608b2a6faff30a50006,ravdess_speech
20260921,Actor_18,6,ravdess_speech:0028df8cc2e41b09da38,ravdess_speech
20260921,Actor_18,7,ravdess_speech:66c6b892afa892d54d18,ravdess_speech
20260921,Actor_18,8,ravdess_speech:aabd962644fb26e0978f,ravdess_speech
20260921,Actor_18,9,ravdess_speech:11678707f03340061aab,ravdess_speech
20260921,Actor_18,10,ravdess_speech:8d3f78a472eb8650ef35,ravdess_speech
20260921,Actor_19,1,ravdess_speech:95229c76bce614300749,ravdess_speech
20260921,Actor_19,2,ravdess_speech:d9a63ddd7a26250811c4,ravdess_speech
20260921,Actor_19,3,ravdess_speech:5b729c84834fcdf3f84c,ravdess_speech
20260921,Actor_19,4,ravdess_speech:7baf6823d5157aa69197,ravdess_speech
20260921,Actor_19,5,ravdess_speech:189bdb7a143857031b84,ravdess_speech
20260921,Actor_19,6,ravdess_speech:a11159e30040ae98f534,ravdess_speech
20260921,Actor_19,7,ravdess_speech:d60421649c2bab4cd6f9,ravdess_speech
20260921,Actor_19,8,ravdess_speech:1303d8060a487eba9222,ravdess_speech
20260921,Actor_19,9,ravdess_speech:e3bff4aa9c2f2950cd4c,ravdess_speech
20260921,Actor_19,10,ravdess_speech:16f911423d529929e718,ravdess_speech
20260921,Actor_20,1,ravdess_speech:0f585985e6c4c4ebeada,ravdess_speech
20260921,Actor_20,2,ravdess_speech:0b2843e0a2784fc6cdfd,ravdess_speech
20260921,Actor_20,3,ravdess_speech:276df9e51129fbc7300e,ravdess_speech
20260921,Actor_20,4,ravdess_speech:977df3db900ff9c2297f,ravdess_speech
20260921,Actor_20,5,ravdess_speech:314dd3f839d764ff2523,ravdess_speech
20260921,Actor_20,6,ravdess_speech:a944a407ad1037457630,ravdess_speech
20260921,Actor_20,7,ravdess_speech:037ee97e7fff69174f0b,ravdess_speech
20260921,Actor_20,8,ravdess_speech:55c5470089398d120171,ravdess_speech
20260921,Actor_20,9,ravdess_speech:9c30dbd6fa977ffe8571,ravdess_speech
20260921,Actor_20,10,ravdess_speech:4f98cdfe9917fe43bba7,ravdess_speech
20260921,Actor_21,1,ravdess_speech:906fa9b4200c8defd22c,ravdess_speech
20260921,Actor_21,2,ravdess_speech:eaaf3f931dfce8f3cb5a,ravdess_speech
20260921,Actor_21,3,ravdess_speech:5b81ba0172069f636ad4,ravdess_speech
20260921,Actor_21,4,ravdess_speech:1abeb510e217f8250df2,ravdess_speech
20260921,Actor_21,5,ravdess_speech:169c39ab5d0a5710ab2a,ravdess_speech
20260921,Actor_21,6,ravdess_speech:6daad0f1d52ebc8e05da,ravdess_speech
20260921,Actor_21,7,ravdess_speech:0fc37864cd783f35d188,ravdess_speech
20260921,Actor_21,8,ravdess_speech:d68d67caa62bea7333fe,ravdess_speech
20260921,Actor_21,9,ravdess_speech:b33004e333f2162b967e,ravdess_speech
20260921,Actor_21,10,ravdess_speech:860e1c331f17c89f4527,ravdess_speech
20260921,Actor_22,1,ravdess_speech:e6fbf8c2e1b978122a9a,ravdess_speech
20260921,Actor_22,2,ravdess_speech:8f2dc4773ab5c42448fb,ravdess_speech
20260921,Actor_22,3,ravdess_speech:25ce66347a6c60b1470f,ravdess_speech
20260921,Actor_22,4,ravdess_speech:99508620d0616fd9c4db,ravdess_speech
20260921,Actor_22,5,ravdess_speech:a129d70da29d79868a58,ravdess_speech
20260921,Actor_22,6,ravdess_speech:530c8c1f474648f0df93,ravdess_speech
20260921,Actor_22,7,ravdess_speech:26f3c00b35db497fb100,ravdess_speech
20260921,Actor_22,8,ravdess_speech:52f1a34e1262e2b9e6c2,ravdess_speech
20260921,Actor_22,9,ravdess_speech:3e7ed5ba6d3344c28a36,ravdess_speech
20260921,Actor_22,10,ravdess_speech:2362fe9bd52548427671,ravdess_speech
20260921,Actor_23,1,ravdess_speech:4e818ca3526ea01f4057,ravdess_speech
20260921,Actor_23,2,ravdess_speech:ef535f944eb1d48f7e8f,ravdess_speech
20260921,Actor_23,3,ravdess_speech:d70c12091d18152436c3,ravdess_speech
20260921,Actor_23,4,ravdess_speech:70fa721b01895b9ef168,ravdess_speech
20260921,Actor_23,5,ravdess_speech:77819d1808de0c20c4a3,ravdess_speech
20260921,Actor_23,6,ravdess_speech:14c124d600f9c998f35a,ravdess_speech
20260921,Actor_23,7,ravdess_speech:84ed7434d0dfbf65a584,ravdess_speech
20260921,Actor_23,8,ravdess_speech:ddf0392d43e1c8c30a21,ravdess_speech
20260921,Actor_23,9,ravdess_speech:6cb883c4ab4c384b49ea,ravdess_speech
20260921,Actor_23,10,ravdess_speech:0bce8eb930e5761c1ce4,ravdess_speech
20260921,Actor_24,1,ravdess_speech:fd8b820de5f0edfc46c8,ravdess_speech
20260921,Actor_24,2,ravdess_speech:d881aecfdd64fd5db673,ravdess_speech
20260921,Actor_24,3,ravdess_speech:e0518cabb41707cc0144,ravdess_speech
20260921,Actor_24,4,ravdess_speech:3f13c8a6726d124efe5b,ravdess_speech
20260921,Actor_24,5,ravdess_speech:477259b39c4e9f48c443,ravdess_speech
20260921,Actor_24,6,ravdess_speech:56a96803aa657f01e6d2,ravdess_speech
20260921,Actor_24,7,ravdess_speech:644b04cb53273b735b97,ravdess_speech
20260921,Actor_24,8,ravdess_speech:15dbf4752dc03689eda1,ravdess_speech
20260921,Actor_24,9,ravdess_speech:5a6478b229708486bf25,ravdess_speech
20260921,Actor_24,10,ravdess_speech:a6c376397b571939d37a,ravdess_speech
20260922,Actor_01,1,ravdess_speech:e3a16487b5654a3f04a8,ravdess_speech
20260922,Actor_01,2,ravdess_speech:48114705f268f62d351b,ravdess_speech
20260922,Actor_01,3,ravdess_speech:2b52f062dbbc0ea38800,ravdess_speech
20260922,Actor_01,4,ravdess_speech:a055905126af40da5714,ravdess_speech
20260922,Actor_01,5,ravdess_speech:4f67bf9baa9a99512e4a,ravdess_speech
20260922,Actor_01,6,ravdess_speech:8bd14f0057c440fd2310,ravdess_speech
20260922,Actor_01,7,ravdess_speech:dde7461a6123c2c7ff45,ravdess_speech
20260922,Actor_01,8,ravdess_speech:ea582d6ddce224ea2447,ravdess_speech
20260922,Actor_01,9,ravdess_speech:60c51c2a4748940acc6c,ravdess_speech
20260922,Actor_01,10,ravdess_speech:7ca0316821f74e40a650,ravdess_speech
20260922,Actor_02,1,ravdess_speech:1acea589ccca65e1c433,ravdess_speech
20260922,Actor_02,2,ravdess_speech:5e4520b1e81a286e754c,ravdess_speech
20260922,Actor_02,3,ravdess_speech:5dea894a736ac481831e,ravdess_speech
20260922,Actor_02,4,ravdess_speech:14a1ec392734c01ee170,ravdess_speech
20260922,Actor_02,5,ravdess_speech:46cdb30b63901674a3cd,ravdess_speech
20260922,Actor_02,6,ravdess_speech:2dc86f34015afce83d28,ravdess_speech
20260922,Actor_02,7,ravdess_speech:d4e02a67a283dee86d0c,ravdess_speech
20260922,Actor_02,8,ravdess_speech:37803151d543c22214bd,ravdess_speech
20260922,Actor_02,9,ravdess_speech:b4e208e3b4044aa2e210,ravdess_speech
20260922,Actor_02,10,ravdess_speech:064192a6e7307188c7c1,ravdess_speech
20260922,Actor_03,1,ravdess_speech:0863f983eb3622fb4a69,ravdess_speech
20260922,Actor_03,2,ravdess_speech:6a78658b9ba13f5d4009,ravdess_speech
20260922,Actor_03,3,ravdess_speech:7c1c19dc2514dab25a49,ravdess_speech
20260922,Actor_03,4,ravdess_speech:decfbe3d71ce9626575a,ravdess_speech
20260922,Actor_03,5,ravdess_speech:e490c3d9746c1ae2edc5,ravdess_speech
20260922,Actor_03,6,ravdess_speech:96ed3a0eb6b27ed92b63,ravdess_speech
20260922,Actor_03,7,ravdess_speech:734fccb7b9d0518877da,ravdess_speech
20260922,Actor_03,8,ravdess_speech:ad13c784b4793edd1d62,ravdess_speech
20260922,Actor_03,9,ravdess_speech:b16c5ccf50d01b407c8c,ravdess_speech
20260922,Actor_03,10,ravdess_speech:d9e60e13a37d7b5a1933,ravdess_speech
20260922,Actor_04,1,ravdess_speech:ec69f72cf1ea8326f7b5,ravdess_speech
20260922,Actor_04,2,ravdess_speech:1762ef2ae727d5eb470e,ravdess_speech
20260922,Actor_04,3,ravdess_speech:160d00f07fa3e648370d,ravdess_speech
20260922,Actor_04,4,ravdess_speech:68027e27ec8f09ba86bd,ravdess_speech
20260922,Actor_04,5,ravdess_speech:58254261dabd2f20daae,ravdess_speech
20260922,Actor_04,6,ravdess_speech:8f0ceb35992297a84f44,ravdess_speech
20260922,Actor_04,7,ravdess_speech:164d67c9e2b278c662ec,ravdess_speech
20260922,Actor_04,8,ravdess_speech:3062d237f800baba7162,ravdess_speech
20260922,Actor_04,9,ravdess_speech:7a7f481c1a1f2adeaecc,ravdess_speech
20260922,Actor_04,10,ravdess_speech:cdf3e1f7811a905283b6,ravdess_speech
20260922,Actor_05,1,ravdess_speech:119d0b9598411dc273aa,ravdess_speech
20260922,Actor_05,2,ravdess_speech:f9a00d30c6adf26bc33d,ravdess_speech
20260922,Actor_05,3,ravdess_speech:bf61f58499e114008d6c,ravdess_speech
20260922,Actor_05,4,ravdess_speech:87127bc9adb05e407887,ravdess_speech
20260922,Actor_05,5,ravdess_speech:6ac2e67cb14bff81a4e8,ravdess_speech
20260922,Actor_05,6,ravdess_speech:9b81e1a68f5f2daa1352,ravdess_speech
20260922,Actor_05,7,ravdess_speech:390e682af1836287b884,ravdess_speech
20260922,Actor_05,8,ravdess_speech:28865febf438d05cb66a,ravdess_speech
20260922,Actor_05,9,ravdess_speech:6832a8eab489512ae8c4,ravdess_speech
20260922,Actor_05,10,ravdess_speech:abcba75eeacc6075773e,ravdess_speech
20260922,Actor_06,1,ravdess_speech:656ecce7ca6430000bde,ravdess_speech
20260922,Actor_06,2,ravdess_speech:3df1dfbfa395f0656837,ravdess_speech
20260922,Actor_06,3,ravdess_speech:c50fe42474396b020db8,ravdess_speech
20260922,Actor_06,4,ravdess_speech:1ffe2e9dfbc88d73a208,ravdess_speech
20260922,Actor_06,5,ravdess_speech:25002a53e56fa530b1c8,ravdess_speech
20260922,Actor_06,6,ravdess_speech:85ddbd1df67353654e43,ravdess_speech
20260922,Actor_06,7,ravdess_speech:466ac4448e2cb380724c,ravdess_speech
20260922,Actor_06,8,ravdess_speech:d50153aaf74a0dd3eaef,ravdess_speech
20260922,Actor_06,9,ravdess_speech:ef887b2da4e0480f8057,ravdess_speech
20260922,Actor_06,10,ravdess_speech:7887ca71811e719a66bd,ravdess_speech
20260922,Actor_07,1,ravdess_speech:4641975a66be0248a70d,ravdess_speech
20260922,Actor_07,2,ravdess_speech:480726074f9796c89ca7,ravdess_speech
20260922,Actor_07,3,ravdess_speech:166b7f9629d89256e439,ravdess_speech
20260922,Actor_07,4,ravdess_speech:07380079b4d799965f34,ravdess_speech
20260922,Actor_07,5,ravdess_speech:f91d4d7eb8bd4a55095f,ravdess_speech
20260922,Actor_07,6,ravdess_speech:2fe5998864135a58f9b3,ravdess_speech
20260922,Actor_07,7,ravdess_speech:4ce399144e97d597aa05,ravdess_speech
20260922,Actor_07,8,ravdess_speech:08997ec8b5b990a2d940,ravdess_speech
20260922,Actor_07,9,ravdess_speech:c71783437a37f1aa1dac,ravdess_speech
20260922,Actor_07,10,ravdess_speech:37068360d1b01f17752e,ravdess_speech
20260922,Actor_08,1,ravdess_speech:d38a5f1fe619e66d65e7,ravdess_speech
20260922,Actor_08,2,ravdess_speech:b8c497e887294ab340aa,ravdess_speech
20260922,Actor_08,3,ravdess_speech:48a882bc45ce4158adbf,ravdess_speech
20260922,Actor_08,4,ravdess_speech:4b05a17aebc1eb1a0c5b,ravdess_speech
20260922,Actor_08,5,ravdess_speech:efdb13ccb44aec870ed9,ravdess_speech
20260922,Actor_08,6,ravdess_speech:c98d98d72ab4d522ff6d,ravdess_speech
20260922,Actor_08,7,ravdess_speech:6faeca37ce8fdcd4fdfb,ravdess_speech
20260922,Actor_08,8,ravdess_speech:6133bc0a6139eb5b9672,ravdess_speech
20260922,Actor_08,9,ravdess_speech:6fceb59a631f318bba90,ravdess_speech
20260922,Actor_08,10,ravdess_speech:cfde248d113ca58ad8e7,ravdess_speech
20260922,Actor_09,1,ravdess_speech:7f653d499a442759ff6d,ravdess_speech
20260922,Actor_09,2,ravdess_speech:928b070997e9d0fc2fcd,ravdess_speech
20260922,Actor_09,3,ravdess_speech:439afdff897c80684af2,ravdess_speech
20260922,Actor_09,4,ravdess_speech:94ba6819e4ac31416e8d,ravdess_speech
20260922,Actor_09,5,ravdess_speech:ee233b8bbd3168526577,ravdess_speech
20260922,Actor_09,6,ravdess_speech:635b5ab5df3d0d71a223,ravdess_speech
20260922,Actor_09,7,ravdess_speech:bec20dee795752a4019a,ravdess_speech
20260922,Actor_09,8,ravdess_speech:f0454b8e6c313b7b3969,ravdess_speech
20260922,Actor_09,9,ravdess_speech:4608aa5961938123bb6f,ravdess_speech
20260922,Actor_09,10,ravdess_speech:60dc4e57ae63c030666c,ravdess_speech
20260922,Actor_10,1,ravdess_speech:55b3aa5a9a0c920ceba1,ravdess_speech
20260922,Actor_10,2,ravdess_speech:c833fba26c91a26c0b27,ravdess_speech
20260922,Actor_10,3,ravdess_speech:55feb10bb2b78e9fedbb,ravdess_speech
20260922,Actor_10,4,ravdess_speech:89a8ac8fe11ad82e3beb,ravdess_speech
20260922,Actor_10,5,ravdess_speech:2c30247519d413970385,ravdess_speech
20260922,Actor_10,6,ravdess_speech:b44776e2d1d8e4ce9c09,ravdess_speech
20260922,Actor_10,7,ravdess_speech:251e9885c0a41fba3b5d,ravdess_speech
20260922,Actor_10,8,ravdess_speech:0d49a3596ff5fbb02848,ravdess_speech
20260922,Actor_10,9,ravdess_speech:105c86fd950d79f97feb,ravdess_speech
20260922,Actor_10,10,ravdess_speech:6c9c7cc6d7562c99fee5,ravdess_speech
20260922,Actor_11,1,ravdess_speech:d2aea4d7e9672ca9185a,ravdess_speech
20260922,Actor_11,2,ravdess_speech:c8f1cd1f928ad3e72166,ravdess_speech
20260922,Actor_11,3,ravdess_speech:8695b734b405a660a76b,ravdess_speech
20260922,Actor_11,4,ravdess_speech:13f12bbd16b0fb660686,ravdess_speech
20260922,Actor_11,5,ravdess_speech:82aa279c73c625f31de7,ravdess_speech
20260922,Actor_11,6,ravdess_speech:64f11d209c291c831fce,ravdess_speech
20260922,Actor_11,7,ravdess_speech:b1b67abd86d66fc5114e,ravdess_speech
20260922,Actor_11,8,ravdess_speech:139ac666f2a150db9142,ravdess_speech
20260922,Actor_11,9,ravdess_speech:d7408cd124fc55319a1f,ravdess_speech
20260922,Actor_11,10,ravdess_speech:c9dbb97b4ce81cf2fe13,ravdess_speech
20260922,Actor_12,1,ravdess_speech:b32e2d90f43aba494bac,ravdess_speech
20260922,Actor_12,2,ravdess_speech:cb249670499c6332e54c,ravdess_speech
20260922,Actor_12,3,ravdess_speech:dc24bc0ccf7344ab9a8b,ravdess_speech
20260922,Actor_12,4,ravdess_speech:631c7d66569645a03344,ravdess_speech
20260922,Actor_12,5,ravdess_speech:08c9573b9066f69ce78f,ravdess_speech
20260922,Actor_12,6,ravdess_speech:5635e7e2d541c6b3c6b6,ravdess_speech
20260922,Actor_12,7,ravdess_speech:1e842662ec8e69f470fa,ravdess_speech
20260922,Actor_12,8,ravdess_speech:eff77ca6c0060fbb679e,ravdess_speech
20260922,Actor_12,9,ravdess_speech:7032eedc1b646ce1f23c,ravdess_speech
20260922,Actor_12,10,ravdess_speech:d5abc267e33fec7fbd36,ravdess_speech
20260922,Actor_13,1,ravdess_speech:c381507652ba63392eb0,ravdess_speech
20260922,Actor_13,2,ravdess_speech:863b97eff0d01c3c430a,ravdess_speech
20260922,Actor_13,3,ravdess_speech:8bea48bbd85b3c707627,ravdess_speech
20260922,Actor_13,4,ravdess_speech:39b397df5aabc9271ac0,ravdess_speech
20260922,Actor_13,5,ravdess_speech:5368b23ef653ad340526,ravdess_speech
20260922,Actor_13,6,ravdess_speech:05242c8858457a2f98e8,ravdess_speech
20260922,Actor_13,7,ravdess_speech:5e59fffc1079262644f0,ravdess_speech
20260922,Actor_13,8,ravdess_speech:80b5df5d132d4b243939,ravdess_speech
20260922,Actor_13,9,ravdess_speech:3ed35fa90a095c5a8783,ravdess_speech
20260922,Actor_13,10,ravdess_speech:6d9d102174d5a0e97c2e,ravdess_speech
20260922,Actor_14,1,ravdess_speech:75972017259c4c1097b2,ravdess_speech
20260922,Actor_14,2,ravdess_speech:b85aaf256181e8f1e8de,ravdess_speech
20260922,Actor_14,3,ravdess_speech:b3e34473fd48b701829e,ravdess_speech
20260922,Actor_14,4,ravdess_speech:6b4ca755c992f4c047e9,ravdess_speech
20260922,Actor_14,5,ravdess_speech:9c3883be4a92ee5b0739,ravdess_speech
20260922,Actor_14,6,ravdess_speech:277a818acd2536b7cc60,ravdess_speech
20260922,Actor_14,7,ravdess_speech:0dd0df94f16994f2b0b1,ravdess_speech
20260922,Actor_14,8,ravdess_speech:660eaa352efd8f9b6bde,ravdess_speech
20260922,Actor_14,9,ravdess_speech:62ba039619dd374404d2,ravdess_speech
20260922,Actor_14,10,ravdess_speech:948adbd19082c19023fb,ravdess_speech
20260922,Actor_15,1,ravdess_speech:48e488721e74f059299d,ravdess_speech
20260922,Actor_15,2,ravdess_speech:2745221b3e8dd0f3c353,ravdess_speech
20260922,Actor_15,3,ravdess_speech:01e51c319c82258d6e12,ravdess_speech
20260922,Actor_15,4,ravdess_speech:afa665d94a069eba4888,ravdess_speech
20260922,Actor_15,5,ravdess_speech:0f8fad310f1efab9e8a4,ravdess_speech
20260922,Actor_15,6,ravdess_speech:e856c288aef87f4b41e1,ravdess_speech
20260922,Actor_15,7,ravdess_speech:290f7c6aa36161150045,ravdess_speech
20260922,Actor_15,8,ravdess_speech:edf8d58aa35955da6ca3,ravdess_speech
20260922,Actor_15,9,ravdess_speech:76c5828ea9886308824a,ravdess_speech
20260922,Actor_15,10,ravdess_speech:8d83ce2427eebf288f4c,ravdess_speech
20260922,Actor_16,1,ravdess_speech:fdfcf8d1ab08710deb57,ravdess_speech
20260922,Actor_16,2,ravdess_speech:5d300c5739b8b0f17cb8,ravdess_speech
20260922,Actor_16,3,ravdess_speech:53b39605420c6d30bc55,ravdess_speech
20260922,Actor_16,4,ravdess_speech:3adf32470be34f67b5c4,ravdess_speech
20260922,Actor_16,5,ravdess_speech:117f9ef3260209ed8ece,ravdess_speech
20260922,Actor_16,6,ravdess_speech:c3d367205e21b14f41b7,ravdess_speech
20260922,Actor_16,7,ravdess_speech:6aff3757a26b789c5760,ravdess_speech
20260922,Actor_16,8,ravdess_speech:030a44fbbd1c0142ef35,ravdess_speech
20260922,Actor_16,9,ravdess_speech:a60146e02f00d021ff13,ravdess_speech
20260922,Actor_16,10,ravdess_speech:cbf8959bae1f62d9c912,ravdess_speech
20260922,Actor_17,1,ravdess_speech:d3c19e9484cf94397538,ravdess_speech
20260922,Actor_17,2,ravdess_speech:8b25d990f86183df1ccd,ravdess_speech
20260922,Actor_17,3,ravdess_speech:7778de9dbd3fb85dde2b,ravdess_speech
20260922,Actor_17,4,ravdess_speech:64c3c9ed144b1549180a,ravdess_speech
20260922,Actor_17,5,ravdess_speech:441e3177cddfb959e85b,ravdess_speech
20260922,Actor_17,6,ravdess_speech:5b9b46339f881253e5e0,ravdess_speech
20260922,Actor_17,7,ravdess_speech:4df22046ab7e180e984b,ravdess_speech
20260922,Actor_17,8,ravdess_speech:437d9b8bf15148ad84cd,ravdess_speech
20260922,Actor_17,9,ravdess_speech:e01687995435b0e6fedc,ravdess_speech
20260922,Actor_17,10,ravdess_speech:5049ef164ba3cb59eb68,ravdess_speech
20260922,Actor_18,1,ravdess_speech:e5918ec327ab351c915b,ravdess_speech
20260922,Actor_18,2,ravdess_speech:3f0e82f277edac03a5ec,ravdess_speech
20260922,Actor_18,3,ravdess_speech:f9b2ab990f6c209b752f,ravdess_speech
20260922,Actor_18,4,ravdess_speech:87d72f48b11be43d7242,ravdess_speech
20260922,Actor_18,5,ravdess_speech:dce234b8a50bcdd72126,ravdess_speech
20260922,Actor_18,6,ravdess_speech:5f6d52f4b502ca5ea642,ravdess_speech
20260922,Actor_18,7,ravdess_speech:10c12f5fb5272192d2b4,ravdess_speech
20260922,Actor_18,8,ravdess_speech:06625715df4ee2eddf5e,ravdess_speech
20260922,Actor_18,9,ravdess_speech:e7c6f7a3465d928b29b1,ravdess_speech
20260922,Actor_18,10,ravdess_speech:8c4272db1e30308f692f,ravdess_speech
20260922,Actor_19,1,ravdess_speech:37a17c02dda472bf7c59,ravdess_speech
20260922,Actor_19,2,ravdess_speech:b44c22e01e64c1cfbd1c,ravdess_speech
20260922,Actor_19,3,ravdess_speech:e8e57c254c82e4b7429b,ravdess_speech
20260922,Actor_19,4,ravdess_speech:ffa9754b57d2e66cb64d,ravdess_speech
20260922,Actor_19,5,ravdess_speech:784e96a63bbb7f2e7ed4,ravdess_speech
20260922,Actor_19,6,ravdess_speech:1937787c2268dfe87f98,ravdess_speech
20260922,Actor_19,7,ravdess_speech:b4ad757a5d668ddb70b5,ravdess_speech
20260922,Actor_19,8,ravdess_speech:01f00bd0f555a0083bcf,ravdess_speech
20260922,Actor_19,9,ravdess_speech:8f018bf1a350a0809fa8,ravdess_speech
20260922,Actor_19,10,ravdess_speech:82d7f6a614aee0804e5c,ravdess_speech
20260922,Actor_20,1,ravdess_speech:1603098058f59a1e1938,ravdess_speech
20260922,Actor_20,2,ravdess_speech:c0dfc6ac0abd0e02865e,ravdess_speech
20260922,Actor_20,3,ravdess_speech:e7032b0c90386700dca7,ravdess_speech
20260922,Actor_20,4,ravdess_speech:57d10768eda96c455d25,ravdess_speech
20260922,Actor_20,5,ravdess_speech:1f54b5401ace469066e5,ravdess_speech
20260922,Actor_20,6,ravdess_speech:8d5a1579661354c73667,ravdess_speech
20260922,Actor_20,7,ravdess_speech:dcb333f706b38043e533,ravdess_speech
20260922,Actor_20,8,ravdess_speech:7425c0de5c4a7163039c,ravdess_speech
20260922,Actor_20,9,ravdess_speech:bf3bfb72b8bc3388a854,ravdess_speech
20260922,Actor_20,10,ravdess_speech:2d82861140e2700bf81f,ravdess_speech
20260922,Actor_21,1,ravdess_speech:a42f4aec9b527951a1a2,ravdess_speech
20260922,Actor_21,2,ravdess_speech:6daad0f1d52ebc8e05da,ravdess_speech
20260922,Actor_21,3,ravdess_speech:62479aa83de1a0388efc,ravdess_speech
20260922,Actor_21,4,ravdess_speech:eaaf3f931dfce8f3cb5a,ravdess_speech
20260922,Actor_21,5,ravdess_speech:d68d67caa62bea7333fe,ravdess_speech
20260922,Actor_21,6,ravdess_speech:658d80e52c79032e869f,ravdess_speech
20260922,Actor_21,7,ravdess_speech:513d10dd72350a580b6f,ravdess_speech
20260922,Actor_21,8,ravdess_speech:910152ae755a9dddae17,ravdess_speech
20260922,Actor_21,9,ravdess_speech:47c8b7fae8279b98f407,ravdess_speech
20260922,Actor_21,10,ravdess_speech:50de23177a4179e103da,ravdess_speech
20260922,Actor_22,1,ravdess_speech:948a93e8bdee73206f5c,ravdess_speech
20260922,Actor_22,2,ravdess_speech:0e1af40c6a47f12a26bb,ravdess_speech
20260922,Actor_22,3,ravdess_speech:a0866a230de56ae279ee,ravdess_speech
20260922,Actor_22,4,ravdess_speech:a51c48a7419e84a1ab95,ravdess_speech
20260922,Actor_22,5,ravdess_speech:15ae4fd37bba84308f3d,ravdess_speech
20260922,Actor_22,6,ravdess_speech:9d54abb0a36466189f98,ravdess_speech
20260922,Actor_22,7,ravdess_speech:2681a2a503ac2b8414a5,ravdess_speech
20260922,Actor_22,8,ravdess_speech:ef8e07754d17620b8033,ravdess_speech
20260922,Actor_22,9,ravdess_speech:a129d70da29d79868a58,ravdess_speech
20260922,Actor_22,10,ravdess_speech:26f3c00b35db497fb100,ravdess_speech
20260922,Actor_23,1,ravdess_speech:86a3d4d598120f9d0fbb,ravdess_speech
20260922,Actor_23,2,ravdess_speech:e58097db4ea498443a32,ravdess_speech
20260922,Actor_23,3,ravdess_speech:357e574bbf40c2454ca6,ravdess_speech
20260922,Actor_23,4,ravdess_speech:6b6b3abe1227f234daa1,ravdess_speech
20260922,Actor_23,5,ravdess_speech:55f06057e0eea5d85a17,ravdess_speech
20260922,Actor_23,6,ravdess_speech:1b8d6ef2b6792a69f503,ravdess_speech
20260922,Actor_23,7,ravdess_speech:9d643787e87906950454,ravdess_speech
20260922,Actor_23,8,ravdess_speech:ddf0392d43e1c8c30a21,ravdess_speech
20260922,Actor_23,9,ravdess_speech:29644be240649ba1cd5e,ravdess_speech
20260922,Actor_23,10,ravdess_speech:c774623275172e3504c4,ravdess_speech
20260922,Actor_24,1,ravdess_speech:de7ed1e3abd792d764b5,ravdess_speech
20260922,Actor_24,2,ravdess_speech:8d133622e3294a047a65,ravdess_speech
20260922,Actor_24,3,ravdess_speech:c1bc15951cd90817d879,ravdess_speech
20260922,Actor_24,4,ravdess_speech:222bd2e9c697d9f2735c,ravdess_speech
20260922,Actor_24,5,ravdess_speech:45b307f211863cd08249,ravdess_speech
20260922,Actor_24,6,ravdess_speech:8a4ea32c35f838b8bcd6,ravdess_speech
20260922,Actor_24,7,ravdess_speech:7d123861719a9719b8f2,ravdess_speech
20260922,Actor_24,8,ravdess_speech:59fdf83f6c90383c19b7,ravdess_speech
20260922,Actor_24,9,ravdess_speech:cd90d93cff62aadfbd9f,ravdess_speech
20260922,Actor_24,10,ravdess_speech:423173e496ec98f6bf22,ravdess_speech
