attribute_set,seed,fold,representation,target,speaker_balanced_ccc,speaker_balanced_pearson,speaker_balanced_mae,speaker_balanced_rmse,speaker_balanced_r2,n_train,n_test,train_speakers,test_speakers
pitch,20260920,0,absolute,valence,-0.00010887444392603566,-0.013387373408753091,0.7112289941014285,0.8777109024403119,-0.00021407311660737172,157714,38429,1530,383
pitch,20260920,0,absolute,arousal,0.2889105258078722,0.41462397490733566,0.7005947156060424,0.8619440451921749,0.17085090850686113,157714,38429,1530,383
pitch,20260920,0,absolute,dominance,0.1649880680861541,0.30148952440387444,0.5625423060092078,0.7216305202678315,0.09040566853300369,157714,38429,1530,383
pitch,20260920,0,relative,valence,0.0006164362763699745,0.008302315702806354,0.7112955044467326,0.8780100764080542,-0.0008960494044949474,157714,38429,1530,383
pitch,20260920,0,relative,arousal,0.25583653986895055,0.38581541357363375,0.7087071402084486,0.8736204036723232,0.1482345516904019,157714,38429,1530,383
pitch,20260920,0,relative,dominance,0.15652585503679395,0.2974006787980019,0.5638080435775394,0.7225748957086385,0.08802339506771062,157714,38429,1530,383
pitch,20260920,0,baseline_only,valence,0.001305627650438794,0.025504727879695967,0.7108749527501135,0.8773702213842173,0.000562236837945318,157714,38429,1530,383
pitch,20260920,0,baseline_only,arousal,0.07582170039265311,0.20091436681199848,0.7581152552781731,0.9283790265298602,0.03811063515024271,157714,38429,1530,383
pitch,20260920,0,baseline_only,dominance,0.03560668518791837,0.13064836605070104,0.5881030224133147,0.7506109955158363,0.015880576145158254,157714,38429,1530,383
pitch,20260920,0,relative_plus_baseline,valence,0.0018223366375175669,0.020800825878894345,0.7110345346323839,0.8777191480978506,-0.00023286623272245066,157714,38429,1530,383
pitch,20260920,0,relative_plus_baseline,arousal,0.32375241346439587,0.44015669411030073,0.6903797838331923,0.8502825570050778,0.1931347314358428,157714,38429,1530,383
pitch,20260920,0,relative_plus_baseline,dominance,0.19272978722085254,0.32794375751952787,0.5566905480039724,0.7149097389225678,0.10726947181929491,157714,38429,1530,383
pitch,20260920,1,absolute,valence,-0.00014034137025653774,-0.015930337525632842,0.7156067441427904,0.8811734191612961,-0.004652238741120529,157161,38982,1530,383
pitch,20260920,1,absolute,arousal,0.3140815669187961,0.4319901984415282,0.6694123691974438,0.8269531697111308,0.18337816358964554,157161,38982,1530,383
pitch,20260920,1,absolute,dominance,0.18369055978654844,0.31077842878789963,0.5341703039516308,0.6803730705741398,0.09459261095918559,157161,38982,1530,383
pitch,20260920,1,relative,valence,0.0010884435219854953,0.01591398844256441,0.7148926583231017,0.8811590443801964,-0.004619460770509676,157161,38982,1530,383
pitch,20260920,1,relative,arousal,0.2336653316082432,0.3386292568042921,0.6971267609869034,0.8656804973495981,0.10510017439206754,157161,38982,1530,383
pitch,20260920,1,relative,dominance,0.1417271172744694,0.24844543152161724,0.54520999155349,0.6952822795960789,0.05447694115131807,157161,38982,1530,383
pitch,20260920,1,baseline_only,valence,0.0017724076113428706,0.03367118373830132,0.7150999896122302,0.8807135408375609,-0.0036038702463423444,157161,38982,1530,383
pitch,20260920,1,baseline_only,arousal,0.10429342198347129,0.26544340154037305,0.725047389614304,0.8858105835033937,0.06299720560968991,157161,38982,1530,383
pitch,20260920,1,baseline_only,dominance,0.05370440177613748,0.18689981429138083,0.5550096496067471,0.703767356788132,0.03125819713388134,157161,38982,1530,383
pitch,20260920,1,relative_plus_baseline,valence,0.0027353959330383626,0.03215402557745717,0.7144733077170468,0.8807884772497093,-0.0037746628350261435,157161,38982,1530,383
pitch,20260920,1,relative_plus_baseline,arousal,0.32690457932574507,0.43343647002415975,0.666254455588123,0.8269875977098144,0.18331016641210696,157161,38982,1530,383
pitch,20260920,1,relative_plus_baseline,dominance,0.19467678285103682,0.31222774872966685,0.5332426210367116,0.6806512493823421,0.09385208594906524,157161,38982,1530,383
pitch,20260920,2,absolute,valence,-4.150104350738103e-05,-0.00840122280061359,0.7203572671069491,0.8895068723656042,-8.071154176358952e-05,158976,37167,1530,383
pitch,20260920,2,absolute,arousal,0.27702201532316806,0.4239918660982836,0.7093498883299777,0.8797242192912859,0.17656768717316462,158976,37167,1530,383
pitch,20260920,2,absolute,dominance,0.16711075170001213,0.3305344922129557,0.5663777623991124,0.7251535221554657,0.10485138067776478,158976,37167,1530,383
pitch,20260920,2,relative,valence,0.002486232611078883,0.051768632649758416,0.7194612633372974,0.8886352338580175,0.0018783104443119703,158976,37167,1530,383
pitch,20260920,2,relative,arousal,0.2461708352062301,0.3930508551296544,0.7200587238296505,0.8924208783699016,0.15262772033525907,158976,37167,1530,383
pitch,20260920,2,relative,dominance,0.1523133583818889,0.30579694758375503,0.5713405991768349,0.7305699003048719,0.09142920026920998,158976,37167,1530,383
pitch,20260920,2,baseline_only,valence,0.0019747970957302652,0.05762229184629604,0.7196597441379123,0.8887346045271958,0.0016550702170377019,158976,37167,1530,383
pitch,20260920,2,baseline_only,arousal,0.07165034763703156,0.19781027993083355,0.7720654905530577,0.9505534116462426,0.03863599315969857,158976,37167,1530,383
pitch,20260920,2,baseline_only,dominance,0.039115185012369165,0.15476441470240498,0.5939009453151186,0.7577900452113001,0.022463423612317124,158976,37167,1530,383
pitch,20260920,2,relative_plus_baseline,valence,0.004301490138504052,0.07322758317377816,0.7188394052921075,0.8879510727564583,0.0034146284635795388,158976,37167,1530,383
pitch,20260920,2,relative_plus_baseline,arousal,0.3117841193174239,0.4522501888331024,0.697369355842605,0.8663511272697724,0.20141215061641127,158976,37167,1530,383
pitch,20260920,2,relative_plus_baseline,dominance,0.1920559534497244,0.35204728538464275,0.5617176603140486,0.7189452917542737,0.12011297700386925,158976,37167,1530,383
pitch,20260920,3,absolute,valence,-0.0003355006421142563,-0.029200394517783862,0.7132420987485165,0.8831956155125369,-0.0018011120737739805,160496,35647,1531,382
pitch,20260920,3,absolute,arousal,0.26107020621334853,0.3658828434607005,0.6884071120399883,0.852478614280606,0.1309875644965861,160496,35647,1531,382
pitch,20260920,3,absolute,dominance,0.14893367855136716,0.2707649916726735,0.5576294653826488,0.7175445259773372,0.07239045370489283,160496,35647,1531,382
pitch,20260920,3,relative,valence,0.002792520629764011,0.06839176706961615,0.7121724742486235,0.8820644697065607,0.0007633423886040935,160496,35647,1531,382
pitch,20260920,3,relative,arousal,0.24089931385439398,0.3702496205230691,0.6816068915477109,0.8495207632904658,0.1370075395816931,160496,35647,1531,382
pitch,20260920,3,relative,dominance,0.14229094282274724,0.2806204223409205,0.5555789116872771,0.7151129630557153,0.07866663362136928,160496,35647,1531,382
pitch,20260920,3,baseline_only,valence,0.0010971680214695056,0.020848086161351385,0.7124745186705435,0.8828284823042212,-0.0009684131650216088,160496,35647,1531,382
pitch,20260920,3,baseline_only,arousal,0.06420984221404641,0.1548513803779694,0.7375460986734172,0.9056622677211432,0.019174938843605993,160496,35647,1531,382
pitch,20260920,3,baseline_only,dominance,0.03151204337461264,0.10893217952966384,0.579650404787007,0.7412112004677439,0.010190894112525162,160496,35647,1531,382
pitch,20260920,3,relative_plus_baseline,valence,0.003708455098992351,0.05687153338271804,0.7115575247459569,0.8818963026080309,0.0011443184210604418,160496,35647,1531,382
pitch,20260920,3,relative_plus_baseline,arousal,0.29670777031221535,0.4039921770522605,0.6735885978501808,0.8370950490366933,0.16206843218024625,160496,35647,1531,382
pitch,20260920,3,relative_plus_baseline,dominance,0.174056001530536,0.30308922693499324,0.5508006259412659,0.7100963671585804,0.09154780248621985,160496,35647,1531,382
pitch,20260920,4,absolute,valence,-5.997530941893255e-05,-0.010897952234247334,0.7169578725979704,0.883325972771322,-0.002022832958830767,150225,45918,1531,382
pitch,20260920,4,absolute,arousal,0.27577820079793663,0.39508429320020005,0.6900877537662742,0.8519461489200348,0.15351519951225134,150225,45918,1531,382
pitch,20260920,4,absolute,dominance,0.16106335138795216,0.2869261436608279,0.5420778598086139,0.6938675954315847,0.080131339118378,150225,45918,1531,382
pitch,20260920,4,relative,valence,0.0006040521665307186,0.008860800582996287,0.7169028923942959,0.8835076926699137,-0.0024351523583248103,150225,45918,1531,382
pitch,20260920,4,relative,arousal,0.24770494470688312,0.3822685028095405,0.6963946023606682,0.8582757443683365,0.14089043485285246,150225,45918,1531,382
pitch,20260920,4,relative,dominance,0.1525325659249837,0.2884895632984729,0.544521474713637,0.6939948465850073,0.07979391139470915,150225,45918,1531,382
pitch,20260920,4,baseline_only,valence,-0.0004301667992152633,-0.006506736880023877,0.7167267813409919,0.8840670107257285,-0.003704767911647533,150225,45918,1531,382
pitch,20260920,4,baseline_only,arousal,0.07017586847605937,0.18161820139548165,0.7450458993984242,0.9126718866720362,0.028541568091233094,150225,45918,1531,382
pitch,20260920,4,baseline_only,dominance,0.03471440157132593,0.12223578958603039,0.5649639553020323,0.7192667840891436,0.011554744099592895,150225,45918,1531,382
pitch,20260920,4,relative_plus_baseline,valence,0.000166859651349087,0.0018145179718456305,0.7167051851985973,0.8842240013543988,-0.004061270826616559,150225,45918,1531,382
pitch,20260920,4,relative_plus_baseline,arousal,0.3108211428476512,0.42695454278995,0.6786248608727663,0.838848335236542,0.1793428265731749,150225,45918,1531,382
pitch,20260920,4,relative_plus_baseline,dominance,0.18771879506027495,0.3155568962802737,0.5371550804495536,0.6873845346052424,0.09724038017675418,150225,45918,1531,382
pitch,20260921,0,absolute,valence,-0.00013837535764519632,-0.01771154598464896,0.7268255052111288,0.8943588813258408,-0.0006008819595149095,152861,43282,1530,383
pitch,20260921,0,absolute,arousal,0.2882221114068975,0.4151381818012303,0.6910671865688309,0.856379655973576,0.17116238492577307,152861,43282,1530,383
pitch,20260921,0,absolute,dominance,0.16540538197713475,0.3081844420637124,0.562212971559735,0.72264057898227,0.09362253415301403,152861,43282,1530,383
pitch,20260921,0,relative,valence,0.0018833647246163192,0.0324637968890523,0.7260609738456492,0.8938396484003323,0.0005606072802265549,152861,43282,1530,383
pitch,20260921,0,relative,arousal,0.24960600770027472,0.3819241915902422,0.7030398479613518,0.8697892306860638,0.14500254647372757,152861,43282,1530,383
pitch,20260921,0,relative,dominance,0.15272787047990447,0.2993026973551794,0.5638074723794841,0.7248310015988159,0.08811949795038687,152861,43282,1530,383
pitch,20260921,0,baseline_only,valence,0.0003389083508513905,0.005445739196216306,0.7266820629753837,0.8945774774626694,-0.0010900686208943355,152861,43282,1530,383
pitch,20260921,0,baseline_only,arousal,0.07925746658512764,0.20206576091421322,0.7509379751893861,0.9219811607475535,0.03931532459389042,152861,43282,1530,383
pitch,20260921,0,baseline_only,dominance,0.03789328578867166,0.13628287424565752,0.5878085330280126,0.7525087375731301,0.017149408668659438,152861,43282,1530,383
pitch,20260921,0,relative_plus_baseline,valence,0.002136258037133166,0.025356313024551977,0.726030100416698,0.8941488826152161,-0.00013104768961613722,152861,43282,1530,383
pitch,20260921,0,relative_plus_baseline,arousal,0.32024463157998484,0.4429793380893521,0.6805930629838101,0.8438914082773435,0.19515935649600025,152861,43282,1530,383
pitch,20260921,0,relative_plus_baseline,dominance,0.1907292974568479,0.3362631190206075,0.5559301101826566,0.7154600143448681,0.11154559877721337,152861,43282,1530,383
pitch,20260921,1,absolute,valence,6.49233249559254e-07,0.0005925821404525887,0.7114275955019398,0.8803811970287975,-8.765457606352278e-05,151532,44611,1530,383
pitch,20260921,1,absolute,arousal,0.2593464179308889,0.3693575917935239,0.7052074234800345,0.8726371765003974,0.13097760930623592,151532,44611,1530,383
pitch,20260921,1,absolute,dominance,0.14212239504862498,0.2566865011693968,0.5678148534485368,0.7271638511779553,0.058069150439775896,151532,44611,1530,383
pitch,20260921,1,relative,valence,0.001694946664416922,0.027614891325870895,0.7106343295342621,0.8800734340084263,0.0006114430415247174,151532,44611,1530,383
pitch,20260921,1,relative,arousal,0.23166172133692503,0.35122532264904677,0.7050733978500301,0.8792622486209171,0.11773226278411475,151532,44611,1530,383
pitch,20260921,1,relative,dominance,0.1383684997080683,0.264184608445147,0.5636979144776765,0.7253515588767174,0.06275840115030185,151532,44611,1530,383
pitch,20260921,1,baseline_only,valence,0.0012409253677337702,0.02329367492818477,0.7108723909217486,0.8801358507146452,0.00046968043045614305,151532,44611,1530,383
pitch,20260921,1,baseline_only,arousal,0.06758483941650172,0.16803862849403206,0.7558559137341838,0.9274974467553406,0.018276946025914675,151532,44611,1530,383
pitch,20260921,1,baseline_only,dominance,0.02912080902690312,0.0992696855981127,0.5883494115133694,0.750073140540861,-0.002216819248474833,151532,44611,1530,383
pitch,20260921,1,relative_plus_baseline,valence,0.0028301441196665164,0.0350308052260681,0.7101579847106906,0.8798629423502646,0.0010894436028024979,151532,44611,1530,383
pitch,20260921,1,relative_plus_baseline,arousal,0.29161049667662414,0.39936262166146225,0.6918114672503156,0.8604999664667059,0.15498336275864766,151532,44611,1530,383
pitch,20260921,1,relative_plus_baseline,dominance,0.16745103924982377,0.2870259778221621,0.5603192330227579,0.7202568474657988,0.07587812555490381,151532,44611,1530,383
pitch,20260921,2,absolute,valence,-6.01739132695601e-05,-0.010127068259666694,0.6966355432841046,0.8614527127770619,-8.483236366596536e-05,164747,31396,1530,383
pitch,20260921,2,absolute,arousal,0.2866328575759586,0.4051373819071233,0.6829744474912371,0.8422897580777101,0.1637593452352496,164747,31396,1530,383
pitch,20260921,2,absolute,dominance,0.17590736350145406,0.30822166847389804,0.5339112336698957,0.6783515545147922,0.0932821022103264,164747,31396,1530,383
pitch,20260921,2,relative,valence,0.001199974797576906,0.017965451706151617,0.6962576708428501,0.8613898959915374,6.101388652868245e-05,164747,31396,1530,383
pitch,20260921,2,relative,arousal,0.24342507065442562,0.3666781395273522,0.6926951152220756,0.8573730531269662,0.13354123951241614,164747,31396,1530,383
pitch,20260921,2,relative,dominance,0.15408605142879622,0.2821992302079485,0.539514351248622,0.6835414357201918,0.07935493015391959,164747,31396,1530,383
pitch,20260921,2,baseline_only,valence,0.0015002540561414159,0.028675478651454044,0.6959784164929661,0.86109029361323,0.0007564759536202725,164747,31396,1530,383
pitch,20260921,2,baseline_only,arousal,0.0814032759692367,0.20539442059540933,0.7368059474840427,0.9014554783464551,0.04215154634507268,164747,31396,1530,383
pitch,20260921,2,baseline_only,dominance,0.04442380077517522,0.1534522296392329,0.5569224573054954,0.7043230108571473,0.022523569837541668,164747,31396,1530,383
pitch,20260921,2,relative_plus_baseline,valence,0.00258729719062695,0.030991821100267214,0.6956924293305135,0.8610805464281008,0.0007790978704270701,164747,31396,1530,383
pitch,20260921,2,relative_plus_baseline,arousal,0.3157834574029527,0.42919465178136734,0.6734605805148608,0.8319761862163912,0.184112970769982,164747,31396,1530,383
pitch,20260921,2,relative_plus_baseline,dominance,0.19791924265707428,0.3277320952507649,0.5299352741781992,0.6733871738175321,0.10650480920474326,164747,31396,1530,383
pitch,20260921,3,absolute,valence,-0.0002635698315763915,-0.023114808946654145,0.7093180050390644,0.8741334884329949,-0.003543798498732542,161070,35073,1531,382
pitch,20260921,3,absolute,arousal,0.2901729778916601,0.4230148908763231,0.6896712171832833,0.8518291890080611,0.1763778253409145,161070,35073,1531,382
pitch,20260921,3,absolute,dominance,0.1783817548543676,0.3279574690637835,0.5396764748825007,0.6924253536609755,0.10337681468116455,161070,35073,1531,382
pitch,20260921,3,relative,valence,0.002506110065258808,0.049166493914975275,0.7085625233806856,0.87321029073985,-0.0014251745209148403,161070,35073,1531,382
pitch,20260921,3,relative,arousal,0.2439122335869931,0.3753665213860382,0.7034029666590227,0.8700927970651893,0.14068153829683117,161070,35073,1531,382
pitch,20260921,3,relative,dominance,0.15082473580429553,0.28464571502501934,0.5495152013030326,0.7014352603346204,0.07989110538829924,161070,35073,1531,382
pitch,20260921,3,baseline_only,valence,0.000772108876895127,0.013654807118017673,0.7089464803385149,0.8741389153533606,-0.0035562592252824654,161070,35073,1531,382
pitch,20260921,3,baseline_only,arousal,0.08175996481726318,0.22911671463209635,0.7443004400352482,0.9153825341183853,0.04889549496799617,161070,35073,1531,382
pitch,20260921,3,baseline_only,dominance,0.046108063874263285,0.18345009448631885,0.5646210998342183,0.7210272531869444,0.0277736161139015,161070,35073,1531,382
pitch,20260921,3,relative_plus_baseline,valence,0.0031033532318491455,0.04276829093879018,0.7083129764964293,0.8733721183221179,-0.0017963868926478277,161070,35073,1531,382
pitch,20260921,3,relative_plus_baseline,arousal,0.3189318763603391,0.43964780715576873,0.6820119990422304,0.8436358782537691,0.19214563136644858,161070,35073,1531,382
pitch,20260921,3,relative_plus_baseline,dominance,0.19828256733122426,0.3365304696459804,0.5386224118797045,0.6894922353854108,0.11095692911994048,161070,35073,1531,382
pitch,20260921,4,absolute,valence,-0.0004412582087603116,-0.026763029494560386,0.7328259719852788,0.903799031045372,-0.002126054077052242,154362,41781,1531,382
pitch,20260921,4,absolute,arousal,0.28968040836968123,0.4164300660601646,0.6887789297783329,0.8504497883120176,0.17013959904253417,154362,41781,1531,382
pitch,20260921,4,absolute,dominance,0.1612737317600386,0.29668853913130483,0.560206044277503,0.718920812713789,0.08464077626256705,154362,41781,1531,382
pitch,20260921,4,relative,valence,0.0015941492642562347,0.02595133272129823,0.732134807227385,0.9033144039919827,-0.0010516400257070124,154362,41781,1531,382
pitch,20260921,4,relative,arousal,0.25410993808399657,0.39047327612728405,0.6995527633303275,0.8630542542470744,0.14535868798082052,154362,41781,1531,382
pitch,20260921,4,relative,dominance,0.14752933325335255,0.2847790715128167,0.5641183106595025,0.7226141969415613,0.07521148320767657,154362,41781,1531,382
pitch,20260921,4,baseline_only,valence,0.0018719930953795228,0.058036239927004074,0.7318593220604048,0.9027439421017324,0.00021233072370463457,154362,41781,1531,382
pitch,20260921,4,baseline_only,arousal,0.07650722335584634,0.1996404869080333,0.7501407287117812,0.9183456469801545,0.03234614688326243,154362,41781,1531,382
pitch,20260921,4,baseline_only,dominance,0.036925593579909884,0.1364048671009436,0.5857237970722089,0.7468946671217559,0.01201997056084858,154362,41781,1531,382
pitch,20260921,4,relative_plus_baseline,valence,0.003277683430249287,0.04818406041414819,0.7314567456054542,0.9025903683127319,0.000552467307911253,154362,41781,1531,382
pitch,20260921,4,relative_plus_baseline,arousal,0.3238099105567911,0.44560697492151047,0.6768267390774891,0.8376458332017296,0.19493943870902075,154362,41781,1531,382
pitch,20260921,4,relative_plus_baseline,dominance,0.18552104863400798,0.32070472408965833,0.5550747922341808,0.7131679960712131,0.09923160406294995,154362,41781,1531,382
pitch,20260922,0,absolute,valence,4.141027997745822e-07,0.0011938883101282262,0.7230747210054356,0.8848197821211673,-6.0214073106079624e-05,156736,39407,1530,383
pitch,20260922,0,absolute,arousal,0.28429403876757564,0.40873839710396526,0.6993441950385911,0.8573481074798975,0.1645864280399204,156736,39407,1530,383
pitch,20260922,0,absolute,dominance,0.1688447946556254,0.3056873236944978,0.5534774139980733,0.7031067535759866,0.09224674700622248,156736,39407,1530,383
pitch,20260922,0,relative,valence,0.001497843360863195,0.022003270624995845,0.7225870335013844,0.8846836608569946,0.00024746211636317295,156736,39407,1530,383
pitch,20260922,0,relative,arousal,0.2567456051520815,0.37400952674007387,0.7037369513416284,0.8703853300183138,0.1389858980344345,156736,39407,1530,383
pitch,20260922,0,relative,dominance,0.16245004970746496,0.2927088181096365,0.5534774893440546,0.7057313109768395,0.0854571745475119,156736,39407,1530,383
pitch,20260922,0,baseline_only,valence,0.0010107991264577177,0.01974464829795599,0.7227686390878729,0.8846802400954917,0.0002551934864190031,156736,39407,1530,383
pitch,20260922,0,baseline_only,arousal,0.07237705071856196,0.19665796254301568,0.7574074497947569,0.9211682193923756,0.03558261202218582,156736,39407,1530,383
pitch,20260922,0,baseline_only,dominance,0.03596324879720752,0.1344519522030004,0.5796145741968626,0.7318074413400031,0.016625556395094554,156736,39407,1530,383
pitch,20260922,0,relative_plus_baseline,valence,0.002405664384261113,0.028962344417709694,0.7223383775622509,0.8845521262942897,0.000544725969776727,156736,39407,1530,383
pitch,20260922,0,relative_plus_baseline,arousal,0.3206819829999887,0.42848483749942945,0.6881360183807652,0.8484583819054637,0.18182118867859842,156736,39407,1530,383
pitch,20260922,0,relative_plus_baseline,dominance,0.19849188372494248,0.32645923908691094,0.547466188952812,0.6978083844225216,0.10587622794961526,156736,39407,1530,383
pitch,20260922,1,absolute,valence,-0.00016201270212856943,-0.017362435089863026,0.6983774825082312,0.8702336943437131,-0.00018379215391872705,146943,49200,1530,383
pitch,20260922,1,absolute,arousal,0.2808685201999747,0.41872573291105347,0.7029327475976359,0.8677429771558302,0.17347412107434756,146943,49200,1530,383
pitch,20260922,1,absolute,dominance,0.16439683057033652,0.3083850456363511,0.5545400521252722,0.7115585524143394,0.09384115371615342,146943,49200,1530,383
pitch,20260922,1,relative,valence,0.0016539664551955882,0.027648711241695725,0.697636243933475,0.8698234096985454,0.0007590886371874328,146943,49200,1530,383
pitch,20260922,1,relative,arousal,0.2353543003206596,0.37616600125201544,0.7157493348821493,0.8861282380600192,0.13807913556948015,146943,49200,1530,383
pitch,20260922,1,relative,dominance,0.14836995287452318,0.2954006130798101,0.5563248233303828,0.71533483181675,0.08419756471801443,146943,49200,1530,383
pitch,20260922,1,baseline_only,valence,0.0019394937543961224,0.04619156170041548,0.6977272593636499,0.8695040626474886,0.0014926767580123457,146943,49200,1530,383
pitch,20260922,1,baseline_only,arousal,0.07935109714777576,0.21555174553880646,0.7592710762431167,0.9333321448295794,0.04380451597761503,146943,49200,1530,383
pitch,20260922,1,baseline_only,dominance,0.03870327545792219,0.14293444977051437,0.5780406675926324,0.7405518837391029,0.018491577531835057,146943,49200,1530,383
pitch,20260922,1,relative_plus_baseline,valence,0.0034343209724842427,0.047776071402700675,0.6970815828196041,0.8692216905354708,0.00214110349228247,146943,49200,1530,383
pitch,20260922,1,relative_plus_baseline,arousal,0.30890743166533746,0.4426569797448382,0.6930560743425143,0.857127587214029,0.1935727625822543,146943,49200,1530,383
pitch,20260922,1,relative_plus_baseline,dominance,0.1878982152468477,0.33450270298489737,0.548371608957366,0.7051910167272619,0.1099865060022771,146943,49200,1530,383
pitch,20260922,2,absolute,valence,-8.373998808729359e-05,-0.013703765386125819,0.7126181709064203,0.8791031422126618,-0.0005026375606700384,157697,38446,1530,383
pitch,20260922,2,absolute,arousal,0.2688937424312833,0.37647854657372953,0.6950497974922558,0.8584733707789877,0.13973685561854388,157697,38446,1530,383
pitch,20260922,2,absolute,dominance,0.14800898318170738,0.257617620720568,0.5548915756302493,0.7091019956770913,0.0629654531476459,157697,38446,1530,383
pitch,20260922,2,relative,valence,0.0024783545447255315,0.05013396927955635,0.7118296513786248,0.8782565908724401,0.001423345866656156,157697,38446,1530,383
pitch,20260922,2,relative,arousal,0.24148522084740617,0.3681547665661703,0.6970816485775477,0.8608025750538022,0.13506240230818634,157697,38446,1530,383
pitch,20260922,2,relative,dominance,0.14814304505368778,0.28139212730538254,0.552289728620067,0.7031469218924083,0.0786378920330425,157697,38446,1530,383
pitch,20260922,2,baseline_only,valence,0.0013592100102989585,0.024959372566666582,0.7121749303633064,0.8788297523382779,0.0001195528184121386,157697,38446,1530,383
pitch,20260922,2,baseline_only,arousal,0.07036410728088975,0.16748336228027555,0.7465436405395334,0.9138704576892147,0.025129480538407245,157697,38446,1530,383
pitch,20260922,2,baseline_only,dominance,0.028371423623517904,0.08969023031665377,0.5759298283256489,0.7315254733152837,0.0027659583225548845,157697,38446,1530,383
pitch,20260922,2,relative_plus_baseline,valence,0.003695543243629637,0.05070119235605202,0.7114556278408117,0.8780770297809076,0.001831625602204623,157697,38446,1530,383
pitch,20260922,2,relative_plus_baseline,arousal,0.30246248599842074,0.41209939311564137,0.6824361091832495,0.8436466135353836,0.16919558483560726,157697,38446,1530,383
pitch,20260922,2,relative_plus_baseline,dominance,0.17568067555265762,0.2951898692935486,0.5482885934571329,0.7003942147093999,0.08583774039412806,157697,38446,1530,383
pitch,20260922,3,absolute,valence,-3.888867543423149e-05,-0.009817324021062182,0.7036144058919658,0.8713368210370661,-0.0002951851081387513,162916,33227,1531,382
pitch,20260922,3,absolute,arousal,0.2840882419707192,0.39586824062345943,0.6785730831690868,0.8453179771847603,0.15328473667164932,162916,33227,1531,382
pitch,20260922,3,absolute,dominance,0.16660349063582156,0.2945332124421919,0.5439123972677682,0.7004748889697805,0.08397333940523144,162916,33227,1531,382
pitch,20260922,3,relative,valence,0.0020766612882071682,0.0387007635969629,0.7031079275755296,0.8707274610214092,0.0011034169877931488,162916,33227,1531,382
pitch,20260922,3,relative,arousal,0.24131577854846145,0.3768997734148101,0.6842881887578451,0.8523588420727688,0.139120988140375,162916,33227,1531,382
pitch,20260922,3,relative,dominance,0.1429413156500422,0.2791202379975581,0.5481935792935552,0.7037856536465329,0.07529375406270467,162916,33227,1531,382
pitch,20260922,3,baseline_only,valence,0.0010989454987380739,0.01943465195867172,0.7027246793614632,0.8711891743656274,4.3783102614658453e-05,162916,33227,1531,382
pitch,20260922,3,baseline_only,arousal,0.08051861757474382,0.1998003895417012,0.7308652520512631,0.9014048688688138,0.03719801379744514,162916,33227,1531,382
pitch,20260922,3,baseline_only,dominance,0.04237590272899181,0.14973531632339931,0.5671502553954276,0.7245603659964348,0.01989609415554583,162916,33227,1531,382
pitch,20260922,3,relative_plus_baseline,valence,0.0030227486468874143,0.040612970493945064,0.702289253078,0.8706062671074398,0.0013814644066807436,162916,33227,1531,382
pitch,20260922,3,relative_plus_baseline,arousal,0.3132915184086756,0.4269538406211686,0.6666762889105597,0.8321339246812186,0.1794904616341414,162916,33227,1531,382
pitch,20260922,3,relative_plus_baseline,dominance,0.18622352886785562,0.3176006339847155,0.5393706814925391,0.6949895593539984,0.09826374245679048,162916,33227,1531,382
pitch,20260922,4,absolute,valence,-2.609718070370502e-05,-0.006370201116122942,0.7385217866000997,0.9076490525726395,-4.16574866692887e-05,160280,35863,1531,382
pitch,20260922,4,absolute,arousal,0.2998703592792965,0.43406704532606055,0.6814047119545297,0.8447158635453018,0.18601013843623782,160280,35863,1531,382
pitch,20260922,4,absolute,dominance,0.17520736651090665,0.33200699568715675,0.55599252747635,0.715766694287528,0.10619780876939244,160280,35863,1531,382
pitch,20260922,4,relative,valence,0.0009392323592147481,0.013793513925234686,0.7379838523566904,0.907735164330657,-0.00023142120647023923,160280,35863,1531,382
pitch,20260922,4,relative,arousal,0.25254844189132153,0.3775279160437324,0.701957147704323,0.8692214182833055,0.1380967197781945,160280,35863,1531,382
pitch,20260922,4,relative,dominance,0.1460643839238643,0.2745697348940619,0.5699356345152554,0.7297148543140082,0.07102331008767271,160280,35863,1531,382
pitch,20260922,4,baseline_only,valence,0.0010905017846626194,0.020732646396046817,0.7381226324166412,0.907466444555578,0.0003606946195925387,160280,35863,1531,382
pitch,20260922,4,baseline_only,arousal,0.08499073871246106,0.2266194836369574,0.7423489326472652,0.9136438682976759,0.04774868055438386,160280,35863,1531,382
pitch,20260922,4,baseline_only,dominance,0.04617401620466853,0.18611282391512302,0.5814795795040196,0.7464111216937578,0.02802600300876945,160280,35863,1531,382
pitch,20260922,4,relative_plus_baseline,valence,0.0019513980005045493,0.02287157162039646,0.7376548451377676,0.9075863895402425,9.642116701802372e-05,160280,35863,1531,382
pitch,20260922,4,relative_plus_baseline,arousal,0.3293048767474157,0.45100789673159375,0.6742638307051826,0.8368444765412206,0.20110959845837006,160280,35863,1531,382
pitch,20260922,4,relative_plus_baseline,dominance,0.1928984329221786,0.3351822619636081,0.5561835781507944,0.714457654137358,0.10946410505659787,160280,35863,1531,382
loudness,20260920,0,absolute,valence,0.0002967623575530325,0.023937016200143286,0.7215631320721672,0.8883772180381855,-0.0002452055252557539,157808,39604,1533,384
loudness,20260920,0,absolute,arousal,0.29208286079733153,0.4064044306021214,0.6887513866586601,0.8514885397792473,0.1642720937453641,157808,39604,1533,384
loudness,20260920,0,absolute,dominance,0.29392595960334733,0.41262475416652733,0.5255113072078863,0.672746937929514,0.16876028114125552,157808,39604,1533,384
loudness,20260920,0,relative,valence,0.00427878063135755,0.05001131261071578,0.7199780299841,0.8873881799302377,0.001980718143440141,157808,39604,1533,384
loudness,20260920,0,relative,arousal,0.19305094466461775,0.333464135540136,0.7136463916569997,0.8786066094398691,0.11019217251575164,157808,39604,1533,384
loudness,20260920,0,relative,dominance,0.18735402019600342,0.3286158043122835,0.5469130072037794,0.6976951661412283,0.10596554665877711,157808,39604,1533,384
loudness,20260920,0,baseline_only,valence,0.0006620511180267141,0.009913282946075136,0.7214322817604912,0.8886877852001785,-0.0009446777927939465,157808,39604,1533,384
loudness,20260920,0,baseline_only,arousal,0.13919970558951836,0.2555521288174878,0.7324340907725715,0.9014758097814192,0.06326781015044503,157808,39604,1533,384
loudness,20260920,0,baseline_only,dominance,0.14502665897680944,0.2676445816017867,0.5568826497969845,0.7116763250858563,0.06977530503072249,157808,39604,1533,384
loudness,20260920,0,relative_plus_baseline,valence,0.005089225118355601,0.04555900143080056,0.7197907684076843,0.8875962275031559,0.0015126933623709204,157808,39604,1533,384
loudness,20260920,0,relative_plus_baseline,arousal,0.29798631409344195,0.4156286796384324,0.6845809690258968,0.8475110737006165,0.17206154841762955,157808,39604,1533,384
loudness,20260920,0,relative_plus_baseline,dominance,0.2983968143748566,0.4200204985694534,0.523412151783153,0.6702703493074795,0.1748691148567435,157808,39604,1533,384
loudness,20260920,1,absolute,valence,2.110483130769478e-05,0.0008641169894684252,0.7220884289297044,0.8885335737675462,-0.0008468161468981883,151408,46004,1533,384
loudness,20260920,1,absolute,arousal,0.2868805258241973,0.4047651033224278,0.6964990189991,0.8614549546879486,0.16244651860844483,151408,46004,1533,384
loudness,20260920,1,absolute,dominance,0.2903584444294348,0.41189936684005846,0.5282936378420047,0.677478398341108,0.1681973701826558,151408,46004,1533,384
loudness,20260920,1,relative,valence,0.005330617666938896,0.06049111222765244,0.7200920851248828,0.886963117823155,0.002687989597057072,151408,46004,1533,384
loudness,20260920,1,relative,arousal,0.20551370462025864,0.33124194722494155,0.721542455870082,0.8888488489133651,0.10833189864517812,151408,46004,1533,384
loudness,20260920,1,relative,dominance,0.20357525944950566,0.33301216299126757,0.550320747809701,0.7009657560529937,0.10952242088532882,151408,46004,1533,384
loudness,20260920,1,baseline_only,valence,0.0021098753750229595,0.05726738135339105,0.7215295904626239,0.8876865959068095,0.0010603511129647636,151408,46004,1533,384
loudness,20260920,1,baseline_only,arousal,0.12343265072923038,0.25062098114033987,0.7424671010963224,0.9119972217165085,0.06128354158282978,151408,46004,1533,384
loudness,20260920,1,baseline_only,dominance,0.12794331564276148,0.2589716594422037,0.5613042906405922,0.7180973479960243,0.06546401143176017,151408,46004,1533,384
loudness,20260920,1,relative_plus_baseline,valence,0.007677065820608372,0.07926987209698229,0.7193883173490101,0.8860932462848911,0.004643218415739003,151408,46004,1533,384
loudness,20260920,1,relative_plus_baseline,arousal,0.29657765448778417,0.40986511751276755,0.6943026985732975,0.8594115843831567,0.16641515828215503,151408,46004,1533,384
loudness,20260920,1,relative_plus_baseline,dominance,0.298964827562319,0.41622665519289775,0.5274611097262334,0.6760275311736748,0.17175628178074653,151408,46004,1533,384
loudness,20260920,2,absolute,valence,0.00017195133171877655,0.04197748068954021,0.7009703492796004,0.8694456392551871,6.073234253112236e-05,157594,39818,1534,383
loudness,20260920,2,absolute,arousal,0.2994752165147615,0.43521602115772356,0.6843929382723496,0.8481851038344175,0.18802985001464279,157594,39818,1534,383
loudness,20260920,2,absolute,dominance,0.2941854036733962,0.4268236378470136,0.5184548180996815,0.6719886576981542,0.18143973782049394,157594,39818,1534,383
loudness,20260920,2,relative,valence,0.005737937085208886,0.07088062178222747,0.6995143782626791,0.8677333053931525,0.003995524148059926,157594,39818,1534,383
loudness,20260920,2,relative,arousal,0.1984796480963045,0.33492695029540415,0.7158907001975064,0.8870010263488982,0.11201214365263967,157594,39818,1534,383
loudness,20260920,2,relative,dominance,0.19312555532017814,0.32912540067070656,0.5472033933173084,0.7014855005752476,0.10800140662458346,157594,39818,1534,383
loudness,20260920,2,baseline_only,valence,0.0004609101918898573,0.007635989490430267,0.7006471515895241,0.86969785796506,-0.0005194993859860553,157594,39818,1534,383
loudness,20260920,2,baseline_only,arousal,0.13883196634379177,0.29596758229665804,0.7288274930182015,0.9002024133853674,0.08538329818396118,157594,39818,1534,383
loudness,20260920,2,baseline_only,dominance,0.13794134382532047,0.2896441922353767,0.5529457156586687,0.71141230589012,0.08257722236242093,157594,39818,1534,383
loudness,20260920,2,relative_plus_baseline,valence,0.006348515217099451,0.06256727998824396,0.6991401130394617,0.8678585706790704,0.003707938572768854,157594,39818,1534,383
loudness,20260920,2,relative_plus_baseline,arousal,0.3058687260860874,0.43607992514156846,0.6834194870744812,0.8474496029784553,0.18943743382056377,157594,39818,1534,383
loudness,20260920,2,relative_plus_baseline,dominance,0.3000935557958014,0.4282039425891414,0.5185154714533264,0.6713521359161072,0.18298971835919742,157594,39818,1534,383
loudness,20260920,3,absolute,valence,-0.0002544487468377474,-0.008810576127793578,0.7124117140624404,0.8797966000394272,-0.002981950048475568,163559,33853,1534,383
loudness,20260920,3,absolute,arousal,0.29662322433218896,0.4132718993051501,0.6669302090692398,0.826766136917079,0.17068219437789356,163559,33853,1534,383
loudness,20260920,3,absolute,dominance,0.2776606030113512,0.389863969992342,0.5178337702704146,0.6719183909494573,0.151157086530477,163559,33853,1534,383
loudness,20260920,3,relative,valence,0.0007758481592703696,0.007900555968674526,0.7120859433447919,0.8802000590922889,-0.003902060294441956,163559,33853,1534,383
loudness,20260920,3,relative,arousal,0.17831014110138793,0.3130692888732687,0.701563516808374,0.8624958122231116,0.09745343128899342,163559,33853,1534,383
loudness,20260920,3,relative,dominance,0.16370232796205203,0.2931258586011418,0.5426150900405514,0.69753274630911,0.0852056526419751,163559,33853,1534,383
loudness,20260920,3,baseline_only,valence,0.0010544272706494648,0.018058918025707773,0.7120216582407768,0.8794332337022573,-0.0021536344664909723,163559,33853,1534,383
loudness,20260920,3,baseline_only,arousal,0.15270605916872004,0.29357059754776627,0.7055791735340682,0.8679750327046353,0.08594970095476773,163559,33853,1534,383
loudness,20260920,3,baseline_only,dominance,0.14535911942912022,0.27873271227748186,0.5458497689634897,0.7004160640451557,0.0776272435887081,163559,33853,1534,383
loudness,20260920,3,relative_plus_baseline,valence,0.001892049516946857,0.016635364679586213,0.7118803021029847,0.880005786153071,-0.003458957663765805,163559,33853,1534,383
loudness,20260920,3,relative_plus_baseline,arousal,0.29827809128900773,0.41684138129562176,0.6662812788814871,0.8252817101558629,0.17365753728926803,163559,33853,1534,383
loudness,20260920,3,relative_plus_baseline,dominance,0.27885391539918825,0.3928988649916164,0.5168053257159431,0.6708973330626994,0.15373495677196392,163559,33853,1534,383
loudness,20260920,4,absolute,valence,-0.0002307537720714913,-0.008466355351067429,0.7170149861871654,0.8855838934754502,-0.0005361955911409311,159279,38133,1534,383
loudness,20260920,4,absolute,arousal,0.2596766016249893,0.3873783137392854,0.7102699136958478,0.8859776550592126,0.14999744577946983,159279,38133,1534,383
loudness,20260920,4,absolute,dominance,0.25724318146944447,0.38798683716812055,0.5386888877525667,0.7056358155802774,0.15044569113996498,159279,38133,1534,383
loudness,20260920,4,relative,valence,0.002890324810427424,0.03066464994721493,0.7165797074730287,0.885088027608567,0.0005839531646311125,159279,38133,1534,383
loudness,20260920,4,relative,arousal,0.1737060984164394,0.30766777336363793,0.7388626405667486,0.9151042258543968,0.09319101453159473,159279,38133,1534,383
loudness,20260920,4,relative,dominance,0.16831274983147654,0.30443145880422606,0.5650779247713524,0.729681354471894,0.0915596565369764,159279,38133,1534,383
loudness,20260920,4,baseline_only,valence,0.0017515148533815415,0.03899255605545,0.7162545459411587,0.8848208484949794,0.0011872440970660536,159279,38133,1534,383
loudness,20260920,4,baseline_only,arousal,0.1188826013190017,0.24956080161179098,0.7528296974018576,0.930590586808293,0.06223935337910458,159279,38133,1534,383
loudness,20260920,4,baseline_only,dominance,0.12030259421086738,0.25328933030506195,0.5717634060261905,0.7406056732824726,0.0641548710802553,159279,38133,1534,383
loudness,20260920,4,relative_plus_baseline,valence,0.00482093211838074,0.0452663041793766,0.71602934732818,0.8844872087505519,0.0019403475191283048,159279,38133,1534,383
loudness,20260920,4,relative_plus_baseline,arousal,0.26586486918202745,0.3923362953812058,0.7079904959493959,0.884015183970029,0.15375884534369433,159279,38133,1534,383
loudness,20260920,4,relative_plus_baseline,dominance,0.26251972172719407,0.39218489790615835,0.5378399393781914,0.7042918156483704,0.1536788421049854,159279,38133,1534,383
loudness,20260921,0,absolute,valence,0.00028255673292716893,0.0320258858207574,0.7021696717171579,0.866916890769884,0.00026308971634292355,159218,38194,1533,384
loudness,20260921,0,absolute,arousal,0.2766392732200938,0.38417905012758513,0.6902092958974568,0.8571545918071115,0.14503766044094235,159218,38194,1533,384
loudness,20260921,0,absolute,dominance,0.2750539290105406,0.3814190344164922,0.5214674501478139,0.6757769971585403,0.14305997036347406,159218,38194,1533,384
loudness,20260921,0,relative,valence,0.005272996172910011,0.06308975907858481,0.7006841481576672,0.8654997435498754,0.003528953835883919,159218,38194,1533,384
loudness,20260921,0,relative,arousal,0.18377458708264482,0.3062700842401463,0.7135572186016004,0.8836887198774124,0.0912858400335248,159218,38194,1533,384
loudness,20260921,0,relative,dominance,0.1767666436803634,0.29573927281182455,0.5423893334967984,0.698280153259973,0.08503808320277984,159218,38194,1533,384
loudness,20260921,0,baseline_only,valence,0.0007602895721759672,0.011920958376437515,0.7020288353769443,0.8671437551848417,-0.00026022320572649527,159218,38194,1533,384
loudness,20260921,0,baseline_only,arousal,0.13067174948215424,0.24849327230725168,0.728930441033931,0.8992159377094897,0.05907141101939306,159218,38194,1533,384
loudness,20260921,0,baseline_only,dominance,0.13465498842758925,0.2539465850486903,0.5493747325843695,0.7067966109105205,0.062583620693337,159218,38194,1533,384
loudness,20260921,0,relative_plus_baseline,valence,0.006204597645043978,0.05775435676748529,0.7005193378118327,0.8655904132531037,0.0033201624012909603,159218,38194,1533,384
loudness,20260921,0,relative_plus_baseline,arousal,0.28241570878751737,0.3900165503890379,0.6875875256398134,0.8548151210358108,0.14969826626471883,159218,38194,1533,384
loudness,20260921,0,relative_plus_baseline,dominance,0.27938739855802014,0.38552451720002384,0.5202359275548802,0.6745108340782623,0.14626815696344908,159218,38194,1533,384
loudness,20260921,1,absolute,valence,0.00012842003577291728,0.006236170740961673,0.7213605571604861,0.8876451609804452,-0.0007377048218655258,157733,39679,1533,384
loudness,20260921,1,absolute,arousal,0.26789336342315384,0.38364986234626375,0.6814174257486195,0.8453342769356108,0.14573404923933198,157733,39679,1533,384
loudness,20260921,1,absolute,dominance,0.2691567386373523,0.3864365644321724,0.516378171200632,0.6654532962982734,0.14745655587591455,157733,39679,1533,384
loudness,20260921,1,relative,valence,0.0026927250552916332,0.027188171874815325,0.7205687142862086,0.8875590068777117,-0.0005434527069143602,157733,39679,1533,384
loudness,20260921,1,relative,arousal,0.19606869558738763,0.32654520431059203,0.7005088134216659,0.8654426256494342,0.10460904797504322,157733,39679,1533,384
loudness,20260921,1,relative,dominance,0.19139689871792961,0.32190516802642327,0.5344192846002321,0.6834431127841873,0.10073829263378464,157733,39679,1533,384
loudness,20260921,1,baseline_only,valence,0.0008880518273353854,0.017433212971701646,0.7209613249617588,0.887504903767309,-0.0004214757733651542,157733,39679,1533,384
loudness,20260921,1,baseline_only,arousal,0.11048221156123153,0.22969143352760288,0.7229578234419429,0.8910952232170151,0.05074177396310586,157733,39679,1533,384
loudness,20260921,1,baseline_only,dominance,0.11504248843778656,0.23814317447151306,0.5471507638437494,0.7008546171515642,0.054335174932946484,157733,39679,1533,384
loudness,20260921,1,relative_plus_baseline,valence,0.0036709130078217446,0.03280126675041253,0.7201707531681841,0.8873931210552255,-0.0001694821613007491,157733,39679,1533,384
loudness,20260921,1,relative_plus_baseline,arousal,0.27802957367936904,0.390633656893877,0.6787059394315383,0.8428001860615573,0.15084810382252123,157733,39679,1533,384
loudness,20260921,1,relative_plus_baseline,dominance,0.2778336550603448,0.3919286925905438,0.5152583802170436,0.6639016897733089,0.15142759278705564,157733,39679,1533,384
loudness,20260921,2,absolute,valence,9.795318945930305e-05,0.0442505097207505,0.711383928624823,0.8810465851875044,-4.27367253621469e-05,156569,40843,1534,383
loudness,20260921,2,absolute,arousal,0.28848012716314453,0.4213012959707694,0.6980490304469436,0.8639655240686356,0.17313460354090293,156569,40843,1534,383
loudness,20260921,2,absolute,dominance,0.2720137500195686,0.39844868590767674,0.5363003267127296,0.697960221053434,0.15640484963425982,156569,40843,1534,383
loudness,20260921,2,relative,valence,0.00570402670476885,0.07465057647959006,0.7095778943048732,0.879219861265535,0.004099855084632176,156569,40843,1534,383
loudness,20260921,2,relative,arousal,0.18216076184981356,0.30998628814699575,0.7332355080721179,0.9041689052351469,0.09439017192141275,156569,40843,1534,383
loudness,20260921,2,relative,dominance,0.17311054444981405,0.30055049202463746,0.5639544066730056,0.7251410658615773,0.08942078555247346,156569,40843,1534,383
loudness,20260921,2,baseline_only,valence,0.0004329072431600813,0.006915413136499854,0.7115263334951994,0.8813598632957957,-0.0007540434856316836,156569,40843,1534,383
loudness,20260921,2,baseline_only,arousal,0.14095735274996204,0.296057622472296,0.7395740210257538,0.910250844186907,0.08216593345973344,156569,40843,1534,383
loudness,20260921,2,baseline_only,dominance,0.1320771984198033,0.27333539121622313,0.5663160798668649,0.7319861895484678,0.07214843224168876,156569,40843,1534,383
loudness,20260921,2,relative_plus_baseline,valence,0.006312466361534613,0.06282857731495214,0.7097280025331647,0.8794520693543876,0.0035737372893058783,156569,40843,1534,383
loudness,20260921,2,relative_plus_baseline,arousal,0.2920334650745705,0.42024036771376627,0.6975160055252404,0.8639932345565337,0.1730815615840835,156569,40843,1534,383
loudness,20260921,2,relative_plus_baseline,dominance,0.2761459997421268,0.39975107733793097,0.5364806962540107,0.69738749540599,0.15778874039291046,156569,40843,1534,383
loudness,20260921,3,absolute,valence,-0.0015159266906943324,-0.034068675655484236,0.7261182835989554,0.8995673016702079,-0.002360760784444693,163378,34034,1534,383
loudness,20260921,3,absolute,arousal,0.305012618773357,0.4253886645571057,0.6843858408992046,0.8500664686327309,0.1802623942805568,163378,34034,1534,383
loudness,20260921,3,absolute,dominance,0.2970110563957359,0.4195867760175091,0.5304415659830246,0.6832184311996715,0.17571592676038594,163378,34034,1534,383
loudness,20260921,3,relative,valence,0.0008307473006398268,0.008202082504653414,0.7254685861442887,0.8994603368242784,-0.0021223995418859776,163378,34034,1534,383
loudness,20260921,3,relative,arousal,0.18847810379871432,0.3379263901046956,0.7183091072948553,0.8849481701483105,0.11160775450337901,163378,34034,1534,383
loudness,20260921,3,relative,dominance,0.17975753190322166,0.3303191125625463,0.5574585632463293,0.7111187347444711,0.10701944544251685,163378,34034,1534,383
loudness,20260921,3,baseline_only,valence,0.0021794187275155624,0.05014017697455269,0.724781183233259,0.8978597877570135,0.0014408904253272459,163378,34034,1534,383
loudness,20260921,3,baseline_only,arousal,0.15421527115711156,0.28336728528163624,0.7292592887885504,0.9012010841324822,0.07867575717993747,163378,34034,1534,383
loudness,20260921,3,baseline_only,dominance,0.15265447151360542,0.2818358271940939,0.5645147037027813,0.7224194513470161,0.07841239967355962,163378,34034,1534,383
loudness,20260921,3,relative_plus_baseline,valence,0.0032151859965196257,0.028772100063406296,0.7247061350314352,0.8986213317755748,-0.00025373767620173737,163378,34034,1534,383
loudness,20260921,3,relative_plus_baseline,arousal,0.30836973952703456,0.43396658184960407,0.6818165365840958,0.8463833206190627,0.18735048504440388,163378,34034,1534,383
loudness,20260921,3,relative_plus_baseline,dominance,0.29968616887601995,0.42715101514130527,0.528497032237547,0.6806792755980283,0.18183138318113568,163378,34034,1534,383
loudness,20260921,4,absolute,valence,0.0001488000543790585,0.006645891453171831,0.7133642699098708,0.8767081694780497,-0.001168753087802843,152750,44662,1534,383
loudness,20260921,4,absolute,arousal,0.2913831343907298,0.43007756090443955,0.6941272762909743,0.8597376812064501,0.18219920809646473,152750,44662,1534,383
loudness,20260921,4,absolute,dominance,0.294678113313602,0.4398325876058023,0.5250548977464304,0.6783747532017158,0.19023471187147456,152750,44662,1534,383
loudness,20260921,4,relative,valence,0.00476087120268581,0.0536144881634764,0.7119664616510146,0.8754867192159657,0.0016190068702707228,152750,44662,1534,383
loudness,20260921,4,relative,arousal,0.19676214946775947,0.3376856073851154,0.7265473744540716,0.8949870783864378,0.11376451850571612,152750,44662,1534,383
loudness,20260921,4,relative,dominance,0.19334020352736853,0.33859859280760135,0.5543724545666313,0.7097974388341688,0.11347975291083989,152750,44662,1534,383
loudness,20260921,4,baseline_only,valence,0.0017689458284120716,0.041013932422538354,0.7125413254911188,0.8760271355043318,0.00038607469300500075,152750,44662,1534,383
loudness,20260921,4,baseline_only,arousal,0.13221805817241872,0.2830872955374767,0.7426587442661798,0.912724162277109,0.07828915273629855,152750,44662,1534,383
loudness,20260921,4,baseline_only,dominance,0.13724182819928868,0.295835440054383,0.5620286850860833,0.721098729175741,0.08502492548058094,152750,44662,1534,383
loudness,20260921,4,relative_plus_baseline,valence,0.006714332767724968,0.0673043456803779,0.7111533269183914,0.8747658143079985,0.0032625302137162526,152750,44662,1534,383
loudness,20260921,4,relative_plus_baseline,arousal,0.29872196176560095,0.4329622369018843,0.6921494353644121,0.8580137231258355,0.185475651096491,152750,44662,1534,383
loudness,20260921,4,relative_plus_baseline,dominance,0.3008031548567283,0.4414735106056186,0.5244616214897844,0.6774182669129443,0.19251658737160293,152750,44662,1534,383
loudness,20260922,0,absolute,valence,0.00030954280901541315,0.031711613030187165,0.7159246095433758,0.8837142670429511,-0.002299571978529258,155254,42158,1533,384
loudness,20260922,0,absolute,arousal,0.2894520803664822,0.40287589641977006,0.6848609557394465,0.8441863014169941,0.1615905953440906,155254,42158,1533,384
loudness,20260922,0,absolute,dominance,0.28956708608513915,0.41182147772985656,0.5219898036369516,0.6746038866157177,0.16945242959641682,155254,42158,1533,384
loudness,20260922,0,relative,valence,0.005336026881936067,0.06692322852774568,0.7146403263773358,0.8822916357532424,0.0009248978623302984,155254,42158,1533,384
loudness,20260922,0,relative,arousal,0.2065969846536468,0.3566404686599277,0.7022180515633445,0.862095615207256,0.125639736158613,155254,42158,1533,384
loudness,20260922,0,relative,dominance,0.19437869980073888,0.3439924757732036,0.5430204832580999,0.6956222412918459,0.11689213448345626,155254,42158,1533,384
loudness,20260922,0,baseline_only,valence,0.0009034197117945158,0.01500685719834616,0.7157224811842641,0.8837981148757248,-0.002489779689260452,155254,42158,1533,384
loudness,20260922,0,baseline_only,arousal,0.125072753891553,0.2333047359150927,0.7303836417181563,0.8980754919468911,0.05113324703986455,155254,42158,1533,384
loudness,20260922,0,baseline_only,dominance,0.13358987740249337,0.2561509802546793,0.5570324400845368,0.716128566534863,0.0640582283379989,155254,42158,1533,384
loudness,20260922,0,relative_plus_baseline,valence,0.00640266603645824,0.06320134849034803,0.7144071376741256,0.8822210144855006,0.0010848293944186738,155254,42158,1533,384
loudness,20260922,0,relative_plus_baseline,arousal,0.29832899797083773,0.4143442012702319,0.6806955851647125,0.8393215644423317,0.17122564714459476,155254,42158,1533,384
loudness,20260922,0,relative_plus_baseline,dominance,0.2961428001016255,0.4202015375394223,0.520068796969438,0.6717761065474858,0.17640075441762226,155254,42158,1533,384
loudness,20260922,1,absolute,valence,0.00029389681661096486,0.02915860888532155,0.711470254339619,0.8787481492644055,6.758270575202285e-05,161663,35749,1533,384
loudness,20260922,1,absolute,arousal,0.29339551237121225,0.4331669458043439,0.6789227583345934,0.8463574917657137,0.18346239520647423,161663,35749,1533,384
loudness,20260922,1,absolute,dominance,0.29202884876372476,0.4283588569915886,0.5140082708226354,0.6650111061697246,0.1811594267045451,161663,35749,1533,384
loudness,20260922,1,relative,valence,0.004059641005343857,0.04271765560405272,0.7102772830055578,0.8780840481185805,0.001578380399474999,161663,35749,1533,384
loudness,20260922,1,relative,arousal,0.2008693859544196,0.3375896759650839,0.7106353127950039,0.883110017367392,0.11100743852618311,161663,35749,1533,384
loudness,20260922,1,relative,dominance,0.1956572633019299,0.3290742031870415,0.541847513216692,0.6945642089380984,0.10676371347629188,161663,35749,1533,384
loudness,20260922,1,baseline_only,valence,1.1629426901354222e-05,0.00018249961813784527,0.7117158566381505,0.8792983371740594,-0.0011849330526438884,161663,35749,1533,384
loudness,20260922,1,baseline_only,arousal,0.13231156676233638,0.2753038070408963,0.7293651931419508,0.902054888929832,0.07245618440080603,161663,35749,1533,384
loudness,20260922,1,baseline_only,dominance,0.13522839705841794,0.27671142730497233,0.5500154527087711,0.7068971830373836,0.07476072652396926,161663,35749,1533,384
loudness,20260922,1,relative_plus_baseline,valence,0.004196641704987611,0.035184438301554495,0.7104509802625408,0.8785905637378125,0.0004261854470520854,161663,35749,1533,384
loudness,20260922,1,relative_plus_baseline,arousal,0.3013141855930153,0.43683078985459817,0.6768260943278677,0.8444499742312835,0.18713886667959811,161663,35749,1533,384
loudness,20260922,1,relative_plus_baseline,dominance,0.2987394940719988,0.4310959671611629,0.513347934394684,0.6638960658442332,0.18390306449490412,161663,35749,1533,384
loudness,20260922,2,absolute,valence,0.00012899669670341995,0.006141838835542599,0.7081627985875422,0.8732365927551562,-0.0002980152224183463,155253,42159,1534,383
loudness,20260922,2,absolute,arousal,0.2684537808265489,0.38989875061131946,0.6954282693436848,0.8647295705418283,0.15187218219689846,155253,42159,1534,383
loudness,20260922,2,absolute,dominance,0.26340243823151166,0.3900256076348185,0.5337147442108454,0.6954480043782539,0.15168560224024563,155253,42159,1534,383
loudness,20260922,2,relative,valence,0.00479075067180917,0.05745166296959193,0.7065831045386216,0.8718938236249423,0.0027759205619729554,155253,42159,1534,383
loudness,20260922,2,relative,arousal,0.17753291795808585,0.30548661338211425,0.7242962962474898,0.8942214698883324,0.0930342798423498,155253,42159,1534,383
loudness,20260922,2,relative,dominance,0.171949458639864,0.3057103106412462,0.5571729101060798,0.7189320787547887,0.0934260574700041,155253,42159,1534,383
loudness,20260922,2,baseline_only,valence,0.0018847618516007725,0.04394839874387858,0.7077151815834797,0.8726018823858067,0.0011555857608821496,155253,42159,1534,383
loudness,20260922,2,baseline_only,arousal,0.12475216523606067,0.26185005971398406,0.734558555545857,0.9063012188641814,0.06836495891738281,155253,42159,1534,383
loudness,20260922,2,baseline_only,dominance,0.12344239423598428,0.26182171285084005,0.5635636843308756,0.7290100414185962,0.06783127431892744,155253,42159,1534,383
loudness,20260922,2,relative_plus_baseline,valence,0.0068499302382875335,0.0728787014360719,0.7060071628321037,0.8711807791401589,0.004406335532657901,155253,42159,1534,383
loudness,20260922,2,relative_plus_baseline,arousal,0.2741760382003744,0.3926610640293016,0.6942574286237342,0.863666736013377,0.1539557597568879,155253,42159,1534,383
loudness,20260922,2,relative_plus_baseline,dominance,0.26868117821565873,0.3929688590057291,0.5331896557556239,0.6944592596125216,0.15409604892270246,155253,42159,1534,383
loudness,20260922,3,absolute,valence,0.0002879975027408954,0.018688773404907637,0.7105076675004345,0.8835111954144639,-0.000216966626509274,161321,36091,1534,383
loudness,20260922,3,absolute,arousal,0.2853869503549368,0.4097112664036833,0.7075310794028538,0.8784913413071321,0.16772163993898437,161321,36091,1534,383
loudness,20260922,3,absolute,dominance,0.2715796664666684,0.38641752239406957,0.540045164443614,0.7006483209007112,0.14764688995122865,161321,36091,1534,383
loudness,20260922,3,relative,valence,0.004555424419636405,0.051276352404973656,0.7091402573871011,0.882504626375538,0.002060794941821875,161321,36091,1534,383
loudness,20260922,3,relative,arousal,0.1747128406820315,0.29676645488985315,0.74385957551979,0.9199861653053344,0.08724078716688632,161321,36091,1534,383
loudness,20260922,3,relative,dominance,0.16879137608793957,0.28894888286992376,0.5645783792400136,0.7271826250699762,0.08186537476414746,161321,36091,1534,383
loudness,20260922,3,baseline_only,valence,0.0011618695386518077,0.019426605519931188,0.7102708931776319,0.8835082841424606,-0.00021037497522136128,161321,36091,1534,383
loudness,20260922,3,baseline_only,arousal,0.14404170279614223,0.2906619306672117,0.7477184418162133,0.9219158488799483,0.08340772153885234,161321,36091,1534,383
loudness,20260922,3,baseline_only,dominance,0.13624964451005173,0.26629453834029415,0.5684057399873372,0.7322533437864092,0.06901623821180247,161321,36091,1534,383
loudness,20260922,3,relative_plus_baseline,valence,0.005885992286028616,0.05375029347082162,0.7089113853573372,0.8823882243652077,0.0023240331511529266,161321,36091,1534,383
loudness,20260922,3,relative_plus_baseline,arousal,0.2872289590341941,0.4091168152637052,0.7068926461608426,0.878705109518491,0.16731654476160362,161321,36091,1534,383
loudness,20260922,3,relative_plus_baseline,dominance,0.27455971902731285,0.38851091396138826,0.5390418627692779,0.6999247835253806,0.149406377230638,161321,36091,1534,383
loudness,20260922,4,absolute,valence,-0.001355244886404542,-0.03211179182390301,0.728220408342233,0.8928679598935048,-0.0025443229581449955,156157,41255,1534,383
loudness,20260922,4,absolute,arousal,0.29572386438768916,0.4098363354850462,0.6806459425224038,0.8411036720777262,0.16680497037548292,156157,41255,1534,383
loudness,20260922,4,absolute,dominance,0.2960651898491261,0.4122330232997799,0.5192537124143073,0.6640263284612721,0.16866191667528585,156157,41255,1534,383
loudness,20260922,4,relative,valence,0.0011979205703208996,0.011595118793218335,0.7274588184486737,0.892780243583123,-0.002347350565095274,156157,41255,1534,383
loudness,20260922,4,relative,arousal,0.18821963498977892,0.3224382467101603,0.7106614652077262,0.8727722269496505,0.10288225282894059,156157,41255,1534,383
loudness,20260922,4,relative,dominance,0.18347256537456755,0.31837893126000744,0.5453249638307447,0.6909121255258226,0.09997886837420855,156157,41255,1534,383
loudness,20260922,4,baseline_only,valence,0.0021159975721606506,0.053393766490180426,0.7265398313265068,0.8912571785043234,0.0010697009404917468,156157,41255,1534,383
loudness,20260922,4,baseline_only,arousal,0.1443886766896125,0.281043826948895,0.7207468890447448,0.8854140448326154,0.0767051230084086,156157,41255,1534,383
loudness,20260922,4,baseline_only,dominance,0.1482020254952645,0.28774746236414767,0.5502995883073964,0.698520432728498,0.08004770778281933,156157,41255,1534,383
loudness,20260922,4,relative_plus_baseline,valence,0.0034565199057069542,0.03148091393459132,0.7264721206795508,0.8919145086018441,-0.00040432722604855087,156157,41255,1534,383
loudness,20260922,4,relative_plus_baseline,arousal,0.30005724018012797,0.4143814946187091,0.6787994836306546,0.8391108832336166,0.17074839585654555,156157,41255,1534,383
loudness,20260922,4,relative_plus_baseline,dominance,0.2993885941408242,0.4156592369071883,0.5185219881404182,0.6628256867300144,0.17166552292799142,156157,41255,1534,383
rate,20260920,0,absolute,valence,2.1696868956351366e-05,0.00494962790296865,0.7082812639454054,0.876055522221482,-8.699461019845423e-05,158172,38980,1532,384
rate,20260920,0,absolute,arousal,0.027743922590303026,0.12033937313163419,0.7551114285384752,0.9244685827442264,0.013574456306569505,158172,38980,1532,384
rate,20260920,0,absolute,dominance,0.017588642879147107,0.09822737067066879,0.5758926813540874,0.7303073266893354,0.009081583351895905,158172,38980,1532,384
rate,20260920,0,relative,valence,0.0007839929977950281,0.02252168506917911,0.7081502783431965,0.8758495596175083,0.00038319547055865044,158172,38980,1532,384
rate,20260920,0,relative,arousal,0.007104541937662864,0.06170051309434834,0.7615172038515596,0.9295658372270319,0.002666733179490066,158172,38980,1532,384
rate,20260920,0,relative,dominance,0.006421680970019809,0.06062494282487643,0.5787605764719665,0.7325481019556831,0.0029914571190737815,158172,38980,1532,384
rate,20260920,0,baseline_only,valence,0.002910249413323888,0.04470111917043749,0.7068302561103871,0.8752706583585564,0.0017041716093719739,158172,38980,1532,384
rate,20260920,0,baseline_only,arousal,0.04984398454091302,0.16925928615232835,0.7499316333806967,0.9178660109096757,0.027614279495236982,158172,38980,1532,384
rate,20260920,0,baseline_only,dominance,0.021647750277937663,0.11162986968000596,0.5750585493811294,0.7292878025367932,0.011846337439565535,158172,38980,1532,384
rate,20260920,0,relative_plus_baseline,valence,0.0035962175705850333,0.04921953111833728,0.706746438570825,0.875086187038975,0.002124927270845123,158172,38980,1532,384
rate,20260920,0,relative_plus_baseline,arousal,0.05791165862099597,0.18274764476031208,0.7473929136648829,0.9156117713188912,0.032384689654064824,158172,38980,1532,384
rate,20260920,0,relative_plus_baseline,dominance,0.028756422828814354,0.12938705282926705,0.57333920507468,0.727721739360145,0.016085677535002008,158172,38980,1532,384
rate,20260920,1,absolute,valence,1.9388729527154508e-05,0.010622841535197838,0.7203654794724914,0.8850380146883778,-0.003946372402191312,156767,40385,1533,383
rate,20260920,1,absolute,arousal,0.027653395865692473,0.11397917058431899,0.7624218161243845,0.9342747367402169,0.011567007380273164,156767,40385,1533,383
rate,20260920,1,absolute,dominance,0.017671680709991776,0.09389971702728228,0.5800444138654454,0.7372460108357065,0.007041308896186926,156767,40385,1533,383
rate,20260920,1,relative,valence,0.0008063867222249562,0.023100587973002813,0.7202290199073478,0.8848088625259743,-0.003426560381718069,156767,40385,1533,383
rate,20260920,1,relative,arousal,0.006850143483261283,0.056492511967351305,0.7676405601588945,0.9389179403569714,0.0017178698329219921,156767,40385,1533,383
rate,20260920,1,relative,dominance,0.00642275021660463,0.05823237565299237,0.5823188892901989,0.7393024781710201,0.0014940830484160283,156767,40385,1533,383
rate,20260920,1,baseline_only,valence,0.0022511606222194746,0.02807723586552088,0.7192738813989816,0.8846534705373369,-0.0030741435753700586,156767,40385,1533,383
rate,20260920,1,baseline_only,arousal,0.052464110663092436,0.15553104921787314,0.7588601651193598,0.9288337157637898,0.02304633784866883,156767,40385,1533,383
rate,20260920,1,baseline_only,dominance,0.02245662649815229,0.1002217871261559,0.5801697256384974,0.7367019021963632,0.008506431865497155,156767,40385,1533,383
rate,20260920,1,relative_plus_baseline,valence,0.0029681762809647006,0.03421422705711813,0.719180739148579,0.8844454075043293,-0.002602369907956703,156767,40385,1533,383
rate,20260920,1,relative_plus_baseline,arousal,0.06016317754404523,0.16788934043415257,0.7567767306709032,0.926945050712578,0.027015320197787962,156767,40385,1533,383
rate,20260920,1,relative_plus_baseline,dominance,0.02952368999315334,0.11783928008637654,0.5784580117203514,0.7352645777702463,0.012371516829053575,156767,40385,1533,383
rate,20260920,2,absolute,valence,-4.1524387553367915e-05,-0.004375413122396996,0.6939700859900018,0.8626032971426612,-0.0005165483862079601,161006,36146,1533,383
rate,20260920,2,absolute,arousal,0.029238144874361254,0.12218529364780444,0.7549201618543977,0.9256385972725164,0.01199417095065436,161006,36146,1533,383
rate,20260920,2,absolute,dominance,0.019285139046445333,0.1052486516406465,0.5729571479956761,0.7295264721225372,0.0068595254763264,161006,36146,1533,383
rate,20260920,2,relative,valence,0.00046782306143705973,0.011018968972841074,0.6939902615843545,0.8625668179621068,-0.0004319272116934947,161006,36146,1533,383
rate,20260920,2,relative,arousal,0.006435197714560912,0.05229370363147143,0.7607921698302057,0.9314533130561532,-0.00045781109338527415,161006,36146,1533,383
rate,20260920,2,relative,dominance,0.006167053353873337,0.055260392943391676,0.5761508549414674,0.7324611545431313,-0.0011468025181562425,161006,36146,1533,383
rate,20260920,2,baseline_only,valence,0.0029512269420737766,0.03735207627214741,0.6929325571919525,0.861994579267415,0.0008950330903725323,161006,36146,1533,383
rate,20260920,2,baseline_only,arousal,0.06044524897049508,0.18664452961740302,0.747899952530408,0.9163583558718296,0.03170590253256822,161006,36146,1533,383
rate,20260920,2,baseline_only,dominance,0.028262641879032158,0.13647122332802997,0.571043369153728,0.7270129946830477,0.013691178782123115,161006,36146,1533,383
rate,20260920,2,relative_plus_baseline,valence,0.00333735288692098,0.03769451957473436,0.6930803868003198,0.8619973396316046,0.0008886342148933801,161006,36146,1533,383
rate,20260920,2,relative_plus_baseline,arousal,0.06785861827814332,0.19526744858000913,0.7458495780149308,0.9146977835593365,0.03521209738688014,161006,36146,1533,383
rate,20260920,2,relative_plus_baseline,dominance,0.035207163980380436,0.14849299706803148,0.569233988673919,0.7256467704370241,0.017394696839508783,161006,36146,1533,383
rate,20260920,3,absolute,valence,-1.7630069356888453e-05,-0.0022494312621973754,0.7333501029313836,0.900176363165394,-0.0014941250675741813,161290,35862,1533,383
rate,20260920,3,absolute,arousal,0.028873160451537008,0.1233185513285279,0.7453984619725738,0.9191709301059534,0.014212539096637888,161290,35862,1533,383
rate,20260920,3,absolute,dominance,0.014391839508339752,0.0776065675492574,0.5869858422822176,0.7518335134395218,0.005003559051407258,161290,35862,1533,383
rate,20260920,3,relative,valence,0.0006894285672035063,0.01997095032057779,0.7331812836693841,0.8999870836318661,-0.0010730022320923904,161290,35862,1533,383
rate,20260920,3,relative,arousal,0.005834295674247648,0.04812253940290686,0.7520661585921014,0.9252121501923303,0.001211845726973415,161290,35862,1533,383
rate,20260920,3,relative,dominance,0.003440608185379964,0.029682617645970587,0.5897980557888541,0.7539740816096743,-0.000670276084346888,161290,35862,1533,383
rate,20260920,3,baseline_only,valence,0.003440765904173978,0.05256662334185851,0.7315800540821764,0.8991104897366075,0.0008761526746098314,161290,35862,1533,383
rate,20260920,3,baseline_only,arousal,0.06259959594743665,0.19918049968346718,0.7369865712522053,0.9084109860141502,0.0371569860951424,161290,35862,1533,383
rate,20260920,3,baseline_only,dominance,0.025478712623188987,0.12676023110759507,0.5843391594397168,0.7481939208162605,0.014613708554256588,161290,35862,1533,383
rate,20260920,3,relative_plus_baseline,valence,0.004015779039292381,0.05546328631288436,0.7315193550786541,0.8989600033790845,0.0012105763691623306,161290,35862,1533,383
rate,20260920,3,relative_plus_baseline,arousal,0.06955390642881508,0.20416511662627032,0.7347008791845333,0.9071657878979064,0.03979479786285378,161290,35862,1533,383
rate,20260920,3,relative_plus_baseline,dominance,0.02960689427552707,0.12529127381513594,0.5833788383261101,0.7481035562080092,0.01485171815708708,161290,35862,1533,383
rate,20260920,4,absolute,valence,2.1310437592871628e-05,0.004551372329540581,0.7180251466039154,0.8873357406025911,-0.00017045120240188893,151373,45779,1533,383
rate,20260920,4,absolute,arousal,0.027426656574483767,0.11810404660640599,0.7711421107107199,0.9484074569500779,0.013079296522141015,151373,45779,1533,383
rate,20260920,4,absolute,dominance,0.01618209034010528,0.0887830167292032,0.5876485380292852,0.7557213738712547,0.0050299299561051836,151373,45779,1533,383
rate,20260920,4,relative,valence,0.0005671088843589839,0.01480356649771554,0.7180318155048455,0.8872470429078358,2.9492010697351745e-05,151373,45779,1533,383
rate,20260920,4,relative,arousal,0.008080314943759785,0.076005164524701,0.776129209540869,0.9525665213614861,0.004404402897637105,151373,45779,1533,383
rate,20260920,4,relative,dominance,0.00688342940944966,0.06957385096944968,0.5897858933282534,0.7570258468060075,0.0015920711000683152,151373,45779,1533,383
rate,20260920,4,baseline_only,valence,0.0019289161831608204,0.02338113559890622,0.7168880879847519,0.8872265767925867,7.562409034100881e-05,151373,45779,1533,383
rate,20260920,4,baseline_only,arousal,0.041409714936825395,0.12028206962824291,0.7706916527337144,0.9495371153734778,0.010726832393917585,151373,45779,1533,383
rate,20260920,4,baseline_only,dominance,0.014317228099764281,0.06107283974820215,0.5893355368999262,0.7583497995394567,-0.001903188119666721,151373,45779,1533,383
rate,20260920,4,relative_plus_baseline,valence,0.002421475565681892,0.027073905273178222,0.7169634977642564,0.8871348362386984,0.00028240074873975285,151373,45779,1533,383
rate,20260920,4,relative_plus_baseline,arousal,0.05053112100592828,0.13926650585553202,0.7679298524457179,0.9467649115243449,0.016494829197920002,151373,45779,1533,383
rate,20260920,4,relative_plus_baseline,dominance,0.021882537464326588,0.08499498247177324,0.5876771002929153,0.7566209612125908,0.0026597569311621605,151373,45779,1533,383
rate,20260921,0,absolute,valence,-1.7239341772863458e-05,-0.0020489279725909373,0.7060842406492206,0.8698927114078545,-8.956984628616382e-05,158383,38769,1532,384
rate,20260921,0,absolute,arousal,0.03093901526542978,0.13023985094219592,0.7441901066192969,0.9171363644574129,0.015172176928757386,158383,38769,1532,384
rate,20260921,0,absolute,dominance,0.01937148174766827,0.10722451662332519,0.5741476851571933,0.7347816515913842,0.010143057003169198,158383,38769,1532,384
rate,20260921,0,relative,valence,0.0007353427670098266,0.019565371933271243,0.7059859676272751,0.8697096930203062,0.00033120739108749575,158383,38769,1532,384
rate,20260921,0,relative,arousal,0.00922698602331608,0.08645656204604275,0.7503367457199424,0.9218652403049029,0.0049901907568449255,158383,38769,1532,384
rate,20260921,0,relative,dominance,0.007991404854559927,0.08285729067080086,0.5766922238007202,0.7367758036003691,0.004762945067213531,158383,38769,1532,384
rate,20260921,0,baseline_only,valence,0.00342402289127732,0.058622269605604585,0.7044209820467364,0.8687424382766885,0.002553550541831484,158383,38769,1532,384
rate,20260921,0,baseline_only,arousal,0.042814027899112615,0.1421197284740684,0.7434652669757854,0.9161874199469521,0.017209089896517815,158383,38769,1532,384
rate,20260921,0,baseline_only,dominance,0.01702113336661515,0.08553439891234266,0.5758834561189128,0.7365246933386337,0.0054412291472581975,158383,38769,1532,384
rate,20260921,0,relative_plus_baseline,valence,0.00402432193072975,0.060422242706261245,0.7044384814140751,0.8685920960465804,0.002898751469808003,158383,38769,1532,384
rate,20260921,0,relative_plus_baseline,arousal,0.05357583954321213,0.16351773393946314,0.7402632136798487,0.9130644998979731,0.023897561196729034,158383,38769,1532,384
rate,20260921,0,relative_plus_baseline,dominance,0.026049615789462643,0.11386079958025004,0.5735033540384651,0.7343419993420355,0.011327252697368007,158383,38769,1532,384
rate,20260921,1,absolute,valence,2.561596266740047e-05,0.0059766840104047364,0.7197753792343253,0.8866098382963606,-0.0009122976733979549,153835,43317,1533,383
rate,20260921,1,absolute,arousal,0.029969166979885695,0.1260128149387507,0.7453842268122368,0.9153729559420734,0.014809844825891871,153835,43317,1533,383
rate,20260921,1,absolute,dominance,0.018204380230120307,0.09607858877263042,0.5642287539189237,0.7190935513641562,0.007350822188938566,153835,43317,1533,383
rate,20260921,1,relative,valence,0.0007287387659059178,0.020531746250976066,0.7196983561912234,0.8864370221378624,-0.0005221441854552644,153835,43317,1533,383
rate,20260921,1,relative,arousal,0.007136708430992971,0.06057447884991322,0.7521849782209696,0.920957888798994,0.0027513585322815892,153835,43317,1533,383
rate,20260921,1,relative,dominance,0.006177682057407331,0.055579813763060266,0.5670840396637107,0.7212669837057832,0.0013412668645055303,153835,43317,1533,383
rate,20260921,1,baseline_only,valence,0.002611661279852318,0.031731922428523573,0.7182798132003548,0.8861735966730346,7.242450328170946e-05,153835,43317,1533,383
rate,20260921,1,baseline_only,arousal,0.059707528634694904,0.16983938598303777,0.7404113089103515,0.9095167712043153,0.027375215466194813,153835,43317,1533,383
rate,20260921,1,baseline_only,dominance,0.025673778813465425,0.10832614627805524,0.5631318563822068,0.7183187514580702,0.009488764173687492,153835,43317,1533,383
rate,20260921,1,relative_plus_baseline,valence,0.0032477125851200703,0.03665192422471782,0.7182732333335804,0.8860137051120992,0.00043322414335933424,153835,43317,1533,383
rate,20260921,1,relative_plus_baseline,arousal,0.06782538198438003,0.18245600018913832,0.7376490906400968,0.9074351311759312,0.03182227527257264,153835,43317,1533,383
rate,20260921,1,relative_plus_baseline,dominance,0.0325565130550298,0.12354513914082998,0.5616469783051075,0.7170396453606321,0.01301321878819095,153835,43317,1533,383
rate,20260921,2,absolute,valence,-0.0003714116570770995,-0.03568783286948156,0.7055909680339756,0.8728816258978424,-0.0004120132506673091,161886,35266,1533,383
rate,20260921,2,absolute,arousal,0.02679872296256577,0.11515720988901433,0.7668486446335019,0.9404489749244944,0.011765400625120548,161886,35266,1533,383
rate,20260921,2,absolute,dominance,0.016013017153652494,0.08830317278560153,0.5866409700860598,0.7507117898080594,0.007249669318588836,161886,35266,1533,383
rate,20260921,2,relative,valence,0.0010864872255697943,0.0460094044971538,0.7052383199744687,0.8722943606956365,0.0009336664191339494,161886,35266,1533,383
rate,20260921,2,relative,arousal,0.005702043494067538,0.047739683648371965,0.7714343779187369,0.9458046727188381,0.00047769341092240847,161886,35266,1533,383
rate,20260921,2,relative,dominance,0.005475238474045217,0.051258601513455015,0.588707763089918,0.752691985838105,0.002005491737237075,161886,35266,1533,383
rate,20260921,2,baseline_only,valence,0.0015884668517152669,0.01699155955294787,0.7047512942875218,0.8729657259950921,-0.0006047972392420053,161886,35266,1533,383
rate,20260921,2,baseline_only,arousal,0.058052307549204867,0.16980745237761125,0.7618473511882321,0.9327976646900289,0.027780157647560033,161886,35266,1533,383
rate,20260921,2,baseline_only,dominance,0.022574147458380895,0.09753293132740037,0.5868792608470915,0.7501392274714194,0.008763418523390243,161886,35266,1533,383
rate,20260921,2,relative_plus_baseline,valence,0.0025406859017891048,0.02643915390395389,0.7045128134121822,0.8726036133455357,0.00022514715507482297,161886,35266,1533,383
rate,20260921,2,relative_plus_baseline,arousal,0.06455244725324207,0.1787248949137124,0.7603908629416497,0.9313268945172846,0.030843597248560783,161886,35266,1533,383
rate,20260921,2,relative_plus_baseline,dominance,0.02861616714788386,0.11225441543933098,0.5854806951276652,0.7489390174774319,0.011932804323907309,161886,35266,1533,383
rate,20260921,3,absolute,valence,1.328062191503453e-05,0.002283896021263724,0.7236450942603526,0.8992717397830065,1.2376659812574076e-06,160394,36758,1533,383
rate,20260921,3,absolute,arousal,0.02438889266064985,0.09937146107409134,0.7613461926624687,0.9357409753054068,0.005869797055616188,160394,36758,1533,383
rate,20260921,3,absolute,dominance,0.01481205268418528,0.07887734547790753,0.5908347596831568,0.7542048629702678,0.00497143841725145,160394,36758,1533,383
rate,20260921,3,relative,valence,0.0003314271388425953,0.007889494310645407,0.7237111572701607,0.8993234049144622,-0.00011366987389038741,160394,36758,1533,383
rate,20260921,3,relative,arousal,0.005376843966345418,0.04253022751871177,0.7666299960237806,0.9396104041821063,-0.002368956166506342,160394,36758,1533,383
rate,20260921,3,relative,dominance,0.00455112460978718,0.039476827298101855,0.5936362845988921,0.756062198429545,6.460865122615012e-05,160394,36758,1533,383
rate,20260921,3,baseline_only,valence,0.001139637991375962,0.012887594763736946,0.7235376799166175,0.8996512724449373,-0.0008430283442431019,160394,36758,1533,383
rate,20260921,3,baseline_only,arousal,0.05081278397619664,0.14940985034788548,0.7562792094670092,0.9294966299749973,0.01909349892376022,160394,36758,1533,383
rate,20260921,3,baseline_only,dominance,0.022727396878696057,0.1050940390817484,0.5892499705803462,0.7521915119720997,0.010276808042975594,160394,36758,1533,383
rate,20260921,3,relative_plus_baseline,valence,0.0014345767925813674,0.014698392715599131,0.7236712644385808,0.8997111853083123,-0.0009763363717056883,160394,36758,1533,383
rate,20260921,3,relative_plus_baseline,arousal,0.056858008720326085,0.157575507584496,0.7541956754941034,0.9283803911258005,0.021448038911580203,160394,36758,1533,383
rate,20260921,3,relative_plus_baseline,dominance,0.027785208131165022,0.11374149293884472,0.5878431758185868,0.7514996926851236,0.012096543323890208,160394,36758,1533,383
rate,20260921,4,absolute,valence,-0.0005492424178878719,-0.027346117852656723,0.7187266236835299,0.8824517952066837,-0.0014834990649215118,154110,43042,1533,383
rate,20260921,4,absolute,arousal,0.02881354546322149,0.12783297759756915,0.7714864451396585,0.9434378674458358,0.016051440664410888,154110,43042,1533,383
rate,20260921,4,absolute,dominance,0.01690812981758726,0.09395105383267334,0.5871300573719036,0.7450036287108428,0.00848979268224026,154110,43042,1533,383
rate,20260921,4,relative,valence,-1.404300107141647e-05,-0.0003019712867365225,0.7186192197675433,0.8824177452219296,-0.001406214752815771,154110,43042,1533,383
rate,20260921,4,relative,arousal,0.006710515036180007,0.05784284666686945,0.777869093376611,0.9495891346577763,0.00317881356709504,154110,43042,1533,383
rate,20260921,4,relative,dominance,0.004982566314472333,0.04397107450668214,0.5901877065397871,0.7476791352787632,0.0013554502144704772,154110,43042,1533,383
rate,20260921,4,baseline_only,valence,0.003962405067654633,0.0744093896383476,0.7165543682905668,0.8807832382117982,0.0023001693383438715,154110,43042,1533,383
rate,20260921,4,baseline_only,arousal,0.05588935898105853,0.20133083654595793,0.7625344657329216,0.9333620265403282,0.03695619451690635,154110,43042,1533,383
rate,20260921,4,baseline_only,dominance,0.025655306109822536,0.1441797452164557,0.5841095298888275,0.7415624936359912,0.01762811274883569,154110,43042,1533,383
rate,20260921,4,relative_plus_baseline,valence,0.003842328393764048,0.05531985986488514,0.7168584066398197,0.8810566762197682,0.0016806039583084909,154110,43042,1533,383
rate,20260921,4,relative_plus_baseline,arousal,0.06365661189943654,0.2102022637734735,0.7603401555409651,0.9313344350361625,0.0411357913939735,154110,43042,1533,383
rate,20260921,4,relative_plus_baseline,dominance,0.03135287912651554,0.14694126433779375,0.582884910031195,0.7407128588248144,0.01987790076163176,154110,43042,1533,383
rate,20260922,0,absolute,valence,-0.0001423701339647674,-0.01080155659643513,0.7166822173166008,0.8829643052649554,-0.002603546658642042,153759,43393,1532,384
rate,20260922,0,absolute,arousal,0.02815389999079452,0.11169735767784421,0.7364690709516198,0.90364594279088,0.011766735503434766,153759,43393,1532,384
rate,20260922,0,absolute,dominance,0.01568484931484841,0.07949035304045625,0.5694123269770963,0.7288120528225198,0.005007395253169289,153759,43393,1532,384
rate,20260922,0,relative,valence,0.0008798854698635456,0.026754186970504034,0.716442291642015,0.8826080770523008,-0.0017947175342338806,153759,43393,1532,384
rate,20260922,0,relative,arousal,0.005537850500736779,0.04254238706231001,0.7420994572995687,0.9085744035713678,0.0009577441535261189,153759,43393,1532,384
rate,20260922,0,relative,dominance,0.005378648591473068,0.04674526829281067,0.5717147520671298,0.7301736000682838,0.0012862853455929413,153759,43393,1532,384
rate,20260922,0,baseline_only,valence,0.004476538538445649,0.08366369375854593,0.714489127586784,0.881157488023007,0.0014955271056793507,153759,43393,1532,384
rate,20260922,0,baseline_only,arousal,0.06417795755778749,0.17011728305995805,0.7284397714315172,0.8964246365770583,0.0274981638837144,153759,43393,1532,384
rate,20260922,0,baseline_only,dominance,0.02227007772964663,0.08520419480053391,0.5689192187052488,0.7292619221688218,0.0037786701799820133,153759,43393,1532,384
rate,20260922,0,relative_plus_baseline,valence,0.00522362496817386,0.08375921262887295,0.7144943704098501,0.8809425297619243,0.0019826377704242892,153759,43393,1532,384
rate,20260922,0,relative_plus_baseline,arousal,0.0704764692534337,0.17721646955590975,0.7270222189624129,0.8954087984982628,0.02970101419499105,153759,43393,1532,384
rate,20260922,0,relative_plus_baseline,dominance,0.02817333057465847,0.09869601551243498,0.5676692872984195,0.7283334743217609,0.006313701106361869,153759,43393,1532,384
rate,20260922,1,absolute,valence,-1.4932671533181355e-06,-0.014358779816243032,0.7058377158888588,0.874768520617652,-0.0006169730042608901,159449,37703,1533,383
rate,20260922,1,absolute,arousal,0.028334055770925133,0.12250149594975925,0.7543704280286532,0.9304625012958889,0.010121939926815204,159449,37703,1533,383
rate,20260922,1,absolute,dominance,0.017050361345109174,0.09368039630451648,0.5755563287307724,0.7370490837798881,0.0040612461407691924,159449,37703,1533,383
rate,20260922,1,relative,valence,0.0008375463067333165,0.024533052561650646,0.7057434026484061,0.8745316661275423,-7.518730458588863e-05,159449,37703,1533,383
rate,20260922,1,relative,arousal,0.007045722803642296,0.06126177362393216,0.7605733513915429,0.9358546171955024,-0.0013841723106513548,159449,37703,1533,383
rate,20260922,1,relative,dominance,0.006142030526878705,0.057529051098283025,0.5777291618102969,0.7391513081081134,-0.0016281239401776393,159449,37703,1533,383
rate,20260922,1,baseline_only,valence,0.001824964993405368,0.02179542340036932,0.7051030786839796,0.8747840049212214,-0.0006523972193082095,159449,37703,1533,383
rate,20260922,1,baseline_only,arousal,0.053577210410615965,0.1658253642381569,0.7503344289615783,0.9241465677161045,0.023514816959732565,159449,37703,1533,383
rate,20260922,1,baseline_only,dominance,0.0219236289387368,0.1014082530599125,0.5745125231222881,0.7363101353433638,0.006057255576983445,159449,37703,1533,383
rate,20260922,1,relative_plus_baseline,valence,0.0025708469450390417,0.028704348978938025,0.7050398288832191,0.8745703504575889,-0.00016366459081296192,159449,37703,1533,383
rate,20260922,1,relative_plus_baseline,arousal,0.0615768776211747,0.1791475163658386,0.747567513063605,0.9219908966418239,0.028065016874070814,159449,37703,1533,383
rate,20260922,1,relative_plus_baseline,dominance,0.028725862769594976,0.11842755051245492,0.573144149906175,0.7349220723930942,0.009801206926440043,159449,37703,1533,383
rate,20260922,2,absolute,valence,-4.349000605513919e-05,-0.018631659620522642,0.7258008770621753,0.8935670332131571,-0.0006634651208239362,158522,38630,1533,383
rate,20260922,2,absolute,arousal,0.02978195644834,0.1313368395454525,0.7676570188284051,0.9437722566970835,0.013661219823729698,158522,38630,1533,383
rate,20260922,2,absolute,dominance,0.016707533056649286,0.09305907804280791,0.5888631291092243,0.7576200259910997,0.0067408350497502045,158522,38630,1533,383
rate,20260922,2,relative,valence,0.0009424217125063351,0.03136671062276365,0.7254927676521077,0.8932212771796021,0.00011077672140757944,158522,38630,1533,383
rate,20260922,2,relative,arousal,0.008337328879654621,0.078926158394419,0.7739544742895932,0.949151847869504,0.0023847238440565244,158522,38630,1533,383
rate,20260922,2,relative,dominance,0.005811563554328222,0.054763009119303124,0.5916650094796626,0.7597342802012904,0.0011894174853153139,158522,38630,1533,383
rate,20260922,2,baseline_only,valence,0.002114742747850695,0.029071082204418675,0.7246554916558916,0.893153187797787,0.0002632120606230748,158522,38630,1533,383
rate,20260922,2,baseline_only,arousal,0.047493132963228366,0.15451948509230723,0.7659216334340047,0.9409427784175592,0.019566544158176824,158522,38630,1533,383
rate,20260922,2,baseline_only,dominance,0.021927274351841827,0.11241878260130171,0.5880995309463011,0.7563411688143977,0.010091233647281816,158522,38630,1533,383
rate,20260922,2,relative_plus_baseline,valence,0.0029397935794178067,0.03798917587306812,0.7244123014258701,0.8928578726389222,0.0009242153985506985,158522,38630,1533,383
rate,20260922,2,relative_plus_baseline,arousal,0.05702685275986221,0.17371596841055878,0.7625183434283664,0.9378607957420226,0.025978688150383622,158522,38630,1533,383
rate,20260922,2,relative_plus_baseline,dominance,0.02847286784080915,0.12613034471772167,0.5864392786237687,0.755037995302111,0.013499514418714775,158522,38630,1533,383
rate,20260922,3,absolute,valence,-0.00020839600854074452,-0.014405870614519206,0.7044623996065099,0.8719959375494813,-0.000498183087678683,161098,36054,1533,383
rate,20260922,3,absolute,arousal,0.027084572803271183,0.11474225294130054,0.7648228399406698,0.9394612170901827,0.012833230513931038,161098,36054,1533,383
rate,20260922,3,absolute,dominance,0.017774781237703426,0.09936505641900562,0.5856566486005588,0.7473242192370922,0.009339203106241256,161098,36054,1533,383
rate,20260922,3,relative,valence,-0.0002584535256196346,-0.00517433309848563,0.7047047908990534,0.8722757550719371,-0.0011403921367925118,161098,36054,1533,383
rate,20260922,3,relative,arousal,0.0070595406356618795,0.06080259731122722,0.7699324990666085,0.9439463189929632,0.0033850227738507765,161098,36054,1533,383
rate,20260922,3,relative,dominance,0.006542166354619578,0.06279117030776073,0.5883341822909247,0.7495712513642371,0.003372868319849953,161098,36054,1533,383
rate,20260922,3,baseline_only,valence,0.00195738887091806,0.02626310791678703,0.7036264413665545,0.8716516559903456,0.00029169461943090447,161098,36054,1533,383
rate,20260922,3,baseline_only,arousal,0.04747244823246827,0.15859694315732956,0.7607909951651222,0.9336468600272197,0.02501463460431208,161098,36054,1533,383
rate,20260922,3,baseline_only,dominance,0.021413540015126853,0.1111651682902489,0.5851580063229269,0.7463609841610102,0.011891306298868476,161098,36054,1533,383
rate,20260922,3,relative_plus_baseline,valence,0.0016710205742015553,0.019116615253783404,0.7040383974170907,0.8720149179423832,-0.0005417384632648847,161098,36054,1533,383
rate,20260922,3,relative_plus_baseline,arousal,0.055610749750713666,0.17099505789178826,0.7586538903767186,0.9317008579432047,0.029074726993384092,161098,36054,1533,383
rate,20260922,3,relative_plus_baseline,dominance,0.028758871221742522,0.12877725763237244,0.5833200520827955,0.7448032517587738,0.016011571740914277,161098,36054,1533,383
rate,20260922,4,absolute,valence,2.3874139809553846e-05,0.006845732112144537,0.7210581469868933,0.8881545121519402,-0.001084985238095415,155780,41372,1533,383
rate,20260922,4,absolute,arousal,0.027606219220478966,0.1183848845336301,0.7661391779269049,0.9348744715777709,0.013835313653059012,155780,41372,1533,383
rate,20260922,4,absolute,dominance,0.017885397598666683,0.09857892019797193,0.5838873306445382,0.7337535171428501,0.008686069434454158,155780,41372,1533,383
rate,20260922,4,relative,valence,0.0005700344590770447,0.014916552547369509,0.7210305581347637,0.8880712781944989,-0.0008973594150576414,155780,41372,1533,383
rate,20260922,4,relative,arousal,0.006075461030642712,0.05054161221867534,0.7719794488912368,0.9403453965028403,0.0022593862040943824,155780,41372,1533,383
rate,20260922,4,relative,dominance,0.005648888081477496,0.05088996245505763,0.5870197868012488,0.73638934178152,0.0015511862142447708,155780,41372,1533,383
rate,20260922,4,baseline_only,valence,0.001509350893936175,0.018509238987848994,0.7198794998686833,0.8882482832772677,-0.0012963849886258316,155780,41372,1533,383
rate,20260922,4,baseline_only,arousal,0.05670753672394826,0.184152306836255,0.7588195773238323,0.9257161248531369,0.033062279211560686,155780,41372,1533,383
rate,20260922,4,baseline_only,dominance,0.0263262815368151,0.13193953535744105,0.5826112703127155,0.731231942698737,0.015487745207008907,155780,41372,1533,383
rate,20260922,4,relative_plus_baseline,valence,0.00201492799639922,0.022637705147351504,0.7199262599904479,0.8881634279415415,-0.0011050842361381985,155780,41372,1533,383
rate,20260922,4,relative_plus_baseline,arousal,0.0637270174096444,0.1921141615900337,0.7568773515831778,0.9241651001952962,0.03629974652332135,155780,41372,1533,383
rate,20260922,4,relative_plus_baseline,dominance,0.03269739905915131,0.14207792719757226,0.5807766706680917,0.7300738145002832,0.018603824846105566,155780,41372,1533,383
all,20260920,0,absolute,valence,-0.00016461450976575526,-0.008195906123006073,0.7050916948398287,0.8728085685000124,-0.00038619157453401165,153572,42207,1528,383
all,20260920,0,absolute,arousal,0.45226478792015073,0.5274216859387518,0.6303906582109806,0.7895351091004369,0.2744285545025129,153572,42207,1528,383
all,20260920,0,absolute,dominance,0.3739664473516375,0.4727614500667554,0.5054952635197207,0.6540660595224461,0.22124026104282057,153572,42207,1528,383
all,20260920,0,relative,valence,0.004954752023524257,0.05007593207299261,0.7036820273006479,0.8715853648160601,0.0024158400606639763,153572,42207,1528,383
all,20260920,0,relative,arousal,0.3142390910089047,0.40756577114593223,0.6863416629269863,0.8492829646959253,0.160458604815234,153572,42207,1528,383
all,20260920,0,relative,dominance,0.2487371636034926,0.36122153897882686,0.5403904253490731,0.6921263271275567,0.1279708506311772,153572,42207,1528,383
all,20260920,0,baseline_only,valence,0.006493758285668156,0.06901011421685217,0.7021133943378228,0.8709125131092968,0.003955487565363569,153572,42207,1528,383
all,20260920,0,baseline_only,arousal,0.24717560283126,0.36050163234420135,0.6940273833154629,0.8653546115059474,0.12838335808397117,153572,42207,1528,383
all,20260920,0,baseline_only,dominance,0.19405409657595238,0.3141065010289233,0.5456404018463502,0.7042706253531725,0.09710049876034843,153572,42207,1528,383
all,20260920,0,relative_plus_baseline,valence,0.011539145129270997,0.08199945009812513,0.701078298276516,0.8698718508687352,0.006334432887140973,153572,42207,1528,383
all,20260920,0,relative_plus_baseline,arousal,0.48576910515479965,0.5551376839746075,0.6163079889720304,0.7724326958370167,0.30552185066237825,153572,42207,1528,383
all,20260920,0,relative_plus_baseline,dominance,0.389821794232151,0.4867007552592784,0.5004750922124697,0.6482154373683766,0.23510996480415947,153572,42207,1528,383
all,20260920,1,absolute,valence,-2.8511813205338907e-06,-0.00014119015911657492,0.7291132896429556,0.8980141072653577,-0.003906323737376871,160726,35053,1529,382
all,20260920,1,absolute,arousal,0.46754290321506864,0.5556988295713026,0.6292646036905765,0.7878103595764202,0.3073923972460625,160726,35053,1529,382
all,20260920,1,absolute,dominance,0.37611774980382895,0.4877235847352393,0.5066562903783122,0.6578511688378451,0.23727417908669857,160726,35053,1529,382
all,20260920,1,relative,valence,0.003578786079066332,0.033628872206893895,0.7276995669922244,0.8976582066006454,-0.0031107457518559922,160726,35053,1529,382
all,20260920,1,relative,arousal,0.34493559342022073,0.4611804622899628,0.6765184217112133,0.8401071927112058,0.21238625666989697,160726,35053,1529,382
all,20260920,1,relative,dominance,0.27208901350501996,0.40653301811210857,0.5355117723642283,0.6884158473257087,0.1647531121122463,160726,35053,1529,382
all,20260920,1,baseline_only,valence,0.0032378426753148174,0.028009808207086356,0.7284652232733305,0.8978395339970138,-0.003516044404596297,160726,35053,1529,382
all,20260920,1,baseline_only,arousal,0.21997271039929978,0.3604551812723587,0.7156434361638342,0.8834673717541337,0.12898645403514564,160726,35053,1529,382
all,20260920,1,baseline_only,dominance,0.16668992912190084,0.3132488738383148,0.5552146310035475,0.7156284944754239,0.09741440685329017,160726,35053,1529,382
all,20260920,1,relative_plus_baseline,valence,0.006962657795947634,0.04403937577423247,0.7271388313950755,0.8975193856267714,-0.0028005117629588128,160726,35053,1529,382
all,20260920,1,relative_plus_baseline,arousal,0.49654461104852277,0.5776647962867824,0.6161129193864461,0.7731978193177915,0.3328474955702,160726,35053,1529,382
all,20260920,1,relative_plus_baseline,dominance,0.3941287964463211,0.5031981364965167,0.5016731210755134,0.6511897057640947,0.25264283828090583,160726,35053,1529,382
all,20260920,2,absolute,valence,-4.762629839285476e-05,-0.0030361340458835077,0.7164575221359378,0.8824495399781135,-0.002245760447789902,155291,40488,1529,382
all,20260920,2,absolute,arousal,0.4760722999260512,0.5566528971790693,0.6122371183828312,0.7637998376686425,0.3092593960791523,155291,40488,1529,382
all,20260920,2,absolute,dominance,0.3997010563402993,0.49709499418980807,0.4811273338080432,0.6213581758968901,0.24672863888343677,155291,40488,1529,382
all,20260920,2,relative,valence,0.006636152602982097,0.07837789928567046,0.714778805498047,0.8802841100386707,0.002666996719966952,155291,40488,1529,382
all,20260920,2,relative,arousal,0.34844275737172553,0.46282993415459683,0.6547399089229076,0.8147003544040865,0.21412825789813839,155291,40488,1529,382
all,20260920,2,relative,dominance,0.27960655477939284,0.40412848528821477,0.5123760032263198,0.6548601887452912,0.16330995907521784,155291,40488,1529,382
all,20260920,2,baseline_only,valence,0.00409679860146199,0.039260194674809526,0.7151209260517446,0.8817841537692043,-0.000734899927132382,155291,40488,1529,382
all,20260920,2,baseline_only,arousal,0.23185318817890066,0.34961639042939596,0.6961672097190214,0.8615208893860298,0.12120518254043533,155291,40488,1529,382
all,20260920,2,baseline_only,dominance,0.18923681757811847,0.31739645294283286,0.5303903820870771,0.6789993978400861,0.10048957709194595,155291,40488,1529,382
all,20260920,2,relative_plus_baseline,valence,0.010660506661384959,0.08156026212527033,0.7135802774786961,0.8795733262337608,0.004276935928297143,155291,40488,1529,382
all,20260920,2,relative_plus_baseline,arousal,0.503147581398464,0.5753219710655547,0.6007022190406021,0.7521166261457736,0.33022915182141066,155291,40488,1529,382
all,20260920,2,relative_plus_baseline,dominance,0.41376606157706247,0.506768110695494,0.47798647821320284,0.6173624375974749,0.2563855408556712,155291,40488,1529,382
all,20260920,3,absolute,valence,-0.00016943298768160392,-0.007845782989814826,0.7190254626876296,0.8847223345818889,-0.0020102205208025747,157647,38132,1529,382
all,20260920,3,absolute,arousal,0.4408461658581491,0.5290627195550777,0.6218007031281283,0.7879234396391148,0.27968214583342976,157647,38132,1529,382
all,20260920,3,absolute,dominance,0.33539230321600655,0.44601871184903946,0.5127125770278624,0.678386990081481,0.19805365171724099,157647,38132,1529,382
all,20260920,3,relative,valence,0.002741388719298312,0.027491774562723538,0.7183752147802788,0.8844158747306524,-0.001316166110840955,157647,38132,1529,382
all,20260920,3,relative,arousal,0.33123660149180145,0.454136210579907,0.6599258323879366,0.8273776517681813,0.20573813550898445,157647,38132,1529,382
all,20260920,3,relative,dominance,0.23723543373450767,0.3722162507592117,0.5391427666218941,0.7031936236572351,0.13833165005059866,157647,38132,1529,382
all,20260920,3,baseline_only,valence,0.004200898711458889,0.04222694218038914,0.7165551966773455,0.8838612632929256,-6.072217574182304e-05,157647,38132,1529,382
all,20260920,3,baseline_only,arousal,0.20933084786928266,0.33602867237564127,0.7012455289362747,0.8744863899071448,0.1127168209736017,157647,38132,1529,382
all,20260920,3,baseline_only,dominance,0.15332450488419677,0.2846986873647338,0.5580679317286605,0.726284832383972,0.08081221995004262,157647,38132,1529,382
all,20260920,3,relative_plus_baseline,valence,0.006913208441487589,0.049207175934380586,0.7163002656107877,0.8836777509687248,0.0003545113524012766,157647,38132,1529,382
all,20260920,3,relative_plus_baseline,arousal,0.47431411403633383,0.5545755947283681,0.6080061515457287,0.7728598662330376,0.3069610398334872,157647,38132,1529,382
all,20260920,3,relative_plus_baseline,dominance,0.35092898122175303,0.4574775377981253,0.5081592760311588,0.6741597991886363,0.20801675083952498,157647,38132,1529,382
all,20260920,4,absolute,valence,3.0758477565647095e-05,0.0015966488359292774,0.7064740173101994,0.8753964501749222,-0.0002898544847211859,155880,39899,1529,382
all,20260920,4,absolute,arousal,0.47493499746466145,0.5751434720955774,0.6262899030112044,0.781438357865346,0.3282865665453252,155880,39899,1529,382
all,20260920,4,absolute,dominance,0.3769899139387226,0.4902842009351892,0.49918347378658456,0.6458264481237621,0.2397775489462768,155880,39899,1529,382
all,20260920,4,relative,valence,0.004047862266713192,0.04166010068595898,0.7050822197470913,0.8746200438835229,0.0014837120663035996,155880,39899,1529,382
all,20260920,4,relative,arousal,0.3229325640965063,0.44865134265580153,0.6856028721454562,0.8530184144159065,0.19959204510188344,155880,39899,1529,382
all,20260920,4,relative,dominance,0.24997615104327778,0.3787951688139105,0.53428532486824,0.685711856926519,0.14297723842199883,155880,39899,1529,382
all,20260920,4,baseline_only,valence,0.006038162289013868,0.06328207143917342,0.7039460182735957,0.8736794454777228,0.003630239140802627,155880,39899,1529,382
all,20260920,4,baseline_only,arousal,0.26243269929845237,0.40919663033504894,0.7043713461567283,0.8711131453138521,0.16527442885664312,155880,39899,1529,382
all,20260920,4,baseline_only,dominance,0.19216777997681458,0.3359634381978356,0.5425213735749658,0.697853843766347,0.11235770397660794,155880,39899,1529,382
all,20260920,4,relative_plus_baseline,valence,0.009991604281410965,0.07381325272591245,0.7028427474032245,0.872950357977045,0.005292490975209896,155880,39899,1529,382
all,20260920,4,relative_plus_baseline,arousal,0.5141718619309457,0.6038466169654809,0.6079026797101584,0.7612515457871084,0.3625429065542368,155880,39899,1529,382
all,20260920,4,relative_plus_baseline,dominance,0.3947752756750011,0.5018444674026933,0.49504562050450435,0.6407971900508199,0.25157164026503487,155880,39899,1529,382
all,20260921,0,absolute,valence,-1.900231336207821e-05,-0.000920789604853691,0.7033216367609203,0.8722997212537372,-0.00028000536144245913,166490,29289,1528,383
all,20260921,0,absolute,arousal,0.47332716405076053,0.5534062877548753,0.6066333772830552,0.7596543636006577,0.3060325922993923,166490,29289,1528,383
all,20260921,0,absolute,dominance,0.3810248778957822,0.4849091976142408,0.4915033309761149,0.6395288912378023,0.2351220653112175,166490,29289,1528,383
all,20260921,0,relative,valence,0.002306372514627019,0.01999207560789702,0.7022208670145365,0.8726860776691184,-0.0011662837212982335,166490,29289,1528,383
all,20260921,0,relative,arousal,0.3379069713732298,0.43600974290883077,0.6583597292291608,0.8214555172863789,0.18852507903043159,166490,29289,1528,383
all,20260921,0,relative,dominance,0.263196146367284,0.3812146913412027,0.5251569885473073,0.6761783194856192,0.14494455238213755,166490,29289,1528,383
all,20260921,0,baseline_only,valence,0.004847632265020875,0.04545904386559099,0.7015322150104673,0.8713733799372497,0.001843367307967636,166490,29289,1528,383
all,20260921,0,baseline_only,arousal,0.24189454651928544,0.3622940486577606,0.6846652603257211,0.8501533162027145,0.13083644626745605,166490,29289,1528,383
all,20260921,0,baseline_only,dominance,0.18670763409195956,0.31674052844608624,0.5386828397733119,0.6936408149865022,0.10021018187503539,166490,29289,1528,383
all,20260921,0,relative_plus_baseline,valence,0.007246518998417958,0.04503313591125729,0.7005940076398691,0.8719135132689014,0.000605540272933025,166490,29289,1528,383
all,20260921,0,relative_plus_baseline,arousal,0.502436048228044,0.575265213327907,0.593899360501654,0.7460688943336352,0.3306321219620312,166490,29289,1528,383
all,20260921,0,relative_plus_baseline,dominance,0.3981140413057837,0.5000894781293334,0.4857778103085326,0.6332570853632035,0.2500506894556872,166490,29289,1528,383
all,20260921,1,absolute,valence,2.4980349560168302e-05,0.0015663620735689627,0.7090417913717442,0.8724374193772866,-0.0002904043793587885,153992,41787,1529,382
all,20260921,1,absolute,arousal,0.44203954063711515,0.5409042979108124,0.632968428048056,0.7882358058735751,0.2919220399744965,153992,41787,1529,382
all,20260921,1,absolute,dominance,0.3657793711997582,0.4817622190661539,0.49273993614039663,0.6366532925294328,0.23158892294093802,153992,41787,1529,382
all,20260921,1,relative,valence,0.0048190087319770715,0.04973564749245543,0.7077735681110375,0.8713427700459642,0.0022181544443964363,153992,41787,1529,382
all,20260921,1,relative,arousal,0.330588379236385,0.45334967787124575,0.67641295927593,0.8352721611387641,0.2048944724786973,153992,41787,1529,382
all,20260921,1,relative,dominance,0.2623920115872689,0.39178774881240763,0.5254467442225971,0.6683127260486488,0.15326580271338586,153992,41787,1529,382
all,20260921,1,baseline_only,valence,0.005573859095486998,0.05651968896267954,0.7065268307691592,0.8710632992405684,0.002858100483638437,153992,41787,1529,382
all,20260921,1,baseline_only,arousal,0.21443302384004356,0.3627188976272623,0.7073336134451629,0.8736392091870817,0.13017278280365396,153992,41787,1529,382
all,20260921,1,baseline_only,dominance,0.16585942797634115,0.31411845849878545,0.5390524361024659,0.689848742365133,0.09781543700762718,153992,41787,1529,382
all,20260921,1,relative_plus_baseline,valence,0.010351343012047773,0.07501013317422425,0.7056029090789475,0.8699948541948644,0.005302786006641136,153992,41787,1529,382
all,20260921,1,relative_plus_baseline,arousal,0.4826398919463589,0.5716720653532908,0.6153169479452885,0.7689027854846516,0.32623006638873386,153992,41787,1529,382
all,20260921,1,relative_plus_baseline,dominance,0.3855831988402987,0.4946306325620049,0.4888789515291573,0.6313158843180167,0.24441892581878055,153992,41787,1529,382
all,20260921,2,absolute,valence,-0.0003625340713929494,-0.019729989546058327,0.7283783162667321,0.89823772933356,-0.0006165633426111761,158850,36929,1529,382
all,20260921,2,absolute,arousal,0.4534645490215129,0.5354724162081205,0.6241811921186842,0.7861347532976541,0.2863782668508298,158850,36929,1529,382
all,20260921,2,absolute,dominance,0.3434210654705818,0.437106035970053,0.5088510210503716,0.6685976164056452,0.18867748731498923,158850,36929,1529,382
all,20260921,2,relative,valence,0.006136484767245192,0.07551982938484862,0.726535526948715,0.8960138539583263,0.0043319971713943195,158850,36929,1529,382
all,20260921,2,relative,arousal,0.34022746184691843,0.4529811392905261,0.6672457975943857,0.8297083727223926,0.2050770759784445,158850,36929,1529,382
all,20260921,2,relative,dominance,0.24933301192651558,0.3670454064893218,0.5319350187900178,0.69077781039673,0.13395464655651057,158850,36929,1529,382
all,20260921,2,baseline_only,valence,0.004840935438958178,0.05004932469924511,0.7264957431594548,0.8968903156568464,0.002383161947087875,158850,36929,1529,382
all,20260921,2,baseline_only,arousal,0.21239818150166617,0.3382256752703458,0.7041955596070371,0.8758722697209114,0.11415930120652262,158850,36929,1529,382
all,20260921,2,baseline_only,dominance,0.15325487216206837,0.2726730505935492,0.549338222909434,0.7146462934472786,0.07307163938321393,158850,36929,1529,382
all,20260921,2,relative_plus_baseline,valence,0.010933279870050612,0.08683877010593923,0.7248372551234654,0.8948672598503725,0.006878602031545444,158850,36929,1529,382
all,20260921,2,relative_plus_baseline,arousal,0.4847213725728642,0.560338710015347,0.6101515770485724,0.7709251583028266,0.31372447084466215,158850,36929,1529,382
all,20260921,2,relative_plus_baseline,dominance,0.35915719989140227,0.44968046883981927,0.5045549078729592,0.6639930936276331,0.19981389922473625,158850,36929,1529,382
all,20260921,3,absolute,valence,-0.001356331096086757,-0.03932603750788937,0.7227699532413691,0.8887483848113606,-0.00183519094560336,159268,36511,1529,382
all,20260921,3,absolute,arousal,0.49880236705505715,0.5775287810391977,0.6087254326214682,0.7653768948118482,0.3334631423835164,159268,36511,1529,382
all,20260921,3,absolute,dominance,0.40498721242956986,0.504273588066281,0.49436503022979916,0.6397910644444118,0.25429078479106737,159268,36511,1529,382
all,20260921,3,relative,valence,0.002500375097221935,0.024479444050370863,0.72169019311302,0.8880672940949956,-0.00030027014174671685,159268,36511,1529,382
all,20260921,3,relative,arousal,0.33175058832845,0.45557649505424747,0.6710535212176503,0.8349998260473369,0.20668394331800488,159268,36511,1529,382
all,20260921,3,relative,dominance,0.26469889252080386,0.406380295223538,0.5287734440493518,0.6775046034737584,0.16378554540231094,159268,36511,1529,382
all,20260921,3,baseline_only,valence,0.00354055783467861,0.03427663194041169,0.7205504828320075,0.8875997685341492,0.0007526744850538947,159268,36511,1529,382
all,20260921,3,baseline_only,arousal,0.2886310888380593,0.4111481270349718,0.6896154032795853,0.8546054138403298,0.16899286265512248,159268,36511,1529,382
all,20260921,3,baseline_only,dominance,0.21401205507074172,0.3418322479836398,0.5406432470372606,0.6963391993643139,0.116645843154223,159268,36511,1529,382
all,20260921,3,relative_plus_baseline,valence,0.0059707954044621045,0.041621555573998416,0.7204385409272203,0.8876333706311028,0.0006770155174293802,159268,36511,1529,382
all,20260921,3,relative_plus_baseline,arousal,0.5341450740398432,0.6028337308557098,0.5947563903375348,0.747990979850657,0.36340064275606476,159268,36511,1529,382
all,20260921,3,relative_plus_baseline,dominance,0.42239540668020203,0.5171365770922848,0.49020932202385287,0.6341418008833918,0.2674016559040975,159268,36511,1529,382
all,20260921,4,absolute,valence,-9.907888554191739e-05,-0.00484484044000515,0.7123501537654425,0.8811971635691332,-0.0002136697754320238,144516,51263,1529,382
all,20260921,4,absolute,arousal,0.44458506958423466,0.5347784839205281,0.6468374757605435,0.8095971487331515,0.2859808902572346,144516,51263,1529,382
all,20260921,4,absolute,dominance,0.3625018775786253,0.4799463690238644,0.5184249055825254,0.6739901722263296,0.2297616351432259,144516,51263,1529,382
all,20260921,4,relative,valence,0.005159046012486478,0.053717712739701176,0.7110120353964046,0.87984968765335,0.0028429296439720364,144516,51263,1529,382
all,20260921,4,relative,arousal,0.32188137543875955,0.435012097247382,0.6896103745764626,0.8628504411491983,0.18895874441256888,144516,51263,1529,382
all,20260921,4,relative,dominance,0.2472659911373731,0.3752404327906492,0.550500924470134,0.7119928645082675,0.14045364849615127,144516,51263,1529,382
all,20260921,4,baseline_only,valence,0.00495596347336905,0.045943198588330604,0.7104716111776646,0.880213340502776,0.002018484394904041,144516,51263,1529,382
all,20260921,4,baseline_only,arousal,0.21695331795409067,0.34761532900868425,0.7236001150327155,0.8983607957197474,0.12082875025663675,144516,51263,1529,382
all,20260921,4,baseline_only,dominance,0.172875999102656,0.31769115008589194,0.5639153513178703,0.7283841070190133,0.10042176133103231,144516,51263,1529,382
all,20260921,4,relative_plus_baseline,valence,0.010129899146792794,0.0704266336326068,0.7094009525277074,0.8789284479009312,0.004929967528204182,144516,51263,1529,382
all,20260921,4,relative_plus_baseline,arousal,0.4732414670065675,0.5583760463025829,0.632891684719661,0.7948473581129264,0.3117608628493729,144516,51263,1529,382
all,20260921,4,relative_plus_baseline,dominance,0.3758383032339447,0.4906689258115131,0.5142192374025829,0.6694542533288373,0.2400940778342836,144516,51263,1529,382
all,20260922,0,absolute,valence,-0.0003560168622122719,-0.018203230448048828,0.7261872807999754,0.8917663268611993,-0.0005159386798632148,153981,41798,1528,383
all,20260922,0,absolute,arousal,0.43677860488153736,0.5313945354978907,0.6355488782037564,0.7912624235769254,0.28023062274086863,153981,41798,1528,383
all,20260922,0,absolute,dominance,0.35974006360094773,0.4734961914252716,0.5026126844972971,0.6450485592286584,0.22253114884132552,153981,41798,1528,383
all,20260922,0,relative,valence,0.003536101697180682,0.03534501962275427,0.7249182408036705,0.8910996664647132,0.000979419498791878,153981,41798,1528,383
all,20260922,0,relative,arousal,0.32857186032794033,0.4452456559927135,0.6765248701905809,0.8352272464420296,0.1980236001879192,153981,41798,1528,383
all,20260922,0,relative,dominance,0.25971304402733764,0.39187440710836285,0.5284711647694644,0.6731771579648262,0.15324665365947143,153981,41798,1528,383
all,20260922,0,baseline_only,valence,0.006257428611326689,0.06903796923407893,0.7240029668618344,0.8896910120775383,0.004135435516736119,153981,41798,1528,383
all,20260922,0,baseline_only,arousal,0.21095973993397416,0.319598506314373,0.7168478649226647,0.8872049932130242,0.09510073291361087,153981,41798,1528,383
all,20260922,0,baseline_only,dominance,0.16635965195416166,0.2853570209187689,0.5511053305123907,0.7025325268538537,0.0777873981440953,153981,41798,1528,383
all,20260922,0,relative_plus_baseline,valence,0.009744557206697226,0.07112695726639091,0.7230025123542227,0.8893066388593005,0.0049957363973072155,153981,41798,1528,383
all,20260922,0,relative_plus_baseline,arousal,0.4729154451065701,0.5551647491753456,0.6219346365171495,0.7771901951323463,0.30560448407169294,153981,41798,1528,383
all,20260922,0,relative_plus_baseline,dominance,0.37948918485157435,0.4877229056740654,0.49723654974809883,0.639373274384188,0.2361516636414026,153981,41798,1528,383
all,20260922,1,absolute,valence,-5.057648924997428e-05,-0.02312156793377798,0.7000745404922235,0.8663833874892791,-6.147757530583497e-05,160836,34943,1529,382
all,20260922,1,absolute,arousal,0.4681044759843086,0.5603874046924096,0.6148665994713276,0.7731570873227404,0.31322203596458953,160836,34943,1529,382
all,20260922,1,absolute,dominance,0.37168660373104956,0.4773981556406581,0.49269931320952254,0.6401834117003,0.2276452074697135,160836,34943,1529,382
all,20260922,1,relative,valence,0.0060995617058269965,0.07279916146889061,0.698658916890089,0.8644729609961929,0.004344048980186033,160836,34943,1529,382
all,20260922,1,relative,arousal,0.318162932160264,0.4427900761644366,0.6707196469022969,0.8368091031984107,0.1954858974926884,160836,34943,1529,382
all,20260922,1,relative,dominance,0.25296652336958914,0.38610717089513574,0.5222393175679686,0.672035224064789,0.14887747155065645,160836,34943,1529,382
all,20260922,1,baseline_only,valence,0.00413538981899921,0.03820916975950946,0.6985103094643017,0.8658360024576285,0.0012018101576523055,160836,34943,1529,382
all,20260922,1,baseline_only,arousal,0.2563786574454321,0.41260019364774614,0.6872204797738296,0.8523290557515959,0.1653671830006832,160836,34943,1529,382
all,20260922,1,baseline_only,dominance,0.18511101155188445,0.3337270405065213,0.5351464979102885,0.6872758845408532,0.10983559653873276,160836,34943,1529,382
all,20260922,1,relative_plus_baseline,valence,0.010096414106452038,0.07576539008730236,0.697251820494144,0.863900856022472,0.005661455680647465,160836,34943,1529,382
all,20260922,1,relative_plus_baseline,arousal,0.5037095311199253,0.5893126090178753,0.5997183651906728,0.754249140051824,0.34640229779366216,160836,34943,1529,382
all,20260922,1,relative_plus_baseline,dominance,0.3914670806818354,0.4948319081861476,0.4872024104251212,0.633079154194874,0.2446920786083333,160836,34943,1529,382
all,20260922,2,absolute,valence,-0.0005064223461705569,-0.01755534426012293,0.711663497952296,0.8864621856830951,-0.0007354377448980376,148204,47575,1529,382
all,20260922,2,absolute,arousal,0.4513647675953315,0.5250931306288299,0.6326728348514237,0.7996250724315516,0.27195518199360813,148204,47575,1529,382
all,20260922,2,absolute,dominance,0.34514720142611427,0.4348206299149133,0.5123533326403591,0.6787167740096528,0.18401209444329192,148204,47575,1529,382
all,20260922,2,relative,valence,0.003124810500129308,0.029829211823715302,0.7106014719126148,0.885976539897227,0.0003607620215233531,148204,47575,1529,382
all,20260922,2,relative,arousal,0.3287619896373534,0.44061540007231026,0.672861252060071,0.8413088389536736,0.19407205970899977,148204,47575,1529,382
all,20260922,2,relative,dominance,0.2428931250686852,0.3630562873672556,0.5387880396606709,0.7003131655370846,0.1312573596714346,148204,47575,1529,382
all,20260922,2,baseline_only,valence,0.004054694723745085,0.03631816832608484,0.7094646191089395,0.8857791105925193,0.0008062277452284272,148204,47575,1529,382
all,20260922,2,baseline_only,arousal,0.23339643156147072,0.3473838758009497,0.704285730561042,0.8798316474626124,0.11857681947247256,148204,47575,1529,382
all,20260922,2,baseline_only,dominance,0.16546697917098438,0.2760100789140515,0.5539422918434787,0.7236858264195988,0.07230185026142433,148204,47575,1529,382
all,20260922,2,relative_plus_baseline,valence,0.00726399022703321,0.0469521914458802,0.7090281368859174,0.8856250915160305,0.0011536767211414167,148204,47575,1529,382
all,20260922,2,relative_plus_baseline,arousal,0.486647325871392,0.5547171683313642,0.6158890679741016,0.7809139071914886,0.3056289219672501,148204,47575,1529,382
all,20260922,2,relative_plus_baseline,dominance,0.3617290010753771,0.44944645483884593,0.5080028066670255,0.6728284243578064,0.19810922497582628,148204,47575,1529,382
all,20260922,3,absolute,valence,-1.60590024274384e-05,-0.0007302744178706377,0.7278017634037103,0.8915211318575103,-0.00021121311799010556,164120,31659,1529,382
all,20260922,3,absolute,arousal,0.47441798381843786,0.5615379718612048,0.612692486318106,0.7699306583869737,0.31501043361163283,164120,31659,1529,382
all,20260922,3,absolute,dominance,0.3945731484412085,0.5064447956048671,0.4919848673233959,0.6390054243945813,0.25502226156300056,164120,31659,1529,382
all,20260922,3,relative,valence,0.004910324045165358,0.0483438773888042,0.7264101498850748,0.8904084843019126,0.002283821637062977,164120,31659,1529,382
all,20260922,3,relative,arousal,0.35194751738433205,0.46251200515674057,0.6598931031666462,0.8247918481849597,0.21391510803865965,164120,31659,1529,382
all,20260922,3,relative,dominance,0.27488555687956906,0.39707289222198494,0.5282995795481462,0.6796068885675285,0.1573451006626615,164120,31659,1529,382
all,20260922,3,baseline_only,valence,0.005883352039899584,0.06327113646438857,0.7252443794750978,0.8898227622498841,0.0035960107500124794,164120,31659,1529,382
all,20260922,3,baseline_only,arousal,0.22740361305158097,0.36556950818790046,0.698903038438081,0.8660210257539676,0.13336225125196455,164120,31659,1529,382
all,20260922,3,baseline_only,dominance,0.18473882874080835,0.3346488058815212,0.540169953967832,0.6981827817070886,0.11065048188670146,164120,31659,1529,382
all,20260922,3,relative_plus_baseline,valence,0.010800954415964034,0.07717671084706897,0.7241734701306008,0.8888270175396,0.005824789130362662,164120,31659,1529,382
all,20260922,3,relative_plus_baseline,arousal,0.5070659369079784,0.58582348173811,0.5984503879616672,0.7540112345674784,0.3430438793544214,164120,31659,1529,382
all,20260922,3,relative_plus_baseline,dominance,0.40910572197709744,0.51353463540051,0.4894285468335956,0.6356190791815234,0.2628972096218435,164120,31659,1529,382
all,20260922,4,absolute,valence,-0.00038585360846825974,-0.014354597555264621,0.7097013342149112,0.8763969923700335,-0.0005667616585167679,155975,39804,1529,382
all,20260922,4,absolute,arousal,0.48307524635060645,0.5673225458214969,0.6239835113150054,0.7758170482192857,0.32177856312224384,155975,39804,1529,382
all,20260922,4,absolute,dominance,0.38889196693028727,0.5006739536264027,0.506275451602352,0.655810195803911,0.24996757532457392,155975,39804,1529,382
all,20260922,4,relative,valence,0.004747153247538495,0.047380177940071,0.7080285838878528,0.8751705507275194,0.0022316918220990356,155975,39804,1529,382
all,20260922,4,relative,arousal,0.3346674395514382,0.44096069970088153,0.6820154701611003,0.845704451053282,0.1940833880928614,155975,39804,1529,382
all,20260922,4,relative,dominance,0.25664426933392065,0.3835395637441055,0.543755531959424,0.6993985392843683,0.1469526227419078,155975,39804,1529,382
all,20260922,4,baseline_only,valence,0.0036232493078164818,0.03381136985697557,0.7080268855824756,0.8758473113850523,0.0006879666180884536,155975,39804,1529,382
all,20260922,4,baseline_only,arousal,0.24948798777567677,0.38591136237566526,0.703183746793357,0.8692945402190595,0.14849583035047842,155975,39804,1529,382
all,20260922,4,baseline_only,dominance,0.1931894239371861,0.3415914862251856,0.5517401615334745,0.7121665460446436,0.1155223809681748,155975,39804,1529,382
all,20260922,4,relative_plus_baseline,valence,0.008476138664442466,0.05876469628801233,0.7066173917896801,0.8747525145581737,0.003184657215658415,155975,39804,1529,382
all,20260922,4,relative_plus_baseline,arousal,0.5085353074159886,0.5864139806300155,0.6113884847694968,0.7633380573501111,0.34342142706439327,155975,39804,1529,382
all,20260922,4,relative_plus_baseline,dominance,0.40072900317333043,0.5100996833993203,0.5021373324719358,0.6518212550392272,0.25906391469603907,155975,39804,1529,382
