dataset,attribute,seed,fold,classifier,representation,emotion,speaker_balanced_f1
esd_english,pitch,20260920,0,logistic,absolute,angry,0.10835681351321959
esd_english,pitch,20260920,0,logistic,absolute,happy,0.15892945040337372
esd_english,pitch,20260920,0,logistic,absolute,neutral,0.3381408640294801
esd_english,pitch,20260920,0,logistic,absolute,sad,0.033310413689603975
esd_english,pitch,20260920,0,logistic,absolute,surprise,0.4275412187330036
esd_english,pitch,20260920,0,logistic,relative,angry,0.30858433492240084
esd_english,pitch,20260920,0,logistic,relative,happy,0.18490085329883424
esd_english,pitch,20260920,0,logistic,relative,neutral,0.5782052927933512
esd_english,pitch,20260920,0,logistic,relative,sad,0.3030770424693906
esd_english,pitch,20260920,0,logistic,relative,surprise,0.4847118494809338
esd_english,pitch,20260920,0,logistic,relative_plus_baseline,angry,0.3572495585420231
esd_english,pitch,20260920,0,logistic,relative_plus_baseline,happy,0.3008013477809426
esd_english,pitch,20260920,0,logistic,relative_plus_baseline,neutral,0.573543432650024
esd_english,pitch,20260920,0,logistic,relative_plus_baseline,sad,0.29961864322291576
esd_english,pitch,20260920,0,logistic,relative_plus_baseline,surprise,0.493480995305676
esd_english,pitch,20260920,0,hgb,absolute,angry,0.20364287525012909
esd_english,pitch,20260920,0,hgb,absolute,happy,0.20235346031494825
esd_english,pitch,20260920,0,hgb,absolute,neutral,0.28933109318168654
esd_english,pitch,20260920,0,hgb,absolute,sad,0.3803641501885382
esd_english,pitch,20260920,0,hgb,absolute,surprise,0.27658669162894445
esd_english,pitch,20260920,0,hgb,relative,angry,0.08897283773563093
esd_english,pitch,20260920,0,hgb,relative,happy,0.2698046540537665
esd_english,pitch,20260920,0,hgb,relative,neutral,0.6035880249477678
esd_english,pitch,20260920,0,hgb,relative,sad,0.2778918517594112
esd_english,pitch,20260920,0,hgb,relative,surprise,0.44613831355579425
esd_english,pitch,20260920,0,hgb,relative_plus_baseline,angry,0.3636978735454466
esd_english,pitch,20260920,0,hgb,relative_plus_baseline,happy,0.164303827739046
esd_english,pitch,20260920,0,hgb,relative_plus_baseline,neutral,0.4846670673230341
esd_english,pitch,20260920,0,hgb,relative_plus_baseline,sad,0.3788289607141498
esd_english,pitch,20260920,0,hgb,relative_plus_baseline,surprise,0.38335548830393684
esd_english,pitch,20260920,1,logistic,absolute,angry,0.20252896339615473
esd_english,pitch,20260920,1,logistic,absolute,happy,0.1895266491679828
esd_english,pitch,20260920,1,logistic,absolute,neutral,0.6025981676477696
esd_english,pitch,20260920,1,logistic,absolute,sad,0.08631542458509339
esd_english,pitch,20260920,1,logistic,absolute,surprise,0.5130985239783368
esd_english,pitch,20260920,1,logistic,relative,angry,0.17685746219283854
esd_english,pitch,20260920,1,logistic,relative,happy,0.1986728235073846
esd_english,pitch,20260920,1,logistic,relative,neutral,0.620660580435707
esd_english,pitch,20260920,1,logistic,relative,sad,0.23654819039167826
esd_english,pitch,20260920,1,logistic,relative,surprise,0.5113876893174005
esd_english,pitch,20260920,1,logistic,relative_plus_baseline,angry,0.23251187888991506
esd_english,pitch,20260920,1,logistic,relative_plus_baseline,happy,0.24509239204387684
esd_english,pitch,20260920,1,logistic,relative_plus_baseline,neutral,0.6173880134712426
esd_english,pitch,20260920,1,logistic,relative_plus_baseline,sad,0.2773177033644545
esd_english,pitch,20260920,1,logistic,relative_plus_baseline,surprise,0.5301688787633401
esd_english,pitch,20260920,1,hgb,absolute,angry,0.2264614322106328
esd_english,pitch,20260920,1,hgb,absolute,happy,0.28690887217626376
esd_english,pitch,20260920,1,hgb,absolute,neutral,0.2943145815996644
esd_english,pitch,20260920,1,hgb,absolute,sad,0.2962968086191621
esd_english,pitch,20260920,1,hgb,absolute,surprise,0.1220410616312196
esd_english,pitch,20260920,1,hgb,relative,angry,0.07362863695852713
esd_english,pitch,20260920,1,hgb,relative,happy,0.2049457661309268
esd_english,pitch,20260920,1,hgb,relative,neutral,0.6304178957837697
esd_english,pitch,20260920,1,hgb,relative,sad,0.1338146299205744
esd_english,pitch,20260920,1,hgb,relative,surprise,0.2984264256062741
esd_english,pitch,20260920,1,hgb,relative_plus_baseline,angry,0.10830732830042633
esd_english,pitch,20260920,1,hgb,relative_plus_baseline,happy,0.38802186973298824
esd_english,pitch,20260920,1,hgb,relative_plus_baseline,neutral,0.641075489766999
esd_english,pitch,20260920,1,hgb,relative_plus_baseline,sad,0.36573886326813304
esd_english,pitch,20260920,1,hgb,relative_plus_baseline,surprise,0.06516746355430462
esd_english,pitch,20260920,2,logistic,absolute,angry,0.21739143816538375
esd_english,pitch,20260920,2,logistic,absolute,happy,0.05458060747121921
esd_english,pitch,20260920,2,logistic,absolute,neutral,0.0
esd_english,pitch,20260920,2,logistic,absolute,sad,0.011089632719503577
esd_english,pitch,20260920,2,logistic,absolute,surprise,0.3491087706609983
esd_english,pitch,20260920,2,logistic,relative,angry,0.20516215755314196
esd_english,pitch,20260920,2,logistic,relative,happy,0.13775257616201697
esd_english,pitch,20260920,2,logistic,relative,neutral,0.5458660343149784
esd_english,pitch,20260920,2,logistic,relative,sad,0.3217928926212603
esd_english,pitch,20260920,2,logistic,relative,surprise,0.3771793589372355
esd_english,pitch,20260920,2,logistic,relative_plus_baseline,angry,0.24652866284763741
esd_english,pitch,20260920,2,logistic,relative_plus_baseline,happy,0.23328258937237623
esd_english,pitch,20260920,2,logistic,relative_plus_baseline,neutral,0.5435226928951504
esd_english,pitch,20260920,2,logistic,relative_plus_baseline,sad,0.2471359404564305
esd_english,pitch,20260920,2,logistic,relative_plus_baseline,surprise,0.5349920233529127
esd_english,pitch,20260920,2,hgb,absolute,angry,0.07138780392176362
esd_english,pitch,20260920,2,hgb,absolute,happy,0.2122006685029278
esd_english,pitch,20260920,2,hgb,absolute,neutral,0.016043601279069147
esd_english,pitch,20260920,2,hgb,absolute,sad,0.29080866902803704
esd_english,pitch,20260920,2,hgb,absolute,surprise,0.39843431460491696
esd_english,pitch,20260920,2,hgb,relative,angry,0.19101352538204852
esd_english,pitch,20260920,2,hgb,relative,happy,0.22134934899829029
esd_english,pitch,20260920,2,hgb,relative,neutral,0.47600654688892935
esd_english,pitch,20260920,2,hgb,relative,sad,0.15958186825228987
esd_english,pitch,20260920,2,hgb,relative,surprise,0.31404588784019294
esd_english,pitch,20260920,2,hgb,relative_plus_baseline,angry,0.2615111522729024
esd_english,pitch,20260920,2,hgb,relative_plus_baseline,happy,0.19788331789919308
esd_english,pitch,20260920,2,hgb,relative_plus_baseline,neutral,0.4538250901574149
esd_english,pitch,20260920,2,hgb,relative_plus_baseline,sad,0.1725781243327725
esd_english,pitch,20260920,2,hgb,relative_plus_baseline,surprise,0.46589060535090715
esd_english,pitch,20260920,3,logistic,absolute,angry,0.14089256000258063
esd_english,pitch,20260920,3,logistic,absolute,happy,0.09728673431040928
esd_english,pitch,20260920,3,logistic,absolute,neutral,0.42732121725922234
esd_english,pitch,20260920,3,logistic,absolute,sad,0.2713382458571473
esd_english,pitch,20260920,3,logistic,absolute,surprise,0.37256453132559686
esd_english,pitch,20260920,3,logistic,relative,angry,0.19522387203972694
esd_english,pitch,20260920,3,logistic,relative,happy,0.0997522252045161
esd_english,pitch,20260920,3,logistic,relative,neutral,0.46721253848217864
esd_english,pitch,20260920,3,logistic,relative,sad,0.17729865971831868
esd_english,pitch,20260920,3,logistic,relative,surprise,0.23899392577821774
esd_english,pitch,20260920,3,logistic,relative_plus_baseline,angry,0.1893500675031437
esd_english,pitch,20260920,3,logistic,relative_plus_baseline,happy,0.13428068884605987
esd_english,pitch,20260920,3,logistic,relative_plus_baseline,neutral,0.47599766908157143
esd_english,pitch,20260920,3,logistic,relative_plus_baseline,sad,0.17392475205248084
esd_english,pitch,20260920,3,logistic,relative_plus_baseline,surprise,0.26742282347362817
esd_english,pitch,20260920,3,hgb,absolute,angry,0.3165023824013763
esd_english,pitch,20260920,3,hgb,absolute,happy,0.28941949626194663
esd_english,pitch,20260920,3,hgb,absolute,neutral,0.19067544079685855
esd_english,pitch,20260920,3,hgb,absolute,sad,0.14221582155055046
esd_english,pitch,20260920,3,hgb,absolute,surprise,0.2350307835594442
esd_english,pitch,20260920,3,hgb,relative,angry,0.11040035969017571
esd_english,pitch,20260920,3,hgb,relative,happy,0.20204100158688296
esd_english,pitch,20260920,3,hgb,relative,neutral,0.4769738703895843
esd_english,pitch,20260920,3,hgb,relative,sad,0.30801921517249775
esd_english,pitch,20260920,3,hgb,relative,surprise,0.25573399931638496
esd_english,pitch,20260920,3,hgb,relative_plus_baseline,angry,0.199568147259338
esd_english,pitch,20260920,3,hgb,relative_plus_baseline,happy,0.2538275869391322
esd_english,pitch,20260920,3,hgb,relative_plus_baseline,neutral,0.46015366847791894
esd_english,pitch,20260920,3,hgb,relative_plus_baseline,sad,0.03604917798722544
esd_english,pitch,20260920,3,hgb,relative_plus_baseline,surprise,0.2862191643603361
esd_english,pitch,20260920,4,logistic,absolute,angry,0.06580259222333057
esd_english,pitch,20260920,4,logistic,absolute,happy,0.06607369758576954
esd_english,pitch,20260920,4,logistic,absolute,neutral,0.4474532559638801
esd_english,pitch,20260920,4,logistic,absolute,sad,0.0031250000000000327
esd_english,pitch,20260920,4,logistic,absolute,surprise,0.21078431372549225
esd_english,pitch,20260920,4,logistic,relative,angry,0.3110749185667785
esd_english,pitch,20260920,4,logistic,relative,happy,0.19314641744548416
esd_english,pitch,20260920,4,logistic,relative,neutral,0.49738766980146487
esd_english,pitch,20260920,4,logistic,relative,sad,0.13906678865507854
esd_english,pitch,20260920,4,logistic,relative,surprise,0.5363128491620153
esd_english,pitch,20260920,4,logistic,relative_plus_baseline,angry,0.33712984054670153
esd_english,pitch,20260920,4,logistic,relative_plus_baseline,happy,0.22302158273381412
esd_english,pitch,20260920,4,logistic,relative_plus_baseline,neutral,0.5087179487179493
esd_english,pitch,20260920,4,logistic,relative_plus_baseline,sad,0.12687813021702926
esd_english,pitch,20260920,4,logistic,relative_plus_baseline,surprise,0.5131112686038358
esd_english,pitch,20260920,4,hgb,absolute,angry,0.323615160349859
esd_english,pitch,20260920,4,hgb,absolute,happy,0.11633109619686922
esd_english,pitch,20260920,4,hgb,absolute,neutral,0.38276990185387505
esd_english,pitch,20260920,4,hgb,absolute,sad,0.36129032258064536
esd_english,pitch,20260920,4,hgb,absolute,surprise,0.03621169916434588
esd_english,pitch,20260920,4,hgb,relative,angry,0.07981220657277084
esd_english,pitch,20260920,4,hgb,relative,happy,0.30466185160867243
esd_english,pitch,20260920,4,hgb,relative,neutral,0.5278925619834713
esd_english,pitch,20260920,4,hgb,relative,sad,0.21582733812949748
esd_english,pitch,20260920,4,hgb,relative,surprise,0.37188498402556625
esd_english,pitch,20260920,4,hgb,relative_plus_baseline,angry,0.16557734204793167
esd_english,pitch,20260920,4,hgb,relative_plus_baseline,happy,0.28538147932440666
esd_english,pitch,20260920,4,hgb,relative_plus_baseline,neutral,0.5378704720087847
esd_english,pitch,20260920,4,hgb,relative_plus_baseline,sad,0.27655310621242946
esd_english,pitch,20260920,4,hgb,relative_plus_baseline,surprise,0.10831721470019427
esd_english,pitch,20260921,0,logistic,absolute,angry,0.08081040806543283
esd_english,pitch,20260921,0,logistic,absolute,happy,0.13268438594717546
esd_english,pitch,20260921,0,logistic,absolute,neutral,0.42768820570233107
esd_english,pitch,20260921,0,logistic,absolute,sad,0.24991753481283466
esd_english,pitch,20260921,0,logistic,absolute,surprise,0.3725192582576153
esd_english,pitch,20260921,0,logistic,relative,angry,0.25760710278968996
esd_english,pitch,20260921,0,logistic,relative,happy,0.11046402404658992
esd_english,pitch,20260921,0,logistic,relative,neutral,0.573665409465725
esd_english,pitch,20260921,0,logistic,relative,sad,0.26025330099703414
esd_english,pitch,20260921,0,logistic,relative,surprise,0.4372117704461694
esd_english,pitch,20260921,0,logistic,relative_plus_baseline,angry,0.23346989059566475
esd_english,pitch,20260921,0,logistic,relative_plus_baseline,happy,0.14712445490709009
esd_english,pitch,20260921,0,logistic,relative_plus_baseline,neutral,0.5788768631092271
esd_english,pitch,20260921,0,logistic,relative_plus_baseline,sad,0.24450158705590747
esd_english,pitch,20260921,0,logistic,relative_plus_baseline,surprise,0.45594548860945233
esd_english,pitch,20260921,0,hgb,absolute,angry,0.32837510697910594
esd_english,pitch,20260921,0,hgb,absolute,happy,0.3373061378649702
esd_english,pitch,20260921,0,hgb,absolute,neutral,0.14116466905342498
esd_english,pitch,20260921,0,hgb,absolute,sad,0.2551147040136253
esd_english,pitch,20260921,0,hgb,absolute,surprise,0.3297459980640206
esd_english,pitch,20260921,0,hgb,relative,angry,0.13607765753170073
esd_english,pitch,20260921,0,hgb,relative,happy,0.23759823940866565
esd_english,pitch,20260921,0,hgb,relative,neutral,0.5307308166564343
esd_english,pitch,20260921,0,hgb,relative,sad,0.12442172321311575
esd_english,pitch,20260921,0,hgb,relative,surprise,0.3866218689269496
esd_english,pitch,20260921,0,hgb,relative_plus_baseline,angry,0.2478160390916918
esd_english,pitch,20260921,0,hgb,relative_plus_baseline,happy,0.10119562144040041
esd_english,pitch,20260921,0,hgb,relative_plus_baseline,neutral,0.4736526436824763
esd_english,pitch,20260921,0,hgb,relative_plus_baseline,sad,0.1317304863183553
esd_english,pitch,20260921,0,hgb,relative_plus_baseline,surprise,0.38884102973363827
esd_english,pitch,20260921,1,logistic,absolute,angry,0.157097631411538
esd_english,pitch,20260921,1,logistic,absolute,happy,0.19218348306505328
esd_english,pitch,20260921,1,logistic,absolute,neutral,0.5588105268895172
esd_english,pitch,20260921,1,logistic,absolute,sad,0.07345287931083326
esd_english,pitch,20260921,1,logistic,absolute,surprise,0.4345660762039664
esd_english,pitch,20260921,1,logistic,relative,angry,0.3395706843411632
esd_english,pitch,20260921,1,logistic,relative,happy,0.2645124065699756
esd_english,pitch,20260921,1,logistic,relative,neutral,0.5933716135436465
esd_english,pitch,20260921,1,logistic,relative,sad,0.18431321377121712
esd_english,pitch,20260921,1,logistic,relative,surprise,0.4688574611734844
esd_english,pitch,20260921,1,logistic,relative_plus_baseline,angry,0.33342054989444586
esd_english,pitch,20260921,1,logistic,relative_plus_baseline,happy,0.24776961333116918
esd_english,pitch,20260921,1,logistic,relative_plus_baseline,neutral,0.5924103794341796
esd_english,pitch,20260921,1,logistic,relative_plus_baseline,sad,0.1898155269430793
esd_english,pitch,20260921,1,logistic,relative_plus_baseline,surprise,0.4621921965825169
esd_english,pitch,20260921,1,hgb,absolute,angry,0.3116034753010348
esd_english,pitch,20260921,1,hgb,absolute,happy,0.22078001800365485
esd_english,pitch,20260921,1,hgb,absolute,neutral,0.14791798351121127
esd_english,pitch,20260921,1,hgb,absolute,sad,0.2939371115408189
esd_english,pitch,20260921,1,hgb,absolute,surprise,0.17371755012983212
esd_english,pitch,20260921,1,hgb,relative,angry,0.13472641570395266
esd_english,pitch,20260921,1,hgb,relative,happy,0.29293741777221766
esd_english,pitch,20260921,1,hgb,relative,neutral,0.6346484018334411
esd_english,pitch,20260921,1,hgb,relative,sad,0.3248096194748366
esd_english,pitch,20260921,1,hgb,relative,surprise,0.37619311675586314
esd_english,pitch,20260921,1,hgb,relative_plus_baseline,angry,0.16274325078129798
esd_english,pitch,20260921,1,hgb,relative_plus_baseline,happy,0.32064718658369235
esd_english,pitch,20260921,1,hgb,relative_plus_baseline,neutral,0.6444908035330348
esd_english,pitch,20260921,1,hgb,relative_plus_baseline,sad,0.18160391304495233
esd_english,pitch,20260921,1,hgb,relative_plus_baseline,surprise,0.13390772397625877
esd_english,pitch,20260921,2,logistic,absolute,angry,0.19581734998700617
esd_english,pitch,20260921,2,logistic,absolute,happy,0.07533461204113925
esd_english,pitch,20260921,2,logistic,absolute,neutral,0.37735853817869347
esd_english,pitch,20260921,2,logistic,absolute,sad,0.09076760668157657
esd_english,pitch,20260921,2,logistic,absolute,surprise,0.42941473461029867
esd_english,pitch,20260921,2,logistic,relative,angry,0.1544397397697084
esd_english,pitch,20260921,2,logistic,relative,happy,0.11033312729329148
esd_english,pitch,20260921,2,logistic,relative,neutral,0.44845338975420307
esd_english,pitch,20260921,2,logistic,relative,sad,0.09914443983694658
esd_english,pitch,20260921,2,logistic,relative,surprise,0.48608667488879653
esd_english,pitch,20260921,2,logistic,relative_plus_baseline,angry,0.2076610101934407
esd_english,pitch,20260921,2,logistic,relative_plus_baseline,happy,0.1475469929196815
esd_english,pitch,20260921,2,logistic,relative_plus_baseline,neutral,0.4441468169122916
esd_english,pitch,20260921,2,logistic,relative_plus_baseline,sad,0.085310128507693
esd_english,pitch,20260921,2,logistic,relative_plus_baseline,surprise,0.48283925275459266
esd_english,pitch,20260921,2,hgb,absolute,angry,0.3404455372428625
esd_english,pitch,20260921,2,hgb,absolute,happy,0.21084921227123057
esd_english,pitch,20260921,2,hgb,absolute,neutral,0.2649786887900483
esd_english,pitch,20260921,2,hgb,absolute,sad,0.4906999598746477
esd_english,pitch,20260921,2,hgb,absolute,surprise,0.23494670274010826
esd_english,pitch,20260921,2,hgb,relative,angry,0.10848413818643869
esd_english,pitch,20260921,2,hgb,relative,happy,0.2819879920239058
esd_english,pitch,20260921,2,hgb,relative,neutral,0.47916742061936474
esd_english,pitch,20260921,2,hgb,relative,sad,0.1386903074563821
esd_english,pitch,20260921,2,hgb,relative,surprise,0.41512598659687583
esd_english,pitch,20260921,2,hgb,relative_plus_baseline,angry,0.07351320427719313
esd_english,pitch,20260921,2,hgb,relative_plus_baseline,happy,0.2973121051194409
esd_english,pitch,20260921,2,hgb,relative_plus_baseline,neutral,0.4711659720247875
esd_english,pitch,20260921,2,hgb,relative_plus_baseline,sad,0.3504671710162987
esd_english,pitch,20260921,2,hgb,relative_plus_baseline,surprise,0.26756847293783564
esd_english,pitch,20260921,3,logistic,absolute,angry,0.2587442651448171
esd_english,pitch,20260921,3,logistic,absolute,happy,0.1312749676732331
esd_english,pitch,20260921,3,logistic,absolute,neutral,0.3425581935135144
esd_english,pitch,20260921,3,logistic,absolute,sad,0.16526858168711014
esd_english,pitch,20260921,3,logistic,absolute,surprise,0.19256625097427765
esd_english,pitch,20260921,3,logistic,relative,angry,0.27491476947666915
esd_english,pitch,20260921,3,logistic,relative,happy,0.23099468473012957
esd_english,pitch,20260921,3,logistic,relative,neutral,0.5443252812037286
esd_english,pitch,20260921,3,logistic,relative,sad,0.2769829219400073
esd_english,pitch,20260921,3,logistic,relative,surprise,0.2020651430221372
esd_english,pitch,20260921,3,logistic,relative_plus_baseline,angry,0.31493857219496374
esd_english,pitch,20260921,3,logistic,relative_plus_baseline,happy,0.3186884177620151
esd_english,pitch,20260921,3,logistic,relative_plus_baseline,neutral,0.5316364413094165
esd_english,pitch,20260921,3,logistic,relative_plus_baseline,sad,0.2864464433059707
esd_english,pitch,20260921,3,logistic,relative_plus_baseline,surprise,0.12971849779125
esd_english,pitch,20260921,3,hgb,absolute,angry,0.23296880484628724
esd_english,pitch,20260921,3,hgb,absolute,happy,0.26186669962412196
esd_english,pitch,20260921,3,hgb,absolute,neutral,0.28745278649611256
esd_english,pitch,20260921,3,hgb,absolute,sad,0.4077877471738057
esd_english,pitch,20260921,3,hgb,absolute,surprise,0.08246309210355514
esd_english,pitch,20260921,3,hgb,relative,angry,0.13954130388617486
esd_english,pitch,20260921,3,hgb,relative,happy,0.23437554371262131
esd_english,pitch,20260921,3,hgb,relative,neutral,0.5385170102203964
esd_english,pitch,20260921,3,hgb,relative,sad,0.23961109038388084
esd_english,pitch,20260921,3,hgb,relative,surprise,0.24206855834471905
esd_english,pitch,20260921,3,hgb,relative_plus_baseline,angry,0.3184080348336104
esd_english,pitch,20260921,3,hgb,relative_plus_baseline,happy,0.2025809879011466
esd_english,pitch,20260921,3,hgb,relative_plus_baseline,neutral,0.4960958976825684
esd_english,pitch,20260921,3,hgb,relative_plus_baseline,sad,0.33281506112450465
esd_english,pitch,20260921,3,hgb,relative_plus_baseline,surprise,0.12643486705929854
esd_english,pitch,20260921,4,logistic,absolute,angry,0.20749386061576275
esd_english,pitch,20260921,4,logistic,absolute,happy,0.07909644194756525
esd_english,pitch,20260921,4,logistic,absolute,neutral,0.4434611330819683
esd_english,pitch,20260921,4,logistic,absolute,sad,0.025591735512935164
esd_english,pitch,20260921,4,logistic,absolute,surprise,0.4250226702367963
esd_english,pitch,20260921,4,logistic,relative,angry,0.22181558223366563
esd_english,pitch,20260921,4,logistic,relative,happy,0.19279724239697088
esd_english,pitch,20260921,4,logistic,relative,neutral,0.5635097509160474
esd_english,pitch,20260921,4,logistic,relative,sad,0.3504728727698722
esd_english,pitch,20260921,4,logistic,relative,surprise,0.6610250973006033
esd_english,pitch,20260921,4,logistic,relative_plus_baseline,angry,0.33207637042035254
esd_english,pitch,20260921,4,logistic,relative_plus_baseline,happy,0.23399359767849906
esd_english,pitch,20260921,4,logistic,relative_plus_baseline,neutral,0.5635858713364396
esd_english,pitch,20260921,4,logistic,relative_plus_baseline,sad,0.3056192945885998
esd_english,pitch,20260921,4,logistic,relative_plus_baseline,surprise,0.7192901262037393
esd_english,pitch,20260921,4,hgb,absolute,angry,0.2516335017887487
esd_english,pitch,20260921,4,hgb,absolute,happy,0.2539081868178844
esd_english,pitch,20260921,4,hgb,absolute,neutral,0.3607140573938464
esd_english,pitch,20260921,4,hgb,absolute,sad,0.20695190157678434
esd_english,pitch,20260921,4,hgb,absolute,surprise,0.501517690310276
esd_english,pitch,20260921,4,hgb,relative,angry,0.12701726028978766
esd_english,pitch,20260921,4,hgb,relative,happy,0.281669643447771
esd_english,pitch,20260921,4,hgb,relative,neutral,0.5048895609287353
esd_english,pitch,20260921,4,hgb,relative,sad,0.21739793834789456
esd_english,pitch,20260921,4,hgb,relative,surprise,0.3668108005629222
esd_english,pitch,20260921,4,hgb,relative_plus_baseline,angry,0.24399672978402417
esd_english,pitch,20260921,4,hgb,relative_plus_baseline,happy,0.35969169710046517
esd_english,pitch,20260921,4,hgb,relative_plus_baseline,neutral,0.46200246754269486
esd_english,pitch,20260921,4,hgb,relative_plus_baseline,sad,0.2818122362097872
esd_english,pitch,20260921,4,hgb,relative_plus_baseline,surprise,0.44320707096843004
esd_english,pitch,20260922,0,logistic,absolute,angry,0.10024456233306817
esd_english,pitch,20260922,0,logistic,absolute,happy,0.11918209171107078
esd_english,pitch,20260922,0,logistic,absolute,neutral,0.5691121785548585
esd_english,pitch,20260922,0,logistic,absolute,sad,0.22216102368138937
esd_english,pitch,20260922,0,logistic,absolute,surprise,0.37125791946818015
esd_english,pitch,20260922,0,logistic,relative,angry,0.21428279421533947
esd_english,pitch,20260922,0,logistic,relative,happy,0.11538710780009695
esd_english,pitch,20260922,0,logistic,relative,neutral,0.558383947031123
esd_english,pitch,20260922,0,logistic,relative,sad,0.27179789689663847
esd_english,pitch,20260922,0,logistic,relative,surprise,0.408565726119739
esd_english,pitch,20260922,0,logistic,relative_plus_baseline,angry,0.2591631461993123
esd_english,pitch,20260922,0,logistic,relative_plus_baseline,happy,0.175375043273087
esd_english,pitch,20260922,0,logistic,relative_plus_baseline,neutral,0.5534241763724888
esd_english,pitch,20260922,0,logistic,relative_plus_baseline,sad,0.30407483023211745
esd_english,pitch,20260922,0,logistic,relative_plus_baseline,surprise,0.42451729514668
esd_english,pitch,20260922,0,hgb,absolute,angry,0.3768445520602281
esd_english,pitch,20260922,0,hgb,absolute,happy,0.3256332408340318
esd_english,pitch,20260922,0,hgb,absolute,neutral,0.4406302111122853
esd_english,pitch,20260922,0,hgb,absolute,sad,0.30876831569889196
esd_english,pitch,20260922,0,hgb,absolute,surprise,0.14460954083342586
esd_english,pitch,20260922,0,hgb,relative,angry,0.11652665076952111
esd_english,pitch,20260922,0,hgb,relative,happy,0.08238666255465028
esd_english,pitch,20260922,0,hgb,relative,neutral,0.5190626946302773
esd_english,pitch,20260922,0,hgb,relative,sad,0.16236815456720585
esd_english,pitch,20260922,0,hgb,relative,surprise,0.39285209243205416
esd_english,pitch,20260922,0,hgb,relative_plus_baseline,angry,0.2400621683305551
esd_english,pitch,20260922,0,hgb,relative_plus_baseline,happy,0.36042927331290986
esd_english,pitch,20260922,0,hgb,relative_plus_baseline,neutral,0.4731946853547068
esd_english,pitch,20260922,0,hgb,relative_plus_baseline,sad,0.2180776600605543
esd_english,pitch,20260922,0,hgb,relative_plus_baseline,surprise,0.1076134718899128
esd_english,pitch,20260922,1,logistic,absolute,angry,0.2587442651448171
esd_english,pitch,20260922,1,logistic,absolute,happy,0.1312749676732331
esd_english,pitch,20260922,1,logistic,absolute,neutral,0.3425581935135144
esd_english,pitch,20260922,1,logistic,absolute,sad,0.16526858168711014
esd_english,pitch,20260922,1,logistic,absolute,surprise,0.19256625097427765
esd_english,pitch,20260922,1,logistic,relative,angry,0.27491476947666915
esd_english,pitch,20260922,1,logistic,relative,happy,0.23099468473012957
esd_english,pitch,20260922,1,logistic,relative,neutral,0.5443252812037286
esd_english,pitch,20260922,1,logistic,relative,sad,0.2769829219400073
esd_english,pitch,20260922,1,logistic,relative,surprise,0.2020651430221372
esd_english,pitch,20260922,1,logistic,relative_plus_baseline,angry,0.31493857219496374
esd_english,pitch,20260922,1,logistic,relative_plus_baseline,happy,0.3186884177620151
esd_english,pitch,20260922,1,logistic,relative_plus_baseline,neutral,0.5316364413094165
esd_english,pitch,20260922,1,logistic,relative_plus_baseline,sad,0.2864464433059707
esd_english,pitch,20260922,1,logistic,relative_plus_baseline,surprise,0.12971849779125
esd_english,pitch,20260922,1,hgb,absolute,angry,0.23296880484628724
esd_english,pitch,20260922,1,hgb,absolute,happy,0.26186669962412196
esd_english,pitch,20260922,1,hgb,absolute,neutral,0.28745278649611256
esd_english,pitch,20260922,1,hgb,absolute,sad,0.4077877471738057
esd_english,pitch,20260922,1,hgb,absolute,surprise,0.08246309210355514
esd_english,pitch,20260922,1,hgb,relative,angry,0.13954130388617486
esd_english,pitch,20260922,1,hgb,relative,happy,0.23437554371262131
esd_english,pitch,20260922,1,hgb,relative,neutral,0.5385170102203964
esd_english,pitch,20260922,1,hgb,relative,sad,0.23961109038388084
esd_english,pitch,20260922,1,hgb,relative,surprise,0.24206855834471905
esd_english,pitch,20260922,1,hgb,relative_plus_baseline,angry,0.3184080348336104
esd_english,pitch,20260922,1,hgb,relative_plus_baseline,happy,0.2025809879011466
esd_english,pitch,20260922,1,hgb,relative_plus_baseline,neutral,0.4960958976825684
esd_english,pitch,20260922,1,hgb,relative_plus_baseline,sad,0.33281506112450465
esd_english,pitch,20260922,1,hgb,relative_plus_baseline,surprise,0.12643486705929854
esd_english,pitch,20260922,2,logistic,absolute,angry,0.06580259222333057
esd_english,pitch,20260922,2,logistic,absolute,happy,0.06607369758576954
esd_english,pitch,20260922,2,logistic,absolute,neutral,0.4474532559638801
esd_english,pitch,20260922,2,logistic,absolute,sad,0.0031250000000000327
esd_english,pitch,20260922,2,logistic,absolute,surprise,0.21078431372549225
esd_english,pitch,20260922,2,logistic,relative,angry,0.3110749185667785
esd_english,pitch,20260922,2,logistic,relative,happy,0.19314641744548416
esd_english,pitch,20260922,2,logistic,relative,neutral,0.49738766980146487
esd_english,pitch,20260922,2,logistic,relative,sad,0.13906678865507854
esd_english,pitch,20260922,2,logistic,relative,surprise,0.5363128491620153
esd_english,pitch,20260922,2,logistic,relative_plus_baseline,angry,0.33712984054670153
esd_english,pitch,20260922,2,logistic,relative_plus_baseline,happy,0.22302158273381412
esd_english,pitch,20260922,2,logistic,relative_plus_baseline,neutral,0.5087179487179493
esd_english,pitch,20260922,2,logistic,relative_plus_baseline,sad,0.12687813021702926
esd_english,pitch,20260922,2,logistic,relative_plus_baseline,surprise,0.5131112686038358
esd_english,pitch,20260922,2,hgb,absolute,angry,0.323615160349859
esd_english,pitch,20260922,2,hgb,absolute,happy,0.11633109619686922
esd_english,pitch,20260922,2,hgb,absolute,neutral,0.38276990185387505
esd_english,pitch,20260922,2,hgb,absolute,sad,0.36129032258064536
esd_english,pitch,20260922,2,hgb,absolute,surprise,0.03621169916434588
esd_english,pitch,20260922,2,hgb,relative,angry,0.07981220657277084
esd_english,pitch,20260922,2,hgb,relative,happy,0.30466185160867243
esd_english,pitch,20260922,2,hgb,relative,neutral,0.5278925619834713
esd_english,pitch,20260922,2,hgb,relative,sad,0.21582733812949748
esd_english,pitch,20260922,2,hgb,relative,surprise,0.37188498402556625
esd_english,pitch,20260922,2,hgb,relative_plus_baseline,angry,0.16557734204793167
esd_english,pitch,20260922,2,hgb,relative_plus_baseline,happy,0.28538147932440666
esd_english,pitch,20260922,2,hgb,relative_plus_baseline,neutral,0.5378704720087847
esd_english,pitch,20260922,2,hgb,relative_plus_baseline,sad,0.27655310621242946
esd_english,pitch,20260922,2,hgb,relative_plus_baseline,surprise,0.10831721470019427
esd_english,pitch,20260922,3,logistic,absolute,angry,0.023554589393927253
esd_english,pitch,20260922,3,logistic,absolute,happy,0.3499209527595831
esd_english,pitch,20260922,3,logistic,absolute,neutral,0.0
esd_english,pitch,20260922,3,logistic,absolute,sad,0.0
esd_english,pitch,20260922,3,logistic,absolute,surprise,0.0
esd_english,pitch,20260922,3,logistic,relative,angry,0.2523842755889528
esd_english,pitch,20260922,3,logistic,relative,happy,0.10053084530676736
esd_english,pitch,20260922,3,logistic,relative,neutral,0.5819600334073489
esd_english,pitch,20260922,3,logistic,relative,sad,0.33512451434156476
esd_english,pitch,20260922,3,logistic,relative,surprise,0.22876482913151153
esd_english,pitch,20260922,3,logistic,relative_plus_baseline,angry,0.33535711586425776
esd_english,pitch,20260922,3,logistic,relative_plus_baseline,happy,0.09771162422792544
esd_english,pitch,20260922,3,logistic,relative_plus_baseline,neutral,0.5769668491120405
esd_english,pitch,20260922,3,logistic,relative_plus_baseline,sad,0.24765942984762881
esd_english,pitch,20260922,3,logistic,relative_plus_baseline,surprise,0.2930999833066712
esd_english,pitch,20260922,3,hgb,absolute,angry,0.01351345068752776
esd_english,pitch,20260922,3,hgb,absolute,happy,0.34985350704748686
esd_english,pitch,20260922,3,hgb,absolute,neutral,0.0
esd_english,pitch,20260922,3,hgb,absolute,sad,0.21428907856259294
esd_english,pitch,20260922,3,hgb,absolute,surprise,0.06504358992187402
esd_english,pitch,20260922,3,hgb,relative,angry,0.1242193867413563
esd_english,pitch,20260922,3,hgb,relative,happy,0.16965089510243223
esd_english,pitch,20260922,3,hgb,relative,neutral,0.5262393047387657
esd_english,pitch,20260922,3,hgb,relative,sad,0.21688851415826568
esd_english,pitch,20260922,3,hgb,relative,surprise,0.20486019582582995
esd_english,pitch,20260922,3,hgb,relative_plus_baseline,angry,0.26055238116412327
esd_english,pitch,20260922,3,hgb,relative_plus_baseline,happy,0.05112965194867446
esd_english,pitch,20260922,3,hgb,relative_plus_baseline,neutral,0.4372210017991079
esd_english,pitch,20260922,3,hgb,relative_plus_baseline,sad,0.2391624448312289
esd_english,pitch,20260922,3,hgb,relative_plus_baseline,surprise,0.535662382811389
esd_english,pitch,20260922,4,logistic,absolute,angry,0.13020134228187796
esd_english,pitch,20260922,4,logistic,absolute,happy,0.1315570358034959
esd_english,pitch,20260922,4,logistic,absolute,neutral,0.166666666666665
esd_english,pitch,20260922,4,logistic,absolute,sad,0.05341880341880296
esd_english,pitch,20260922,4,logistic,absolute,surprise,0.4698193002691308
esd_english,pitch,20260922,4,logistic,relative,angry,0.21415153412648438
esd_english,pitch,20260922,4,logistic,relative,happy,0.2112029384756641
esd_english,pitch,20260922,4,logistic,relative,neutral,0.5176908752327721
esd_english,pitch,20260922,4,logistic,relative,sad,0.13553431798436025
esd_english,pitch,20260922,4,logistic,relative,surprise,0.412144702842374
esd_english,pitch,20260922,4,logistic,relative_plus_baseline,angry,0.2185338865836765
esd_english,pitch,20260922,4,logistic,relative_plus_baseline,happy,0.23268206039076164
esd_english,pitch,20260922,4,logistic,relative_plus_baseline,neutral,0.5301204819277084
esd_english,pitch,20260922,4,logistic,relative_plus_baseline,sad,0.1162790697674408
esd_english,pitch,20260922,4,logistic,relative_plus_baseline,surprise,0.43187066974595567
esd_english,pitch,20260922,4,hgb,absolute,angry,0.1004304160688655
esd_english,pitch,20260922,4,hgb,absolute,happy,0.34193266287712915
esd_english,pitch,20260922,4,hgb,absolute,neutral,0.12459016393442517
esd_english,pitch,20260922,4,hgb,absolute,sad,0.18036529680365163
esd_english,pitch,20260922,4,hgb,absolute,surprise,0.23228346456692614
esd_english,pitch,20260922,4,hgb,relative,angry,0.14845704753961508
esd_english,pitch,20260922,4,hgb,relative,happy,0.2389078498293492
esd_english,pitch,20260922,4,hgb,relative,neutral,0.5691651432053603
esd_english,pitch,20260922,4,hgb,relative,sad,0.3163097199340984
esd_english,pitch,20260922,4,hgb,relative,surprise,0.38983050847457335
esd_english,pitch,20260922,4,hgb,relative_plus_baseline,angry,0.1561264822134375
esd_english,pitch,20260922,4,hgb,relative_plus_baseline,happy,0.326233183856499
esd_english,pitch,20260922,4,hgb,relative_plus_baseline,neutral,0.5792649478880946
esd_english,pitch,20260922,4,hgb,relative_plus_baseline,sad,0.24078624078623828
esd_english,pitch,20260922,4,hgb,relative_plus_baseline,surprise,0.2698961937716235
esd_english,loudness,20260920,0,logistic,absolute,angry,0.22355975924333563
esd_english,loudness,20260920,0,logistic,absolute,happy,0.2256186317321692
esd_english,loudness,20260920,0,logistic,absolute,neutral,0.4660804020100569
esd_english,loudness,20260920,0,logistic,absolute,sad,0.23987034035656377
esd_english,loudness,20260920,0,logistic,absolute,surprise,0.40562003665241836
esd_english,loudness,20260920,0,logistic,relative,angry,0.2571428571428564
esd_english,loudness,20260920,0,logistic,relative,happy,0.24608501118568257
esd_english,loudness,20260920,0,logistic,relative,neutral,0.5013989927252468
esd_english,loudness,20260920,0,logistic,relative,sad,0.2604087812263438
esd_english,loudness,20260920,0,logistic,relative,surprise,0.39412997903564245
esd_english,loudness,20260920,0,logistic,relative_plus_baseline,angry,0.2347588717015463
esd_english,loudness,20260920,0,logistic,relative_plus_baseline,happy,0.2334096109839818
esd_english,loudness,20260920,0,logistic,relative_plus_baseline,neutral,0.5013989927252468
esd_english,loudness,20260920,0,logistic,relative_plus_baseline,sad,0.25761124121779855
esd_english,loudness,20260920,0,logistic,relative_plus_baseline,surprise,0.39684625492773073
esd_english,loudness,20260920,0,hgb,absolute,angry,0.3192721257237381
esd_english,loudness,20260920,0,hgb,absolute,happy,0.27027027027027195
esd_english,loudness,20260920,0,hgb,absolute,neutral,0.5218673218673294
esd_english,loudness,20260920,0,hgb,absolute,sad,0.107351225204201
esd_english,loudness,20260920,0,hgb,absolute,surprise,0.2917341977309559
esd_english,loudness,20260920,0,hgb,relative,angry,0.19322709163346607
esd_english,loudness,20260920,0,hgb,relative,happy,0.16310679611650475
esd_english,loudness,20260920,0,hgb,relative,neutral,0.528577960676733
esd_english,loudness,20260920,0,hgb,relative,sad,0.16044479745830018
esd_english,loudness,20260920,0,hgb,relative,surprise,0.3184210526315808
esd_english,loudness,20260920,0,hgb,relative_plus_baseline,angry,0.2681481481481484
esd_english,loudness,20260920,0,hgb,relative_plus_baseline,happy,0.2726688102893902
esd_english,loudness,20260920,0,hgb,relative_plus_baseline,neutral,0.5044195639363671
esd_english,loudness,20260920,0,hgb,relative_plus_baseline,sad,0.2315996074582923
esd_english,loudness,20260920,0,hgb,relative_plus_baseline,surprise,0.3016678752719366
esd_english,loudness,20260920,1,logistic,absolute,angry,0.09009009009009006
esd_english,loudness,20260920,1,logistic,absolute,happy,0.25237683664649885
esd_english,loudness,20260920,1,logistic,absolute,neutral,0.5814382298709363
esd_english,loudness,20260920,1,logistic,absolute,sad,0.1904761904761903
esd_english,loudness,20260920,1,logistic,absolute,surprise,0.36012207527976214
esd_english,loudness,20260920,1,logistic,relative,angry,0.05541972290138552
esd_english,loudness,20260920,1,logistic,relative,happy,0.1994884910485929
esd_english,loudness,20260920,1,logistic,relative,neutral,0.5718390804597773
esd_english,loudness,20260920,1,logistic,relative,sad,0.24370594159113793
esd_english,loudness,20260920,1,logistic,relative,surprise,0.3927765237020403
esd_english,loudness,20260920,1,logistic,relative_plus_baseline,angry,0.07025761124121788
esd_english,loudness,20260920,1,logistic,relative_plus_baseline,happy,0.20308692120227437
esd_english,loudness,20260920,1,logistic,relative_plus_baseline,neutral,0.5636094674556277
esd_english,loudness,20260920,1,logistic,relative_plus_baseline,sad,0.26524685382381386
esd_english,loudness,20260920,1,logistic,relative_plus_baseline,surprise,0.3813599619591138
esd_english,loudness,20260920,1,hgb,absolute,angry,0.3638629283489136
esd_english,loudness,20260920,1,hgb,absolute,happy,0.2703180212014126
esd_english,loudness,20260920,1,hgb,absolute,neutral,0.44188596491228865
esd_english,loudness,20260920,1,hgb,absolute,sad,0.156
esd_english,loudness,20260920,1,hgb,absolute,surprise,0.2682418346073669
esd_english,loudness,20260920,1,hgb,relative,angry,0.39649681528662506
esd_english,loudness,20260920,1,hgb,relative,happy,0.20124666073018646
esd_english,loudness,20260920,1,hgb,relative,neutral,0.46532728451069966
esd_english,loudness,20260920,1,hgb,relative,sad,0.15
esd_english,loudness,20260920,1,hgb,relative,surprise,0.3820981713185832
esd_english,loudness,20260920,1,hgb,relative_plus_baseline,angry,0.5813504823151212
esd_english,loudness,20260920,1,hgb,relative_plus_baseline,happy,0.27956989247311836
esd_english,loudness,20260920,1,hgb,relative_plus_baseline,neutral,0.5232628398791631
esd_english,loudness,20260920,1,hgb,relative_plus_baseline,sad,0.16717019133937563
esd_english,loudness,20260920,1,hgb,relative_plus_baseline,surprise,0.3438127090301027
esd_english,loudness,20260920,2,logistic,absolute,angry,0.22358346094946643
esd_english,loudness,20260920,2,logistic,absolute,happy,0.2545191612436767
esd_english,loudness,20260920,2,logistic,absolute,neutral,0.31754032258064674
esd_english,loudness,20260920,2,logistic,absolute,sad,0.15776892430279002
esd_english,loudness,20260920,2,logistic,absolute,surprise,0.13584905660377442
esd_english,loudness,20260920,2,logistic,relative,angry,0.14368932038835047
esd_english,loudness,20260920,2,logistic,relative,happy,0.21890547263681887
esd_english,loudness,20260920,2,logistic,relative,neutral,0.3893308376228363
esd_english,loudness,20260920,2,logistic,relative,sad,0.19183965640658787
esd_english,loudness,20260920,2,logistic,relative,surprise,0.24975417895772042
esd_english,loudness,20260920,2,logistic,relative_plus_baseline,angry,0.2410518626734874
esd_english,loudness,20260920,2,logistic,relative_plus_baseline,happy,0.21312741312741532
esd_english,loudness,20260920,2,logistic,relative_plus_baseline,neutral,0.3497536945812822
esd_english,loudness,20260920,2,logistic,relative_plus_baseline,sad,0.16590563165905775
esd_english,loudness,20260920,2,logistic,relative_plus_baseline,surprise,0.11428571428571527
esd_english,loudness,20260920,2,hgb,absolute,angry,0.24182076813656098
esd_english,loudness,20260920,2,hgb,absolute,happy,0.23089430894309143
esd_english,loudness,20260920,2,hgb,absolute,neutral,0.3777501037774988
esd_english,loudness,20260920,2,hgb,absolute,sad,0.11417322834645761
esd_english,loudness,20260920,2,hgb,absolute,surprise,0.11650485436893315
esd_english,loudness,20260920,2,hgb,relative,angry,0.07382550335570547
esd_english,loudness,20260920,2,hgb,relative,happy,0.19145569620253325
esd_english,loudness,20260920,2,hgb,relative,neutral,0.45764854614411565
esd_english,loudness,20260920,2,hgb,relative,sad,0.1276276276276289
esd_english,loudness,20260920,2,hgb,relative,surprise,0.33066666666666916
esd_english,loudness,20260920,2,hgb,relative_plus_baseline,angry,0.1928757602085152
esd_english,loudness,20260920,2,hgb,relative_plus_baseline,happy,0.10368663594470157
esd_english,loudness,20260920,2,hgb,relative_plus_baseline,neutral,0.3718263718263694
esd_english,loudness,20260920,2,hgb,relative_plus_baseline,sad,0.13643926788685617
esd_english,loudness,20260920,2,hgb,relative_plus_baseline,surprise,0.44226415094340266
esd_english,loudness,20260920,3,logistic,absolute,angry,0.18197135636057252
esd_english,loudness,20260920,3,logistic,absolute,happy,0.22568093385214008
esd_english,loudness,20260920,3,logistic,absolute,neutral,0.6560922855082992
esd_english,loudness,20260920,3,logistic,absolute,sad,0.1717073170731706
esd_english,loudness,20260920,3,logistic,absolute,surprise,0.484877126654072
esd_english,loudness,20260920,3,logistic,relative,angry,0.16337059329320683
esd_english,loudness,20260920,3,logistic,relative,happy,0.22204968944099382
esd_english,loudness,20260920,3,logistic,relative,neutral,0.6233565351894886
esd_english,loudness,20260920,3,logistic,relative,sad,0.17210682492581597
esd_english,loudness,20260920,3,logistic,relative,surprise,0.49265033407573106
esd_english,loudness,20260920,3,logistic,relative_plus_baseline,angry,0.1708126036484243
esd_english,loudness,20260920,3,logistic,relative_plus_baseline,happy,0.22612681436210857
esd_english,loudness,20260920,3,logistic,relative_plus_baseline,neutral,0.6150234741784101
esd_english,loudness,20260920,3,logistic,relative_plus_baseline,sad,0.17812197483059033
esd_english,loudness,20260920,3,logistic,relative_plus_baseline,surprise,0.48850045998160824
esd_english,loudness,20260920,3,hgb,absolute,angry,0.40229885057471876
esd_english,loudness,20260920,3,hgb,absolute,happy,0.24091520861372892
esd_english,loudness,20260920,3,hgb,absolute,neutral,0.6368159203980164
esd_english,loudness,20260920,3,hgb,absolute,sad,0.08816705336426942
esd_english,loudness,20260920,3,hgb,absolute,surprise,0.22484134179510368
esd_english,loudness,20260920,3,hgb,relative,angry,0.31230769230769234
esd_english,loudness,20260920,3,hgb,relative,happy,0.2099267697314888
esd_english,loudness,20260920,3,hgb,relative,neutral,0.6619635508524461
esd_english,loudness,20260920,3,hgb,relative,sad,0.13504074505238683
esd_english,loudness,20260920,3,hgb,relative,surprise,0.3778126635269558
esd_english,loudness,20260920,3,hgb,relative_plus_baseline,angry,0.23572076155938287
esd_english,loudness,20260920,3,hgb,relative_plus_baseline,happy,0.23872679045092768
esd_english,loudness,20260920,3,hgb,relative_plus_baseline,neutral,0.5013623978201646
esd_english,loudness,20260920,3,hgb,relative_plus_baseline,sad,0.2150882825040127
esd_english,loudness,20260920,3,hgb,relative_plus_baseline,surprise,0.38362959900786264
esd_english,loudness,20260920,4,logistic,absolute,angry,0.18649211726399065
esd_english,loudness,20260920,4,logistic,absolute,happy,0.20199666949100634
esd_english,loudness,20260920,4,logistic,absolute,neutral,0.4568135396676499
esd_english,loudness,20260920,4,logistic,absolute,sad,0.16944204405958324
esd_english,loudness,20260920,4,logistic,absolute,surprise,0.48333075842204853
esd_english,loudness,20260920,4,logistic,relative,angry,0.160307813728707
esd_english,loudness,20260920,4,logistic,relative,happy,0.2087081867047265
esd_english,loudness,20260920,4,logistic,relative,neutral,0.4534112232041624
esd_english,loudness,20260920,4,logistic,relative,sad,0.16404169658193385
esd_english,loudness,20260920,4,logistic,relative,surprise,0.5179458496797303
esd_english,loudness,20260920,4,logistic,relative_plus_baseline,angry,0.17130390821768626
esd_english,loudness,20260920,4,logistic,relative_plus_baseline,happy,0.191930269155924
esd_english,loudness,20260920,4,logistic,relative_plus_baseline,neutral,0.4492170081288979
esd_english,loudness,20260920,4,logistic,relative_plus_baseline,sad,0.18592527906626996
esd_english,loudness,20260920,4,logistic,relative_plus_baseline,surprise,0.5128298097096327
esd_english,loudness,20260920,4,hgb,absolute,angry,0.38566611826252745
esd_english,loudness,20260920,4,hgb,absolute,happy,0.2386328387284104
esd_english,loudness,20260920,4,hgb,absolute,neutral,0.486252553158237
esd_english,loudness,20260920,4,hgb,absolute,sad,0.10469022014149877
esd_english,loudness,20260920,4,hgb,absolute,surprise,0.2836155668875462
esd_english,loudness,20260920,4,hgb,relative,angry,0.3900815235001086
esd_english,loudness,20260920,4,hgb,relative,happy,0.18389185020389923
esd_english,loudness,20260920,4,hgb,relative,neutral,0.49011603883010096
esd_english,loudness,20260920,4,hgb,relative,sad,0.12323824338779812
esd_english,loudness,20260920,4,hgb,relative,surprise,0.42396683584436473
esd_english,loudness,20260920,4,hgb,relative_plus_baseline,angry,0.44973794718656984
esd_english,loudness,20260920,4,hgb,relative_plus_baseline,happy,0.0432412107539009
esd_english,loudness,20260920,4,hgb,relative_plus_baseline,neutral,0.4744439947340082
esd_english,loudness,20260920,4,hgb,relative_plus_baseline,sad,0.23049833801925013
esd_english,loudness,20260920,4,hgb,relative_plus_baseline,surprise,0.20395295979349887
esd_english,loudness,20260921,0,logistic,absolute,angry,0.2325976230899825
esd_english,loudness,20260921,0,logistic,absolute,happy,0.22222222222222232
esd_english,loudness,20260921,0,logistic,absolute,neutral,0.6178428761651213
esd_english,loudness,20260921,0,logistic,absolute,sad,0.21680216802167968
esd_english,loudness,20260921,0,logistic,absolute,surprise,0.5129015271195448
esd_english,loudness,20260921,0,logistic,relative,angry,0.22203245089666898
esd_english,loudness,20260921,0,logistic,relative,happy,0.21445221445221443
esd_english,loudness,20260921,0,logistic,relative,neutral,0.5958620689655258
esd_english,loudness,20260921,0,logistic,relative,sad,0.2246376811594197
esd_english,loudness,20260921,0,logistic,relative,surprise,0.5140845070422613
esd_english,loudness,20260921,0,logistic,relative_plus_baseline,angry,0.23212783851976404
esd_english,loudness,20260921,0,logistic,relative_plus_baseline,happy,0.21617535903250204
esd_english,loudness,20260921,0,logistic,relative_plus_baseline,neutral,0.5915687629578522
esd_english,loudness,20260921,0,logistic,relative_plus_baseline,sad,0.2175883952855842
esd_english,loudness,20260921,0,logistic,relative_plus_baseline,surprise,0.5098039215686355
esd_english,loudness,20260921,0,hgb,absolute,angry,0.3401592718998906
esd_english,loudness,20260921,0,hgb,absolute,happy,0.25361819434872573
esd_english,loudness,20260921,0,hgb,absolute,neutral,0.6005194805194872
esd_english,loudness,20260921,0,hgb,absolute,sad,0.12556053811659224
esd_english,loudness,20260921,0,hgb,absolute,surprise,0.18480492813141694
esd_english,loudness,20260921,0,hgb,relative,angry,0.2568940493468799
esd_english,loudness,20260921,0,hgb,relative,happy,0.21200311769290725
esd_english,loudness,20260921,0,hgb,relative,neutral,0.6242171189979185
esd_english,loudness,20260921,0,hgb,relative,sad,0.0864345738295321
esd_english,loudness,20260921,0,hgb,relative,surprise,0.37735849056604187
esd_english,loudness,20260921,0,hgb,relative_plus_baseline,angry,0.25892857142857173
esd_english,loudness,20260921,0,hgb,relative_plus_baseline,happy,0.2645778938207129
esd_english,loudness,20260921,0,hgb,relative_plus_baseline,neutral,0.5300581771170086
esd_english,loudness,20260921,0,hgb,relative_plus_baseline,sad,0.039430449069003434
esd_english,loudness,20260921,0,hgb,relative_plus_baseline,surprise,0.36248168050806745
esd_english,loudness,20260921,1,logistic,absolute,angry,0.19402985074626838
esd_english,loudness,20260921,1,logistic,absolute,happy,0.23022847100175675
esd_english,loudness,20260921,1,logistic,absolute,neutral,0.4829821717990365
esd_english,loudness,20260921,1,logistic,absolute,sad,0.15140186915887827
esd_english,loudness,20260921,1,logistic,absolute,surprise,0.33659942363112805
esd_english,loudness,20260921,1,logistic,relative,angry,0.1537132987910186
esd_english,loudness,20260921,1,logistic,relative,happy,0.18493150684931464
esd_english,loudness,20260921,1,logistic,relative,neutral,0.49519743863394666
esd_english,loudness,20260921,1,logistic,relative,sad,0.1602262016965125
esd_english,loudness,20260921,1,logistic,relative,surprise,0.33812535940195937
esd_english,loudness,20260921,1,logistic,relative_plus_baseline,angry,0.14127659574468057
esd_english,loudness,20260921,1,logistic,relative_plus_baseline,happy,0.16117850953206198
esd_english,loudness,20260921,1,logistic,relative_plus_baseline,neutral,0.48743987172635833
esd_english,loudness,20260921,1,logistic,relative_plus_baseline,sad,0.1918063314711356
esd_english,loudness,20260921,1,logistic,relative_plus_baseline,surprise,0.3371958285052184
esd_english,loudness,20260921,1,hgb,absolute,angry,0.31829368334700525
esd_english,loudness,20260921,1,hgb,absolute,happy,0.2341831916902735
esd_english,loudness,20260921,1,hgb,absolute,neutral,0.4968944099378959
esd_english,loudness,20260921,1,hgb,absolute,sad,0.10928961748633861
esd_english,loudness,20260921,1,hgb,absolute,surprise,0.29261920313520706
esd_english,loudness,20260921,1,hgb,relative,angry,0.41533546325878723
esd_english,loudness,20260921,1,hgb,relative,happy,0.18233082706766887
esd_english,loudness,20260921,1,hgb,relative,neutral,0.5070835368832515
esd_english,loudness,20260921,1,hgb,relative,sad,0.11914893617021255
esd_english,loudness,20260921,1,hgb,relative,surprise,0.3269493844049264
esd_english,loudness,20260921,1,hgb,relative_plus_baseline,angry,0.5484293193717361
esd_english,loudness,20260921,1,hgb,relative_plus_baseline,happy,0.011792452830188723
esd_english,loudness,20260921,1,hgb,relative_plus_baseline,neutral,0.46659707724426774
esd_english,loudness,20260921,1,hgb,relative_plus_baseline,sad,0.23274974253347078
esd_english,loudness,20260921,1,hgb,relative_plus_baseline,surprise,0.2774899251583213
esd_english,loudness,20260921,2,logistic,absolute,angry,0.11936948530071868
esd_english,loudness,20260921,2,logistic,absolute,happy,0.20941399858203566
esd_english,loudness,20260921,2,logistic,absolute,neutral,0.5541130980964408
esd_english,loudness,20260921,2,logistic,absolute,sad,0.2383304332583413
esd_english,loudness,20260921,2,logistic,absolute,surprise,0.4917932800637103
esd_english,loudness,20260921,2,logistic,relative,angry,0.09128587895433361
esd_english,loudness,20260921,2,logistic,relative,happy,0.24501163781620572
esd_english,loudness,20260921,2,logistic,relative,neutral,0.5072502122644107
esd_english,loudness,20260921,2,logistic,relative,sad,0.2370913878052781
esd_english,loudness,20260921,2,logistic,relative,surprise,0.5321321356762916
esd_english,loudness,20260921,2,logistic,relative_plus_baseline,angry,0.1171762684424876
esd_english,loudness,20260921,2,logistic,relative_plus_baseline,happy,0.24023191305533945
esd_english,loudness,20260921,2,logistic,relative_plus_baseline,neutral,0.5046953214489314
esd_english,loudness,20260921,2,logistic,relative_plus_baseline,sad,0.26434195981488723
esd_english,loudness,20260921,2,logistic,relative_plus_baseline,surprise,0.5226325728207717
esd_english,loudness,20260921,2,hgb,absolute,angry,0.42683260489205777
esd_english,loudness,20260921,2,hgb,absolute,happy,0.22742562679615386
esd_english,loudness,20260921,2,hgb,absolute,neutral,0.5361775225328782
esd_english,loudness,20260921,2,hgb,absolute,sad,0.09361966569964501
esd_english,loudness,20260921,2,hgb,absolute,surprise,0.3341158278609962
esd_english,loudness,20260921,2,hgb,relative,angry,0.43809949366136525
esd_english,loudness,20260921,2,hgb,relative,happy,0.20882680100419163
esd_english,loudness,20260921,2,hgb,relative,neutral,0.5553151654344163
esd_english,loudness,20260921,2,hgb,relative,sad,0.13942735194735856
esd_english,loudness,20260921,2,hgb,relative,surprise,0.4322999938393012
esd_english,loudness,20260921,2,hgb,relative_plus_baseline,angry,0.45465438153910487
esd_english,loudness,20260921,2,hgb,relative_plus_baseline,happy,0.2038515194881908
esd_english,loudness,20260921,2,hgb,relative_plus_baseline,neutral,0.5125821832536208
esd_english,loudness,20260921,2,hgb,relative_plus_baseline,sad,0.24818055419527316
esd_english,loudness,20260921,2,hgb,relative_plus_baseline,surprise,0.31342847550154407
esd_english,loudness,20260921,3,logistic,absolute,angry,0.3237263171989034
esd_english,loudness,20260921,3,logistic,absolute,happy,0.1488616820899198
esd_english,loudness,20260921,3,logistic,absolute,neutral,0.34850448162243375
esd_english,loudness,20260921,3,logistic,absolute,sad,0.20864522082872305
esd_english,loudness,20260921,3,logistic,absolute,surprise,0.18975616500156492
esd_english,loudness,20260921,3,logistic,relative,angry,0.23609511079355916
esd_english,loudness,20260921,3,logistic,relative,happy,0.18882765920825598
esd_english,loudness,20260921,3,logistic,relative,neutral,0.3715887984690978
esd_english,loudness,20260921,3,logistic,relative,sad,0.21441869554090703
esd_english,loudness,20260921,3,logistic,relative,surprise,0.11410872216008432
esd_english,loudness,20260921,3,logistic,relative_plus_baseline,angry,0.3164829980936092
esd_english,loudness,20260921,3,logistic,relative_plus_baseline,happy,0.17131627994699442
esd_english,loudness,20260921,3,logistic,relative_plus_baseline,neutral,0.36590491784763957
esd_english,loudness,20260921,3,logistic,relative_plus_baseline,sad,0.21468830569721506
esd_english,loudness,20260921,3,logistic,relative_plus_baseline,surprise,0.15747212830228116
esd_english,loudness,20260921,3,hgb,absolute,angry,0.2104957847181604
esd_english,loudness,20260921,3,hgb,absolute,happy,0.16231476988363472
esd_english,loudness,20260921,3,hgb,absolute,neutral,0.37489248262682934
esd_english,loudness,20260921,3,hgb,absolute,sad,0.1043209237876468
esd_english,loudness,20260921,3,hgb,absolute,surprise,0.10212841042424387
esd_english,loudness,20260921,3,hgb,relative,angry,0.06463752007011396
esd_english,loudness,20260921,3,hgb,relative,happy,0.15217378076322374
esd_english,loudness,20260921,3,hgb,relative,neutral,0.40384176208991335
esd_english,loudness,20260921,3,hgb,relative,sad,0.10873924204706968
esd_english,loudness,20260921,3,hgb,relative,surprise,0.14524039741595557
esd_english,loudness,20260921,3,hgb,relative_plus_baseline,angry,0.14589213835952833
esd_english,loudness,20260921,3,hgb,relative_plus_baseline,happy,0.1098368908919183
esd_english,loudness,20260921,3,hgb,relative_plus_baseline,neutral,0.3468961282083646
esd_english,loudness,20260921,3,hgb,relative_plus_baseline,sad,0.27448377940704516
esd_english,loudness,20260921,3,hgb,relative_plus_baseline,surprise,0.11530431040976304
esd_english,loudness,20260921,4,logistic,absolute,angry,0.1359996194040504
esd_english,loudness,20260921,4,logistic,absolute,happy,0.35888434990844176
esd_english,loudness,20260921,4,logistic,absolute,neutral,0.4726793298460969
esd_english,loudness,20260921,4,logistic,absolute,sad,0.15927900913315154
esd_english,loudness,20260921,4,logistic,absolute,surprise,0.5630758884083494
esd_english,loudness,20260921,4,logistic,relative,angry,0.15039606460014862
esd_english,loudness,20260921,4,logistic,relative,happy,0.3278477056400088
esd_english,loudness,20260921,4,logistic,relative,neutral,0.5635866976741901
esd_english,loudness,20260921,4,logistic,relative,sad,0.20013716767989093
esd_english,loudness,20260921,4,logistic,relative,surprise,0.5846962976495231
esd_english,loudness,20260921,4,logistic,relative_plus_baseline,angry,0.12997684755089775
esd_english,loudness,20260921,4,logistic,relative_plus_baseline,happy,0.32602237847458926
esd_english,loudness,20260921,4,logistic,relative_plus_baseline,neutral,0.5517444667680632
esd_english,loudness,20260921,4,logistic,relative_plus_baseline,sad,0.1858614367966083
esd_english,loudness,20260921,4,logistic,relative_plus_baseline,surprise,0.574190308685998
esd_english,loudness,20260921,4,hgb,absolute,angry,0.4248668387429847
esd_english,loudness,20260921,4,hgb,absolute,happy,0.18506738228095207
esd_english,loudness,20260921,4,hgb,absolute,neutral,0.45394408284560606
esd_english,loudness,20260921,4,hgb,absolute,sad,0.1451788644713797
esd_english,loudness,20260921,4,hgb,absolute,surprise,0.13881569953726972
esd_english,loudness,20260921,4,hgb,relative,angry,0.3784260596080178
esd_english,loudness,20260921,4,hgb,relative,happy,0.1862101980407152
esd_english,loudness,20260921,4,hgb,relative,neutral,0.46517083131765063
esd_english,loudness,20260921,4,hgb,relative,sad,0.1594701522934715
esd_english,loudness,20260921,4,hgb,relative,surprise,0.36834216430379013
esd_english,loudness,20260921,4,hgb,relative_plus_baseline,angry,0.3420505593050677
esd_english,loudness,20260921,4,hgb,relative_plus_baseline,happy,0.30501357164056997
esd_english,loudness,20260921,4,hgb,relative_plus_baseline,neutral,0.5255600189910187
esd_english,loudness,20260921,4,hgb,relative_plus_baseline,sad,0.18173086628961574
esd_english,loudness,20260921,4,hgb,relative_plus_baseline,surprise,0.4776527178363238
esd_english,loudness,20260922,0,logistic,absolute,angry,0.16954474097331237
esd_english,loudness,20260922,0,logistic,absolute,happy,0.23592906707787206
esd_english,loudness,20260922,0,logistic,absolute,neutral,0.661596958174913
esd_english,loudness,20260922,0,logistic,absolute,sad,0.18296529968454275
esd_english,loudness,20260922,0,logistic,absolute,surprise,0.489135460009254
esd_english,loudness,20260922,0,logistic,relative,angry,0.15492957746478875
esd_english,loudness,20260922,0,logistic,relative,happy,0.2097791798107255
esd_english,loudness,20260922,0,logistic,relative,neutral,0.640650406504071
esd_english,loudness,20260922,0,logistic,relative,sad,0.1774891774891778
esd_english,loudness,20260922,0,logistic,relative,surprise,0.49826086956522436
esd_english,loudness,20260922,0,logistic,relative_plus_baseline,angry,0.16858237547892732
esd_english,loudness,20260922,0,logistic,relative_plus_baseline,happy,0.22068965517241387
esd_english,loudness,20260922,0,logistic,relative_plus_baseline,neutral,0.6411092985318166
esd_english,loudness,20260922,0,logistic,relative_plus_baseline,sad,0.18803418803418828
esd_english,loudness,20260922,0,logistic,relative_plus_baseline,surprise,0.493716337522449
esd_english,loudness,20260922,0,hgb,absolute,angry,0.3732106339468369
esd_english,loudness,20260922,0,hgb,absolute,happy,0.2880771881461069
esd_english,loudness,20260922,0,hgb,absolute,neutral,0.5510071474983841
esd_english,loudness,20260922,0,hgb,absolute,sad,0.10421286031042157
esd_english,loudness,20260922,0,hgb,absolute,surprise,0.23611111111111044
esd_english,loudness,20260922,0,hgb,relative,angry,0.39125151883354087
esd_english,loudness,20260922,0,hgb,relative,happy,0.20107719928186663
esd_english,loudness,20260922,0,hgb,relative,neutral,0.5653710247349897
esd_english,loudness,20260922,0,hgb,relative,sad,0.10135135135135163
esd_english,loudness,20260922,0,hgb,relative,surprise,0.3324728962312908
esd_english,loudness,20260922,0,hgb,relative_plus_baseline,angry,0.3191335740072208
esd_english,loudness,20260922,0,hgb,relative_plus_baseline,happy,0.29571303587051523
esd_english,loudness,20260922,0,hgb,relative_plus_baseline,neutral,0.5424836601307226
esd_english,loudness,20260922,0,hgb,relative_plus_baseline,sad,0.14371257485029942
esd_english,loudness,20260922,0,hgb,relative_plus_baseline,surprise,0.35262689225290145
esd_english,loudness,20260922,1,logistic,absolute,angry,0.3237263171989034
esd_english,loudness,20260922,1,logistic,absolute,happy,0.1488616820899198
esd_english,loudness,20260922,1,logistic,absolute,neutral,0.34850448162243375
esd_english,loudness,20260922,1,logistic,absolute,sad,0.20864522082872305
esd_english,loudness,20260922,1,logistic,absolute,surprise,0.18975616500156492
esd_english,loudness,20260922,1,logistic,relative,angry,0.23609511079355916
esd_english,loudness,20260922,1,logistic,relative,happy,0.18882765920825598
esd_english,loudness,20260922,1,logistic,relative,neutral,0.3715887984690978
esd_english,loudness,20260922,1,logistic,relative,sad,0.21441869554090703
esd_english,loudness,20260922,1,logistic,relative,surprise,0.11410872216008432
esd_english,loudness,20260922,1,logistic,relative_plus_baseline,angry,0.3164829980936092
esd_english,loudness,20260922,1,logistic,relative_plus_baseline,happy,0.17131627994699442
esd_english,loudness,20260922,1,logistic,relative_plus_baseline,neutral,0.36590491784763957
esd_english,loudness,20260922,1,logistic,relative_plus_baseline,sad,0.21468830569721506
esd_english,loudness,20260922,1,logistic,relative_plus_baseline,surprise,0.15747212830228116
esd_english,loudness,20260922,1,hgb,absolute,angry,0.2104957847181604
esd_english,loudness,20260922,1,hgb,absolute,happy,0.16231476988363472
esd_english,loudness,20260922,1,hgb,absolute,neutral,0.37489248262682934
esd_english,loudness,20260922,1,hgb,absolute,sad,0.1043209237876468
esd_english,loudness,20260922,1,hgb,absolute,surprise,0.10212841042424387
esd_english,loudness,20260922,1,hgb,relative,angry,0.06463752007011396
esd_english,loudness,20260922,1,hgb,relative,happy,0.15217378076322374
esd_english,loudness,20260922,1,hgb,relative,neutral,0.40384176208991335
esd_english,loudness,20260922,1,hgb,relative,sad,0.10873924204706968
esd_english,loudness,20260922,1,hgb,relative,surprise,0.14524039741595557
esd_english,loudness,20260922,1,hgb,relative_plus_baseline,angry,0.14589213835952833
esd_english,loudness,20260922,1,hgb,relative_plus_baseline,happy,0.1098368908919183
esd_english,loudness,20260922,1,hgb,relative_plus_baseline,neutral,0.3468961282083646
esd_english,loudness,20260922,1,hgb,relative_plus_baseline,sad,0.27448377940704516
esd_english,loudness,20260922,1,hgb,relative_plus_baseline,surprise,0.11530431040976304
esd_english,loudness,20260922,2,logistic,absolute,angry,0.18649211726399065
esd_english,loudness,20260922,2,logistic,absolute,happy,0.20199666949100634
esd_english,loudness,20260922,2,logistic,absolute,neutral,0.4568135396676499
esd_english,loudness,20260922,2,logistic,absolute,sad,0.16944204405958324
esd_english,loudness,20260922,2,logistic,absolute,surprise,0.48333075842204853
esd_english,loudness,20260922,2,logistic,relative,angry,0.160307813728707
esd_english,loudness,20260922,2,logistic,relative,happy,0.2087081867047265
esd_english,loudness,20260922,2,logistic,relative,neutral,0.4534112232041624
esd_english,loudness,20260922,2,logistic,relative,sad,0.16404169658193385
esd_english,loudness,20260922,2,logistic,relative,surprise,0.5179458496797303
esd_english,loudness,20260922,2,logistic,relative_plus_baseline,angry,0.17130390821768626
esd_english,loudness,20260922,2,logistic,relative_plus_baseline,happy,0.191930269155924
esd_english,loudness,20260922,2,logistic,relative_plus_baseline,neutral,0.4492170081288979
esd_english,loudness,20260922,2,logistic,relative_plus_baseline,sad,0.18592527906626996
esd_english,loudness,20260922,2,logistic,relative_plus_baseline,surprise,0.5128298097096327
esd_english,loudness,20260922,2,hgb,absolute,angry,0.38566611826252745
esd_english,loudness,20260922,2,hgb,absolute,happy,0.2386328387284104
esd_english,loudness,20260922,2,hgb,absolute,neutral,0.486252553158237
esd_english,loudness,20260922,2,hgb,absolute,sad,0.10469022014149877
esd_english,loudness,20260922,2,hgb,absolute,surprise,0.2836155668875462
esd_english,loudness,20260922,2,hgb,relative,angry,0.3900815235001086
esd_english,loudness,20260922,2,hgb,relative,happy,0.18389185020389923
esd_english,loudness,20260922,2,hgb,relative,neutral,0.49011603883010096
esd_english,loudness,20260922,2,hgb,relative,sad,0.12323824338779812
esd_english,loudness,20260922,2,hgb,relative,surprise,0.42396683584436473
esd_english,loudness,20260922,2,hgb,relative_plus_baseline,angry,0.44973794718656984
esd_english,loudness,20260922,2,hgb,relative_plus_baseline,happy,0.0432412107539009
esd_english,loudness,20260922,2,hgb,relative_plus_baseline,neutral,0.4744439947340082
esd_english,loudness,20260922,2,hgb,relative_plus_baseline,sad,0.23049833801925013
esd_english,loudness,20260922,2,hgb,relative_plus_baseline,surprise,0.20395295979349887
esd_english,loudness,20260922,3,logistic,absolute,angry,0.37450304980114074
esd_english,loudness,20260922,3,logistic,absolute,happy,0.3445362501847298
esd_english,loudness,20260922,3,logistic,absolute,neutral,0.42952569348028513
esd_english,loudness,20260922,3,logistic,absolute,sad,0.20913052553315944
esd_english,loudness,20260922,3,logistic,absolute,surprise,0.07035403424623102
esd_english,loudness,20260922,3,logistic,relative,angry,0.33308532872334307
esd_english,loudness,20260922,3,logistic,relative,happy,0.3143380924818605
esd_english,loudness,20260922,3,logistic,relative,neutral,0.5308050194424324
esd_english,loudness,20260922,3,logistic,relative,sad,0.23381224356502497
esd_english,loudness,20260922,3,logistic,relative,surprise,0.17632686531884356
esd_english,loudness,20260922,3,logistic,relative_plus_baseline,angry,0.35897639713476676
esd_english,loudness,20260922,3,logistic,relative_plus_baseline,happy,0.2984558445367919
esd_english,loudness,20260922,3,logistic,relative_plus_baseline,neutral,0.515464574060847
esd_english,loudness,20260922,3,logistic,relative_plus_baseline,sad,0.2168353780293025
esd_english,loudness,20260922,3,logistic,relative_plus_baseline,surprise,0.08909874185023746
esd_english,loudness,20260922,3,hgb,absolute,angry,0.357027415489164
esd_english,loudness,20260922,3,hgb,absolute,happy,0.27393697462139815
esd_english,loudness,20260922,3,hgb,absolute,neutral,0.5211911006657793
esd_english,loudness,20260922,3,hgb,absolute,sad,0.15350753936541148
esd_english,loudness,20260922,3,hgb,absolute,surprise,0.13057647813847223
esd_english,loudness,20260922,3,hgb,relative,angry,0.21759141498721107
esd_english,loudness,20260922,3,hgb,relative,happy,0.21880121108854883
esd_english,loudness,20260922,3,hgb,relative,neutral,0.5295288348008105
esd_english,loudness,20260922,3,hgb,relative,sad,0.16916103246689781
esd_english,loudness,20260922,3,hgb,relative,surprise,0.4090214920887903
esd_english,loudness,20260922,3,hgb,relative_plus_baseline,angry,0.321278511183103
esd_english,loudness,20260922,3,hgb,relative_plus_baseline,happy,0.29478685371000823
esd_english,loudness,20260922,3,hgb,relative_plus_baseline,neutral,0.5094426669599992
esd_english,loudness,20260922,3,hgb,relative_plus_baseline,sad,0.06079886517129375
esd_english,loudness,20260922,3,hgb,relative_plus_baseline,surprise,0.48313740857396503
esd_english,loudness,20260922,4,logistic,absolute,angry,0.09769094138543497
esd_english,loudness,20260922,4,logistic,absolute,happy,0.24131944444444375
esd_english,loudness,20260922,4,logistic,absolute,neutral,0.5923753665689226
esd_english,loudness,20260922,4,logistic,absolute,sad,0.19744058500914033
esd_english,loudness,20260922,4,logistic,absolute,surprise,0.3536141445657885
esd_english,loudness,20260922,4,logistic,relative,angry,0.06238859180035642
esd_english,loudness,20260922,4,logistic,relative,happy,0.2008438818565397
esd_english,loudness,20260922,4,logistic,relative,neutral,0.5669398907103905
esd_english,loudness,20260922,4,logistic,relative,sad,0.22718808193668483
esd_english,loudness,20260922,4,logistic,relative,surprise,0.38700696055685274
esd_english,loudness,20260922,4,logistic,relative_plus_baseline,angry,0.07204116638078893
esd_english,loudness,20260922,4,logistic,relative_plus_baseline,happy,0.21331194867682424
esd_english,loudness,20260922,4,logistic,relative_plus_baseline,neutral,0.5552447552447625
esd_english,loudness,20260922,4,logistic,relative_plus_baseline,sad,0.2412241224122406
esd_english,loudness,20260922,4,logistic,relative_plus_baseline,surprise,0.37047898338221624
esd_english,loudness,20260922,4,hgb,absolute,angry,0.34754098360655683
esd_english,loudness,20260922,4,hgb,absolute,happy,0.30962343096234246
esd_english,loudness,20260922,4,hgb,absolute,neutral,0.5571565802113421
esd_english,loudness,20260922,4,hgb,absolute,sad,0.10368663594470075
esd_english,loudness,20260922,4,hgb,absolute,surprise,0.31926605504587446
esd_english,loudness,20260922,4,hgb,relative,angry,0.4162436548223351
esd_english,loudness,20260922,4,hgb,relative,happy,0.20874219446922332
esd_english,loudness,20260922,4,hgb,relative,neutral,0.5681191395477186
esd_english,loudness,20260922,4,hgb,relative,sad,0.16115702479338853
esd_english,loudness,20260922,4,hgb,relative,surprise,0.3538622129436384
esd_english,loudness,20260922,4,hgb,relative_plus_baseline,angry,0.5781618224666196
esd_english,loudness,20260922,4,hgb,relative_plus_baseline,happy,0.17762596071733522
esd_english,loudness,20260922,4,hgb,relative_plus_baseline,neutral,0.5108556832694842
esd_english,loudness,20260922,4,hgb,relative_plus_baseline,sad,0.25699168556311425
esd_english,loudness,20260922,4,hgb,relative_plus_baseline,surprise,0.39712057588482846
esd_english,rate,20260920,0,logistic,absolute,angry,0.16131989000916558
esd_english,rate,20260920,0,logistic,absolute,happy,0.03598971722365053
esd_english,rate,20260920,0,logistic,absolute,neutral,0.383043922369772
esd_english,rate,20260920,0,logistic,absolute,sad,0.3993115318416606
esd_english,rate,20260920,0,logistic,absolute,surprise,0.05418138987043602
esd_english,rate,20260920,0,logistic,relative,angry,0.14625228519195582
esd_english,rate,20260920,0,logistic,relative,happy,0.043312101910828196
esd_english,rate,20260920,0,logistic,relative,neutral,0.3890577507598857
esd_english,rate,20260920,0,logistic,relative,sad,0.4007029876977238
esd_english,rate,20260920,0,logistic,relative,surprise,0.08036739380022988
esd_english,rate,20260920,0,logistic,relative_plus_baseline,angry,0.15555555555555525
esd_english,rate,20260920,0,logistic,relative_plus_baseline,happy,0.04909560723514232
esd_english,rate,20260920,0,logistic,relative_plus_baseline,neutral,0.3861436576668436
esd_english,rate,20260920,0,logistic,relative_plus_baseline,sad,0.3993115318416606
esd_english,rate,20260920,0,logistic,relative_plus_baseline,surprise,0.07683352735739257
esd_english,rate,20260920,0,hgb,absolute,angry,0.13300892133008912
esd_english,rate,20260920,0,hgb,absolute,happy,0.16718913270637425
esd_english,rate,20260920,0,hgb,absolute,neutral,0.3056768558951988
esd_english,rate,20260920,0,hgb,absolute,sad,0.37137989778535774
esd_english,rate,20260920,0,hgb,absolute,surprise,0.08847497089639142
esd_english,rate,20260920,0,hgb,relative,angry,0.1282051282051282
esd_english,rate,20260920,0,hgb,relative,happy,0.1793372319688108
esd_english,rate,20260920,0,hgb,relative,neutral,0.34586466165414204
esd_english,rate,20260920,0,hgb,relative,sad,0.39478957915832424
esd_english,rate,20260920,0,hgb,relative,surprise,0.07177033492822993
esd_english,rate,20260920,0,hgb,relative_plus_baseline,angry,0.08061002178649262
esd_english,rate,20260920,0,hgb,relative_plus_baseline,happy,0.22261484098939865
esd_english,rate,20260920,0,hgb,relative_plus_baseline,neutral,0.30828516377649523
esd_english,rate,20260920,0,hgb,relative_plus_baseline,sad,0.35253054101222403
esd_english,rate,20260920,0,hgb,relative_plus_baseline,surprise,0.08537693006357844
esd_english,rate,20260920,1,logistic,absolute,angry,0.13664596273291887
esd_english,rate,20260920,1,logistic,absolute,happy,0.10558375634517775
esd_english,rate,20260920,1,logistic,absolute,neutral,0.3469801378192213
esd_english,rate,20260920,1,logistic,absolute,sad,0.25846153846153974
esd_english,rate,20260920,1,logistic,absolute,surprise,0.04020100502512579
esd_english,rate,20260920,1,logistic,relative,angry,0.13684210526315752
esd_english,rate,20260920,1,logistic,relative,happy,0.12810707456978956
esd_english,rate,20260920,1,logistic,relative,neutral,0.3348416289592827
esd_english,rate,20260920,1,logistic,relative,sad,0.28859060402684866
esd_english,rate,20260920,1,logistic,relative,surprise,0.03676470588235309
esd_english,rate,20260920,1,logistic,relative_plus_baseline,angry,0.13648293963254557
esd_english,rate,20260920,1,logistic,relative_plus_baseline,happy,0.10473313192346431
esd_english,rate,20260920,1,logistic,relative_plus_baseline,neutral,0.3463131731565945
esd_english,rate,20260920,1,logistic,relative_plus_baseline,sad,0.26118945432250285
esd_english,rate,20260920,1,logistic,relative_plus_baseline,surprise,0.05128205128205148
esd_english,rate,20260920,1,hgb,absolute,angry,0.08961748633879807
esd_english,rate,20260920,1,hgb,absolute,happy,0.16573556797020456
esd_english,rate,20260920,1,hgb,absolute,neutral,0.3063241106719416
esd_english,rate,20260920,1,hgb,absolute,sad,0.2926304464766039
esd_english,rate,20260920,1,hgb,absolute,surprise,0.1117021276595742
esd_english,rate,20260920,1,hgb,relative,angry,0.12059369202226328
esd_english,rate,20260920,1,hgb,relative,happy,0.1546860782529569
esd_english,rate,20260920,1,hgb,relative,neutral,0.3136729222520168
esd_english,rate,20260920,1,hgb,relative,sad,0.27651966626937025
esd_english,rate,20260920,1,hgb,relative,surprise,0.06394707828004434
esd_english,rate,20260920,1,hgb,relative_plus_baseline,angry,0.01122019635343623
esd_english,rate,20260920,1,hgb,relative_plus_baseline,happy,0.264778325123154
esd_english,rate,20260920,1,hgb,relative_plus_baseline,neutral,0.2733137829912044
esd_english,rate,20260920,1,hgb,relative_plus_baseline,sad,0.3244972577696589
esd_english,rate,20260920,1,hgb,relative_plus_baseline,surprise,0.02337662337662347
esd_english,rate,20260920,2,logistic,absolute,angry,0.13186813186813287
esd_english,rate,20260920,2,logistic,absolute,happy,0.06866952789699635
esd_english,rate,20260920,2,logistic,absolute,neutral,0.2803951367781131
esd_english,rate,20260920,2,logistic,absolute,sad,0.29704142011834733
esd_english,rate,20260920,2,logistic,absolute,surprise,0.016371077762619576
esd_english,rate,20260920,2,logistic,relative,angry,0.11087866108786713
esd_english,rate,20260920,2,logistic,relative,happy,0.0617420066152156
esd_english,rate,20260920,2,logistic,relative,neutral,0.2998554913294767
esd_english,rate,20260920,2,logistic,relative,sad,0.29343155310006613
esd_english,rate,20260920,2,logistic,relative,surprise,0.01373626373626391
esd_english,rate,20260920,2,logistic,relative_plus_baseline,angry,0.12849740932642598
esd_english,rate,20260920,2,logistic,relative_plus_baseline,happy,0.058252427184466576
esd_english,rate,20260920,2,logistic,relative_plus_baseline,neutral,0.2846469929025002
esd_english,rate,20260920,2,logistic,relative_plus_baseline,sad,0.2942227516378839
esd_english,rate,20260920,2,logistic,relative_plus_baseline,surprise,0.01621621621621642
esd_english,rate,20260920,2,hgb,absolute,angry,0.12262521588946534
esd_english,rate,20260920,2,hgb,absolute,happy,0.1567010309278362
esd_english,rate,20260920,2,hgb,absolute,neutral,0.28008948545861256
esd_english,rate,20260920,2,hgb,absolute,sad,0.30778443113772913
esd_english,rate,20260920,2,hgb,absolute,surprise,0.09424083769633594
esd_english,rate,20260920,2,hgb,relative,angry,0.10944206008583797
esd_english,rate,20260920,2,hgb,relative,happy,0.2358318098720306
esd_english,rate,20260920,2,hgb,relative,neutral,0.3375561912545958
esd_english,rate,20260920,2,hgb,relative,sad,0.27876397107166817
esd_english,rate,20260920,2,hgb,relative,surprise,0.20321931589537343
esd_english,rate,20260920,2,hgb,relative_plus_baseline,angry,0.09824561403508882
esd_english,rate,20260920,2,hgb,relative_plus_baseline,happy,0.28086419753086755
esd_english,rate,20260920,2,hgb,relative_plus_baseline,neutral,0.2850510677808729
esd_english,rate,20260920,2,hgb,relative_plus_baseline,sad,0.2893562778840078
esd_english,rate,20260920,2,hgb,relative_plus_baseline,surprise,0.13824057450628438
esd_english,rate,20260920,3,logistic,absolute,angry,0.15067079463364305
esd_english,rate,20260920,3,logistic,absolute,happy,0.04859335038363191
esd_english,rate,20260920,3,logistic,absolute,neutral,0.39771335238873795
esd_english,rate,20260920,3,logistic,absolute,sad,0.4508068714211438
esd_english,rate,20260920,3,logistic,absolute,surprise,0.07963594994311744
esd_english,rate,20260920,3,logistic,relative,angry,0.170655567117586
esd_english,rate,20260920,3,logistic,relative,happy,0.018252933507170867
esd_english,rate,20260920,3,logistic,relative,neutral,0.38185443668993746
esd_english,rate,20260920,3,logistic,relative,sad,0.45860927152318604
esd_english,rate,20260920,3,logistic,relative,surprise,0.044705882352941345
esd_english,rate,20260920,3,logistic,relative_plus_baseline,angry,0.1666666666666666
esd_english,rate,20260920,3,logistic,relative_plus_baseline,happy,0.01612903225806458
esd_english,rate,20260920,3,logistic,relative_plus_baseline,neutral,0.4090710859136585
esd_english,rate,20260920,3,logistic,relative_plus_baseline,sad,0.4506480558325112
esd_english,rate,20260920,3,logistic,relative_plus_baseline,surprise,0.0864067439409907
esd_english,rate,20260920,3,hgb,absolute,angry,0.12695492180312765
esd_english,rate,20260920,3,hgb,absolute,happy,0.2268786127167634
esd_english,rate,20260920,3,hgb,absolute,neutral,0.2795698924731209
esd_english,rate,20260920,3,hgb,absolute,sad,0.4146054181389932
esd_english,rate,20260920,3,hgb,absolute,surprise,0.16353383458646592
esd_english,rate,20260920,3,hgb,relative,angry,0.11753731343283566
esd_english,rate,20260920,3,hgb,relative,happy,0.23944875107665742
esd_english,rate,20260920,3,hgb,relative,neutral,0.39791258969341586
esd_english,rate,20260920,3,hgb,relative,sad,0.41776937618148335
esd_english,rate,20260920,3,hgb,relative,surprise,0.23792486583184191
esd_english,rate,20260920,3,hgb,relative_plus_baseline,angry,0.11680327868852469
esd_english,rate,20260920,3,hgb,relative_plus_baseline,happy,0.23588879528222362
esd_english,rate,20260920,3,hgb,relative_plus_baseline,neutral,0.4007763221737103
esd_english,rate,20260920,3,hgb,relative_plus_baseline,sad,0.27347858752817455
esd_english,rate,20260920,3,hgb,relative_plus_baseline,surprise,0.15778546712802813
esd_english,rate,20260920,4,logistic,absolute,angry,0.10953815330889215
esd_english,rate,20260920,4,logistic,absolute,happy,0.12973592860942407
esd_english,rate,20260920,4,logistic,absolute,neutral,0.05821197244110715
esd_english,rate,20260920,4,logistic,absolute,sad,0.4183006507483586
esd_english,rate,20260920,4,logistic,absolute,surprise,0.13807989189900158
esd_english,rate,20260920,4,logistic,relative,angry,0.12993266267910217
esd_english,rate,20260920,4,logistic,relative,happy,0.23893746699907778
esd_english,rate,20260920,4,logistic,relative,neutral,0.1271605101433948
esd_english,rate,20260920,4,logistic,relative,sad,0.3879539700961727
esd_english,rate,20260920,4,logistic,relative,surprise,0.12552991175047098
esd_english,rate,20260920,4,logistic,relative_plus_baseline,angry,0.10241306465006877
esd_english,rate,20260920,4,logistic,relative_plus_baseline,happy,0.12981848479005073
esd_english,rate,20260920,4,logistic,relative_plus_baseline,neutral,0.054443792057534954
esd_english,rate,20260920,4,logistic,relative_plus_baseline,sad,0.41832009910001766
esd_english,rate,20260920,4,logistic,relative_plus_baseline,surprise,0.13800920490159443
esd_english,rate,20260920,4,hgb,absolute,angry,0.11470917989577162
esd_english,rate,20260920,4,hgb,absolute,happy,0.08369670922608732
esd_english,rate,20260920,4,hgb,absolute,neutral,0.24891427020646437
esd_english,rate,20260920,4,hgb,absolute,sad,0.3634759610056606
esd_english,rate,20260920,4,hgb,absolute,surprise,0.07875993235779262
esd_english,rate,20260920,4,hgb,relative,angry,0.060673202679137464
esd_english,rate,20260920,4,hgb,relative,happy,0.15740550269992173
esd_english,rate,20260920,4,hgb,relative,neutral,0.3596351979957912
esd_english,rate,20260920,4,hgb,relative,sad,0.32430891055720096
esd_english,rate,20260920,4,hgb,relative,surprise,0.19775465741202186
esd_english,rate,20260920,4,hgb,relative_plus_baseline,angry,0.1795319198549357
esd_english,rate,20260920,4,hgb,relative_plus_baseline,happy,0.17299660485508128
esd_english,rate,20260920,4,hgb,relative_plus_baseline,neutral,0.2742806586084939
esd_english,rate,20260920,4,hgb,relative_plus_baseline,sad,0.1268715190702071
esd_english,rate,20260920,4,hgb,relative_plus_baseline,surprise,0.29229271354543507
esd_english,rate,20260921,0,logistic,absolute,angry,0.18164967562557888
esd_english,rate,20260921,0,logistic,absolute,happy,0.29607508532423793
esd_english,rate,20260921,0,logistic,absolute,neutral,0.011034482758620732
esd_english,rate,20260921,0,logistic,absolute,sad,0.4039357845675891
esd_english,rate,20260921,0,logistic,absolute,surprise,0.07817589576547256
esd_english,rate,20260921,0,logistic,relative,angry,0.16730038022813665
esd_english,rate,20260921,0,logistic,relative,happy,0.2764603817235419
esd_english,rate,20260921,0,logistic,relative,neutral,0.027397260273972716
esd_english,rate,20260921,0,logistic,relative,sad,0.42442984151527147
esd_english,rate,20260921,0,logistic,relative,surprise,0.08425720620842599
esd_english,rate,20260921,0,logistic,relative_plus_baseline,angry,0.19572953736654752
esd_english,rate,20260921,0,logistic,relative_plus_baseline,happy,0.2766061794997588
esd_english,rate,20260921,0,logistic,relative_plus_baseline,neutral,0.058375634517766735
esd_english,rate,20260921,0,logistic,relative_plus_baseline,sad,0.41103992114342874
esd_english,rate,20260921,0,logistic,relative_plus_baseline,surprise,0.12352941176470585
esd_english,rate,20260921,0,hgb,absolute,angry,0.1103448275862069
esd_english,rate,20260921,0,hgb,absolute,happy,0.19664634146341475
esd_english,rate,20260921,0,hgb,absolute,neutral,0.27543035993740556
esd_english,rate,20260921,0,hgb,absolute,sad,0.3759318423855228
esd_english,rate,20260921,0,hgb,absolute,surprise,0.07972665148063808
esd_english,rate,20260921,0,hgb,relative,angry,0.17879053461875494
esd_english,rate,20260921,0,hgb,relative,happy,0.1797323135755256
esd_english,rate,20260921,0,hgb,relative,neutral,0.3725490196078483
esd_english,rate,20260921,0,hgb,relative,sad,0.39813953488372944
esd_english,rate,20260921,0,hgb,relative,surprise,0.09472551130247601
esd_english,rate,20260921,0,hgb,relative_plus_baseline,angry,0.13269230769230758
esd_english,rate,20260921,0,hgb,relative_plus_baseline,happy,0.28740740740740767
esd_english,rate,20260921,0,hgb,relative_plus_baseline,neutral,0.37445573294630086
esd_english,rate,20260921,0,hgb,relative_plus_baseline,sad,0.3053817271589509
esd_english,rate,20260921,0,hgb,relative_plus_baseline,surprise,0.1835985312117513
esd_english,rate,20260921,1,logistic,absolute,angry,0.15230125523012528
esd_english,rate,20260921,1,logistic,absolute,happy,0.08633093525179883
esd_english,rate,20260921,1,logistic,absolute,neutral,0.26197028068244593
esd_english,rate,20260921,1,logistic,absolute,sad,0.33451957295374346
esd_english,rate,20260921,1,logistic,absolute,surprise,0.08609271523178834
esd_english,rate,20260921,1,logistic,relative,angry,0.14748201438848885
esd_english,rate,20260921,1,logistic,relative,happy,0.06888361045130667
esd_english,rate,20260921,1,logistic,relative,neutral,0.31199693369107306
esd_english,rate,20260921,1,logistic,relative,sad,0.2603550295857998
esd_english,rate,20260921,1,logistic,relative,surprise,0.06550218340611377
esd_english,rate,20260921,1,logistic,relative_plus_baseline,angry,0.13583556747095588
esd_english,rate,20260921,1,logistic,relative_plus_baseline,happy,0.11062906724511958
esd_english,rate,20260921,1,logistic,relative_plus_baseline,neutral,0.2618907809747521
esd_english,rate,20260921,1,logistic,relative_plus_baseline,sad,0.33824733824734593
esd_english,rate,20260921,1,logistic,relative_plus_baseline,surprise,0.04914004914004934
esd_english,rate,20260921,1,hgb,absolute,angry,0.09284332688588005
esd_english,rate,20260921,1,hgb,absolute,happy,0.09052631578947386
esd_english,rate,20260921,1,hgb,absolute,neutral,0.23908296943231613
esd_english,rate,20260921,1,hgb,absolute,sad,0.3382663847780201
esd_english,rate,20260921,1,hgb,absolute,surprise,0.0830280830280833
esd_english,rate,20260921,1,hgb,relative,angry,0.0756756756756759
esd_english,rate,20260921,1,hgb,relative,happy,0.19089316987740748
esd_english,rate,20260921,1,hgb,relative,neutral,0.33861551292744707
esd_english,rate,20260921,1,hgb,relative,sad,0.26098026734564084
esd_english,rate,20260921,1,hgb,relative,surprise,0.18049792531120343
esd_english,rate,20260921,1,hgb,relative_plus_baseline,angry,0.2029208301306688
esd_english,rate,20260921,1,hgb,relative_plus_baseline,happy,0.24294156270518805
esd_english,rate,20260921,1,hgb,relative_plus_baseline,neutral,0.272844272844274
esd_english,rate,20260921,1,hgb,relative_plus_baseline,sad,0.25701239399869635
esd_english,rate,20260921,1,hgb,relative_plus_baseline,surprise,0.26446280991735477
esd_english,rate,20260921,2,logistic,absolute,angry,0.08715422457502424
esd_english,rate,20260921,2,logistic,absolute,happy,0.017321915555131052
esd_english,rate,20260921,2,logistic,absolute,neutral,0.3713346515608832
esd_english,rate,20260921,2,logistic,absolute,sad,0.519500063211865
esd_english,rate,20260921,2,logistic,absolute,surprise,0.12931969626530251
esd_english,rate,20260921,2,logistic,relative,angry,0.09626847705715214
esd_english,rate,20260921,2,logistic,relative,happy,0.027192033580599923
esd_english,rate,20260921,2,logistic,relative,neutral,0.3573106024763076
esd_english,rate,20260921,2,logistic,relative,sad,0.4989054508669745
esd_english,rate,20260921,2,logistic,relative,surprise,0.12540100935987086
esd_english,rate,20260921,2,logistic,relative_plus_baseline,angry,0.11110809732642712
esd_english,rate,20260921,2,logistic,relative_plus_baseline,happy,0.021867813836743504
esd_english,rate,20260921,2,logistic,relative_plus_baseline,neutral,0.37084723371023104
esd_english,rate,20260921,2,logistic,relative_plus_baseline,sad,0.5180940151341445
esd_english,rate,20260921,2,logistic,relative_plus_baseline,surprise,0.10726589941410199
esd_english,rate,20260921,2,hgb,absolute,angry,0.09135278398741359
esd_english,rate,20260921,2,hgb,absolute,happy,0.20400299618775952
esd_english,rate,20260921,2,hgb,absolute,neutral,0.29001259969313103
esd_english,rate,20260921,2,hgb,absolute,sad,0.38942253188020004
esd_english,rate,20260921,2,hgb,absolute,surprise,0.19794188829976972
esd_english,rate,20260921,2,hgb,relative,angry,0.0705477097167376
esd_english,rate,20260921,2,hgb,relative,happy,0.22254814590606015
esd_english,rate,20260921,2,hgb,relative,neutral,0.36665714560963847
esd_english,rate,20260921,2,hgb,relative,sad,0.3874669042450413
esd_english,rate,20260921,2,hgb,relative,surprise,0.2191617954849013
esd_english,rate,20260921,2,hgb,relative_plus_baseline,angry,0.11570753720763666
esd_english,rate,20260921,2,hgb,relative_plus_baseline,happy,0.08260422939321978
esd_english,rate,20260921,2,hgb,relative_plus_baseline,neutral,0.3124362070288055
esd_english,rate,20260921,2,hgb,relative_plus_baseline,sad,0.21749747751228918
esd_english,rate,20260921,2,hgb,relative_plus_baseline,surprise,0.045709395032225604
esd_english,rate,20260921,3,logistic,absolute,angry,0.10435598917989147
esd_english,rate,20260921,3,logistic,absolute,happy,0.03588871609082413
esd_english,rate,20260921,3,logistic,absolute,neutral,0.3797181842659191
esd_english,rate,20260921,3,logistic,absolute,sad,0.33720304601206075
esd_english,rate,20260921,3,logistic,absolute,surprise,0.030901450561874915
esd_english,rate,20260921,3,logistic,relative,angry,0.1105868498693508
esd_english,rate,20260921,3,logistic,relative,happy,0.057846840041725585
esd_english,rate,20260921,3,logistic,relative,neutral,0.3859517352102854
esd_english,rate,20260921,3,logistic,relative,sad,0.3456780264974832
esd_english,rate,20260921,3,logistic,relative,surprise,0.03784588023260289
esd_english,rate,20260921,3,logistic,relative_plus_baseline,angry,0.10623442592804845
esd_english,rate,20260921,3,logistic,relative_plus_baseline,happy,0.03135128103334997
esd_english,rate,20260921,3,logistic,relative_plus_baseline,neutral,0.37908534994928633
esd_english,rate,20260921,3,logistic,relative_plus_baseline,sad,0.3370753137836321
esd_english,rate,20260921,3,logistic,relative_plus_baseline,surprise,0.02821575424827423
esd_english,rate,20260921,3,hgb,absolute,angry,0.10122690221197252
esd_english,rate,20260921,3,hgb,absolute,happy,0.1594903242954937
esd_english,rate,20260921,3,hgb,absolute,neutral,0.2978743596919247
esd_english,rate,20260921,3,hgb,absolute,sad,0.333191254585228
esd_english,rate,20260921,3,hgb,absolute,surprise,0.12816216963442892
esd_english,rate,20260921,3,hgb,relative,angry,0.11425514756134285
esd_english,rate,20260921,3,hgb,relative,happy,0.1741381758283659
esd_english,rate,20260921,3,hgb,relative,neutral,0.34232220302982713
esd_english,rate,20260921,3,hgb,relative,sad,0.3327006894191852
esd_english,rate,20260921,3,hgb,relative,surprise,0.11605023056845777
esd_english,rate,20260921,3,hgb,relative_plus_baseline,angry,0.10386333194666075
esd_english,rate,20260921,3,hgb,relative_plus_baseline,happy,0.29083933554696073
esd_english,rate,20260921,3,hgb,relative_plus_baseline,neutral,0.27862478244004707
esd_english,rate,20260921,3,hgb,relative_plus_baseline,sad,0.3438761216105878
esd_english,rate,20260921,3,hgb,relative_plus_baseline,surprise,0.0840874298675208
esd_english,rate,20260921,4,logistic,absolute,angry,0.15844931882116398
esd_english,rate,20260921,4,logistic,absolute,happy,0.05444362960124379
esd_english,rate,20260921,4,logistic,absolute,neutral,0.2649275288907681
esd_english,rate,20260921,4,logistic,absolute,sad,0.24983498886894448
esd_english,rate,20260921,4,logistic,absolute,surprise,0.04837568341474826
esd_english,rate,20260921,4,logistic,relative,angry,0.1203927849457683
esd_english,rate,20260921,4,logistic,relative,happy,0.05763792548105618
esd_english,rate,20260921,4,logistic,relative,neutral,0.2870689514655324
esd_english,rate,20260921,4,logistic,relative,sad,0.2362094420658509
esd_english,rate,20260921,4,logistic,relative,surprise,0.0584958392124674
esd_english,rate,20260921,4,logistic,relative_plus_baseline,angry,0.15091943507537275
esd_english,rate,20260921,4,logistic,relative_plus_baseline,happy,0.045777290647647115
esd_english,rate,20260921,4,logistic,relative_plus_baseline,neutral,0.2652011766166689
esd_english,rate,20260921,4,logistic,relative_plus_baseline,sad,0.24894600301659314
esd_english,rate,20260921,4,logistic,relative_plus_baseline,surprise,0.06517460765541365
esd_english,rate,20260921,4,hgb,absolute,angry,0.13097751289330206
esd_english,rate,20260921,4,hgb,absolute,happy,0.12860917969719832
esd_english,rate,20260921,4,hgb,absolute,neutral,0.2827267671409023
esd_english,rate,20260921,4,hgb,absolute,sad,0.27564614417874783
esd_english,rate,20260921,4,hgb,absolute,surprise,0.08612109108549615
esd_english,rate,20260921,4,hgb,relative,angry,0.11636706088858086
esd_english,rate,20260921,4,hgb,relative,happy,0.18134381994784088
esd_english,rate,20260921,4,hgb,relative,neutral,0.3052742669667257
esd_english,rate,20260921,4,hgb,relative,sad,0.24670719330542698
esd_english,rate,20260921,4,hgb,relative,surprise,0.19969488457870446
esd_english,rate,20260921,4,hgb,relative_plus_baseline,angry,0.10324867223786853
esd_english,rate,20260921,4,hgb,relative_plus_baseline,happy,0.22795286696337838
esd_english,rate,20260921,4,hgb,relative_plus_baseline,neutral,0.2862052672689849
esd_english,rate,20260921,4,hgb,relative_plus_baseline,sad,0.24392590127845218
esd_english,rate,20260921,4,hgb,relative_plus_baseline,surprise,0.1217304497565044
esd_english,rate,20260922,0,logistic,absolute,angry,0.14925373134328315
esd_english,rate,20260922,0,logistic,absolute,happy,0.0028288543140028402
esd_english,rate,20260922,0,logistic,absolute,neutral,0.09166666666666681
esd_english,rate,20260922,0,logistic,absolute,sad,0.29347198151357873
esd_english,rate,20260922,0,logistic,absolute,surprise,0.19732034104750565
esd_english,rate,20260922,0,logistic,relative,angry,0.15555555555555525
esd_english,rate,20260922,0,logistic,relative,happy,0.23920265780731062
esd_english,rate,20260922,0,logistic,relative,neutral,0.15245737211634905
esd_english,rate,20260922,0,logistic,relative,sad,0.34833333333334127
esd_english,rate,20260922,0,logistic,relative,surprise,0.005578800557880077
esd_english,rate,20260922,0,logistic,relative_plus_baseline,angry,0.15544041450777163
esd_english,rate,20260922,0,logistic,relative_plus_baseline,happy,0.0
esd_english,rate,20260922,0,logistic,relative_plus_baseline,neutral,0.07602956705385447
esd_english,rate,20260922,0,logistic,relative_plus_baseline,sad,0.3077753779697664
esd_english,rate,20260922,0,logistic,relative_plus_baseline,surprise,0.18267178830559314
esd_english,rate,20260922,0,hgb,absolute,angry,0.0927835051546393
esd_english,rate,20260922,0,hgb,absolute,happy,0.17350157728706625
esd_english,rate,20260922,0,hgb,absolute,neutral,0.2814657461497644
esd_english,rate,20260922,0,hgb,absolute,sad,0.29281469475959293
esd_english,rate,20260922,0,hgb,absolute,surprise,0.07392996108949418
esd_english,rate,20260922,0,hgb,relative,angry,0.10739614994934152
esd_english,rate,20260922,0,hgb,relative,happy,0.14808043875685528
esd_english,rate,20260922,0,hgb,relative,neutral,0.3563218390804645
esd_english,rate,20260922,0,hgb,relative,sad,0.34521739130435525
esd_english,rate,20260922,0,hgb,relative,surprise,0.05233219567690578
esd_english,rate,20260922,0,hgb,relative_plus_baseline,angry,0.11050920910075866
esd_english,rate,20260922,0,hgb,relative_plus_baseline,happy,0.27152317880794796
esd_english,rate,20260922,0,hgb,relative_plus_baseline,neutral,0.3625000000000023
esd_english,rate,20260922,0,hgb,relative_plus_baseline,sad,0.2821869488536178
esd_english,rate,20260922,0,hgb,relative_plus_baseline,surprise,0.18653576437587704
esd_english,rate,20260922,1,logistic,absolute,angry,0.10435598917989147
esd_english,rate,20260922,1,logistic,absolute,happy,0.03588871609082413
esd_english,rate,20260922,1,logistic,absolute,neutral,0.3797181842659191
esd_english,rate,20260922,1,logistic,absolute,sad,0.33720304601206075
esd_english,rate,20260922,1,logistic,absolute,surprise,0.030901450561874915
esd_english,rate,20260922,1,logistic,relative,angry,0.1105868498693508
esd_english,rate,20260922,1,logistic,relative,happy,0.057846840041725585
esd_english,rate,20260922,1,logistic,relative,neutral,0.3859517352102854
esd_english,rate,20260922,1,logistic,relative,sad,0.3456780264974832
esd_english,rate,20260922,1,logistic,relative,surprise,0.03784588023260289
esd_english,rate,20260922,1,logistic,relative_plus_baseline,angry,0.10623442592804845
esd_english,rate,20260922,1,logistic,relative_plus_baseline,happy,0.03135128103334997
esd_english,rate,20260922,1,logistic,relative_plus_baseline,neutral,0.37908534994928633
esd_english,rate,20260922,1,logistic,relative_plus_baseline,sad,0.3370753137836321
esd_english,rate,20260922,1,logistic,relative_plus_baseline,surprise,0.02821575424827423
esd_english,rate,20260922,1,hgb,absolute,angry,0.10122690221197252
esd_english,rate,20260922,1,hgb,absolute,happy,0.1594903242954937
esd_english,rate,20260922,1,hgb,absolute,neutral,0.2978743596919247
esd_english,rate,20260922,1,hgb,absolute,sad,0.333191254585228
esd_english,rate,20260922,1,hgb,absolute,surprise,0.12816216963442892
esd_english,rate,20260922,1,hgb,relative,angry,0.11425514756134285
esd_english,rate,20260922,1,hgb,relative,happy,0.1741381758283659
esd_english,rate,20260922,1,hgb,relative,neutral,0.34232220302982713
esd_english,rate,20260922,1,hgb,relative,sad,0.3327006894191852
esd_english,rate,20260922,1,hgb,relative,surprise,0.11605023056845777
esd_english,rate,20260922,1,hgb,relative_plus_baseline,angry,0.10386333194666075
esd_english,rate,20260922,1,hgb,relative_plus_baseline,happy,0.29083933554696073
esd_english,rate,20260922,1,hgb,relative_plus_baseline,neutral,0.27862478244004707
esd_english,rate,20260922,1,hgb,relative_plus_baseline,sad,0.3438761216105878
esd_english,rate,20260922,1,hgb,relative_plus_baseline,surprise,0.0840874298675208
esd_english,rate,20260922,2,logistic,absolute,angry,0.10953815330889215
esd_english,rate,20260922,2,logistic,absolute,happy,0.12973592860942407
esd_english,rate,20260922,2,logistic,absolute,neutral,0.05821197244110715
esd_english,rate,20260922,2,logistic,absolute,sad,0.4183006507483586
esd_english,rate,20260922,2,logistic,absolute,surprise,0.13807989189900158
esd_english,rate,20260922,2,logistic,relative,angry,0.12993266267910217
esd_english,rate,20260922,2,logistic,relative,happy,0.23893746699907778
esd_english,rate,20260922,2,logistic,relative,neutral,0.1271605101433948
esd_english,rate,20260922,2,logistic,relative,sad,0.3879539700961727
esd_english,rate,20260922,2,logistic,relative,surprise,0.12552991175047098
esd_english,rate,20260922,2,logistic,relative_plus_baseline,angry,0.10241306465006877
esd_english,rate,20260922,2,logistic,relative_plus_baseline,happy,0.12981848479005073
esd_english,rate,20260922,2,logistic,relative_plus_baseline,neutral,0.054443792057534954
esd_english,rate,20260922,2,logistic,relative_plus_baseline,sad,0.41832009910001766
esd_english,rate,20260922,2,logistic,relative_plus_baseline,surprise,0.13800920490159443
esd_english,rate,20260922,2,hgb,absolute,angry,0.11470917989577162
esd_english,rate,20260922,2,hgb,absolute,happy,0.08369670922608732
esd_english,rate,20260922,2,hgb,absolute,neutral,0.24891427020646437
esd_english,rate,20260922,2,hgb,absolute,sad,0.3634759610056606
esd_english,rate,20260922,2,hgb,absolute,surprise,0.07875993235779262
esd_english,rate,20260922,2,hgb,relative,angry,0.060673202679137464
esd_english,rate,20260922,2,hgb,relative,happy,0.15740550269992173
esd_english,rate,20260922,2,hgb,relative,neutral,0.3596351979957912
esd_english,rate,20260922,2,hgb,relative,sad,0.32430891055720096
esd_english,rate,20260922,2,hgb,relative,surprise,0.19775465741202186
esd_english,rate,20260922,2,hgb,relative_plus_baseline,angry,0.1795319198549357
esd_english,rate,20260922,2,hgb,relative_plus_baseline,happy,0.17299660485508128
esd_english,rate,20260922,2,hgb,relative_plus_baseline,neutral,0.2742806586084939
esd_english,rate,20260922,2,hgb,relative_plus_baseline,sad,0.1268715190702071
esd_english,rate,20260922,2,hgb,relative_plus_baseline,surprise,0.29229271354543507
esd_english,rate,20260922,3,logistic,absolute,angry,0.16211599448136535
esd_english,rate,20260922,3,logistic,absolute,happy,0.08324783246916984
esd_english,rate,20260922,3,logistic,absolute,neutral,0.28499579463522323
esd_english,rate,20260922,3,logistic,absolute,sad,0.37986098158089693
esd_english,rate,20260922,3,logistic,absolute,surprise,0.050587834830195993
esd_english,rate,20260922,3,logistic,relative,angry,0.16030970496675415
esd_english,rate,20260922,3,logistic,relative,happy,0.06785475153079584
esd_english,rate,20260922,3,logistic,relative,neutral,0.3055475187792654
esd_english,rate,20260922,3,logistic,relative,sad,0.37694027183037254
esd_english,rate,20260922,3,logistic,relative,surprise,0.017805272747382108
esd_english,rate,20260922,3,logistic,relative_plus_baseline,angry,0.18017125206655643
esd_english,rate,20260922,3,logistic,relative_plus_baseline,happy,0.07341943835741702
esd_english,rate,20260922,3,logistic,relative_plus_baseline,neutral,0.286836160187138
esd_english,rate,20260922,3,logistic,relative_plus_baseline,sad,0.3847634238450923
esd_english,rate,20260922,3,logistic,relative_plus_baseline,surprise,0.05481599736063087
esd_english,rate,20260922,3,hgb,absolute,angry,0.15208371973505894
esd_english,rate,20260922,3,hgb,absolute,happy,0.12299291078653399
esd_english,rate,20260922,3,hgb,absolute,neutral,0.2802143150645813
esd_english,rate,20260922,3,hgb,absolute,sad,0.3658903527086784
esd_english,rate,20260922,3,hgb,absolute,surprise,0.07529830671326411
esd_english,rate,20260922,3,hgb,relative,angry,0.09471138795437897
esd_english,rate,20260922,3,hgb,relative,happy,0.21682441134397878
esd_english,rate,20260922,3,hgb,relative,neutral,0.3291183352764919
esd_english,rate,20260922,3,hgb,relative,sad,0.3521518137206307
esd_english,rate,20260922,3,hgb,relative,surprise,0.17569106457673017
esd_english,rate,20260922,3,hgb,relative_plus_baseline,angry,0.09505552378167353
esd_english,rate,20260922,3,hgb,relative_plus_baseline,happy,0.21373029700324309
esd_english,rate,20260922,3,hgb,relative_plus_baseline,neutral,0.30368767511504186
esd_english,rate,20260922,3,hgb,relative_plus_baseline,sad,0.3149201437513472
esd_english,rate,20260922,3,hgb,relative_plus_baseline,surprise,0.17023733908895433
esd_english,rate,20260922,4,logistic,absolute,angry,0.1372950819672132
esd_english,rate,20260922,4,logistic,absolute,happy,0.0775193798449615
esd_english,rate,20260922,4,logistic,absolute,neutral,0.33239209358613037
esd_english,rate,20260922,4,logistic,absolute,sad,0.43531371460300594
esd_english,rate,20260922,4,logistic,absolute,surprise,0.038049940546968045
esd_english,rate,20260922,4,logistic,relative,angry,0.1411530815109344
esd_english,rate,20260922,4,logistic,relative,happy,0.06787330316742106
esd_english,rate,20260922,4,logistic,relative,neutral,0.3325102880658511
esd_english,rate,20260922,4,logistic,relative,sad,0.43572984749456123
esd_english,rate,20260922,4,logistic,relative,surprise,0.04739336492891014
esd_english,rate,20260922,4,logistic,relative_plus_baseline,angry,0.15353535353535358
esd_english,rate,20260922,4,logistic,relative_plus_baseline,happy,0.07882882882882909
esd_english,rate,20260922,4,logistic,relative_plus_baseline,neutral,0.33279483037157404
esd_english,rate,20260922,4,logistic,relative_plus_baseline,sad,0.43386828998340554
esd_english,rate,20260922,4,logistic,relative_plus_baseline,surprise,0.04529201430274153
esd_english,rate,20260922,4,hgb,absolute,angry,0.08008429926238163
esd_english,rate,20260922,4,hgb,absolute,happy,0.20330147697654158
esd_english,rate,20260922,4,hgb,absolute,neutral,0.30400000000000404
esd_english,rate,20260922,4,hgb,absolute,sad,0.3813471502590741
esd_english,rate,20260922,4,hgb,absolute,surprise,0.15342465753424625
esd_english,rate,20260922,4,hgb,relative,angry,0.13178294573643404
esd_english,rate,20260922,4,hgb,relative,happy,0.19945105215004527
esd_english,rate,20260922,4,hgb,relative,neutral,0.3448275862069032
esd_english,rate,20260922,4,hgb,relative,sad,0.3678160919540274
esd_english,rate,20260922,4,hgb,relative,surprise,0.24796380090497672
esd_english,rate,20260922,4,hgb,relative_plus_baseline,angry,0.10717896865520735
esd_english,rate,20260922,4,hgb,relative_plus_baseline,happy,0.22813688212927774
esd_english,rate,20260922,4,hgb,relative_plus_baseline,neutral,0.30762124711316957
esd_english,rate,20260922,4,hgb,relative_plus_baseline,sad,0.3096476025418866
esd_english,rate,20260922,4,hgb,relative_plus_baseline,surprise,0.005000000000000018
mead_part0,pitch,20260920,0,logistic,absolute,angry,0.07308308332448696
mead_part0,pitch,20260920,0,logistic,absolute,happy,0.06600396194010442
mead_part0,pitch,20260920,0,logistic,absolute,neutral,0.20478709602147033
mead_part0,pitch,20260920,0,logistic,absolute,sad,0.03309897408943624
mead_part0,pitch,20260920,0,logistic,absolute,surprise,0.2951929515871807
mead_part0,pitch,20260920,0,logistic,relative,angry,0.09997835913902
mead_part0,pitch,20260920,0,logistic,relative,happy,0.2848844880229303
mead_part0,pitch,20260920,0,logistic,relative,neutral,0.32712116437105293
mead_part0,pitch,20260920,0,logistic,relative,sad,0.07117867511016326
mead_part0,pitch,20260920,0,logistic,relative,surprise,0.29394691557014546
mead_part0,pitch,20260920,0,logistic,relative_plus_baseline,angry,0.09524880102856755
mead_part0,pitch,20260920,0,logistic,relative_plus_baseline,happy,0.25022224576683416
mead_part0,pitch,20260920,0,logistic,relative_plus_baseline,neutral,0.3267153386953287
mead_part0,pitch,20260920,0,logistic,relative_plus_baseline,sad,0.0523186679237574
mead_part0,pitch,20260920,0,logistic,relative_plus_baseline,surprise,0.29661534022555486
mead_part0,pitch,20260920,0,hgb,absolute,angry,0.2562242508634209
mead_part0,pitch,20260920,0,hgb,absolute,happy,0.15912629116535254
mead_part0,pitch,20260920,0,hgb,absolute,neutral,0.21439558504698725
mead_part0,pitch,20260920,0,hgb,absolute,sad,0.19572046022448494
mead_part0,pitch,20260920,0,hgb,absolute,surprise,0.2570367164040778
mead_part0,pitch,20260920,0,hgb,relative,angry,0.21738580239918925
mead_part0,pitch,20260920,0,hgb,relative,happy,0.19814737888221562
mead_part0,pitch,20260920,0,hgb,relative,neutral,0.3355709896305317
mead_part0,pitch,20260920,0,hgb,relative,sad,0.20098907938783148
mead_part0,pitch,20260920,0,hgb,relative,surprise,0.25246343974610047
mead_part0,pitch,20260920,0,hgb,relative_plus_baseline,angry,0.2209464139454696
mead_part0,pitch,20260920,0,hgb,relative_plus_baseline,happy,0.17458917055026535
mead_part0,pitch,20260920,0,hgb,relative_plus_baseline,neutral,0.3340206422833784
mead_part0,pitch,20260920,0,hgb,relative_plus_baseline,sad,0.11467861995042605
mead_part0,pitch,20260920,0,hgb,relative_plus_baseline,surprise,0.2662735690541454
mead_part0,pitch,20260920,1,logistic,absolute,angry,0.04180487328757604
mead_part0,pitch,20260920,1,logistic,absolute,happy,0.09017646913526269
mead_part0,pitch,20260920,1,logistic,absolute,neutral,0.20228933942038543
mead_part0,pitch,20260920,1,logistic,absolute,sad,0.03025160545308376
mead_part0,pitch,20260920,1,logistic,absolute,surprise,0.33331501441131944
mead_part0,pitch,20260920,1,logistic,relative,angry,0.1721014687263938
mead_part0,pitch,20260920,1,logistic,relative,happy,0.2579846537410305
mead_part0,pitch,20260920,1,logistic,relative,neutral,0.3409653490580794
mead_part0,pitch,20260920,1,logistic,relative,sad,0.032655587608369445
mead_part0,pitch,20260920,1,logistic,relative,surprise,0.2947093561075183
mead_part0,pitch,20260920,1,logistic,relative_plus_baseline,angry,0.15825492501076335
mead_part0,pitch,20260920,1,logistic,relative_plus_baseline,happy,0.24998150081918435
mead_part0,pitch,20260920,1,logistic,relative_plus_baseline,neutral,0.34648815479539946
mead_part0,pitch,20260920,1,logistic,relative_plus_baseline,sad,0.037402219878571764
mead_part0,pitch,20260920,1,logistic,relative_plus_baseline,surprise,0.3175387164653933
mead_part0,pitch,20260920,1,hgb,absolute,angry,0.20347097196285466
mead_part0,pitch,20260920,1,hgb,absolute,happy,0.19935980010983098
mead_part0,pitch,20260920,1,hgb,absolute,neutral,0.2629234799224679
mead_part0,pitch,20260920,1,hgb,absolute,sad,0.16609456929392413
mead_part0,pitch,20260920,1,hgb,absolute,surprise,0.14387014112864452
mead_part0,pitch,20260920,1,hgb,relative,angry,0.14156563232977967
mead_part0,pitch,20260920,1,hgb,relative,happy,0.22447867458060605
mead_part0,pitch,20260920,1,hgb,relative,neutral,0.3187128441578216
mead_part0,pitch,20260920,1,hgb,relative,sad,0.21428099930904188
mead_part0,pitch,20260920,1,hgb,relative,surprise,0.25431724457847543
mead_part0,pitch,20260920,1,hgb,relative_plus_baseline,angry,0.24639552282924385
mead_part0,pitch,20260920,1,hgb,relative_plus_baseline,happy,0.22620468605433475
mead_part0,pitch,20260920,1,hgb,relative_plus_baseline,neutral,0.3333946522974402
mead_part0,pitch,20260920,1,hgb,relative_plus_baseline,sad,0.19188765810677333
mead_part0,pitch,20260920,1,hgb,relative_plus_baseline,surprise,0.16518727992230173
mead_part0,pitch,20260920,2,logistic,absolute,angry,0.048215634753189934
mead_part0,pitch,20260920,2,logistic,absolute,happy,0.08123925527147134
mead_part0,pitch,20260920,2,logistic,absolute,neutral,0.21129438299119827
mead_part0,pitch,20260920,2,logistic,absolute,sad,0.008614442335339706
mead_part0,pitch,20260920,2,logistic,absolute,surprise,0.3516677136168194
mead_part0,pitch,20260920,2,logistic,relative,angry,0.11033187697162807
mead_part0,pitch,20260920,2,logistic,relative,happy,0.25272651861399265
mead_part0,pitch,20260920,2,logistic,relative,neutral,0.3276409434255594
mead_part0,pitch,20260920,2,logistic,relative,sad,0.023047525276318623
mead_part0,pitch,20260920,2,logistic,relative,surprise,0.3592827897308085
mead_part0,pitch,20260920,2,logistic,relative_plus_baseline,angry,0.11103101330754259
mead_part0,pitch,20260920,2,logistic,relative_plus_baseline,happy,0.24493824540942333
mead_part0,pitch,20260920,2,logistic,relative_plus_baseline,neutral,0.32840593164180637
mead_part0,pitch,20260920,2,logistic,relative_plus_baseline,sad,0.03505284362660018
mead_part0,pitch,20260920,2,logistic,relative_plus_baseline,surprise,0.39283638869081916
mead_part0,pitch,20260920,2,hgb,absolute,angry,0.2715359466769115
mead_part0,pitch,20260920,2,hgb,absolute,happy,0.16787216936032076
mead_part0,pitch,20260920,2,hgb,absolute,neutral,0.2286819994610997
mead_part0,pitch,20260920,2,hgb,absolute,sad,0.1880253543489396
mead_part0,pitch,20260920,2,hgb,absolute,surprise,0.2751092775901657
mead_part0,pitch,20260920,2,hgb,relative,angry,0.21096151767975949
mead_part0,pitch,20260920,2,hgb,relative,happy,0.1734930443008442
mead_part0,pitch,20260920,2,hgb,relative,neutral,0.3360456891136103
mead_part0,pitch,20260920,2,hgb,relative,sad,0.18662081330862235
mead_part0,pitch,20260920,2,hgb,relative,surprise,0.2979708689393002
mead_part0,pitch,20260920,2,hgb,relative_plus_baseline,angry,0.2402063152262369
mead_part0,pitch,20260920,2,hgb,relative_plus_baseline,happy,0.1161119615831506
mead_part0,pitch,20260920,2,hgb,relative_plus_baseline,neutral,0.339261790529654
mead_part0,pitch,20260920,2,hgb,relative_plus_baseline,sad,0.19402180076778774
mead_part0,pitch,20260920,2,hgb,relative_plus_baseline,surprise,0.3237947016407548
mead_part0,pitch,20260920,3,logistic,absolute,angry,0.0705595800093174
mead_part0,pitch,20260920,3,logistic,absolute,happy,0.05606480399441848
mead_part0,pitch,20260920,3,logistic,absolute,neutral,0.19251753259172685
mead_part0,pitch,20260920,3,logistic,absolute,sad,0.018880629911496388
mead_part0,pitch,20260920,3,logistic,absolute,surprise,0.30771653856804476
mead_part0,pitch,20260920,3,logistic,relative,angry,0.07827162348363248
mead_part0,pitch,20260920,3,logistic,relative,happy,0.24673827329252468
mead_part0,pitch,20260920,3,logistic,relative,neutral,0.385423233496929
mead_part0,pitch,20260920,3,logistic,relative,sad,0.037038072433980475
mead_part0,pitch,20260920,3,logistic,relative,surprise,0.3737933135727459
mead_part0,pitch,20260920,3,logistic,relative_plus_baseline,angry,0.1063416830750851
mead_part0,pitch,20260920,3,logistic,relative_plus_baseline,happy,0.29201873873546375
mead_part0,pitch,20260920,3,logistic,relative_plus_baseline,neutral,0.3837081807342862
mead_part0,pitch,20260920,3,logistic,relative_plus_baseline,sad,0.16759003384502533
mead_part0,pitch,20260920,3,logistic,relative_plus_baseline,surprise,0.3604559343310028
mead_part0,pitch,20260920,3,hgb,absolute,angry,0.19152454650347392
mead_part0,pitch,20260920,3,hgb,absolute,happy,0.1702094121495649
mead_part0,pitch,20260920,3,hgb,absolute,neutral,0.29885258023190486
mead_part0,pitch,20260920,3,hgb,absolute,sad,0.17969107021482622
mead_part0,pitch,20260920,3,hgb,absolute,surprise,0.2181676390028102
mead_part0,pitch,20260920,3,hgb,relative,angry,0.2091372201786005
mead_part0,pitch,20260920,3,hgb,relative,happy,0.18536929630607718
mead_part0,pitch,20260920,3,hgb,relative,neutral,0.3813068968397172
mead_part0,pitch,20260920,3,hgb,relative,sad,0.27409758311177795
mead_part0,pitch,20260920,3,hgb,relative,surprise,0.2500864636951788
mead_part0,pitch,20260920,3,hgb,relative_plus_baseline,angry,0.22643520807876671
mead_part0,pitch,20260920,3,hgb,relative_plus_baseline,happy,0.2444963671008708
mead_part0,pitch,20260920,3,hgb,relative_plus_baseline,neutral,0.375987789313421
mead_part0,pitch,20260920,3,hgb,relative_plus_baseline,sad,0.22823052683694364
mead_part0,pitch,20260920,3,hgb,relative_plus_baseline,surprise,0.15411541272792495
mead_part0,pitch,20260920,4,logistic,absolute,angry,0.029377109271899845
mead_part0,pitch,20260920,4,logistic,absolute,happy,0.03169674428470681
mead_part0,pitch,20260920,4,logistic,absolute,neutral,0.17881955587398682
mead_part0,pitch,20260920,4,logistic,absolute,sad,0.002439022541538143
mead_part0,pitch,20260920,4,logistic,absolute,surprise,0.3251169653054815
mead_part0,pitch,20260920,4,logistic,relative,angry,0.120799523505086
mead_part0,pitch,20260920,4,logistic,relative,happy,0.23517424554179525
mead_part0,pitch,20260920,4,logistic,relative,neutral,0.37183231871903316
mead_part0,pitch,20260920,4,logistic,relative,sad,0.08111571154799753
mead_part0,pitch,20260920,4,logistic,relative,surprise,0.35596422706960495
mead_part0,pitch,20260920,4,logistic,relative_plus_baseline,angry,0.06397720087943637
mead_part0,pitch,20260920,4,logistic,relative_plus_baseline,happy,0.2612066765111848
mead_part0,pitch,20260920,4,logistic,relative_plus_baseline,neutral,0.3744807513209477
mead_part0,pitch,20260920,4,logistic,relative_plus_baseline,sad,0.06936612176127951
mead_part0,pitch,20260920,4,logistic,relative_plus_baseline,surprise,0.3737072055853566
mead_part0,pitch,20260920,4,hgb,absolute,angry,0.18394800257927588
mead_part0,pitch,20260920,4,hgb,absolute,happy,0.1313053459047182
mead_part0,pitch,20260920,4,hgb,absolute,neutral,0.29073488689982185
mead_part0,pitch,20260920,4,hgb,absolute,sad,0.281606928861197
mead_part0,pitch,20260920,4,hgb,absolute,surprise,0.3176484335670748
mead_part0,pitch,20260920,4,hgb,relative,angry,0.1614131518124083
mead_part0,pitch,20260920,4,hgb,relative,happy,0.1885489656047739
mead_part0,pitch,20260920,4,hgb,relative,neutral,0.36338199051634174
mead_part0,pitch,20260920,4,hgb,relative,sad,0.22164814773291097
mead_part0,pitch,20260920,4,hgb,relative,surprise,0.2594926114923776
mead_part0,pitch,20260920,4,hgb,relative_plus_baseline,angry,0.2595253538448812
mead_part0,pitch,20260920,4,hgb,relative_plus_baseline,happy,0.20171706163062475
mead_part0,pitch,20260920,4,hgb,relative_plus_baseline,neutral,0.3719549038396829
mead_part0,pitch,20260920,4,hgb,relative_plus_baseline,sad,0.22652393656146066
mead_part0,pitch,20260920,4,hgb,relative_plus_baseline,surprise,0.23049174402212458
mead_part0,pitch,20260921,0,logistic,absolute,angry,0.04836564704992579
mead_part0,pitch,20260921,0,logistic,absolute,happy,0.0636254704733874
mead_part0,pitch,20260921,0,logistic,absolute,neutral,0.22296285436961538
mead_part0,pitch,20260921,0,logistic,absolute,sad,0.019550835832055573
mead_part0,pitch,20260921,0,logistic,absolute,surprise,0.33771667430108726
mead_part0,pitch,20260921,0,logistic,relative,angry,0.10266855236546348
mead_part0,pitch,20260921,0,logistic,relative,happy,0.28072148128346586
mead_part0,pitch,20260921,0,logistic,relative,neutral,0.3859377241919035
mead_part0,pitch,20260921,0,logistic,relative,sad,0.02932122027639795
mead_part0,pitch,20260921,0,logistic,relative,surprise,0.38548768686126245
mead_part0,pitch,20260921,0,logistic,relative_plus_baseline,angry,0.10802374665434461
mead_part0,pitch,20260921,0,logistic,relative_plus_baseline,happy,0.312573570629114
mead_part0,pitch,20260921,0,logistic,relative_plus_baseline,neutral,0.39232482979203
mead_part0,pitch,20260921,0,logistic,relative_plus_baseline,sad,0.026249824363155344
mead_part0,pitch,20260921,0,logistic,relative_plus_baseline,surprise,0.4060008429476213
mead_part0,pitch,20260921,0,hgb,absolute,angry,0.24757502401978257
mead_part0,pitch,20260921,0,hgb,absolute,happy,0.16192867344864922
mead_part0,pitch,20260921,0,hgb,absolute,neutral,0.32171248794478535
mead_part0,pitch,20260921,0,hgb,absolute,sad,0.16457302766948245
mead_part0,pitch,20260921,0,hgb,absolute,surprise,0.24436726968675235
mead_part0,pitch,20260921,0,hgb,relative,angry,0.19610979683773683
mead_part0,pitch,20260921,0,hgb,relative,happy,0.17339442097608468
mead_part0,pitch,20260921,0,hgb,relative,neutral,0.3707843215031764
mead_part0,pitch,20260921,0,hgb,relative,sad,0.20093989515630845
mead_part0,pitch,20260921,0,hgb,relative,surprise,0.30612485463327516
mead_part0,pitch,20260921,0,hgb,relative_plus_baseline,angry,0.3154010956355855
mead_part0,pitch,20260921,0,hgb,relative_plus_baseline,happy,0.16268303000075476
mead_part0,pitch,20260921,0,hgb,relative_plus_baseline,neutral,0.4008731405130837
mead_part0,pitch,20260921,0,hgb,relative_plus_baseline,sad,0.11504403072730933
mead_part0,pitch,20260921,0,hgb,relative_plus_baseline,surprise,0.3403420847021426
mead_part0,pitch,20260921,1,logistic,absolute,angry,0.07106239575568196
mead_part0,pitch,20260921,1,logistic,absolute,happy,0.06820560489061758
mead_part0,pitch,20260921,1,logistic,absolute,neutral,0.19985338755919918
mead_part0,pitch,20260921,1,logistic,absolute,sad,0.0153930837261457
mead_part0,pitch,20260921,1,logistic,absolute,surprise,0.3297037995563678
mead_part0,pitch,20260921,1,logistic,relative,angry,0.11080411507758395
mead_part0,pitch,20260921,1,logistic,relative,happy,0.27853897264600636
mead_part0,pitch,20260921,1,logistic,relative,neutral,0.3739208176679887
mead_part0,pitch,20260921,1,logistic,relative,sad,0.04073577682775591
mead_part0,pitch,20260921,1,logistic,relative,surprise,0.32970454085879
mead_part0,pitch,20260921,1,logistic,relative_plus_baseline,angry,0.08325902704248032
mead_part0,pitch,20260921,1,logistic,relative_plus_baseline,happy,0.29052322137470143
mead_part0,pitch,20260921,1,logistic,relative_plus_baseline,neutral,0.3760752169764073
mead_part0,pitch,20260921,1,logistic,relative_plus_baseline,sad,0.07215496280102623
mead_part0,pitch,20260921,1,logistic,relative_plus_baseline,surprise,0.35751180578402614
mead_part0,pitch,20260921,1,hgb,absolute,angry,0.21484765722316873
mead_part0,pitch,20260921,1,hgb,absolute,happy,0.17128908026925116
mead_part0,pitch,20260921,1,hgb,absolute,neutral,0.26226730515433333
mead_part0,pitch,20260921,1,hgb,absolute,sad,0.2307787848066725
mead_part0,pitch,20260921,1,hgb,absolute,surprise,0.2466635743652734
mead_part0,pitch,20260921,1,hgb,relative,angry,0.23592959366377853
mead_part0,pitch,20260921,1,hgb,relative,happy,0.22033501836096744
mead_part0,pitch,20260921,1,hgb,relative,neutral,0.37164041135062603
mead_part0,pitch,20260921,1,hgb,relative,sad,0.20040918611790845
mead_part0,pitch,20260921,1,hgb,relative,surprise,0.2625781143440375
mead_part0,pitch,20260921,1,hgb,relative_plus_baseline,angry,0.24024725910321224
mead_part0,pitch,20260921,1,hgb,relative_plus_baseline,happy,0.20957159613403337
mead_part0,pitch,20260921,1,hgb,relative_plus_baseline,neutral,0.3847856244917804
mead_part0,pitch,20260921,1,hgb,relative_plus_baseline,sad,0.15059320559330924
mead_part0,pitch,20260921,1,hgb,relative_plus_baseline,surprise,0.3305032102502002
mead_part0,pitch,20260921,2,logistic,absolute,angry,0.0655718972788791
mead_part0,pitch,20260921,2,logistic,absolute,happy,0.05888125280519154
mead_part0,pitch,20260921,2,logistic,absolute,neutral,0.19183329613331218
mead_part0,pitch,20260921,2,logistic,absolute,sad,0.025961510124882816
mead_part0,pitch,20260921,2,logistic,absolute,surprise,0.32036048656609145
mead_part0,pitch,20260921,2,logistic,relative,angry,0.08226259871983614
mead_part0,pitch,20260921,2,logistic,relative,happy,0.2196086499722506
mead_part0,pitch,20260921,2,logistic,relative,neutral,0.28938958589317487
mead_part0,pitch,20260921,2,logistic,relative,sad,0.04551446305386111
mead_part0,pitch,20260921,2,logistic,relative,surprise,0.30394358029253044
mead_part0,pitch,20260921,2,logistic,relative_plus_baseline,angry,0.09098966940152618
mead_part0,pitch,20260921,2,logistic,relative_plus_baseline,happy,0.21181375985823592
mead_part0,pitch,20260921,2,logistic,relative_plus_baseline,neutral,0.286247798723751
mead_part0,pitch,20260921,2,logistic,relative_plus_baseline,sad,0.061725622948854024
mead_part0,pitch,20260921,2,logistic,relative_plus_baseline,surprise,0.3235499663419168
mead_part0,pitch,20260921,2,hgb,absolute,angry,0.2013408401874461
mead_part0,pitch,20260921,2,hgb,absolute,happy,0.18157345744033107
mead_part0,pitch,20260921,2,hgb,absolute,neutral,0.25923711565386404
mead_part0,pitch,20260921,2,hgb,absolute,sad,0.20418892020240087
mead_part0,pitch,20260921,2,hgb,absolute,surprise,0.27119254475591936
mead_part0,pitch,20260921,2,hgb,relative,angry,0.16309069686088257
mead_part0,pitch,20260921,2,hgb,relative,happy,0.15896625063396752
mead_part0,pitch,20260921,2,hgb,relative,neutral,0.2878014071145423
mead_part0,pitch,20260921,2,hgb,relative,sad,0.18096221216467404
mead_part0,pitch,20260921,2,hgb,relative,surprise,0.22763503155341536
mead_part0,pitch,20260921,2,hgb,relative_plus_baseline,angry,0.21738635132192663
mead_part0,pitch,20260921,2,hgb,relative_plus_baseline,happy,0.12611581381996623
mead_part0,pitch,20260921,2,hgb,relative_plus_baseline,neutral,0.28742166931405166
mead_part0,pitch,20260921,2,hgb,relative_plus_baseline,sad,0.12028374310761124
mead_part0,pitch,20260921,2,hgb,relative_plus_baseline,surprise,0.24834324589805978
mead_part0,pitch,20260921,3,logistic,absolute,angry,0.07102801023427395
mead_part0,pitch,20260921,3,logistic,absolute,happy,0.08215418759577615
mead_part0,pitch,20260921,3,logistic,absolute,neutral,0.188277364285061
mead_part0,pitch,20260921,3,logistic,absolute,sad,0.028217827149546154
mead_part0,pitch,20260921,3,logistic,absolute,surprise,0.3200416618405018
mead_part0,pitch,20260921,3,logistic,relative,angry,0.08462157156019855
mead_part0,pitch,20260921,3,logistic,relative,happy,0.21750191223059506
mead_part0,pitch,20260921,3,logistic,relative,neutral,0.3309974917784116
mead_part0,pitch,20260921,3,logistic,relative,sad,0.09800921588229347
mead_part0,pitch,20260921,3,logistic,relative,surprise,0.3333415600778777
mead_part0,pitch,20260921,3,logistic,relative_plus_baseline,angry,0.09507545955955449
mead_part0,pitch,20260921,3,logistic,relative_plus_baseline,happy,0.21905188390593078
mead_part0,pitch,20260921,3,logistic,relative_plus_baseline,neutral,0.3328143363883728
mead_part0,pitch,20260921,3,logistic,relative_plus_baseline,sad,0.06848319721644283
mead_part0,pitch,20260921,3,logistic,relative_plus_baseline,surprise,0.31721182715274043
mead_part0,pitch,20260921,3,hgb,absolute,angry,0.19604229287785946
mead_part0,pitch,20260921,3,hgb,absolute,happy,0.16819132079894616
mead_part0,pitch,20260921,3,hgb,absolute,neutral,0.22081186285557453
mead_part0,pitch,20260921,3,hgb,absolute,sad,0.22732002133091683
mead_part0,pitch,20260921,3,hgb,absolute,surprise,0.2791825917437378
mead_part0,pitch,20260921,3,hgb,relative,angry,0.23189277446855522
mead_part0,pitch,20260921,3,hgb,relative,happy,0.15820702098330863
mead_part0,pitch,20260921,3,hgb,relative,neutral,0.35522601365674106
mead_part0,pitch,20260921,3,hgb,relative,sad,0.2228953575776507
mead_part0,pitch,20260921,3,hgb,relative,surprise,0.24366744493291465
mead_part0,pitch,20260921,3,hgb,relative_plus_baseline,angry,0.1876021264414421
mead_part0,pitch,20260921,3,hgb,relative_plus_baseline,happy,0.1345186128314326
mead_part0,pitch,20260921,3,hgb,relative_plus_baseline,neutral,0.3542904689426318
mead_part0,pitch,20260921,3,hgb,relative_plus_baseline,sad,0.17642088916359633
mead_part0,pitch,20260921,3,hgb,relative_plus_baseline,surprise,0.2638147282923516
mead_part0,pitch,20260921,4,logistic,absolute,angry,0.017042034684639933
mead_part0,pitch,20260921,4,logistic,absolute,happy,0.03405417091964142
mead_part0,pitch,20260921,4,logistic,absolute,neutral,0.18880982189217596
mead_part0,pitch,20260921,4,logistic,absolute,sad,0.01219523984772525
mead_part0,pitch,20260921,4,logistic,absolute,surprise,0.3202744197468156
mead_part0,pitch,20260921,4,logistic,relative,angry,0.2051540695672016
mead_part0,pitch,20260921,4,logistic,relative,happy,0.2760247649378374
mead_part0,pitch,20260921,4,logistic,relative,neutral,0.37879880524391224
mead_part0,pitch,20260921,4,logistic,relative,sad,0.043213657558530884
mead_part0,pitch,20260921,4,logistic,relative,surprise,0.3216068576886245
mead_part0,pitch,20260921,4,logistic,relative_plus_baseline,angry,0.12168931535210203
mead_part0,pitch,20260921,4,logistic,relative_plus_baseline,happy,0.25221661289224034
mead_part0,pitch,20260921,4,logistic,relative_plus_baseline,neutral,0.3811141619757161
mead_part0,pitch,20260921,4,logistic,relative_plus_baseline,sad,0.09901507465003859
mead_part0,pitch,20260921,4,logistic,relative_plus_baseline,surprise,0.3449943708873526
mead_part0,pitch,20260921,4,hgb,absolute,angry,0.14607099173526247
mead_part0,pitch,20260921,4,hgb,absolute,happy,0.1291247939080852
mead_part0,pitch,20260921,4,hgb,absolute,neutral,0.24464252435524464
mead_part0,pitch,20260921,4,hgb,absolute,sad,0.1931124436311202
mead_part0,pitch,20260921,4,hgb,absolute,surprise,0.2234234607809926
mead_part0,pitch,20260921,4,hgb,relative,angry,0.1624015684237738
mead_part0,pitch,20260921,4,hgb,relative,happy,0.1607538698889955
mead_part0,pitch,20260921,4,hgb,relative,neutral,0.33611154791833553
mead_part0,pitch,20260921,4,hgb,relative,sad,0.17030700540607452
mead_part0,pitch,20260921,4,hgb,relative,surprise,0.28414012469460814
mead_part0,pitch,20260921,4,hgb,relative_plus_baseline,angry,0.19526746940491077
mead_part0,pitch,20260921,4,hgb,relative_plus_baseline,happy,0.23158494503435598
mead_part0,pitch,20260921,4,hgb,relative_plus_baseline,neutral,0.33501611525120495
mead_part0,pitch,20260921,4,hgb,relative_plus_baseline,sad,0.14241920128615163
mead_part0,pitch,20260921,4,hgb,relative_plus_baseline,surprise,0.22169591597653104
mead_part0,pitch,20260922,0,logistic,absolute,angry,0.04719140832662854
mead_part0,pitch,20260922,0,logistic,absolute,happy,0.06328265511092378
mead_part0,pitch,20260922,0,logistic,absolute,neutral,0.18567647375220794
mead_part0,pitch,20260922,0,logistic,absolute,sad,0.017204317025355312
mead_part0,pitch,20260922,0,logistic,absolute,surprise,0.30187801242548173
mead_part0,pitch,20260922,0,logistic,relative,angry,0.06403951950213871
mead_part0,pitch,20260922,0,logistic,relative,happy,0.20135909297204455
mead_part0,pitch,20260922,0,logistic,relative,neutral,0.2764313008633491
mead_part0,pitch,20260922,0,logistic,relative,sad,0.06166984580532176
mead_part0,pitch,20260922,0,logistic,relative,surprise,0.3049955272701831
mead_part0,pitch,20260922,0,logistic,relative_plus_baseline,angry,0.05805913786751646
mead_part0,pitch,20260922,0,logistic,relative_plus_baseline,happy,0.20468093416809297
mead_part0,pitch,20260922,0,logistic,relative_plus_baseline,neutral,0.27287474965949116
mead_part0,pitch,20260922,0,logistic,relative_plus_baseline,sad,0.05687578677536864
mead_part0,pitch,20260922,0,logistic,relative_plus_baseline,surprise,0.3040920513691507
mead_part0,pitch,20260922,0,hgb,absolute,angry,0.21926106438700504
mead_part0,pitch,20260922,0,hgb,absolute,happy,0.19170666514611018
mead_part0,pitch,20260922,0,hgb,absolute,neutral,0.22104748591310616
mead_part0,pitch,20260922,0,hgb,absolute,sad,0.15154607560176128
mead_part0,pitch,20260922,0,hgb,absolute,surprise,0.26500934457538466
mead_part0,pitch,20260922,0,hgb,relative,angry,0.15142719647199473
mead_part0,pitch,20260922,0,hgb,relative,happy,0.1525994778593179
mead_part0,pitch,20260922,0,hgb,relative,neutral,0.2989035974035547
mead_part0,pitch,20260922,0,hgb,relative,sad,0.21468136859672868
mead_part0,pitch,20260922,0,hgb,relative,surprise,0.20253527948332495
mead_part0,pitch,20260922,0,hgb,relative_plus_baseline,angry,0.2660217158317265
mead_part0,pitch,20260922,0,hgb,relative_plus_baseline,happy,0.11482204970166057
mead_part0,pitch,20260922,0,hgb,relative_plus_baseline,neutral,0.29797053838315857
mead_part0,pitch,20260922,0,hgb,relative_plus_baseline,sad,0.15585721294607427
mead_part0,pitch,20260922,0,hgb,relative_plus_baseline,surprise,0.21353804727219505
mead_part0,pitch,20260922,1,logistic,absolute,angry,0.025993727192774926
mead_part0,pitch,20260922,1,logistic,absolute,happy,0.04816833308103467
mead_part0,pitch,20260922,1,logistic,absolute,neutral,0.1849326018634195
mead_part0,pitch,20260922,1,logistic,absolute,sad,0.01531671372724077
mead_part0,pitch,20260922,1,logistic,absolute,surprise,0.31635281706796
mead_part0,pitch,20260922,1,logistic,relative,angry,0.17074824908817474
mead_part0,pitch,20260922,1,logistic,relative,happy,0.27836002853070196
mead_part0,pitch,20260922,1,logistic,relative,neutral,0.3686802820720459
mead_part0,pitch,20260922,1,logistic,relative,sad,0.07958661510511592
mead_part0,pitch,20260922,1,logistic,relative,surprise,0.2943363062649711
mead_part0,pitch,20260922,1,logistic,relative_plus_baseline,angry,0.12674013302743345
mead_part0,pitch,20260922,1,logistic,relative_plus_baseline,happy,0.28831392037338593
mead_part0,pitch,20260922,1,logistic,relative_plus_baseline,neutral,0.3740699526875554
mead_part0,pitch,20260922,1,logistic,relative_plus_baseline,sad,0.10260853738589792
mead_part0,pitch,20260922,1,logistic,relative_plus_baseline,surprise,0.3561198762568938
mead_part0,pitch,20260922,1,hgb,absolute,angry,0.2006427230994012
mead_part0,pitch,20260922,1,hgb,absolute,happy,0.1681495412074711
mead_part0,pitch,20260922,1,hgb,absolute,neutral,0.2854929564405644
mead_part0,pitch,20260922,1,hgb,absolute,sad,0.2383809333929608
mead_part0,pitch,20260922,1,hgb,absolute,surprise,0.2711386923523873
mead_part0,pitch,20260922,1,hgb,relative,angry,0.19650514390488416
mead_part0,pitch,20260922,1,hgb,relative,happy,0.19460442491046206
mead_part0,pitch,20260922,1,hgb,relative,neutral,0.3565162211085313
mead_part0,pitch,20260922,1,hgb,relative,sad,0.21905861339787894
mead_part0,pitch,20260922,1,hgb,relative,surprise,0.26451552072143203
mead_part0,pitch,20260922,1,hgb,relative_plus_baseline,angry,0.27386088308610196
mead_part0,pitch,20260922,1,hgb,relative_plus_baseline,happy,0.22818437956025928
mead_part0,pitch,20260922,1,hgb,relative_plus_baseline,neutral,0.3730176318410672
mead_part0,pitch,20260922,1,hgb,relative_plus_baseline,sad,0.09347840185464404
mead_part0,pitch,20260922,1,hgb,relative_plus_baseline,surprise,0.32840892112534775
mead_part0,pitch,20260922,2,logistic,absolute,angry,0.05128041495322878
mead_part0,pitch,20260922,2,logistic,absolute,happy,0.10917009724990909
mead_part0,pitch,20260922,2,logistic,absolute,neutral,0.21039341051195046
mead_part0,pitch,20260922,2,logistic,absolute,sad,0.0196735745078123
mead_part0,pitch,20260922,2,logistic,absolute,surprise,0.3073621751597981
mead_part0,pitch,20260922,2,logistic,relative,angry,0.12700257991254757
mead_part0,pitch,20260922,2,logistic,relative,happy,0.29418529453393505
mead_part0,pitch,20260922,2,logistic,relative,neutral,0.4239448697436072
mead_part0,pitch,20260922,2,logistic,relative,sad,0.027818798357308536
mead_part0,pitch,20260922,2,logistic,relative,surprise,0.41161149919271245
mead_part0,pitch,20260922,2,logistic,relative_plus_baseline,angry,0.137526465895068
mead_part0,pitch,20260922,2,logistic,relative_plus_baseline,happy,0.32349805561827955
mead_part0,pitch,20260922,2,logistic,relative_plus_baseline,neutral,0.4243908718215172
mead_part0,pitch,20260922,2,logistic,relative_plus_baseline,sad,0.0632845007322041
mead_part0,pitch,20260922,2,logistic,relative_plus_baseline,surprise,0.4033576424448328
mead_part0,pitch,20260922,2,hgb,absolute,angry,0.20672267789408066
mead_part0,pitch,20260922,2,hgb,absolute,happy,0.18667217652859108
mead_part0,pitch,20260922,2,hgb,absolute,neutral,0.25956814390104915
mead_part0,pitch,20260922,2,hgb,absolute,sad,0.10860509604140665
mead_part0,pitch,20260922,2,hgb,absolute,surprise,0.22926853688093535
mead_part0,pitch,20260922,2,hgb,relative,angry,0.18509913603139017
mead_part0,pitch,20260922,2,hgb,relative,happy,0.13784852923636629
mead_part0,pitch,20260922,2,hgb,relative,neutral,0.4001674704393351
mead_part0,pitch,20260922,2,hgb,relative,sad,0.2310868012216976
mead_part0,pitch,20260922,2,hgb,relative,surprise,0.24993158199732277
mead_part0,pitch,20260922,2,hgb,relative_plus_baseline,angry,0.20585813634419606
mead_part0,pitch,20260922,2,hgb,relative_plus_baseline,happy,0.17552864740909924
mead_part0,pitch,20260922,2,hgb,relative_plus_baseline,neutral,0.4059264516878087
mead_part0,pitch,20260922,2,hgb,relative_plus_baseline,sad,0.18050110053501964
mead_part0,pitch,20260922,2,hgb,relative_plus_baseline,surprise,0.21084821183569902
mead_part0,pitch,20260922,3,logistic,absolute,angry,0.039437813411987314
mead_part0,pitch,20260922,3,logistic,absolute,happy,0.060251141392467955
mead_part0,pitch,20260922,3,logistic,absolute,neutral,0.2223181929504877
mead_part0,pitch,20260922,3,logistic,absolute,sad,0.04222937364315333
mead_part0,pitch,20260922,3,logistic,absolute,surprise,0.3656636673595424
mead_part0,pitch,20260922,3,logistic,relative,angry,0.04396300578975927
mead_part0,pitch,20260922,3,logistic,relative,happy,0.24793488885950873
mead_part0,pitch,20260922,3,logistic,relative,neutral,0.4097664570873317
mead_part0,pitch,20260922,3,logistic,relative,sad,0.03620420776428216
mead_part0,pitch,20260922,3,logistic,relative,surprise,0.3625737982628852
mead_part0,pitch,20260922,3,logistic,relative_plus_baseline,angry,0.060028909409921755
mead_part0,pitch,20260922,3,logistic,relative_plus_baseline,happy,0.22799493225915393
mead_part0,pitch,20260922,3,logistic,relative_plus_baseline,neutral,0.41526460482427363
mead_part0,pitch,20260922,3,logistic,relative_plus_baseline,sad,0.01104168342605448
mead_part0,pitch,20260922,3,logistic,relative_plus_baseline,surprise,0.3715156004826768
mead_part0,pitch,20260922,3,hgb,absolute,angry,0.238138479168099
mead_part0,pitch,20260922,3,hgb,absolute,happy,0.18347556287386818
mead_part0,pitch,20260922,3,hgb,absolute,neutral,0.27956451217524203
mead_part0,pitch,20260922,3,hgb,absolute,sad,0.19334642470268623
mead_part0,pitch,20260922,3,hgb,absolute,surprise,0.21902760466514262
mead_part0,pitch,20260922,3,hgb,relative,angry,0.1839089712391826
mead_part0,pitch,20260922,3,hgb,relative,happy,0.15556726578793378
mead_part0,pitch,20260922,3,hgb,relative,neutral,0.40749470453977304
mead_part0,pitch,20260922,3,hgb,relative,sad,0.1858766187843574
mead_part0,pitch,20260922,3,hgb,relative,surprise,0.26865282966630905
mead_part0,pitch,20260922,3,hgb,relative_plus_baseline,angry,0.19115789698319022
mead_part0,pitch,20260922,3,hgb,relative_plus_baseline,happy,0.2042293264360871
mead_part0,pitch,20260922,3,hgb,relative_plus_baseline,neutral,0.3845573304082931
mead_part0,pitch,20260922,3,hgb,relative_plus_baseline,sad,0.2755768948036567
mead_part0,pitch,20260922,3,hgb,relative_plus_baseline,surprise,0.24502230080700757
mead_part0,pitch,20260922,4,logistic,absolute,angry,0.0744949978146697
mead_part0,pitch,20260922,4,logistic,absolute,happy,0.058083673561861705
mead_part0,pitch,20260922,4,logistic,absolute,neutral,0.192188622920823
mead_part0,pitch,20260922,4,logistic,absolute,sad,0.00978323015779096
mead_part0,pitch,20260922,4,logistic,absolute,surprise,0.32506918677679497
mead_part0,pitch,20260922,4,logistic,relative,angry,0.14963101703196008
mead_part0,pitch,20260922,4,logistic,relative,happy,0.25087841650995835
mead_part0,pitch,20260922,4,logistic,relative,neutral,0.3167374840434057
mead_part0,pitch,20260922,4,logistic,relative,sad,0.06621937380832124
mead_part0,pitch,20260922,4,logistic,relative,surprise,0.2418033238945387
mead_part0,pitch,20260922,4,logistic,relative_plus_baseline,angry,0.12075761095079864
mead_part0,pitch,20260922,4,logistic,relative_plus_baseline,happy,0.24699978288401078
mead_part0,pitch,20260922,4,logistic,relative_plus_baseline,neutral,0.317142864211346
mead_part0,pitch,20260922,4,logistic,relative_plus_baseline,sad,0.049182689812628626
mead_part0,pitch,20260922,4,logistic,relative_plus_baseline,surprise,0.2941687956694196
mead_part0,pitch,20260922,4,hgb,absolute,angry,0.21488452075331324
mead_part0,pitch,20260922,4,hgb,absolute,happy,0.17246911447261204
mead_part0,pitch,20260922,4,hgb,absolute,neutral,0.27532116028131715
mead_part0,pitch,20260922,4,hgb,absolute,sad,0.2618319183289431
mead_part0,pitch,20260922,4,hgb,absolute,surprise,0.2934782477183705
mead_part0,pitch,20260922,4,hgb,relative,angry,0.19506747629225915
mead_part0,pitch,20260922,4,hgb,relative,happy,0.20524366773815275
mead_part0,pitch,20260922,4,hgb,relative,neutral,0.29779946879710667
mead_part0,pitch,20260922,4,hgb,relative,sad,0.1311288794129248
mead_part0,pitch,20260922,4,hgb,relative,surprise,0.2196064572835598
mead_part0,pitch,20260922,4,hgb,relative_plus_baseline,angry,0.1814667285467214
mead_part0,pitch,20260922,4,hgb,relative_plus_baseline,happy,0.15662813321166988
mead_part0,pitch,20260922,4,hgb,relative_plus_baseline,neutral,0.2842411836911093
mead_part0,pitch,20260922,4,hgb,relative_plus_baseline,sad,0.167434967693468
mead_part0,pitch,20260922,4,hgb,relative_plus_baseline,surprise,0.29109814057681005
mead_part0,loudness,20260920,0,logistic,absolute,angry,0.4009169767560344
mead_part0,loudness,20260920,0,logistic,absolute,happy,0.10740665336350803
mead_part0,loudness,20260920,0,logistic,absolute,neutral,0.3040068839866192
mead_part0,loudness,20260920,0,logistic,absolute,sad,0.06749348092241803
mead_part0,loudness,20260920,0,logistic,absolute,surprise,0.05797211314948007
mead_part0,loudness,20260920,0,logistic,relative,angry,0.40586275012182305
mead_part0,loudness,20260920,0,logistic,relative,happy,0.14355327815073937
mead_part0,loudness,20260920,0,logistic,relative,neutral,0.3440261827967529
mead_part0,loudness,20260920,0,logistic,relative,sad,0.05836841345190303
mead_part0,loudness,20260920,0,logistic,relative,surprise,0.08986039392041999
mead_part0,loudness,20260920,0,logistic,relative_plus_baseline,angry,0.4149868852685608
mead_part0,loudness,20260920,0,logistic,relative_plus_baseline,happy,0.15941588164174164
mead_part0,loudness,20260920,0,logistic,relative_plus_baseline,neutral,0.3424005855890532
mead_part0,loudness,20260920,0,logistic,relative_plus_baseline,sad,0.055237906948892995
mead_part0,loudness,20260920,0,logistic,relative_plus_baseline,surprise,0.09779062756436996
mead_part0,loudness,20260920,0,hgb,absolute,angry,0.3823326980316123
mead_part0,loudness,20260920,0,hgb,absolute,happy,0.1636795991010561
mead_part0,loudness,20260920,0,hgb,absolute,neutral,0.2783114372087358
mead_part0,loudness,20260920,0,hgb,absolute,sad,0.15640981206140558
mead_part0,loudness,20260920,0,hgb,absolute,surprise,0.2258090469884442
mead_part0,loudness,20260920,0,hgb,relative,angry,0.32048067572693273
mead_part0,loudness,20260920,0,hgb,relative,happy,0.09670836103016256
mead_part0,loudness,20260920,0,hgb,relative,neutral,0.3540181517590114
mead_part0,loudness,20260920,0,hgb,relative,sad,0.06569373273028606
mead_part0,loudness,20260920,0,hgb,relative,surprise,0.29224854479551077
mead_part0,loudness,20260920,0,hgb,relative_plus_baseline,angry,0.3543067049967834
mead_part0,loudness,20260920,0,hgb,relative_plus_baseline,happy,0.16201081767997436
mead_part0,loudness,20260920,0,hgb,relative_plus_baseline,neutral,0.33961623298696125
mead_part0,loudness,20260920,0,hgb,relative_plus_baseline,sad,0.07616825297249537
mead_part0,loudness,20260920,0,hgb,relative_plus_baseline,surprise,0.2061922201964287
mead_part0,loudness,20260920,1,logistic,absolute,angry,0.25784464581607086
mead_part0,loudness,20260920,1,logistic,absolute,happy,0.12769484719073332
mead_part0,loudness,20260920,1,logistic,absolute,neutral,0.21875822886503496
mead_part0,loudness,20260920,1,logistic,absolute,sad,0.05191779628571391
mead_part0,loudness,20260920,1,logistic,absolute,surprise,0.05340255195320978
mead_part0,loudness,20260920,1,logistic,relative,angry,0.3685628610656395
mead_part0,loudness,20260920,1,logistic,relative,happy,0.1935749351613871
mead_part0,loudness,20260920,1,logistic,relative,neutral,0.3142445962607667
mead_part0,loudness,20260920,1,logistic,relative,sad,0.07325953205004464
mead_part0,loudness,20260920,1,logistic,relative,surprise,0.09757649577726439
mead_part0,loudness,20260920,1,logistic,relative_plus_baseline,angry,0.33682101525401686
mead_part0,loudness,20260920,1,logistic,relative_plus_baseline,happy,0.21441688081671784
mead_part0,loudness,20260920,1,logistic,relative_plus_baseline,neutral,0.32097014629923176
mead_part0,loudness,20260920,1,logistic,relative_plus_baseline,sad,0.09679985675551983
mead_part0,loudness,20260920,1,logistic,relative_plus_baseline,surprise,0.1666541145090137
mead_part0,loudness,20260920,1,hgb,absolute,angry,0.2424983675347188
mead_part0,loudness,20260920,1,hgb,absolute,happy,0.11550605613455316
mead_part0,loudness,20260920,1,hgb,absolute,neutral,0.19345603167617015
mead_part0,loudness,20260920,1,hgb,absolute,sad,0.057529079727581284
mead_part0,loudness,20260920,1,hgb,absolute,surprise,0.16097433859794946
mead_part0,loudness,20260920,1,hgb,relative,angry,0.34243083548290487
mead_part0,loudness,20260920,1,hgb,relative,happy,0.08015530578192179
mead_part0,loudness,20260920,1,hgb,relative,neutral,0.33223296893075716
mead_part0,loudness,20260920,1,hgb,relative,sad,0.0693587341980257
mead_part0,loudness,20260920,1,hgb,relative,surprise,0.3218338330179271
mead_part0,loudness,20260920,1,hgb,relative_plus_baseline,angry,0.33852232541762534
mead_part0,loudness,20260920,1,hgb,relative_plus_baseline,happy,0.17346725631901197
mead_part0,loudness,20260920,1,hgb,relative_plus_baseline,neutral,0.3282590761576615
mead_part0,loudness,20260920,1,hgb,relative_plus_baseline,sad,0.13908417036199835
mead_part0,loudness,20260920,1,hgb,relative_plus_baseline,surprise,0.30553344169087626
mead_part0,loudness,20260920,2,logistic,absolute,angry,0.3036382695145624
mead_part0,loudness,20260920,2,logistic,absolute,happy,0.16033982085050208
mead_part0,loudness,20260920,2,logistic,absolute,neutral,0.2076333206816038
mead_part0,loudness,20260920,2,logistic,absolute,sad,0.04168850483813156
mead_part0,loudness,20260920,2,logistic,absolute,surprise,0.1339068252145594
mead_part0,loudness,20260920,2,logistic,relative,angry,0.28526080622865063
mead_part0,loudness,20260920,2,logistic,relative,happy,0.2559925728822224
mead_part0,loudness,20260920,2,logistic,relative,neutral,0.29415589080507637
mead_part0,loudness,20260920,2,logistic,relative,sad,0.08216295318647424
mead_part0,loudness,20260920,2,logistic,relative,surprise,0.17452428893404734
mead_part0,loudness,20260920,2,logistic,relative_plus_baseline,angry,0.28523307819574295
mead_part0,loudness,20260920,2,logistic,relative_plus_baseline,happy,0.17538061080001352
mead_part0,loudness,20260920,2,logistic,relative_plus_baseline,neutral,0.2648718772808915
mead_part0,loudness,20260920,2,logistic,relative_plus_baseline,sad,0.06745850891925029
mead_part0,loudness,20260920,2,logistic,relative_plus_baseline,surprise,0.15795309691543818
mead_part0,loudness,20260920,2,hgb,absolute,angry,0.21206617290783117
mead_part0,loudness,20260920,2,hgb,absolute,happy,0.11555992297995178
mead_part0,loudness,20260920,2,hgb,absolute,neutral,0.2015040187466781
mead_part0,loudness,20260920,2,hgb,absolute,sad,0.11385711658793012
mead_part0,loudness,20260920,2,hgb,absolute,surprise,0.3227731168563881
mead_part0,loudness,20260920,2,hgb,relative,angry,0.3322289704301022
mead_part0,loudness,20260920,2,hgb,relative,happy,0.12140934400439747
mead_part0,loudness,20260920,2,hgb,relative,neutral,0.3057471225216837
mead_part0,loudness,20260920,2,hgb,relative,sad,0.0941433934482913
mead_part0,loudness,20260920,2,hgb,relative,surprise,0.3608966339492822
mead_part0,loudness,20260920,2,hgb,relative_plus_baseline,angry,0.3232443568738577
mead_part0,loudness,20260920,2,hgb,relative_plus_baseline,happy,0.11811310592915442
mead_part0,loudness,20260920,2,hgb,relative_plus_baseline,neutral,0.31573369783132904
mead_part0,loudness,20260920,2,hgb,relative_plus_baseline,sad,0.1878179683572056
mead_part0,loudness,20260920,2,hgb,relative_plus_baseline,surprise,0.26845770907116057
mead_part0,loudness,20260920,3,logistic,absolute,angry,0.4639448596151321
mead_part0,loudness,20260920,3,logistic,absolute,happy,0.23340735895824577
mead_part0,loudness,20260920,3,logistic,absolute,neutral,0.33541249439980575
mead_part0,loudness,20260920,3,logistic,absolute,sad,0.09924773020983127
mead_part0,loudness,20260920,3,logistic,absolute,surprise,0.09722143004845916
mead_part0,loudness,20260920,3,logistic,relative,angry,0.4650260671410613
mead_part0,loudness,20260920,3,logistic,relative,happy,0.2343915199844213
mead_part0,loudness,20260920,3,logistic,relative,neutral,0.3711311995634788
mead_part0,loudness,20260920,3,logistic,relative,sad,0.10673529636309452
mead_part0,loudness,20260920,3,logistic,relative,surprise,0.08404146277513524
mead_part0,loudness,20260920,3,logistic,relative_plus_baseline,angry,0.47327111456643045
mead_part0,loudness,20260920,3,logistic,relative_plus_baseline,happy,0.24258990936973815
mead_part0,loudness,20260920,3,logistic,relative_plus_baseline,neutral,0.384133250787098
mead_part0,loudness,20260920,3,logistic,relative_plus_baseline,sad,0.11378424407439736
mead_part0,loudness,20260920,3,logistic,relative_plus_baseline,surprise,0.09473910177855825
mead_part0,loudness,20260920,3,hgb,absolute,angry,0.40304341059304827
mead_part0,loudness,20260920,3,hgb,absolute,happy,0.17054042824485868
mead_part0,loudness,20260920,3,hgb,absolute,neutral,0.2937479862673367
mead_part0,loudness,20260920,3,hgb,absolute,sad,0.11208944699289997
mead_part0,loudness,20260920,3,hgb,absolute,surprise,0.2826210820244256
mead_part0,loudness,20260920,3,hgb,relative,angry,0.36064979273209125
mead_part0,loudness,20260920,3,hgb,relative,happy,0.14553579342088804
mead_part0,loudness,20260920,3,hgb,relative,neutral,0.3579751620571911
mead_part0,loudness,20260920,3,hgb,relative,sad,0.06294654513593007
mead_part0,loudness,20260920,3,hgb,relative,surprise,0.35495012045565766
mead_part0,loudness,20260920,3,hgb,relative_plus_baseline,angry,0.3801042815950488
mead_part0,loudness,20260920,3,hgb,relative_plus_baseline,happy,0.06338190789926842
mead_part0,loudness,20260920,3,hgb,relative_plus_baseline,neutral,0.32408731030633564
mead_part0,loudness,20260920,3,hgb,relative_plus_baseline,sad,0.08878998955438926
mead_part0,loudness,20260920,3,hgb,relative_plus_baseline,surprise,0.271014296840891
mead_part0,loudness,20260920,4,logistic,absolute,angry,0.42498378514644497
mead_part0,loudness,20260920,4,logistic,absolute,happy,0.1434477379582617
mead_part0,loudness,20260920,4,logistic,absolute,neutral,0.32186283276035915
mead_part0,loudness,20260920,4,logistic,absolute,sad,0.07702275336829813
mead_part0,loudness,20260920,4,logistic,absolute,surprise,0.0532062132373591
mead_part0,loudness,20260920,4,logistic,relative,angry,0.4062390048404554
mead_part0,loudness,20260920,4,logistic,relative,happy,0.20238260042889056
mead_part0,loudness,20260920,4,logistic,relative,neutral,0.4539689090908705
mead_part0,loudness,20260920,4,logistic,relative,sad,0.11123569773852221
mead_part0,loudness,20260920,4,logistic,relative,surprise,0.07598897258685564
mead_part0,loudness,20260920,4,logistic,relative_plus_baseline,angry,0.4082740905433725
mead_part0,loudness,20260920,4,logistic,relative_plus_baseline,happy,0.1641704151550332
mead_part0,loudness,20260920,4,logistic,relative_plus_baseline,neutral,0.4513906798074277
mead_part0,loudness,20260920,4,logistic,relative_plus_baseline,sad,0.1057301763028531
mead_part0,loudness,20260920,4,logistic,relative_plus_baseline,surprise,0.09433731965879395
mead_part0,loudness,20260920,4,hgb,absolute,angry,0.3848410867652999
mead_part0,loudness,20260920,4,hgb,absolute,happy,0.1398503728064686
mead_part0,loudness,20260920,4,hgb,absolute,neutral,0.3097917590479551
mead_part0,loudness,20260920,4,hgb,absolute,sad,0.05953186088537542
mead_part0,loudness,20260920,4,hgb,absolute,surprise,0.3063653979915163
mead_part0,loudness,20260920,4,hgb,relative,angry,0.3950342742649155
mead_part0,loudness,20260920,4,hgb,relative,happy,0.14122357192461696
mead_part0,loudness,20260920,4,hgb,relative,neutral,0.43016628263079043
mead_part0,loudness,20260920,4,hgb,relative,sad,0.06880170470701082
mead_part0,loudness,20260920,4,hgb,relative,surprise,0.2850982666137643
mead_part0,loudness,20260920,4,hgb,relative_plus_baseline,angry,0.37292633921185764
mead_part0,loudness,20260920,4,hgb,relative_plus_baseline,happy,0.1533243195362174
mead_part0,loudness,20260920,4,hgb,relative_plus_baseline,neutral,0.3993368278830929
mead_part0,loudness,20260920,4,hgb,relative_plus_baseline,sad,0.12996741556469993
mead_part0,loudness,20260920,4,hgb,relative_plus_baseline,surprise,0.3934335609130156
mead_part0,loudness,20260921,0,logistic,absolute,angry,0.3422216599282901
mead_part0,loudness,20260921,0,logistic,absolute,happy,0.18283032127960885
mead_part0,loudness,20260921,0,logistic,absolute,neutral,0.23711413059048395
mead_part0,loudness,20260921,0,logistic,absolute,sad,0.04773299904789062
mead_part0,loudness,20260921,0,logistic,absolute,surprise,0.10613732193331298
mead_part0,loudness,20260921,0,logistic,relative,angry,0.3927758006446051
mead_part0,loudness,20260921,0,logistic,relative,happy,0.2380182209926547
mead_part0,loudness,20260921,0,logistic,relative,neutral,0.34926458029384955
mead_part0,loudness,20260921,0,logistic,relative,sad,0.061311197365426125
mead_part0,loudness,20260921,0,logistic,relative,surprise,0.161928938408209
mead_part0,loudness,20260921,0,logistic,relative_plus_baseline,angry,0.3786867910076553
mead_part0,loudness,20260921,0,logistic,relative_plus_baseline,happy,0.24932307096027043
mead_part0,loudness,20260921,0,logistic,relative_plus_baseline,neutral,0.34941357242201765
mead_part0,loudness,20260921,0,logistic,relative_plus_baseline,sad,0.05293853906319272
mead_part0,loudness,20260921,0,logistic,relative_plus_baseline,surprise,0.18534837129261567
mead_part0,loudness,20260921,0,hgb,absolute,angry,0.28457498723386965
mead_part0,loudness,20260921,0,hgb,absolute,happy,0.10684585487492608
mead_part0,loudness,20260921,0,hgb,absolute,neutral,0.20702650547280743
mead_part0,loudness,20260921,0,hgb,absolute,sad,0.14874033116565027
mead_part0,loudness,20260921,0,hgb,absolute,surprise,0.2651067256485077
mead_part0,loudness,20260921,0,hgb,relative,angry,0.374901145344993
mead_part0,loudness,20260921,0,hgb,relative,happy,0.0728670730494216
mead_part0,loudness,20260921,0,hgb,relative,neutral,0.35526501512529235
mead_part0,loudness,20260921,0,hgb,relative,sad,0.10047401046513987
mead_part0,loudness,20260921,0,hgb,relative,surprise,0.3727576795668076
mead_part0,loudness,20260921,0,hgb,relative_plus_baseline,angry,0.42778783389821134
mead_part0,loudness,20260921,0,hgb,relative_plus_baseline,happy,0.09786827704832503
mead_part0,loudness,20260921,0,hgb,relative_plus_baseline,neutral,0.34697346376477783
mead_part0,loudness,20260921,0,hgb,relative_plus_baseline,sad,0.22999184072882664
mead_part0,loudness,20260921,0,hgb,relative_plus_baseline,surprise,0.2426443681595077
mead_part0,loudness,20260921,1,logistic,absolute,angry,0.34449385183375597
mead_part0,loudness,20260921,1,logistic,absolute,happy,0.14255633593041386
mead_part0,loudness,20260921,1,logistic,absolute,neutral,0.23525388013993562
mead_part0,loudness,20260921,1,logistic,absolute,sad,0.06464535157769988
mead_part0,loudness,20260921,1,logistic,absolute,surprise,0.06530918359329209
mead_part0,loudness,20260921,1,logistic,relative,angry,0.361312351390778
mead_part0,loudness,20260921,1,logistic,relative,happy,0.2816104584685403
mead_part0,loudness,20260921,1,logistic,relative,neutral,0.31047657974506304
mead_part0,loudness,20260921,1,logistic,relative,sad,0.09073258541671157
mead_part0,loudness,20260921,1,logistic,relative,surprise,0.11697862883389185
mead_part0,loudness,20260921,1,logistic,relative_plus_baseline,angry,0.354152863830069
mead_part0,loudness,20260921,1,logistic,relative_plus_baseline,happy,0.22800512554152808
mead_part0,loudness,20260921,1,logistic,relative_plus_baseline,neutral,0.30521495555890504
mead_part0,loudness,20260921,1,logistic,relative_plus_baseline,sad,0.16165264317635328
mead_part0,loudness,20260921,1,logistic,relative_plus_baseline,surprise,0.07728528828775641
mead_part0,loudness,20260921,1,hgb,absolute,angry,0.32682988305388666
mead_part0,loudness,20260921,1,hgb,absolute,happy,0.08521586321636089
mead_part0,loudness,20260921,1,hgb,absolute,neutral,0.2037091899689417
mead_part0,loudness,20260921,1,hgb,absolute,sad,0.08061596362331434
mead_part0,loudness,20260921,1,hgb,absolute,surprise,0.2567550933621918
mead_part0,loudness,20260921,1,hgb,relative,angry,0.3536278426823701
mead_part0,loudness,20260921,1,hgb,relative,happy,0.09065343744370899
mead_part0,loudness,20260921,1,hgb,relative,neutral,0.30363145697223304
mead_part0,loudness,20260921,1,hgb,relative,sad,0.08059908669986314
mead_part0,loudness,20260921,1,hgb,relative,surprise,0.3643067569386644
mead_part0,loudness,20260921,1,hgb,relative_plus_baseline,angry,0.3933574578961851
mead_part0,loudness,20260921,1,hgb,relative_plus_baseline,happy,0.07081233972133777
mead_part0,loudness,20260921,1,hgb,relative_plus_baseline,neutral,0.29745251302805853
mead_part0,loudness,20260921,1,hgb,relative_plus_baseline,sad,0.047363079549289096
mead_part0,loudness,20260921,1,hgb,relative_plus_baseline,surprise,0.25749652493979075
mead_part0,loudness,20260921,2,logistic,absolute,angry,0.41807428034676475
mead_part0,loudness,20260921,2,logistic,absolute,happy,0.1031830832922785
mead_part0,loudness,20260921,2,logistic,absolute,neutral,0.342988113026042
mead_part0,loudness,20260921,2,logistic,absolute,sad,0.08837570378602223
mead_part0,loudness,20260921,2,logistic,absolute,surprise,0.05562799235761822
mead_part0,loudness,20260921,2,logistic,relative,angry,0.41009867422664087
mead_part0,loudness,20260921,2,logistic,relative,happy,0.11804870144674968
mead_part0,loudness,20260921,2,logistic,relative,neutral,0.42586732871730193
mead_part0,loudness,20260921,2,logistic,relative,sad,0.11989570877965874
mead_part0,loudness,20260921,2,logistic,relative,surprise,0.087825728018282
mead_part0,loudness,20260921,2,logistic,relative_plus_baseline,angry,0.41295853949033773
mead_part0,loudness,20260921,2,logistic,relative_plus_baseline,happy,0.10610410663486326
mead_part0,loudness,20260921,2,logistic,relative_plus_baseline,neutral,0.4093575425702977
mead_part0,loudness,20260921,2,logistic,relative_plus_baseline,sad,0.09000818556255413
mead_part0,loudness,20260921,2,logistic,relative_plus_baseline,surprise,0.051246810014987515
mead_part0,loudness,20260921,2,hgb,absolute,angry,0.4040064738974478
mead_part0,loudness,20260921,2,hgb,absolute,happy,0.19062485640710672
mead_part0,loudness,20260921,2,hgb,absolute,neutral,0.3177070657057577
mead_part0,loudness,20260921,2,hgb,absolute,sad,0.14227805931177556
mead_part0,loudness,20260921,2,hgb,absolute,surprise,0.25937839871044605
mead_part0,loudness,20260921,2,hgb,relative,angry,0.3801248245702126
mead_part0,loudness,20260921,2,hgb,relative,happy,0.0895913997675936
mead_part0,loudness,20260921,2,hgb,relative,neutral,0.42977688887108423
mead_part0,loudness,20260921,2,hgb,relative,sad,0.06441821213410791
mead_part0,loudness,20260921,2,hgb,relative,surprise,0.3274247735187116
mead_part0,loudness,20260921,2,hgb,relative_plus_baseline,angry,0.3837455828712545
mead_part0,loudness,20260921,2,hgb,relative_plus_baseline,happy,0.10677936894538406
mead_part0,loudness,20260921,2,hgb,relative_plus_baseline,neutral,0.3899345644533813
mead_part0,loudness,20260921,2,hgb,relative_plus_baseline,sad,0.0600091272521638
mead_part0,loudness,20260921,2,hgb,relative_plus_baseline,surprise,0.2582116369468348
mead_part0,loudness,20260921,3,logistic,absolute,angry,0.4214520245788197
mead_part0,loudness,20260921,3,logistic,absolute,happy,0.1498339994182285
mead_part0,loudness,20260921,3,logistic,absolute,neutral,0.3077878769826313
mead_part0,loudness,20260921,3,logistic,absolute,sad,0.07348232565949056
mead_part0,loudness,20260921,3,logistic,absolute,surprise,0.06807602756107474
mead_part0,loudness,20260921,3,logistic,relative,angry,0.392417084071091
mead_part0,loudness,20260921,3,logistic,relative,happy,0.1875546302995026
mead_part0,loudness,20260921,3,logistic,relative,neutral,0.34831753936438437
mead_part0,loudness,20260921,3,logistic,relative,sad,0.045836306976723
mead_part0,loudness,20260921,3,logistic,relative,surprise,0.0981708372102602
mead_part0,loudness,20260921,3,logistic,relative_plus_baseline,angry,0.4017715793287962
mead_part0,loudness,20260921,3,logistic,relative_plus_baseline,happy,0.18415783585689444
mead_part0,loudness,20260921,3,logistic,relative_plus_baseline,neutral,0.35170588711060957
mead_part0,loudness,20260921,3,logistic,relative_plus_baseline,sad,0.09124352041425843
mead_part0,loudness,20260921,3,logistic,relative_plus_baseline,surprise,0.10011091964244904
mead_part0,loudness,20260921,3,hgb,absolute,angry,0.36470092673517795
mead_part0,loudness,20260921,3,hgb,absolute,happy,0.1673080319263586
mead_part0,loudness,20260921,3,hgb,absolute,neutral,0.284794126891923
mead_part0,loudness,20260921,3,hgb,absolute,sad,0.09276093080832382
mead_part0,loudness,20260921,3,hgb,absolute,surprise,0.3033194881977056
mead_part0,loudness,20260921,3,hgb,relative,angry,0.37679565149170585
mead_part0,loudness,20260921,3,hgb,relative,happy,0.09737733736994705
mead_part0,loudness,20260921,3,hgb,relative,neutral,0.3459532733044281
mead_part0,loudness,20260921,3,hgb,relative,sad,0.02703801530790986
mead_part0,loudness,20260921,3,hgb,relative,surprise,0.2998730259992878
mead_part0,loudness,20260921,3,hgb,relative_plus_baseline,angry,0.3378691890457243
mead_part0,loudness,20260921,3,hgb,relative_plus_baseline,happy,0.19458730497481433
mead_part0,loudness,20260921,3,hgb,relative_plus_baseline,neutral,0.3339312698458745
mead_part0,loudness,20260921,3,hgb,relative_plus_baseline,sad,0.018342725685690613
mead_part0,loudness,20260921,3,hgb,relative_plus_baseline,surprise,0.3323999686177051
mead_part0,loudness,20260921,4,logistic,absolute,angry,0.237962586127523
mead_part0,loudness,20260921,4,logistic,absolute,happy,0.14362092257235956
mead_part0,loudness,20260921,4,logistic,absolute,neutral,0.22537413569014692
mead_part0,loudness,20260921,4,logistic,absolute,sad,0.07090239662533826
mead_part0,loudness,20260921,4,logistic,absolute,surprise,0.0650762299065001
mead_part0,loudness,20260921,4,logistic,relative,angry,0.3921395960324084
mead_part0,loudness,20260921,4,logistic,relative,happy,0.21166247667912838
mead_part0,loudness,20260921,4,logistic,relative,neutral,0.31223295910941884
mead_part0,loudness,20260921,4,logistic,relative,sad,0.1163685379921741
mead_part0,loudness,20260921,4,logistic,relative,surprise,0.07637675676875665
mead_part0,loudness,20260921,4,logistic,relative_plus_baseline,angry,0.36186096706399545
mead_part0,loudness,20260921,4,logistic,relative_plus_baseline,happy,0.23055510281870764
mead_part0,loudness,20260921,4,logistic,relative_plus_baseline,neutral,0.30547472550131033
mead_part0,loudness,20260921,4,logistic,relative_plus_baseline,sad,0.0835042503023896
mead_part0,loudness,20260921,4,logistic,relative_plus_baseline,surprise,0.1001392706594859
mead_part0,loudness,20260921,4,hgb,absolute,angry,0.19938851041474046
mead_part0,loudness,20260921,4,hgb,absolute,happy,0.14405303667052774
mead_part0,loudness,20260921,4,hgb,absolute,neutral,0.24243544776001447
mead_part0,loudness,20260921,4,hgb,absolute,sad,0.06905148548558392
mead_part0,loudness,20260921,4,hgb,absolute,surprise,0.23854607308653977
mead_part0,loudness,20260921,4,hgb,relative,angry,0.22537260733639206
mead_part0,loudness,20260921,4,hgb,relative,happy,0.0962528473749306
mead_part0,loudness,20260921,4,hgb,relative,neutral,0.3320241602223683
mead_part0,loudness,20260921,4,hgb,relative,sad,0.06500305692949655
mead_part0,loudness,20260921,4,hgb,relative,surprise,0.317299703200629
mead_part0,loudness,20260921,4,hgb,relative_plus_baseline,angry,0.2561006852370875
mead_part0,loudness,20260921,4,hgb,relative_plus_baseline,happy,0.12943320811393386
mead_part0,loudness,20260921,4,hgb,relative_plus_baseline,neutral,0.31414209153140515
mead_part0,loudness,20260921,4,hgb,relative_plus_baseline,sad,0.05170743215308064
mead_part0,loudness,20260921,4,hgb,relative_plus_baseline,surprise,0.31060990618891215
mead_part0,loudness,20260922,0,logistic,absolute,angry,0.3868836817577845
mead_part0,loudness,20260922,0,logistic,absolute,happy,0.14244656958468443
mead_part0,loudness,20260922,0,logistic,absolute,neutral,0.26510416293922057
mead_part0,loudness,20260922,0,logistic,absolute,sad,0.044109926768827655
mead_part0,loudness,20260922,0,logistic,absolute,surprise,0.0966997119912408
mead_part0,loudness,20260922,0,logistic,relative,angry,0.3961539394883165
mead_part0,loudness,20260922,0,logistic,relative,happy,0.15341790549406248
mead_part0,loudness,20260922,0,logistic,relative,neutral,0.290123585978427
mead_part0,loudness,20260922,0,logistic,relative,sad,0.038659604846422925
mead_part0,loudness,20260922,0,logistic,relative,surprise,0.08759914985857604
mead_part0,loudness,20260922,0,logistic,relative_plus_baseline,angry,0.3987690460788787
mead_part0,loudness,20260922,0,logistic,relative_plus_baseline,happy,0.1512016984704461
mead_part0,loudness,20260922,0,logistic,relative_plus_baseline,neutral,0.28492899066414595
mead_part0,loudness,20260922,0,logistic,relative_plus_baseline,sad,0.03974773980794992
mead_part0,loudness,20260922,0,logistic,relative_plus_baseline,surprise,0.10876903932408961
mead_part0,loudness,20260922,0,hgb,absolute,angry,0.3567743194942121
mead_part0,loudness,20260922,0,hgb,absolute,happy,0.16531395048773262
mead_part0,loudness,20260922,0,hgb,absolute,neutral,0.24548957734277735
mead_part0,loudness,20260922,0,hgb,absolute,sad,0.112788647653846
mead_part0,loudness,20260922,0,hgb,absolute,surprise,0.22214308670381175
mead_part0,loudness,20260922,0,hgb,relative,angry,0.27766342036171204
mead_part0,loudness,20260922,0,hgb,relative,happy,0.09705648923155033
mead_part0,loudness,20260922,0,hgb,relative,neutral,0.302775014192806
mead_part0,loudness,20260922,0,hgb,relative,sad,0.10377476390340962
mead_part0,loudness,20260922,0,hgb,relative,surprise,0.3444902145422872
mead_part0,loudness,20260922,0,hgb,relative_plus_baseline,angry,0.36123285101055214
mead_part0,loudness,20260922,0,hgb,relative_plus_baseline,happy,0.13220914227394248
mead_part0,loudness,20260922,0,hgb,relative_plus_baseline,neutral,0.2911050055076422
mead_part0,loudness,20260922,0,hgb,relative_plus_baseline,sad,0.08312706389345174
mead_part0,loudness,20260922,0,hgb,relative_plus_baseline,surprise,0.256124396999111
mead_part0,loudness,20260922,1,logistic,absolute,angry,0.3961872568744834
mead_part0,loudness,20260922,1,logistic,absolute,happy,0.11768505954760336
mead_part0,loudness,20260922,1,logistic,absolute,neutral,0.2523530719601856
mead_part0,loudness,20260922,1,logistic,absolute,sad,0.04068983572549394
mead_part0,loudness,20260922,1,logistic,absolute,surprise,0.06122682343698011
mead_part0,loudness,20260922,1,logistic,relative,angry,0.39883490089621737
mead_part0,loudness,20260922,1,logistic,relative,happy,0.23787757787722444
mead_part0,loudness,20260922,1,logistic,relative,neutral,0.41509111047063035
mead_part0,loudness,20260922,1,logistic,relative,sad,0.12173351608138837
mead_part0,loudness,20260922,1,logistic,relative,surprise,0.13735799575329785
mead_part0,loudness,20260922,1,logistic,relative_plus_baseline,angry,0.4113538023542395
mead_part0,loudness,20260922,1,logistic,relative_plus_baseline,happy,0.18617605998046782
mead_part0,loudness,20260922,1,logistic,relative_plus_baseline,neutral,0.38682921964815614
mead_part0,loudness,20260922,1,logistic,relative_plus_baseline,sad,0.11441703790723393
mead_part0,loudness,20260922,1,logistic,relative_plus_baseline,surprise,0.1576473174702297
mead_part0,loudness,20260922,1,hgb,absolute,angry,0.3698517981626072
mead_part0,loudness,20260922,1,hgb,absolute,happy,0.10703053786814223
mead_part0,loudness,20260922,1,hgb,absolute,neutral,0.21784207475991538
mead_part0,loudness,20260922,1,hgb,absolute,sad,0.13181343310372445
mead_part0,loudness,20260922,1,hgb,absolute,surprise,0.31571886691784773
mead_part0,loudness,20260922,1,hgb,relative,angry,0.27522615615631996
mead_part0,loudness,20260922,1,hgb,relative,happy,0.0967077325169095
mead_part0,loudness,20260922,1,hgb,relative,neutral,0.38244786177273804
mead_part0,loudness,20260922,1,hgb,relative,sad,0.04146978322611812
mead_part0,loudness,20260922,1,hgb,relative,surprise,0.36428510782282947
mead_part0,loudness,20260922,1,hgb,relative_plus_baseline,angry,0.2993204555196495
mead_part0,loudness,20260922,1,hgb,relative_plus_baseline,happy,0.13330259217418708
mead_part0,loudness,20260922,1,hgb,relative_plus_baseline,neutral,0.44107808255388997
mead_part0,loudness,20260922,1,hgb,relative_plus_baseline,sad,0.15296104962163912
mead_part0,loudness,20260922,1,hgb,relative_plus_baseline,surprise,0.27719159497106477
mead_part0,loudness,20260922,2,logistic,absolute,angry,0.42382745889749357
mead_part0,loudness,20260922,2,logistic,absolute,happy,0.23419640556603694
mead_part0,loudness,20260922,2,logistic,absolute,neutral,0.2519441685928648
mead_part0,loudness,20260922,2,logistic,absolute,sad,0.09309154938973406
mead_part0,loudness,20260922,2,logistic,absolute,surprise,0.07621769290045578
mead_part0,loudness,20260922,2,logistic,relative,angry,0.38132116588761855
mead_part0,loudness,20260922,2,logistic,relative,happy,0.2288793256129522
mead_part0,loudness,20260922,2,logistic,relative,neutral,0.33126838161554933
mead_part0,loudness,20260922,2,logistic,relative,sad,0.12313970635097093
mead_part0,loudness,20260922,2,logistic,relative,surprise,0.07497061035663766
mead_part0,loudness,20260922,2,logistic,relative_plus_baseline,angry,0.40197047092480886
mead_part0,loudness,20260922,2,logistic,relative_plus_baseline,happy,0.2448645762620758
mead_part0,loudness,20260922,2,logistic,relative_plus_baseline,neutral,0.32831926902210357
mead_part0,loudness,20260922,2,logistic,relative_plus_baseline,sad,0.11315559662743364
mead_part0,loudness,20260922,2,logistic,relative_plus_baseline,surprise,0.10163044407174328
mead_part0,loudness,20260922,2,hgb,absolute,angry,0.34235831856012744
mead_part0,loudness,20260922,2,hgb,absolute,happy,0.18824503079910165
mead_part0,loudness,20260922,2,hgb,absolute,neutral,0.24479039226292384
mead_part0,loudness,20260922,2,hgb,absolute,sad,0.1291348260952307
mead_part0,loudness,20260922,2,hgb,absolute,surprise,0.28854853101741895
mead_part0,loudness,20260922,2,hgb,relative,angry,0.29029094297095454
mead_part0,loudness,20260922,2,hgb,relative,happy,0.09529919884095771
mead_part0,loudness,20260922,2,hgb,relative,neutral,0.32147490587676975
mead_part0,loudness,20260922,2,hgb,relative,sad,0.08102631335271897
mead_part0,loudness,20260922,2,hgb,relative,surprise,0.31088603154048977
mead_part0,loudness,20260922,2,hgb,relative_plus_baseline,angry,0.34391502384410094
mead_part0,loudness,20260922,2,hgb,relative_plus_baseline,happy,0.17590809434426413
mead_part0,loudness,20260922,2,hgb,relative_plus_baseline,neutral,0.3295213510708166
mead_part0,loudness,20260922,2,hgb,relative_plus_baseline,sad,0.10402638392122261
mead_part0,loudness,20260922,2,hgb,relative_plus_baseline,surprise,0.32277330621012407
mead_part0,loudness,20260922,3,logistic,absolute,angry,0.2894697911926179
mead_part0,loudness,20260922,3,logistic,absolute,happy,0.1100643877544239
mead_part0,loudness,20260922,3,logistic,absolute,neutral,0.2956894740506095
mead_part0,loudness,20260922,3,logistic,absolute,sad,0.04730892582387007
mead_part0,loudness,20260922,3,logistic,absolute,surprise,0.06506655969188259
mead_part0,loudness,20260922,3,logistic,relative,angry,0.36929753120891007
mead_part0,loudness,20260922,3,logistic,relative,happy,0.20758756433212705
mead_part0,loudness,20260922,3,logistic,relative,neutral,0.4148883328397115
mead_part0,loudness,20260922,3,logistic,relative,sad,0.06765589157608011
mead_part0,loudness,20260922,3,logistic,relative,surprise,0.11276696205722136
mead_part0,loudness,20260922,3,logistic,relative_plus_baseline,angry,0.34452418040304333
mead_part0,loudness,20260922,3,logistic,relative_plus_baseline,happy,0.21253753994823382
mead_part0,loudness,20260922,3,logistic,relative_plus_baseline,neutral,0.4046839866769104
mead_part0,loudness,20260922,3,logistic,relative_plus_baseline,sad,0.05632603419994601
mead_part0,loudness,20260922,3,logistic,relative_plus_baseline,surprise,0.12071688667785828
mead_part0,loudness,20260922,3,hgb,absolute,angry,0.2680551124413912
mead_part0,loudness,20260922,3,hgb,absolute,happy,0.13795738804122995
mead_part0,loudness,20260922,3,hgb,absolute,neutral,0.2894794491913667
mead_part0,loudness,20260922,3,hgb,absolute,sad,0.11617510603057
mead_part0,loudness,20260922,3,hgb,absolute,surprise,0.2366242061755137
mead_part0,loudness,20260922,3,hgb,relative,angry,0.37795178605419766
mead_part0,loudness,20260922,3,hgb,relative,happy,0.0956163667483087
mead_part0,loudness,20260922,3,hgb,relative,neutral,0.44347274133179637
mead_part0,loudness,20260922,3,hgb,relative,sad,0.03579338727952676
mead_part0,loudness,20260922,3,hgb,relative,surprise,0.3166710051224335
mead_part0,loudness,20260922,3,hgb,relative_plus_baseline,angry,0.35133326322119096
mead_part0,loudness,20260922,3,hgb,relative_plus_baseline,happy,0.09116638967096881
mead_part0,loudness,20260922,3,hgb,relative_plus_baseline,neutral,0.4270882542667749
mead_part0,loudness,20260922,3,hgb,relative_plus_baseline,sad,0.21605271268434884
mead_part0,loudness,20260922,3,hgb,relative_plus_baseline,surprise,0.27257264144026655
mead_part0,loudness,20260922,4,logistic,absolute,angry,0.3743044921388443
mead_part0,loudness,20260922,4,logistic,absolute,happy,0.12488563432162379
mead_part0,loudness,20260922,4,logistic,absolute,neutral,0.24946457258056878
mead_part0,loudness,20260922,4,logistic,absolute,sad,0.07283182235315035
mead_part0,loudness,20260922,4,logistic,absolute,surprise,0.06312663982455631
mead_part0,loudness,20260922,4,logistic,relative,angry,0.41903286621613406
mead_part0,loudness,20260922,4,logistic,relative,happy,0.16892951324449856
mead_part0,loudness,20260922,4,logistic,relative,neutral,0.3134268639820155
mead_part0,loudness,20260922,4,logistic,relative,sad,0.09579965877438977
mead_part0,loudness,20260922,4,logistic,relative,surprise,0.10303267488783906
mead_part0,loudness,20260922,4,logistic,relative_plus_baseline,angry,0.41872198410161665
mead_part0,loudness,20260922,4,logistic,relative_plus_baseline,happy,0.17921032796966954
mead_part0,loudness,20260922,4,logistic,relative_plus_baseline,neutral,0.31950323530007446
mead_part0,loudness,20260922,4,logistic,relative_plus_baseline,sad,0.11492321033076613
mead_part0,loudness,20260922,4,logistic,relative_plus_baseline,surprise,0.08427506176944288
mead_part0,loudness,20260922,4,hgb,absolute,angry,0.3212545764022253
mead_part0,loudness,20260922,4,hgb,absolute,happy,0.12696011327867668
mead_part0,loudness,20260922,4,hgb,absolute,neutral,0.25606050049650353
mead_part0,loudness,20260922,4,hgb,absolute,sad,0.02776976550432866
mead_part0,loudness,20260922,4,hgb,absolute,surprise,0.2537322877592106
mead_part0,loudness,20260922,4,hgb,relative,angry,0.47487466050430704
mead_part0,loudness,20260922,4,hgb,relative,happy,0.10793215972096872
mead_part0,loudness,20260922,4,hgb,relative,neutral,0.3281663103372089
mead_part0,loudness,20260922,4,hgb,relative,sad,0.083982377742905
mead_part0,loudness,20260922,4,hgb,relative,surprise,0.357232818370247
mead_part0,loudness,20260922,4,hgb,relative_plus_baseline,angry,0.492442798907514
mead_part0,loudness,20260922,4,hgb,relative_plus_baseline,happy,0.12599218548035662
mead_part0,loudness,20260922,4,hgb,relative_plus_baseline,neutral,0.30791093494796495
mead_part0,loudness,20260922,4,hgb,relative_plus_baseline,sad,0.11697877442006577
mead_part0,loudness,20260922,4,hgb,relative_plus_baseline,surprise,0.33054355450539974
mead_part0,rate,20260920,0,logistic,absolute,angry,0.06485474877856873
mead_part0,rate,20260920,0,logistic,absolute,happy,0.2727853736779223
mead_part0,rate,20260920,0,logistic,absolute,neutral,0.03351854284210552
mead_part0,rate,20260920,0,logistic,absolute,sad,0.37499923817867775
mead_part0,rate,20260920,0,logistic,absolute,surprise,0.03099765883880674
mead_part0,rate,20260920,0,logistic,relative,angry,0.05707576442195487
mead_part0,rate,20260920,0,logistic,relative,happy,0.28858655734609306
mead_part0,rate,20260920,0,logistic,relative,neutral,0.06700204342295794
mead_part0,rate,20260920,0,logistic,relative,sad,0.3784778910668105
mead_part0,rate,20260920,0,logistic,relative,surprise,0.0379919890447833
mead_part0,rate,20260920,0,logistic,relative_plus_baseline,angry,0.052545713073099486
mead_part0,rate,20260920,0,logistic,relative_plus_baseline,happy,0.28554478552994494
mead_part0,rate,20260920,0,logistic,relative_plus_baseline,neutral,0.06203979813000251
mead_part0,rate,20260920,0,logistic,relative_plus_baseline,sad,0.37474891131079513
mead_part0,rate,20260920,0,logistic,relative_plus_baseline,surprise,0.057312659847768364
mead_part0,rate,20260920,0,hgb,absolute,angry,0.2319076101652488
mead_part0,rate,20260920,0,hgb,absolute,happy,0.21799470860999692
mead_part0,rate,20260920,0,hgb,absolute,neutral,0.1626851578594822
mead_part0,rate,20260920,0,hgb,absolute,sad,0.33926239073701986
mead_part0,rate,20260920,0,hgb,absolute,surprise,0.1510591600009972
mead_part0,rate,20260920,0,hgb,relative,angry,0.17282288837009888
mead_part0,rate,20260920,0,hgb,relative,happy,0.18944262816516522
mead_part0,rate,20260920,0,hgb,relative,neutral,0.1980699667189245
mead_part0,rate,20260920,0,hgb,relative,sad,0.31781424007948766
mead_part0,rate,20260920,0,hgb,relative,surprise,0.12828414800636753
mead_part0,rate,20260920,0,hgb,relative_plus_baseline,angry,0.16158210618817825
mead_part0,rate,20260920,0,hgb,relative_plus_baseline,happy,0.12799745477008484
mead_part0,rate,20260920,0,hgb,relative_plus_baseline,neutral,0.1884218400475135
mead_part0,rate,20260920,0,hgb,relative_plus_baseline,sad,0.2705747690606984
mead_part0,rate,20260920,0,hgb,relative_plus_baseline,surprise,0.2122496089961976
mead_part0,rate,20260920,1,logistic,absolute,angry,0.0522432714673085
mead_part0,rate,20260920,1,logistic,absolute,happy,0.06855420151071755
mead_part0,rate,20260920,1,logistic,absolute,neutral,0.18221965656121925
mead_part0,rate,20260920,1,logistic,absolute,sad,0.33600072223768584
mead_part0,rate,20260920,1,logistic,absolute,surprise,0.047801881100519396
mead_part0,rate,20260920,1,logistic,relative,angry,0.06393645653284766
mead_part0,rate,20260920,1,logistic,relative,happy,0.06967548482877992
mead_part0,rate,20260920,1,logistic,relative,neutral,0.18660369407375157
mead_part0,rate,20260920,1,logistic,relative,sad,0.3460787133309128
mead_part0,rate,20260920,1,logistic,relative,surprise,0.055397593907726465
mead_part0,rate,20260920,1,logistic,relative_plus_baseline,angry,0.09844187545692024
mead_part0,rate,20260920,1,logistic,relative_plus_baseline,happy,0.04321306489657591
mead_part0,rate,20260920,1,logistic,relative_plus_baseline,neutral,0.17924407055130775
mead_part0,rate,20260920,1,logistic,relative_plus_baseline,sad,0.33394778006217457
mead_part0,rate,20260920,1,logistic,relative_plus_baseline,surprise,0.09081126927168053
mead_part0,rate,20260920,1,hgb,absolute,angry,0.2388163454835631
mead_part0,rate,20260920,1,hgb,absolute,happy,0.22365296656872544
mead_part0,rate,20260920,1,hgb,absolute,neutral,0.15137959995550815
mead_part0,rate,20260920,1,hgb,absolute,sad,0.2540506125519793
mead_part0,rate,20260920,1,hgb,absolute,surprise,0.11108242240787397
mead_part0,rate,20260920,1,hgb,relative,angry,0.16131443534200685
mead_part0,rate,20260920,1,hgb,relative,happy,0.23028948828084045
mead_part0,rate,20260920,1,hgb,relative,neutral,0.18596533009909458
mead_part0,rate,20260920,1,hgb,relative,sad,0.2932829998221859
mead_part0,rate,20260920,1,hgb,relative,surprise,0.11912738980035062
mead_part0,rate,20260920,1,hgb,relative_plus_baseline,angry,0.22706451702852698
mead_part0,rate,20260920,1,hgb,relative_plus_baseline,happy,0.14925008973389703
mead_part0,rate,20260920,1,hgb,relative_plus_baseline,neutral,0.17643920252558457
mead_part0,rate,20260920,1,hgb,relative_plus_baseline,sad,0.22366081717987024
mead_part0,rate,20260920,1,hgb,relative_plus_baseline,surprise,0.12577346725863986
mead_part0,rate,20260920,2,logistic,absolute,angry,0.0315734557074335
mead_part0,rate,20260920,2,logistic,absolute,happy,0.0716179944521833
mead_part0,rate,20260920,2,logistic,absolute,neutral,0.17189991718652903
mead_part0,rate,20260920,2,logistic,absolute,sad,0.37383099993565544
mead_part0,rate,20260920,2,logistic,absolute,surprise,0.0328013631593194
mead_part0,rate,20260920,2,logistic,relative,angry,0.04740473206051357
mead_part0,rate,20260920,2,logistic,relative,happy,0.08753871966980899
mead_part0,rate,20260920,2,logistic,relative,neutral,0.18666948401383934
mead_part0,rate,20260920,2,logistic,relative,sad,0.39446786948266094
mead_part0,rate,20260920,2,logistic,relative,surprise,0.0342331391779147
mead_part0,rate,20260920,2,logistic,relative_plus_baseline,angry,0.1666205050646434
mead_part0,rate,20260920,2,logistic,relative_plus_baseline,happy,0.07845367680344591
mead_part0,rate,20260920,2,logistic,relative_plus_baseline,neutral,0.18853562185324357
mead_part0,rate,20260920,2,logistic,relative_plus_baseline,sad,0.40028635688409936
mead_part0,rate,20260920,2,logistic,relative_plus_baseline,surprise,0.020133260227854288
mead_part0,rate,20260920,2,hgb,absolute,angry,0.19359349271588946
mead_part0,rate,20260920,2,hgb,absolute,happy,0.21029788479666128
mead_part0,rate,20260920,2,hgb,absolute,neutral,0.16221525826306524
mead_part0,rate,20260920,2,hgb,absolute,sad,0.33811309390669086
mead_part0,rate,20260920,2,hgb,absolute,surprise,0.1599544267330675
mead_part0,rate,20260920,2,hgb,relative,angry,0.15505066938062348
mead_part0,rate,20260920,2,hgb,relative,happy,0.28257977059631617
mead_part0,rate,20260920,2,hgb,relative,neutral,0.19396914139993796
mead_part0,rate,20260920,2,hgb,relative,sad,0.2790863607815753
mead_part0,rate,20260920,2,hgb,relative,surprise,0.15755897016278794
mead_part0,rate,20260920,2,hgb,relative_plus_baseline,angry,0.16398775203302787
mead_part0,rate,20260920,2,hgb,relative_plus_baseline,happy,0.23246396434290334
mead_part0,rate,20260920,2,hgb,relative_plus_baseline,neutral,0.18549665358812303
mead_part0,rate,20260920,2,hgb,relative_plus_baseline,sad,0.3039587634239964
mead_part0,rate,20260920,2,hgb,relative_plus_baseline,surprise,0.18165471901186594
mead_part0,rate,20260920,3,logistic,absolute,angry,0.03951765649626258
mead_part0,rate,20260920,3,logistic,absolute,happy,0.057503768522285954
mead_part0,rate,20260920,3,logistic,absolute,neutral,0.17795552544696824
mead_part0,rate,20260920,3,logistic,absolute,sad,0.36333088187949153
mead_part0,rate,20260920,3,logistic,absolute,surprise,0.05491698782185925
mead_part0,rate,20260920,3,logistic,relative,angry,0.057270030288689155
mead_part0,rate,20260920,3,logistic,relative,happy,0.06996024033621266
mead_part0,rate,20260920,3,logistic,relative,neutral,0.1720246256472722
mead_part0,rate,20260920,3,logistic,relative,sad,0.3235209690800275
mead_part0,rate,20260920,3,logistic,relative,surprise,0.03948032421067857
mead_part0,rate,20260920,3,logistic,relative_plus_baseline,angry,0.0963430933804327
mead_part0,rate,20260920,3,logistic,relative_plus_baseline,happy,0.05087824050772055
mead_part0,rate,20260920,3,logistic,relative_plus_baseline,neutral,0.1701664621228363
mead_part0,rate,20260920,3,logistic,relative_plus_baseline,sad,0.3221857531266242
mead_part0,rate,20260920,3,logistic,relative_plus_baseline,surprise,0.10002987715671678
mead_part0,rate,20260920,3,hgb,absolute,angry,0.2041891572787558
mead_part0,rate,20260920,3,hgb,absolute,happy,0.2235772324110895
mead_part0,rate,20260920,3,hgb,absolute,neutral,0.15355004493150531
mead_part0,rate,20260920,3,hgb,absolute,sad,0.3098448691861971
mead_part0,rate,20260920,3,hgb,absolute,surprise,0.13804845126769522
mead_part0,rate,20260920,3,hgb,relative,angry,0.1288327691988333
mead_part0,rate,20260920,3,hgb,relative,happy,0.2312491238126618
mead_part0,rate,20260920,3,hgb,relative,neutral,0.16974079441100656
mead_part0,rate,20260920,3,hgb,relative,sad,0.28806396065743
mead_part0,rate,20260920,3,hgb,relative,surprise,0.15056052051244695
mead_part0,rate,20260920,3,hgb,relative_plus_baseline,angry,0.23086641639689998
mead_part0,rate,20260920,3,hgb,relative_plus_baseline,happy,0.21933534942897923
mead_part0,rate,20260920,3,hgb,relative_plus_baseline,neutral,0.18293810729794172
mead_part0,rate,20260920,3,hgb,relative_plus_baseline,sad,0.19233829755373336
mead_part0,rate,20260920,3,hgb,relative_plus_baseline,surprise,0.19284126878501986
mead_part0,rate,20260920,4,logistic,absolute,angry,0.04681935811001319
mead_part0,rate,20260920,4,logistic,absolute,happy,0.06873288422570285
mead_part0,rate,20260920,4,logistic,absolute,neutral,0.19794094179421778
mead_part0,rate,20260920,4,logistic,absolute,sad,0.3022654541474199
mead_part0,rate,20260920,4,logistic,absolute,surprise,0.04390318468695792
mead_part0,rate,20260920,4,logistic,relative,angry,0.08008505206436022
mead_part0,rate,20260920,4,logistic,relative,happy,0.07060201096439903
mead_part0,rate,20260920,4,logistic,relative,neutral,0.1946558304849114
mead_part0,rate,20260920,4,logistic,relative,sad,0.3210252074827876
mead_part0,rate,20260920,4,logistic,relative,surprise,0.05556443591509006
mead_part0,rate,20260920,4,logistic,relative_plus_baseline,angry,0.11168174674456773
mead_part0,rate,20260920,4,logistic,relative_plus_baseline,happy,0.15697849152291662
mead_part0,rate,20260920,4,logistic,relative_plus_baseline,neutral,0.18886223190298737
mead_part0,rate,20260920,4,logistic,relative_plus_baseline,sad,0.3110364056709476
mead_part0,rate,20260920,4,logistic,relative_plus_baseline,surprise,0.07582400555968336
mead_part0,rate,20260920,4,hgb,absolute,angry,0.24288463248233122
mead_part0,rate,20260920,4,hgb,absolute,happy,0.2148490562015435
mead_part0,rate,20260920,4,hgb,absolute,neutral,0.17249351396239132
mead_part0,rate,20260920,4,hgb,absolute,sad,0.24069494396998684
mead_part0,rate,20260920,4,hgb,absolute,surprise,0.16075604223606835
mead_part0,rate,20260920,4,hgb,relative,angry,0.1121226872754498
mead_part0,rate,20260920,4,hgb,relative,happy,0.23694772293117697
mead_part0,rate,20260920,4,hgb,relative,neutral,0.17262298860574032
mead_part0,rate,20260920,4,hgb,relative,sad,0.26217710331368843
mead_part0,rate,20260920,4,hgb,relative,surprise,0.11937049602433666
mead_part0,rate,20260920,4,hgb,relative_plus_baseline,angry,0.22285087308813037
mead_part0,rate,20260920,4,hgb,relative_plus_baseline,happy,0.1493596063535731
mead_part0,rate,20260920,4,hgb,relative_plus_baseline,neutral,0.18591952469986686
mead_part0,rate,20260920,4,hgb,relative_plus_baseline,sad,0.2115177418233227
mead_part0,rate,20260920,4,hgb,relative_plus_baseline,surprise,0.1808508361849077
mead_part0,rate,20260921,0,logistic,absolute,angry,0.05120832833922978
mead_part0,rate,20260921,0,logistic,absolute,happy,0.04112190014617327
mead_part0,rate,20260921,0,logistic,absolute,neutral,0.16186857205266494
mead_part0,rate,20260921,0,logistic,absolute,sad,0.38004349910831753
mead_part0,rate,20260921,0,logistic,absolute,surprise,0.03679502894380551
mead_part0,rate,20260921,0,logistic,relative,angry,0.04917204406464948
mead_part0,rate,20260921,0,logistic,relative,happy,0.0672402207369897
mead_part0,rate,20260921,0,logistic,relative,neutral,0.173628732433947
mead_part0,rate,20260921,0,logistic,relative,sad,0.39528833179968215
mead_part0,rate,20260921,0,logistic,relative,surprise,0.04294950921032972
mead_part0,rate,20260921,0,logistic,relative_plus_baseline,angry,0.1150673270380498
mead_part0,rate,20260921,0,logistic,relative_plus_baseline,happy,0.05714450624416648
mead_part0,rate,20260921,0,logistic,relative_plus_baseline,neutral,0.17198258654252682
mead_part0,rate,20260921,0,logistic,relative_plus_baseline,sad,0.40086232070527983
mead_part0,rate,20260921,0,logistic,relative_plus_baseline,surprise,0.01573639388170595
mead_part0,rate,20260921,0,hgb,absolute,angry,0.20690589536925588
mead_part0,rate,20260921,0,hgb,absolute,happy,0.14970371621294312
mead_part0,rate,20260921,0,hgb,absolute,neutral,0.1508665585047381
mead_part0,rate,20260921,0,hgb,absolute,sad,0.35810374252100635
mead_part0,rate,20260921,0,hgb,absolute,surprise,0.16694288017014489
mead_part0,rate,20260921,0,hgb,relative,angry,0.14233277278412104
mead_part0,rate,20260921,0,hgb,relative,happy,0.25385164437761176
mead_part0,rate,20260921,0,hgb,relative,neutral,0.19931353700095025
mead_part0,rate,20260921,0,hgb,relative,sad,0.3091750092881353
mead_part0,rate,20260921,0,hgb,relative,surprise,0.13222960120345773
mead_part0,rate,20260921,0,hgb,relative_plus_baseline,angry,0.17433253851379948
mead_part0,rate,20260921,0,hgb,relative_plus_baseline,happy,0.2881789065150414
mead_part0,rate,20260921,0,hgb,relative_plus_baseline,neutral,0.17934537343912643
mead_part0,rate,20260921,0,hgb,relative_plus_baseline,sad,0.21892448994844768
mead_part0,rate,20260921,0,hgb,relative_plus_baseline,surprise,0.14955029662227579
mead_part0,rate,20260921,1,logistic,absolute,angry,0.059041607082873995
mead_part0,rate,20260921,1,logistic,absolute,happy,0.01716340962892893
mead_part0,rate,20260921,1,logistic,absolute,neutral,0.21053313782326252
mead_part0,rate,20260921,1,logistic,absolute,sad,0.3887288957443101
mead_part0,rate,20260921,1,logistic,absolute,surprise,0.04072704310471812
mead_part0,rate,20260921,1,logistic,relative,angry,0.08188726287480175
mead_part0,rate,20260921,1,logistic,relative,happy,0.017315020100231723
mead_part0,rate,20260921,1,logistic,relative,neutral,0.22636126802586476
mead_part0,rate,20260921,1,logistic,relative,sad,0.38038524185598666
mead_part0,rate,20260921,1,logistic,relative,surprise,0.04926220587461798
mead_part0,rate,20260921,1,logistic,relative_plus_baseline,angry,0.0644403082035415
mead_part0,rate,20260921,1,logistic,relative_plus_baseline,happy,0.07579523044961786
mead_part0,rate,20260921,1,logistic,relative_plus_baseline,neutral,0.21626087840477767
mead_part0,rate,20260921,1,logistic,relative_plus_baseline,sad,0.38620632211626676
mead_part0,rate,20260921,1,logistic,relative_plus_baseline,surprise,0.08959356730802885
mead_part0,rate,20260921,1,hgb,absolute,angry,0.21741454210899444
mead_part0,rate,20260921,1,hgb,absolute,happy,0.2294369817360956
mead_part0,rate,20260921,1,hgb,absolute,neutral,0.1695442727953872
mead_part0,rate,20260921,1,hgb,absolute,sad,0.33270669309323425
mead_part0,rate,20260921,1,hgb,absolute,surprise,0.167583584732943
mead_part0,rate,20260921,1,hgb,relative,angry,0.1282653853970086
mead_part0,rate,20260921,1,hgb,relative,happy,0.18551830241614187
mead_part0,rate,20260921,1,hgb,relative,neutral,0.18409938527522948
mead_part0,rate,20260921,1,hgb,relative,sad,0.3374377351960208
mead_part0,rate,20260921,1,hgb,relative,surprise,0.1246147293631993
mead_part0,rate,20260921,1,hgb,relative_plus_baseline,angry,0.1684516169226094
mead_part0,rate,20260921,1,hgb,relative_plus_baseline,happy,0.13965498836418572
mead_part0,rate,20260921,1,hgb,relative_plus_baseline,neutral,0.19318478169499526
mead_part0,rate,20260921,1,hgb,relative_plus_baseline,sad,0.20574450825752316
mead_part0,rate,20260921,1,hgb,relative_plus_baseline,surprise,0.21231405847935927
mead_part0,rate,20260921,2,logistic,absolute,angry,0.0652249224628112
mead_part0,rate,20260921,2,logistic,absolute,happy,0.046257527094474594
mead_part0,rate,20260921,2,logistic,absolute,neutral,0.1889774809744009
mead_part0,rate,20260921,2,logistic,absolute,sad,0.346104984252673
mead_part0,rate,20260921,2,logistic,absolute,surprise,0.033918092149456534
mead_part0,rate,20260921,2,logistic,relative,angry,0.05175442396960781
mead_part0,rate,20260921,2,logistic,relative,happy,0.05833556796354632
mead_part0,rate,20260921,2,logistic,relative,neutral,0.19902061514431976
mead_part0,rate,20260921,2,logistic,relative,sad,0.36098243275008085
mead_part0,rate,20260921,2,logistic,relative,surprise,0.05647111198098863
mead_part0,rate,20260921,2,logistic,relative_plus_baseline,angry,0.09006834942056317
mead_part0,rate,20260921,2,logistic,relative_plus_baseline,happy,0.07480484889058818
mead_part0,rate,20260921,2,logistic,relative_plus_baseline,neutral,0.18917505355972278
mead_part0,rate,20260921,2,logistic,relative_plus_baseline,sad,0.3502475148753946
mead_part0,rate,20260921,2,logistic,relative_plus_baseline,surprise,0.09449631877901846
mead_part0,rate,20260921,2,hgb,absolute,angry,0.2240282041962767
mead_part0,rate,20260921,2,hgb,absolute,happy,0.2245749004385918
mead_part0,rate,20260921,2,hgb,absolute,neutral,0.14863909276132292
mead_part0,rate,20260921,2,hgb,absolute,sad,0.2747913696298086
mead_part0,rate,20260921,2,hgb,absolute,surprise,0.17332709029765883
mead_part0,rate,20260921,2,hgb,relative,angry,0.15062821084074368
mead_part0,rate,20260921,2,hgb,relative,happy,0.21822969625022123
mead_part0,rate,20260921,2,hgb,relative,neutral,0.1937874973813338
mead_part0,rate,20260921,2,hgb,relative,sad,0.2494048254313261
mead_part0,rate,20260921,2,hgb,relative,surprise,0.12154644545597762
mead_part0,rate,20260921,2,hgb,relative_plus_baseline,angry,0.15473241963804887
mead_part0,rate,20260921,2,hgb,relative_plus_baseline,happy,0.19578590424300824
mead_part0,rate,20260921,2,hgb,relative_plus_baseline,neutral,0.1923000282474781
mead_part0,rate,20260921,2,hgb,relative_plus_baseline,sad,0.27494831378306417
mead_part0,rate,20260921,2,hgb,relative_plus_baseline,surprise,0.18966562612108664
mead_part0,rate,20260921,3,logistic,absolute,angry,0.04275063259891747
mead_part0,rate,20260921,3,logistic,absolute,happy,0.08516164126346829
mead_part0,rate,20260921,3,logistic,absolute,neutral,0.18955114234638729
mead_part0,rate,20260921,3,logistic,absolute,sad,0.29871194185395966
mead_part0,rate,20260921,3,logistic,absolute,surprise,0.03870963783022252
mead_part0,rate,20260921,3,logistic,relative,angry,0.05721180002894174
mead_part0,rate,20260921,3,logistic,relative,happy,0.08823828431653355
mead_part0,rate,20260921,3,logistic,relative,neutral,0.18193734845475165
mead_part0,rate,20260921,3,logistic,relative,sad,0.32755687080258383
mead_part0,rate,20260921,3,logistic,relative,surprise,0.03440486272991265
mead_part0,rate,20260921,3,logistic,relative_plus_baseline,angry,0.10908247154529796
mead_part0,rate,20260921,3,logistic,relative_plus_baseline,happy,0.03450372370368807
mead_part0,rate,20260921,3,logistic,relative_plus_baseline,neutral,0.18320256031969473
mead_part0,rate,20260921,3,logistic,relative_plus_baseline,sad,0.31590527686255365
mead_part0,rate,20260921,3,logistic,relative_plus_baseline,surprise,0.027070903213798427
mead_part0,rate,20260921,3,hgb,absolute,angry,0.18512092644931194
mead_part0,rate,20260921,3,hgb,absolute,happy,0.23495814485167726
mead_part0,rate,20260921,3,hgb,absolute,neutral,0.1642699215123681
mead_part0,rate,20260921,3,hgb,absolute,sad,0.25957551118057565
mead_part0,rate,20260921,3,hgb,absolute,surprise,0.10981840634201077
mead_part0,rate,20260921,3,hgb,relative,angry,0.11466982907410127
mead_part0,rate,20260921,3,hgb,relative,happy,0.2043877648533781
mead_part0,rate,20260921,3,hgb,relative,neutral,0.1966497277425197
mead_part0,rate,20260921,3,hgb,relative,sad,0.2873574927972624
mead_part0,rate,20260921,3,hgb,relative,surprise,0.14126365621633669
mead_part0,rate,20260921,3,hgb,relative_plus_baseline,angry,0.22553253490578828
mead_part0,rate,20260921,3,hgb,relative_plus_baseline,happy,0.11723151410897335
mead_part0,rate,20260921,3,hgb,relative_plus_baseline,neutral,0.1605263335733147
mead_part0,rate,20260921,3,hgb,relative_plus_baseline,sad,0.1743177282703255
mead_part0,rate,20260921,3,hgb,relative_plus_baseline,surprise,0.20188746676449892
mead_part0,rate,20260921,4,logistic,absolute,angry,0.062292222676230656
mead_part0,rate,20260921,4,logistic,absolute,happy,0.05146396871675706
mead_part0,rate,20260921,4,logistic,absolute,neutral,0.1970444466038775
mead_part0,rate,20260921,4,logistic,absolute,sad,0.2981500200256649
mead_part0,rate,20260921,4,logistic,absolute,surprise,0.056323326930422524
mead_part0,rate,20260921,4,logistic,relative,angry,0.08722295527077072
mead_part0,rate,20260921,4,logistic,relative,happy,0.03885400658468359
mead_part0,rate,20260921,4,logistic,relative,neutral,0.18762417534282158
mead_part0,rate,20260921,4,logistic,relative,sad,0.31171825747104676
mead_part0,rate,20260921,4,logistic,relative,surprise,0.06560321368746447
mead_part0,rate,20260921,4,logistic,relative_plus_baseline,angry,0.14031653568291963
mead_part0,rate,20260921,4,logistic,relative_plus_baseline,happy,0.03809912419931456
mead_part0,rate,20260921,4,logistic,relative_plus_baseline,neutral,0.19217282231845065
mead_part0,rate,20260921,4,logistic,relative_plus_baseline,sad,0.30668055620230833
mead_part0,rate,20260921,4,logistic,relative_plus_baseline,surprise,0.07213646271087408
mead_part0,rate,20260921,4,hgb,absolute,angry,0.26155353159569633
mead_part0,rate,20260921,4,hgb,absolute,happy,0.23990571703648747
mead_part0,rate,20260921,4,hgb,absolute,neutral,0.17809250703957358
mead_part0,rate,20260921,4,hgb,absolute,sad,0.252431476168068
mead_part0,rate,20260921,4,hgb,absolute,surprise,0.15227473758490495
mead_part0,rate,20260921,4,hgb,relative,angry,0.14620139897939013
mead_part0,rate,20260921,4,hgb,relative,happy,0.2357486921186923
mead_part0,rate,20260921,4,hgb,relative,neutral,0.1803240435445388
mead_part0,rate,20260921,4,hgb,relative,sad,0.2622376515566903
mead_part0,rate,20260921,4,hgb,relative,surprise,0.14803924989535366
mead_part0,rate,20260921,4,hgb,relative_plus_baseline,angry,0.23388119453479503
mead_part0,rate,20260921,4,hgb,relative_plus_baseline,happy,0.17520800455509555
mead_part0,rate,20260921,4,hgb,relative_plus_baseline,neutral,0.19056670631330452
mead_part0,rate,20260921,4,hgb,relative_plus_baseline,sad,0.24975234352372555
mead_part0,rate,20260921,4,hgb,relative_plus_baseline,surprise,0.13153257628108578
mead_part0,rate,20260922,0,logistic,absolute,angry,0.0442780075301069
mead_part0,rate,20260922,0,logistic,absolute,happy,0.038948909687228306
mead_part0,rate,20260922,0,logistic,absolute,neutral,0.2095936250337156
mead_part0,rate,20260922,0,logistic,absolute,sad,0.37401373233089136
mead_part0,rate,20260922,0,logistic,absolute,surprise,0.04918860293514757
mead_part0,rate,20260922,0,logistic,relative,angry,0.03909237144467878
mead_part0,rate,20260922,0,logistic,relative,happy,0.04239851473292586
mead_part0,rate,20260922,0,logistic,relative,neutral,0.20960311830008715
mead_part0,rate,20260922,0,logistic,relative,sad,0.3996472229449247
mead_part0,rate,20260922,0,logistic,relative,surprise,0.06567743593745566
mead_part0,rate,20260922,0,logistic,relative_plus_baseline,angry,0.12416740689587857
mead_part0,rate,20260922,0,logistic,relative_plus_baseline,happy,0.03933977344000381
mead_part0,rate,20260922,0,logistic,relative_plus_baseline,neutral,0.20763665618152957
mead_part0,rate,20260922,0,logistic,relative_plus_baseline,sad,0.38673955313779584
mead_part0,rate,20260922,0,logistic,relative_plus_baseline,surprise,0.0885911947568519
mead_part0,rate,20260922,0,hgb,absolute,angry,0.20684690271908612
mead_part0,rate,20260922,0,hgb,absolute,happy,0.186482789198953
mead_part0,rate,20260922,0,hgb,absolute,neutral,0.16804107984178415
mead_part0,rate,20260922,0,hgb,absolute,sad,0.3224991717174427
mead_part0,rate,20260922,0,hgb,absolute,surprise,0.13895412739180313
mead_part0,rate,20260922,0,hgb,relative,angry,0.1504506939505014
mead_part0,rate,20260922,0,hgb,relative,happy,0.22361310013609265
mead_part0,rate,20260922,0,hgb,relative,neutral,0.18320959243040497
mead_part0,rate,20260922,0,hgb,relative,sad,0.3322386079216502
mead_part0,rate,20260922,0,hgb,relative,surprise,0.12733929572505726
mead_part0,rate,20260922,0,hgb,relative_plus_baseline,angry,0.20417916485063542
mead_part0,rate,20260922,0,hgb,relative_plus_baseline,happy,0.16122013579469785
mead_part0,rate,20260922,0,hgb,relative_plus_baseline,neutral,0.17148078715398485
mead_part0,rate,20260922,0,hgb,relative_plus_baseline,sad,0.2443324746894932
mead_part0,rate,20260922,0,hgb,relative_plus_baseline,surprise,0.23921315859960215
mead_part0,rate,20260922,1,logistic,absolute,angry,0.041007067180309144
mead_part0,rate,20260922,1,logistic,absolute,happy,0.03594796878663912
mead_part0,rate,20260922,1,logistic,absolute,neutral,0.18290405980388985
mead_part0,rate,20260922,1,logistic,absolute,sad,0.3198474466686581
mead_part0,rate,20260922,1,logistic,absolute,surprise,0.05984708584350146
mead_part0,rate,20260922,1,logistic,relative,angry,0.0575269958961511
mead_part0,rate,20260922,1,logistic,relative,happy,0.051511007841216996
mead_part0,rate,20260922,1,logistic,relative,neutral,0.19000704944536562
mead_part0,rate,20260922,1,logistic,relative,sad,0.3074410599921477
mead_part0,rate,20260922,1,logistic,relative,surprise,0.07759503066280277
mead_part0,rate,20260922,1,logistic,relative_plus_baseline,angry,0.10210185363938434
mead_part0,rate,20260922,1,logistic,relative_plus_baseline,happy,0.045851392278038076
mead_part0,rate,20260922,1,logistic,relative_plus_baseline,neutral,0.1844094593419134
mead_part0,rate,20260922,1,logistic,relative_plus_baseline,sad,0.3067995726085919
mead_part0,rate,20260922,1,logistic,relative_plus_baseline,surprise,0.08850117498723313
mead_part0,rate,20260922,1,hgb,absolute,angry,0.20011484798058382
mead_part0,rate,20260922,1,hgb,absolute,happy,0.21206325938739606
mead_part0,rate,20260922,1,hgb,absolute,neutral,0.17107768311007732
mead_part0,rate,20260922,1,hgb,absolute,sad,0.25371899831551403
mead_part0,rate,20260922,1,hgb,absolute,surprise,0.1098444556996342
mead_part0,rate,20260922,1,hgb,relative,angry,0.11339313308761816
mead_part0,rate,20260922,1,hgb,relative,happy,0.26049915817813524
mead_part0,rate,20260922,1,hgb,relative,neutral,0.17851427936621045
mead_part0,rate,20260922,1,hgb,relative,sad,0.26916646955739204
mead_part0,rate,20260922,1,hgb,relative,surprise,0.07334262621212001
mead_part0,rate,20260922,1,hgb,relative_plus_baseline,angry,0.16952219357467865
mead_part0,rate,20260922,1,hgb,relative_plus_baseline,happy,0.15371502067544185
mead_part0,rate,20260922,1,hgb,relative_plus_baseline,neutral,0.18068604205333336
mead_part0,rate,20260922,1,hgb,relative_plus_baseline,sad,0.20119675711075372
mead_part0,rate,20260922,1,hgb,relative_plus_baseline,surprise,0.1282556793078568
mead_part0,rate,20260922,2,logistic,absolute,angry,0.05349987347948048
mead_part0,rate,20260922,2,logistic,absolute,happy,0.08339331146308558
mead_part0,rate,20260922,2,logistic,absolute,neutral,0.1687276334426655
mead_part0,rate,20260922,2,logistic,absolute,sad,0.35794101304037595
mead_part0,rate,20260922,2,logistic,absolute,surprise,0.04384812702119167
mead_part0,rate,20260922,2,logistic,relative,angry,0.04900584225994474
mead_part0,rate,20260922,2,logistic,relative,happy,0.07630882352482271
mead_part0,rate,20260922,2,logistic,relative,neutral,0.17044433117283572
mead_part0,rate,20260922,2,logistic,relative,sad,0.3325204575684038
mead_part0,rate,20260922,2,logistic,relative,surprise,0.06606522367085596
mead_part0,rate,20260922,2,logistic,relative_plus_baseline,angry,0.09817886238729738
mead_part0,rate,20260922,2,logistic,relative_plus_baseline,happy,0.062003046991872236
mead_part0,rate,20260922,2,logistic,relative_plus_baseline,neutral,0.170302303304026
mead_part0,rate,20260922,2,logistic,relative_plus_baseline,sad,0.3318096015412144
mead_part0,rate,20260922,2,logistic,relative_plus_baseline,surprise,0.028076783207485342
mead_part0,rate,20260922,2,hgb,absolute,angry,0.2025864351025057
mead_part0,rate,20260922,2,hgb,absolute,happy,0.20446159394084176
mead_part0,rate,20260922,2,hgb,absolute,neutral,0.16716779614371977
mead_part0,rate,20260922,2,hgb,absolute,sad,0.284965123402103
mead_part0,rate,20260922,2,hgb,absolute,surprise,0.12559780943378854
mead_part0,rate,20260922,2,hgb,relative,angry,0.15100122837278038
mead_part0,rate,20260922,2,hgb,relative,happy,0.2682295751103136
mead_part0,rate,20260922,2,hgb,relative,neutral,0.18098338868264402
mead_part0,rate,20260922,2,hgb,relative,sad,0.25491241289305383
mead_part0,rate,20260922,2,hgb,relative,surprise,0.1434988820818027
mead_part0,rate,20260922,2,hgb,relative_plus_baseline,angry,0.21198923761374086
mead_part0,rate,20260922,2,hgb,relative_plus_baseline,happy,0.2610468885221826
mead_part0,rate,20260922,2,hgb,relative_plus_baseline,neutral,0.17399593651055698
mead_part0,rate,20260922,2,hgb,relative_plus_baseline,sad,0.21655984529193986
mead_part0,rate,20260922,2,hgb,relative_plus_baseline,surprise,0.10469437030710387
mead_part0,rate,20260922,3,logistic,absolute,angry,0.05086456830590738
mead_part0,rate,20260922,3,logistic,absolute,happy,0.04531808442417884
mead_part0,rate,20260922,3,logistic,absolute,neutral,0.18735110883682357
mead_part0,rate,20260922,3,logistic,absolute,sad,0.34762380491756545
mead_part0,rate,20260922,3,logistic,absolute,surprise,0.02575713383806393
mead_part0,rate,20260922,3,logistic,relative,angry,0.07029249170797622
mead_part0,rate,20260922,3,logistic,relative,happy,0.06982155614877815
mead_part0,rate,20260922,3,logistic,relative,neutral,0.18401266386202214
mead_part0,rate,20260922,3,logistic,relative,sad,0.38093814852189095
mead_part0,rate,20260922,3,logistic,relative,surprise,0.040700378906001276
mead_part0,rate,20260922,3,logistic,relative_plus_baseline,angry,0.12203657504712345
mead_part0,rate,20260922,3,logistic,relative_plus_baseline,happy,0.07006538342155612
mead_part0,rate,20260922,3,logistic,relative_plus_baseline,neutral,0.18259208969583698
mead_part0,rate,20260922,3,logistic,relative_plus_baseline,sad,0.36999607708839455
mead_part0,rate,20260922,3,logistic,relative_plus_baseline,surprise,0.08807620401126842
mead_part0,rate,20260922,3,hgb,absolute,angry,0.22523348427174983
mead_part0,rate,20260922,3,hgb,absolute,happy,0.24025928890333914
mead_part0,rate,20260922,3,hgb,absolute,neutral,0.16426696458047696
mead_part0,rate,20260922,3,hgb,absolute,sad,0.2739427042716187
mead_part0,rate,20260922,3,hgb,absolute,surprise,0.19460242052658308
mead_part0,rate,20260922,3,hgb,relative,angry,0.136815013727361
mead_part0,rate,20260922,3,hgb,relative,happy,0.20287023365864243
mead_part0,rate,20260922,3,hgb,relative,neutral,0.19205347579692084
mead_part0,rate,20260922,3,hgb,relative,sad,0.31155467479486504
mead_part0,rate,20260922,3,hgb,relative,surprise,0.1663128080012085
mead_part0,rate,20260922,3,hgb,relative_plus_baseline,angry,0.16097289070951695
mead_part0,rate,20260922,3,hgb,relative_plus_baseline,happy,0.19473714921494095
mead_part0,rate,20260922,3,hgb,relative_plus_baseline,neutral,0.18854583002877415
mead_part0,rate,20260922,3,hgb,relative_plus_baseline,sad,0.28264841510726885
mead_part0,rate,20260922,3,hgb,relative_plus_baseline,surprise,0.20262576610651886
mead_part0,rate,20260922,4,logistic,absolute,angry,0.06733041927613043
mead_part0,rate,20260922,4,logistic,absolute,happy,0.19693359822722514
mead_part0,rate,20260922,4,logistic,absolute,neutral,0.033744782231604216
mead_part0,rate,20260922,4,logistic,absolute,sad,0.3617960275196714
mead_part0,rate,20260922,4,logistic,absolute,surprise,0.03380944626673823
mead_part0,rate,20260922,4,logistic,relative,angry,0.07587332795649462
mead_part0,rate,20260922,4,logistic,relative,happy,0.2825430972396144
mead_part0,rate,20260922,4,logistic,relative,neutral,0.07339945551884358
mead_part0,rate,20260922,4,logistic,relative,sad,0.35884157601850325
mead_part0,rate,20260922,4,logistic,relative,surprise,0.07642517222505024
mead_part0,rate,20260922,4,logistic,relative_plus_baseline,angry,0.061630966879309884
mead_part0,rate,20260922,4,logistic,relative_plus_baseline,happy,0.2815789928059444
mead_part0,rate,20260922,4,logistic,relative_plus_baseline,neutral,0.09371118759485313
mead_part0,rate,20260922,4,logistic,relative_plus_baseline,sad,0.36039267115029844
mead_part0,rate,20260922,4,logistic,relative_plus_baseline,surprise,0.10670346674685637
mead_part0,rate,20260922,4,hgb,absolute,angry,0.22312361545492904
mead_part0,rate,20260922,4,hgb,absolute,happy,0.18463457778917947
mead_part0,rate,20260922,4,hgb,absolute,neutral,0.14126138195906568
mead_part0,rate,20260922,4,hgb,absolute,sad,0.33869508381871055
mead_part0,rate,20260922,4,hgb,absolute,surprise,0.1354361766691191
mead_part0,rate,20260922,4,hgb,relative,angry,0.12086949014830257
mead_part0,rate,20260922,4,hgb,relative,happy,0.19216510964339328
mead_part0,rate,20260922,4,hgb,relative,neutral,0.19388576588161152
mead_part0,rate,20260922,4,hgb,relative,sad,0.3058345269880354
mead_part0,rate,20260922,4,hgb,relative,surprise,0.12151781717278176
mead_part0,rate,20260922,4,hgb,relative_plus_baseline,angry,0.13523454182386485
mead_part0,rate,20260922,4,hgb,relative_plus_baseline,happy,0.16021125463868047
mead_part0,rate,20260922,4,hgb,relative_plus_baseline,neutral,0.19421070060758955
mead_part0,rate,20260922,4,hgb,relative_plus_baseline,sad,0.26817967677317295
mead_part0,rate,20260922,4,hgb,relative_plus_baseline,surprise,0.16876226764545565
ravdess_speech,pitch,20260920,0,logistic,absolute,angry,0.35088167102716344
ravdess_speech,pitch,20260920,0,logistic,absolute,happy,0.21618282890673257
ravdess_speech,pitch,20260920,0,logistic,absolute,neutral,0.2464278318492441
ravdess_speech,pitch,20260920,0,logistic,absolute,sad,0.1374768946395564
ravdess_speech,pitch,20260920,0,logistic,absolute,surprise,0.0
ravdess_speech,pitch,20260920,0,logistic,relative,angry,0.30374591379217974
ravdess_speech,pitch,20260920,0,logistic,relative,happy,0.19691495275152865
ravdess_speech,pitch,20260920,0,logistic,relative,neutral,0.43859378217006406
ravdess_speech,pitch,20260920,0,logistic,relative,sad,0.1800764673753204
ravdess_speech,pitch,20260920,0,logistic,relative,surprise,0.04281966066118594
ravdess_speech,pitch,20260920,0,logistic,relative_plus_baseline,angry,0.3361443284716945
ravdess_speech,pitch,20260920,0,logistic,relative_plus_baseline,happy,0.12270149510225126
ravdess_speech,pitch,20260920,0,logistic,relative_plus_baseline,neutral,0.46764722024038213
ravdess_speech,pitch,20260920,0,logistic,relative_plus_baseline,sad,0.1664541977781825
ravdess_speech,pitch,20260920,0,logistic,relative_plus_baseline,surprise,0.31134913691936766
ravdess_speech,pitch,20260920,0,hgb,absolute,angry,0.2925663565759156
ravdess_speech,pitch,20260920,0,hgb,absolute,happy,0.16391153551641818
ravdess_speech,pitch,20260920,0,hgb,absolute,neutral,0.30956161099050644
ravdess_speech,pitch,20260920,0,hgb,absolute,sad,0.17265224180236452
ravdess_speech,pitch,20260920,0,hgb,absolute,surprise,0.357056152497415
ravdess_speech,pitch,20260920,0,hgb,relative,angry,0.34305087673836065
ravdess_speech,pitch,20260920,0,hgb,relative,happy,0.2596782662656929
ravdess_speech,pitch,20260920,0,hgb,relative,neutral,0.48449643245537277
ravdess_speech,pitch,20260920,0,hgb,relative,sad,0.0783620934414335
ravdess_speech,pitch,20260920,0,hgb,relative,surprise,0.43216595398805563
ravdess_speech,pitch,20260920,0,hgb,relative_plus_baseline,angry,0.22971959110944387
ravdess_speech,pitch,20260920,0,hgb,relative_plus_baseline,happy,0.25573523881158333
ravdess_speech,pitch,20260920,0,hgb,relative_plus_baseline,neutral,0.49322759898124574
ravdess_speech,pitch,20260920,0,hgb,relative_plus_baseline,sad,0.16679904686258937
ravdess_speech,pitch,20260920,0,hgb,relative_plus_baseline,surprise,0.4638166410659123
ravdess_speech,pitch,20260920,1,logistic,absolute,angry,0.4468325791855209
ravdess_speech,pitch,20260920,1,logistic,absolute,happy,0.10793650793650794
ravdess_speech,pitch,20260920,1,logistic,absolute,neutral,0.26229508196721346
ravdess_speech,pitch,20260920,1,logistic,absolute,sad,0.0
ravdess_speech,pitch,20260920,1,logistic,absolute,surprise,0.09446693657219975
ravdess_speech,pitch,20260920,1,logistic,relative,angry,0.38698224852071045
ravdess_speech,pitch,20260920,1,logistic,relative,happy,0.0
ravdess_speech,pitch,20260920,1,logistic,relative,neutral,0.4744094488188978
ravdess_speech,pitch,20260920,1,logistic,relative,sad,0.3444374607165308
ravdess_speech,pitch,20260920,1,logistic,relative,surprise,0.21616712079927344
ravdess_speech,pitch,20260920,1,logistic,relative_plus_baseline,angry,0.3865336658354118
ravdess_speech,pitch,20260920,1,logistic,relative_plus_baseline,happy,0.15401785714285712
ravdess_speech,pitch,20260920,1,logistic,relative_plus_baseline,neutral,0.46660212971926446
ravdess_speech,pitch,20260920,1,logistic,relative_plus_baseline,sad,0.33454987834549915
ravdess_speech,pitch,20260920,1,logistic,relative_plus_baseline,surprise,0.21633085896076357
ravdess_speech,pitch,20260920,1,hgb,absolute,angry,0.17771303714493814
ravdess_speech,pitch,20260920,1,hgb,absolute,happy,0.10970464135021099
ravdess_speech,pitch,20260920,1,hgb,absolute,neutral,0.2637571157495257
ravdess_speech,pitch,20260920,1,hgb,absolute,sad,0.20543406229290934
ravdess_speech,pitch,20260920,1,hgb,absolute,surprise,0.22168284789644016
ravdess_speech,pitch,20260920,1,hgb,relative,angry,0.32258064516129037
ravdess_speech,pitch,20260920,1,hgb,relative,happy,0.2427253371185239
ravdess_speech,pitch,20260920,1,hgb,relative,neutral,0.46796116504854385
ravdess_speech,pitch,20260920,1,hgb,relative,sad,0.12950971322849214
ravdess_speech,pitch,20260920,1,hgb,relative,surprise,0.3181518151815184
ravdess_speech,pitch,20260920,1,hgb,relative_plus_baseline,angry,0.3039690222652469
ravdess_speech,pitch,20260920,1,hgb,relative_plus_baseline,happy,0.2173913043478262
ravdess_speech,pitch,20260920,1,hgb,relative_plus_baseline,neutral,0.4354430379746839
ravdess_speech,pitch,20260920,1,hgb,relative_plus_baseline,sad,0.17077175697865352
ravdess_speech,pitch,20260920,1,hgb,relative_plus_baseline,surprise,0.357710651828299
ravdess_speech,pitch,20260920,2,logistic,absolute,angry,0.33563218390804633
ravdess_speech,pitch,20260920,2,logistic,absolute,happy,0.11180124223602482
ravdess_speech,pitch,20260920,2,logistic,absolute,neutral,0.26249999999999996
ravdess_speech,pitch,20260920,2,logistic,absolute,sad,0.07407407407407406
ravdess_speech,pitch,20260920,2,logistic,absolute,surprise,0.0
ravdess_speech,pitch,20260920,2,logistic,relative,angry,0.2400000000000001
ravdess_speech,pitch,20260920,2,logistic,relative,happy,0.16438356164383558
ravdess_speech,pitch,20260920,2,logistic,relative,neutral,0.3832335329341317
ravdess_speech,pitch,20260920,2,logistic,relative,sad,0.2805970149253735
ravdess_speech,pitch,20260920,2,logistic,relative,surprise,0.26373626373626385
ravdess_speech,pitch,20260920,2,logistic,relative_plus_baseline,angry,0.2264150943396228
ravdess_speech,pitch,20260920,2,logistic,relative_plus_baseline,happy,0.23225806451612904
ravdess_speech,pitch,20260920,2,logistic,relative_plus_baseline,neutral,0.3566878980891719
ravdess_speech,pitch,20260920,2,logistic,relative_plus_baseline,sad,0.27810650887573996
ravdess_speech,pitch,20260920,2,logistic,relative_plus_baseline,surprise,0.1454545454545455
ravdess_speech,pitch,20260920,2,hgb,absolute,angry,0.08219178082191779
ravdess_speech,pitch,20260920,2,hgb,absolute,happy,0.15662650602409636
ravdess_speech,pitch,20260920,2,hgb,absolute,neutral,0.24137931034482754
ravdess_speech,pitch,20260920,2,hgb,absolute,sad,0.15686274509803919
ravdess_speech,pitch,20260920,2,hgb,absolute,surprise,0.33152173913043526
ravdess_speech,pitch,20260920,2,hgb,relative,angry,0.037735849056603765
ravdess_speech,pitch,20260920,2,hgb,relative,happy,0.1875
ravdess_speech,pitch,20260920,2,hgb,relative,neutral,0.456140350877193
ravdess_speech,pitch,20260920,2,hgb,relative,sad,0.17177914110429443
ravdess_speech,pitch,20260920,2,hgb,relative,surprise,0.28650137741046877
ravdess_speech,pitch,20260920,2,hgb,relative_plus_baseline,angry,0.03726708074534161
ravdess_speech,pitch,20260920,2,hgb,relative_plus_baseline,happy,0.14218009478672985
ravdess_speech,pitch,20260920,2,hgb,relative_plus_baseline,neutral,0.46601941747572845
ravdess_speech,pitch,20260920,2,hgb,relative_plus_baseline,sad,0.2751322751322752
ravdess_speech,pitch,20260920,2,hgb,relative_plus_baseline,surprise,0.33865814696485663
ravdess_speech,pitch,20260920,3,logistic,absolute,angry,0.34408602150537665
ravdess_speech,pitch,20260920,3,logistic,absolute,happy,0.045454545454545456
ravdess_speech,pitch,20260920,3,logistic,absolute,neutral,0.31067961165048597
ravdess_speech,pitch,20260920,3,logistic,absolute,sad,0.2461538461538462
ravdess_speech,pitch,20260920,3,logistic,absolute,surprise,0.10909090909090909
ravdess_speech,pitch,20260920,3,logistic,relative,angry,0.42622950819672195
ravdess_speech,pitch,20260920,3,logistic,relative,happy,0.12765957446808512
ravdess_speech,pitch,20260920,3,logistic,relative,neutral,0.40000000000000036
ravdess_speech,pitch,20260920,3,logistic,relative,sad,0.23880597014925378
ravdess_speech,pitch,20260920,3,logistic,relative,surprise,0.1851851851851852
ravdess_speech,pitch,20260920,3,logistic,relative_plus_baseline,angry,0.4173913043478266
ravdess_speech,pitch,20260920,3,logistic,relative_plus_baseline,happy,0.1639344262295082
ravdess_speech,pitch,20260920,3,logistic,relative_plus_baseline,neutral,0.4383561643835621
ravdess_speech,pitch,20260920,3,logistic,relative_plus_baseline,sad,0.276923076923077
ravdess_speech,pitch,20260920,3,logistic,relative_plus_baseline,surprise,0.13043478260869565
ravdess_speech,pitch,20260920,3,hgb,absolute,angry,0.3142857142857144
ravdess_speech,pitch,20260920,3,hgb,absolute,happy,0.20895522388059704
ravdess_speech,pitch,20260920,3,hgb,absolute,neutral,0.3058823529411769
ravdess_speech,pitch,20260920,3,hgb,absolute,sad,0.20779220779220783
ravdess_speech,pitch,20260920,3,hgb,absolute,surprise,0.2950819672131148
ravdess_speech,pitch,20260920,3,hgb,relative,angry,0.34782608695652206
ravdess_speech,pitch,20260920,3,hgb,relative,happy,0.1724137931034483
ravdess_speech,pitch,20260920,3,hgb,relative,neutral,0.44117647058823567
ravdess_speech,pitch,20260920,3,hgb,relative,sad,0.1754385964912281
ravdess_speech,pitch,20260920,3,hgb,relative,surprise,0.18823529411764717
ravdess_speech,pitch,20260920,3,hgb,relative_plus_baseline,angry,0.37037037037037057
ravdess_speech,pitch,20260920,3,hgb,relative_plus_baseline,happy,0.30555555555555564
ravdess_speech,pitch,20260920,3,hgb,relative_plus_baseline,neutral,0.41791044776119435
ravdess_speech,pitch,20260920,3,hgb,relative_plus_baseline,sad,0.1739130434782609
ravdess_speech,pitch,20260920,3,hgb,relative_plus_baseline,surprise,0.16901408450704225
ravdess_speech,pitch,20260920,4,logistic,absolute,angry,0.05882352941176469
ravdess_speech,pitch,20260920,4,logistic,absolute,happy,0.12765957446808504
ravdess_speech,pitch,20260920,4,logistic,absolute,neutral,0.24817518248175197
ravdess_speech,pitch,20260920,4,logistic,absolute,sad,0.2683438155136268
ravdess_speech,pitch,20260920,4,logistic,absolute,surprise,0.3042789223454834
ravdess_speech,pitch,20260920,4,logistic,relative,angry,0.4089979550102249
ravdess_speech,pitch,20260920,4,logistic,relative,happy,0.23940149625935156
ravdess_speech,pitch,20260920,4,logistic,relative,neutral,0.42649434571890193
ravdess_speech,pitch,20260920,4,logistic,relative,sad,0.1606118546845124
ravdess_speech,pitch,20260920,4,logistic,relative,surprise,0.0
ravdess_speech,pitch,20260920,4,logistic,relative_plus_baseline,angry,0.37254901960784315
ravdess_speech,pitch,20260920,4,logistic,relative_plus_baseline,happy,0.1658031088082901
ravdess_speech,pitch,20260920,4,logistic,relative_plus_baseline,neutral,0.42649434571890193
ravdess_speech,pitch,20260920,4,logistic,relative_plus_baseline,sad,0.16568047337278102
ravdess_speech,pitch,20260920,4,logistic,relative_plus_baseline,surprise,0.20833333333333331
ravdess_speech,pitch,20260920,4,hgb,absolute,angry,0.32516703786191536
ravdess_speech,pitch,20260920,4,hgb,absolute,happy,0.16507936507936505
ravdess_speech,pitch,20260920,4,hgb,absolute,neutral,0.2804428044280444
ravdess_speech,pitch,20260920,4,hgb,absolute,sad,0.26126126126126126
ravdess_speech,pitch,20260920,4,hgb,absolute,surprise,0.23104693140794222
ravdess_speech,pitch,20260920,4,hgb,relative,angry,0.4166666666666666
ravdess_speech,pitch,20260920,4,hgb,relative,happy,0.19900497512437806
ravdess_speech,pitch,20260920,4,hgb,relative,neutral,0.375404530744337
ravdess_speech,pitch,20260920,4,hgb,relative,sad,0.09444444444444443
ravdess_speech,pitch,20260920,4,hgb,relative,surprise,0.2162162162162162
ravdess_speech,pitch,20260920,4,hgb,relative_plus_baseline,angry,0.4134831460674157
ravdess_speech,pitch,20260920,4,hgb,relative_plus_baseline,happy,0.1838565022421524
ravdess_speech,pitch,20260920,4,hgb,relative_plus_baseline,neutral,0.40439560439560446
ravdess_speech,pitch,20260920,4,hgb,relative_plus_baseline,sad,0.15632183908045974
ravdess_speech,pitch,20260920,4,hgb,relative_plus_baseline,surprise,0.30592734225621415
ravdess_speech,pitch,20260921,0,logistic,absolute,angry,0.3305213236086663
ravdess_speech,pitch,20260921,0,logistic,absolute,happy,0.12595300983863714
ravdess_speech,pitch,20260921,0,logistic,absolute,neutral,0.3454190849918932
ravdess_speech,pitch,20260921,0,logistic,absolute,sad,0.14102450152579032
ravdess_speech,pitch,20260921,0,logistic,absolute,surprise,0.041448277374503836
ravdess_speech,pitch,20260921,0,logistic,relative,angry,0.33872468923866095
ravdess_speech,pitch,20260921,0,logistic,relative,happy,0.11401484698831661
ravdess_speech,pitch,20260921,0,logistic,relative,neutral,0.4129792363325297
ravdess_speech,pitch,20260921,0,logistic,relative,sad,0.29070340020959345
ravdess_speech,pitch,20260921,0,logistic,relative,surprise,0.07969355311275815
ravdess_speech,pitch,20260921,0,logistic,relative_plus_baseline,angry,0.3778552453560606
ravdess_speech,pitch,20260921,0,logistic,relative_plus_baseline,happy,0.11828679130830391
ravdess_speech,pitch,20260921,0,logistic,relative_plus_baseline,neutral,0.4202716471949904
ravdess_speech,pitch,20260921,0,logistic,relative_plus_baseline,sad,0.27923956377055137
ravdess_speech,pitch,20260921,0,logistic,relative_plus_baseline,surprise,0.07737204745148445
ravdess_speech,pitch,20260921,0,hgb,absolute,angry,0.3000075388249487
ravdess_speech,pitch,20260921,0,hgb,absolute,happy,0.19952683635949037
ravdess_speech,pitch,20260921,0,hgb,absolute,neutral,0.2642463188269363
ravdess_speech,pitch,20260921,0,hgb,absolute,sad,0.1766725687956722
ravdess_speech,pitch,20260921,0,hgb,absolute,surprise,0.2613209260734097
ravdess_speech,pitch,20260921,0,hgb,relative,angry,0.3754214897747676
ravdess_speech,pitch,20260921,0,hgb,relative,happy,0.15992594806160307
ravdess_speech,pitch,20260921,0,hgb,relative,neutral,0.34792065876016376
ravdess_speech,pitch,20260921,0,hgb,relative,sad,0.0822979823079217
ravdess_speech,pitch,20260921,0,hgb,relative,surprise,0.22617327851242744
ravdess_speech,pitch,20260921,0,hgb,relative_plus_baseline,angry,0.32509946430249675
ravdess_speech,pitch,20260921,0,hgb,relative_plus_baseline,happy,0.2710365921725347
ravdess_speech,pitch,20260921,0,hgb,relative_plus_baseline,neutral,0.4674680147708253
ravdess_speech,pitch,20260921,0,hgb,relative_plus_baseline,sad,0.07519950890116636
ravdess_speech,pitch,20260921,0,hgb,relative_plus_baseline,surprise,0.34346022449975616
ravdess_speech,pitch,20260921,1,logistic,absolute,angry,0.2882882882882887
ravdess_speech,pitch,20260921,1,logistic,absolute,happy,0.11320754716981132
ravdess_speech,pitch,20260921,1,logistic,absolute,neutral,0.311688311688312
ravdess_speech,pitch,20260921,1,logistic,absolute,sad,0.26470588235294124
ravdess_speech,pitch,20260921,1,logistic,absolute,surprise,0.0784313725490196
ravdess_speech,pitch,20260921,1,logistic,relative,angry,0.27450980392156893
ravdess_speech,pitch,20260921,1,logistic,relative,happy,0.14814814814814814
ravdess_speech,pitch,20260921,1,logistic,relative,neutral,0.40000000000000036
ravdess_speech,pitch,20260921,1,logistic,relative,sad,0.3947368421052633
ravdess_speech,pitch,20260921,1,logistic,relative,surprise,0.24137931034482762
ravdess_speech,pitch,20260921,1,logistic,relative_plus_baseline,angry,0.2376237623762379
ravdess_speech,pitch,20260921,1,logistic,relative_plus_baseline,happy,0.2622950819672132
ravdess_speech,pitch,20260921,1,logistic,relative_plus_baseline,neutral,0.347826086956522
ravdess_speech,pitch,20260921,1,logistic,relative_plus_baseline,sad,0.36363636363636376
ravdess_speech,pitch,20260921,1,logistic,relative_plus_baseline,surprise,0.19230769230769232
ravdess_speech,pitch,20260921,1,hgb,absolute,angry,0.11940298507462685
ravdess_speech,pitch,20260921,1,hgb,absolute,happy,0.20408163265306126
ravdess_speech,pitch,20260921,1,hgb,absolute,neutral,0.25974025974026005
ravdess_speech,pitch,20260921,1,hgb,absolute,sad,0.32000000000000006
ravdess_speech,pitch,20260921,1,hgb,absolute,surprise,0.21739130434782628
ravdess_speech,pitch,20260921,1,hgb,relative,angry,0.11594202898550723
ravdess_speech,pitch,20260921,1,hgb,relative,happy,0.14705882352941177
ravdess_speech,pitch,20260921,1,hgb,relative,neutral,0.39344262295081983
ravdess_speech,pitch,20260921,1,hgb,relative,sad,0.09375
ravdess_speech,pitch,20260921,1,hgb,relative,surprise,0.3265306122448983
ravdess_speech,pitch,20260921,1,hgb,relative_plus_baseline,angry,0.0606060606060606
ravdess_speech,pitch,20260921,1,hgb,relative_plus_baseline,happy,0.28571428571428586
ravdess_speech,pitch,20260921,1,hgb,relative_plus_baseline,neutral,0.44444444444444486
ravdess_speech,pitch,20260921,1,hgb,relative_plus_baseline,sad,0.0857142857142857
ravdess_speech,pitch,20260921,1,hgb,relative_plus_baseline,surprise,0.44117647058823545
ravdess_speech,pitch,20260921,2,logistic,absolute,angry,0.04761904761904762
ravdess_speech,pitch,20260921,2,logistic,absolute,happy,0.1111111111111111
ravdess_speech,pitch,20260921,2,logistic,absolute,neutral,0.25380710659898503
ravdess_speech,pitch,20260921,2,logistic,absolute,sad,0.06941431670281993
ravdess_speech,pitch,20260921,2,logistic,absolute,surprise,0.29663962920046383
ravdess_speech,pitch,20260921,2,logistic,relative,angry,0.0
ravdess_speech,pitch,20260921,2,logistic,relative,happy,0.18635607321131448
ravdess_speech,pitch,20260921,2,logistic,relative,neutral,0.45051194539249184
ravdess_speech,pitch,20260921,2,logistic,relative,sad,0.20000000000000007
ravdess_speech,pitch,20260921,2,logistic,relative,surprise,0.06966618287373005
ravdess_speech,pitch,20260921,2,logistic,relative_plus_baseline,angry,0.19793814432989695
ravdess_speech,pitch,20260921,2,logistic,relative_plus_baseline,happy,0.07673860911270983
ravdess_speech,pitch,20260921,2,logistic,relative_plus_baseline,neutral,0.43781094527363223
ravdess_speech,pitch,20260921,2,logistic,relative_plus_baseline,sad,0.2330708661417323
ravdess_speech,pitch,20260921,2,logistic,relative_plus_baseline,surprise,0.25945945945945964
ravdess_speech,pitch,20260921,2,hgb,absolute,angry,0.4026622296173046
ravdess_speech,pitch,20260921,2,hgb,absolute,happy,0.09599999999999999
ravdess_speech,pitch,20260921,2,hgb,absolute,neutral,0.27142857142857163
ravdess_speech,pitch,20260921,2,hgb,absolute,sad,0.21999999999999995
ravdess_speech,pitch,20260921,2,hgb,absolute,surprise,0.3101777059773829
ravdess_speech,pitch,20260921,2,hgb,relative,angry,0.3712000000000001
ravdess_speech,pitch,20260921,2,hgb,relative,happy,0.22146507666098808
ravdess_speech,pitch,20260921,2,hgb,relative,neutral,0.405228758169935
ravdess_speech,pitch,20260921,2,hgb,relative,sad,0.03579418344519014
ravdess_speech,pitch,20260921,2,hgb,relative,surprise,0.28899835796387524
ravdess_speech,pitch,20260921,2,hgb,relative_plus_baseline,angry,0.21006564551422321
ravdess_speech,pitch,20260921,2,hgb,relative_plus_baseline,happy,0.19601837672281783
ravdess_speech,pitch,20260921,2,hgb,relative_plus_baseline,neutral,0.4098671726755221
ravdess_speech,pitch,20260921,2,hgb,relative_plus_baseline,sad,0.20315236427320485
ravdess_speech,pitch,20260921,2,hgb,relative_plus_baseline,surprise,0.30952380952380965
ravdess_speech,pitch,20260921,3,logistic,absolute,angry,0.45544554455445596
ravdess_speech,pitch,20260921,3,logistic,absolute,happy,0.04761904761904762
ravdess_speech,pitch,20260921,3,logistic,absolute,neutral,0.27906976744186085
ravdess_speech,pitch,20260921,3,logistic,absolute,sad,0.23684210526315794
ravdess_speech,pitch,20260921,3,logistic,absolute,surprise,0.10909090909090909
ravdess_speech,pitch,20260921,3,logistic,relative,angry,0.40000000000000036
ravdess_speech,pitch,20260921,3,logistic,relative,happy,0.0
ravdess_speech,pitch,20260921,3,logistic,relative,neutral,0.44444444444444486
ravdess_speech,pitch,20260921,3,logistic,relative,sad,0.2608695652173915
ravdess_speech,pitch,20260921,3,logistic,relative,surprise,0.20000000000000004
ravdess_speech,pitch,20260921,3,logistic,relative_plus_baseline,angry,0.40860215053763477
ravdess_speech,pitch,20260921,3,logistic,relative_plus_baseline,happy,0.11538461538461538
ravdess_speech,pitch,20260921,3,logistic,relative_plus_baseline,neutral,0.48648648648648696
ravdess_speech,pitch,20260921,3,logistic,relative_plus_baseline,sad,0.22727272727272743
ravdess_speech,pitch,20260921,3,logistic,relative_plus_baseline,surprise,0.22641509433962267
ravdess_speech,pitch,20260921,3,hgb,absolute,angry,0.2622950819672132
ravdess_speech,pitch,20260921,3,hgb,absolute,happy,0.18461538461538463
ravdess_speech,pitch,20260921,3,hgb,absolute,neutral,0.3095238095238099
ravdess_speech,pitch,20260921,3,hgb,absolute,sad,0.28205128205128216
ravdess_speech,pitch,20260921,3,hgb,absolute,surprise,0.27777777777777785
ravdess_speech,pitch,20260921,3,hgb,relative,angry,0.30555555555555564
ravdess_speech,pitch,20260921,3,hgb,relative,happy,0.1176470588235294
ravdess_speech,pitch,20260921,3,hgb,relative,neutral,0.4788732394366202
ravdess_speech,pitch,20260921,3,hgb,relative,sad,0.11764705882352942
ravdess_speech,pitch,20260921,3,hgb,relative,surprise,0.3877551020408167
ravdess_speech,pitch,20260921,3,hgb,relative_plus_baseline,angry,0.36363636363636376
ravdess_speech,pitch,20260921,3,hgb,relative_plus_baseline,happy,0.25714285714285723
ravdess_speech,pitch,20260921,3,hgb,relative_plus_baseline,neutral,0.4722222222222227
ravdess_speech,pitch,20260921,3,hgb,relative_plus_baseline,sad,0.23728813559322037
ravdess_speech,pitch,20260921,3,hgb,relative_plus_baseline,surprise,0.34146341463414653
ravdess_speech,pitch,20260921,4,logistic,absolute,angry,0.3879215276568582
ravdess_speech,pitch,20260921,4,logistic,absolute,happy,0.13170589095161522
ravdess_speech,pitch,20260921,4,logistic,absolute,neutral,0.19826724425191594
ravdess_speech,pitch,20260921,4,logistic,absolute,sad,0.2028762026080252
ravdess_speech,pitch,20260921,4,logistic,absolute,surprise,0.0
ravdess_speech,pitch,20260921,4,logistic,relative,angry,0.305942995755003
ravdess_speech,pitch,20260921,4,logistic,relative,happy,0.16656393397712482
ravdess_speech,pitch,20260921,4,logistic,relative,neutral,0.4223411951960644
ravdess_speech,pitch,20260921,4,logistic,relative,sad,0.14988367544419517
ravdess_speech,pitch,20260921,4,logistic,relative,surprise,0.0
ravdess_speech,pitch,20260921,4,logistic,relative_plus_baseline,angry,0.31585537642823597
ravdess_speech,pitch,20260921,4,logistic,relative_plus_baseline,happy,0.05768578215134033
ravdess_speech,pitch,20260921,4,logistic,relative_plus_baseline,neutral,0.43762744392467323
ravdess_speech,pitch,20260921,4,logistic,relative_plus_baseline,sad,0.1917258482696427
ravdess_speech,pitch,20260921,4,logistic,relative_plus_baseline,surprise,0.2834495878249841
ravdess_speech,pitch,20260921,4,hgb,absolute,angry,0.3218457037742959
ravdess_speech,pitch,20260921,4,hgb,absolute,happy,0.048858597470849065
ravdess_speech,pitch,20260921,4,hgb,absolute,neutral,0.20097277578869144
ravdess_speech,pitch,20260921,4,hgb,absolute,sad,0.21452573247656656
ravdess_speech,pitch,20260921,4,hgb,absolute,surprise,0.38048551537117675
ravdess_speech,pitch,20260921,4,hgb,relative,angry,0.2857525262664793
ravdess_speech,pitch,20260921,4,hgb,relative,happy,0.22970786944523738
ravdess_speech,pitch,20260921,4,hgb,relative,neutral,0.36308475769970494
ravdess_speech,pitch,20260921,4,hgb,relative,sad,0.07664932931836844
ravdess_speech,pitch,20260921,4,hgb,relative,surprise,0.2745498468358529
ravdess_speech,pitch,20260921,4,hgb,relative_plus_baseline,angry,0.24084511031181852
ravdess_speech,pitch,20260921,4,hgb,relative_plus_baseline,happy,0.07490845900825417
ravdess_speech,pitch,20260921,4,hgb,relative_plus_baseline,neutral,0.41796071094480824
ravdess_speech,pitch,20260921,4,hgb,relative_plus_baseline,sad,0.10099795599374772
ravdess_speech,pitch,20260921,4,hgb,relative_plus_baseline,surprise,0.392530552944193
ravdess_speech,pitch,20260922,0,logistic,absolute,angry,0.3636789141118657
ravdess_speech,pitch,20260922,0,logistic,absolute,happy,0.0
ravdess_speech,pitch,20260922,0,logistic,absolute,neutral,0.2958788305741462
ravdess_speech,pitch,20260922,0,logistic,absolute,sad,0.10299166257969593
ravdess_speech,pitch,20260922,0,logistic,absolute,surprise,0.07954545454545454
ravdess_speech,pitch,20260922,0,logistic,relative,angry,0.32109354060573614
ravdess_speech,pitch,20260922,0,logistic,relative,happy,0.10110736639383726
ravdess_speech,pitch,20260922,0,logistic,relative,neutral,0.4236453201970444
ravdess_speech,pitch,20260922,0,logistic,relative,sad,0.42248184401641964
ravdess_speech,pitch,20260922,0,logistic,relative,surprise,0.23581757508342607
ravdess_speech,pitch,20260922,0,logistic,relative_plus_baseline,angry,0.3117598457725148
ravdess_speech,pitch,20260922,0,logistic,relative_plus_baseline,happy,0.2613159122725152
ravdess_speech,pitch,20260922,0,logistic,relative_plus_baseline,neutral,0.444913020558777
ravdess_speech,pitch,20260922,0,logistic,relative_plus_baseline,sad,0.39084967320261466
ravdess_speech,pitch,20260922,0,logistic,relative_plus_baseline,surprise,0.15195291599785982
ravdess_speech,pitch,20260922,0,hgb,absolute,angry,0.26221079691516713
ravdess_speech,pitch,20260922,0,hgb,absolute,happy,0.13958125623130607
ravdess_speech,pitch,20260922,0,hgb,absolute,neutral,0.32922160782645704
ravdess_speech,pitch,20260922,0,hgb,absolute,sad,0.1688374336710082
ravdess_speech,pitch,20260922,0,hgb,absolute,surprise,0.22570351029881078
ravdess_speech,pitch,20260922,0,hgb,relative,angry,0.24047417442845048
ravdess_speech,pitch,20260922,0,hgb,relative,happy,0.28262213976499717
ravdess_speech,pitch,20260922,0,hgb,relative,neutral,0.551031790295594
ravdess_speech,pitch,20260922,0,hgb,relative,sad,0.1551912568306011
ravdess_speech,pitch,20260922,0,hgb,relative,surprise,0.25022182786157965
ravdess_speech,pitch,20260922,0,hgb,relative_plus_baseline,angry,0.14349412241588974
ravdess_speech,pitch,20260922,0,hgb,relative_plus_baseline,happy,0.1890126776796005
ravdess_speech,pitch,20260922,0,hgb,relative_plus_baseline,neutral,0.47718029823768665
ravdess_speech,pitch,20260922,0,hgb,relative_plus_baseline,sad,0.12433392539964479
ravdess_speech,pitch,20260922,0,hgb,relative_plus_baseline,surprise,0.2813749000799361
ravdess_speech,pitch,20260922,1,logistic,absolute,angry,0.43278998346326547
ravdess_speech,pitch,20260922,1,logistic,absolute,happy,0.16674561819043107
ravdess_speech,pitch,20260922,1,logistic,absolute,neutral,0.2618045815801777
ravdess_speech,pitch,20260922,1,logistic,absolute,sad,0.33008952899961086
ravdess_speech,pitch,20260922,1,logistic,absolute,surprise,0.04521963824289406
ravdess_speech,pitch,20260922,1,logistic,relative,angry,0.4037876225904636
ravdess_speech,pitch,20260922,1,logistic,relative,happy,0.22202166064981954
ravdess_speech,pitch,20260922,1,logistic,relative,neutral,0.3577413479052828
ravdess_speech,pitch,20260922,1,logistic,relative,sad,0.1546717171717173
ravdess_speech,pitch,20260922,1,logistic,relative,surprise,0.0
ravdess_speech,pitch,20260922,1,logistic,relative_plus_baseline,angry,0.3655310621242486
ravdess_speech,pitch,20260922,1,logistic,relative_plus_baseline,happy,0.11070110701107011
ravdess_speech,pitch,20260922,1,logistic,relative_plus_baseline,neutral,0.3577413479052828
ravdess_speech,pitch,20260922,1,logistic,relative_plus_baseline,sad,0.12131715771230506
ravdess_speech,pitch,20260922,1,logistic,relative_plus_baseline,surprise,0.24670287044220332
ravdess_speech,pitch,20260922,1,hgb,absolute,angry,0.29307080651268463
ravdess_speech,pitch,20260922,1,hgb,absolute,happy,0.1455592105263158
ravdess_speech,pitch,20260922,1,hgb,absolute,neutral,0.18413173652694628
ravdess_speech,pitch,20260922,1,hgb,absolute,sad,0.1397903145282077
ravdess_speech,pitch,20260922,1,hgb,absolute,surprise,0.24684431977559618
ravdess_speech,pitch,20260922,1,hgb,relative,angry,0.27403659011288445
ravdess_speech,pitch,20260922,1,hgb,relative,happy,0.07915273132664435
ravdess_speech,pitch,20260922,1,hgb,relative,neutral,0.4038387715930906
ravdess_speech,pitch,20260922,1,hgb,relative,sad,0.08410092110532638
ravdess_speech,pitch,20260922,1,hgb,relative,surprise,0.3591706539074963
ravdess_speech,pitch,20260922,1,hgb,relative_plus_baseline,angry,0.24347158218125967
ravdess_speech,pitch,20260922,1,hgb,relative_plus_baseline,happy,0.249445184198846
ravdess_speech,pitch,20260922,1,hgb,relative_plus_baseline,neutral,0.3733924611973395
ravdess_speech,pitch,20260922,1,hgb,relative_plus_baseline,sad,0.2357784431137725
ravdess_speech,pitch,20260922,1,hgb,relative_plus_baseline,surprise,0.2500000000000001
ravdess_speech,pitch,20260922,2,logistic,absolute,angry,0.355582524271845
ravdess_speech,pitch,20260922,2,logistic,absolute,happy,0.04539722572509458
ravdess_speech,pitch,20260922,2,logistic,absolute,neutral,0.33353474320241744
ravdess_speech,pitch,20260922,2,logistic,absolute,sad,0.09604519774011298
ravdess_speech,pitch,20260922,2,logistic,absolute,surprise,0.1101871101871102
ravdess_speech,pitch,20260922,2,logistic,relative,angry,0.40332031250000056
ravdess_speech,pitch,20260922,2,logistic,relative,happy,0.11643835616438357
ravdess_speech,pitch,20260922,2,logistic,relative,neutral,0.41840277777777807
ravdess_speech,pitch,20260922,2,logistic,relative,sad,0.14553014553014554
ravdess_speech,pitch,20260922,2,logistic,relative,surprise,0.15711645101663588
ravdess_speech,pitch,20260922,2,logistic,relative_plus_baseline,angry,0.40332031250000056
ravdess_speech,pitch,20260922,2,logistic,relative_plus_baseline,happy,0.0
ravdess_speech,pitch,20260922,2,logistic,relative_plus_baseline,neutral,0.4704875962360996
ravdess_speech,pitch,20260922,2,logistic,relative_plus_baseline,sad,0.18087318087318086
ravdess_speech,pitch,20260922,2,logistic,relative_plus_baseline,surprise,0.1697171381031614
ravdess_speech,pitch,20260922,2,hgb,absolute,angry,0.27665198237885463
ravdess_speech,pitch,20260922,2,hgb,absolute,happy,0.12163336229365769
ravdess_speech,pitch,20260922,2,hgb,absolute,neutral,0.34601579325197457
ravdess_speech,pitch,20260922,2,hgb,absolute,sad,0.20556023588879527
ravdess_speech,pitch,20260922,2,hgb,absolute,surprise,0.2982456140350878
ravdess_speech,pitch,20260922,2,hgb,relative,angry,0.29342327150084324
ravdess_speech,pitch,20260922,2,hgb,relative,happy,0.24820659971305606
ravdess_speech,pitch,20260922,2,hgb,relative,neutral,0.5253104106972304
ravdess_speech,pitch,20260922,2,hgb,relative,sad,0.1694915254237288
ravdess_speech,pitch,20260922,2,hgb,relative,surprise,0.16556688662267563
ravdess_speech,pitch,20260922,2,hgb,relative_plus_baseline,angry,0.2723004694835681
ravdess_speech,pitch,20260922,2,hgb,relative_plus_baseline,happy,0.17480719794344474
ravdess_speech,pitch,20260922,2,hgb,relative_plus_baseline,neutral,0.4995159728944823
ravdess_speech,pitch,20260922,2,hgb,relative_plus_baseline,sad,0.19397363465160072
ravdess_speech,pitch,20260922,2,hgb,relative_plus_baseline,surprise,0.30379746835443067
ravdess_speech,pitch,20260922,3,logistic,absolute,angry,0.31877729257641957
ravdess_speech,pitch,20260922,3,logistic,absolute,happy,0.07142857142857141
ravdess_speech,pitch,20260922,3,logistic,absolute,neutral,0.18461538461538454
ravdess_speech,pitch,20260922,3,logistic,absolute,sad,0.14285714285714285
ravdess_speech,pitch,20260922,3,logistic,absolute,surprise,0.038461538461538464
ravdess_speech,pitch,20260922,3,logistic,relative,angry,0.24626865671641807
ravdess_speech,pitch,20260922,3,logistic,relative,happy,0.20809248554913296
ravdess_speech,pitch,20260922,3,logistic,relative,neutral,0.448430493273543
ravdess_speech,pitch,20260922,3,logistic,relative,sad,0.1914893617021278
ravdess_speech,pitch,20260922,3,logistic,relative,surprise,0.08955223880597016
ravdess_speech,pitch,20260922,3,logistic,relative_plus_baseline,angry,0.25441696113074225
ravdess_speech,pitch,20260922,3,logistic,relative_plus_baseline,happy,0.04545454545454545
ravdess_speech,pitch,20260922,3,logistic,relative_plus_baseline,neutral,0.4433962264150946
ravdess_speech,pitch,20260922,3,logistic,relative_plus_baseline,sad,0.23443223443223454
ravdess_speech,pitch,20260922,3,logistic,relative_plus_baseline,surprise,0.2333333333333334
ravdess_speech,pitch,20260922,3,hgb,absolute,angry,0.2476190476190479
ravdess_speech,pitch,20260922,3,hgb,absolute,happy,0.08275862068965516
ravdess_speech,pitch,20260922,3,hgb,absolute,neutral,0.2352941176470588
ravdess_speech,pitch,20260922,3,hgb,absolute,sad,0.1262135922330097
ravdess_speech,pitch,20260922,3,hgb,absolute,surprise,0.3218390804597702
ravdess_speech,pitch,20260922,3,hgb,relative,angry,0.2463054187192118
ravdess_speech,pitch,20260922,3,hgb,relative,happy,0.13043478260869565
ravdess_speech,pitch,20260922,3,hgb,relative,neutral,0.3744680851063833
ravdess_speech,pitch,20260922,3,hgb,relative,sad,0.1628959276018099
ravdess_speech,pitch,20260922,3,hgb,relative,surprise,0.09424083769633508
ravdess_speech,pitch,20260922,3,hgb,relative_plus_baseline,angry,0.1953125000000001
ravdess_speech,pitch,20260922,3,hgb,relative_plus_baseline,happy,0.24752475247524752
ravdess_speech,pitch,20260922,3,hgb,relative_plus_baseline,neutral,0.35849056603773605
ravdess_speech,pitch,20260922,3,hgb,relative_plus_baseline,sad,0.05381165919282511
ravdess_speech,pitch,20260922,3,hgb,relative_plus_baseline,surprise,0.19251336898395724
ravdess_speech,pitch,20260922,4,logistic,absolute,angry,0.10985460420032307
ravdess_speech,pitch,20260922,4,logistic,absolute,happy,0.052604435275915414
ravdess_speech,pitch,20260922,4,logistic,absolute,neutral,0.2369823698236983
ravdess_speech,pitch,20260922,4,logistic,absolute,sad,0.16798539257455872
ravdess_speech,pitch,20260922,4,logistic,absolute,surprise,0.3472786016071579
ravdess_speech,pitch,20260922,4,logistic,relative,angry,0.445996387718242
ravdess_speech,pitch,20260922,4,logistic,relative,happy,0.12528233699744012
ravdess_speech,pitch,20260922,4,logistic,relative,neutral,0.4315435405506417
ravdess_speech,pitch,20260922,4,logistic,relative,sad,0.2688929472128013
ravdess_speech,pitch,20260922,4,logistic,relative,surprise,0.06132879045996592
ravdess_speech,pitch,20260922,4,logistic,relative_plus_baseline,angry,0.4012422360248447
ravdess_speech,pitch,20260922,4,logistic,relative_plus_baseline,happy,0.09149007736293305
ravdess_speech,pitch,20260922,4,logistic,relative_plus_baseline,neutral,0.4243537914982238
ravdess_speech,pitch,20260922,4,logistic,relative_plus_baseline,sad,0.24492934730366253
ravdess_speech,pitch,20260922,4,logistic,relative_plus_baseline,surprise,0.23953261927945474
ravdess_speech,pitch,20260922,4,hgb,absolute,angry,0.2433097063503544
ravdess_speech,pitch,20260922,4,hgb,absolute,happy,0.21250460631372067
ravdess_speech,pitch,20260922,4,hgb,absolute,neutral,0.2781761601948315
ravdess_speech,pitch,20260922,4,hgb,absolute,sad,0.2930117982626733
ravdess_speech,pitch,20260922,4,hgb,absolute,surprise,0.30721420643729186
ravdess_speech,pitch,20260922,4,hgb,relative,angry,0.3701249044098903
ravdess_speech,pitch,20260922,4,hgb,relative,happy,0.1821507905396576
ravdess_speech,pitch,20260922,4,hgb,relative,neutral,0.39212134933212606
ravdess_speech,pitch,20260922,4,hgb,relative,sad,0.08455382757058733
ravdess_speech,pitch,20260922,4,hgb,relative,surprise,0.23770092547491478
ravdess_speech,pitch,20260922,4,hgb,relative_plus_baseline,angry,0.17948717948717946
ravdess_speech,pitch,20260922,4,hgb,relative_plus_baseline,happy,0.08092971156538784
ravdess_speech,pitch,20260922,4,hgb,relative_plus_baseline,neutral,0.5098880152489876
ravdess_speech,pitch,20260922,4,hgb,relative_plus_baseline,sad,0.30695509309967145
ravdess_speech,pitch,20260922,4,hgb,relative_plus_baseline,surprise,0.33306899286280733
ravdess_speech,loudness,20260920,0,logistic,absolute,angry,0.43365531265887153
ravdess_speech,loudness,20260920,0,logistic,absolute,happy,0.20166170396695807
ravdess_speech,loudness,20260920,0,logistic,absolute,neutral,0.5719279185659295
ravdess_speech,loudness,20260920,0,logistic,absolute,sad,0.1995159864103877
ravdess_speech,loudness,20260920,0,logistic,absolute,surprise,0.39427472335323366
ravdess_speech,loudness,20260920,0,logistic,relative,angry,0.43764222566808325
ravdess_speech,loudness,20260920,0,logistic,relative,happy,0.19330187593509038
ravdess_speech,loudness,20260920,0,logistic,relative,neutral,0.6363421363815533
ravdess_speech,loudness,20260920,0,logistic,relative,sad,0.2020168147740066
ravdess_speech,loudness,20260920,0,logistic,relative,surprise,0.4135709788346977
ravdess_speech,loudness,20260920,0,logistic,relative_plus_baseline,angry,0.5164636095620365
ravdess_speech,loudness,20260920,0,logistic,relative_plus_baseline,happy,0.1582793266930538
ravdess_speech,loudness,20260920,0,logistic,relative_plus_baseline,neutral,0.5468820776083346
ravdess_speech,loudness,20260920,0,logistic,relative_plus_baseline,sad,0.2559461840313927
ravdess_speech,loudness,20260920,0,logistic,relative_plus_baseline,surprise,0.4304927125252822
ravdess_speech,loudness,20260920,0,hgb,absolute,angry,0.45317943671710864
ravdess_speech,loudness,20260920,0,hgb,absolute,happy,0.24001184512499077
ravdess_speech,loudness,20260920,0,hgb,absolute,neutral,0.3350434837014327
ravdess_speech,loudness,20260920,0,hgb,absolute,sad,0.4095413896306389
ravdess_speech,loudness,20260920,0,hgb,absolute,surprise,0.2970338018256713
ravdess_speech,loudness,20260920,0,hgb,relative,angry,0.504758617288821
ravdess_speech,loudness,20260920,0,hgb,relative,happy,0.13580143507273085
ravdess_speech,loudness,20260920,0,hgb,relative,neutral,0.33000661667401865
ravdess_speech,loudness,20260920,0,hgb,relative,sad,0.4468313140726935
ravdess_speech,loudness,20260920,0,hgb,relative,surprise,0.3294731635768257
ravdess_speech,loudness,20260920,0,hgb,relative_plus_baseline,angry,0.4570356975420268
ravdess_speech,loudness,20260920,0,hgb,relative_plus_baseline,happy,0.35133508107583283
ravdess_speech,loudness,20260920,0,hgb,relative_plus_baseline,neutral,0.7347970029621886
ravdess_speech,loudness,20260920,0,hgb,relative_plus_baseline,sad,0.3499064421277734
ravdess_speech,loudness,20260920,0,hgb,relative_plus_baseline,surprise,0.4007228999409172
ravdess_speech,loudness,20260920,1,logistic,absolute,angry,0.5432098765432102
ravdess_speech,loudness,20260920,1,logistic,absolute,happy,0.25352112676056343
ravdess_speech,loudness,20260920,1,logistic,absolute,neutral,0.6153846153846154
ravdess_speech,loudness,20260920,1,logistic,absolute,sad,0.18461538461538463
ravdess_speech,loudness,20260920,1,logistic,absolute,surprise,0.37362637362637396
ravdess_speech,loudness,20260920,1,logistic,relative,angry,0.5250000000000002
ravdess_speech,loudness,20260920,1,logistic,relative,happy,0.30555555555555564
ravdess_speech,loudness,20260920,1,logistic,relative,neutral,0.56
ravdess_speech,loudness,20260920,1,logistic,relative,sad,0.23188405797101452
ravdess_speech,loudness,20260920,1,logistic,relative,surprise,0.4269662921348318
ravdess_speech,loudness,20260920,1,logistic,relative_plus_baseline,angry,0.5185185185185187
ravdess_speech,loudness,20260920,1,logistic,relative_plus_baseline,happy,0.2739726027397261
ravdess_speech,loudness,20260920,1,logistic,relative_plus_baseline,neutral,0.576923076923077
ravdess_speech,loudness,20260920,1,logistic,relative_plus_baseline,sad,0.18181818181818182
ravdess_speech,loudness,20260920,1,logistic,relative_plus_baseline,surprise,0.3863636363636367
ravdess_speech,loudness,20260920,1,hgb,absolute,angry,0.5882352941176472
ravdess_speech,loudness,20260920,1,hgb,absolute,happy,0.3157894736842106
ravdess_speech,loudness,20260920,1,hgb,absolute,neutral,0.4193548387096776
ravdess_speech,loudness,20260920,1,hgb,absolute,sad,0.33802816901408456
ravdess_speech,loudness,20260920,1,hgb,absolute,surprise,0.38554216867469904
ravdess_speech,loudness,20260920,1,hgb,relative,angry,0.4705882352941179
ravdess_speech,loudness,20260920,1,hgb,relative,happy,0.1639344262295082
ravdess_speech,loudness,20260920,1,hgb,relative,neutral,0.3461538461538462
ravdess_speech,loudness,20260920,1,hgb,relative,sad,0.4000000000000001
ravdess_speech,loudness,20260920,1,hgb,relative,surprise,0.43478260869565255
ravdess_speech,loudness,20260920,1,hgb,relative_plus_baseline,angry,0.48717948717948734
ravdess_speech,loudness,20260920,1,hgb,relative_plus_baseline,happy,0.12698412698412698
ravdess_speech,loudness,20260920,1,hgb,relative_plus_baseline,neutral,0.4651162790697675
ravdess_speech,loudness,20260920,1,hgb,relative_plus_baseline,sad,0.41463414634146367
ravdess_speech,loudness,20260920,1,hgb,relative_plus_baseline,surprise,0.4255319148936174
ravdess_speech,loudness,20260920,2,logistic,absolute,angry,0.47086247086247107
ravdess_speech,loudness,20260920,2,logistic,absolute,happy,0.23936170212765961
ravdess_speech,loudness,20260920,2,logistic,absolute,neutral,0.308300395256917
ravdess_speech,loudness,20260920,2,logistic,absolute,sad,0.3172804532577904
ravdess_speech,loudness,20260920,2,logistic,absolute,surprise,0.2930591259640103
ravdess_speech,loudness,20260920,2,logistic,relative,angry,0.5120772946859905
ravdess_speech,loudness,20260920,2,logistic,relative,happy,0.19498607242339833
ravdess_speech,loudness,20260920,2,logistic,relative,neutral,0.2805755395683453
ravdess_speech,loudness,20260920,2,logistic,relative,sad,0.1483679525222552
ravdess_speech,loudness,20260920,2,logistic,relative,surprise,0.266990291262136
ravdess_speech,loudness,20260920,2,logistic,relative_plus_baseline,angry,0.5313283208020051
ravdess_speech,loudness,20260920,2,logistic,relative_plus_baseline,happy,0.1592356687898089
ravdess_speech,loudness,20260920,2,logistic,relative_plus_baseline,neutral,0.4984025559105432
ravdess_speech,loudness,20260920,2,logistic,relative_plus_baseline,sad,0.11661807580174925
ravdess_speech,loudness,20260920,2,logistic,relative_plus_baseline,surprise,0.2552204176334108
ravdess_speech,loudness,20260920,2,hgb,absolute,angry,0.46483180428134563
ravdess_speech,loudness,20260920,2,hgb,absolute,happy,0.2890995260663508
ravdess_speech,loudness,20260920,2,hgb,absolute,neutral,0.3868312757201646
ravdess_speech,loudness,20260920,2,hgb,absolute,sad,0.44257703081232497
ravdess_speech,loudness,20260920,2,hgb,absolute,surprise,0.3370288248337031
ravdess_speech,loudness,20260920,2,hgb,relative,angry,0.46341463414634154
ravdess_speech,loudness,20260920,2,hgb,relative,happy,0.38207547169811334
ravdess_speech,loudness,20260920,2,hgb,relative,neutral,0.2832618025751073
ravdess_speech,loudness,20260920,2,hgb,relative,sad,0.3513513513513513
ravdess_speech,loudness,20260920,2,hgb,relative,surprise,0.36853932584269683
ravdess_speech,loudness,20260920,2,hgb,relative_plus_baseline,angry,0.4402173913043479
ravdess_speech,loudness,20260920,2,hgb,relative_plus_baseline,happy,0.2688172043010753
ravdess_speech,loudness,20260920,2,hgb,relative_plus_baseline,neutral,0.5412844036697249
ravdess_speech,loudness,20260920,2,hgb,relative_plus_baseline,sad,0.5169712793733682
ravdess_speech,loudness,20260920,2,hgb,relative_plus_baseline,surprise,0.37908496732026165
ravdess_speech,loudness,20260920,3,logistic,absolute,angry,0.5739130434782617
ravdess_speech,loudness,20260920,3,logistic,absolute,happy,0.1875
ravdess_speech,loudness,20260920,3,logistic,absolute,neutral,0.3333333333333333
ravdess_speech,loudness,20260920,3,logistic,absolute,sad,0.3943661971830987
ravdess_speech,loudness,20260920,3,logistic,absolute,surprise,0.08823529411764705
ravdess_speech,loudness,20260920,3,logistic,relative,angry,0.5714285714285721
ravdess_speech,loudness,20260920,3,logistic,relative,happy,0.13698630136986303
ravdess_speech,loudness,20260920,3,logistic,relative,neutral,0.3265306122448979
ravdess_speech,loudness,20260920,3,logistic,relative,sad,0.3589743589743591
ravdess_speech,loudness,20260920,3,logistic,relative,surprise,0.16129032258064516
ravdess_speech,loudness,20260920,3,logistic,relative_plus_baseline,angry,0.5849056603773592
ravdess_speech,loudness,20260920,3,logistic,relative_plus_baseline,happy,0.07142857142857142
ravdess_speech,loudness,20260920,3,logistic,relative_plus_baseline,neutral,0.4931506849315073
ravdess_speech,loudness,20260920,3,logistic,relative_plus_baseline,sad,0.22535211267605637
ravdess_speech,loudness,20260920,3,logistic,relative_plus_baseline,surprise,0.2592592592592593
ravdess_speech,loudness,20260920,3,hgb,absolute,angry,0.6315789473684212
ravdess_speech,loudness,20260920,3,hgb,absolute,happy,0.3655913978494627
ravdess_speech,loudness,20260920,3,hgb,absolute,neutral,0.36734693877551017
ravdess_speech,loudness,20260920,3,hgb,absolute,sad,0.27118644067796616
ravdess_speech,loudness,20260920,3,hgb,absolute,surprise,0.26506024096385555
ravdess_speech,loudness,20260920,3,hgb,relative,angry,0.5882352941176474
ravdess_speech,loudness,20260920,3,hgb,relative,happy,0.3243243243243244
ravdess_speech,loudness,20260920,3,hgb,relative,neutral,0.3225806451612905
ravdess_speech,loudness,20260920,3,hgb,relative,sad,0.2950819672131148
ravdess_speech,loudness,20260920,3,hgb,relative,surprise,0.3589743589743591
ravdess_speech,loudness,20260920,3,hgb,relative_plus_baseline,angry,0.6582278481012661
ravdess_speech,loudness,20260920,3,hgb,relative_plus_baseline,happy,0.30985915492957755
ravdess_speech,loudness,20260920,3,hgb,relative_plus_baseline,neutral,0.4878048780487804
ravdess_speech,loudness,20260920,3,hgb,relative_plus_baseline,sad,0.5454545454545456
ravdess_speech,loudness,20260920,3,hgb,relative_plus_baseline,surprise,0.39130434782608725
ravdess_speech,loudness,20260920,4,logistic,absolute,angry,0.6
ravdess_speech,loudness,20260920,4,logistic,absolute,happy,0.23529411764705876
ravdess_speech,loudness,20260920,4,logistic,absolute,neutral,0.394366197183099
ravdess_speech,loudness,20260920,4,logistic,absolute,sad,0.37037037037037035
ravdess_speech,loudness,20260920,4,logistic,absolute,surprise,0.2692307692307692
ravdess_speech,loudness,20260920,4,logistic,relative,angry,0.5901639344262294
ravdess_speech,loudness,20260920,4,logistic,relative,happy,0.21818181818181812
ravdess_speech,loudness,20260920,4,logistic,relative,neutral,0.4242424242424246
ravdess_speech,loudness,20260920,4,logistic,relative,sad,0.3928571428571429
ravdess_speech,loudness,20260920,4,logistic,relative,surprise,0.19999999999999996
ravdess_speech,loudness,20260920,4,logistic,relative_plus_baseline,angry,0.5901639344262294
ravdess_speech,loudness,20260920,4,logistic,relative_plus_baseline,happy,0.21428571428571422
ravdess_speech,loudness,20260920,4,logistic,relative_plus_baseline,neutral,0.4912280701754388
ravdess_speech,loudness,20260920,4,logistic,relative_plus_baseline,sad,0.3666666666666667
ravdess_speech,loudness,20260920,4,logistic,relative_plus_baseline,surprise,0.22222222222222218
ravdess_speech,loudness,20260920,4,hgb,absolute,angry,0.5714285714285714
ravdess_speech,loudness,20260920,4,hgb,absolute,happy,0.32142857142857145
ravdess_speech,loudness,20260920,4,hgb,absolute,neutral,0.5
ravdess_speech,loudness,20260920,4,hgb,absolute,sad,0.46753246753246774
ravdess_speech,loudness,20260920,4,hgb,absolute,surprise,0.33333333333333337
ravdess_speech,loudness,20260920,4,hgb,relative,angry,0.5964912280701754
ravdess_speech,loudness,20260920,4,hgb,relative,happy,0.24999999999999992
ravdess_speech,loudness,20260920,4,hgb,relative,neutral,0.42553191489361697
ravdess_speech,loudness,20260920,4,hgb,relative,sad,0.5714285714285715
ravdess_speech,loudness,20260920,4,hgb,relative,surprise,0.303030303030303
ravdess_speech,loudness,20260920,4,hgb,relative_plus_baseline,angry,0.576923076923077
ravdess_speech,loudness,20260920,4,hgb,relative_plus_baseline,happy,0.29090909090909084
ravdess_speech,loudness,20260920,4,hgb,relative_plus_baseline,neutral,0.48275862068965536
ravdess_speech,loudness,20260920,4,hgb,relative_plus_baseline,sad,0.4444444444444444
ravdess_speech,loudness,20260920,4,hgb,relative_plus_baseline,surprise,0.2898550724637681
ravdess_speech,loudness,20260921,0,logistic,absolute,angry,0.49356969064998274
ravdess_speech,loudness,20260921,0,logistic,absolute,happy,0.18960899839314407
ravdess_speech,loudness,20260921,0,logistic,absolute,neutral,0.4444444444444446
ravdess_speech,loudness,20260921,0,logistic,absolute,sad,0.2835643564356436
ravdess_speech,loudness,20260921,0,logistic,absolute,surprise,0.2789651293588301
ravdess_speech,loudness,20260921,0,logistic,relative,angry,0.441928414901388
ravdess_speech,loudness,20260921,0,logistic,relative,happy,0.18150830847890922
ravdess_speech,loudness,20260921,0,logistic,relative,neutral,0.4696548988496629
ravdess_speech,loudness,20260921,0,logistic,relative,sad,0.2287529785544083
ravdess_speech,loudness,20260921,0,logistic,relative,surprise,0.34652665589660747
ravdess_speech,loudness,20260921,0,logistic,relative_plus_baseline,angry,0.44176706827309253
ravdess_speech,loudness,20260921,0,logistic,relative_plus_baseline,happy,0.1749174917491749
ravdess_speech,loudness,20260921,0,logistic,relative_plus_baseline,neutral,0.48236953455571224
ravdess_speech,loudness,20260921,0,logistic,relative_plus_baseline,sad,0.18590575010808472
ravdess_speech,loudness,20260921,0,logistic,relative_plus_baseline,surprise,0.4004004004004006
ravdess_speech,loudness,20260921,0,hgb,absolute,angry,0.5459677419354839
ravdess_speech,loudness,20260921,0,hgb,absolute,happy,0.20610384462940942
ravdess_speech,loudness,20260921,0,hgb,absolute,neutral,0.34426229508196715
ravdess_speech,loudness,20260921,0,hgb,absolute,sad,0.48987719880517777
ravdess_speech,loudness,20260921,0,hgb,absolute,surprise,0.29787234042553196
ravdess_speech,loudness,20260921,0,hgb,relative,angry,0.5226253567060742
ravdess_speech,loudness,20260921,0,hgb,relative,happy,0.236014699877501
ravdess_speech,loudness,20260921,0,hgb,relative,neutral,0.35188679245283017
ravdess_speech,loudness,20260921,0,hgb,relative,sad,0.5017103762827823
ravdess_speech,loudness,20260921,0,hgb,relative,surprise,0.4628435697319309
ravdess_speech,loudness,20260921,0,hgb,relative_plus_baseline,angry,0.5078459343794581
ravdess_speech,loudness,20260921,0,hgb,relative_plus_baseline,happy,0.29280195201301346
ravdess_speech,loudness,20260921,0,hgb,relative_plus_baseline,neutral,0.5738132498695878
ravdess_speech,loudness,20260921,0,hgb,relative_plus_baseline,sad,0.5462847654628478
ravdess_speech,loudness,20260921,0,hgb,relative_plus_baseline,surprise,0.4350714048488875
ravdess_speech,loudness,20260921,1,logistic,absolute,angry,0.5166666666666674
ravdess_speech,loudness,20260921,1,logistic,absolute,happy,0.29268292682926844
ravdess_speech,loudness,20260921,1,logistic,absolute,neutral,0.18749999999999994
ravdess_speech,loudness,20260921,1,logistic,absolute,sad,0.24561403508771934
ravdess_speech,loudness,20260921,1,logistic,absolute,surprise,0.11594202898550723
ravdess_speech,loudness,20260921,1,logistic,relative,angry,0.5384615384615391
ravdess_speech,loudness,20260921,1,logistic,relative,happy,0.16666666666666674
ravdess_speech,loudness,20260921,1,logistic,relative,neutral,0.11764705882352937
ravdess_speech,loudness,20260921,1,logistic,relative,sad,0.25000000000000006
ravdess_speech,loudness,20260921,1,logistic,relative,surprise,0.16216216216216217
ravdess_speech,loudness,20260921,1,logistic,relative_plus_baseline,angry,0.5225225225225233
ravdess_speech,loudness,20260921,1,logistic,relative_plus_baseline,happy,0.14705882352941177
ravdess_speech,loudness,20260921,1,logistic,relative_plus_baseline,neutral,0.5423728813559324
ravdess_speech,loudness,20260921,1,logistic,relative_plus_baseline,sad,0.12499999999999999
ravdess_speech,loudness,20260921,1,logistic,relative_plus_baseline,surprise,0.20689655172413796
ravdess_speech,loudness,20260921,1,hgb,absolute,angry,0.49019607843137314
ravdess_speech,loudness,20260921,1,hgb,absolute,happy,0.19512195121951229
ravdess_speech,loudness,20260921,1,hgb,absolute,neutral,0.3428571428571428
ravdess_speech,loudness,20260921,1,hgb,absolute,sad,0.290909090909091
ravdess_speech,loudness,20260921,1,hgb,absolute,surprise,0.25581395348837227
ravdess_speech,loudness,20260921,1,hgb,relative,angry,0.5287356321839084
ravdess_speech,loudness,20260921,1,hgb,relative,happy,0.3571428571428574
ravdess_speech,loudness,20260921,1,hgb,relative,neutral,0.19999999999999993
ravdess_speech,loudness,20260921,1,hgb,relative,sad,0.21538461538461542
ravdess_speech,loudness,20260921,1,hgb,relative,surprise,0.3095238095238097
ravdess_speech,loudness,20260921,1,hgb,relative_plus_baseline,angry,0.5411764705882356
ravdess_speech,loudness,20260921,1,hgb,relative_plus_baseline,happy,0.32911392405063306
ravdess_speech,loudness,20260921,1,hgb,relative_plus_baseline,neutral,0.5
ravdess_speech,loudness,20260921,1,hgb,relative_plus_baseline,sad,0.4307692307692309
ravdess_speech,loudness,20260921,1,hgb,relative_plus_baseline,surprise,0.41758241758241793
ravdess_speech,loudness,20260921,2,logistic,absolute,angry,0.5714285714285716
ravdess_speech,loudness,20260921,2,logistic,absolute,happy,0.23880597014925378
ravdess_speech,loudness,20260921,2,logistic,absolute,neutral,0.42666666666666714
ravdess_speech,loudness,20260921,2,logistic,absolute,sad,0.24242424242424246
ravdess_speech,loudness,20260921,2,logistic,absolute,surprise,0.2933333333333334
ravdess_speech,loudness,20260921,2,logistic,relative,angry,0.5454545454545456
ravdess_speech,loudness,20260921,2,logistic,relative,happy,0.2898550724637682
ravdess_speech,loudness,20260921,2,logistic,relative,neutral,0.4507042253521131
ravdess_speech,loudness,20260921,2,logistic,relative,sad,0.33802816901408456
ravdess_speech,loudness,20260921,2,logistic,relative,surprise,0.3333333333333334
ravdess_speech,loudness,20260921,2,logistic,relative_plus_baseline,angry,0.5454545454545456
ravdess_speech,loudness,20260921,2,logistic,relative_plus_baseline,happy,0.26470588235294124
ravdess_speech,loudness,20260921,2,logistic,relative_plus_baseline,neutral,0.5294117647058827
ravdess_speech,loudness,20260921,2,logistic,relative_plus_baseline,sad,0.2933333333333334
ravdess_speech,loudness,20260921,2,logistic,relative_plus_baseline,surprise,0.3333333333333334
ravdess_speech,loudness,20260921,2,hgb,absolute,angry,0.5423728813559324
ravdess_speech,loudness,20260921,2,hgb,absolute,happy,0.26086956521739135
ravdess_speech,loudness,20260921,2,hgb,absolute,neutral,0.48
ravdess_speech,loudness,20260921,2,hgb,absolute,sad,0.43478260869565255
ravdess_speech,loudness,20260921,2,hgb,absolute,surprise,0.28888888888888914
ravdess_speech,loudness,20260921,2,hgb,relative,angry,0.56
ravdess_speech,loudness,20260921,2,hgb,relative,happy,0.14545454545454545
ravdess_speech,loudness,20260921,2,hgb,relative,neutral,0.4406779661016951
ravdess_speech,loudness,20260921,2,hgb,relative,sad,0.47619047619047644
ravdess_speech,loudness,20260921,2,hgb,relative,surprise,0.29885057471264387
ravdess_speech,loudness,20260921,2,hgb,relative_plus_baseline,angry,0.5588235294117648
ravdess_speech,loudness,20260921,2,hgb,relative_plus_baseline,happy,0.3125000000000001
ravdess_speech,loudness,20260921,2,hgb,relative_plus_baseline,neutral,0.5405405405405411
ravdess_speech,loudness,20260921,2,hgb,relative_plus_baseline,sad,0.3243243243243244
ravdess_speech,loudness,20260921,2,hgb,relative_plus_baseline,surprise,0.3250000000000001
ravdess_speech,loudness,20260921,3,logistic,absolute,angry,0.5454545454545456
ravdess_speech,loudness,20260921,3,logistic,absolute,happy,0.16
ravdess_speech,loudness,20260921,3,logistic,absolute,neutral,0.5925925925925926
ravdess_speech,loudness,20260921,3,logistic,absolute,sad,0.41463414634146367
ravdess_speech,loudness,20260921,3,logistic,absolute,surprise,0.388888888888889
ravdess_speech,loudness,20260921,3,logistic,relative,angry,0.5526315789473686
ravdess_speech,loudness,20260921,3,logistic,relative,happy,0.16
ravdess_speech,loudness,20260921,3,logistic,relative,neutral,0.5614035087719299
ravdess_speech,loudness,20260921,3,logistic,relative,sad,0.34567901234567916
ravdess_speech,loudness,20260921,3,logistic,relative,surprise,0.3661971830985916
ravdess_speech,loudness,20260921,3,logistic,relative_plus_baseline,angry,0.5526315789473686
ravdess_speech,loudness,20260921,3,logistic,relative_plus_baseline,happy,0.18666666666666668
ravdess_speech,loudness,20260921,3,logistic,relative_plus_baseline,neutral,0.5901639344262297
ravdess_speech,loudness,20260921,3,logistic,relative_plus_baseline,sad,0.3333333333333334
ravdess_speech,loudness,20260921,3,logistic,relative_plus_baseline,surprise,0.3428571428571429
ravdess_speech,loudness,20260921,3,hgb,absolute,angry,0.5671641791044777
ravdess_speech,loudness,20260921,3,hgb,absolute,happy,0.24000000000000005
ravdess_speech,loudness,20260921,3,hgb,absolute,neutral,0.5333333333333335
ravdess_speech,loudness,20260921,3,hgb,absolute,sad,0.41758241758241793
ravdess_speech,loudness,20260921,3,hgb,absolute,surprise,0.2686567164179105
ravdess_speech,loudness,20260921,3,hgb,relative,angry,0.6363636363636365
ravdess_speech,loudness,20260921,3,hgb,relative,happy,0.3692307692307693
ravdess_speech,loudness,20260921,3,hgb,relative,neutral,0.41095890410958946
ravdess_speech,loudness,20260921,3,hgb,relative,sad,0.4776119402985076
ravdess_speech,loudness,20260921,3,hgb,relative,surprise,0.4044943820224722
ravdess_speech,loudness,20260921,3,hgb,relative_plus_baseline,angry,0.5625000000000001
ravdess_speech,loudness,20260921,3,hgb,relative_plus_baseline,happy,0.388888888888889
ravdess_speech,loudness,20260921,3,hgb,relative_plus_baseline,neutral,0.5614035087719299
ravdess_speech,loudness,20260921,3,hgb,relative_plus_baseline,sad,0.4736842105263159
ravdess_speech,loudness,20260921,3,hgb,relative_plus_baseline,surprise,0.3956043956043959
ravdess_speech,loudness,20260921,4,logistic,absolute,angry,0.47445887445887447
ravdess_speech,loudness,20260921,4,logistic,absolute,happy,0.23234624145785873
ravdess_speech,loudness,20260921,4,logistic,absolute,neutral,0.5741399762752075
ravdess_speech,loudness,20260921,4,logistic,absolute,sad,0.2962962962962963
ravdess_speech,loudness,20260921,4,logistic,absolute,surprise,0.3598759048603929
ravdess_speech,loudness,20260921,4,logistic,relative,angry,0.5051903114186852
ravdess_speech,loudness,20260921,4,logistic,relative,happy,0.22818791946308717
ravdess_speech,loudness,20260921,4,logistic,relative,neutral,0.6261319534282017
ravdess_speech,loudness,20260921,4,logistic,relative,sad,0.2946768060836502
ravdess_speech,loudness,20260921,4,logistic,relative,surprise,0.376101860920666
ravdess_speech,loudness,20260921,4,logistic,relative_plus_baseline,angry,0.5268542199488491
ravdess_speech,loudness,20260921,4,logistic,relative_plus_baseline,happy,0.24415055951169887
ravdess_speech,loudness,20260921,4,logistic,relative_plus_baseline,neutral,0.4893314366998577
ravdess_speech,loudness,20260921,4,logistic,relative_plus_baseline,sad,0.25834230355220666
ravdess_speech,loudness,20260921,4,logistic,relative_plus_baseline,surprise,0.4097472924187726
ravdess_speech,loudness,20260921,4,hgb,absolute,angry,0.5191193511008111
ravdess_speech,loudness,20260921,4,hgb,absolute,happy,0.24593495934959347
ravdess_speech,loudness,20260921,4,hgb,absolute,neutral,0.4352773826458037
ravdess_speech,loudness,20260921,4,hgb,absolute,sad,0.4568888888888889
ravdess_speech,loudness,20260921,4,hgb,absolute,surprise,0.39148239148239156
ravdess_speech,loudness,20260921,4,hgb,relative,angry,0.5062429057888763
ravdess_speech,loudness,20260921,4,hgb,relative,happy,0.32478632478632474
ravdess_speech,loudness,20260921,4,hgb,relative,neutral,0.5015544041450779
ravdess_speech,loudness,20260921,4,hgb,relative,sad,0.45575757575757575
ravdess_speech,loudness,20260921,4,hgb,relative,surprise,0.3805460750853243
ravdess_speech,loudness,20260921,4,hgb,relative_plus_baseline,angry,0.5145145145145146
ravdess_speech,loudness,20260921,4,hgb,relative_plus_baseline,happy,0.2819237147595357
ravdess_speech,loudness,20260921,4,hgb,relative_plus_baseline,neutral,0.6706408345752608
ravdess_speech,loudness,20260921,4,hgb,relative_plus_baseline,sad,0.35187580853816297
ravdess_speech,loudness,20260921,4,hgb,relative_plus_baseline,surprise,0.364073777064956
ravdess_speech,loudness,20260922,0,logistic,absolute,angry,0.5406490465038478
ravdess_speech,loudness,20260922,0,logistic,absolute,happy,0.32913215700396126
ravdess_speech,loudness,20260922,0,logistic,absolute,neutral,0.4237472766884532
ravdess_speech,loudness,20260922,0,logistic,absolute,sad,0.18252260008609558
ravdess_speech,loudness,20260922,0,logistic,absolute,surprise,0.28934579439252345
ravdess_speech,loudness,20260922,0,logistic,relative,angry,0.528104575163399
ravdess_speech,loudness,20260922,0,logistic,relative,happy,0.28248998907899536
ravdess_speech,loudness,20260922,0,logistic,relative,neutral,0.4242093784078517
ravdess_speech,loudness,20260922,0,logistic,relative,sad,0.12044105173876164
ravdess_speech,loudness,20260922,0,logistic,relative,surprise,0.32449058054594393
ravdess_speech,loudness,20260922,0,logistic,relative_plus_baseline,angry,0.5279320483502127
ravdess_speech,loudness,20260922,0,logistic,relative_plus_baseline,happy,0.20032441200324416
ravdess_speech,loudness,20260922,0,logistic,relative_plus_baseline,neutral,0.6039763567974207
ravdess_speech,loudness,20260922,0,logistic,relative_plus_baseline,sad,0.25520000000000004
ravdess_speech,loudness,20260922,0,logistic,relative_plus_baseline,surprise,0.3915929203539824
ravdess_speech,loudness,20260922,0,hgb,absolute,angry,0.4721673904461115
ravdess_speech,loudness,20260922,0,hgb,absolute,happy,0.28524989841527837
ravdess_speech,loudness,20260922,0,hgb,absolute,neutral,0.36521739130434777
ravdess_speech,loudness,20260922,0,hgb,absolute,sad,0.3055118110236221
ravdess_speech,loudness,20260922,0,hgb,absolute,surprise,0.29332535169111074
ravdess_speech,loudness,20260922,0,hgb,relative,angry,0.5410590943975442
ravdess_speech,loudness,20260922,0,hgb,relative,happy,0.29869281045751656
ravdess_speech,loudness,20260922,0,hgb,relative,neutral,0.3460698689956332
ravdess_speech,loudness,20260922,0,hgb,relative,sad,0.2184724689165187
ravdess_speech,loudness,20260922,0,hgb,relative,surprise,0.32070175438596504
ravdess_speech,loudness,20260922,0,hgb,relative_plus_baseline,angry,0.49473684210526336
ravdess_speech,loudness,20260922,0,hgb,relative_plus_baseline,happy,0.2675255778704055
ravdess_speech,loudness,20260922,0,hgb,relative_plus_baseline,neutral,0.45478036175710596
ravdess_speech,loudness,20260922,0,hgb,relative_plus_baseline,sad,0.2886597938144331
ravdess_speech,loudness,20260922,0,hgb,relative_plus_baseline,surprise,0.3607393244104528
ravdess_speech,loudness,20260922,1,logistic,absolute,angry,0.5454545454545456
ravdess_speech,loudness,20260922,1,logistic,absolute,happy,0.18461538461538463
ravdess_speech,loudness,20260922,1,logistic,absolute,neutral,0.4923076923076926
ravdess_speech,loudness,20260922,1,logistic,absolute,sad,0.39506172839506193
ravdess_speech,loudness,20260922,1,logistic,absolute,surprise,0.3611111111111112
ravdess_speech,loudness,20260922,1,logistic,relative,angry,0.5384615384615387
ravdess_speech,loudness,20260922,1,logistic,relative,happy,0.18181818181818182
ravdess_speech,loudness,20260922,1,logistic,relative,neutral,0.4848484848484852
ravdess_speech,loudness,20260922,1,logistic,relative,sad,0.3797468354430381
ravdess_speech,loudness,20260922,1,logistic,relative,surprise,0.3943661971830987
ravdess_speech,loudness,20260922,1,logistic,relative_plus_baseline,angry,0.5454545454545456
ravdess_speech,loudness,20260922,1,logistic,relative_plus_baseline,happy,0.2285714285714286
ravdess_speech,loudness,20260922,1,logistic,relative_plus_baseline,neutral,0.5483870967741938
ravdess_speech,loudness,20260922,1,logistic,relative_plus_baseline,sad,0.38461538461538475
ravdess_speech,loudness,20260922,1,logistic,relative_plus_baseline,surprise,0.3835616438356166
ravdess_speech,loudness,20260922,1,hgb,absolute,angry,0.5084745762711866
ravdess_speech,loudness,20260922,1,hgb,absolute,happy,0.3333333333333336
ravdess_speech,loudness,20260922,1,hgb,absolute,neutral,0.47058823529411803
ravdess_speech,loudness,20260922,1,hgb,absolute,sad,0.36842105263157904
ravdess_speech,loudness,20260922,1,hgb,absolute,surprise,0.29850746268656725
ravdess_speech,loudness,20260922,1,hgb,relative,angry,0.6268656716417912
ravdess_speech,loudness,20260922,1,hgb,relative,happy,0.35294117647058837
ravdess_speech,loudness,20260922,1,hgb,relative,neutral,0.47761194029850784
ravdess_speech,loudness,20260922,1,hgb,relative,sad,0.5333333333333334
ravdess_speech,loudness,20260922,1,hgb,relative,surprise,0.40963855421686773
ravdess_speech,loudness,20260922,1,hgb,relative_plus_baseline,angry,0.6060606060606062
ravdess_speech,loudness,20260922,1,hgb,relative_plus_baseline,happy,0.41860465116279094
ravdess_speech,loudness,20260922,1,hgb,relative_plus_baseline,neutral,0.627450980392157
ravdess_speech,loudness,20260922,1,hgb,relative_plus_baseline,sad,0.46575342465753444
ravdess_speech,loudness,20260922,1,hgb,relative_plus_baseline,surprise,0.33333333333333354
ravdess_speech,loudness,20260922,2,logistic,absolute,angry,0.6086956521739136
ravdess_speech,loudness,20260922,2,logistic,absolute,happy,0.23684210526315794
ravdess_speech,loudness,20260922,2,logistic,absolute,neutral,0.4363636363636364
ravdess_speech,loudness,20260922,2,logistic,absolute,sad,0.30985915492957755
ravdess_speech,loudness,20260922,2,logistic,absolute,surprise,0.27272727272727276
ravdess_speech,loudness,20260922,2,logistic,relative,angry,0.6097560975609759
ravdess_speech,loudness,20260922,2,logistic,relative,happy,0.1686746987951808
ravdess_speech,loudness,20260922,2,logistic,relative,neutral,0.4067796610169493
ravdess_speech,loudness,20260922,2,logistic,relative,sad,0.19178082191780826
ravdess_speech,loudness,20260922,2,logistic,relative,surprise,0.28571428571428575
ravdess_speech,loudness,20260922,2,logistic,relative_plus_baseline,angry,0.6190476190476194
ravdess_speech,loudness,20260922,2,logistic,relative_plus_baseline,happy,0.18181818181818185
ravdess_speech,loudness,20260922,2,logistic,relative_plus_baseline,neutral,0.5633802816901413
ravdess_speech,loudness,20260922,2,logistic,relative_plus_baseline,sad,0.1904761904761905
ravdess_speech,loudness,20260922,2,logistic,relative_plus_baseline,surprise,0.49230769230769245
ravdess_speech,loudness,20260922,2,hgb,absolute,angry,0.6268656716417912
ravdess_speech,loudness,20260922,2,hgb,absolute,happy,0.3695652173913047
ravdess_speech,loudness,20260922,2,hgb,absolute,neutral,0.42857142857142855
ravdess_speech,loudness,20260922,2,hgb,absolute,sad,0.5432098765432102
ravdess_speech,loudness,20260922,2,hgb,absolute,surprise,0.3076923076923078
ravdess_speech,loudness,20260922,2,hgb,relative,angry,0.7826086956521742
ravdess_speech,loudness,20260922,2,hgb,relative,happy,0.3076923076923078
ravdess_speech,loudness,20260922,2,hgb,relative,neutral,0.36
ravdess_speech,loudness,20260922,2,hgb,relative,sad,0.41463414634146367
ravdess_speech,loudness,20260922,2,hgb,relative,surprise,0.4197530864197533
ravdess_speech,loudness,20260922,2,hgb,relative_plus_baseline,angry,0.7164179104477614
ravdess_speech,loudness,20260922,2,hgb,relative_plus_baseline,happy,0.41379310344827613
ravdess_speech,loudness,20260922,2,hgb,relative_plus_baseline,neutral,0.6111111111111112
ravdess_speech,loudness,20260922,2,hgb,relative_plus_baseline,sad,0.6117647058823533
ravdess_speech,loudness,20260922,2,hgb,relative_plus_baseline,surprise,0.3529411764705885
ravdess_speech,loudness,20260922,3,logistic,absolute,angry,0.40938166311300667
ravdess_speech,loudness,20260922,3,logistic,absolute,happy,0.09493670886075947
ravdess_speech,loudness,20260922,3,logistic,absolute,neutral,0.5323741007194244
ravdess_speech,loudness,20260922,3,logistic,absolute,sad,0.21951219512195128
ravdess_speech,loudness,20260922,3,logistic,absolute,surprise,0.25427872860635703
ravdess_speech,loudness,20260922,3,logistic,relative,angry,0.38805970149253755
ravdess_speech,loudness,20260922,3,logistic,relative,happy,0.0898203592814371
ravdess_speech,loudness,20260922,3,logistic,relative,neutral,0.5421245421245421
ravdess_speech,loudness,20260922,3,logistic,relative,sad,0.280373831775701
ravdess_speech,loudness,20260922,3,logistic,relative,surprise,0.2233250620347395
ravdess_speech,loudness,20260922,3,logistic,relative_plus_baseline,angry,0.38805970149253755
ravdess_speech,loudness,20260922,3,logistic,relative_plus_baseline,happy,0.09554140127388532
ravdess_speech,loudness,20260922,3,logistic,relative_plus_baseline,neutral,0.3969465648854962
ravdess_speech,loudness,20260922,3,logistic,relative_plus_baseline,sad,0.0872093023255814
ravdess_speech,loudness,20260922,3,logistic,relative_plus_baseline,surprise,0.19464720194647206
ravdess_speech,loudness,20260922,3,hgb,absolute,angry,0.4502617801047122
ravdess_speech,loudness,20260922,3,hgb,absolute,happy,0.29708222811671087
ravdess_speech,loudness,20260922,3,hgb,absolute,neutral,0.5051903114186852
ravdess_speech,loudness,20260922,3,hgb,absolute,sad,0.34285714285714286
ravdess_speech,loudness,20260922,3,hgb,absolute,surprise,0.27917620137299787
ravdess_speech,loudness,20260922,3,hgb,relative,angry,0.4490861618798957
ravdess_speech,loudness,20260922,3,hgb,relative,happy,0.29239766081871343
ravdess_speech,loudness,20260922,3,hgb,relative,neutral,0.41590214067278286
ravdess_speech,loudness,20260922,3,hgb,relative,sad,0.39464882943143814
ravdess_speech,loudness,20260922,3,hgb,relative,surprise,0.3652561247216038
ravdess_speech,loudness,20260922,3,hgb,relative_plus_baseline,angry,0.4155251141552514
ravdess_speech,loudness,20260922,3,hgb,relative_plus_baseline,happy,0.32653061224489793
ravdess_speech,loudness,20260922,3,hgb,relative_plus_baseline,neutral,0.5606060606060607
ravdess_speech,loudness,20260922,3,hgb,relative_plus_baseline,sad,0.37820512820512825
ravdess_speech,loudness,20260922,3,hgb,relative_plus_baseline,surprise,0.3024830699774267
ravdess_speech,loudness,20260922,4,logistic,absolute,angry,0.5413005272407733
ravdess_speech,loudness,20260922,4,logistic,absolute,happy,0.2659217877094972
ravdess_speech,loudness,20260922,4,logistic,absolute,neutral,0.3968072976054731
ravdess_speech,loudness,20260922,4,logistic,absolute,sad,0.42030456852791875
ravdess_speech,loudness,20260922,4,logistic,absolute,surprise,0.3476523476523476
ravdess_speech,loudness,20260922,4,logistic,relative,angry,0.5900452488687783
ravdess_speech,loudness,20260922,4,logistic,relative,happy,0.27137970353477764
ravdess_speech,loudness,20260922,4,logistic,relative,neutral,0.43122676579925645
ravdess_speech,loudness,20260922,4,logistic,relative,sad,0.4673913043478261
ravdess_speech,loudness,20260922,4,logistic,relative,surprise,0.4167497507477567
ravdess_speech,loudness,20260922,4,logistic,relative_plus_baseline,angry,0.5680147058823529
ravdess_speech,loudness,20260922,4,logistic,relative_plus_baseline,happy,0.28902953586497887
ravdess_speech,loudness,20260922,4,logistic,relative_plus_baseline,neutral,0.553142857142857
ravdess_speech,loudness,20260922,4,logistic,relative_plus_baseline,sad,0.3433734939759036
ravdess_speech,loudness,20260922,4,logistic,relative_plus_baseline,surprise,0.3902932254802831
ravdess_speech,loudness,20260922,4,hgb,absolute,angry,0.520754716981132
ravdess_speech,loudness,20260922,4,hgb,absolute,happy,0.2097759674134419
ravdess_speech,loudness,20260922,4,hgb,absolute,neutral,0.33009708737864074
ravdess_speech,loudness,20260922,4,hgb,absolute,sad,0.4128514056224901
ravdess_speech,loudness,20260922,4,hgb,absolute,surprise,0.3573287077189939
ravdess_speech,loudness,20260922,4,hgb,relative,angry,0.4704641350210971
ravdess_speech,loudness,20260922,4,hgb,relative,happy,0.13786213786213783
ravdess_speech,loudness,20260922,4,hgb,relative,neutral,0.26873385012919887
ravdess_speech,loudness,20260922,4,hgb,relative,sad,0.4378698224852071
ravdess_speech,loudness,20260922,4,hgb,relative,surprise,0.45038826574633306
ravdess_speech,loudness,20260922,4,hgb,relative_plus_baseline,angry,0.3909090909090909
ravdess_speech,loudness,20260922,4,hgb,relative_plus_baseline,happy,0.10019646365422394
ravdess_speech,loudness,20260922,4,hgb,relative_plus_baseline,neutral,0.3660477453580901
ravdess_speech,loudness,20260922,4,hgb,relative_plus_baseline,sad,0.3195488721804511
ravdess_speech,loudness,20260922,4,hgb,relative_plus_baseline,surprise,0.3271186440677966
ravdess_speech,rate,20260920,0,logistic,absolute,angry,0.3790622778033378
ravdess_speech,rate,20260920,0,logistic,absolute,happy,0.10903314751543487
ravdess_speech,rate,20260920,0,logistic,absolute,neutral,0.33695391468219965
ravdess_speech,rate,20260920,0,logistic,absolute,sad,0.16749635578536265
ravdess_speech,rate,20260920,0,logistic,absolute,surprise,0.35685914156983684
ravdess_speech,rate,20260920,0,logistic,relative,angry,0.42625121369935576
ravdess_speech,rate,20260920,0,logistic,relative,happy,0.22176172027509988
ravdess_speech,rate,20260920,0,logistic,relative,neutral,0.08925557847365458
ravdess_speech,rate,20260920,0,logistic,relative,sad,0.25696817119223164
ravdess_speech,rate,20260920,0,logistic,relative,surprise,0.4002064693737102
ravdess_speech,rate,20260920,0,logistic,relative_plus_baseline,angry,0.4106200303558889
ravdess_speech,rate,20260920,0,logistic,relative_plus_baseline,happy,0.08048425822596464
ravdess_speech,rate,20260920,0,logistic,relative_plus_baseline,neutral,0.09129267357115457
ravdess_speech,rate,20260920,0,logistic,relative_plus_baseline,sad,0.287155363909578
ravdess_speech,rate,20260920,0,logistic,relative_plus_baseline,surprise,0.3970794868091036
ravdess_speech,rate,20260920,0,hgb,absolute,angry,0.4066632231404959
ravdess_speech,rate,20260920,0,hgb,absolute,happy,0.27998633101720016
ravdess_speech,rate,20260920,0,hgb,absolute,neutral,0.072545493339836
ravdess_speech,rate,20260920,0,hgb,absolute,sad,0.1101677117398218
ravdess_speech,rate,20260920,0,hgb,absolute,surprise,0.3583380486621944
ravdess_speech,rate,20260920,0,hgb,relative,angry,0.42056217204816143
ravdess_speech,rate,20260920,0,hgb,relative,happy,0.10852479749465507
ravdess_speech,rate,20260920,0,hgb,relative,neutral,0.26424118658641454
ravdess_speech,rate,20260920,0,hgb,relative,sad,0.08265856950067478
ravdess_speech,rate,20260920,0,hgb,relative,surprise,0.3894378793654522
ravdess_speech,rate,20260920,0,hgb,relative_plus_baseline,angry,0.3494514425030476
ravdess_speech,rate,20260920,0,hgb,relative_plus_baseline,happy,0.1651221566975569
ravdess_speech,rate,20260920,0,hgb,relative_plus_baseline,neutral,0.22237834865748232
ravdess_speech,rate,20260920,0,hgb,relative_plus_baseline,sad,0.3062942146911613
ravdess_speech,rate,20260920,0,hgb,relative_plus_baseline,surprise,0.4006816147895705
ravdess_speech,rate,20260920,1,logistic,absolute,angry,0.4468085106382983
ravdess_speech,rate,20260920,1,logistic,absolute,happy,0.0
ravdess_speech,rate,20260920,1,logistic,absolute,neutral,0.08163265306122446
ravdess_speech,rate,20260920,1,logistic,absolute,sad,0.06896551724137931
ravdess_speech,rate,20260920,1,logistic,absolute,surprise,0.3333333333333338
ravdess_speech,rate,20260920,1,logistic,relative,angry,0.4600000000000005
ravdess_speech,rate,20260920,1,logistic,relative,happy,0.29032258064516137
ravdess_speech,rate,20260920,1,logistic,relative,neutral,0.18181818181818174
ravdess_speech,rate,20260920,1,logistic,relative,sad,0.16949152542372883
ravdess_speech,rate,20260920,1,logistic,relative,surprise,0.35789473684210565
ravdess_speech,rate,20260920,1,logistic,relative_plus_baseline,angry,0.4680851063829792
ravdess_speech,rate,20260920,1,logistic,relative_plus_baseline,happy,0.2816901408450705
ravdess_speech,rate,20260920,1,logistic,relative_plus_baseline,neutral,0.19999999999999993
ravdess_speech,rate,20260920,1,logistic,relative_plus_baseline,sad,0.13333333333333333
ravdess_speech,rate,20260920,1,logistic,relative_plus_baseline,surprise,0.35789473684210565
ravdess_speech,rate,20260920,1,hgb,absolute,angry,0.4000000000000001
ravdess_speech,rate,20260920,1,hgb,absolute,happy,0.09523809523809523
ravdess_speech,rate,20260920,1,hgb,absolute,neutral,0.21052631578947362
ravdess_speech,rate,20260920,1,hgb,absolute,sad,0.1095890410958904
ravdess_speech,rate,20260920,1,hgb,absolute,surprise,0.39655172413793155
ravdess_speech,rate,20260920,1,hgb,relative,angry,0.39393939393939403
ravdess_speech,rate,20260920,1,hgb,relative,happy,0.24175824175824195
ravdess_speech,rate,20260920,1,hgb,relative,neutral,0.12307692307692311
ravdess_speech,rate,20260920,1,hgb,relative,sad,0.19178082191780826
ravdess_speech,rate,20260920,1,hgb,relative,surprise,0.276923076923077
ravdess_speech,rate,20260920,1,hgb,relative_plus_baseline,angry,0.45783132530120507
ravdess_speech,rate,20260920,1,hgb,relative_plus_baseline,happy,0.11538461538461538
ravdess_speech,rate,20260920,1,hgb,relative_plus_baseline,neutral,0.282352941176471
ravdess_speech,rate,20260920,1,hgb,relative_plus_baseline,sad,0.10344827586206895
ravdess_speech,rate,20260920,1,hgb,relative_plus_baseline,surprise,0.2682926829268294
ravdess_speech,rate,20260920,2,logistic,absolute,angry,0.45042016806722734
ravdess_speech,rate,20260920,2,logistic,absolute,happy,0.21052631578947364
ravdess_speech,rate,20260920,2,logistic,absolute,neutral,0.21192052980132445
ravdess_speech,rate,20260920,2,logistic,absolute,sad,0.12546125461254612
ravdess_speech,rate,20260920,2,logistic,absolute,surprise,0.5929018789144054
ravdess_speech,rate,20260920,2,logistic,relative,angry,0.4871794871794875
ravdess_speech,rate,20260920,2,logistic,relative,happy,0.22089552238805965
ravdess_speech,rate,20260920,2,logistic,relative,neutral,0.3761467889908257
ravdess_speech,rate,20260920,2,logistic,relative,sad,0.16233766233766234
ravdess_speech,rate,20260920,2,logistic,relative,surprise,0.5859872611464972
ravdess_speech,rate,20260920,2,logistic,relative_plus_baseline,angry,0.4930417495029825
ravdess_speech,rate,20260920,2,logistic,relative_plus_baseline,happy,0.036630036630036625
ravdess_speech,rate,20260920,2,logistic,relative_plus_baseline,neutral,0.2985074626865672
ravdess_speech,rate,20260920,2,logistic,relative_plus_baseline,sad,0.1492537313432836
ravdess_speech,rate,20260920,2,logistic,relative_plus_baseline,surprise,0.5655737704918036
ravdess_speech,rate,20260920,2,hgb,absolute,angry,0.5268292682926831
ravdess_speech,rate,20260920,2,hgb,absolute,happy,0.17066666666666663
ravdess_speech,rate,20260920,2,hgb,absolute,neutral,0.11428571428571425
ravdess_speech,rate,20260920,2,hgb,absolute,sad,0.3222748815165878
ravdess_speech,rate,20260920,2,hgb,absolute,surprise,0.19808306709265175
ravdess_speech,rate,20260920,2,hgb,relative,angry,0.5244444444444447
ravdess_speech,rate,20260920,2,hgb,relative,happy,0.18055555555555552
ravdess_speech,rate,20260920,2,hgb,relative,neutral,0.1560283687943262
ravdess_speech,rate,20260920,2,hgb,relative,sad,0.22604422604422608
ravdess_speech,rate,20260920,2,hgb,relative,surprise,0.2841823056300268
ravdess_speech,rate,20260920,2,hgb,relative_plus_baseline,angry,0.5256673511293639
ravdess_speech,rate,20260920,2,hgb,relative_plus_baseline,happy,0.1780821917808219
ravdess_speech,rate,20260920,2,hgb,relative_plus_baseline,neutral,0.24422442244224418
ravdess_speech,rate,20260920,2,hgb,relative_plus_baseline,sad,0.34666666666666685
ravdess_speech,rate,20260920,2,hgb,relative_plus_baseline,surprise,0.23880597014925373
ravdess_speech,rate,20260920,3,logistic,absolute,angry,0.45454545454545514
ravdess_speech,rate,20260920,3,logistic,absolute,happy,0.07407407407407407
ravdess_speech,rate,20260920,3,logistic,absolute,neutral,0.09523809523809533
ravdess_speech,rate,20260920,3,logistic,absolute,sad,0.29629629629629634
ravdess_speech,rate,20260920,3,logistic,absolute,surprise,0.24137931034482762
ravdess_speech,rate,20260920,3,logistic,relative,angry,0.5185185185185192
ravdess_speech,rate,20260920,3,logistic,relative,happy,0.20338983050847462
ravdess_speech,rate,20260920,3,logistic,relative,neutral,0.12195121951219526
ravdess_speech,rate,20260920,3,logistic,relative,sad,0.21818181818181823
ravdess_speech,rate,20260920,3,logistic,relative,surprise,0.28571428571428575
ravdess_speech,rate,20260920,3,logistic,relative_plus_baseline,angry,0.5090909090909097
ravdess_speech,rate,20260920,3,logistic,relative_plus_baseline,happy,0.13793103448275862
ravdess_speech,rate,20260920,3,logistic,relative_plus_baseline,neutral,0.11764705882352955
ravdess_speech,rate,20260920,3,logistic,relative_plus_baseline,sad,0.14814814814814814
ravdess_speech,rate,20260920,3,logistic,relative_plus_baseline,surprise,0.22641509433962267
ravdess_speech,rate,20260920,3,hgb,absolute,angry,0.4950495049504956
ravdess_speech,rate,20260920,3,hgb,absolute,happy,0.1509433962264151
ravdess_speech,rate,20260920,3,hgb,absolute,neutral,0.08163265306122446
ravdess_speech,rate,20260920,3,hgb,absolute,sad,0.11764705882352942
ravdess_speech,rate,20260920,3,hgb,absolute,surprise,0.4905660377358498
ravdess_speech,rate,20260920,3,hgb,relative,angry,0.44186046511627936
ravdess_speech,rate,20260920,3,hgb,relative,happy,0.21818181818181823
ravdess_speech,rate,20260920,3,hgb,relative,neutral,0.07017543859649122
ravdess_speech,rate,20260920,3,hgb,relative,sad,0.2531645569620254
ravdess_speech,rate,20260920,3,hgb,relative,surprise,0.33734939759036164
ravdess_speech,rate,20260920,3,hgb,relative_plus_baseline,angry,0.45360824742268085
ravdess_speech,rate,20260920,3,hgb,relative_plus_baseline,happy,0.14285714285714285
ravdess_speech,rate,20260920,3,hgb,relative_plus_baseline,neutral,0.0634920634920635
ravdess_speech,rate,20260920,3,hgb,relative_plus_baseline,sad,0.2857142857142858
ravdess_speech,rate,20260920,3,hgb,relative_plus_baseline,surprise,0.29850746268656725
ravdess_speech,rate,20260920,4,logistic,absolute,angry,0.5346534653465354
ravdess_speech,rate,20260920,4,logistic,absolute,happy,0.19999999999999996
ravdess_speech,rate,20260920,4,logistic,absolute,neutral,0.0
ravdess_speech,rate,20260920,4,logistic,absolute,sad,0.22222222222222218
ravdess_speech,rate,20260920,4,logistic,absolute,surprise,0.37499999999999994
ravdess_speech,rate,20260920,4,logistic,relative,angry,0.5934065934065941
ravdess_speech,rate,20260920,4,logistic,relative,happy,0.04878048780487803
ravdess_speech,rate,20260920,4,logistic,relative,neutral,0.3999999999999999
ravdess_speech,rate,20260920,4,logistic,relative,sad,0.19999999999999996
ravdess_speech,rate,20260920,4,logistic,relative,surprise,0.473684210526316
ravdess_speech,rate,20260920,4,logistic,relative_plus_baseline,angry,0.586956521739131
ravdess_speech,rate,20260920,4,logistic,relative_plus_baseline,happy,0.0
ravdess_speech,rate,20260920,4,logistic,relative_plus_baseline,neutral,0.32258064516129026
ravdess_speech,rate,20260920,4,logistic,relative_plus_baseline,sad,0.2264150943396226
ravdess_speech,rate,20260920,4,logistic,relative_plus_baseline,surprise,0.4166666666666668
ravdess_speech,rate,20260920,4,hgb,absolute,angry,0.5
ravdess_speech,rate,20260920,4,hgb,absolute,happy,0.19047619047619044
ravdess_speech,rate,20260920,4,hgb,absolute,neutral,0.14999999999999997
ravdess_speech,rate,20260920,4,hgb,absolute,sad,0.2857142857142857
ravdess_speech,rate,20260920,4,hgb,absolute,surprise,0.3793103448275862
ravdess_speech,rate,20260920,4,hgb,relative,angry,0.5301204819277112
ravdess_speech,rate,20260920,4,hgb,relative,happy,0.14925373134328354
ravdess_speech,rate,20260920,4,hgb,relative,neutral,0.17142857142857137
ravdess_speech,rate,20260920,4,hgb,relative,sad,0.16666666666666666
ravdess_speech,rate,20260920,4,hgb,relative,surprise,0.2325581395348837
ravdess_speech,rate,20260920,4,hgb,relative_plus_baseline,angry,0.5227272727272732
ravdess_speech,rate,20260920,4,hgb,relative_plus_baseline,happy,0.25925925925925924
ravdess_speech,rate,20260920,4,hgb,relative_plus_baseline,neutral,0.26315789473684204
ravdess_speech,rate,20260920,4,hgb,relative_plus_baseline,sad,0.1052631578947368
ravdess_speech,rate,20260920,4,hgb,relative_plus_baseline,surprise,0.35294117647058826
ravdess_speech,rate,20260921,0,logistic,absolute,angry,0.3894117647058826
ravdess_speech,rate,20260921,0,logistic,absolute,happy,0.0681265206812652
ravdess_speech,rate,20260921,0,logistic,absolute,neutral,0.19929453262786592
ravdess_speech,rate,20260921,0,logistic,absolute,sad,0.13783533765032377
ravdess_speech,rate,20260921,0,logistic,absolute,surprise,0.41652123327516016
ravdess_speech,rate,20260921,0,logistic,relative,angry,0.3819784524975516
ravdess_speech,rate,20260921,0,logistic,relative,happy,0.2245250431778929
ravdess_speech,rate,20260921,0,logistic,relative,neutral,0.20067796610169492
ravdess_speech,rate,20260921,0,logistic,relative,sad,0.11631497683993826
ravdess_speech,rate,20260921,0,logistic,relative,surprise,0.4538522219300555
ravdess_speech,rate,20260921,0,logistic,relative_plus_baseline,angry,0.39322671683913474
ravdess_speech,rate,20260921,0,logistic,relative_plus_baseline,happy,0.22797018851380968
ravdess_speech,rate,20260921,0,logistic,relative_plus_baseline,neutral,0.10339734121122597
ravdess_speech,rate,20260921,0,logistic,relative_plus_baseline,sad,0.07815079801871215
ravdess_speech,rate,20260921,0,logistic,relative_plus_baseline,surprise,0.43596867895933344
ravdess_speech,rate,20260921,0,hgb,absolute,angry,0.41128238766808806
ravdess_speech,rate,20260921,0,hgb,absolute,happy,0.0
ravdess_speech,rate,20260921,0,hgb,absolute,neutral,0.2416998671978751
ravdess_speech,rate,20260921,0,hgb,absolute,sad,0.23795620437956203
ravdess_speech,rate,20260921,0,hgb,absolute,surprise,0.4224670787422738
ravdess_speech,rate,20260921,0,hgb,relative,angry,0.38075458636206305
ravdess_speech,rate,20260921,0,hgb,relative,happy,0.18702095043433825
ravdess_speech,rate,20260921,0,hgb,relative,neutral,0.2952602952602952
ravdess_speech,rate,20260921,0,hgb,relative,sad,0.26646818012653517
ravdess_speech,rate,20260921,0,hgb,relative,surprise,0.4169312169312173
ravdess_speech,rate,20260921,0,hgb,relative_plus_baseline,angry,0.28965517241379307
ravdess_speech,rate,20260921,0,hgb,relative_plus_baseline,happy,0.1928888888888889
ravdess_speech,rate,20260921,0,hgb,relative_plus_baseline,neutral,0.295
ravdess_speech,rate,20260921,0,hgb,relative_plus_baseline,sad,0.1355463347164592
ravdess_speech,rate,20260921,0,hgb,relative_plus_baseline,surprise,0.39315827511443063
ravdess_speech,rate,20260921,1,logistic,absolute,angry,0.49206349206349287
ravdess_speech,rate,20260921,1,logistic,absolute,happy,0.19672131147540986
ravdess_speech,rate,20260921,1,logistic,absolute,neutral,0.0
ravdess_speech,rate,20260921,1,logistic,absolute,sad,0.20833333333333334
ravdess_speech,rate,20260921,1,logistic,absolute,surprise,0.5544554455445551
ravdess_speech,rate,20260921,1,logistic,relative,angry,0.5123966942148768
ravdess_speech,rate,20260921,1,logistic,relative,happy,0.24137931034482762
ravdess_speech,rate,20260921,1,logistic,relative,neutral,0.18749999999999994
ravdess_speech,rate,20260921,1,logistic,relative,sad,0.0
ravdess_speech,rate,20260921,1,logistic,relative,surprise,0.5208333333333338
ravdess_speech,rate,20260921,1,logistic,relative_plus_baseline,angry,0.5000000000000008
ravdess_speech,rate,20260921,1,logistic,relative_plus_baseline,happy,0.18181818181818185
ravdess_speech,rate,20260921,1,logistic,relative_plus_baseline,neutral,0.23529411764705876
ravdess_speech,rate,20260921,1,logistic,relative_plus_baseline,sad,0.03508771929824561
ravdess_speech,rate,20260921,1,logistic,relative_plus_baseline,surprise,0.5319148936170218
ravdess_speech,rate,20260921,1,hgb,absolute,angry,0.5306122448979598
ravdess_speech,rate,20260921,1,hgb,absolute,happy,0.20338983050847462
ravdess_speech,rate,20260921,1,hgb,absolute,neutral,0.15151515151515157
ravdess_speech,rate,20260921,1,hgb,absolute,sad,0.13333333333333333
ravdess_speech,rate,20260921,1,hgb,absolute,surprise,0.4155844155844157
ravdess_speech,rate,20260921,1,hgb,relative,angry,0.4859813084112157
ravdess_speech,rate,20260921,1,hgb,relative,happy,0.3157894736842106
ravdess_speech,rate,20260921,1,hgb,relative,neutral,0.15999999999999995
ravdess_speech,rate,20260921,1,hgb,relative,sad,0.051948051948051945
ravdess_speech,rate,20260921,1,hgb,relative,surprise,0.318840579710145
ravdess_speech,rate,20260921,1,hgb,relative_plus_baseline,angry,0.5309734513274343
ravdess_speech,rate,20260921,1,hgb,relative_plus_baseline,happy,0.25000000000000006
ravdess_speech,rate,20260921,1,hgb,relative_plus_baseline,neutral,0.2500000000000002
ravdess_speech,rate,20260921,1,hgb,relative_plus_baseline,sad,0.0
ravdess_speech,rate,20260921,1,hgb,relative_plus_baseline,surprise,0.33846153846153854
ravdess_speech,rate,20260921,2,logistic,absolute,angry,0.36144578313253034
ravdess_speech,rate,20260921,2,logistic,absolute,happy,0.11538461538461538
ravdess_speech,rate,20260921,2,logistic,absolute,neutral,0.10526315789473681
ravdess_speech,rate,20260921,2,logistic,absolute,sad,0.2666666666666667
ravdess_speech,rate,20260921,2,logistic,absolute,surprise,0.3779527559055124
ravdess_speech,rate,20260921,2,logistic,relative,angry,0.4166666666666671
ravdess_speech,rate,20260921,2,logistic,relative,happy,0.0784313725490196
ravdess_speech,rate,20260921,2,logistic,relative,neutral,0.1395348837209302
ravdess_speech,rate,20260921,2,logistic,relative,sad,0.10344827586206895
ravdess_speech,rate,20260921,2,logistic,relative,surprise,0.33928571428571475
ravdess_speech,rate,20260921,2,logistic,relative_plus_baseline,angry,0.4255319148936174
ravdess_speech,rate,20260921,2,logistic,relative_plus_baseline,happy,0.13114754098360656
ravdess_speech,rate,20260921,2,logistic,relative_plus_baseline,neutral,0.15789473684210523
ravdess_speech,rate,20260921,2,logistic,relative_plus_baseline,sad,0.07272727272727272
ravdess_speech,rate,20260921,2,logistic,relative_plus_baseline,surprise,0.33928571428571475
ravdess_speech,rate,20260921,2,hgb,absolute,angry,0.253968253968254
ravdess_speech,rate,20260921,2,hgb,absolute,happy,0.1568627450980392
ravdess_speech,rate,20260921,2,hgb,absolute,neutral,0.03846153846153845
ravdess_speech,rate,20260921,2,hgb,absolute,sad,0.06666666666666667
ravdess_speech,rate,20260921,2,hgb,absolute,surprise,0.388059701492538
ravdess_speech,rate,20260921,2,hgb,relative,angry,0.3809523809523812
ravdess_speech,rate,20260921,2,hgb,relative,happy,0.3142857142857144
ravdess_speech,rate,20260921,2,hgb,relative,neutral,0.18518518518518515
ravdess_speech,rate,20260921,2,hgb,relative,sad,0.14705882352941177
ravdess_speech,rate,20260921,2,hgb,relative,surprise,0.26190476190476203
ravdess_speech,rate,20260921,2,hgb,relative_plus_baseline,angry,0.40476190476190504
ravdess_speech,rate,20260921,2,hgb,relative_plus_baseline,happy,0.20689655172413796
ravdess_speech,rate,20260921,2,hgb,relative_plus_baseline,neutral,0.11320754716981127
ravdess_speech,rate,20260921,2,hgb,relative_plus_baseline,sad,0.2465753424657535
ravdess_speech,rate,20260921,2,hgb,relative_plus_baseline,surprise,0.3260869565217394
ravdess_speech,rate,20260921,3,logistic,absolute,angry,0.5161290322580653
ravdess_speech,rate,20260921,3,logistic,absolute,happy,0.0392156862745098
ravdess_speech,rate,20260921,3,logistic,absolute,neutral,0.0
ravdess_speech,rate,20260921,3,logistic,absolute,sad,0.22580645161290325
ravdess_speech,rate,20260921,3,logistic,absolute,surprise,0.4285714285714288
ravdess_speech,rate,20260921,3,logistic,relative,angry,0.5660377358490574
ravdess_speech,rate,20260921,3,logistic,relative,happy,0.12499999999999999
ravdess_speech,rate,20260921,3,logistic,relative,neutral,0.24999999999999994
ravdess_speech,rate,20260921,3,logistic,relative,sad,0.32258064516129037
ravdess_speech,rate,20260921,3,logistic,relative,surprise,0.5000000000000003
ravdess_speech,rate,20260921,3,logistic,relative_plus_baseline,angry,0.5504587155963311
ravdess_speech,rate,20260921,3,logistic,relative_plus_baseline,happy,0.14285714285714285
ravdess_speech,rate,20260921,3,logistic,relative_plus_baseline,neutral,0.2051282051282051
ravdess_speech,rate,20260921,3,logistic,relative_plus_baseline,sad,0.3333333333333334
ravdess_speech,rate,20260921,3,logistic,relative_plus_baseline,surprise,0.5238095238095241
ravdess_speech,rate,20260921,3,hgb,absolute,angry,0.534883720930233
ravdess_speech,rate,20260921,3,hgb,absolute,happy,0.15584415584415587
ravdess_speech,rate,20260921,3,hgb,absolute,neutral,0.15873015873015878
ravdess_speech,rate,20260921,3,hgb,absolute,sad,0.28571428571428575
ravdess_speech,rate,20260921,3,hgb,absolute,surprise,0.3589743589743591
ravdess_speech,rate,20260921,3,hgb,relative,angry,0.5744680851063835
ravdess_speech,rate,20260921,3,hgb,relative,happy,0.23376623376623382
ravdess_speech,rate,20260921,3,hgb,relative,neutral,0.22222222222222218
ravdess_speech,rate,20260921,3,hgb,relative,sad,0.3333333333333334
ravdess_speech,rate,20260921,3,hgb,relative,surprise,0.38095238095238104
ravdess_speech,rate,20260921,3,hgb,relative_plus_baseline,angry,0.5742574257425749
ravdess_speech,rate,20260921,3,hgb,relative_plus_baseline,happy,0.15789473684210528
ravdess_speech,rate,20260921,3,hgb,relative_plus_baseline,neutral,0.347826086956522
ravdess_speech,rate,20260921,3,hgb,relative_plus_baseline,sad,0.0784313725490196
ravdess_speech,rate,20260921,3,hgb,relative_plus_baseline,surprise,0.41269841269841284
ravdess_speech,rate,20260921,4,logistic,absolute,angry,0.46837606837606843
ravdess_speech,rate,20260921,4,logistic,absolute,happy,0.09366391184573
ravdess_speech,rate,20260921,4,logistic,absolute,neutral,0.22849807445442866
ravdess_speech,rate,20260921,4,logistic,absolute,sad,0.17241379310344823
ravdess_speech,rate,20260921,4,logistic,absolute,surprise,0.4130589070262601
ravdess_speech,rate,20260921,4,logistic,relative,angry,0.5837512537612839
ravdess_speech,rate,20260921,4,logistic,relative,happy,0.18708827404479575
ravdess_speech,rate,20260921,4,logistic,relative,neutral,0.1125827814569536
ravdess_speech,rate,20260921,4,logistic,relative,sad,0.12529002320185612
ravdess_speech,rate,20260921,4,logistic,relative,surprise,0.494623655913979
ravdess_speech,rate,20260921,4,logistic,relative_plus_baseline,angry,0.6178535606820461
ravdess_speech,rate,20260921,4,logistic,relative_plus_baseline,happy,0.1380243572395128
ravdess_speech,rate,20260921,4,logistic,relative_plus_baseline,neutral,0.1125827814569536
ravdess_speech,rate,20260921,4,logistic,relative_plus_baseline,sad,0.23809523809523803
ravdess_speech,rate,20260921,4,logistic,relative_plus_baseline,surprise,0.494623655913979
ravdess_speech,rate,20260921,4,hgb,absolute,angry,0.49832402234636874
ravdess_speech,rate,20260921,4,hgb,absolute,happy,0.09716599190283398
ravdess_speech,rate,20260921,4,hgb,absolute,neutral,0.11908931698774075
ravdess_speech,rate,20260921,4,hgb,absolute,sad,0.2435129740518962
ravdess_speech,rate,20260921,4,hgb,absolute,surprise,0.4694724362774161
ravdess_speech,rate,20260921,4,hgb,relative,angry,0.41596130592503017
ravdess_speech,rate,20260921,4,hgb,relative,happy,0.11874272409778809
ravdess_speech,rate,20260921,4,hgb,relative,neutral,0.27242524916943517
ravdess_speech,rate,20260921,4,hgb,relative,sad,0.14228456913827653
ravdess_speech,rate,20260921,4,hgb,relative,surprise,0.36822001527883896
ravdess_speech,rate,20260921,4,hgb,relative_plus_baseline,angry,0.4150485436893203
ravdess_speech,rate,20260921,4,hgb,relative_plus_baseline,happy,0.16222479721900343
ravdess_speech,rate,20260921,4,hgb,relative_plus_baseline,neutral,0.3477297895902547
ravdess_speech,rate,20260921,4,hgb,relative_plus_baseline,sad,0.19372693726937262
ravdess_speech,rate,20260921,4,hgb,relative_plus_baseline,surprise,0.36661211129296245
ravdess_speech,rate,20260922,0,logistic,absolute,angry,0.45007680491551516
ravdess_speech,rate,20260922,0,logistic,absolute,happy,0.11565739225313693
ravdess_speech,rate,20260922,0,logistic,absolute,neutral,0.18244406196213417
ravdess_speech,rate,20260922,0,logistic,absolute,sad,0.19730107026523966
ravdess_speech,rate,20260922,0,logistic,absolute,surprise,0.4940845070422541
ravdess_speech,rate,20260922,0,logistic,relative,angry,0.4776044287871169
ravdess_speech,rate,20260922,0,logistic,relative,happy,0.2625698324022347
ravdess_speech,rate,20260922,0,logistic,relative,neutral,0.2268041237113402
ravdess_speech,rate,20260922,0,logistic,relative,sad,0.03753351206434317
ravdess_speech,rate,20260922,0,logistic,relative,surprise,0.4358052923881088
ravdess_speech,rate,20260922,0,logistic,relative_plus_baseline,angry,0.4670563230605745
ravdess_speech,rate,20260922,0,logistic,relative_plus_baseline,happy,0.2677433064173396
ravdess_speech,rate,20260922,0,logistic,relative_plus_baseline,neutral,0.2320369149637442
ravdess_speech,rate,20260922,0,logistic,relative_plus_baseline,sad,0.07559055118110236
ravdess_speech,rate,20260922,0,logistic,relative_plus_baseline,surprise,0.4358052923881088
ravdess_speech,rate,20260922,0,hgb,absolute,angry,0.5224410720051667
ravdess_speech,rate,20260922,0,hgb,absolute,happy,0.2065217391304348
ravdess_speech,rate,20260922,0,hgb,absolute,neutral,0.17298187808896223
ravdess_speech,rate,20260922,0,hgb,absolute,sad,0.12647754137115838
ravdess_speech,rate,20260922,0,hgb,absolute,surprise,0.3517218321631564
ravdess_speech,rate,20260922,0,hgb,relative,angry,0.567733591981895
ravdess_speech,rate,20260922,0,hgb,relative,happy,0.24650349650349654
ravdess_speech,rate,20260922,0,hgb,relative,neutral,0.1570155902004454
ravdess_speech,rate,20260922,0,hgb,relative,sad,0.19408284023668643
ravdess_speech,rate,20260922,0,hgb,relative,surprise,0.34141274238227165
ravdess_speech,rate,20260922,0,hgb,relative_plus_baseline,angry,0.5364806866952795
ravdess_speech,rate,20260922,0,hgb,relative_plus_baseline,happy,0.2103688933200399
ravdess_speech,rate,20260922,0,hgb,relative_plus_baseline,neutral,0.2240000000000002
ravdess_speech,rate,20260922,0,hgb,relative_plus_baseline,sad,0.14625992478061012
ravdess_speech,rate,20260922,0,hgb,relative_plus_baseline,surprise,0.2615826158261583
ravdess_speech,rate,20260922,1,logistic,absolute,angry,0.48888888888888976
ravdess_speech,rate,20260922,1,logistic,absolute,happy,0.11538461538461538
ravdess_speech,rate,20260922,1,logistic,absolute,neutral,0.12499999999999996
ravdess_speech,rate,20260922,1,logistic,absolute,sad,0.19354838709677422
ravdess_speech,rate,20260922,1,logistic,absolute,surprise,0.1904761904761905
ravdess_speech,rate,20260922,1,logistic,relative,angry,0.523364485981309
ravdess_speech,rate,20260922,1,logistic,relative,happy,0.09836065573770492
ravdess_speech,rate,20260922,1,logistic,relative,neutral,0.4074074074074074
ravdess_speech,rate,20260922,1,logistic,relative,sad,0.3000000000000001
ravdess_speech,rate,20260922,1,logistic,relative,surprise,0.38461538461538475
ravdess_speech,rate,20260922,1,logistic,relative_plus_baseline,angry,0.5094339622641516
ravdess_speech,rate,20260922,1,logistic,relative_plus_baseline,happy,0.0
ravdess_speech,rate,20260922,1,logistic,relative_plus_baseline,neutral,0.4074074074074074
ravdess_speech,rate,20260922,1,logistic,relative_plus_baseline,sad,0.36363636363636376
ravdess_speech,rate,20260922,1,logistic,relative_plus_baseline,surprise,0.38461538461538475
ravdess_speech,rate,20260922,1,hgb,absolute,angry,0.5116279069767445
ravdess_speech,rate,20260922,1,hgb,absolute,happy,0.20512820512820518
ravdess_speech,rate,20260922,1,hgb,absolute,neutral,0.09375000000000003
ravdess_speech,rate,20260922,1,hgb,absolute,sad,0.23529411764705885
ravdess_speech,rate,20260922,1,hgb,absolute,surprise,0.28125000000000006
ravdess_speech,rate,20260922,1,hgb,relative,angry,0.45360824742268085
ravdess_speech,rate,20260922,1,hgb,relative,happy,0.11428571428571427
ravdess_speech,rate,20260922,1,hgb,relative,neutral,0.11538461538461535
ravdess_speech,rate,20260922,1,hgb,relative,sad,0.18461538461538463
ravdess_speech,rate,20260922,1,hgb,relative,surprise,0.3157894736842106
ravdess_speech,rate,20260922,1,hgb,relative_plus_baseline,angry,0.4742268041237118
ravdess_speech,rate,20260922,1,hgb,relative_plus_baseline,happy,0.09375
ravdess_speech,rate,20260922,1,hgb,relative_plus_baseline,neutral,0.20689655172413796
ravdess_speech,rate,20260922,1,hgb,relative_plus_baseline,sad,0.20588235294117652
ravdess_speech,rate,20260922,1,hgb,relative_plus_baseline,surprise,0.3287671232876713
ravdess_speech,rate,20260922,2,logistic,absolute,angry,0.3400000000000004
ravdess_speech,rate,20260922,2,logistic,absolute,happy,0.10169491525423728
ravdess_speech,rate,20260922,2,logistic,absolute,neutral,0.05714285714285712
ravdess_speech,rate,20260922,2,logistic,absolute,sad,0.14035087719298245
ravdess_speech,rate,20260922,2,logistic,absolute,surprise,0.4220183486238538
ravdess_speech,rate,20260922,2,logistic,relative,angry,0.3529411764705887
ravdess_speech,rate,20260922,2,logistic,relative,happy,0.13114754098360656
ravdess_speech,rate,20260922,2,logistic,relative,neutral,0.06896551724137928
ravdess_speech,rate,20260922,2,logistic,relative,sad,0.21818181818181823
ravdess_speech,rate,20260922,2,logistic,relative,surprise,0.42477876106194745
ravdess_speech,rate,20260922,2,logistic,relative_plus_baseline,angry,0.3434343434343438
ravdess_speech,rate,20260922,2,logistic,relative_plus_baseline,happy,0.15873015873015875
ravdess_speech,rate,20260922,2,logistic,relative_plus_baseline,neutral,0.06896551724137928
ravdess_speech,rate,20260922,2,logistic,relative_plus_baseline,sad,0.2142857142857143
ravdess_speech,rate,20260922,2,logistic,relative_plus_baseline,surprise,0.42477876106194745
ravdess_speech,rate,20260922,2,hgb,absolute,angry,0.3863636363636367
ravdess_speech,rate,20260922,2,hgb,absolute,happy,0.16949152542372883
ravdess_speech,rate,20260922,2,hgb,absolute,neutral,0.16666666666666663
ravdess_speech,rate,20260922,2,hgb,absolute,sad,0.12698412698412698
ravdess_speech,rate,20260922,2,hgb,absolute,surprise,0.38596491228070223
ravdess_speech,rate,20260922,2,hgb,relative,angry,0.35051546391752614
ravdess_speech,rate,20260922,2,hgb,relative,happy,0.16666666666666669
ravdess_speech,rate,20260922,2,hgb,relative,neutral,0.22727272727272727
ravdess_speech,rate,20260922,2,hgb,relative,sad,0.2622950819672132
ravdess_speech,rate,20260922,2,hgb,relative,surprise,0.44897959183673514
ravdess_speech,rate,20260922,2,hgb,relative_plus_baseline,angry,0.3809523809523812
ravdess_speech,rate,20260922,2,hgb,relative_plus_baseline,happy,0.19354838709677422
ravdess_speech,rate,20260922,2,hgb,relative_plus_baseline,neutral,0.22222222222222215
ravdess_speech,rate,20260922,2,hgb,relative_plus_baseline,sad,0.2686567164179105
ravdess_speech,rate,20260922,2,hgb,relative_plus_baseline,surprise,0.37254901960784353
ravdess_speech,rate,20260922,3,logistic,absolute,angry,0.559819413092551
ravdess_speech,rate,20260922,3,logistic,absolute,happy,0.0456273764258555
ravdess_speech,rate,20260922,3,logistic,absolute,neutral,0.16831683168316827
ravdess_speech,rate,20260922,3,logistic,absolute,sad,0.10774410774410774
ravdess_speech,rate,20260922,3,logistic,absolute,surprise,0.5310924369747905
ravdess_speech,rate,20260922,3,logistic,relative,angry,0.6564102564102566
ravdess_speech,rate,20260922,3,logistic,relative,happy,0.2763157894736842
ravdess_speech,rate,20260922,3,logistic,relative,neutral,0.15228426395939085
ravdess_speech,rate,20260922,3,logistic,relative,sad,0.239202657807309
ravdess_speech,rate,20260922,3,logistic,relative,surprise,0.5032894736842111
ravdess_speech,rate,20260922,3,logistic,relative_plus_baseline,angry,0.6411483253588519
ravdess_speech,rate,20260922,3,logistic,relative_plus_baseline,happy,0.23948220064724912
ravdess_speech,rate,20260922,3,logistic,relative_plus_baseline,neutral,0.09900990099009899
ravdess_speech,rate,20260922,3,logistic,relative_plus_baseline,sad,0.18656716417910452
ravdess_speech,rate,20260922,3,logistic,relative_plus_baseline,surprise,0.49087893864013316
ravdess_speech,rate,20260922,3,hgb,absolute,angry,0.5470588235294118
ravdess_speech,rate,20260922,3,hgb,absolute,happy,0.11627906976744182
ravdess_speech,rate,20260922,3,hgb,absolute,neutral,0.2418300653594771
ravdess_speech,rate,20260922,3,hgb,absolute,sad,0.13968253968253969
ravdess_speech,rate,20260922,3,hgb,absolute,surprise,0.3959595959595963
ravdess_speech,rate,20260922,3,hgb,relative,angry,0.47222222222222227
ravdess_speech,rate,20260922,3,hgb,relative,happy,0.21428571428571427
ravdess_speech,rate,20260922,3,hgb,relative,neutral,0.18233618233618235
ravdess_speech,rate,20260922,3,hgb,relative,sad,0.1644562334217507
ravdess_speech,rate,20260922,3,hgb,relative,surprise,0.40625
ravdess_speech,rate,20260922,3,hgb,relative_plus_baseline,angry,0.4320557491289199
ravdess_speech,rate,20260922,3,hgb,relative_plus_baseline,happy,0.1828908554572271
ravdess_speech,rate,20260922,3,hgb,relative_plus_baseline,neutral,0.2031746031746031
ravdess_speech,rate,20260922,3,hgb,relative_plus_baseline,sad,0.17837837837837842
ravdess_speech,rate,20260922,3,hgb,relative_plus_baseline,surprise,0.4417177914110432
ravdess_speech,rate,20260922,4,logistic,absolute,angry,0.4616680707666387
ravdess_speech,rate,20260922,4,logistic,absolute,happy,0.2163522012578616
ravdess_speech,rate,20260922,4,logistic,absolute,neutral,0.19780219780219777
ravdess_speech,rate,20260922,4,logistic,absolute,sad,0.2763157894736841
ravdess_speech,rate,20260922,4,logistic,absolute,surprise,0.4081346423562416
ravdess_speech,rate,20260922,4,logistic,relative,angry,0.5136804942630185
ravdess_speech,rate,20260922,4,logistic,relative,happy,0.04576043068640644
ravdess_speech,rate,20260922,4,logistic,relative,neutral,0.1158432708688245
ravdess_speech,rate,20260922,4,logistic,relative,sad,0.041975308641975295
ravdess_speech,rate,20260922,4,logistic,relative,surprise,0.4892174984596432
ravdess_speech,rate,20260922,4,logistic,relative_plus_baseline,angry,0.5519713261648744
ravdess_speech,rate,20260922,4,logistic,relative_plus_baseline,happy,0.1798941798941798
ravdess_speech,rate,20260922,4,logistic,relative_plus_baseline,neutral,0.2184087363494539
ravdess_speech,rate,20260922,4,logistic,relative_plus_baseline,sad,0.1744471744471744
ravdess_speech,rate,20260922,4,logistic,relative_plus_baseline,surprise,0.48311026131293866
ravdess_speech,rate,20260922,4,hgb,absolute,angry,0.4305239179954442
ravdess_speech,rate,20260922,4,hgb,absolute,happy,0.10687022900763357
ravdess_speech,rate,20260922,4,hgb,absolute,neutral,0.16489988221436983
ravdess_speech,rate,20260922,4,hgb,absolute,sad,0.20801364023870417
ravdess_speech,rate,20260922,4,hgb,absolute,surprise,0.4354958985831472
ravdess_speech,rate,20260922,4,hgb,relative,angry,0.49029622063329925
ravdess_speech,rate,20260922,4,hgb,relative,happy,0.2955771305285868
ravdess_speech,rate,20260922,4,hgb,relative,neutral,0.24046920821114376
ravdess_speech,rate,20260922,4,hgb,relative,sad,0.20152091254752844
ravdess_speech,rate,20260922,4,hgb,relative,surprise,0.3038251366120218
ravdess_speech,rate,20260922,4,hgb,relative_plus_baseline,angry,0.498960498960499
ravdess_speech,rate,20260922,4,hgb,relative_plus_baseline,happy,0.15735461801596348
ravdess_speech,rate,20260922,4,hgb,relative_plus_baseline,neutral,0.31243781094527373
ravdess_speech,rate,20260922,4,hgb,relative_plus_baseline,sad,0.217391304347826
ravdess_speech,rate,20260922,4,hgb,relative_plus_baseline,surprise,0.3186003683241252
msp,pitch,20260920,0,logistic,absolute,angry,0.2998047916008124
msp,pitch,20260920,0,logistic,absolute,happy,0.1561130234055979
msp,pitch,20260920,0,logistic,absolute,neutral,0.5528216909161244
msp,pitch,20260920,0,logistic,absolute,sad,0.09717913572577219
msp,pitch,20260920,0,logistic,absolute,surprise,0.04998456071760905
msp,pitch,20260920,0,logistic,relative,angry,0.30956976554183396
msp,pitch,20260920,0,logistic,relative,happy,0.20797906637150954
msp,pitch,20260920,0,logistic,relative,neutral,0.2366059026371697
msp,pitch,20260920,0,logistic,relative,sad,0.2285997400557197
msp,pitch,20260920,0,logistic,relative,surprise,0.05782530243449639
msp,pitch,20260920,0,logistic,relative_plus_baseline,angry,0.28422720808900775
msp,pitch,20260920,0,logistic,relative_plus_baseline,happy,0.1283516732844855
msp,pitch,20260920,0,logistic,relative_plus_baseline,neutral,0.5013751850099049
msp,pitch,20260920,0,logistic,relative_plus_baseline,sad,0.20976265160175797
msp,pitch,20260920,0,logistic,relative_plus_baseline,surprise,0.08897730131174167
msp,pitch,20260920,0,hgb,absolute,angry,0.30119194836554825
msp,pitch,20260920,0,hgb,absolute,happy,0.08001376493631658
msp,pitch,20260920,0,hgb,absolute,neutral,0.43930858164609426
msp,pitch,20260920,0,hgb,absolute,sad,0.1929085330415919
msp,pitch,20260920,0,hgb,absolute,surprise,0.048584733311207
msp,pitch,20260920,0,hgb,relative,angry,0.30838037972008364
msp,pitch,20260920,0,hgb,relative,happy,0.1309465187358792
msp,pitch,20260920,0,hgb,relative,neutral,0.4229584239410536
msp,pitch,20260920,0,hgb,relative,sad,0.23054779995636038
msp,pitch,20260920,0,hgb,relative,surprise,0.07020532267740294
msp,pitch,20260920,0,hgb,relative_plus_baseline,angry,0.2068848438331878
msp,pitch,20260920,0,hgb,relative_plus_baseline,happy,0.256018766851625
msp,pitch,20260920,0,hgb,relative_plus_baseline,neutral,0.4444481965639813
msp,pitch,20260920,0,hgb,relative_plus_baseline,sad,0.22231999749093562
msp,pitch,20260920,0,hgb,relative_plus_baseline,surprise,0.09410862794642731
msp,pitch,20260920,1,logistic,absolute,angry,0.3005523261038822
msp,pitch,20260920,1,logistic,absolute,happy,0.11566353116508712
msp,pitch,20260920,1,logistic,absolute,neutral,0.5697434898277787
msp,pitch,20260920,1,logistic,absolute,sad,0.10875712110064328
msp,pitch,20260920,1,logistic,absolute,surprise,0.040143179814081185
msp,pitch,20260920,1,logistic,relative,angry,0.3432602473603807
msp,pitch,20260920,1,logistic,relative,happy,0.20223823787514514
msp,pitch,20260920,1,logistic,relative,neutral,0.21681056621841666
msp,pitch,20260920,1,logistic,relative,sad,0.23989618709335342
msp,pitch,20260920,1,logistic,relative,surprise,0.047978000339419735
msp,pitch,20260920,1,logistic,relative_plus_baseline,angry,0.23577601299333967
msp,pitch,20260920,1,logistic,relative_plus_baseline,happy,0.0789602415255933
msp,pitch,20260920,1,logistic,relative_plus_baseline,neutral,0.5331333853195609
msp,pitch,20260920,1,logistic,relative_plus_baseline,sad,0.17882847395287638
msp,pitch,20260920,1,logistic,relative_plus_baseline,surprise,0.08609740033177574
msp,pitch,20260920,1,hgb,absolute,angry,0.3088050391076958
msp,pitch,20260920,1,hgb,absolute,happy,0.1255955112145821
msp,pitch,20260920,1,hgb,absolute,neutral,0.46055743112355474
msp,pitch,20260920,1,hgb,absolute,sad,0.20890162654642316
msp,pitch,20260920,1,hgb,absolute,surprise,0.05599431346872009
msp,pitch,20260920,1,hgb,relative,angry,0.3137580983305112
msp,pitch,20260920,1,hgb,relative,happy,0.07452866457752168
msp,pitch,20260920,1,hgb,relative,neutral,0.4254949311207393
msp,pitch,20260920,1,hgb,relative,sad,0.23327070322877969
msp,pitch,20260920,1,hgb,relative,surprise,0.07175436345999754
msp,pitch,20260920,1,hgb,relative_plus_baseline,angry,0.23880181169626588
msp,pitch,20260920,1,hgb,relative_plus_baseline,happy,0.21379529735198155
msp,pitch,20260920,1,hgb,relative_plus_baseline,neutral,0.45890047971369285
msp,pitch,20260920,1,hgb,relative_plus_baseline,sad,0.2342718599678561
msp,pitch,20260920,1,hgb,relative_plus_baseline,surprise,0.08419296867784283
msp,pitch,20260920,2,logistic,absolute,angry,0.25413725898726214
msp,pitch,20260920,2,logistic,absolute,happy,0.12042284782511263
msp,pitch,20260920,2,logistic,absolute,neutral,0.5436425960559865
msp,pitch,20260920,2,logistic,absolute,sad,0.11951612821943683
msp,pitch,20260920,2,logistic,absolute,surprise,0.04107848858591506
msp,pitch,20260920,2,logistic,relative,angry,0.27097218720175614
msp,pitch,20260920,2,logistic,relative,happy,0.18079126927978792
msp,pitch,20260920,2,logistic,relative,neutral,0.22745523972199505
msp,pitch,20260920,2,logistic,relative,sad,0.247899595568422
msp,pitch,20260920,2,logistic,relative,surprise,0.04737548879298193
msp,pitch,20260920,2,logistic,relative_plus_baseline,angry,0.2575652809925466
msp,pitch,20260920,2,logistic,relative_plus_baseline,happy,0.10398631721188249
msp,pitch,20260920,2,logistic,relative_plus_baseline,neutral,0.4681602941719907
msp,pitch,20260920,2,logistic,relative_plus_baseline,sad,0.22137024234561914
msp,pitch,20260920,2,logistic,relative_plus_baseline,surprise,0.06775666824596659
msp,pitch,20260920,2,hgb,absolute,angry,0.2579816368514745
msp,pitch,20260920,2,hgb,absolute,happy,0.0800444357207227
msp,pitch,20260920,2,hgb,absolute,neutral,0.3683142382990284
msp,pitch,20260920,2,hgb,absolute,sad,0.240326286363318
msp,pitch,20260920,2,hgb,absolute,surprise,0.04075018704802536
msp,pitch,20260920,2,hgb,relative,angry,0.26526375816858205
msp,pitch,20260920,2,hgb,relative,happy,0.11898362061789579
msp,pitch,20260920,2,hgb,relative,neutral,0.37788162645479856
msp,pitch,20260920,2,hgb,relative,sad,0.24993727145818573
msp,pitch,20260920,2,hgb,relative,surprise,0.075030416521523
msp,pitch,20260920,2,hgb,relative_plus_baseline,angry,0.19039895072495497
msp,pitch,20260920,2,hgb,relative_plus_baseline,happy,0.21316234388039548
msp,pitch,20260920,2,hgb,relative_plus_baseline,neutral,0.41269811616990326
msp,pitch,20260920,2,hgb,relative_plus_baseline,sad,0.2624522769261016
msp,pitch,20260920,2,hgb,relative_plus_baseline,surprise,0.07961256225171516
msp,pitch,20260920,3,logistic,absolute,angry,0.30693130144360653
msp,pitch,20260920,3,logistic,absolute,happy,0.13982859150423363
msp,pitch,20260920,3,logistic,absolute,neutral,0.5343875485724635
msp,pitch,20260920,3,logistic,absolute,sad,0.10898960496069483
msp,pitch,20260920,3,logistic,absolute,surprise,0.049966540147970424
msp,pitch,20260920,3,logistic,relative,angry,0.3248860306645244
msp,pitch,20260920,3,logistic,relative,happy,0.18174597333403483
msp,pitch,20260920,3,logistic,relative,neutral,0.22237550460375566
msp,pitch,20260920,3,logistic,relative,sad,0.25750364797972075
msp,pitch,20260920,3,logistic,relative,surprise,0.047367839231096096
msp,pitch,20260920,3,logistic,relative_plus_baseline,angry,0.3048183950273593
msp,pitch,20260920,3,logistic,relative_plus_baseline,happy,0.12428290625800686
msp,pitch,20260920,3,logistic,relative_plus_baseline,neutral,0.4831627908313363
msp,pitch,20260920,3,logistic,relative_plus_baseline,sad,0.23735051268713675
msp,pitch,20260920,3,logistic,relative_plus_baseline,surprise,0.09020571970756491
msp,pitch,20260920,3,hgb,absolute,angry,0.30764759610838455
msp,pitch,20260920,3,hgb,absolute,happy,0.0858097112825397
msp,pitch,20260920,3,hgb,absolute,neutral,0.3801058598013513
msp,pitch,20260920,3,hgb,absolute,sad,0.23812193003612475
msp,pitch,20260920,3,hgb,absolute,surprise,0.04386461010930688
msp,pitch,20260920,3,hgb,relative,angry,0.3180510810817612
msp,pitch,20260920,3,hgb,relative,happy,0.11337705903506903
msp,pitch,20260920,3,hgb,relative,neutral,0.4025084387125296
msp,pitch,20260920,3,hgb,relative,sad,0.24210434836601233
msp,pitch,20260920,3,hgb,relative,surprise,0.07372983104171257
msp,pitch,20260920,3,hgb,relative_plus_baseline,angry,0.19262502616586263
msp,pitch,20260920,3,hgb,relative_plus_baseline,happy,0.2403230445530628
msp,pitch,20260920,3,hgb,relative_plus_baseline,neutral,0.4231092972550959
msp,pitch,20260920,3,hgb,relative_plus_baseline,sad,0.26150885992545236
msp,pitch,20260920,3,hgb,relative_plus_baseline,surprise,0.09944639010816288
msp,pitch,20260920,4,logistic,absolute,angry,0.3034187980122334
msp,pitch,20260920,4,logistic,absolute,happy,0.13108462392577022
msp,pitch,20260920,4,logistic,absolute,neutral,0.555898302193021
msp,pitch,20260920,4,logistic,absolute,sad,0.1468540315227581
msp,pitch,20260920,4,logistic,absolute,surprise,0.045639589310921026
msp,pitch,20260920,4,logistic,relative,angry,0.302609803801712
msp,pitch,20260920,4,logistic,relative,happy,0.19361869269498594
msp,pitch,20260920,4,logistic,relative,neutral,0.23361993592357716
msp,pitch,20260920,4,logistic,relative,sad,0.2365201330814392
msp,pitch,20260920,4,logistic,relative,surprise,0.050109918631029156
msp,pitch,20260920,4,logistic,relative_plus_baseline,angry,0.3083803278021817
msp,pitch,20260920,4,logistic,relative_plus_baseline,happy,0.14915390631810016
msp,pitch,20260920,4,logistic,relative_plus_baseline,neutral,0.5008919183949085
msp,pitch,20260920,4,logistic,relative_plus_baseline,sad,0.22775916463311752
msp,pitch,20260920,4,logistic,relative_plus_baseline,surprise,0.07367832654330814
msp,pitch,20260920,4,hgb,absolute,angry,0.307979768777327
msp,pitch,20260920,4,hgb,absolute,happy,0.0714197590412571
msp,pitch,20260920,4,hgb,absolute,neutral,0.4190891463448417
msp,pitch,20260920,4,hgb,absolute,sad,0.22815775403399
msp,pitch,20260920,4,hgb,absolute,surprise,0.040669719088737705
msp,pitch,20260920,4,hgb,relative,angry,0.2986339561041223
msp,pitch,20260920,4,hgb,relative,happy,0.12863654080210588
msp,pitch,20260920,4,hgb,relative,neutral,0.385125852004678
msp,pitch,20260920,4,hgb,relative,sad,0.22420690416025546
msp,pitch,20260920,4,hgb,relative,surprise,0.0719588563999594
msp,pitch,20260920,4,hgb,relative_plus_baseline,angry,0.23641886460533523
msp,pitch,20260920,4,hgb,relative_plus_baseline,happy,0.2462525677190153
msp,pitch,20260920,4,hgb,relative_plus_baseline,neutral,0.44287501957539693
msp,pitch,20260920,4,hgb,relative_plus_baseline,sad,0.22402001679726463
msp,pitch,20260920,4,hgb,relative_plus_baseline,surprise,0.0780668561952179
msp,pitch,20260921,0,logistic,absolute,angry,0.3155489353411159
msp,pitch,20260921,0,logistic,absolute,happy,0.139617695319233
msp,pitch,20260921,0,logistic,absolute,neutral,0.556446097201828
msp,pitch,20260921,0,logistic,absolute,sad,0.12147651352245412
msp,pitch,20260921,0,logistic,absolute,surprise,0.04757247482496218
msp,pitch,20260921,0,logistic,relative,angry,0.3037794490028502
msp,pitch,20260921,0,logistic,relative,happy,0.1999299635694489
msp,pitch,20260921,0,logistic,relative,neutral,0.2406506619367997
msp,pitch,20260921,0,logistic,relative,sad,0.22824546173959595
msp,pitch,20260921,0,logistic,relative,surprise,0.06119749729331496
msp,pitch,20260921,0,logistic,relative_plus_baseline,angry,0.3228558517524407
msp,pitch,20260921,0,logistic,relative_plus_baseline,happy,0.12330907288242245
msp,pitch,20260921,0,logistic,relative_plus_baseline,neutral,0.5085393477220822
msp,pitch,20260921,0,logistic,relative_plus_baseline,sad,0.2220584028295917
msp,pitch,20260921,0,logistic,relative_plus_baseline,surprise,0.07344809362489092
msp,pitch,20260921,0,hgb,absolute,angry,0.31976078863040336
msp,pitch,20260921,0,hgb,absolute,happy,0.09078527718882762
msp,pitch,20260921,0,hgb,absolute,neutral,0.46625451733784573
msp,pitch,20260921,0,hgb,absolute,sad,0.20743113806994934
msp,pitch,20260921,0,hgb,absolute,surprise,0.043382485887706775
msp,pitch,20260921,0,hgb,relative,angry,0.29691619895549987
msp,pitch,20260921,0,hgb,relative,happy,0.11929279408485483
msp,pitch,20260921,0,hgb,relative,neutral,0.4173678861872591
msp,pitch,20260921,0,hgb,relative,sad,0.22920742545849604
msp,pitch,20260921,0,hgb,relative,surprise,0.06489817994953062
msp,pitch,20260921,0,hgb,relative_plus_baseline,angry,0.22038849573717817
msp,pitch,20260921,0,hgb,relative_plus_baseline,happy,0.19589330662961665
msp,pitch,20260921,0,hgb,relative_plus_baseline,neutral,0.4766940007923452
msp,pitch,20260921,0,hgb,relative_plus_baseline,sad,0.22406228650967758
msp,pitch,20260921,0,hgb,relative_plus_baseline,surprise,0.07841017983262964
msp,pitch,20260921,1,logistic,absolute,angry,0.2614236828133867
msp,pitch,20260921,1,logistic,absolute,happy,0.1501253198180184
msp,pitch,20260921,1,logistic,absolute,neutral,0.5591224318297066
msp,pitch,20260921,1,logistic,absolute,sad,0.08568194488300825
msp,pitch,20260921,1,logistic,absolute,surprise,0.03871975962382364
msp,pitch,20260921,1,logistic,relative,angry,0.279464698972043
msp,pitch,20260921,1,logistic,relative,happy,0.20393015500333095
msp,pitch,20260921,1,logistic,relative,neutral,0.23041838018313174
msp,pitch,20260921,1,logistic,relative,sad,0.2342814220231361
msp,pitch,20260921,1,logistic,relative,surprise,0.05992002804739469
msp,pitch,20260921,1,logistic,relative_plus_baseline,angry,0.26007285518274986
msp,pitch,20260921,1,logistic,relative_plus_baseline,happy,0.14905881662104922
msp,pitch,20260921,1,logistic,relative_plus_baseline,neutral,0.4921204664200596
msp,pitch,20260921,1,logistic,relative_plus_baseline,sad,0.18781769937772852
msp,pitch,20260921,1,logistic,relative_plus_baseline,surprise,0.08996109331092839
msp,pitch,20260921,1,hgb,absolute,angry,0.265513811754715
msp,pitch,20260921,1,hgb,absolute,happy,0.09229827002297039
msp,pitch,20260921,1,hgb,absolute,neutral,0.4324806506992067
msp,pitch,20260921,1,hgb,absolute,sad,0.20297684409342298
msp,pitch,20260921,1,hgb,absolute,surprise,0.04299247337389609
msp,pitch,20260921,1,hgb,relative,angry,0.2658657997453226
msp,pitch,20260921,1,hgb,relative,happy,0.09619005789972983
msp,pitch,20260921,1,hgb,relative,neutral,0.39125827657414974
msp,pitch,20260921,1,hgb,relative,sad,0.23251935711916755
msp,pitch,20260921,1,hgb,relative,surprise,0.06577332035762165
msp,pitch,20260921,1,hgb,relative_plus_baseline,angry,0.19385935925822428
msp,pitch,20260921,1,hgb,relative_plus_baseline,happy,0.2370089911032023
msp,pitch,20260921,1,hgb,relative_plus_baseline,neutral,0.41439117465043757
msp,pitch,20260921,1,hgb,relative_plus_baseline,sad,0.220492004109364
msp,pitch,20260921,1,hgb,relative_plus_baseline,surprise,0.10385581876713093
msp,pitch,20260921,2,logistic,absolute,angry,0.2719806215731824
msp,pitch,20260921,2,logistic,absolute,happy,0.18738585904919916
msp,pitch,20260921,2,logistic,absolute,neutral,0.5184541624803114
msp,pitch,20260921,2,logistic,absolute,sad,0.1301166524500924
msp,pitch,20260921,2,logistic,absolute,surprise,0.04526791450798363
msp,pitch,20260921,2,logistic,relative,angry,0.31256430399580143
msp,pitch,20260921,2,logistic,relative,happy,0.19115075589141986
msp,pitch,20260921,2,logistic,relative,neutral,0.21063799638355518
msp,pitch,20260921,2,logistic,relative,sad,0.24167935481271893
msp,pitch,20260921,2,logistic,relative,surprise,0.05378624959885473
msp,pitch,20260921,2,logistic,relative_plus_baseline,angry,0.25263595469648303
msp,pitch,20260921,2,logistic,relative_plus_baseline,happy,0.1360946831576013
msp,pitch,20260921,2,logistic,relative_plus_baseline,neutral,0.4749290295606188
msp,pitch,20260921,2,logistic,relative_plus_baseline,sad,0.23592026038185526
msp,pitch,20260921,2,logistic,relative_plus_baseline,surprise,0.07487727665863726
msp,pitch,20260921,2,hgb,absolute,angry,0.27204836956521794
msp,pitch,20260921,2,hgb,absolute,happy,0.14812835248502762
msp,pitch,20260921,2,hgb,absolute,neutral,0.392713190818415
msp,pitch,20260921,2,hgb,absolute,sad,0.21614076291891646
msp,pitch,20260921,2,hgb,absolute,surprise,0.04476828933840939
msp,pitch,20260921,2,hgb,relative,angry,0.3119545629087449
msp,pitch,20260921,2,hgb,relative,happy,0.09312563787305918
msp,pitch,20260921,2,hgb,relative,neutral,0.40599954640696756
msp,pitch,20260921,2,hgb,relative,sad,0.24307861729992739
msp,pitch,20260921,2,hgb,relative,surprise,0.06703809275929429
msp,pitch,20260921,2,hgb,relative_plus_baseline,angry,0.18309099843169285
msp,pitch,20260921,2,hgb,relative_plus_baseline,happy,0.25181757569393104
msp,pitch,20260921,2,hgb,relative_plus_baseline,neutral,0.4029710104194779
msp,pitch,20260921,2,hgb,relative_plus_baseline,sad,0.2497826030441302
msp,pitch,20260921,2,hgb,relative_plus_baseline,surprise,0.07640381780158555
msp,pitch,20260921,3,logistic,absolute,angry,0.28786860691187666
msp,pitch,20260921,3,logistic,absolute,happy,0.10360044820474046
msp,pitch,20260921,3,logistic,absolute,neutral,0.5510177199841726
msp,pitch,20260921,3,logistic,absolute,sad,0.11351754942817764
msp,pitch,20260921,3,logistic,absolute,surprise,0.05078363568173383
msp,pitch,20260921,3,logistic,relative,angry,0.3199646668117646
msp,pitch,20260921,3,logistic,relative,happy,0.17804685965653935
msp,pitch,20260921,3,logistic,relative,neutral,0.23458022093262973
msp,pitch,20260921,3,logistic,relative,sad,0.24612968334162466
msp,pitch,20260921,3,logistic,relative,surprise,0.040385869651399814
msp,pitch,20260921,3,logistic,relative_plus_baseline,angry,0.25953984320405016
msp,pitch,20260921,3,logistic,relative_plus_baseline,happy,0.07315923105085291
msp,pitch,20260921,3,logistic,relative_plus_baseline,neutral,0.49828289969968864
msp,pitch,20260921,3,logistic,relative_plus_baseline,sad,0.21719835302495571
msp,pitch,20260921,3,logistic,relative_plus_baseline,surprise,0.08178713631347546
msp,pitch,20260921,3,hgb,absolute,angry,0.28910403123890865
msp,pitch,20260921,3,hgb,absolute,happy,0.0854613250567831
msp,pitch,20260921,3,hgb,absolute,neutral,0.4263155278441701
msp,pitch,20260921,3,hgb,absolute,sad,0.2300501308297377
msp,pitch,20260921,3,hgb,absolute,surprise,0.04145130233661454
msp,pitch,20260921,3,hgb,relative,angry,0.3057728629164229
msp,pitch,20260921,3,hgb,relative,happy,0.08185785949866368
msp,pitch,20260921,3,hgb,relative,neutral,0.41080041434447023
msp,pitch,20260921,3,hgb,relative,sad,0.22726069335609012
msp,pitch,20260921,3,hgb,relative,surprise,0.07368315034735813
msp,pitch,20260921,3,hgb,relative_plus_baseline,angry,0.2772610625382491
msp,pitch,20260921,3,hgb,relative_plus_baseline,happy,0.18868994516977244
msp,pitch,20260921,3,hgb,relative_plus_baseline,neutral,0.4638315119438667
msp,pitch,20260921,3,hgb,relative_plus_baseline,sad,0.22214657749000843
msp,pitch,20260921,3,hgb,relative_plus_baseline,surprise,0.09027958000662084
msp,pitch,20260921,4,logistic,absolute,angry,0.328013423834206
msp,pitch,20260921,4,logistic,absolute,happy,0.14491915642649125
msp,pitch,20260921,4,logistic,absolute,neutral,0.5714249172475231
msp,pitch,20260921,4,logistic,absolute,sad,0.11345952036379293
msp,pitch,20260921,4,logistic,absolute,surprise,0.05253145053555052
msp,pitch,20260921,4,logistic,relative,angry,0.33518040947001965
msp,pitch,20260921,4,logistic,relative,happy,0.19661590567325124
msp,pitch,20260921,4,logistic,relative,neutral,0.22696498850693894
msp,pitch,20260921,4,logistic,relative,sad,0.25922401086965025
msp,pitch,20260921,4,logistic,relative,surprise,0.05074766231465933
msp,pitch,20260921,4,logistic,relative_plus_baseline,angry,0.329471140124383
msp,pitch,20260921,4,logistic,relative_plus_baseline,happy,0.10003397199141485
msp,pitch,20260921,4,logistic,relative_plus_baseline,neutral,0.512442017237373
msp,pitch,20260921,4,logistic,relative_plus_baseline,sad,0.21770510543284904
msp,pitch,20260921,4,logistic,relative_plus_baseline,surprise,0.09608801906683467
msp,pitch,20260921,4,hgb,absolute,angry,0.33668670552152646
msp,pitch,20260921,4,hgb,absolute,happy,0.0684552493349788
msp,pitch,20260921,4,hgb,absolute,neutral,0.43131946062290294
msp,pitch,20260921,4,hgb,absolute,sad,0.24595492294361057
msp,pitch,20260921,4,hgb,absolute,surprise,0.06153885119904947
msp,pitch,20260921,4,hgb,relative,angry,0.3221684838555686
msp,pitch,20260921,4,hgb,relative,happy,0.10693087463284935
msp,pitch,20260921,4,hgb,relative,neutral,0.38584151421165386
msp,pitch,20260921,4,hgb,relative,sad,0.2511624302904816
msp,pitch,20260921,4,hgb,relative,surprise,0.058224015261875976
msp,pitch,20260921,4,hgb,relative_plus_baseline,angry,0.2298291237388022
msp,pitch,20260921,4,hgb,relative_plus_baseline,happy,0.23065425854478477
msp,pitch,20260921,4,hgb,relative_plus_baseline,neutral,0.40319324594396816
msp,pitch,20260921,4,hgb,relative_plus_baseline,sad,0.26322700519222836
msp,pitch,20260921,4,hgb,relative_plus_baseline,surprise,0.07881562029680832
msp,pitch,20260922,0,logistic,absolute,angry,0.2696586313775221
msp,pitch,20260922,0,logistic,absolute,happy,0.1432119302480578
msp,pitch,20260922,0,logistic,absolute,neutral,0.5691128274597175
msp,pitch,20260922,0,logistic,absolute,sad,0.13549735204371977
msp,pitch,20260922,0,logistic,absolute,surprise,0.04067093213387561
msp,pitch,20260922,0,logistic,relative,angry,0.27555444858265643
msp,pitch,20260922,0,logistic,relative,happy,0.21354097120097926
msp,pitch,20260922,0,logistic,relative,neutral,0.22969456276795583
msp,pitch,20260922,0,logistic,relative,sad,0.23873109621544578
msp,pitch,20260922,0,logistic,relative,surprise,0.04551492589105799
msp,pitch,20260922,0,logistic,relative_plus_baseline,angry,0.2627218344852292
msp,pitch,20260922,0,logistic,relative_plus_baseline,happy,0.1149653812896381
msp,pitch,20260922,0,logistic,relative_plus_baseline,neutral,0.5205101722961408
msp,pitch,20260922,0,logistic,relative_plus_baseline,sad,0.21531701557619973
msp,pitch,20260922,0,logistic,relative_plus_baseline,surprise,0.08055669847598596
msp,pitch,20260922,0,hgb,absolute,angry,0.26526482567803067
msp,pitch,20260922,0,hgb,absolute,happy,0.10003218412525576
msp,pitch,20260922,0,hgb,absolute,neutral,0.42395613965551454
msp,pitch,20260922,0,hgb,absolute,sad,0.21682163996441683
msp,pitch,20260922,0,hgb,absolute,surprise,0.05127936253020741
msp,pitch,20260922,0,hgb,relative,angry,0.266496992970756
msp,pitch,20260922,0,hgb,relative,happy,0.13200228430146999
msp,pitch,20260922,0,hgb,relative,neutral,0.41420402947943763
msp,pitch,20260922,0,hgb,relative,sad,0.2352439736324923
msp,pitch,20260922,0,hgb,relative,surprise,0.05747373840785846
msp,pitch,20260922,0,hgb,relative_plus_baseline,angry,0.1823492374230541
msp,pitch,20260922,0,hgb,relative_plus_baseline,happy,0.2542152605082294
msp,pitch,20260922,0,hgb,relative_plus_baseline,neutral,0.4244191569060426
msp,pitch,20260922,0,hgb,relative_plus_baseline,sad,0.23165244580915523
msp,pitch,20260922,0,hgb,relative_plus_baseline,surprise,0.08618128394236126
msp,pitch,20260922,1,logistic,absolute,angry,0.29165031620023896
msp,pitch,20260922,1,logistic,absolute,happy,0.1305758428005323
msp,pitch,20260922,1,logistic,absolute,neutral,0.5275614599114682
msp,pitch,20260922,1,logistic,absolute,sad,0.08593728832837906
msp,pitch,20260922,1,logistic,absolute,surprise,0.053355184211045764
msp,pitch,20260922,1,logistic,relative,angry,0.315283925256382
msp,pitch,20260922,1,logistic,relative,happy,0.19483737840087678
msp,pitch,20260922,1,logistic,relative,neutral,0.22199689110645932
msp,pitch,20260922,1,logistic,relative,sad,0.24894459660552276
msp,pitch,20260922,1,logistic,relative,surprise,0.055232410278896714
msp,pitch,20260922,1,logistic,relative_plus_baseline,angry,0.2906454080831483
msp,pitch,20260922,1,logistic,relative_plus_baseline,happy,0.1203799833757378
msp,pitch,20260922,1,logistic,relative_plus_baseline,neutral,0.4729076911077497
msp,pitch,20260922,1,logistic,relative_plus_baseline,sad,0.1988436527564334
msp,pitch,20260922,1,logistic,relative_plus_baseline,surprise,0.09545386949251117
msp,pitch,20260922,1,hgb,absolute,angry,0.29724561957453427
msp,pitch,20260922,1,hgb,absolute,happy,0.071944637955355
msp,pitch,20260922,1,hgb,absolute,neutral,0.4253422485137043
msp,pitch,20260922,1,hgb,absolute,sad,0.21714387468535032
msp,pitch,20260922,1,hgb,absolute,surprise,0.045110221842029743
msp,pitch,20260922,1,hgb,relative,angry,0.3053157611444744
msp,pitch,20260922,1,hgb,relative,happy,0.12133946401432576
msp,pitch,20260922,1,hgb,relative,neutral,0.4033943977913664
msp,pitch,20260922,1,hgb,relative,sad,0.2432436187322733
msp,pitch,20260922,1,hgb,relative,surprise,0.07792197481169175
msp,pitch,20260922,1,hgb,relative_plus_baseline,angry,0.18839636060492454
msp,pitch,20260922,1,hgb,relative_plus_baseline,happy,0.25415936360983704
msp,pitch,20260922,1,hgb,relative_plus_baseline,neutral,0.4406354133271677
msp,pitch,20260922,1,hgb,relative_plus_baseline,sad,0.23248284156080995
msp,pitch,20260922,1,hgb,relative_plus_baseline,surprise,0.10386185198820953
msp,pitch,20260922,2,logistic,absolute,angry,0.29834180378861475
msp,pitch,20260922,2,logistic,absolute,happy,0.14525138180143807
msp,pitch,20260922,2,logistic,absolute,neutral,0.5353244987977804
msp,pitch,20260922,2,logistic,absolute,sad,0.1156386330463973
msp,pitch,20260922,2,logistic,absolute,surprise,0.05894207461285931
msp,pitch,20260922,2,logistic,relative,angry,0.3082222276375312
msp,pitch,20260922,2,logistic,relative,happy,0.1782296685852752
msp,pitch,20260922,2,logistic,relative,neutral,0.22093662743611067
msp,pitch,20260922,2,logistic,relative,sad,0.23638336102601817
msp,pitch,20260922,2,logistic,relative,surprise,0.06512372274812582
msp,pitch,20260922,2,logistic,relative_plus_baseline,angry,0.22928078612570665
msp,pitch,20260922,2,logistic,relative_plus_baseline,happy,0.10992340030334873
msp,pitch,20260922,2,logistic,relative_plus_baseline,neutral,0.4724722567744569
msp,pitch,20260922,2,logistic,relative_plus_baseline,sad,0.21276002702255264
msp,pitch,20260922,2,logistic,relative_plus_baseline,surprise,0.08474252076440568
msp,pitch,20260922,2,hgb,absolute,angry,0.3029968938705622
msp,pitch,20260922,2,hgb,absolute,happy,0.11265540110666282
msp,pitch,20260922,2,hgb,absolute,neutral,0.42419184308407726
msp,pitch,20260922,2,hgb,absolute,sad,0.2049309468266241
msp,pitch,20260922,2,hgb,absolute,surprise,0.03725977468904296
msp,pitch,20260922,2,hgb,relative,angry,0.28082158857681644
msp,pitch,20260922,2,hgb,relative,happy,0.08618272354064574
msp,pitch,20260922,2,hgb,relative,neutral,0.38679184948889256
msp,pitch,20260922,2,hgb,relative,sad,0.2291705942185262
msp,pitch,20260922,2,hgb,relative,surprise,0.08863518995786669
msp,pitch,20260922,2,hgb,relative_plus_baseline,angry,0.24011721925950563
msp,pitch,20260922,2,hgb,relative_plus_baseline,happy,0.1846746716345154
msp,pitch,20260922,2,hgb,relative_plus_baseline,neutral,0.43183965471861674
msp,pitch,20260922,2,hgb,relative_plus_baseline,sad,0.2313040288069572
msp,pitch,20260922,2,hgb,relative_plus_baseline,surprise,0.07969093745956739
msp,pitch,20260922,3,logistic,absolute,angry,0.2985074357466904
msp,pitch,20260922,3,logistic,absolute,happy,0.15223814599992558
msp,pitch,20260922,3,logistic,absolute,neutral,0.561113363450441
msp,pitch,20260922,3,logistic,absolute,sad,0.12179752302049514
msp,pitch,20260922,3,logistic,absolute,surprise,0.035357365922713706
msp,pitch,20260922,3,logistic,relative,angry,0.3262370163686051
msp,pitch,20260922,3,logistic,relative,happy,0.19646134516341765
msp,pitch,20260922,3,logistic,relative,neutral,0.24133317310575286
msp,pitch,20260922,3,logistic,relative,sad,0.23891258407027893
msp,pitch,20260922,3,logistic,relative,surprise,0.03431398548788119
msp,pitch,20260922,3,logistic,relative_plus_baseline,angry,0.29568707715570874
msp,pitch,20260922,3,logistic,relative_plus_baseline,happy,0.10413997525145167
msp,pitch,20260922,3,logistic,relative_plus_baseline,neutral,0.49005691499270626
msp,pitch,20260922,3,logistic,relative_plus_baseline,sad,0.23988133707956308
msp,pitch,20260922,3,logistic,relative_plus_baseline,surprise,0.07881162145787524
msp,pitch,20260922,3,hgb,absolute,angry,0.29715226224451124
msp,pitch,20260922,3,hgb,absolute,happy,0.041383376339091435
msp,pitch,20260922,3,hgb,absolute,neutral,0.3920451040984209
msp,pitch,20260922,3,hgb,absolute,sad,0.23007597696841323
msp,pitch,20260922,3,hgb,absolute,surprise,0.03762901018407138
msp,pitch,20260922,3,hgb,relative,angry,0.31594881187337165
msp,pitch,20260922,3,hgb,relative,happy,0.10663251352964524
msp,pitch,20260922,3,hgb,relative,neutral,0.4092511801127729
msp,pitch,20260922,3,hgb,relative,sad,0.23922439873794768
msp,pitch,20260922,3,hgb,relative,surprise,0.06245804362978734
msp,pitch,20260922,3,hgb,relative_plus_baseline,angry,0.2039021648810838
msp,pitch,20260922,3,hgb,relative_plus_baseline,happy,0.23815370964287194
msp,pitch,20260922,3,hgb,relative_plus_baseline,neutral,0.43455333765806575
msp,pitch,20260922,3,hgb,relative_plus_baseline,sad,0.25544006510898076
msp,pitch,20260922,3,hgb,relative_plus_baseline,surprise,0.08239083481504912
msp,pitch,20260922,4,logistic,absolute,angry,0.30359876015016735
msp,pitch,20260922,4,logistic,absolute,happy,0.13976961577767216
msp,pitch,20260922,4,logistic,absolute,neutral,0.5657450329108762
msp,pitch,20260922,4,logistic,absolute,sad,0.1166754503703383
msp,pitch,20260922,4,logistic,absolute,surprise,0.03994628140515322
msp,pitch,20260922,4,logistic,relative,angry,0.32876955778259964
msp,pitch,20260922,4,logistic,relative,happy,0.18888653774787942
msp,pitch,20260922,4,logistic,relative,neutral,0.2335078879389463
msp,pitch,20260922,4,logistic,relative,sad,0.2481379628318091
msp,pitch,20260922,4,logistic,relative,surprise,0.06290808531744221
msp,pitch,20260922,4,logistic,relative_plus_baseline,angry,0.31325566024598345
msp,pitch,20260922,4,logistic,relative_plus_baseline,happy,0.13443355788211744
msp,pitch,20260922,4,logistic,relative_plus_baseline,neutral,0.5255929877222992
msp,pitch,20260922,4,logistic,relative_plus_baseline,sad,0.21605279195516572
msp,pitch,20260922,4,logistic,relative_plus_baseline,surprise,0.07686384672791277
msp,pitch,20260922,4,hgb,absolute,angry,0.30773883542742236
msp,pitch,20260922,4,hgb,absolute,happy,0.0957646147722418
msp,pitch,20260922,4,hgb,absolute,neutral,0.442061667607347
msp,pitch,20260922,4,hgb,absolute,sad,0.23658616400753849
msp,pitch,20260922,4,hgb,absolute,surprise,0.04047744494496403
msp,pitch,20260922,4,hgb,relative,angry,0.3186060466619883
msp,pitch,20260922,4,hgb,relative,happy,0.16719757204465321
msp,pitch,20260922,4,hgb,relative,neutral,0.39677258084310024
msp,pitch,20260922,4,hgb,relative,sad,0.23333444642095544
msp,pitch,20260922,4,hgb,relative,surprise,0.05947196577492181
msp,pitch,20260922,4,hgb,relative_plus_baseline,angry,0.18384702044922152
msp,pitch,20260922,4,hgb,relative_plus_baseline,happy,0.22060414453523042
msp,pitch,20260922,4,hgb,relative_plus_baseline,neutral,0.4275976148564205
msp,pitch,20260922,4,hgb,relative_plus_baseline,sad,0.24531355424757817
msp,pitch,20260922,4,hgb,relative_plus_baseline,surprise,0.08444426521264292
msp,loudness,20260920,0,logistic,absolute,angry,0.2665390919402099
msp,loudness,20260920,0,logistic,absolute,happy,0.13564858688790077
msp,loudness,20260920,0,logistic,absolute,neutral,0.19867425618847206
msp,loudness,20260920,0,logistic,absolute,sad,0.22391530769668233
msp,loudness,20260920,0,logistic,absolute,surprise,0.02020078317858112
msp,loudness,20260920,0,logistic,relative,angry,0.2735432333630514
msp,loudness,20260920,0,logistic,relative,happy,0.15177272510380468
msp,loudness,20260920,0,logistic,relative,neutral,0.3317541873286278
msp,loudness,20260920,0,logistic,relative,sad,0.22518592186362066
msp,loudness,20260920,0,logistic,relative,surprise,0.021610961892895835
msp,loudness,20260920,0,logistic,relative_plus_baseline,angry,0.25995382482901636
msp,loudness,20260920,0,logistic,relative_plus_baseline,happy,0.09264326743588006
msp,loudness,20260920,0,logistic,relative_plus_baseline,neutral,0.20848111746909953
msp,loudness,20260920,0,logistic,relative_plus_baseline,sad,0.23102891719195368
msp,loudness,20260920,0,logistic,relative_plus_baseline,surprise,0.048043873703490884
msp,loudness,20260920,0,hgb,absolute,angry,0.22925645633906702
msp,loudness,20260920,0,hgb,absolute,happy,0.13149922483450283
msp,loudness,20260920,0,hgb,absolute,neutral,0.09317800562432671
msp,loudness,20260920,0,hgb,absolute,sad,0.2228413702498326
msp,loudness,20260920,0,hgb,absolute,surprise,0.058837621310933334
msp,loudness,20260920,0,hgb,relative,angry,0.19142184281144176
msp,loudness,20260920,0,hgb,relative,happy,0.13904791682108658
msp,loudness,20260920,0,hgb,relative,neutral,0.3759364255825274
msp,loudness,20260920,0,hgb,relative,sad,0.22623750124240163
msp,loudness,20260920,0,hgb,relative,surprise,0.06962802975260139
msp,loudness,20260920,0,hgb,relative_plus_baseline,angry,0.15061227321344947
msp,loudness,20260920,0,hgb,relative_plus_baseline,happy,0.3000328311189609
msp,loudness,20260920,0,hgb,relative_plus_baseline,neutral,0.35831488192662275
msp,loudness,20260920,0,hgb,relative_plus_baseline,sad,0.22411207218464807
msp,loudness,20260920,0,hgb,relative_plus_baseline,surprise,0.05567848569114367
msp,loudness,20260920,1,logistic,absolute,angry,0.27215639870835434
msp,loudness,20260920,1,logistic,absolute,happy,0.13974766999849275
msp,loudness,20260920,1,logistic,absolute,neutral,0.2056653924134132
msp,loudness,20260920,1,logistic,absolute,sad,0.2440446758823508
msp,loudness,20260920,1,logistic,absolute,surprise,0.04011282141081533
msp,loudness,20260920,1,logistic,relative,angry,0.24978485356909577
msp,loudness,20260920,1,logistic,relative,happy,0.13645573876920064
msp,loudness,20260920,1,logistic,relative,neutral,0.3177018290966287
msp,loudness,20260920,1,logistic,relative,sad,0.2512222876314684
msp,loudness,20260920,1,logistic,relative,surprise,0.023404705966894417
msp,loudness,20260920,1,logistic,relative_plus_baseline,angry,0.2729805795076659
msp,loudness,20260920,1,logistic,relative_plus_baseline,happy,0.16768253777990677
msp,loudness,20260920,1,logistic,relative_plus_baseline,neutral,0.2271659954944712
msp,loudness,20260920,1,logistic,relative_plus_baseline,sad,0.25189283263463513
msp,loudness,20260920,1,logistic,relative_plus_baseline,surprise,0.04994131756405187
msp,loudness,20260920,1,hgb,absolute,angry,0.25037649825256225
msp,loudness,20260920,1,hgb,absolute,happy,0.1785787226078228
msp,loudness,20260920,1,hgb,absolute,neutral,0.08350598868041738
msp,loudness,20260920,1,hgb,absolute,sad,0.2433279907697902
msp,loudness,20260920,1,hgb,absolute,surprise,0.07366825872888326
msp,loudness,20260920,1,hgb,relative,angry,0.20427733539136467
msp,loudness,20260920,1,hgb,relative,happy,0.10516165273872988
msp,loudness,20260920,1,hgb,relative,neutral,0.40648623656991445
msp,loudness,20260920,1,hgb,relative,sad,0.2441663633299039
msp,loudness,20260920,1,hgb,relative,surprise,0.07185924370956445
msp,loudness,20260920,1,hgb,relative_plus_baseline,angry,0.19294230024191386
msp,loudness,20260920,1,hgb,relative_plus_baseline,happy,0.28392789118839146
msp,loudness,20260920,1,hgb,relative_plus_baseline,neutral,0.33196422999678993
msp,loudness,20260920,1,hgb,relative_plus_baseline,sad,0.2289391620281627
msp,loudness,20260920,1,hgb,relative_plus_baseline,surprise,0.056134520711234634
msp,loudness,20260920,2,logistic,absolute,angry,0.2800108238574582
msp,loudness,20260920,2,logistic,absolute,happy,0.13528875239642846
msp,loudness,20260920,2,logistic,absolute,neutral,0.18702336612867437
msp,loudness,20260920,2,logistic,absolute,sad,0.24504602337479567
msp,loudness,20260920,2,logistic,absolute,surprise,0.04241687243705212
msp,loudness,20260920,2,logistic,relative,angry,0.2656092932947296
msp,loudness,20260920,2,logistic,relative,happy,0.15085182557052937
msp,loudness,20260920,2,logistic,relative,neutral,0.27454802321307503
msp,loudness,20260920,2,logistic,relative,sad,0.23368886445681142
msp,loudness,20260920,2,logistic,relative,surprise,0.017603579513230518
msp,loudness,20260920,2,logistic,relative_plus_baseline,angry,0.2806592450045653
msp,loudness,20260920,2,logistic,relative_plus_baseline,happy,0.08694842198080022
msp,loudness,20260920,2,logistic,relative_plus_baseline,neutral,0.19526286826849193
msp,loudness,20260920,2,logistic,relative_plus_baseline,sad,0.24273037178525386
msp,loudness,20260920,2,logistic,relative_plus_baseline,surprise,0.05015468122307961
msp,loudness,20260920,2,hgb,absolute,angry,0.24621340176238968
msp,loudness,20260920,2,hgb,absolute,happy,0.20918297074247566
msp,loudness,20260920,2,hgb,absolute,neutral,0.2083978463290768
msp,loudness,20260920,2,hgb,absolute,sad,0.2316896901394306
msp,loudness,20260920,2,hgb,absolute,surprise,0.06781984852964733
msp,loudness,20260920,2,hgb,relative,angry,0.20205280157573074
msp,loudness,20260920,2,hgb,relative,happy,0.0630829564340997
msp,loudness,20260920,2,hgb,relative,neutral,0.3861203093846163
msp,loudness,20260920,2,hgb,relative,sad,0.22527464986547802
msp,loudness,20260920,2,hgb,relative,surprise,0.06339201434510887
msp,loudness,20260920,2,hgb,relative_plus_baseline,angry,0.16809440946850535
msp,loudness,20260920,2,hgb,relative_plus_baseline,happy,0.24716698027877562
msp,loudness,20260920,2,hgb,relative_plus_baseline,neutral,0.302477340938888
msp,loudness,20260920,2,hgb,relative_plus_baseline,sad,0.21037186569026078
msp,loudness,20260920,2,hgb,relative_plus_baseline,surprise,0.07298841799560292
msp,loudness,20260920,3,logistic,absolute,angry,0.2742465319521843
msp,loudness,20260920,3,logistic,absolute,happy,0.1255985185984247
msp,loudness,20260920,3,logistic,absolute,neutral,0.1613360106819015
msp,loudness,20260920,3,logistic,absolute,sad,0.2561994014253406
msp,loudness,20260920,3,logistic,absolute,surprise,0.030425536278613705
msp,loudness,20260920,3,logistic,relative,angry,0.25717304247346134
msp,loudness,20260920,3,logistic,relative,happy,0.14676435085467135
msp,loudness,20260920,3,logistic,relative,neutral,0.32525610569311136
msp,loudness,20260920,3,logistic,relative,sad,0.2602501253197908
msp,loudness,20260920,3,logistic,relative,surprise,0.02300369368362691
msp,loudness,20260920,3,logistic,relative_plus_baseline,angry,0.2733843325859225
msp,loudness,20260920,3,logistic,relative_plus_baseline,happy,0.11650897185193779
msp,loudness,20260920,3,logistic,relative_plus_baseline,neutral,0.18358800689594493
msp,loudness,20260920,3,logistic,relative_plus_baseline,sad,0.2629015243131552
msp,loudness,20260920,3,logistic,relative_plus_baseline,surprise,0.047557484950039364
msp,loudness,20260920,3,hgb,absolute,angry,0.24536830784571823
msp,loudness,20260920,3,hgb,absolute,happy,0.1277696524657726
msp,loudness,20260920,3,hgb,absolute,neutral,0.10063148135766069
msp,loudness,20260920,3,hgb,absolute,sad,0.2562097056912021
msp,loudness,20260920,3,hgb,absolute,surprise,0.07764173619855483
msp,loudness,20260920,3,hgb,relative,angry,0.18953605279207178
msp,loudness,20260920,3,hgb,relative,happy,0.15117371074564712
msp,loudness,20260920,3,hgb,relative,neutral,0.4023710967990963
msp,loudness,20260920,3,hgb,relative,sad,0.24482807770886786
msp,loudness,20260920,3,hgb,relative,surprise,0.06804854659659214
msp,loudness,20260920,3,hgb,relative_plus_baseline,angry,0.1830088139047757
msp,loudness,20260920,3,hgb,relative_plus_baseline,happy,0.29535595350159244
msp,loudness,20260920,3,hgb,relative_plus_baseline,neutral,0.3308155850769602
msp,loudness,20260920,3,hgb,relative_plus_baseline,sad,0.24665758900988635
msp,loudness,20260920,3,hgb,relative_plus_baseline,surprise,0.0755134238781286
msp,loudness,20260920,4,logistic,absolute,angry,0.2337764510519988
msp,loudness,20260920,4,logistic,absolute,happy,0.14106162139468031
msp,loudness,20260920,4,logistic,absolute,neutral,0.17821783053716717
msp,loudness,20260920,4,logistic,absolute,sad,0.23298938476393688
msp,loudness,20260920,4,logistic,absolute,surprise,0.044097546424091215
msp,loudness,20260920,4,logistic,relative,angry,0.2263077969458204
msp,loudness,20260920,4,logistic,relative,happy,0.12717073023016964
msp,loudness,20260920,4,logistic,relative,neutral,0.31432882503856596
msp,loudness,20260920,4,logistic,relative,sad,0.22670107510788598
msp,loudness,20260920,4,logistic,relative,surprise,0.0399379319388488
msp,loudness,20260920,4,logistic,relative_plus_baseline,angry,0.23173675908001204
msp,loudness,20260920,4,logistic,relative_plus_baseline,happy,0.22408935872806632
msp,loudness,20260920,4,logistic,relative_plus_baseline,neutral,0.18734061753994383
msp,loudness,20260920,4,logistic,relative_plus_baseline,sad,0.23895615901454637
msp,loudness,20260920,4,logistic,relative_plus_baseline,surprise,0.0460096314785607
msp,loudness,20260920,4,hgb,absolute,angry,0.2408280360467062
msp,loudness,20260920,4,hgb,absolute,happy,0.0863207396999368
msp,loudness,20260920,4,hgb,absolute,neutral,0.13887393337053375
msp,loudness,20260920,4,hgb,absolute,sad,0.23539102492104919
msp,loudness,20260920,4,hgb,absolute,surprise,0.06330758723489222
msp,loudness,20260920,4,hgb,relative,angry,0.18983848832634787
msp,loudness,20260920,4,hgb,relative,happy,0.14404138267060024
msp,loudness,20260920,4,hgb,relative,neutral,0.4004164622961737
msp,loudness,20260920,4,hgb,relative,sad,0.20169195783879618
msp,loudness,20260920,4,hgb,relative,surprise,0.06054966194409445
msp,loudness,20260920,4,hgb,relative_plus_baseline,angry,0.13721488130605927
msp,loudness,20260920,4,hgb,relative_plus_baseline,happy,0.2589143783269731
msp,loudness,20260920,4,hgb,relative_plus_baseline,neutral,0.33090896796262725
msp,loudness,20260920,4,hgb,relative_plus_baseline,sad,0.22866273850381497
msp,loudness,20260920,4,hgb,relative_plus_baseline,surprise,0.06270942138994812
msp,loudness,20260921,0,logistic,absolute,angry,0.2590062591022102
msp,loudness,20260921,0,logistic,absolute,happy,0.13836220661804824
msp,loudness,20260921,0,logistic,absolute,neutral,0.20615018546307376
msp,loudness,20260921,0,logistic,absolute,sad,0.2181424189543775
msp,loudness,20260921,0,logistic,absolute,surprise,0.04260257390430354
msp,loudness,20260921,0,logistic,relative,angry,0.24701366602088257
msp,loudness,20260921,0,logistic,relative,happy,0.13874456328798432
msp,loudness,20260921,0,logistic,relative,neutral,0.32169911073962837
msp,loudness,20260921,0,logistic,relative,sad,0.21672300957920673
msp,loudness,20260921,0,logistic,relative,surprise,0.025206688469575567
msp,loudness,20260921,0,logistic,relative_plus_baseline,angry,0.2554181946420661
msp,loudness,20260921,0,logistic,relative_plus_baseline,happy,0.1137774542337293
msp,loudness,20260921,0,logistic,relative_plus_baseline,neutral,0.21953405670850593
msp,loudness,20260921,0,logistic,relative_plus_baseline,sad,0.22173878092422086
msp,loudness,20260921,0,logistic,relative_plus_baseline,surprise,0.057358704829733674
msp,loudness,20260921,0,hgb,absolute,angry,0.23841127529526465
msp,loudness,20260921,0,hgb,absolute,happy,0.11799877595713071
msp,loudness,20260921,0,hgb,absolute,neutral,0.11355114168597331
msp,loudness,20260921,0,hgb,absolute,sad,0.22040416575446292
msp,loudness,20260921,0,hgb,absolute,surprise,0.060445353847848854
msp,loudness,20260921,0,hgb,relative,angry,0.17615670633719852
msp,loudness,20260921,0,hgb,relative,happy,0.09581015818341936
msp,loudness,20260921,0,hgb,relative,neutral,0.38853257991330964
msp,loudness,20260921,0,hgb,relative,sad,0.19813389942735046
msp,loudness,20260921,0,hgb,relative,surprise,0.06561166700517465
msp,loudness,20260921,0,hgb,relative_plus_baseline,angry,0.16699312362032182
msp,loudness,20260921,0,hgb,relative_plus_baseline,happy,0.26946224054799545
msp,loudness,20260921,0,hgb,relative_plus_baseline,neutral,0.31784767280005144
msp,loudness,20260921,0,hgb,relative_plus_baseline,sad,0.21213562091735683
msp,loudness,20260921,0,hgb,relative_plus_baseline,surprise,0.04926451669796037
msp,loudness,20260921,1,logistic,absolute,angry,0.2766115843824671
msp,loudness,20260921,1,logistic,absolute,happy,0.13238357268717335
msp,loudness,20260921,1,logistic,absolute,neutral,0.16400421169222443
msp,loudness,20260921,1,logistic,absolute,sad,0.24195447982596344
msp,loudness,20260921,1,logistic,absolute,surprise,0.03276547985265097
msp,loudness,20260921,1,logistic,relative,angry,0.2658651714298531
msp,loudness,20260921,1,logistic,relative,happy,0.15347881370148678
msp,loudness,20260921,1,logistic,relative,neutral,0.3188984283179569
msp,loudness,20260921,1,logistic,relative,sad,0.24144487554676367
msp,loudness,20260921,1,logistic,relative,surprise,0.03811746497121412
msp,loudness,20260921,1,logistic,relative_plus_baseline,angry,0.273988952994069
msp,loudness,20260921,1,logistic,relative_plus_baseline,happy,0.12274917978244729
msp,loudness,20260921,1,logistic,relative_plus_baseline,neutral,0.18433598486712707
msp,loudness,20260921,1,logistic,relative_plus_baseline,sad,0.24725198830521325
msp,loudness,20260921,1,logistic,relative_plus_baseline,surprise,0.07166106249132988
msp,loudness,20260921,1,hgb,absolute,angry,0.2601803091600917
msp,loudness,20260921,1,hgb,absolute,happy,0.10905850538586971
msp,loudness,20260921,1,hgb,absolute,neutral,0.1099830555735335
msp,loudness,20260921,1,hgb,absolute,sad,0.24080855968083148
msp,loudness,20260921,1,hgb,absolute,surprise,0.08722107976233825
msp,loudness,20260921,1,hgb,relative,angry,0.21634607394288294
msp,loudness,20260921,1,hgb,relative,happy,0.1799870786952443
msp,loudness,20260921,1,hgb,relative,neutral,0.3835891474870525
msp,loudness,20260921,1,hgb,relative,sad,0.23375091327612166
msp,loudness,20260921,1,hgb,relative,surprise,0.06590486908651133
msp,loudness,20260921,1,hgb,relative_plus_baseline,angry,0.1934336730791446
msp,loudness,20260921,1,hgb,relative_plus_baseline,happy,0.28911970260423425
msp,loudness,20260921,1,hgb,relative_plus_baseline,neutral,0.3558904721143799
msp,loudness,20260921,1,hgb,relative_plus_baseline,sad,0.21760671541561302
msp,loudness,20260921,1,hgb,relative_plus_baseline,surprise,0.08083882329031607
msp,loudness,20260921,2,logistic,absolute,angry,0.24816140349326796
msp,loudness,20260921,2,logistic,absolute,happy,0.13952715480099698
msp,loudness,20260921,2,logistic,absolute,neutral,0.18594528075205152
msp,loudness,20260921,2,logistic,absolute,sad,0.24174278017057377
msp,loudness,20260921,2,logistic,absolute,surprise,0.031281196275181444
msp,loudness,20260921,2,logistic,relative,angry,0.24671544165072404
msp,loudness,20260921,2,logistic,relative,happy,0.14760315800392917
msp,loudness,20260921,2,logistic,relative,neutral,0.3014394991779887
msp,loudness,20260921,2,logistic,relative,sad,0.24820840375824837
msp,loudness,20260921,2,logistic,relative,surprise,0.03130396909556137
msp,loudness,20260921,2,logistic,relative_plus_baseline,angry,0.2551347841156605
msp,loudness,20260921,2,logistic,relative_plus_baseline,happy,0.11579665999780273
msp,loudness,20260921,2,logistic,relative_plus_baseline,neutral,0.20544522919042388
msp,loudness,20260921,2,logistic,relative_plus_baseline,sad,0.2449209918951318
msp,loudness,20260921,2,logistic,relative_plus_baseline,surprise,0.03991258356249568
msp,loudness,20260921,2,hgb,absolute,angry,0.23654722884073184
msp,loudness,20260921,2,hgb,absolute,happy,0.18493931585615275
msp,loudness,20260921,2,hgb,absolute,neutral,0.09957738032230119
msp,loudness,20260921,2,hgb,absolute,sad,0.2343863185687695
msp,loudness,20260921,2,hgb,absolute,surprise,0.05985076479322013
msp,loudness,20260921,2,hgb,relative,angry,0.22602582631134804
msp,loudness,20260921,2,hgb,relative,happy,0.04318073452044157
msp,loudness,20260921,2,hgb,relative,neutral,0.36940413965621355
msp,loudness,20260921,2,hgb,relative,sad,0.24565736016707165
msp,loudness,20260921,2,hgb,relative,surprise,0.06364537657410599
msp,loudness,20260921,2,hgb,relative_plus_baseline,angry,0.1555997931690298
msp,loudness,20260921,2,hgb,relative_plus_baseline,happy,0.3077511135802275
msp,loudness,20260921,2,hgb,relative_plus_baseline,neutral,0.34083081956291844
msp,loudness,20260921,2,hgb,relative_plus_baseline,sad,0.24660407926201894
msp,loudness,20260921,2,hgb,relative_plus_baseline,surprise,0.05951391925965148
msp,loudness,20260921,3,logistic,absolute,angry,0.2691116509255561
msp,loudness,20260921,3,logistic,absolute,happy,0.12930581813977404
msp,loudness,20260921,3,logistic,absolute,neutral,0.190306858490684
msp,loudness,20260921,3,logistic,absolute,sad,0.23245803765108106
msp,loudness,20260921,3,logistic,absolute,surprise,0.04569483595957091
msp,loudness,20260921,3,logistic,relative,angry,0.26086807611035584
msp,loudness,20260921,3,logistic,relative,happy,0.14730441763846133
msp,loudness,20260921,3,logistic,relative,neutral,0.31856717365484694
msp,loudness,20260921,3,logistic,relative,sad,0.23479853132871575
msp,loudness,20260921,3,logistic,relative,surprise,0.034670885265407035
msp,loudness,20260921,3,logistic,relative_plus_baseline,angry,0.2635313911303923
msp,loudness,20260921,3,logistic,relative_plus_baseline,happy,0.07545951960114482
msp,loudness,20260921,3,logistic,relative_plus_baseline,neutral,0.2043565821315866
msp,loudness,20260921,3,logistic,relative_plus_baseline,sad,0.24134119756344233
msp,loudness,20260921,3,logistic,relative_plus_baseline,surprise,0.07163746355454521
msp,loudness,20260921,3,hgb,absolute,angry,0.23444026058719733
msp,loudness,20260921,3,hgb,absolute,happy,0.14356618138612484
msp,loudness,20260921,3,hgb,absolute,neutral,0.12798273837411164
msp,loudness,20260921,3,hgb,absolute,sad,0.22906338490663702
msp,loudness,20260921,3,hgb,absolute,surprise,0.07464614078845096
msp,loudness,20260921,3,hgb,relative,angry,0.1972261062425367
msp,loudness,20260921,3,hgb,relative,happy,0.09035179018906447
msp,loudness,20260921,3,hgb,relative,neutral,0.4031153742889534
msp,loudness,20260921,3,hgb,relative,sad,0.21236918271026758
msp,loudness,20260921,3,hgb,relative,surprise,0.08402173212813938
msp,loudness,20260921,3,hgb,relative_plus_baseline,angry,0.14293432805444264
msp,loudness,20260921,3,hgb,relative_plus_baseline,happy,0.29445926273184203
msp,loudness,20260921,3,hgb,relative_plus_baseline,neutral,0.34277089918595954
msp,loudness,20260921,3,hgb,relative_plus_baseline,sad,0.21878144485207476
msp,loudness,20260921,3,hgb,relative_plus_baseline,surprise,0.07765519200728661
msp,loudness,20260921,4,logistic,absolute,angry,0.2673345082351752
msp,loudness,20260921,4,logistic,absolute,happy,0.13230068212762292
msp,loudness,20260921,4,logistic,absolute,neutral,0.1740104654996305
msp,loudness,20260921,4,logistic,absolute,sad,0.2695906779157247
msp,loudness,20260921,4,logistic,absolute,surprise,0.03433558764564631
msp,loudness,20260921,4,logistic,relative,angry,0.252606081115344
msp,loudness,20260921,4,logistic,relative,happy,0.12564984334632762
msp,loudness,20260921,4,logistic,relative,neutral,0.30602480403684895
msp,loudness,20260921,4,logistic,relative,sad,0.25565223520899105
msp,loudness,20260921,4,logistic,relative,surprise,0.036840716605117105
msp,loudness,20260921,4,logistic,relative_plus_baseline,angry,0.26854763625036926
msp,loudness,20260921,4,logistic,relative_plus_baseline,happy,0.18548929085851334
msp,loudness,20260921,4,logistic,relative_plus_baseline,neutral,0.18826297430343814
msp,loudness,20260921,4,logistic,relative_plus_baseline,sad,0.2699048594122678
msp,loudness,20260921,4,logistic,relative_plus_baseline,surprise,0.03253681539859993
msp,loudness,20260921,4,hgb,absolute,angry,0.2628200741784284
msp,loudness,20260921,4,hgb,absolute,happy,0.14829273119824324
msp,loudness,20260921,4,hgb,absolute,neutral,0.15316168476482503
msp,loudness,20260921,4,hgb,absolute,sad,0.25580464056765656
msp,loudness,20260921,4,hgb,absolute,surprise,0.06700948845753504
msp,loudness,20260921,4,hgb,relative,angry,0.17950935315817532
msp,loudness,20260921,4,hgb,relative,happy,0.15147797501699567
msp,loudness,20260921,4,hgb,relative,neutral,0.4121209649401969
msp,loudness,20260921,4,hgb,relative,sad,0.2394102123588129
msp,loudness,20260921,4,hgb,relative,surprise,0.060539366694874926
msp,loudness,20260921,4,hgb,relative_plus_baseline,angry,0.16023021883300423
msp,loudness,20260921,4,hgb,relative_plus_baseline,happy,0.2697144775105698
msp,loudness,20260921,4,hgb,relative_plus_baseline,neutral,0.3208686634958611
msp,loudness,20260921,4,hgb,relative_plus_baseline,sad,0.2437193912795729
msp,loudness,20260921,4,hgb,relative_plus_baseline,surprise,0.05826905515082175
msp,loudness,20260922,0,logistic,absolute,angry,0.25727671276465325
msp,loudness,20260922,0,logistic,absolute,happy,0.13876368628600325
msp,loudness,20260922,0,logistic,absolute,neutral,0.19456620662354682
msp,loudness,20260922,0,logistic,absolute,sad,0.23603477995159017
msp,loudness,20260922,0,logistic,absolute,surprise,0.04911044168948723
msp,loudness,20260922,0,logistic,relative,angry,0.24418956271202996
msp,loudness,20260922,0,logistic,relative,happy,0.1376706143108525
msp,loudness,20260922,0,logistic,relative,neutral,0.3026648586551187
msp,loudness,20260922,0,logistic,relative,sad,0.23987901528552746
msp,loudness,20260922,0,logistic,relative,surprise,0.024667996746842523
msp,loudness,20260922,0,logistic,relative_plus_baseline,angry,0.25295199175714383
msp,loudness,20260922,0,logistic,relative_plus_baseline,happy,0.19366985283071278
msp,loudness,20260922,0,logistic,relative_plus_baseline,neutral,0.20458269373034887
msp,loudness,20260922,0,logistic,relative_plus_baseline,sad,0.24048724844744734
msp,loudness,20260922,0,logistic,relative_plus_baseline,surprise,0.06048297972163195
msp,loudness,20260922,0,hgb,absolute,angry,0.23402001915304266
msp,loudness,20260922,0,hgb,absolute,happy,0.12182040591575964
msp,loudness,20260922,0,hgb,absolute,neutral,0.09725767535515016
msp,loudness,20260922,0,hgb,absolute,sad,0.23730264441816934
msp,loudness,20260922,0,hgb,absolute,surprise,0.06811216582850936
msp,loudness,20260922,0,hgb,relative,angry,0.20901321397304795
msp,loudness,20260922,0,hgb,relative,happy,0.11125078907527194
msp,loudness,20260922,0,hgb,relative,neutral,0.3632055305669371
msp,loudness,20260922,0,hgb,relative,sad,0.23068870981513667
msp,loudness,20260922,0,hgb,relative,surprise,0.06109330026747398
msp,loudness,20260922,0,hgb,relative_plus_baseline,angry,0.21085444842993356
msp,loudness,20260922,0,hgb,relative_plus_baseline,happy,0.2798586196383853
msp,loudness,20260922,0,hgb,relative_plus_baseline,neutral,0.3452097392868075
msp,loudness,20260922,0,hgb,relative_plus_baseline,sad,0.21427296275716037
msp,loudness,20260922,0,hgb,relative_plus_baseline,surprise,0.0516156369867194
msp,loudness,20260922,1,logistic,absolute,angry,0.27936145984560834
msp,loudness,20260922,1,logistic,absolute,happy,0.14019692505827858
msp,loudness,20260922,1,logistic,absolute,neutral,0.19638630931516313
msp,loudness,20260922,1,logistic,absolute,sad,0.24478625031022336
msp,loudness,20260922,1,logistic,absolute,surprise,0.03141845217595236
msp,loudness,20260922,1,logistic,relative,angry,0.27160754790174335
msp,loudness,20260922,1,logistic,relative,happy,0.1294023824281945
msp,loudness,20260922,1,logistic,relative,neutral,0.2939777081058956
msp,loudness,20260922,1,logistic,relative,sad,0.2403705255125698
msp,loudness,20260922,1,logistic,relative,surprise,0.011725165370916314
msp,loudness,20260922,1,logistic,relative_plus_baseline,angry,0.28645242691649725
msp,loudness,20260922,1,logistic,relative_plus_baseline,happy,0.13403790038099625
msp,loudness,20260922,1,logistic,relative_plus_baseline,neutral,0.20743914469786454
msp,loudness,20260922,1,logistic,relative_plus_baseline,sad,0.24327601226709067
msp,loudness,20260922,1,logistic,relative_plus_baseline,surprise,0.04707373139838669
msp,loudness,20260922,1,hgb,absolute,angry,0.25097395146670276
msp,loudness,20260922,1,hgb,absolute,happy,0.13358482931616764
msp,loudness,20260922,1,hgb,absolute,neutral,0.17918966336008205
msp,loudness,20260922,1,hgb,absolute,sad,0.24068940453151247
msp,loudness,20260922,1,hgb,absolute,surprise,0.06505384131882308
msp,loudness,20260922,1,hgb,relative,angry,0.21337622281951266
msp,loudness,20260922,1,hgb,relative,happy,0.11403695524881627
msp,loudness,20260922,1,hgb,relative,neutral,0.392882081837411
msp,loudness,20260922,1,hgb,relative,sad,0.2301851130166826
msp,loudness,20260922,1,hgb,relative,surprise,0.07201604880277782
msp,loudness,20260922,1,hgb,relative_plus_baseline,angry,0.22343956985833024
msp,loudness,20260922,1,hgb,relative_plus_baseline,happy,0.26872075589344424
msp,loudness,20260922,1,hgb,relative_plus_baseline,neutral,0.35332056271029694
msp,loudness,20260922,1,hgb,relative_plus_baseline,sad,0.22364068114623425
msp,loudness,20260922,1,hgb,relative_plus_baseline,surprise,0.06055043206388574
msp,loudness,20260922,2,logistic,absolute,angry,0.27778109231937614
msp,loudness,20260922,2,logistic,absolute,happy,0.11768393225815417
msp,loudness,20260922,2,logistic,absolute,neutral,0.16242326674656607
msp,loudness,20260922,2,logistic,absolute,sad,0.2275954793412323
msp,loudness,20260922,2,logistic,absolute,surprise,0.03840405351224336
msp,loudness,20260922,2,logistic,relative,angry,0.272591191823911
msp,loudness,20260922,2,logistic,relative,happy,0.14953012829829618
msp,loudness,20260922,2,logistic,relative,neutral,0.3222492084283033
msp,loudness,20260922,2,logistic,relative,sad,0.23109873123994137
msp,loudness,20260922,2,logistic,relative,surprise,0.028468947494673824
msp,loudness,20260922,2,logistic,relative_plus_baseline,angry,0.2709314780449036
msp,loudness,20260922,2,logistic,relative_plus_baseline,happy,0.06732589862152541
msp,loudness,20260922,2,logistic,relative_plus_baseline,neutral,0.18870037573689422
msp,loudness,20260922,2,logistic,relative_plus_baseline,sad,0.23288615721294695
msp,loudness,20260922,2,logistic,relative_plus_baseline,surprise,0.04721011969647559
msp,loudness,20260922,2,hgb,absolute,angry,0.23881519354017003
msp,loudness,20260922,2,hgb,absolute,happy,0.1259704427819296
msp,loudness,20260922,2,hgb,absolute,neutral,0.14152157716911937
msp,loudness,20260922,2,hgb,absolute,sad,0.22314082672591173
msp,loudness,20260922,2,hgb,absolute,surprise,0.07098342735426123
msp,loudness,20260922,2,hgb,relative,angry,0.19433664611442408
msp,loudness,20260922,2,hgb,relative,happy,0.136018821152195
msp,loudness,20260922,2,hgb,relative,neutral,0.40871466671483825
msp,loudness,20260922,2,hgb,relative,sad,0.21280599868740122
msp,loudness,20260922,2,hgb,relative,surprise,0.06509790923732484
msp,loudness,20260922,2,hgb,relative_plus_baseline,angry,0.16844375540266165
msp,loudness,20260922,2,hgb,relative_plus_baseline,happy,0.25977247409509224
msp,loudness,20260922,2,hgb,relative_plus_baseline,neutral,0.32729323047152536
msp,loudness,20260922,2,hgb,relative_plus_baseline,sad,0.20126490265712957
msp,loudness,20260922,2,hgb,relative_plus_baseline,surprise,0.057120147089251144
msp,loudness,20260922,3,logistic,absolute,angry,0.23708017996156058
msp,loudness,20260922,3,logistic,absolute,happy,0.1294604416502931
msp,loudness,20260922,3,logistic,absolute,neutral,0.17093520212723798
msp,loudness,20260922,3,logistic,absolute,sad,0.2573267290788458
msp,loudness,20260922,3,logistic,absolute,surprise,0.03929695160571131
msp,loudness,20260922,3,logistic,relative,angry,0.2191187790701871
msp,loudness,20260922,3,logistic,relative,happy,0.139582347250975
msp,loudness,20260922,3,logistic,relative,neutral,0.32809025820254223
msp,loudness,20260922,3,logistic,relative,sad,0.2556672320552917
msp,loudness,20260922,3,logistic,relative,surprise,0.04599532541108376
msp,loudness,20260922,3,logistic,relative_plus_baseline,angry,0.242369787964552
msp,loudness,20260922,3,logistic,relative_plus_baseline,happy,0.14497421056358017
msp,loudness,20260922,3,logistic,relative_plus_baseline,neutral,0.19425484503429283
msp,loudness,20260922,3,logistic,relative_plus_baseline,sad,0.2657506728071073
msp,loudness,20260922,3,logistic,relative_plus_baseline,surprise,0.059480533905385456
msp,loudness,20260922,3,hgb,absolute,angry,0.22773462142102227
msp,loudness,20260922,3,hgb,absolute,happy,0.18446784500378927
msp,loudness,20260922,3,hgb,absolute,neutral,0.11151884683095009
msp,loudness,20260922,3,hgb,absolute,sad,0.26091171270568075
msp,loudness,20260922,3,hgb,absolute,surprise,0.07911668394812091
msp,loudness,20260922,3,hgb,relative,angry,0.1927518986676148
msp,loudness,20260922,3,hgb,relative,happy,0.10357269060572824
msp,loudness,20260922,3,hgb,relative,neutral,0.4062305060812242
msp,loudness,20260922,3,hgb,relative,sad,0.24880872172228036
msp,loudness,20260922,3,hgb,relative,surprise,0.06611749832712752
msp,loudness,20260922,3,hgb,relative_plus_baseline,angry,0.17498181644487043
msp,loudness,20260922,3,hgb,relative_plus_baseline,happy,0.30689887412377714
msp,loudness,20260922,3,hgb,relative_plus_baseline,neutral,0.3009284816390942
msp,loudness,20260922,3,hgb,relative_plus_baseline,sad,0.250157088576686
msp,loudness,20260922,3,hgb,relative_plus_baseline,surprise,0.06515509185279296
msp,loudness,20260922,4,logistic,absolute,angry,0.2683902900571276
msp,loudness,20260922,4,logistic,absolute,happy,0.14461054019113273
msp,loudness,20260922,4,logistic,absolute,neutral,0.19339255707840322
msp,loudness,20260922,4,logistic,absolute,sad,0.23652492157392438
msp,loudness,20260922,4,logistic,absolute,surprise,0.035948778266385865
msp,loudness,20260922,4,logistic,relative,angry,0.26716116720118216
msp,loudness,20260922,4,logistic,relative,happy,0.15577977593455974
msp,loudness,20260922,4,logistic,relative,neutral,0.31714953425546927
msp,loudness,20260922,4,logistic,relative,sad,0.23283249632390893
msp,loudness,20260922,4,logistic,relative,surprise,0.04429944265270665
msp,loudness,20260922,4,logistic,relative_plus_baseline,angry,0.262591633291876
msp,loudness,20260922,4,logistic,relative_plus_baseline,happy,0.09053995459438284
msp,loudness,20260922,4,logistic,relative_plus_baseline,neutral,0.21406607742851944
msp,loudness,20260922,4,logistic,relative_plus_baseline,sad,0.24006528784043585
msp,loudness,20260922,4,logistic,relative_plus_baseline,surprise,0.0664221766759923
msp,loudness,20260922,4,hgb,absolute,angry,0.250761263363342
msp,loudness,20260922,4,hgb,absolute,happy,0.1407744675896138
msp,loudness,20260922,4,hgb,absolute,neutral,0.05100839297457014
msp,loudness,20260922,4,hgb,absolute,sad,0.2366250947312915
msp,loudness,20260922,4,hgb,absolute,surprise,0.06678500644346912
msp,loudness,20260922,4,hgb,relative,angry,0.20394011701453454
msp,loudness,20260922,4,hgb,relative,happy,0.12634513797486255
msp,loudness,20260922,4,hgb,relative,neutral,0.3967627201619732
msp,loudness,20260922,4,hgb,relative,sad,0.21815679356176507
msp,loudness,20260922,4,hgb,relative,surprise,0.06698332200596445
msp,loudness,20260922,4,hgb,relative_plus_baseline,angry,0.17036570293568423
msp,loudness,20260922,4,hgb,relative_plus_baseline,happy,0.2753206421780127
msp,loudness,20260922,4,hgb,relative_plus_baseline,neutral,0.34655289709490844
msp,loudness,20260922,4,hgb,relative_plus_baseline,sad,0.2137311658313447
msp,loudness,20260922,4,hgb,relative_plus_baseline,surprise,0.07798870678251836
msp,rate,20260920,0,logistic,absolute,angry,0.017409383238181135
msp,rate,20260920,0,logistic,absolute,happy,0.011320227599857678
msp,rate,20260920,0,logistic,absolute,neutral,0.5161284343715684
msp,rate,20260920,0,logistic,absolute,sad,0.20835993359115385
msp,rate,20260920,0,logistic,absolute,surprise,0.03052071854728058
msp,rate,20260920,0,logistic,relative,angry,0.18999940844490826
msp,rate,20260920,0,logistic,relative,happy,0.03164659778655541
msp,rate,20260920,0,logistic,relative,neutral,0.05207455234031161
msp,rate,20260920,0,logistic,relative,sad,0.03130444984603133
msp,rate,20260920,0,logistic,relative,surprise,0.0666369354224152
msp,rate,20260920,0,logistic,relative_plus_baseline,angry,0.16042865258718994
msp,rate,20260920,0,logistic,relative_plus_baseline,happy,0.011593139640528197
msp,rate,20260920,0,logistic,relative_plus_baseline,neutral,0.29907851759198933
msp,rate,20260920,0,logistic,relative_plus_baseline,sad,0.18229965266418555
msp,rate,20260920,0,logistic,relative_plus_baseline,surprise,0.07232497323423176
msp,rate,20260920,0,hgb,absolute,angry,0.10223946974335298
msp,rate,20260920,0,hgb,absolute,happy,0.1552331396919033
msp,rate,20260920,0,hgb,absolute,neutral,0.3071675742158335
msp,rate,20260920,0,hgb,absolute,sad,0.1868123797970767
msp,rate,20260920,0,hgb,absolute,surprise,0.060987136684164105
msp,rate,20260920,0,hgb,relative,angry,0.1425724116281583
msp,rate,20260920,0,hgb,relative,happy,0.15499204394497157
msp,rate,20260920,0,hgb,relative,neutral,0.3603506015671675
msp,rate,20260920,0,hgb,relative,sad,0.14994047084430945
msp,rate,20260920,0,hgb,relative,surprise,0.05931627358275699
msp,rate,20260920,0,hgb,relative_plus_baseline,angry,0.09620899964165316
msp,rate,20260920,0,hgb,relative_plus_baseline,happy,0.19949925038743963
msp,rate,20260920,0,hgb,relative_plus_baseline,neutral,0.2931395200087053
msp,rate,20260920,0,hgb,relative_plus_baseline,sad,0.21753206886892312
msp,rate,20260920,0,hgb,relative_plus_baseline,surprise,0.061595958575212065
msp,rate,20260920,1,logistic,absolute,angry,0.008092697103228071
msp,rate,20260920,1,logistic,absolute,happy,0.026898808557939895
msp,rate,20260920,1,logistic,absolute,neutral,0.5322229548855119
msp,rate,20260920,1,logistic,absolute,sad,0.2146342544956981
msp,rate,20260920,1,logistic,absolute,surprise,0.021028665521827507
msp,rate,20260920,1,logistic,relative,angry,0.20368661632664764
msp,rate,20260920,1,logistic,relative,happy,0.0380972582088864
msp,rate,20260920,1,logistic,relative,neutral,0.04622865146823532
msp,rate,20260920,1,logistic,relative,sad,0.032119562395725644
msp,rate,20260920,1,logistic,relative,surprise,0.06485502708199116
msp,rate,20260920,1,logistic,relative_plus_baseline,angry,0.15191109864587757
msp,rate,20260920,1,logistic,relative_plus_baseline,happy,0.018792250615986193
msp,rate,20260920,1,logistic,relative_plus_baseline,neutral,0.3508272995087314
msp,rate,20260920,1,logistic,relative_plus_baseline,sad,0.16518396642566271
msp,rate,20260920,1,logistic,relative_plus_baseline,surprise,0.06631670710772139
msp,rate,20260920,1,hgb,absolute,angry,0.14369775251255998
msp,rate,20260920,1,hgb,absolute,happy,0.1752365000461473
msp,rate,20260920,1,hgb,absolute,neutral,0.3546019776883527
msp,rate,20260920,1,hgb,absolute,sad,0.181729622871181
msp,rate,20260920,1,hgb,absolute,surprise,0.0560791743037363
msp,rate,20260920,1,hgb,relative,angry,0.1674688813489812
msp,rate,20260920,1,hgb,relative,happy,0.14328252424288185
msp,rate,20260920,1,hgb,relative,neutral,0.3511040021993658
msp,rate,20260920,1,hgb,relative,sad,0.18192969299932424
msp,rate,20260920,1,hgb,relative,surprise,0.06029226315704412
msp,rate,20260920,1,hgb,relative_plus_baseline,angry,0.10368932109608746
msp,rate,20260920,1,hgb,relative_plus_baseline,happy,0.22899793872147417
msp,rate,20260920,1,hgb,relative_plus_baseline,neutral,0.3450133677275491
msp,rate,20260920,1,hgb,relative_plus_baseline,sad,0.1753829513120044
msp,rate,20260920,1,hgb,relative_plus_baseline,surprise,0.05077772577578415
msp,rate,20260920,2,logistic,absolute,angry,0.01440927982309694
msp,rate,20260920,2,logistic,absolute,happy,0.0031243917038257184
msp,rate,20260920,2,logistic,absolute,neutral,0.5129755598610077
msp,rate,20260920,2,logistic,absolute,sad,0.22896399267187947
msp,rate,20260920,2,logistic,absolute,surprise,0.016109275791457284
msp,rate,20260920,2,logistic,relative,angry,0.18237444347660695
msp,rate,20260920,2,logistic,relative,happy,0.04110606419749862
msp,rate,20260920,2,logistic,relative,neutral,0.042691742675677026
msp,rate,20260920,2,logistic,relative,sad,0.020942473441949532
msp,rate,20260920,2,logistic,relative,surprise,0.06089695582930642
msp,rate,20260920,2,logistic,relative_plus_baseline,angry,0.16263554805495833
msp,rate,20260920,2,logistic,relative_plus_baseline,happy,0.02305622256314217
msp,rate,20260920,2,logistic,relative_plus_baseline,neutral,0.28585611889687595
msp,rate,20260920,2,logistic,relative_plus_baseline,sad,0.19022506892720015
msp,rate,20260920,2,logistic,relative_plus_baseline,surprise,0.06062346294356121
msp,rate,20260920,2,hgb,absolute,angry,0.13476455158492506
msp,rate,20260920,2,hgb,absolute,happy,0.16785659381498771
msp,rate,20260920,2,hgb,absolute,neutral,0.31989565311747925
msp,rate,20260920,2,hgb,absolute,sad,0.2056701189744176
msp,rate,20260920,2,hgb,absolute,surprise,0.059639824026734845
msp,rate,20260920,2,hgb,relative,angry,0.1428935957913991
msp,rate,20260920,2,hgb,relative,happy,0.18101839980789391
msp,rate,20260920,2,hgb,relative,neutral,0.30798656822278936
msp,rate,20260920,2,hgb,relative,sad,0.18494801337656291
msp,rate,20260920,2,hgb,relative,surprise,0.05707610350963751
msp,rate,20260920,2,hgb,relative_plus_baseline,angry,0.05332429411465763
msp,rate,20260920,2,hgb,relative_plus_baseline,happy,0.2497900929326306
msp,rate,20260920,2,hgb,relative_plus_baseline,neutral,0.2842813913783999
msp,rate,20260920,2,hgb,relative_plus_baseline,sad,0.23420673771273165
msp,rate,20260920,2,hgb,relative_plus_baseline,surprise,0.06798797883479227
msp,rate,20260920,3,logistic,absolute,angry,0.01115776358181969
msp,rate,20260920,3,logistic,absolute,happy,0.024615356352620674
msp,rate,20260920,3,logistic,absolute,neutral,0.5028267731255573
msp,rate,20260920,3,logistic,absolute,sad,0.20887609803755333
msp,rate,20260920,3,logistic,absolute,surprise,0.02353775156573494
msp,rate,20260920,3,logistic,relative,angry,0.1901400274699896
msp,rate,20260920,3,logistic,relative,happy,0.0409592713106853
msp,rate,20260920,3,logistic,relative,neutral,0.04517216904619729
msp,rate,20260920,3,logistic,relative,sad,0.026948809819509256
msp,rate,20260920,3,logistic,relative,surprise,0.062247406431166497
msp,rate,20260920,3,logistic,relative_plus_baseline,angry,0.14173458619535823
msp,rate,20260920,3,logistic,relative_plus_baseline,happy,0.01632132873434996
msp,rate,20260920,3,logistic,relative_plus_baseline,neutral,0.34789726308559904
msp,rate,20260920,3,logistic,relative_plus_baseline,sad,0.16237053766369414
msp,rate,20260920,3,logistic,relative_plus_baseline,surprise,0.07016950855540956
msp,rate,20260920,3,hgb,absolute,angry,0.13275357173016078
msp,rate,20260920,3,hgb,absolute,happy,0.1646195315585015
msp,rate,20260920,3,hgb,absolute,neutral,0.3121770122376062
msp,rate,20260920,3,hgb,absolute,sad,0.17845609705642723
msp,rate,20260920,3,hgb,absolute,surprise,0.06835609607935841
msp,rate,20260920,3,hgb,relative,angry,0.15725014008159086
msp,rate,20260920,3,hgb,relative,happy,0.16298225527114213
msp,rate,20260920,3,hgb,relative,neutral,0.3279753149298746
msp,rate,20260920,3,hgb,relative,sad,0.17234773364011344
msp,rate,20260920,3,hgb,relative,surprise,0.05694034196551432
msp,rate,20260920,3,hgb,relative_plus_baseline,angry,0.09103592172071907
msp,rate,20260920,3,hgb,relative_plus_baseline,happy,0.237910577947003
msp,rate,20260920,3,hgb,relative_plus_baseline,neutral,0.31371462736200756
msp,rate,20260920,3,hgb,relative_plus_baseline,sad,0.20449338320593505
msp,rate,20260920,3,hgb,relative_plus_baseline,surprise,0.06126298015401479
msp,rate,20260920,4,logistic,absolute,angry,0.17111324802156924
msp,rate,20260920,4,logistic,absolute,happy,0.052371789698477576
msp,rate,20260920,4,logistic,absolute,neutral,0.019185114280096074
msp,rate,20260920,4,logistic,absolute,sad,0.21863102980249083
msp,rate,20260920,4,logistic,absolute,surprise,0.008355021600079372
msp,rate,20260920,4,logistic,relative,angry,0.1699924542294475
msp,rate,20260920,4,logistic,relative,happy,0.036861795077029344
msp,rate,20260920,4,logistic,relative,neutral,0.04618089803764938
msp,rate,20260920,4,logistic,relative,sad,0.020701452013084418
msp,rate,20260920,4,logistic,relative,surprise,0.06654210648807832
msp,rate,20260920,4,logistic,relative_plus_baseline,angry,0.16739615263596205
msp,rate,20260920,4,logistic,relative_plus_baseline,happy,0.014217396707606038
msp,rate,20260920,4,logistic,relative_plus_baseline,neutral,0.11938343181590162
msp,rate,20260920,4,logistic,relative_plus_baseline,sad,0.20145244848168528
msp,rate,20260920,4,logistic,relative_plus_baseline,surprise,0.06659606705428363
msp,rate,20260920,4,hgb,absolute,angry,0.14299496764113734
msp,rate,20260920,4,hgb,absolute,happy,0.10637322095792676
msp,rate,20260920,4,hgb,absolute,neutral,0.2431513287927586
msp,rate,20260920,4,hgb,absolute,sad,0.19798933352331732
msp,rate,20260920,4,hgb,absolute,surprise,0.05821058967591025
msp,rate,20260920,4,hgb,relative,angry,0.1540216689705469
msp,rate,20260920,4,hgb,relative,happy,0.12837201288181613
msp,rate,20260920,4,hgb,relative,neutral,0.3052859202168408
msp,rate,20260920,4,hgb,relative,sad,0.17586663361151994
msp,rate,20260920,4,hgb,relative,surprise,0.057154264404096246
msp,rate,20260920,4,hgb,relative_plus_baseline,angry,0.12885491119923634
msp,rate,20260920,4,hgb,relative_plus_baseline,happy,0.1891522807657448
msp,rate,20260920,4,hgb,relative_plus_baseline,neutral,0.3450206120546612
msp,rate,20260920,4,hgb,relative_plus_baseline,sad,0.18032621448512054
msp,rate,20260920,4,hgb,relative_plus_baseline,surprise,0.057281603965603084
msp,rate,20260921,0,logistic,absolute,angry,0.02647556355088546
msp,rate,20260921,0,logistic,absolute,happy,0.05543785802056598
msp,rate,20260921,0,logistic,absolute,neutral,0.5155983141769062
msp,rate,20260921,0,logistic,absolute,sad,0.1976610515043016
msp,rate,20260921,0,logistic,absolute,surprise,0.0
msp,rate,20260921,0,logistic,relative,angry,0.18591982242799712
msp,rate,20260921,0,logistic,relative,happy,0.02886929166528065
msp,rate,20260921,0,logistic,relative,neutral,0.05683433608110908
msp,rate,20260921,0,logistic,relative,sad,0.02324624970001512
msp,rate,20260921,0,logistic,relative,surprise,0.07328319309118898
msp,rate,20260921,0,logistic,relative_plus_baseline,angry,0.13500633759306357
msp,rate,20260921,0,logistic,relative_plus_baseline,happy,0.015615761193713787
msp,rate,20260921,0,logistic,relative_plus_baseline,neutral,0.2906444447853029
msp,rate,20260921,0,logistic,relative_plus_baseline,sad,0.15983986211213902
msp,rate,20260921,0,logistic,relative_plus_baseline,surprise,0.07076548575028242
msp,rate,20260921,0,hgb,absolute,angry,0.1391871340525419
msp,rate,20260921,0,hgb,absolute,happy,0.14292336710376036
msp,rate,20260921,0,hgb,absolute,neutral,0.29284982477936283
msp,rate,20260921,0,hgb,absolute,sad,0.16232903024975476
msp,rate,20260921,0,hgb,absolute,surprise,0.05709527576732022
msp,rate,20260921,0,hgb,relative,angry,0.15703703444952954
msp,rate,20260921,0,hgb,relative,happy,0.15872570946024256
msp,rate,20260921,0,hgb,relative,neutral,0.3584266848726111
msp,rate,20260921,0,hgb,relative,sad,0.14953489136030515
msp,rate,20260921,0,hgb,relative,surprise,0.0666760763842871
msp,rate,20260921,0,hgb,relative_plus_baseline,angry,0.11571732221119482
msp,rate,20260921,0,hgb,relative_plus_baseline,happy,0.16550200808222457
msp,rate,20260921,0,hgb,relative_plus_baseline,neutral,0.3663424863269273
msp,rate,20260921,0,hgb,relative_plus_baseline,sad,0.16274632600851768
msp,rate,20260921,0,hgb,relative_plus_baseline,surprise,0.07191641090495994
msp,rate,20260921,1,logistic,absolute,angry,0.016338540414625395
msp,rate,20260921,1,logistic,absolute,happy,0.005759844767863588
msp,rate,20260921,1,logistic,absolute,neutral,0.5157148015239876
msp,rate,20260921,1,logistic,absolute,sad,0.21707323615386406
msp,rate,20260921,1,logistic,absolute,surprise,0.014018635780680161
msp,rate,20260921,1,logistic,relative,angry,0.18329953030203516
msp,rate,20260921,1,logistic,relative,happy,0.030418643616336793
msp,rate,20260921,1,logistic,relative,neutral,0.03963130690387597
msp,rate,20260921,1,logistic,relative,sad,0.023754546855952567
msp,rate,20260921,1,logistic,relative,surprise,0.06863206858256647
msp,rate,20260921,1,logistic,relative_plus_baseline,angry,0.13469767077711806
msp,rate,20260921,1,logistic,relative_plus_baseline,happy,0.015199934694580612
msp,rate,20260921,1,logistic,relative_plus_baseline,neutral,0.235493202107727
msp,rate,20260921,1,logistic,relative_plus_baseline,sad,0.19391748556088123
msp,rate,20260921,1,logistic,relative_plus_baseline,surprise,0.06615631609781233
msp,rate,20260921,1,hgb,absolute,angry,0.12762690517260653
msp,rate,20260921,1,hgb,absolute,happy,0.1874590129950262
msp,rate,20260921,1,hgb,absolute,neutral,0.27620960982499987
msp,rate,20260921,1,hgb,absolute,sad,0.19113449127118254
msp,rate,20260921,1,hgb,absolute,surprise,0.06347117244160537
msp,rate,20260921,1,hgb,relative,angry,0.14926871463281974
msp,rate,20260921,1,hgb,relative,happy,0.16874726464833958
msp,rate,20260921,1,hgb,relative,neutral,0.29290497158092305
msp,rate,20260921,1,hgb,relative,sad,0.1821743025179911
msp,rate,20260921,1,hgb,relative,surprise,0.06584252392112684
msp,rate,20260921,1,hgb,relative_plus_baseline,angry,0.09048238646188453
msp,rate,20260921,1,hgb,relative_plus_baseline,happy,0.2032264935451518
msp,rate,20260921,1,hgb,relative_plus_baseline,neutral,0.31152759292065835
msp,rate,20260921,1,hgb,relative_plus_baseline,sad,0.1798394138058192
msp,rate,20260921,1,hgb,relative_plus_baseline,surprise,0.06785292315237978
msp,rate,20260921,2,logistic,absolute,angry,0.016589825517044802
msp,rate,20260921,2,logistic,absolute,happy,0.020150144005082048
msp,rate,20260921,2,logistic,absolute,neutral,0.5100057574804834
msp,rate,20260921,2,logistic,absolute,sad,0.2010876465499804
msp,rate,20260921,2,logistic,absolute,surprise,0.024163017192329557
msp,rate,20260921,2,logistic,relative,angry,0.19449604995697414
msp,rate,20260921,2,logistic,relative,happy,0.03382454255104383
msp,rate,20260921,2,logistic,relative,neutral,0.04506800715645374
msp,rate,20260921,2,logistic,relative,sad,0.030264948131477832
msp,rate,20260921,2,logistic,relative,surprise,0.06425401794068118
msp,rate,20260921,2,logistic,relative_plus_baseline,angry,0.16852143748546197
msp,rate,20260921,2,logistic,relative_plus_baseline,happy,0.020213898811398658
msp,rate,20260921,2,logistic,relative_plus_baseline,neutral,0.2571723785276182
msp,rate,20260921,2,logistic,relative_plus_baseline,sad,0.17869450239233275
msp,rate,20260921,2,logistic,relative_plus_baseline,surprise,0.06683932359688438
msp,rate,20260921,2,hgb,absolute,angry,0.13059933684676991
msp,rate,20260921,2,hgb,absolute,happy,0.17836299942136416
msp,rate,20260921,2,hgb,absolute,neutral,0.26425877221951655
msp,rate,20260921,2,hgb,absolute,sad,0.1712985196368016
msp,rate,20260921,2,hgb,absolute,surprise,0.054899384657814514
msp,rate,20260921,2,hgb,relative,angry,0.15240307824725174
msp,rate,20260921,2,hgb,relative,happy,0.16229725880452722
msp,rate,20260921,2,hgb,relative,neutral,0.34513892868655693
msp,rate,20260921,2,hgb,relative,sad,0.1466750217598243
msp,rate,20260921,2,hgb,relative,surprise,0.053412995887428455
msp,rate,20260921,2,hgb,relative_plus_baseline,angry,0.07742100779898131
msp,rate,20260921,2,hgb,relative_plus_baseline,happy,0.2453538622295272
msp,rate,20260921,2,hgb,relative_plus_baseline,neutral,0.2852458510648207
msp,rate,20260921,2,hgb,relative_plus_baseline,sad,0.21283426653134457
msp,rate,20260921,2,hgb,relative_plus_baseline,surprise,0.05839787514907525
msp,rate,20260921,3,logistic,absolute,angry,0.026118503054579335
msp,rate,20260921,3,logistic,absolute,happy,0.019287107114158174
msp,rate,20260921,3,logistic,absolute,neutral,0.5129467045317219
msp,rate,20260921,3,logistic,absolute,sad,0.23637281173800379
msp,rate,20260921,3,logistic,absolute,surprise,0.03613851716400206
msp,rate,20260921,3,logistic,relative,angry,0.17459198420383984
msp,rate,20260921,3,logistic,relative,happy,0.0456229344190595
msp,rate,20260921,3,logistic,relative,neutral,0.05254216449953481
msp,rate,20260921,3,logistic,relative,sad,0.03167791399572967
msp,rate,20260921,3,logistic,relative,surprise,0.05629593833176324
msp,rate,20260921,3,logistic,relative_plus_baseline,angry,0.16913868522905065
msp,rate,20260921,3,logistic,relative_plus_baseline,happy,0.021969592280063573
msp,rate,20260921,3,logistic,relative_plus_baseline,neutral,0.3402854909055249
msp,rate,20260921,3,logistic,relative_plus_baseline,sad,0.22192233307560993
msp,rate,20260921,3,logistic,relative_plus_baseline,surprise,0.06585837006078259
msp,rate,20260921,3,hgb,absolute,angry,0.13632917808494516
msp,rate,20260921,3,hgb,absolute,happy,0.14689898153425585
msp,rate,20260921,3,hgb,absolute,neutral,0.3269523512312133
msp,rate,20260921,3,hgb,absolute,sad,0.21192996849952078
msp,rate,20260921,3,hgb,absolute,surprise,0.05853080726117353
msp,rate,20260921,3,hgb,relative,angry,0.15368025705834756
msp,rate,20260921,3,hgb,relative,happy,0.11918017999946566
msp,rate,20260921,3,hgb,relative,neutral,0.34771585216344164
msp,rate,20260921,3,hgb,relative,sad,0.18595534173527367
msp,rate,20260921,3,hgb,relative,surprise,0.05011142971760703
msp,rate,20260921,3,hgb,relative_plus_baseline,angry,0.07531762805166936
msp,rate,20260921,3,hgb,relative_plus_baseline,happy,0.20049798020492018
msp,rate,20260921,3,hgb,relative_plus_baseline,neutral,0.33567005033233255
msp,rate,20260921,3,hgb,relative_plus_baseline,sad,0.2302652454111131
msp,rate,20260921,3,hgb,relative_plus_baseline,surprise,0.04620070739075408
msp,rate,20260921,4,logistic,absolute,angry,0.019932888897823898
msp,rate,20260921,4,logistic,absolute,happy,0.02035620880553963
msp,rate,20260921,4,logistic,absolute,neutral,0.5153853520564989
msp,rate,20260921,4,logistic,absolute,sad,0.22896896049546026
msp,rate,20260921,4,logistic,absolute,surprise,0.031058947243519226
msp,rate,20260921,4,logistic,relative,angry,0.1982149871719152
msp,rate,20260921,4,logistic,relative,happy,0.04038128465054911
msp,rate,20260921,4,logistic,relative,neutral,0.046895000856483904
msp,rate,20260921,4,logistic,relative,sad,0.0230226025716333
msp,rate,20260921,4,logistic,relative,surprise,0.05863720365414339
msp,rate,20260921,4,logistic,relative_plus_baseline,angry,0.1707612692506708
msp,rate,20260921,4,logistic,relative_plus_baseline,happy,0.011956773816314806
msp,rate,20260921,4,logistic,relative_plus_baseline,neutral,0.3127847377460784
msp,rate,20260921,4,logistic,relative_plus_baseline,sad,0.1622020038130093
msp,rate,20260921,4,logistic,relative_plus_baseline,surprise,0.07088388937045322
msp,rate,20260921,4,hgb,absolute,angry,0.13125977974088668
msp,rate,20260921,4,hgb,absolute,happy,0.1849585387906473
msp,rate,20260921,4,hgb,absolute,neutral,0.2927398199518601
msp,rate,20260921,4,hgb,absolute,sad,0.18786226490152308
msp,rate,20260921,4,hgb,absolute,surprise,0.06057967184248028
msp,rate,20260921,4,hgb,relative,angry,0.1597548091998301
msp,rate,20260921,4,hgb,relative,happy,0.1298274746803144
msp,rate,20260921,4,hgb,relative,neutral,0.36299676885752835
msp,rate,20260921,4,hgb,relative,sad,0.18409176191473448
msp,rate,20260921,4,hgb,relative,surprise,0.054225925848171604
msp,rate,20260921,4,hgb,relative_plus_baseline,angry,0.11204945274891495
msp,rate,20260921,4,hgb,relative_plus_baseline,happy,0.2206932555393662
msp,rate,20260921,4,hgb,relative_plus_baseline,neutral,0.32163745188104625
msp,rate,20260921,4,hgb,relative_plus_baseline,sad,0.20721405418093822
msp,rate,20260921,4,hgb,relative_plus_baseline,surprise,0.06157734159410813
msp,rate,20260922,0,logistic,absolute,angry,0.019846153567156348
msp,rate,20260922,0,logistic,absolute,happy,0.005338128168631568
msp,rate,20260922,0,logistic,absolute,neutral,0.4978187151406507
msp,rate,20260922,0,logistic,absolute,sad,0.2233397105849654
msp,rate,20260922,0,logistic,absolute,surprise,0.033977768348787574
msp,rate,20260922,0,logistic,relative,angry,0.17914992228697194
msp,rate,20260922,0,logistic,relative,happy,0.029742435239135435
msp,rate,20260922,0,logistic,relative,neutral,0.04310897002658059
msp,rate,20260922,0,logistic,relative,sad,0.027274230318291428
msp,rate,20260922,0,logistic,relative,surprise,0.06797464197327013
msp,rate,20260922,0,logistic,relative_plus_baseline,angry,0.13774292076279931
msp,rate,20260922,0,logistic,relative_plus_baseline,happy,0.009823510389397765
msp,rate,20260922,0,logistic,relative_plus_baseline,neutral,0.32348311644187216
msp,rate,20260922,0,logistic,relative_plus_baseline,sad,0.18890619960464478
msp,rate,20260922,0,logistic,relative_plus_baseline,surprise,0.06973649387853763
msp,rate,20260922,0,hgb,absolute,angry,0.11614651965370636
msp,rate,20260922,0,hgb,absolute,happy,0.15366790463502136
msp,rate,20260922,0,hgb,absolute,neutral,0.32049538978215836
msp,rate,20260922,0,hgb,absolute,sad,0.18724302616140479
msp,rate,20260922,0,hgb,absolute,surprise,0.06340272175299122
msp,rate,20260922,0,hgb,relative,angry,0.15383032332834448
msp,rate,20260922,0,hgb,relative,happy,0.1515938671981814
msp,rate,20260922,0,hgb,relative,neutral,0.32772775868996323
msp,rate,20260922,0,hgb,relative,sad,0.16800428338556142
msp,rate,20260922,0,hgb,relative,surprise,0.05865405694912961
msp,rate,20260922,0,hgb,relative_plus_baseline,angry,0.0837798414627668
msp,rate,20260922,0,hgb,relative_plus_baseline,happy,0.26128413046764043
msp,rate,20260922,0,hgb,relative_plus_baseline,neutral,0.2742193919057547
msp,rate,20260922,0,hgb,relative_plus_baseline,sad,0.1919046302239434
msp,rate,20260922,0,hgb,relative_plus_baseline,surprise,0.0733699454095247
msp,rate,20260922,1,logistic,absolute,angry,0.025816933705497674
msp,rate,20260922,1,logistic,absolute,happy,0.01633371613168438
msp,rate,20260922,1,logistic,absolute,neutral,0.5281521572486145
msp,rate,20260922,1,logistic,absolute,sad,0.21552017893569064
msp,rate,20260922,1,logistic,absolute,surprise,0.02298654633988221
msp,rate,20260922,1,logistic,relative,angry,0.19102859641150932
msp,rate,20260922,1,logistic,relative,happy,0.03366472349447641
msp,rate,20260922,1,logistic,relative,neutral,0.05871958844273197
msp,rate,20260922,1,logistic,relative,sad,0.023326718708704577
msp,rate,20260922,1,logistic,relative,surprise,0.05602980819699536
msp,rate,20260922,1,logistic,relative_plus_baseline,angry,0.17881773813627533
msp,rate,20260922,1,logistic,relative_plus_baseline,happy,0.0140193065631319
msp,rate,20260922,1,logistic,relative_plus_baseline,neutral,0.26662887947343544
msp,rate,20260922,1,logistic,relative_plus_baseline,sad,0.17547866008293847
msp,rate,20260922,1,logistic,relative_plus_baseline,surprise,0.06163000422215999
msp,rate,20260922,1,hgb,absolute,angry,0.14211843952709033
msp,rate,20260922,1,hgb,absolute,happy,0.17066721199937124
msp,rate,20260922,1,hgb,absolute,neutral,0.3053042904262585
msp,rate,20260922,1,hgb,absolute,sad,0.1731821527993883
msp,rate,20260922,1,hgb,absolute,surprise,0.051270983745770896
msp,rate,20260922,1,hgb,relative,angry,0.1592731785270309
msp,rate,20260922,1,hgb,relative,happy,0.16232834957718853
msp,rate,20260922,1,hgb,relative,neutral,0.3042768450252882
msp,rate,20260922,1,hgb,relative,sad,0.15088154212583493
msp,rate,20260922,1,hgb,relative,surprise,0.05328249289778984
msp,rate,20260922,1,hgb,relative_plus_baseline,angry,0.1348822541417052
msp,rate,20260922,1,hgb,relative_plus_baseline,happy,0.19898863833600894
msp,rate,20260922,1,hgb,relative_plus_baseline,neutral,0.32913167166386326
msp,rate,20260922,1,hgb,relative_plus_baseline,sad,0.19681313013253193
msp,rate,20260922,1,hgb,relative_plus_baseline,surprise,0.049380714849834195
msp,rate,20260922,2,logistic,absolute,angry,0.009143549840882495
msp,rate,20260922,2,logistic,absolute,happy,0.01693469237178242
msp,rate,20260922,2,logistic,absolute,neutral,0.5095778396988898
msp,rate,20260922,2,logistic,absolute,sad,0.21379279956232292
msp,rate,20260922,2,logistic,absolute,surprise,0.023052443419203577
msp,rate,20260922,2,logistic,relative,angry,0.1903434663620648
msp,rate,20260922,2,logistic,relative,happy,0.0445498454577538
msp,rate,20260922,2,logistic,relative,neutral,0.04475310941388837
msp,rate,20260922,2,logistic,relative,sad,0.21077162853802683
msp,rate,20260922,2,logistic,relative,surprise,0.03755655235887703
msp,rate,20260922,2,logistic,relative_plus_baseline,angry,0.16429502950512076
msp,rate,20260922,2,logistic,relative_plus_baseline,happy,0.014875905032751366
msp,rate,20260922,2,logistic,relative_plus_baseline,neutral,0.32334841993887264
msp,rate,20260922,2,logistic,relative_plus_baseline,sad,0.17185044603974084
msp,rate,20260922,2,logistic,relative_plus_baseline,surprise,0.07812170424563329
msp,rate,20260922,2,hgb,absolute,angry,0.14186456363359318
msp,rate,20260922,2,hgb,absolute,happy,0.1209030267570743
msp,rate,20260922,2,hgb,absolute,neutral,0.31335968759244526
msp,rate,20260922,2,hgb,absolute,sad,0.20467330436770173
msp,rate,20260922,2,hgb,absolute,surprise,0.07633283357006475
msp,rate,20260922,2,hgb,relative,angry,0.15197857787333754
msp,rate,20260922,2,hgb,relative,happy,0.13983024915464518
msp,rate,20260922,2,hgb,relative,neutral,0.32082818515611655
msp,rate,20260922,2,hgb,relative,sad,0.17399672455203352
msp,rate,20260922,2,hgb,relative,surprise,0.07445341693601233
msp,rate,20260922,2,hgb,relative_plus_baseline,angry,0.09491103017067394
msp,rate,20260922,2,hgb,relative_plus_baseline,happy,0.20277498827972606
msp,rate,20260922,2,hgb,relative_plus_baseline,neutral,0.3491976514381311
msp,rate,20260922,2,hgb,relative_plus_baseline,sad,0.20877601852249747
msp,rate,20260922,2,hgb,relative_plus_baseline,surprise,0.07038381740939725
msp,rate,20260922,3,logistic,absolute,angry,0.014055219246806711
msp,rate,20260922,3,logistic,absolute,happy,0.01454402733002732
msp,rate,20260922,3,logistic,absolute,neutral,0.5097887383654685
msp,rate,20260922,3,logistic,absolute,sad,0.2207615582512287
msp,rate,20260922,3,logistic,absolute,surprise,0.022865894237528068
msp,rate,20260922,3,logistic,relative,angry,0.1936617938776588
msp,rate,20260922,3,logistic,relative,happy,0.04034011309198921
msp,rate,20260922,3,logistic,relative,neutral,0.04265271635449878
msp,rate,20260922,3,logistic,relative,sad,0.2047361377706588
msp,rate,20260922,3,logistic,relative,surprise,0.01150911151578454
msp,rate,20260922,3,logistic,relative_plus_baseline,angry,0.13909430092631275
msp,rate,20260922,3,logistic,relative_plus_baseline,happy,0.016587194421188268
msp,rate,20260922,3,logistic,relative_plus_baseline,neutral,0.23575296229821985
msp,rate,20260922,3,logistic,relative_plus_baseline,sad,0.1911749103563228
msp,rate,20260922,3,logistic,relative_plus_baseline,surprise,0.06869579275822812
msp,rate,20260922,3,hgb,absolute,angry,0.1407494255462861
msp,rate,20260922,3,hgb,absolute,happy,0.18793893337905185
msp,rate,20260922,3,hgb,absolute,neutral,0.26901076248491324
msp,rate,20260922,3,hgb,absolute,sad,0.1870273054759006
msp,rate,20260922,3,hgb,absolute,surprise,0.06957143023649309
msp,rate,20260922,3,hgb,relative,angry,0.15653798369140876
msp,rate,20260922,3,hgb,relative,happy,0.14148874458201763
msp,rate,20260922,3,hgb,relative,neutral,0.3368080802822915
msp,rate,20260922,3,hgb,relative,sad,0.16418198122204286
msp,rate,20260922,3,hgb,relative,surprise,0.05403330697764245
msp,rate,20260922,3,hgb,relative_plus_baseline,angry,0.07545399548970638
msp,rate,20260922,3,hgb,relative_plus_baseline,happy,0.24881713947157705
msp,rate,20260922,3,hgb,relative_plus_baseline,neutral,0.296113177766277
msp,rate,20260922,3,hgb,relative_plus_baseline,sad,0.2099963972258359
msp,rate,20260922,3,hgb,relative_plus_baseline,surprise,0.06760015731293746
msp,rate,20260922,4,logistic,absolute,angry,0.016669398208469688
msp,rate,20260922,4,logistic,absolute,happy,0.011956597874575403
msp,rate,20260922,4,logistic,absolute,neutral,0.5263867510753761
msp,rate,20260922,4,logistic,absolute,sad,0.20773594515571364
msp,rate,20260922,4,logistic,absolute,surprise,0.02335579263632941
msp,rate,20260922,4,logistic,relative,angry,0.18167803284510434
msp,rate,20260922,4,logistic,relative,happy,0.0423658229062458
msp,rate,20260922,4,logistic,relative,neutral,0.04826189316435884
msp,rate,20260922,4,logistic,relative,sad,0.03541983685722128
msp,rate,20260922,4,logistic,relative,surprise,0.058177171332920746
msp,rate,20260922,4,logistic,relative_plus_baseline,angry,0.1692411306544639
msp,rate,20260922,4,logistic,relative_plus_baseline,happy,0.02407794290963512
msp,rate,20260922,4,logistic,relative_plus_baseline,neutral,0.30028425190021885
msp,rate,20260922,4,logistic,relative_plus_baseline,sad,0.1811219884458427
msp,rate,20260922,4,logistic,relative_plus_baseline,surprise,0.06375011298837435
msp,rate,20260922,4,hgb,absolute,angry,0.13258385711034068
msp,rate,20260922,4,hgb,absolute,happy,0.15268908460511557
msp,rate,20260922,4,hgb,absolute,neutral,0.2996422358891061
msp,rate,20260922,4,hgb,absolute,sad,0.18298576616303647
msp,rate,20260922,4,hgb,absolute,surprise,0.05851304651597346
msp,rate,20260922,4,hgb,relative,angry,0.15289074040759282
msp,rate,20260922,4,hgb,relative,happy,0.1521390668716214
msp,rate,20260922,4,hgb,relative,neutral,0.360851842770185
msp,rate,20260922,4,hgb,relative,sad,0.15482235948129375
msp,rate,20260922,4,hgb,relative,surprise,0.05311406813254487
msp,rate,20260922,4,hgb,relative_plus_baseline,angry,0.10663130219669971
msp,rate,20260922,4,hgb,relative_plus_baseline,happy,0.20586365828024106
msp,rate,20260922,4,hgb,relative_plus_baseline,neutral,0.3205126009868468
msp,rate,20260922,4,hgb,relative_plus_baseline,sad,0.2063995230084393
msp,rate,20260922,4,hgb,relative_plus_baseline,surprise,0.05372817939378479
meld,pitch,20260920,0,logistic,absolute,angry,0.29194496644511037
meld,pitch,20260920,0,logistic,absolute,happy,0.18530902286681053
meld,pitch,20260920,0,logistic,absolute,neutral,0.5623951387120798
meld,pitch,20260920,0,logistic,absolute,sad,0.0
meld,pitch,20260920,0,logistic,absolute,surprise,0.02523102374668011
meld,pitch,20260920,0,logistic,relative,angry,0.25509527025993334
meld,pitch,20260920,0,logistic,relative,happy,0.05821870527846884
meld,pitch,20260920,0,logistic,relative,neutral,0.6291211210479749
meld,pitch,20260920,0,logistic,relative,sad,0.03335517257850387
meld,pitch,20260920,0,logistic,relative,surprise,0.0
meld,pitch,20260920,0,logistic,relative_plus_baseline,angry,0.2627563350438963
meld,pitch,20260920,0,logistic,relative_plus_baseline,happy,0.06796048069322759
meld,pitch,20260920,0,logistic,relative_plus_baseline,neutral,0.5182518548226115
meld,pitch,20260920,0,logistic,relative_plus_baseline,sad,0.22377665386967752
meld,pitch,20260920,0,logistic,relative_plus_baseline,surprise,0.0
meld,pitch,20260920,0,hgb,absolute,angry,0.38037601450121694
meld,pitch,20260920,0,hgb,absolute,happy,0.11420435475233438
meld,pitch,20260920,0,hgb,absolute,neutral,0.37441277473998336
meld,pitch,20260920,0,hgb,absolute,sad,0.1669392798958015
meld,pitch,20260920,0,hgb,absolute,surprise,0.2151931333765622
meld,pitch,20260920,0,hgb,relative,angry,0.2685973885720838
meld,pitch,20260920,0,hgb,relative,happy,0.09589912922808118
meld,pitch,20260920,0,hgb,relative,neutral,0.46698716737714013
meld,pitch,20260920,0,hgb,relative,sad,0.07928806847242412
meld,pitch,20260920,0,hgb,relative,surprise,0.06227037212072979
meld,pitch,20260920,0,hgb,relative_plus_baseline,angry,0.12556236572158547
meld,pitch,20260920,0,hgb,relative_plus_baseline,happy,0.13397034872503974
meld,pitch,20260920,0,hgb,relative_plus_baseline,neutral,0.4919561204269674
meld,pitch,20260920,0,hgb,relative_plus_baseline,sad,0.30091170642425347
meld,pitch,20260920,0,hgb,relative_plus_baseline,surprise,0.16825976290806693
meld,pitch,20260920,1,logistic,absolute,angry,0.08945232787481636
meld,pitch,20260920,1,logistic,absolute,happy,0.08866491145919592
meld,pitch,20260920,1,logistic,absolute,neutral,0.6002060920030563
meld,pitch,20260920,1,logistic,absolute,sad,0.07362001005425006
meld,pitch,20260920,1,logistic,absolute,surprise,0.02145043017697474
meld,pitch,20260920,1,logistic,relative,angry,0.09060643195960462
meld,pitch,20260920,1,logistic,relative,happy,0.10826368838431491
meld,pitch,20260920,1,logistic,relative,neutral,0.5899163304518911
meld,pitch,20260920,1,logistic,relative,sad,0.05279569337948659
meld,pitch,20260920,1,logistic,relative,surprise,0.18780175413808092
meld,pitch,20260920,1,logistic,relative_plus_baseline,angry,0.06770672621748317
meld,pitch,20260920,1,logistic,relative_plus_baseline,happy,0.18543370241604767
meld,pitch,20260920,1,logistic,relative_plus_baseline,neutral,0.4733475991065025
meld,pitch,20260920,1,logistic,relative_plus_baseline,sad,0.2373325415109064
meld,pitch,20260920,1,logistic,relative_plus_baseline,surprise,0.026814109460195096
meld,pitch,20260920,1,hgb,absolute,angry,0.1053367434474162
meld,pitch,20260920,1,hgb,absolute,happy,0.15630175706116503
meld,pitch,20260920,1,hgb,absolute,neutral,0.4202669814477458
meld,pitch,20260920,1,hgb,absolute,sad,0.08041535285692208
meld,pitch,20260920,1,hgb,absolute,surprise,0.11968737327203598
meld,pitch,20260920,1,hgb,relative,angry,0.1072530692460302
meld,pitch,20260920,1,hgb,relative,happy,0.17742659677903355
meld,pitch,20260920,1,hgb,relative,neutral,0.4599557986914611
meld,pitch,20260920,1,hgb,relative,sad,0.11138393526055172
meld,pitch,20260920,1,hgb,relative,surprise,0.21001820771666188
meld,pitch,20260920,1,hgb,relative_plus_baseline,angry,0.044939197671691175
meld,pitch,20260920,1,hgb,relative_plus_baseline,happy,0.18666187015652716
meld,pitch,20260920,1,hgb,relative_plus_baseline,neutral,0.49050675083915074
meld,pitch,20260920,1,hgb,relative_plus_baseline,sad,0.08521689710610376
meld,pitch,20260920,1,hgb,relative_plus_baseline,surprise,0.23946425332238658
meld,pitch,20260920,2,logistic,absolute,angry,0.2566148234597355
meld,pitch,20260920,2,logistic,absolute,happy,0.02465817467328811
meld,pitch,20260920,2,logistic,absolute,neutral,0.6304631739479793
meld,pitch,20260920,2,logistic,absolute,sad,0.11074311404211838
meld,pitch,20260920,2,logistic,absolute,surprise,0.006761685927233106
meld,pitch,20260920,2,logistic,relative,angry,0.21120316650748486
meld,pitch,20260920,2,logistic,relative,happy,0.05702038096604859
meld,pitch,20260920,2,logistic,relative,neutral,0.5916628950944484
meld,pitch,20260920,2,logistic,relative,sad,0.06443740442661147
meld,pitch,20260920,2,logistic,relative,surprise,0.13263659159561172
meld,pitch,20260920,2,logistic,relative_plus_baseline,angry,0.26491712035328246
meld,pitch,20260920,2,logistic,relative_plus_baseline,happy,0.012122275383775546
meld,pitch,20260920,2,logistic,relative_plus_baseline,neutral,0.5321053890649075
meld,pitch,20260920,2,logistic,relative_plus_baseline,sad,0.09038238509428742
meld,pitch,20260920,2,logistic,relative_plus_baseline,surprise,0.04584005540342169
meld,pitch,20260920,2,hgb,absolute,angry,0.2309973831241419
meld,pitch,20260920,2,hgb,absolute,happy,0.29003865095368664
meld,pitch,20260920,2,hgb,absolute,neutral,0.4747418664669561
meld,pitch,20260920,2,hgb,absolute,sad,0.15398750925190846
meld,pitch,20260920,2,hgb,absolute,surprise,0.13094850230433333
meld,pitch,20260920,2,hgb,relative,angry,0.1792436212666963
meld,pitch,20260920,2,hgb,relative,happy,0.06817773197241896
meld,pitch,20260920,2,hgb,relative,neutral,0.479095619596188
meld,pitch,20260920,2,hgb,relative,sad,0.10557370347750734
meld,pitch,20260920,2,hgb,relative,surprise,0.18391337942049843
meld,pitch,20260920,2,hgb,relative_plus_baseline,angry,0.20078314535627034
meld,pitch,20260920,2,hgb,relative_plus_baseline,happy,0.2695327174372626
meld,pitch,20260920,2,hgb,relative_plus_baseline,neutral,0.5418646745176322
meld,pitch,20260920,2,hgb,relative_plus_baseline,sad,0.10627576582033658
meld,pitch,20260920,2,hgb,relative_plus_baseline,surprise,0.3112368976020204
meld,pitch,20260920,3,logistic,absolute,angry,0.13141920689272224
meld,pitch,20260920,3,logistic,absolute,happy,0.049234436505526176
meld,pitch,20260920,3,logistic,absolute,neutral,0.6048013392310506
meld,pitch,20260920,3,logistic,absolute,sad,0.07320894742568589
meld,pitch,20260920,3,logistic,absolute,surprise,0.08560495692835511
meld,pitch,20260920,3,logistic,relative,angry,0.1434042411102126
meld,pitch,20260920,3,logistic,relative,happy,0.04446594085538153
meld,pitch,20260920,3,logistic,relative,neutral,0.1317889639243458
meld,pitch,20260920,3,logistic,relative,sad,0.06393181446272805
meld,pitch,20260920,3,logistic,relative,surprise,0.24415054392526037
meld,pitch,20260920,3,logistic,relative_plus_baseline,angry,0.1446067166235651
meld,pitch,20260920,3,logistic,relative_plus_baseline,happy,0.0
meld,pitch,20260920,3,logistic,relative_plus_baseline,neutral,0.5281533969869916
meld,pitch,20260920,3,logistic,relative_plus_baseline,sad,0.021218405757168293
meld,pitch,20260920,3,logistic,relative_plus_baseline,surprise,0.06327684642782443
meld,pitch,20260920,3,hgb,absolute,angry,0.10861237599932001
meld,pitch,20260920,3,hgb,absolute,happy,0.10886863002136159
meld,pitch,20260920,3,hgb,absolute,neutral,0.39428007169826307
meld,pitch,20260920,3,hgb,absolute,sad,0.04440408434701277
meld,pitch,20260920,3,hgb,absolute,surprise,0.13230229000580426
meld,pitch,20260920,3,hgb,relative,angry,0.14154212328884097
meld,pitch,20260920,3,hgb,relative,happy,0.20043307693562712
meld,pitch,20260920,3,hgb,relative,neutral,0.4312876052385745
meld,pitch,20260920,3,hgb,relative,sad,0.06149756438043703
meld,pitch,20260920,3,hgb,relative,surprise,0.1290253715445362
meld,pitch,20260920,3,hgb,relative_plus_baseline,angry,0.08864971135410224
meld,pitch,20260920,3,hgb,relative_plus_baseline,happy,0.08527341697248177
meld,pitch,20260920,3,hgb,relative_plus_baseline,neutral,0.3957828910708972
meld,pitch,20260920,3,hgb,relative_plus_baseline,sad,0.013186877695484392
meld,pitch,20260920,3,hgb,relative_plus_baseline,surprise,0.20996652596337106
meld,pitch,20260920,4,logistic,absolute,angry,0.12721958768184816
meld,pitch,20260920,4,logistic,absolute,happy,0.1080767720084186
meld,pitch,20260920,4,logistic,absolute,neutral,0.4507818479479666
meld,pitch,20260920,4,logistic,absolute,sad,0.12730742710772253
meld,pitch,20260920,4,logistic,absolute,surprise,0.14462200627103247
meld,pitch,20260920,4,logistic,relative,angry,0.18643809561421104
meld,pitch,20260920,4,logistic,relative,happy,0.12479873521546425
meld,pitch,20260920,4,logistic,relative,neutral,0.5580108177155142
meld,pitch,20260920,4,logistic,relative,sad,0.07607583726946196
meld,pitch,20260920,4,logistic,relative,surprise,0.034451215025271424
meld,pitch,20260920,4,logistic,relative_plus_baseline,angry,0.1753684824589121
meld,pitch,20260920,4,logistic,relative_plus_baseline,happy,0.0
meld,pitch,20260920,4,logistic,relative_plus_baseline,neutral,0.3565940284353488
meld,pitch,20260920,4,logistic,relative_plus_baseline,sad,0.24016648793441067
meld,pitch,20260920,4,logistic,relative_plus_baseline,surprise,0.030849144542069787
meld,pitch,20260920,4,hgb,absolute,angry,0.0796161338828297
meld,pitch,20260920,4,hgb,absolute,happy,0.23895969877659132
meld,pitch,20260920,4,hgb,absolute,neutral,0.26882668074685
meld,pitch,20260920,4,hgb,absolute,sad,0.16089384530258438
meld,pitch,20260920,4,hgb,absolute,surprise,0.1682067983683083
meld,pitch,20260920,4,hgb,relative,angry,0.19791622459180785
meld,pitch,20260920,4,hgb,relative,happy,0.12516243783547423
meld,pitch,20260920,4,hgb,relative,neutral,0.3946045090543051
meld,pitch,20260920,4,hgb,relative,sad,0.18815566570987952
meld,pitch,20260920,4,hgb,relative,surprise,0.11190141800665153
meld,pitch,20260920,4,hgb,relative_plus_baseline,angry,0.16859124662341993
meld,pitch,20260920,4,hgb,relative_plus_baseline,happy,0.1544014477578184
meld,pitch,20260920,4,hgb,relative_plus_baseline,neutral,0.4070967186752025
meld,pitch,20260920,4,hgb,relative_plus_baseline,sad,0.035717549445019973
meld,pitch,20260920,4,hgb,relative_plus_baseline,surprise,0.09877711560323593
meld,pitch,20260921,0,logistic,absolute,angry,0.27966980388448953
meld,pitch,20260921,0,logistic,absolute,happy,0.2017667999645212
meld,pitch,20260921,0,logistic,absolute,neutral,0.680939217228342
meld,pitch,20260921,0,logistic,absolute,sad,0.0014460842729992894
meld,pitch,20260921,0,logistic,absolute,surprise,0.06188588850537447
meld,pitch,20260921,0,logistic,relative,angry,0.2367908304089008
meld,pitch,20260921,0,logistic,relative,happy,0.10711456404384807
meld,pitch,20260921,0,logistic,relative,neutral,0.6043868361540601
meld,pitch,20260921,0,logistic,relative,sad,0.0021776797354807376
meld,pitch,20260921,0,logistic,relative,surprise,0.1559336870131703
meld,pitch,20260921,0,logistic,relative_plus_baseline,angry,0.24361177254720615
meld,pitch,20260921,0,logistic,relative_plus_baseline,happy,0.04006893835470832
meld,pitch,20260921,0,logistic,relative_plus_baseline,neutral,0.6093092829641067
meld,pitch,20260921,0,logistic,relative_plus_baseline,sad,0.1377123848138188
meld,pitch,20260921,0,logistic,relative_plus_baseline,surprise,0.05029185769064024
meld,pitch,20260921,0,hgb,absolute,angry,0.1486351570360079
meld,pitch,20260921,0,hgb,absolute,happy,0.11771091469879263
meld,pitch,20260921,0,hgb,absolute,neutral,0.4153008342616523
meld,pitch,20260921,0,hgb,absolute,sad,0.029732439162080775
meld,pitch,20260921,0,hgb,absolute,surprise,0.16479819150293948
meld,pitch,20260921,0,hgb,relative,angry,0.20836784268529568
meld,pitch,20260921,0,hgb,relative,happy,0.1715103036217955
meld,pitch,20260921,0,hgb,relative,neutral,0.43273253556496405
meld,pitch,20260921,0,hgb,relative,sad,0.16282112478949956
meld,pitch,20260921,0,hgb,relative,surprise,0.17762895933878406
meld,pitch,20260921,0,hgb,relative_plus_baseline,angry,0.29431416071149724
meld,pitch,20260921,0,hgb,relative_plus_baseline,happy,0.15539386742678915
meld,pitch,20260921,0,hgb,relative_plus_baseline,neutral,0.541144836385928
meld,pitch,20260921,0,hgb,relative_plus_baseline,sad,0.12160213273995092
meld,pitch,20260921,0,hgb,relative_plus_baseline,surprise,0.21747285529560437
meld,pitch,20260921,1,logistic,absolute,angry,0.15512134635973385
meld,pitch,20260921,1,logistic,absolute,happy,0.11552177865861311
meld,pitch,20260921,1,logistic,absolute,neutral,0.5531328190552105
meld,pitch,20260921,1,logistic,absolute,sad,0.0
meld,pitch,20260921,1,logistic,absolute,surprise,0.0
meld,pitch,20260921,1,logistic,relative,angry,0.1296906771331558
meld,pitch,20260921,1,logistic,relative,happy,0.0588867025271586
meld,pitch,20260921,1,logistic,relative,neutral,0.5935537872398914
meld,pitch,20260921,1,logistic,relative,sad,0.0
meld,pitch,20260921,1,logistic,relative,surprise,0.1508750557299722
meld,pitch,20260921,1,logistic,relative_plus_baseline,angry,0.13093184407902356
meld,pitch,20260921,1,logistic,relative_plus_baseline,happy,0.027393297223240166
meld,pitch,20260921,1,logistic,relative_plus_baseline,neutral,0.500314214506719
meld,pitch,20260921,1,logistic,relative_plus_baseline,sad,0.05126347643894207
meld,pitch,20260921,1,logistic,relative_plus_baseline,surprise,0.03615129803883421
meld,pitch,20260921,1,hgb,absolute,angry,0.04253304070460268
meld,pitch,20260921,1,hgb,absolute,happy,0.17599224737674743
meld,pitch,20260921,1,hgb,absolute,neutral,0.39294141599248683
meld,pitch,20260921,1,hgb,absolute,sad,0.09008837336732049
meld,pitch,20260921,1,hgb,absolute,surprise,0.3025204741835243
meld,pitch,20260921,1,hgb,relative,angry,0.20804309953194675
meld,pitch,20260921,1,hgb,relative,happy,0.17852386011100452
meld,pitch,20260921,1,hgb,relative,neutral,0.518853806059638
meld,pitch,20260921,1,hgb,relative,sad,0.05055705276495737
meld,pitch,20260921,1,hgb,relative,surprise,0.12735880772830246
meld,pitch,20260921,1,hgb,relative_plus_baseline,angry,0.16209770087323175
meld,pitch,20260921,1,hgb,relative_plus_baseline,happy,0.24492625129236706
meld,pitch,20260921,1,hgb,relative_plus_baseline,neutral,0.43030510410172473
meld,pitch,20260921,1,hgb,relative_plus_baseline,sad,0.0563283955664841
meld,pitch,20260921,1,hgb,relative_plus_baseline,surprise,0.26684724363616197
meld,pitch,20260921,2,logistic,absolute,angry,0.24863288484218504
meld,pitch,20260921,2,logistic,absolute,happy,0.15445672755183862
meld,pitch,20260921,2,logistic,absolute,neutral,0.5129152236801867
meld,pitch,20260921,2,logistic,absolute,sad,0.005996916825124745
meld,pitch,20260921,2,logistic,absolute,surprise,0.011868632516180656
meld,pitch,20260921,2,logistic,relative,angry,0.1868891903310843
meld,pitch,20260921,2,logistic,relative,happy,0.10155487575195622
meld,pitch,20260921,2,logistic,relative,neutral,0.6169579663476102
meld,pitch,20260921,2,logistic,relative,sad,0.08484078079954895
meld,pitch,20260921,2,logistic,relative,surprise,0.11433345446527507
meld,pitch,20260921,2,logistic,relative_plus_baseline,angry,0.2280257218295811
meld,pitch,20260921,2,logistic,relative_plus_baseline,happy,0.15468815519522194
meld,pitch,20260921,2,logistic,relative_plus_baseline,neutral,0.43825914107648695
meld,pitch,20260921,2,logistic,relative_plus_baseline,sad,0.13607687219477255
meld,pitch,20260921,2,logistic,relative_plus_baseline,surprise,0.17897642802443064
meld,pitch,20260921,2,hgb,absolute,angry,0.2566776731825466
meld,pitch,20260921,2,hgb,absolute,happy,0.1523652633825348
meld,pitch,20260921,2,hgb,absolute,neutral,0.4389900966726192
meld,pitch,20260921,2,hgb,absolute,sad,0.14416309297778093
meld,pitch,20260921,2,hgb,absolute,surprise,0.06671470149642336
meld,pitch,20260921,2,hgb,relative,angry,0.21347649706376287
meld,pitch,20260921,2,hgb,relative,happy,0.1835436078835259
meld,pitch,20260921,2,hgb,relative,neutral,0.48502730564640034
meld,pitch,20260921,2,hgb,relative,sad,0.08574325624058055
meld,pitch,20260921,2,hgb,relative,surprise,0.1018499641467805
meld,pitch,20260921,2,hgb,relative_plus_baseline,angry,0.05513164379658724
meld,pitch,20260921,2,hgb,relative_plus_baseline,happy,0.27856935961692586
meld,pitch,20260921,2,hgb,relative_plus_baseline,neutral,0.48201183390347685
meld,pitch,20260921,2,hgb,relative_plus_baseline,sad,0.0675919220972967
meld,pitch,20260921,2,hgb,relative_plus_baseline,surprise,0.19542985831661858
meld,pitch,20260921,3,logistic,absolute,angry,0.1550942825984126
meld,pitch,20260921,3,logistic,absolute,happy,0.1281916802574392
meld,pitch,20260921,3,logistic,absolute,neutral,0.5407404877154721
meld,pitch,20260921,3,logistic,absolute,sad,0.17691743497875584
meld,pitch,20260921,3,logistic,absolute,surprise,0.007823690911984708
meld,pitch,20260921,3,logistic,relative,angry,0.12258936822161849
meld,pitch,20260921,3,logistic,relative,happy,0.11053469776464137
meld,pitch,20260921,3,logistic,relative,neutral,0.600029938457635
meld,pitch,20260921,3,logistic,relative,sad,0.007407306914843092
meld,pitch,20260921,3,logistic,relative,surprise,0.13273467325627342
meld,pitch,20260921,3,logistic,relative_plus_baseline,angry,0.15762346656222723
meld,pitch,20260921,3,logistic,relative_plus_baseline,happy,0.0
meld,pitch,20260921,3,logistic,relative_plus_baseline,neutral,0.33147732505243555
meld,pitch,20260921,3,logistic,relative_plus_baseline,sad,0.19039469063124234
meld,pitch,20260921,3,logistic,relative_plus_baseline,surprise,0.0
meld,pitch,20260921,3,hgb,absolute,angry,0.15807862415262686
meld,pitch,20260921,3,hgb,absolute,happy,0.15905044077532032
meld,pitch,20260921,3,hgb,absolute,neutral,0.34486490306995216
meld,pitch,20260921,3,hgb,absolute,sad,0.18961300914478652
meld,pitch,20260921,3,hgb,absolute,surprise,0.12146892590631264
meld,pitch,20260921,3,hgb,relative,angry,0.12648106625621716
meld,pitch,20260921,3,hgb,relative,happy,0.16347820717688508
meld,pitch,20260921,3,hgb,relative,neutral,0.40718824641280194
meld,pitch,20260921,3,hgb,relative,sad,0.14858003170082457
meld,pitch,20260921,3,hgb,relative,surprise,0.06806007402214447
meld,pitch,20260921,3,hgb,relative_plus_baseline,angry,0.10072462864890783
meld,pitch,20260921,3,hgb,relative_plus_baseline,happy,0.09173161486710907
meld,pitch,20260921,3,hgb,relative_plus_baseline,neutral,0.43718063415064473
meld,pitch,20260921,3,hgb,relative_plus_baseline,sad,0.25993429536329693
meld,pitch,20260921,3,hgb,relative_plus_baseline,surprise,0.03208816365579297
meld,pitch,20260921,4,logistic,absolute,angry,0.10802739591607613
meld,pitch,20260921,4,logistic,absolute,happy,0.13734853574096756
meld,pitch,20260921,4,logistic,absolute,neutral,0.5492840482626077
meld,pitch,20260921,4,logistic,absolute,sad,0.043991866120043924
meld,pitch,20260921,4,logistic,absolute,surprise,0.023706676351678193
meld,pitch,20260921,4,logistic,relative,angry,0.17996897317736568
meld,pitch,20260921,4,logistic,relative,happy,0.10828982093199886
meld,pitch,20260921,4,logistic,relative,neutral,0.5778797692237011
meld,pitch,20260921,4,logistic,relative,sad,0.15250588236680104
meld,pitch,20260921,4,logistic,relative,surprise,0.1409440382803048
meld,pitch,20260921,4,logistic,relative_plus_baseline,angry,0.1916929236113277
meld,pitch,20260921,4,logistic,relative_plus_baseline,happy,0.08747415011974215
meld,pitch,20260921,4,logistic,relative_plus_baseline,neutral,0.458948024331543
meld,pitch,20260921,4,logistic,relative_plus_baseline,sad,0.21668062225377707
meld,pitch,20260921,4,logistic,relative_plus_baseline,surprise,0.08760515507260334
meld,pitch,20260921,4,hgb,absolute,angry,0.103431612613678
meld,pitch,20260921,4,hgb,absolute,happy,0.14912336919720784
meld,pitch,20260921,4,hgb,absolute,neutral,0.41126110631744184
meld,pitch,20260921,4,hgb,absolute,sad,0.16237665866312803
meld,pitch,20260921,4,hgb,absolute,surprise,0.14154372676155308
meld,pitch,20260921,4,hgb,relative,angry,0.1666745432601618
meld,pitch,20260921,4,hgb,relative,happy,0.06909324014477122
meld,pitch,20260921,4,hgb,relative,neutral,0.4876744246235971
meld,pitch,20260921,4,hgb,relative,sad,0.1311328893130859
meld,pitch,20260921,4,hgb,relative,surprise,0.118740815028075
meld,pitch,20260921,4,hgb,relative_plus_baseline,angry,0.1017047798384633
meld,pitch,20260921,4,hgb,relative_plus_baseline,happy,0.1580914325852269
meld,pitch,20260921,4,hgb,relative_plus_baseline,neutral,0.5733161809990703
meld,pitch,20260921,4,hgb,relative_plus_baseline,sad,0.10001991134490555
meld,pitch,20260921,4,hgb,relative_plus_baseline,surprise,0.16967898785939817
meld,pitch,20260922,0,logistic,absolute,angry,0.2967802783735297
meld,pitch,20260922,0,logistic,absolute,happy,0.012997884811982857
meld,pitch,20260922,0,logistic,absolute,neutral,0.6137990924011701
meld,pitch,20260922,0,logistic,absolute,sad,0.0703409733992371
meld,pitch,20260922,0,logistic,absolute,surprise,0.06917758920614633
meld,pitch,20260922,0,logistic,relative,angry,0.17194803979738515
meld,pitch,20260922,0,logistic,relative,happy,0.05668878480265912
meld,pitch,20260922,0,logistic,relative,neutral,0.5970265121403152
meld,pitch,20260922,0,logistic,relative,sad,0.10996690766166686
meld,pitch,20260922,0,logistic,relative,surprise,0.23522970918918518
meld,pitch,20260922,0,logistic,relative_plus_baseline,angry,0.17421193803638904
meld,pitch,20260922,0,logistic,relative_plus_baseline,happy,0.04541515887454147
meld,pitch,20260922,0,logistic,relative_plus_baseline,neutral,0.5434906470564699
meld,pitch,20260922,0,logistic,relative_plus_baseline,sad,0.07416789756887192
meld,pitch,20260922,0,logistic,relative_plus_baseline,surprise,0.00652252773932047
meld,pitch,20260922,0,hgb,absolute,angry,0.14448568274256549
meld,pitch,20260922,0,hgb,absolute,happy,0.14017547777365244
meld,pitch,20260922,0,hgb,absolute,neutral,0.4816371650835266
meld,pitch,20260922,0,hgb,absolute,sad,0.07160888818354146
meld,pitch,20260922,0,hgb,absolute,surprise,0.20479016556363175
meld,pitch,20260922,0,hgb,relative,angry,0.14245970251849788
meld,pitch,20260922,0,hgb,relative,happy,0.09121791627141114
meld,pitch,20260922,0,hgb,relative,neutral,0.4457013871168283
meld,pitch,20260922,0,hgb,relative,sad,0.03380599195405609
meld,pitch,20260922,0,hgb,relative,surprise,0.18337909700581512
meld,pitch,20260922,0,hgb,relative_plus_baseline,angry,0.13095290770064727
meld,pitch,20260922,0,hgb,relative_plus_baseline,happy,0.06976366892602222
meld,pitch,20260922,0,hgb,relative_plus_baseline,neutral,0.5901683351493983
meld,pitch,20260922,0,hgb,relative_plus_baseline,sad,0.07266027539577666
meld,pitch,20260922,0,hgb,relative_plus_baseline,surprise,0.2314557705814733
meld,pitch,20260922,1,logistic,absolute,angry,0.28017266505246824
meld,pitch,20260922,1,logistic,absolute,happy,0.08017300808505345
meld,pitch,20260922,1,logistic,absolute,neutral,0.5475478653720488
meld,pitch,20260922,1,logistic,absolute,sad,0.12083733122906304
meld,pitch,20260922,1,logistic,absolute,surprise,0.03003882113219775
meld,pitch,20260922,1,logistic,relative,angry,0.23662408317572764
meld,pitch,20260922,1,logistic,relative,happy,0.054551953855928
meld,pitch,20260922,1,logistic,relative,neutral,0.6295676352291625
meld,pitch,20260922,1,logistic,relative,sad,0.09387753834703115
meld,pitch,20260922,1,logistic,relative,surprise,0.05421028614935788
meld,pitch,20260922,1,logistic,relative_plus_baseline,angry,0.24796882847640966
meld,pitch,20260922,1,logistic,relative_plus_baseline,happy,0.0
meld,pitch,20260922,1,logistic,relative_plus_baseline,neutral,0.4934511364718865
meld,pitch,20260922,1,logistic,relative_plus_baseline,sad,0.19981846438208856
meld,pitch,20260922,1,logistic,relative_plus_baseline,surprise,0.046912708741457865
meld,pitch,20260922,1,hgb,absolute,angry,0.28630093990848254
meld,pitch,20260922,1,hgb,absolute,happy,0.0922246710136655
meld,pitch,20260922,1,hgb,absolute,neutral,0.37139795525020736
meld,pitch,20260922,1,hgb,absolute,sad,0.12259598932204252
meld,pitch,20260922,1,hgb,absolute,surprise,0.08662067276012227
meld,pitch,20260922,1,hgb,relative,angry,0.18194761458664607
meld,pitch,20260922,1,hgb,relative,happy,0.08525457039334343
meld,pitch,20260922,1,hgb,relative,neutral,0.5163689951063544
meld,pitch,20260922,1,hgb,relative,sad,0.2180978807469291
meld,pitch,20260922,1,hgb,relative,surprise,0.14586436593548632
meld,pitch,20260922,1,hgb,relative_plus_baseline,angry,0.14371747706501262
meld,pitch,20260922,1,hgb,relative_plus_baseline,happy,0.23250570552722308
meld,pitch,20260922,1,hgb,relative_plus_baseline,neutral,0.5451644546884644
meld,pitch,20260922,1,hgb,relative_plus_baseline,sad,0.127118362221525
meld,pitch,20260922,1,hgb,relative_plus_baseline,surprise,0.13969866011405624
meld,pitch,20260922,2,logistic,absolute,angry,0.16360125642038922
meld,pitch,20260922,2,logistic,absolute,happy,0.19739685303665555
meld,pitch,20260922,2,logistic,absolute,neutral,0.447119126084737
meld,pitch,20260922,2,logistic,absolute,sad,0.008088937859036275
meld,pitch,20260922,2,logistic,absolute,surprise,0.049253748408899865
meld,pitch,20260922,2,logistic,relative,angry,0.25300003852767783
meld,pitch,20260922,2,logistic,relative,happy,0.06382567525086524
meld,pitch,20260922,2,logistic,relative,neutral,0.6181615744622883
meld,pitch,20260922,2,logistic,relative,sad,0.061873147795335696
meld,pitch,20260922,2,logistic,relative,surprise,0.1098218134220804
meld,pitch,20260922,2,logistic,relative_plus_baseline,angry,0.2269106964263776
meld,pitch,20260922,2,logistic,relative_plus_baseline,happy,0.030562097830137552
meld,pitch,20260922,2,logistic,relative_plus_baseline,neutral,0.339148741638437
meld,pitch,20260922,2,logistic,relative_plus_baseline,sad,0.2004432885182154
meld,pitch,20260922,2,logistic,relative_plus_baseline,surprise,0.11636864198706512
meld,pitch,20260922,2,hgb,absolute,angry,0.14694228664064454
meld,pitch,20260922,2,hgb,absolute,happy,0.14408906742786842
meld,pitch,20260922,2,hgb,absolute,neutral,0.29352733473758763
meld,pitch,20260922,2,hgb,absolute,sad,0.15595700158704115
meld,pitch,20260922,2,hgb,absolute,surprise,0.17366935025605346
meld,pitch,20260922,2,hgb,relative,angry,0.22078438646835166
meld,pitch,20260922,2,hgb,relative,happy,0.18741866275233557
meld,pitch,20260922,2,hgb,relative,neutral,0.4582772457463698
meld,pitch,20260922,2,hgb,relative,sad,0.11397237121656202
meld,pitch,20260922,2,hgb,relative,surprise,0.11980593219756512
meld,pitch,20260922,2,hgb,relative_plus_baseline,angry,0.223085208048274
meld,pitch,20260922,2,hgb,relative_plus_baseline,happy,0.07659477943309084
meld,pitch,20260922,2,hgb,relative_plus_baseline,neutral,0.45301772792294875
meld,pitch,20260922,2,hgb,relative_plus_baseline,sad,0.16537509187814226
meld,pitch,20260922,2,hgb,relative_plus_baseline,surprise,0.21627239241776938
meld,pitch,20260922,3,logistic,absolute,angry,0.044419058464432455
meld,pitch,20260922,3,logistic,absolute,happy,0.09625691055114709
meld,pitch,20260922,3,logistic,absolute,neutral,0.5512713817414746
meld,pitch,20260922,3,logistic,absolute,sad,0.09483782583861629
meld,pitch,20260922,3,logistic,absolute,surprise,0.0067856961264330115
meld,pitch,20260922,3,logistic,relative,angry,0.08241292463941267
meld,pitch,20260922,3,logistic,relative,happy,0.14070224556040942
meld,pitch,20260922,3,logistic,relative,neutral,0.5277759226332699
meld,pitch,20260922,3,logistic,relative,sad,0.002473749313576209
meld,pitch,20260922,3,logistic,relative,surprise,0.14096701431162842
meld,pitch,20260922,3,logistic,relative_plus_baseline,angry,0.0801252610900484
meld,pitch,20260922,3,logistic,relative_plus_baseline,happy,0.024391217546520617
meld,pitch,20260922,3,logistic,relative_plus_baseline,neutral,0.48909296939638236
meld,pitch,20260922,3,logistic,relative_plus_baseline,sad,0.14507971116342114
meld,pitch,20260922,3,logistic,relative_plus_baseline,surprise,0.1355132493528732
meld,pitch,20260922,3,hgb,absolute,angry,0.040393253644819514
meld,pitch,20260922,3,hgb,absolute,happy,0.21392239714164965
meld,pitch,20260922,3,hgb,absolute,neutral,0.4593866191809194
meld,pitch,20260922,3,hgb,absolute,sad,0.06694022567477112
meld,pitch,20260922,3,hgb,absolute,surprise,0.14826333471123398
meld,pitch,20260922,3,hgb,relative,angry,0.11312395262173587
meld,pitch,20260922,3,hgb,relative,happy,0.09508527245168483
meld,pitch,20260922,3,hgb,relative,neutral,0.45735768686790457
meld,pitch,20260922,3,hgb,relative,sad,0.06795009087992124
meld,pitch,20260922,3,hgb,relative,surprise,0.0728332913438448
meld,pitch,20260922,3,hgb,relative_plus_baseline,angry,0.049567725248022894
meld,pitch,20260922,3,hgb,relative_plus_baseline,happy,0.24920015788288238
meld,pitch,20260922,3,hgb,relative_plus_baseline,neutral,0.38033784912070534
meld,pitch,20260922,3,hgb,relative_plus_baseline,sad,0.1375987437644406
meld,pitch,20260922,3,hgb,relative_plus_baseline,surprise,0.16877408892967877
meld,pitch,20260922,4,logistic,absolute,angry,0.16650057131330143
meld,pitch,20260922,4,logistic,absolute,happy,0.018912513738118534
meld,pitch,20260922,4,logistic,absolute,neutral,0.6710277880732259
meld,pitch,20260922,4,logistic,absolute,sad,0.061071437340348825
meld,pitch,20260922,4,logistic,absolute,surprise,0.0
meld,pitch,20260922,4,logistic,relative,angry,0.16665164939680632
meld,pitch,20260922,4,logistic,relative,happy,0.12892427434877585
meld,pitch,20260922,4,logistic,relative,neutral,0.6124043361369613
meld,pitch,20260922,4,logistic,relative,sad,0.04743165746373765
meld,pitch,20260922,4,logistic,relative,surprise,0.0987133624185713
meld,pitch,20260922,4,logistic,relative_plus_baseline,angry,0.16797363681738706
meld,pitch,20260922,4,logistic,relative_plus_baseline,happy,0.13006160612201775
meld,pitch,20260922,4,logistic,relative_plus_baseline,neutral,0.5589269667535842
meld,pitch,20260922,4,logistic,relative_plus_baseline,sad,0.13975025868405896
meld,pitch,20260922,4,logistic,relative_plus_baseline,surprise,0.08411970881639257
meld,pitch,20260922,4,hgb,absolute,angry,0.08089790022400399
meld,pitch,20260922,4,hgb,absolute,happy,0.09431606258149221
meld,pitch,20260922,4,hgb,absolute,neutral,0.5086273699535403
meld,pitch,20260922,4,hgb,absolute,sad,0.14550986925190476
meld,pitch,20260922,4,hgb,absolute,surprise,0.168552520266394
meld,pitch,20260922,4,hgb,relative,angry,0.11786224905054069
meld,pitch,20260922,4,hgb,relative,happy,0.058409280678524064
meld,pitch,20260922,4,hgb,relative,neutral,0.4177600179133648
meld,pitch,20260922,4,hgb,relative,sad,0.15928087223865187
meld,pitch,20260922,4,hgb,relative,surprise,0.13233532846856536
meld,pitch,20260922,4,hgb,relative_plus_baseline,angry,0.08802262247148217
meld,pitch,20260922,4,hgb,relative_plus_baseline,happy,0.2624072204687988
meld,pitch,20260922,4,hgb,relative_plus_baseline,neutral,0.5014359262255679
meld,pitch,20260922,4,hgb,relative_plus_baseline,sad,0.15367401855190813
meld,pitch,20260922,4,hgb,relative_plus_baseline,surprise,0.11318505505536908
meld,loudness,20260920,0,logistic,absolute,angry,0.22446294753361104
meld,loudness,20260920,0,logistic,absolute,happy,0.08536754771953677
meld,loudness,20260920,0,logistic,absolute,neutral,0.14201267879074306
meld,loudness,20260920,0,logistic,absolute,sad,0.06639264191911855
meld,loudness,20260920,0,logistic,absolute,surprise,0.005552235481347931
meld,loudness,20260920,0,logistic,relative,angry,0.2281033159064479
meld,loudness,20260920,0,logistic,relative,happy,0.11418318010158664
meld,loudness,20260920,0,logistic,relative,neutral,0.08507736252159709
meld,loudness,20260920,0,logistic,relative,sad,0.0794806262725059
meld,loudness,20260920,0,logistic,relative,surprise,0.12456817250609521
meld,loudness,20260920,0,logistic,relative_plus_baseline,angry,0.23111460286382146
meld,loudness,20260920,0,logistic,relative_plus_baseline,happy,0.06919837008534112
meld,loudness,20260920,0,logistic,relative_plus_baseline,neutral,0.21794404472387846
meld,loudness,20260920,0,logistic,relative_plus_baseline,sad,0.08241091904464225
meld,loudness,20260920,0,logistic,relative_plus_baseline,surprise,0.0
meld,loudness,20260920,0,hgb,absolute,angry,0.18210470791682656
meld,loudness,20260920,0,hgb,absolute,happy,0.12707868789652416
meld,loudness,20260920,0,hgb,absolute,neutral,0.23802648134662144
meld,loudness,20260920,0,hgb,absolute,sad,0.06205602066570551
meld,loudness,20260920,0,hgb,absolute,surprise,0.12794423232905822
meld,loudness,20260920,0,hgb,relative,angry,0.21172642389524818
meld,loudness,20260920,0,hgb,relative,happy,0.05925395669476323
meld,loudness,20260920,0,hgb,relative,neutral,0.2601037932490621
meld,loudness,20260920,0,hgb,relative,sad,0.03135461114876963
meld,loudness,20260920,0,hgb,relative,surprise,0.13055106958624713
meld,loudness,20260920,0,hgb,relative_plus_baseline,angry,0.1741144232459237
meld,loudness,20260920,0,hgb,relative_plus_baseline,happy,0.13981011287836648
meld,loudness,20260920,0,hgb,relative_plus_baseline,neutral,0.3413893630304098
meld,loudness,20260920,0,hgb,relative_plus_baseline,sad,0.07203791985381221
meld,loudness,20260920,0,hgb,relative_plus_baseline,surprise,0.05939007965839783
meld,loudness,20260920,1,logistic,absolute,angry,0.13786107432080058
meld,loudness,20260920,1,logistic,absolute,happy,0.10634647620525983
meld,loudness,20260920,1,logistic,absolute,neutral,0.022199833942466198
meld,loudness,20260920,1,logistic,absolute,sad,0.2850143805475705
meld,loudness,20260920,1,logistic,absolute,surprise,0.09952823252304314
meld,loudness,20260920,1,logistic,relative,angry,0.09971015625191422
meld,loudness,20260920,1,logistic,relative,happy,0.14938762032518624
meld,loudness,20260920,1,logistic,relative,neutral,0.15425346335218743
meld,loudness,20260920,1,logistic,relative,sad,0.26605015168442264
meld,loudness,20260920,1,logistic,relative,surprise,0.005908699815249819
meld,loudness,20260920,1,logistic,relative_plus_baseline,angry,0.12462742176520529
meld,loudness,20260920,1,logistic,relative_plus_baseline,happy,0.12202332044819088
meld,loudness,20260920,1,logistic,relative_plus_baseline,neutral,0.3952138160682602
meld,loudness,20260920,1,logistic,relative_plus_baseline,sad,0.2601560456850635
meld,loudness,20260920,1,logistic,relative_plus_baseline,surprise,0.0
meld,loudness,20260920,1,hgb,absolute,angry,0.1366579475011472
meld,loudness,20260920,1,hgb,absolute,happy,0.3323280521018617
meld,loudness,20260920,1,hgb,absolute,neutral,0.20777045652639617
meld,loudness,20260920,1,hgb,absolute,sad,0.19356323259969957
meld,loudness,20260920,1,hgb,absolute,surprise,0.11214600354405665
meld,loudness,20260920,1,hgb,relative,angry,0.09130737803275983
meld,loudness,20260920,1,hgb,relative,happy,0.1616285818614873
meld,loudness,20260920,1,hgb,relative,neutral,0.2728082305135638
meld,loudness,20260920,1,hgb,relative,sad,0.22125654354303056
meld,loudness,20260920,1,hgb,relative,surprise,0.011294042855862106
meld,loudness,20260920,1,hgb,relative_plus_baseline,angry,0.09753143375349191
meld,loudness,20260920,1,hgb,relative_plus_baseline,happy,0.17252392295397415
meld,loudness,20260920,1,hgb,relative_plus_baseline,neutral,0.36426879930116063
meld,loudness,20260920,1,hgb,relative_plus_baseline,sad,0.20888335388456206
meld,loudness,20260920,1,hgb,relative_plus_baseline,surprise,0.11771064445220403
meld,loudness,20260920,2,logistic,absolute,angry,0.15205674326447324
meld,loudness,20260920,2,logistic,absolute,happy,0.09555168711491882
meld,loudness,20260920,2,logistic,absolute,neutral,0.06483928295825848
meld,loudness,20260920,2,logistic,absolute,sad,0.23228597172813847
meld,loudness,20260920,2,logistic,absolute,surprise,0.11647898383383884
meld,loudness,20260920,2,logistic,relative,angry,0.1472806979047346
meld,loudness,20260920,2,logistic,relative,happy,0.04601578537555242
meld,loudness,20260920,2,logistic,relative,neutral,0.09096635932117024
meld,loudness,20260920,2,logistic,relative,sad,0.17904604627996237
meld,loudness,20260920,2,logistic,relative,surprise,0.06813785625784538
meld,loudness,20260920,2,logistic,relative_plus_baseline,angry,0.17059841733380193
meld,loudness,20260920,2,logistic,relative_plus_baseline,happy,0.006948408597225051
meld,loudness,20260920,2,logistic,relative_plus_baseline,neutral,0.45844766553791105
meld,loudness,20260920,2,logistic,relative_plus_baseline,sad,0.2765617929681757
meld,loudness,20260920,2,logistic,relative_plus_baseline,surprise,0.006501733818991737
meld,loudness,20260920,2,hgb,absolute,angry,0.07062387849718849
meld,loudness,20260920,2,hgb,absolute,happy,0.2311398810461184
meld,loudness,20260920,2,hgb,absolute,neutral,0.14686549139202743
meld,loudness,20260920,2,hgb,absolute,sad,0.15033431953181556
meld,loudness,20260920,2,hgb,absolute,surprise,0.1656327660200564
meld,loudness,20260920,2,hgb,relative,angry,0.14226014240738713
meld,loudness,20260920,2,hgb,relative,happy,0.12357802741897363
meld,loudness,20260920,2,hgb,relative,neutral,0.20326305217987614
meld,loudness,20260920,2,hgb,relative,sad,0.17346728659560084
meld,loudness,20260920,2,hgb,relative,surprise,0.1544780815206361
meld,loudness,20260920,2,hgb,relative_plus_baseline,angry,0.15444458275315281
meld,loudness,20260920,2,hgb,relative_plus_baseline,happy,0.19163001239964844
meld,loudness,20260920,2,hgb,relative_plus_baseline,neutral,0.5919675041093247
meld,loudness,20260920,2,hgb,relative_plus_baseline,sad,0.2820442782052679
meld,loudness,20260920,2,hgb,relative_plus_baseline,surprise,0.03558689994897883
meld,loudness,20260920,3,logistic,absolute,angry,0.17130742958618764
meld,loudness,20260920,3,logistic,absolute,happy,0.07805016655355428
meld,loudness,20260920,3,logistic,absolute,neutral,0.0632798110271301
meld,loudness,20260920,3,logistic,absolute,sad,0.2046210409988763
meld,loudness,20260920,3,logistic,absolute,surprise,0.012165880445336272
meld,loudness,20260920,3,logistic,relative,angry,0.27758660612702357
meld,loudness,20260920,3,logistic,relative,happy,0.09222114783988597
meld,loudness,20260920,3,logistic,relative,neutral,0.059255526244012056
meld,loudness,20260920,3,logistic,relative,sad,0.1784419638129435
meld,loudness,20260920,3,logistic,relative,surprise,0.011801991101217407
meld,loudness,20260920,3,logistic,relative_plus_baseline,angry,0.23095186804233916
meld,loudness,20260920,3,logistic,relative_plus_baseline,happy,0.1424959850642802
meld,loudness,20260920,3,logistic,relative_plus_baseline,neutral,0.2623826573492946
meld,loudness,20260920,3,logistic,relative_plus_baseline,sad,0.2405632062212966
meld,loudness,20260920,3,logistic,relative_plus_baseline,surprise,0.007807451597952986
meld,loudness,20260920,3,hgb,absolute,angry,0.2077087273315624
meld,loudness,20260920,3,hgb,absolute,happy,0.1329531734149144
meld,loudness,20260920,3,hgb,absolute,neutral,0.22306086805312986
meld,loudness,20260920,3,hgb,absolute,sad,0.10053187306345114
meld,loudness,20260920,3,hgb,absolute,surprise,0.17658669774222288
meld,loudness,20260920,3,hgb,relative,angry,0.2787600854165061
meld,loudness,20260920,3,hgb,relative,happy,0.15186577986755467
meld,loudness,20260920,3,hgb,relative,neutral,0.16117936905259345
meld,loudness,20260920,3,hgb,relative,sad,0.1370237080046616
meld,loudness,20260920,3,hgb,relative,surprise,0.21291911635125257
meld,loudness,20260920,3,hgb,relative_plus_baseline,angry,0.07169408361522159
meld,loudness,20260920,3,hgb,relative_plus_baseline,happy,0.10909959576761472
meld,loudness,20260920,3,hgb,relative_plus_baseline,neutral,0.5259276135679082
meld,loudness,20260920,3,hgb,relative_plus_baseline,sad,0.13296592435450721
meld,loudness,20260920,3,hgb,relative_plus_baseline,surprise,0.13722201400744577
meld,loudness,20260920,4,logistic,absolute,angry,0.1068627394248005
meld,loudness,20260920,4,logistic,absolute,happy,0.06633037138821207
meld,loudness,20260920,4,logistic,absolute,neutral,0.1360683595342359
meld,loudness,20260920,4,logistic,absolute,sad,0.10950067308973897
meld,loudness,20260920,4,logistic,absolute,surprise,0.09461075479773634
meld,loudness,20260920,4,logistic,relative,angry,0.13327145877365953
meld,loudness,20260920,4,logistic,relative,happy,0.04887093924126923
meld,loudness,20260920,4,logistic,relative,neutral,0.13051969927653523
meld,loudness,20260920,4,logistic,relative,sad,0.17978470398755275
meld,loudness,20260920,4,logistic,relative,surprise,0.0058314464474269615
meld,loudness,20260920,4,logistic,relative_plus_baseline,angry,0.05382920207609378
meld,loudness,20260920,4,logistic,relative_plus_baseline,happy,0.0
meld,loudness,20260920,4,logistic,relative_plus_baseline,neutral,0.441497492117945
meld,loudness,20260920,4,logistic,relative_plus_baseline,sad,0.07038695517032742
meld,loudness,20260920,4,logistic,relative_plus_baseline,surprise,0.0
meld,loudness,20260920,4,hgb,absolute,angry,0.1403536945538852
meld,loudness,20260920,4,hgb,absolute,happy,0.20495271844764415
meld,loudness,20260920,4,hgb,absolute,neutral,0.2887593890903078
meld,loudness,20260920,4,hgb,absolute,sad,0.08609540385202509
meld,loudness,20260920,4,hgb,absolute,surprise,0.17011474658884027
meld,loudness,20260920,4,hgb,relative,angry,0.09215594179796353
meld,loudness,20260920,4,hgb,relative,happy,0.11735086409052742
meld,loudness,20260920,4,hgb,relative,neutral,0.29106746126375566
meld,loudness,20260920,4,hgb,relative,sad,0.05083795519237333
meld,loudness,20260920,4,hgb,relative,surprise,0.0757492973288122
meld,loudness,20260920,4,hgb,relative_plus_baseline,angry,0.01456735315496885
meld,loudness,20260920,4,hgb,relative_plus_baseline,happy,0.19031557706546956
meld,loudness,20260920,4,hgb,relative_plus_baseline,neutral,0.4337013232262176
meld,loudness,20260920,4,hgb,relative_plus_baseline,sad,0.05523833085597399
meld,loudness,20260920,4,hgb,relative_plus_baseline,surprise,0.0707510063747603
meld,loudness,20260921,0,logistic,absolute,angry,0.17682517811335943
meld,loudness,20260921,0,logistic,absolute,happy,0.10771961585402033
meld,loudness,20260921,0,logistic,absolute,neutral,0.006367357802678565
meld,loudness,20260921,0,logistic,absolute,sad,0.2522081837476703
meld,loudness,20260921,0,logistic,absolute,surprise,0.06782100160620076
meld,loudness,20260921,0,logistic,relative,angry,0.18137778791050543
meld,loudness,20260921,0,logistic,relative,happy,0.07038366073655611
meld,loudness,20260921,0,logistic,relative,neutral,0.06210533501612633
meld,loudness,20260921,0,logistic,relative,sad,0.21347455410429858
meld,loudness,20260921,0,logistic,relative,surprise,0.0645808770910245
meld,loudness,20260921,0,logistic,relative_plus_baseline,angry,0.17288912858968672
meld,loudness,20260921,0,logistic,relative_plus_baseline,happy,0.13469965447575427
meld,loudness,20260921,0,logistic,relative_plus_baseline,neutral,0.2221608891687333
meld,loudness,20260921,0,logistic,relative_plus_baseline,sad,0.24799483669380573
meld,loudness,20260921,0,logistic,relative_plus_baseline,surprise,0.07127022847747154
meld,loudness,20260921,0,hgb,absolute,angry,0.1538365354565528
meld,loudness,20260921,0,hgb,absolute,happy,0.2692806050500922
meld,loudness,20260921,0,hgb,absolute,neutral,0.17626538449392384
meld,loudness,20260921,0,hgb,absolute,sad,0.22207359033875132
meld,loudness,20260921,0,hgb,absolute,surprise,0.08522515987959674
meld,loudness,20260921,0,hgb,relative,angry,0.1480795653080983
meld,loudness,20260921,0,hgb,relative,happy,0.10215401470627804
meld,loudness,20260921,0,hgb,relative,neutral,0.23353445343206616
meld,loudness,20260921,0,hgb,relative,sad,0.16305233529692212
meld,loudness,20260921,0,hgb,relative,surprise,0.28437799625363636
meld,loudness,20260921,0,hgb,relative_plus_baseline,angry,0.05954861404615298
meld,loudness,20260921,0,hgb,relative_plus_baseline,happy,0.12597985002284914
meld,loudness,20260921,0,hgb,relative_plus_baseline,neutral,0.49614968087164546
meld,loudness,20260921,0,hgb,relative_plus_baseline,sad,0.15842713523490418
meld,loudness,20260921,0,hgb,relative_plus_baseline,surprise,0.12209080843888609
meld,loudness,20260921,1,logistic,absolute,angry,0.17545541935739611
meld,loudness,20260921,1,logistic,absolute,happy,0.17244795393278714
meld,loudness,20260921,1,logistic,absolute,neutral,0.10077642045271663
meld,loudness,20260921,1,logistic,absolute,sad,0.1559502281185619
meld,loudness,20260921,1,logistic,absolute,surprise,0.005869868275403025
meld,loudness,20260921,1,logistic,relative,angry,0.24168738356786473
meld,loudness,20260921,1,logistic,relative,happy,0.11468374998378955
meld,loudness,20260921,1,logistic,relative,neutral,0.1428046786476775
meld,loudness,20260921,1,logistic,relative,sad,0.20082371156627452
meld,loudness,20260921,1,logistic,relative,surprise,0.09715723969673104
meld,loudness,20260921,1,logistic,relative_plus_baseline,angry,0.22743435236834406
meld,loudness,20260921,1,logistic,relative_plus_baseline,happy,0.0948459337966148
meld,loudness,20260921,1,logistic,relative_plus_baseline,neutral,0.3226359862352496
meld,loudness,20260921,1,logistic,relative_plus_baseline,sad,0.21095938785865534
meld,loudness,20260921,1,logistic,relative_plus_baseline,surprise,0.007669807538170933
meld,loudness,20260921,1,hgb,absolute,angry,0.25214991757997035
meld,loudness,20260921,1,hgb,absolute,happy,0.16615877557815487
meld,loudness,20260921,1,hgb,absolute,neutral,0.1577906083751997
meld,loudness,20260921,1,hgb,absolute,sad,0.15084693775294797
meld,loudness,20260921,1,hgb,absolute,surprise,0.1160145145488982
meld,loudness,20260921,1,hgb,relative,angry,0.1611474135862023
meld,loudness,20260921,1,hgb,relative,happy,0.10318949435546139
meld,loudness,20260921,1,hgb,relative,neutral,0.2767119244610206
meld,loudness,20260921,1,hgb,relative,sad,0.13820746154968047
meld,loudness,20260921,1,hgb,relative,surprise,0.1970034415501165
meld,loudness,20260921,1,hgb,relative_plus_baseline,angry,0.13458359858388746
meld,loudness,20260921,1,hgb,relative_plus_baseline,happy,0.13129500742238703
meld,loudness,20260921,1,hgb,relative_plus_baseline,neutral,0.4963903741656772
meld,loudness,20260921,1,hgb,relative_plus_baseline,sad,0.37796699942609346
meld,loudness,20260921,1,hgb,relative_plus_baseline,surprise,0.22023613949027596
meld,loudness,20260921,2,logistic,absolute,angry,0.12713792811416294
meld,loudness,20260921,2,logistic,absolute,happy,0.08043257185533018
meld,loudness,20260921,2,logistic,absolute,neutral,0.18595362240399446
meld,loudness,20260921,2,logistic,absolute,sad,0.16287362636086142
meld,loudness,20260921,2,logistic,absolute,surprise,0.12936769002676515
meld,loudness,20260921,2,logistic,relative,angry,0.15505808711192068
meld,loudness,20260921,2,logistic,relative,happy,0.0792006166363726
meld,loudness,20260921,2,logistic,relative,neutral,0.08216860072122477
meld,loudness,20260921,2,logistic,relative,sad,0.1765845942307706
meld,loudness,20260921,2,logistic,relative,surprise,0.05284674175707648
meld,loudness,20260921,2,logistic,relative_plus_baseline,angry,0.160072450357428
meld,loudness,20260921,2,logistic,relative_plus_baseline,happy,0.04071133261071568
meld,loudness,20260921,2,logistic,relative_plus_baseline,neutral,0.31863612356087245
meld,loudness,20260921,2,logistic,relative_plus_baseline,sad,0.017567710869653152
meld,loudness,20260921,2,logistic,relative_plus_baseline,surprise,0.0
meld,loudness,20260921,2,hgb,absolute,angry,0.08563921399797701
meld,loudness,20260921,2,hgb,absolute,happy,0.2253307302616724
meld,loudness,20260921,2,hgb,absolute,neutral,0.20439290369701993
meld,loudness,20260921,2,hgb,absolute,sad,0.08039313331097851
meld,loudness,20260921,2,hgb,absolute,surprise,0.11049960361637341
meld,loudness,20260921,2,hgb,relative,angry,0.12104860137652639
meld,loudness,20260921,2,hgb,relative,happy,0.07401997341666584
meld,loudness,20260921,2,hgb,relative,neutral,0.32898935535370444
meld,loudness,20260921,2,hgb,relative,sad,0.18604810140116404
meld,loudness,20260921,2,hgb,relative,surprise,0.10157718189142209
meld,loudness,20260921,2,hgb,relative_plus_baseline,angry,0.08448952592744051
meld,loudness,20260921,2,hgb,relative_plus_baseline,happy,0.17601608496984072
meld,loudness,20260921,2,hgb,relative_plus_baseline,neutral,0.38657724262864157
meld,loudness,20260921,2,hgb,relative_plus_baseline,sad,0.0
meld,loudness,20260921,2,hgb,relative_plus_baseline,surprise,0.12273705539957565
meld,loudness,20260921,3,logistic,absolute,angry,0.17167620067098882
meld,loudness,20260921,3,logistic,absolute,happy,0.06910895064331414
meld,loudness,20260921,3,logistic,absolute,neutral,0.10014243599217205
meld,loudness,20260921,3,logistic,absolute,sad,0.17811436976272318
meld,loudness,20260921,3,logistic,absolute,surprise,0.010063778858620654
meld,loudness,20260921,3,logistic,relative,angry,0.1947136382437166
meld,loudness,20260921,3,logistic,relative,happy,0.10362786003786062
meld,loudness,20260921,3,logistic,relative,neutral,0.10369713314389462
meld,loudness,20260921,3,logistic,relative,sad,0.16214301177938406
meld,loudness,20260921,3,logistic,relative,surprise,0.012282734683822398
meld,loudness,20260921,3,logistic,relative_plus_baseline,angry,0.16813772934137763
meld,loudness,20260921,3,logistic,relative_plus_baseline,happy,0.009850158645565316
meld,loudness,20260921,3,logistic,relative_plus_baseline,neutral,0.5476397828360763
meld,loudness,20260921,3,logistic,relative_plus_baseline,sad,0.1438623079628772
meld,loudness,20260921,3,logistic,relative_plus_baseline,surprise,0.0
meld,loudness,20260921,3,hgb,absolute,angry,0.15869250796281995
meld,loudness,20260921,3,hgb,absolute,happy,0.17500718949951966
meld,loudness,20260921,3,hgb,absolute,neutral,0.20237981388301604
meld,loudness,20260921,3,hgb,absolute,sad,0.11412722946607788
meld,loudness,20260921,3,hgb,absolute,surprise,0.018378926887915356
meld,loudness,20260921,3,hgb,relative,angry,0.11636834251153462
meld,loudness,20260921,3,hgb,relative,happy,0.10488812906534985
meld,loudness,20260921,3,hgb,relative,neutral,0.27112401616269755
meld,loudness,20260921,3,hgb,relative,sad,0.11804446082605748
meld,loudness,20260921,3,hgb,relative,surprise,0.13626953167516845
meld,loudness,20260921,3,hgb,relative_plus_baseline,angry,0.0974602761223109
meld,loudness,20260921,3,hgb,relative_plus_baseline,happy,0.1527530157738778
meld,loudness,20260921,3,hgb,relative_plus_baseline,neutral,0.5265491593121079
meld,loudness,20260921,3,hgb,relative_plus_baseline,sad,0.015165132343894763
meld,loudness,20260921,3,hgb,relative_plus_baseline,surprise,0.0792267618579786
meld,loudness,20260921,4,logistic,absolute,angry,0.13854266784263736
meld,loudness,20260921,4,logistic,absolute,happy,0.1411146859627934
meld,loudness,20260921,4,logistic,absolute,neutral,0.07158723066741758
meld,loudness,20260921,4,logistic,absolute,sad,0.19850394368295315
meld,loudness,20260921,4,logistic,absolute,surprise,0.0464491271477333
meld,loudness,20260921,4,logistic,relative,angry,0.1180753450937421
meld,loudness,20260921,4,logistic,relative,happy,0.12278232581199197
meld,loudness,20260921,4,logistic,relative,neutral,0.11038043014552382
meld,loudness,20260921,4,logistic,relative,sad,0.15036358498995625
meld,loudness,20260921,4,logistic,relative,surprise,0.03622189501179896
meld,loudness,20260921,4,logistic,relative_plus_baseline,angry,0.16046844966936188
meld,loudness,20260921,4,logistic,relative_plus_baseline,happy,0.057248166414323044
meld,loudness,20260921,4,logistic,relative_plus_baseline,neutral,0.271407639658385
meld,loudness,20260921,4,logistic,relative_plus_baseline,sad,0.20844692127629283
meld,loudness,20260921,4,logistic,relative_plus_baseline,surprise,0.0
meld,loudness,20260921,4,hgb,absolute,angry,0.10332592463764387
meld,loudness,20260921,4,hgb,absolute,happy,0.3100721274861804
meld,loudness,20260921,4,hgb,absolute,neutral,0.259356402111011
meld,loudness,20260921,4,hgb,absolute,sad,0.14569162996964902
meld,loudness,20260921,4,hgb,absolute,surprise,0.13866088769808793
meld,loudness,20260921,4,hgb,relative,angry,0.11000840235808794
meld,loudness,20260921,4,hgb,relative,happy,0.1496667006116192
meld,loudness,20260921,4,hgb,relative,neutral,0.1829084136932474
meld,loudness,20260921,4,hgb,relative,sad,0.04914227020856098
meld,loudness,20260921,4,hgb,relative,surprise,0.1601398346224051
meld,loudness,20260921,4,hgb,relative_plus_baseline,angry,0.04753438587716784
meld,loudness,20260921,4,hgb,relative_plus_baseline,happy,0.13984251607030976
meld,loudness,20260921,4,hgb,relative_plus_baseline,neutral,0.42646220864888257
meld,loudness,20260921,4,hgb,relative_plus_baseline,sad,0.19937737556399235
meld,loudness,20260921,4,hgb,relative_plus_baseline,surprise,0.10106038867189517
meld,loudness,20260922,0,logistic,absolute,angry,0.19149832155787297
meld,loudness,20260922,0,logistic,absolute,happy,0.05069306791874431
meld,loudness,20260922,0,logistic,absolute,neutral,0.1095084954166777
meld,loudness,20260922,0,logistic,absolute,sad,0.20838831037084166
meld,loudness,20260922,0,logistic,absolute,surprise,0.11629641636390499
meld,loudness,20260922,0,logistic,relative,angry,0.19839886409572466
meld,loudness,20260922,0,logistic,relative,happy,0.16935769640911966
meld,loudness,20260922,0,logistic,relative,neutral,0.048595123125429365
meld,loudness,20260922,0,logistic,relative,sad,0.2194796943040084
meld,loudness,20260922,0,logistic,relative,surprise,0.048312990857396286
meld,loudness,20260922,0,logistic,relative_plus_baseline,angry,0.15305165745665614
meld,loudness,20260922,0,logistic,relative_plus_baseline,happy,0.023901675346525243
meld,loudness,20260922,0,logistic,relative_plus_baseline,neutral,0.29248463567971034
meld,loudness,20260922,0,logistic,relative_plus_baseline,sad,0.1508142364797764
meld,loudness,20260922,0,logistic,relative_plus_baseline,surprise,0.0
meld,loudness,20260922,0,hgb,absolute,angry,0.09335190300853195
meld,loudness,20260922,0,hgb,absolute,happy,0.10425459093036205
meld,loudness,20260922,0,hgb,absolute,neutral,0.20522193344452286
meld,loudness,20260922,0,hgb,absolute,sad,0.18361452657343894
meld,loudness,20260922,0,hgb,absolute,surprise,0.14051650648425235
meld,loudness,20260922,0,hgb,relative,angry,0.15858091465476412
meld,loudness,20260922,0,hgb,relative,happy,0.19470800820327303
meld,loudness,20260922,0,hgb,relative,neutral,0.24513248867765336
meld,loudness,20260922,0,hgb,relative,sad,0.0880638592327891
meld,loudness,20260922,0,hgb,relative,surprise,0.13204863047243487
meld,loudness,20260922,0,hgb,relative_plus_baseline,angry,0.061278056607726485
meld,loudness,20260922,0,hgb,relative_plus_baseline,happy,0.2087431747394972
meld,loudness,20260922,0,hgb,relative_plus_baseline,neutral,0.36489954227728233
meld,loudness,20260922,0,hgb,relative_plus_baseline,sad,0.13963277864541157
meld,loudness,20260922,0,hgb,relative_plus_baseline,surprise,0.12932398308505016
meld,loudness,20260922,1,logistic,absolute,angry,0.1991625534018135
meld,loudness,20260922,1,logistic,absolute,happy,0.1365115159641383
meld,loudness,20260922,1,logistic,absolute,neutral,0.04769111899673727
meld,loudness,20260922,1,logistic,absolute,sad,0.21116514156611046
meld,loudness,20260922,1,logistic,absolute,surprise,0.060251822048798254
meld,loudness,20260922,1,logistic,relative,angry,0.23565200096603559
meld,loudness,20260922,1,logistic,relative,happy,0.13864054273283713
meld,loudness,20260922,1,logistic,relative,neutral,0.11189590026360968
meld,loudness,20260922,1,logistic,relative,sad,0.21495337599001332
meld,loudness,20260922,1,logistic,relative,surprise,0.06939742288840675
meld,loudness,20260922,1,logistic,relative_plus_baseline,angry,0.217833796824005
meld,loudness,20260922,1,logistic,relative_plus_baseline,happy,0.028942932262212274
meld,loudness,20260922,1,logistic,relative_plus_baseline,neutral,0.20323619148045854
meld,loudness,20260922,1,logistic,relative_plus_baseline,sad,0.1688619884054005
meld,loudness,20260922,1,logistic,relative_plus_baseline,surprise,0.0
meld,loudness,20260922,1,hgb,absolute,angry,0.20384162379079915
meld,loudness,20260922,1,hgb,absolute,happy,0.215073327125924
meld,loudness,20260922,1,hgb,absolute,neutral,0.24229965779381515
meld,loudness,20260922,1,hgb,absolute,sad,0.14873558931782352
meld,loudness,20260922,1,hgb,absolute,surprise,0.07607567658087497
meld,loudness,20260922,1,hgb,relative,angry,0.24525309013349994
meld,loudness,20260922,1,hgb,relative,happy,0.18149925038978565
meld,loudness,20260922,1,hgb,relative,neutral,0.23917995848570425
meld,loudness,20260922,1,hgb,relative,sad,0.1807318743169426
meld,loudness,20260922,1,hgb,relative,surprise,0.17883734450571784
meld,loudness,20260922,1,hgb,relative_plus_baseline,angry,0.04412760032295329
meld,loudness,20260922,1,hgb,relative_plus_baseline,happy,0.15401933862710793
meld,loudness,20260922,1,hgb,relative_plus_baseline,neutral,0.36985506373325505
meld,loudness,20260922,1,hgb,relative_plus_baseline,sad,0.21938909610532745
meld,loudness,20260922,1,hgb,relative_plus_baseline,surprise,0.08045280060856067
meld,loudness,20260922,2,logistic,absolute,angry,0.06300469960163614
meld,loudness,20260922,2,logistic,absolute,happy,0.07447243478746582
meld,loudness,20260922,2,logistic,absolute,neutral,0.06826471631444316
meld,loudness,20260922,2,logistic,absolute,sad,0.19800493688666668
meld,loudness,20260922,2,logistic,absolute,surprise,0.06770530429988515
meld,loudness,20260922,2,logistic,relative,angry,0.11304896823501065
meld,loudness,20260922,2,logistic,relative,happy,0.03064691942897541
meld,loudness,20260922,2,logistic,relative,neutral,0.06383881322096198
meld,loudness,20260922,2,logistic,relative,sad,0.17910376360665722
meld,loudness,20260922,2,logistic,relative,surprise,0.07940884656612271
meld,loudness,20260922,2,logistic,relative_plus_baseline,angry,0.07789741631666038
meld,loudness,20260922,2,logistic,relative_plus_baseline,happy,0.045507318261526104
meld,loudness,20260922,2,logistic,relative_plus_baseline,neutral,0.31303273982108915
meld,loudness,20260922,2,logistic,relative_plus_baseline,sad,0.23388087853319692
meld,loudness,20260922,2,logistic,relative_plus_baseline,surprise,0.0
meld,loudness,20260922,2,hgb,absolute,angry,0.0361397226957835
meld,loudness,20260922,2,hgb,absolute,happy,0.23491176253388724
meld,loudness,20260922,2,hgb,absolute,neutral,0.27809416030514894
meld,loudness,20260922,2,hgb,absolute,sad,0.11154344221539247
meld,loudness,20260922,2,hgb,absolute,surprise,0.19203018573227773
meld,loudness,20260922,2,hgb,relative,angry,0.043841034602614244
meld,loudness,20260922,2,hgb,relative,happy,0.12893238237408092
meld,loudness,20260922,2,hgb,relative,neutral,0.14879959732226444
meld,loudness,20260922,2,hgb,relative,sad,0.10729844491202849
meld,loudness,20260922,2,hgb,relative,surprise,0.130951782844654
meld,loudness,20260922,2,hgb,relative_plus_baseline,angry,0.06285298529276846
meld,loudness,20260922,2,hgb,relative_plus_baseline,happy,0.034787226033293664
meld,loudness,20260922,2,hgb,relative_plus_baseline,neutral,0.491241548646728
meld,loudness,20260922,2,hgb,relative_plus_baseline,sad,0.11728461741208193
meld,loudness,20260922,2,hgb,relative_plus_baseline,surprise,0.0
meld,loudness,20260922,3,logistic,absolute,angry,0.15197718435815416
meld,loudness,20260922,3,logistic,absolute,happy,0.038858367101208505
meld,loudness,20260922,3,logistic,absolute,neutral,0.07250250228666746
meld,loudness,20260922,3,logistic,absolute,sad,0.11827342084987318
meld,loudness,20260922,3,logistic,absolute,surprise,0.1104010367746232
meld,loudness,20260922,3,logistic,relative,angry,0.16508234027781418
meld,loudness,20260922,3,logistic,relative,happy,0.06329425990136431
meld,loudness,20260922,3,logistic,relative,neutral,0.13369733649969462
meld,loudness,20260922,3,logistic,relative,sad,0.15038176408193873
meld,loudness,20260922,3,logistic,relative,surprise,0.019545964684536964
meld,loudness,20260922,3,logistic,relative_plus_baseline,angry,0.1537429834308569
meld,loudness,20260922,3,logistic,relative_plus_baseline,happy,0.15460699215153778
meld,loudness,20260922,3,logistic,relative_plus_baseline,neutral,0.26866115128022316
meld,loudness,20260922,3,logistic,relative_plus_baseline,sad,0.12341355676970592
meld,loudness,20260922,3,logistic,relative_plus_baseline,surprise,0.08290931169487173
meld,loudness,20260922,3,hgb,absolute,angry,0.15861889654302036
meld,loudness,20260922,3,hgb,absolute,happy,0.17794679427234697
meld,loudness,20260922,3,hgb,absolute,neutral,0.22754428773076663
meld,loudness,20260922,3,hgb,absolute,sad,0.10832398091137042
meld,loudness,20260922,3,hgb,absolute,surprise,0.17523476648516617
meld,loudness,20260922,3,hgb,relative,angry,0.18508731971511466
meld,loudness,20260922,3,hgb,relative,happy,0.13329325594111496
meld,loudness,20260922,3,hgb,relative,neutral,0.2490590607588192
meld,loudness,20260922,3,hgb,relative,sad,0.15522718828803475
meld,loudness,20260922,3,hgb,relative,surprise,0.16176674025603566
meld,loudness,20260922,3,hgb,relative_plus_baseline,angry,0.17875227663622767
meld,loudness,20260922,3,hgb,relative_plus_baseline,happy,0.24035128442586315
meld,loudness,20260922,3,hgb,relative_plus_baseline,neutral,0.4595881961709995
meld,loudness,20260922,3,hgb,relative_plus_baseline,sad,0.12201784966844387
meld,loudness,20260922,3,hgb,relative_plus_baseline,surprise,0.17737125256540143
meld,loudness,20260922,4,logistic,absolute,angry,0.1572881849620313
meld,loudness,20260922,4,logistic,absolute,happy,0.07651901246293326
meld,loudness,20260922,4,logistic,absolute,neutral,0.0491734805385794
meld,loudness,20260922,4,logistic,absolute,sad,0.13683304394744966
meld,loudness,20260922,4,logistic,absolute,surprise,0.0
meld,loudness,20260922,4,logistic,relative,angry,0.16758607474140655
meld,loudness,20260922,4,logistic,relative,happy,0.09796815701873891
meld,loudness,20260922,4,logistic,relative,neutral,0.15619636320497227
meld,loudness,20260922,4,logistic,relative,sad,0.14396959411668553
meld,loudness,20260922,4,logistic,relative,surprise,0.0
meld,loudness,20260922,4,logistic,relative_plus_baseline,angry,0.19296006463927964
meld,loudness,20260922,4,logistic,relative_plus_baseline,happy,0.11505404966265487
meld,loudness,20260922,4,logistic,relative_plus_baseline,neutral,0.5450526238070186
meld,loudness,20260922,4,logistic,relative_plus_baseline,sad,0.2071084588234984
meld,loudness,20260922,4,logistic,relative_plus_baseline,surprise,0.0
meld,loudness,20260922,4,hgb,absolute,angry,0.14787729403735808
meld,loudness,20260922,4,hgb,absolute,happy,0.22096607378449265
meld,loudness,20260922,4,hgb,absolute,neutral,0.2767806866703879
meld,loudness,20260922,4,hgb,absolute,sad,0.14186564013997108
meld,loudness,20260922,4,hgb,absolute,surprise,0.04206644285380774
meld,loudness,20260922,4,hgb,relative,angry,0.11423052945479122
meld,loudness,20260922,4,hgb,relative,happy,0.2022843859745188
meld,loudness,20260922,4,hgb,relative,neutral,0.25228053889821556
meld,loudness,20260922,4,hgb,relative,sad,0.07889833505249913
meld,loudness,20260922,4,hgb,relative,surprise,0.11600055545458408
meld,loudness,20260922,4,hgb,relative_plus_baseline,angry,0.15848559337903953
meld,loudness,20260922,4,hgb,relative_plus_baseline,happy,0.13837124952396476
meld,loudness,20260922,4,hgb,relative_plus_baseline,neutral,0.36748106430270994
meld,loudness,20260922,4,hgb,relative_plus_baseline,sad,0.2658565864002833
meld,loudness,20260922,4,hgb,relative_plus_baseline,surprise,0.04964138663833178
meld,rate,20260920,0,logistic,absolute,angry,0.14839716988767798
meld,rate,20260920,0,logistic,absolute,happy,0.024345738331884206
meld,rate,20260920,0,logistic,absolute,neutral,0.033350306472722496
meld,rate,20260920,0,logistic,absolute,sad,0.023795889536899793
meld,rate,20260920,0,logistic,absolute,surprise,0.18918374575362867
meld,rate,20260920,0,logistic,relative,angry,0.1395953696462607
meld,rate,20260920,0,logistic,relative,happy,0.07119164057322185
meld,rate,20260920,0,logistic,relative,neutral,0.05451317343284685
meld,rate,20260920,0,logistic,relative,sad,0.05037945687737214
meld,rate,20260920,0,logistic,relative,surprise,0.18358182413084595
meld,rate,20260920,0,logistic,relative_plus_baseline,angry,0.16767569657583903
meld,rate,20260920,0,logistic,relative_plus_baseline,happy,0.015708440375732415
meld,rate,20260920,0,logistic,relative_plus_baseline,neutral,0.03988432860270751
meld,rate,20260920,0,logistic,relative_plus_baseline,sad,0.05345731536813083
meld,rate,20260920,0,logistic,relative_plus_baseline,surprise,0.2178567720662963
meld,rate,20260920,0,hgb,absolute,angry,0.14040682486424996
meld,rate,20260920,0,hgb,absolute,happy,0.1863920097225009
meld,rate,20260920,0,hgb,absolute,neutral,0.25276112552799074
meld,rate,20260920,0,hgb,absolute,sad,0.10768961158768112
meld,rate,20260920,0,hgb,absolute,surprise,0.202580802945115
meld,rate,20260920,0,hgb,relative,angry,0.11092755835593095
meld,rate,20260920,0,hgb,relative,happy,0.1813683999301129
meld,rate,20260920,0,hgb,relative,neutral,0.2623046576910709
meld,rate,20260920,0,hgb,relative,sad,0.05568284674328977
meld,rate,20260920,0,hgb,relative,surprise,0.17821614509035816
meld,rate,20260920,0,hgb,relative_plus_baseline,angry,0.06912469433276779
meld,rate,20260920,0,hgb,relative_plus_baseline,happy,0.18674850929793527
meld,rate,20260920,0,hgb,relative_plus_baseline,neutral,0.4797185806863509
meld,rate,20260920,0,hgb,relative_plus_baseline,sad,0.12568856731897676
meld,rate,20260920,0,hgb,relative_plus_baseline,surprise,0.11757398053334128
meld,rate,20260920,1,logistic,absolute,angry,0.0779341841410419
meld,rate,20260920,1,logistic,absolute,happy,0.0
meld,rate,20260920,1,logistic,absolute,neutral,0.084233084017869
meld,rate,20260920,1,logistic,absolute,sad,0.0
meld,rate,20260920,1,logistic,absolute,surprise,0.26391925775052966
meld,rate,20260920,1,logistic,relative,angry,0.07924086999807335
meld,rate,20260920,1,logistic,relative,happy,0.0
meld,rate,20260920,1,logistic,relative,neutral,0.08849766189606552
meld,rate,20260920,1,logistic,relative,sad,0.0
meld,rate,20260920,1,logistic,relative,surprise,0.2684094044043868
meld,rate,20260920,1,logistic,relative_plus_baseline,angry,0.04794112523430579
meld,rate,20260920,1,logistic,relative_plus_baseline,happy,0.0
meld,rate,20260920,1,logistic,relative_plus_baseline,neutral,0.01328736895514532
meld,rate,20260920,1,logistic,relative_plus_baseline,sad,0.25362050495298316
meld,rate,20260920,1,logistic,relative_plus_baseline,surprise,0.21656962517625072
meld,rate,20260920,1,hgb,absolute,angry,0.01734590259169631
meld,rate,20260920,1,hgb,absolute,happy,0.23049152431321757
meld,rate,20260920,1,hgb,absolute,neutral,0.24749464034659466
meld,rate,20260920,1,hgb,absolute,sad,0.130725898557744
meld,rate,20260920,1,hgb,absolute,surprise,0.2527142734949461
meld,rate,20260920,1,hgb,relative,angry,0.11437634775836851
meld,rate,20260920,1,hgb,relative,happy,0.2172074004689336
meld,rate,20260920,1,hgb,relative,neutral,0.24322115390751223
meld,rate,20260920,1,hgb,relative,sad,0.16833352693983597
meld,rate,20260920,1,hgb,relative,surprise,0.2513612874874901
meld,rate,20260920,1,hgb,relative_plus_baseline,angry,0.10967668952743027
meld,rate,20260920,1,hgb,relative_plus_baseline,happy,0.13686123301783665
meld,rate,20260920,1,hgb,relative_plus_baseline,neutral,0.38963661672990685
meld,rate,20260920,1,hgb,relative_plus_baseline,sad,0.06464731567818922
meld,rate,20260920,1,hgb,relative_plus_baseline,surprise,0.09005323728933365
meld,rate,20260920,2,logistic,absolute,angry,0.08436632715475795
meld,rate,20260920,2,logistic,absolute,happy,0.10865081038279446
meld,rate,20260920,2,logistic,absolute,neutral,0.134206139496242
meld,rate,20260920,2,logistic,absolute,sad,0.011731979434716851
meld,rate,20260920,2,logistic,absolute,surprise,0.17279767336929652
meld,rate,20260920,2,logistic,relative,angry,0.07315326857052998
meld,rate,20260920,2,logistic,relative,happy,0.005333993859759364
meld,rate,20260920,2,logistic,relative,neutral,0.11815761729462275
meld,rate,20260920,2,logistic,relative,sad,0.017532603496701656
meld,rate,20260920,2,logistic,relative,surprise,0.1823574922774085
meld,rate,20260920,2,logistic,relative_plus_baseline,angry,0.05888368778758136
meld,rate,20260920,2,logistic,relative_plus_baseline,happy,0.1124111640264029
meld,rate,20260920,2,logistic,relative_plus_baseline,neutral,0.000491899307012449
meld,rate,20260920,2,logistic,relative_plus_baseline,sad,0.06751838891677626
meld,rate,20260920,2,logistic,relative_plus_baseline,surprise,0.19904425811085116
meld,rate,20260920,2,hgb,absolute,angry,0.06724612100085896
meld,rate,20260920,2,hgb,absolute,happy,0.07007589330937819
meld,rate,20260920,2,hgb,absolute,neutral,0.1794259950999209
meld,rate,20260920,2,hgb,absolute,sad,0.048868530997024255
meld,rate,20260920,2,hgb,absolute,surprise,0.15861422557934546
meld,rate,20260920,2,hgb,relative,angry,0.061926937371866685
meld,rate,20260920,2,hgb,relative,happy,0.17375819036344664
meld,rate,20260920,2,hgb,relative,neutral,0.20206445971529097
meld,rate,20260920,2,hgb,relative,sad,0.05035085550753081
meld,rate,20260920,2,hgb,relative,surprise,0.20845735749630545
meld,rate,20260920,2,hgb,relative_plus_baseline,angry,0.019548425370611456
meld,rate,20260920,2,hgb,relative_plus_baseline,happy,0.21981429281367582
meld,rate,20260920,2,hgb,relative_plus_baseline,neutral,0.21063749340353544
meld,rate,20260920,2,hgb,relative_plus_baseline,sad,0.03829705590608244
meld,rate,20260920,2,hgb,relative_plus_baseline,surprise,0.1435183384132337
meld,rate,20260920,3,logistic,absolute,angry,0.19345116250749958
meld,rate,20260920,3,logistic,absolute,happy,0.0841538106162923
meld,rate,20260920,3,logistic,absolute,neutral,0.11562854911534087
meld,rate,20260920,3,logistic,absolute,sad,0.11760587304113311
meld,rate,20260920,3,logistic,absolute,surprise,0.2546976787982137
meld,rate,20260920,3,logistic,relative,angry,0.19098315660826665
meld,rate,20260920,3,logistic,relative,happy,0.012630718191024983
meld,rate,20260920,3,logistic,relative,neutral,0.11086190522079052
meld,rate,20260920,3,logistic,relative,sad,0.04169034961817597
meld,rate,20260920,3,logistic,relative,surprise,0.25225611232871326
meld,rate,20260920,3,logistic,relative_plus_baseline,angry,0.17210108258127485
meld,rate,20260920,3,logistic,relative_plus_baseline,happy,0.006943292117705429
meld,rate,20260920,3,logistic,relative_plus_baseline,neutral,0.14353996032084665
meld,rate,20260920,3,logistic,relative_plus_baseline,sad,0.22888896086893734
meld,rate,20260920,3,logistic,relative_plus_baseline,surprise,0.22074621921072649
meld,rate,20260920,3,hgb,absolute,angry,0.2695060429918245
meld,rate,20260920,3,hgb,absolute,happy,0.15067920547485755
meld,rate,20260920,3,hgb,absolute,neutral,0.24359113993041878
meld,rate,20260920,3,hgb,absolute,sad,0.23436192684120186
meld,rate,20260920,3,hgb,absolute,surprise,0.21514818938772878
meld,rate,20260920,3,hgb,relative,angry,0.10894558244581401
meld,rate,20260920,3,hgb,relative,happy,0.2658608723216311
meld,rate,20260920,3,hgb,relative,neutral,0.16169829064023783
meld,rate,20260920,3,hgb,relative,sad,0.22070716830015355
meld,rate,20260920,3,hgb,relative,surprise,0.25015408329363675
meld,rate,20260920,3,hgb,relative_plus_baseline,angry,0.22364053674435702
meld,rate,20260920,3,hgb,relative_plus_baseline,happy,0.11524226610340178
meld,rate,20260920,3,hgb,relative_plus_baseline,neutral,0.49662177931852913
meld,rate,20260920,3,hgb,relative_plus_baseline,sad,0.20327588298393018
meld,rate,20260920,3,hgb,relative_plus_baseline,surprise,0.2592551454707961
meld,rate,20260920,4,logistic,absolute,angry,0.3122954353057219
meld,rate,20260920,4,logistic,absolute,happy,0.18067944350341633
meld,rate,20260920,4,logistic,absolute,neutral,0.10003122910904401
meld,rate,20260920,4,logistic,absolute,sad,0.0
meld,rate,20260920,4,logistic,absolute,surprise,0.28062501528291034
meld,rate,20260920,4,logistic,relative,angry,0.2827922248330189
meld,rate,20260920,4,logistic,relative,happy,0.046635494773762866
meld,rate,20260920,4,logistic,relative,neutral,0.058681119185642255
meld,rate,20260920,4,logistic,relative,sad,0.0
meld,rate,20260920,4,logistic,relative,surprise,0.29023860770816934
meld,rate,20260920,4,logistic,relative_plus_baseline,angry,0.20577529292183958
meld,rate,20260920,4,logistic,relative_plus_baseline,happy,0.049576496261332904
meld,rate,20260920,4,logistic,relative_plus_baseline,neutral,0.0
meld,rate,20260920,4,logistic,relative_plus_baseline,sad,0.13598098248340168
meld,rate,20260920,4,logistic,relative_plus_baseline,surprise,0.2385962018542689
meld,rate,20260920,4,hgb,absolute,angry,0.276119013521191
meld,rate,20260920,4,hgb,absolute,happy,0.10995656140468611
meld,rate,20260920,4,hgb,absolute,neutral,0.17584015019718777
meld,rate,20260920,4,hgb,absolute,sad,0.07571550554542804
meld,rate,20260920,4,hgb,absolute,surprise,0.21923994577945946
meld,rate,20260920,4,hgb,relative,angry,0.2588077418476258
meld,rate,20260920,4,hgb,relative,happy,0.09945979004778265
meld,rate,20260920,4,hgb,relative,neutral,0.09288885693228602
meld,rate,20260920,4,hgb,relative,sad,0.035678402366051944
meld,rate,20260920,4,hgb,relative,surprise,0.22859345245323617
meld,rate,20260920,4,hgb,relative_plus_baseline,angry,0.18896214673617706
meld,rate,20260920,4,hgb,relative_plus_baseline,happy,0.14873130156563583
meld,rate,20260920,4,hgb,relative_plus_baseline,neutral,0.3440971886149279
meld,rate,20260920,4,hgb,relative_plus_baseline,sad,0.12861316392053765
meld,rate,20260920,4,hgb,relative_plus_baseline,surprise,0.1775623764632959
meld,rate,20260921,0,logistic,absolute,angry,0.13810982257061005
meld,rate,20260921,0,logistic,absolute,happy,0.05560882973831193
meld,rate,20260921,0,logistic,absolute,neutral,0.15528786045526355
meld,rate,20260921,0,logistic,absolute,sad,0.08356831177939407
meld,rate,20260921,0,logistic,absolute,surprise,0.23952711836782242
meld,rate,20260921,0,logistic,relative,angry,0.16081244050536495
meld,rate,20260921,0,logistic,relative,happy,0.009147740159623925
meld,rate,20260921,0,logistic,relative,neutral,0.17468265825292983
meld,rate,20260921,0,logistic,relative,sad,0.033986932704354156
meld,rate,20260921,0,logistic,relative,surprise,0.23751145479947486
meld,rate,20260921,0,logistic,relative_plus_baseline,angry,0.17957708371108386
meld,rate,20260921,0,logistic,relative_plus_baseline,happy,0.0704310873969696
meld,rate,20260921,0,logistic,relative_plus_baseline,neutral,0.027834001385004973
meld,rate,20260921,0,logistic,relative_plus_baseline,sad,0.13469610860873013
meld,rate,20260921,0,logistic,relative_plus_baseline,surprise,0.28323632564039397
meld,rate,20260921,0,hgb,absolute,angry,0.1310404777809134
meld,rate,20260921,0,hgb,absolute,happy,0.18186830832028306
meld,rate,20260921,0,hgb,absolute,neutral,0.22470480110637647
meld,rate,20260921,0,hgb,absolute,sad,0.13121144964964437
meld,rate,20260921,0,hgb,absolute,surprise,0.19177388265530856
meld,rate,20260921,0,hgb,relative,angry,0.13918603111348837
meld,rate,20260921,0,hgb,relative,happy,0.09356589859991256
meld,rate,20260921,0,hgb,relative,neutral,0.23961990910066522
meld,rate,20260921,0,hgb,relative,sad,0.12997723165463762
meld,rate,20260921,0,hgb,relative,surprise,0.23106716132080746
meld,rate,20260921,0,hgb,relative_plus_baseline,angry,0.0066303165358795385
meld,rate,20260921,0,hgb,relative_plus_baseline,happy,0.1834565623748304
meld,rate,20260921,0,hgb,relative_plus_baseline,neutral,0.41332153882508843
meld,rate,20260921,0,hgb,relative_plus_baseline,sad,0.12647610092021172
meld,rate,20260921,0,hgb,relative_plus_baseline,surprise,0.15420349169583578
meld,rate,20260921,1,logistic,absolute,angry,0.14345892971160842
meld,rate,20260921,1,logistic,absolute,happy,0.0
meld,rate,20260921,1,logistic,absolute,neutral,0.10298970009579948
meld,rate,20260921,1,logistic,absolute,sad,0.0
meld,rate,20260921,1,logistic,absolute,surprise,0.24798975900127712
meld,rate,20260921,1,logistic,relative,angry,0.1471026024880716
meld,rate,20260921,1,logistic,relative,happy,0.0
meld,rate,20260921,1,logistic,relative,neutral,0.0961629620631199
meld,rate,20260921,1,logistic,relative,sad,0.0
meld,rate,20260921,1,logistic,relative,surprise,0.24213120764707777
meld,rate,20260921,1,logistic,relative_plus_baseline,angry,0.1590313877378741
meld,rate,20260921,1,logistic,relative_plus_baseline,happy,0.10146853102494559
meld,rate,20260921,1,logistic,relative_plus_baseline,neutral,0.0
meld,rate,20260921,1,logistic,relative_plus_baseline,sad,0.058964640428217634
meld,rate,20260921,1,logistic,relative_plus_baseline,surprise,0.22094513702902951
meld,rate,20260921,1,hgb,absolute,angry,0.1448582223325431
meld,rate,20260921,1,hgb,absolute,happy,0.09859707375013248
meld,rate,20260921,1,hgb,absolute,neutral,0.19335723797661147
meld,rate,20260921,1,hgb,absolute,sad,0.11668925388736762
meld,rate,20260921,1,hgb,absolute,surprise,0.16116550922969214
meld,rate,20260921,1,hgb,relative,angry,0.149439474249387
meld,rate,20260921,1,hgb,relative,happy,0.20341738187447675
meld,rate,20260921,1,hgb,relative,neutral,0.19853427830404222
meld,rate,20260921,1,hgb,relative,sad,0.09899368231867296
meld,rate,20260921,1,hgb,relative,surprise,0.0867945739355716
meld,rate,20260921,1,hgb,relative_plus_baseline,angry,0.11920158109870509
meld,rate,20260921,1,hgb,relative_plus_baseline,happy,0.24070704991164296
meld,rate,20260921,1,hgb,relative_plus_baseline,neutral,0.3455889912124473
meld,rate,20260921,1,hgb,relative_plus_baseline,sad,0.18924002780517057
meld,rate,20260921,1,hgb,relative_plus_baseline,surprise,0.15001570423966507
meld,rate,20260921,2,logistic,absolute,angry,0.15988109721076732
meld,rate,20260921,2,logistic,absolute,happy,0.05799406216649358
meld,rate,20260921,2,logistic,absolute,neutral,0.06910239885593945
meld,rate,20260921,2,logistic,absolute,sad,0.05082642072741273
meld,rate,20260921,2,logistic,absolute,surprise,0.29517766406981827
meld,rate,20260921,2,logistic,relative,angry,0.1510477201032902
meld,rate,20260921,2,logistic,relative,happy,0.05223934459881104
meld,rate,20260921,2,logistic,relative,neutral,0.06732405655420086
meld,rate,20260921,2,logistic,relative,sad,0.04929590500424224
meld,rate,20260921,2,logistic,relative,surprise,0.31879050276386417
meld,rate,20260921,2,logistic,relative_plus_baseline,angry,0.10021522629739184
meld,rate,20260921,2,logistic,relative_plus_baseline,happy,0.0395739816236254
meld,rate,20260921,2,logistic,relative_plus_baseline,neutral,0.019775210929523793
meld,rate,20260921,2,logistic,relative_plus_baseline,sad,0.3112447149493856
meld,rate,20260921,2,logistic,relative_plus_baseline,surprise,0.2858381806489496
meld,rate,20260921,2,hgb,absolute,angry,0.1285805845697331
meld,rate,20260921,2,hgb,absolute,happy,0.1472171200366203
meld,rate,20260921,2,hgb,absolute,neutral,0.23799601374362314
meld,rate,20260921,2,hgb,absolute,sad,0.20111926874080768
meld,rate,20260921,2,hgb,absolute,surprise,0.1968814633970207
meld,rate,20260921,2,hgb,relative,angry,0.09139642884054604
meld,rate,20260921,2,hgb,relative,happy,0.18741682727506284
meld,rate,20260921,2,hgb,relative,neutral,0.2767489061872036
meld,rate,20260921,2,hgb,relative,sad,0.1858400133730038
meld,rate,20260921,2,hgb,relative,surprise,0.2540082399229654
meld,rate,20260921,2,hgb,relative_plus_baseline,angry,0.1348057452161186
meld,rate,20260921,2,hgb,relative_plus_baseline,happy,0.08958272884934333
meld,rate,20260921,2,hgb,relative_plus_baseline,neutral,0.3082731890484712
meld,rate,20260921,2,hgb,relative_plus_baseline,sad,0.06740057928462372
meld,rate,20260921,2,hgb,relative_plus_baseline,surprise,0.11855968187041002
meld,rate,20260921,3,logistic,absolute,angry,0.1617337109764511
meld,rate,20260921,3,logistic,absolute,happy,0.1330483364327555
meld,rate,20260921,3,logistic,absolute,neutral,0.08198960199626867
meld,rate,20260921,3,logistic,absolute,sad,0.0
meld,rate,20260921,3,logistic,absolute,surprise,0.18472051731046668
meld,rate,20260921,3,logistic,relative,angry,0.09764430479320062
meld,rate,20260921,3,logistic,relative,happy,0.03983307583042525
meld,rate,20260921,3,logistic,relative,neutral,0.14025347133175733
meld,rate,20260921,3,logistic,relative,sad,0.0
meld,rate,20260921,3,logistic,relative,surprise,0.18047857594696382
meld,rate,20260921,3,logistic,relative_plus_baseline,angry,0.09727078363340107
meld,rate,20260921,3,logistic,relative_plus_baseline,happy,0.0
meld,rate,20260921,3,logistic,relative_plus_baseline,neutral,0.042951670949078646
meld,rate,20260921,3,logistic,relative_plus_baseline,sad,0.19253100972151643
meld,rate,20260921,3,logistic,relative_plus_baseline,surprise,0.18050446032397782
meld,rate,20260921,3,hgb,absolute,angry,0.10223963134251311
meld,rate,20260921,3,hgb,absolute,happy,0.3159837963598556
meld,rate,20260921,3,hgb,absolute,neutral,0.20039350203195475
meld,rate,20260921,3,hgb,absolute,sad,0.09361626821969818
meld,rate,20260921,3,hgb,absolute,surprise,0.17173873696226288
meld,rate,20260921,3,hgb,relative,angry,0.04932880306911445
meld,rate,20260921,3,hgb,relative,happy,0.3840164134313561
meld,rate,20260921,3,hgb,relative,neutral,0.1583607740447504
meld,rate,20260921,3,hgb,relative,sad,0.1769324140544124
meld,rate,20260921,3,hgb,relative,surprise,0.17624759492052827
meld,rate,20260921,3,hgb,relative_plus_baseline,angry,0.06137959456622318
meld,rate,20260921,3,hgb,relative_plus_baseline,happy,0.30414626574791115
meld,rate,20260921,3,hgb,relative_plus_baseline,neutral,0.5270634642810393
meld,rate,20260921,3,hgb,relative_plus_baseline,sad,0.0
meld,rate,20260921,3,hgb,relative_plus_baseline,surprise,0.16150698965393284
meld,rate,20260921,4,logistic,absolute,angry,0.21542023376822686
meld,rate,20260921,4,logistic,absolute,happy,0.17846901870737272
meld,rate,20260921,4,logistic,absolute,neutral,0.1075041000193719
meld,rate,20260921,4,logistic,absolute,sad,0.03591724980426393
meld,rate,20260921,4,logistic,absolute,surprise,0.20161613720723798
meld,rate,20260921,4,logistic,relative,angry,0.2185873799032266
meld,rate,20260921,4,logistic,relative,happy,0.04733229271401849
meld,rate,20260921,4,logistic,relative,neutral,0.09752815394472639
meld,rate,20260921,4,logistic,relative,sad,0.03250927521470168
meld,rate,20260921,4,logistic,relative,surprise,0.20614428023542775
meld,rate,20260921,4,logistic,relative_plus_baseline,angry,0.17505450509063367
meld,rate,20260921,4,logistic,relative_plus_baseline,happy,0.11239749180276769
meld,rate,20260921,4,logistic,relative_plus_baseline,neutral,0.0013206874975502136
meld,rate,20260921,4,logistic,relative_plus_baseline,sad,0.013922151904772997
meld,rate,20260921,4,logistic,relative_plus_baseline,surprise,0.20744385984228458
meld,rate,20260921,4,hgb,absolute,angry,0.155941634017383
meld,rate,20260921,4,hgb,absolute,happy,0.1574346376013321
meld,rate,20260921,4,hgb,absolute,neutral,0.2532646116875348
meld,rate,20260921,4,hgb,absolute,sad,0.055396496818253045
meld,rate,20260921,4,hgb,absolute,surprise,0.20113758302830473
meld,rate,20260921,4,hgb,relative,angry,0.1799260553235437
meld,rate,20260921,4,hgb,relative,happy,0.13824823390777885
meld,rate,20260921,4,hgb,relative,neutral,0.236478965029803
meld,rate,20260921,4,hgb,relative,sad,0.07463710848642566
meld,rate,20260921,4,hgb,relative,surprise,0.15362266754209847
meld,rate,20260921,4,hgb,relative_plus_baseline,angry,0.145680660400209
meld,rate,20260921,4,hgb,relative_plus_baseline,happy,0.030452818262360546
meld,rate,20260921,4,hgb,relative_plus_baseline,neutral,0.3967888441427171
meld,rate,20260921,4,hgb,relative_plus_baseline,sad,0.04163821822232054
meld,rate,20260921,4,hgb,relative_plus_baseline,surprise,0.1641499972932387
meld,rate,20260922,0,logistic,absolute,angry,0.19283311014357624
meld,rate,20260922,0,logistic,absolute,happy,0.21165769546467048
meld,rate,20260922,0,logistic,absolute,neutral,0.11185557336199624
meld,rate,20260922,0,logistic,absolute,sad,0.005171203608301639
meld,rate,20260922,0,logistic,absolute,surprise,0.22974397012995537
meld,rate,20260922,0,logistic,relative,angry,0.136948681251343
meld,rate,20260922,0,logistic,relative,happy,0.004462631187799516
meld,rate,20260922,0,logistic,relative,neutral,0.08569202727334962
meld,rate,20260922,0,logistic,relative,sad,0.004670169028514832
meld,rate,20260922,0,logistic,relative,surprise,0.22306584604551224
meld,rate,20260922,0,logistic,relative_plus_baseline,angry,0.11057660203908368
meld,rate,20260922,0,logistic,relative_plus_baseline,happy,0.09920152427146424
meld,rate,20260922,0,logistic,relative_plus_baseline,neutral,0.0022196314820296906
meld,rate,20260922,0,logistic,relative_plus_baseline,sad,0.1801198104369939
meld,rate,20260922,0,logistic,relative_plus_baseline,surprise,0.19827539990133614
meld,rate,20260922,0,hgb,absolute,angry,0.25966496106497394
meld,rate,20260922,0,hgb,absolute,happy,0.009956977387915417
meld,rate,20260922,0,hgb,absolute,neutral,0.21135234454070773
meld,rate,20260922,0,hgb,absolute,sad,0.11363997135491169
meld,rate,20260922,0,hgb,absolute,surprise,0.15941159820974202
meld,rate,20260922,0,hgb,relative,angry,0.1754642667616118
meld,rate,20260922,0,hgb,relative,happy,0.1667497858885518
meld,rate,20260922,0,hgb,relative,neutral,0.2503983440176521
meld,rate,20260922,0,hgb,relative,sad,0.11144815511319815
meld,rate,20260922,0,hgb,relative,surprise,0.182820842732001
meld,rate,20260922,0,hgb,relative_plus_baseline,angry,0.043639989429172354
meld,rate,20260922,0,hgb,relative_plus_baseline,happy,0.1640587865930259
meld,rate,20260922,0,hgb,relative_plus_baseline,neutral,0.3179525786684532
meld,rate,20260922,0,hgb,relative_plus_baseline,sad,0.18373661130155294
meld,rate,20260922,0,hgb,relative_plus_baseline,surprise,0.2354741885530954
meld,rate,20260922,1,logistic,absolute,angry,0.1203076067474893
meld,rate,20260922,1,logistic,absolute,happy,0.014546728696464844
meld,rate,20260922,1,logistic,absolute,neutral,0.16173647634311278
meld,rate,20260922,1,logistic,absolute,sad,0.06492137801712804
meld,rate,20260922,1,logistic,absolute,surprise,0.22563767585814792
meld,rate,20260922,1,logistic,relative,angry,0.12678400149874955
meld,rate,20260922,1,logistic,relative,happy,0.05616272013855266
meld,rate,20260922,1,logistic,relative,neutral,0.12657786763100023
meld,rate,20260922,1,logistic,relative,sad,0.04973097593783791
meld,rate,20260922,1,logistic,relative,surprise,0.2176491582425049
meld,rate,20260922,1,logistic,relative_plus_baseline,angry,0.048441063597055085
meld,rate,20260922,1,logistic,relative_plus_baseline,happy,0.0
meld,rate,20260922,1,logistic,relative_plus_baseline,neutral,0.12324367095923347
meld,rate,20260922,1,logistic,relative_plus_baseline,sad,0.1465040653366137
meld,rate,20260922,1,logistic,relative_plus_baseline,surprise,0.24163256863336205
meld,rate,20260922,1,hgb,absolute,angry,0.0727239111647039
meld,rate,20260922,1,hgb,absolute,happy,0.20057522842656025
meld,rate,20260922,1,hgb,absolute,neutral,0.19775063573315269
meld,rate,20260922,1,hgb,absolute,sad,0.10793316384953626
meld,rate,20260922,1,hgb,absolute,surprise,0.19667368882815067
meld,rate,20260922,1,hgb,relative,angry,0.08040920819278695
meld,rate,20260922,1,hgb,relative,happy,0.07831721917266679
meld,rate,20260922,1,hgb,relative,neutral,0.16546071235199486
meld,rate,20260922,1,hgb,relative,sad,0.10583888968926133
meld,rate,20260922,1,hgb,relative,surprise,0.14590084987914398
meld,rate,20260922,1,hgb,relative_plus_baseline,angry,0.006407577354598536
meld,rate,20260922,1,hgb,relative_plus_baseline,happy,0.18769889686542002
meld,rate,20260922,1,hgb,relative_plus_baseline,neutral,0.33486887147603833
meld,rate,20260922,1,hgb,relative_plus_baseline,sad,0.08934006245034275
meld,rate,20260922,1,hgb,relative_plus_baseline,surprise,0.16140895841014574
meld,rate,20260922,2,logistic,absolute,angry,0.11613130156776494
meld,rate,20260922,2,logistic,absolute,happy,0.0829958129138627
meld,rate,20260922,2,logistic,absolute,neutral,0.05234351129198948
meld,rate,20260922,2,logistic,absolute,sad,0.09297995427060518
meld,rate,20260922,2,logistic,absolute,surprise,0.2077367105569098
meld,rate,20260922,2,logistic,relative,angry,0.09508506409841824
meld,rate,20260922,2,logistic,relative,happy,0.004420576514676063
meld,rate,20260922,2,logistic,relative,neutral,0.08670196685441045
meld,rate,20260922,2,logistic,relative,sad,0.011076659359835263
meld,rate,20260922,2,logistic,relative,surprise,0.20980738742209998
meld,rate,20260922,2,logistic,relative_plus_baseline,angry,0.11860182341019831
meld,rate,20260922,2,logistic,relative_plus_baseline,happy,0.04993014943071409
meld,rate,20260922,2,logistic,relative_plus_baseline,neutral,0.0
meld,rate,20260922,2,logistic,relative_plus_baseline,sad,0.1463722259968754
meld,rate,20260922,2,logistic,relative_plus_baseline,surprise,0.1911952195818182
meld,rate,20260922,2,hgb,absolute,angry,0.07697097449482201
meld,rate,20260922,2,hgb,absolute,happy,0.14576644150625404
meld,rate,20260922,2,hgb,absolute,neutral,0.19939510269738925
meld,rate,20260922,2,hgb,absolute,sad,0.14324734121746746
meld,rate,20260922,2,hgb,absolute,surprise,0.20315727644999199
meld,rate,20260922,2,hgb,relative,angry,0.05681522479400993
meld,rate,20260922,2,hgb,relative,happy,0.1723689933935685
meld,rate,20260922,2,hgb,relative,neutral,0.22840407405154325
meld,rate,20260922,2,hgb,relative,sad,0.1660616932966056
meld,rate,20260922,2,hgb,relative,surprise,0.19162296954449023
meld,rate,20260922,2,hgb,relative_plus_baseline,angry,0.04572822727672601
meld,rate,20260922,2,hgb,relative_plus_baseline,happy,0.2713192774735941
meld,rate,20260922,2,hgb,relative_plus_baseline,neutral,0.3168087643353491
meld,rate,20260922,2,hgb,relative_plus_baseline,sad,0.14349154422353688
meld,rate,20260922,2,hgb,relative_plus_baseline,surprise,0.189205391547822
meld,rate,20260922,3,logistic,absolute,angry,0.23990984661603504
meld,rate,20260922,3,logistic,absolute,happy,0.0037289141906027222
meld,rate,20260922,3,logistic,absolute,neutral,0.1463451159206891
meld,rate,20260922,3,logistic,absolute,sad,0.012549283916492519
meld,rate,20260922,3,logistic,absolute,surprise,0.19634738610428876
meld,rate,20260922,3,logistic,relative,angry,0.26175308605309294
meld,rate,20260922,3,logistic,relative,happy,0.07512639020077062
meld,rate,20260922,3,logistic,relative,neutral,0.14778637991937202
meld,rate,20260922,3,logistic,relative,sad,0.06669792476193846
meld,rate,20260922,3,logistic,relative,surprise,0.19935784992804176
meld,rate,20260922,3,logistic,relative_plus_baseline,angry,0.21706438485723517
meld,rate,20260922,3,logistic,relative_plus_baseline,happy,0.00604890207435626
meld,rate,20260922,3,logistic,relative_plus_baseline,neutral,0.06807730548487045
meld,rate,20260922,3,logistic,relative_plus_baseline,sad,0.11433476889135787
meld,rate,20260922,3,logistic,relative_plus_baseline,surprise,0.17753553352871917
meld,rate,20260922,3,hgb,absolute,angry,0.11864229003565734
meld,rate,20260922,3,hgb,absolute,happy,0.2529625306341468
meld,rate,20260922,3,hgb,absolute,neutral,0.19961043848575502
meld,rate,20260922,3,hgb,absolute,sad,0.07857087631553454
meld,rate,20260922,3,hgb,absolute,surprise,0.17654604725112666
meld,rate,20260922,3,hgb,relative,angry,0.19019921069541484
meld,rate,20260922,3,hgb,relative,happy,0.2040395845140321
meld,rate,20260922,3,hgb,relative,neutral,0.28368648108541733
meld,rate,20260922,3,hgb,relative,sad,0.09050212415220943
meld,rate,20260922,3,hgb,relative,surprise,0.19915620900974737
meld,rate,20260922,3,hgb,relative_plus_baseline,angry,0.16517074755386685
meld,rate,20260922,3,hgb,relative_plus_baseline,happy,0.16725542320189493
meld,rate,20260922,3,hgb,relative_plus_baseline,neutral,0.42027955287525265
meld,rate,20260922,3,hgb,relative_plus_baseline,sad,0.07569174125090916
meld,rate,20260922,3,hgb,relative_plus_baseline,surprise,0.13733056257319243
meld,rate,20260922,4,logistic,absolute,angry,0.14449012559328606
meld,rate,20260922,4,logistic,absolute,happy,0.07082886945029507
meld,rate,20260922,4,logistic,absolute,neutral,0.009358049400213455
meld,rate,20260922,4,logistic,absolute,sad,0.009152617305303598
meld,rate,20260922,4,logistic,absolute,surprise,0.3402784192510047
meld,rate,20260922,4,logistic,relative,angry,0.15031924181516063
meld,rate,20260922,4,logistic,relative,happy,0.08593047291303768
meld,rate,20260922,4,logistic,relative,neutral,0.08416083374872046
meld,rate,20260922,4,logistic,relative,sad,0.006764343816228497
meld,rate,20260922,4,logistic,relative,surprise,0.34474708961021305
meld,rate,20260922,4,logistic,relative_plus_baseline,angry,0.15051242852676724
meld,rate,20260922,4,logistic,relative_plus_baseline,happy,0.004928485066351699
meld,rate,20260922,4,logistic,relative_plus_baseline,neutral,0.004372989042343477
meld,rate,20260922,4,logistic,relative_plus_baseline,sad,0.0
meld,rate,20260922,4,logistic,relative_plus_baseline,surprise,0.30682599196670773
meld,rate,20260922,4,hgb,absolute,angry,0.14989877557704304
meld,rate,20260922,4,hgb,absolute,happy,0.06288264193072318
meld,rate,20260922,4,hgb,absolute,neutral,0.19101070783137247
meld,rate,20260922,4,hgb,absolute,sad,0.07945876587874791
meld,rate,20260922,4,hgb,absolute,surprise,0.2751458231878291
meld,rate,20260922,4,hgb,relative,angry,0.15390743959346428
meld,rate,20260922,4,hgb,relative,happy,0.2046600224566688
meld,rate,20260922,4,hgb,relative,neutral,0.264239188221384
meld,rate,20260922,4,hgb,relative,sad,0.05527171622201385
meld,rate,20260922,4,hgb,relative,surprise,0.25078649177491785
meld,rate,20260922,4,hgb,relative_plus_baseline,angry,0.18644610694194283
meld,rate,20260922,4,hgb,relative_plus_baseline,happy,0.2461044942223555
meld,rate,20260922,4,hgb,relative_plus_baseline,neutral,0.4844445819050751
meld,rate,20260922,4,hgb,relative_plus_baseline,sad,0.23010656751410047
meld,rate,20260922,4,hgb,relative_plus_baseline,surprise,0.19452378804313797
