dataset,seed,fold,lambda,attribute,target,representation,ccc
msp,20260920,0,0.0,pitch,valence,absolute,0.001969108783172352
msp,20260920,0,0.0,pitch,arousal,absolute,0.09003789698693
msp,20260920,0,0.0,pitch,dominance,absolute,0.045056073091822524
msp,20260920,0,0.0,pitch,valence,relative,0.005335185050178146
msp,20260920,0,0.0,pitch,arousal,relative,0.229066952106525
msp,20260920,0,0.0,pitch,dominance,relative,0.1184244215284664
msp,20260920,0,0.0,pitch,valence,hybrid,0.005373732592499098
msp,20260920,0,0.0,pitch,arousal,hybrid,0.23050504006560524
msp,20260920,0,0.0,pitch,dominance,hybrid,0.11922501230775338
msp,20260920,0,0.0,loudness,valence,absolute,0.003601662891240645
msp,20260920,0,0.0,loudness,arousal,absolute,0.07164566664371601
msp,20260920,0,0.0,loudness,dominance,absolute,0.05984317523896635
msp,20260920,0,0.0,loudness,valence,relative,0.011269018374652372
msp,20260920,0,0.0,loudness,arousal,relative,0.20982460007910533
msp,20260920,0,0.0,loudness,dominance,relative,0.17683094222745274
msp,20260920,0,0.0,loudness,valence,hybrid,0.01133265002772511
msp,20260920,0,0.0,loudness,arousal,hybrid,0.21087282069268953
msp,20260920,0,0.0,loudness,dominance,hybrid,0.1777291045873014
msp,20260920,0,0.0,rate,valence,absolute,0.0012406967722689934
msp,20260920,0,0.0,rate,arousal,absolute,0.005962051086135363
msp,20260920,0,0.0,rate,dominance,absolute,0.006069214370520554
msp,20260920,0,0.0,rate,valence,relative,0.0015219067709408907
msp,20260920,0,0.0,rate,arousal,relative,0.0073073895414218736
msp,20260920,0,0.0,rate,dominance,relative,0.0074397144688924015
msp,20260920,0,0.0,rate,valence,hybrid,0.0015224676640639523
msp,20260920,0,0.0,rate,arousal,hybrid,0.007310080893223567
msp,20260920,0,0.0,rate,dominance,hybrid,0.007442460928734963
msp,20260920,0,0.25,pitch,valence,absolute,0.001055849948970795
msp,20260920,0,0.25,pitch,arousal,absolute,0.15182048570557316
msp,20260920,0,0.25,pitch,dominance,absolute,0.07753114087345933
msp,20260920,0,0.25,pitch,valence,relative,0.005541660573800754
msp,20260920,0,0.25,pitch,arousal,relative,0.21640023863078028
msp,20260920,0,0.25,pitch,dominance,relative,0.11231773101451539
msp,20260920,0,0.25,pitch,valence,hybrid,0.00561776707779058
msp,20260920,0,0.25,pitch,arousal,hybrid,0.23882754779871726
msp,20260920,0,0.25,pitch,dominance,hybrid,0.12458632564192038
msp,20260920,0,0.25,loudness,valence,absolute,0.002496513566582668
msp,20260920,0,0.25,loudness,arousal,absolute,0.1404585951346452
msp,20260920,0,0.25,loudness,dominance,absolute,0.12204982251594138
msp,20260920,0,0.25,loudness,valence,relative,0.011392819985939167
msp,20260920,0,0.25,loudness,arousal,relative,0.19690491077632333
msp,20260920,0,0.25,loudness,dominance,relative,0.1677022520531564
msp,20260920,0,0.25,loudness,valence,hybrid,0.011396266526372045
msp,20260920,0,0.25,loudness,arousal,hybrid,0.22285312811025398
msp,20260920,0,0.25,loudness,dominance,hybrid,0.19154329283044103
msp,20260920,0,0.25,rate,valence,absolute,0.0007517647687052082
msp,20260920,0,0.25,rate,arousal,absolute,0.012027729844306854
msp,20260920,0,0.25,rate,dominance,absolute,0.009565411617954017
msp,20260920,0,0.25,rate,valence,relative,0.0015507095435926756
msp,20260920,0,0.25,rate,arousal,relative,0.007187861951887749
msp,20260920,0,0.25,rate,dominance,relative,0.0075263035371166895
msp,20260920,0,0.25,rate,valence,hybrid,0.0018501370781181905
msp,20260920,0,0.25,rate,arousal,hybrid,0.012923119818680506
msp,20260920,0,0.25,rate,dominance,hybrid,0.00955488486770616
msp,20260920,0,0.5,pitch,valence,absolute,0.0004192266294773914
msp,20260920,0,0.5,pitch,arousal,absolute,0.20659341967969339
msp,20260920,0,0.5,pitch,dominance,absolute,0.10979452067625779
msp,20260920,0,0.5,pitch,valence,relative,0.005569519482280953
msp,20260920,0,0.5,pitch,arousal,relative,0.1904256677146558
msp,20260920,0,0.5,pitch,dominance,relative,0.10081191335651266
msp,20260920,0,0.5,pitch,valence,hybrid,0.006100765797136728
msp,20260920,0,0.5,pitch,arousal,hybrid,0.2517209810839179
msp,20260920,0,0.5,pitch,dominance,hybrid,0.13504437296972563
msp,20260920,0,0.5,loudness,valence,absolute,0.001540649444947676
msp,20260920,0,0.5,loudness,arousal,absolute,0.20701898129833238
msp,20260920,0,0.5,loudness,dominance,absolute,0.18807294049707463
msp,20260920,0,0.5,loudness,valence,relative,0.011159805578431433
msp,20260920,0,0.5,loudness,arousal,relative,0.17211551280641788
msp,20260920,0,0.5,loudness,dominance,relative,0.15080037570939575
msp,20260920,0,0.5,loudness,valence,hybrid,0.011348055061036066
msp,20260920,0,0.5,loudness,arousal,hybrid,0.24682523916526405
msp,20260920,0,0.5,loudness,dominance,hybrid,0.22160095863353318
msp,20260920,0,0.5,rate,valence,absolute,0.0003743124053338105
msp,20260920,0,0.5,rate,arousal,absolute,0.018292823524758042
msp,20260920,0,0.5,rate,dominance,absolute,0.012920058032194781
msp,20260920,0,0.5,rate,valence,relative,0.0015299481814905012
msp,20260920,0,0.5,rate,arousal,relative,0.006543871731284268
msp,20260920,0,0.5,rate,dominance,relative,0.007183776673223314
msp,20260920,0,0.5,rate,valence,hybrid,0.002721347053960922
msp,20260920,0,0.5,rate,arousal,hybrid,0.0263441872912519
msp,20260920,0,0.5,rate,dominance,hybrid,0.014330065833992696
msp,20260920,0,0.75,pitch,valence,absolute,7.877015464957939e-05
msp,20260920,0,0.75,pitch,arousal,absolute,0.24636854976311962
msp,20260920,0,0.75,pitch,dominance,absolute,0.13701555658598635
msp,20260920,0,0.75,pitch,valence,relative,0.005439572826323812
msp,20260920,0,0.75,pitch,arousal,relative,0.15922871938026692
msp,20260920,0,0.75,pitch,dominance,relative,0.0866859264648576
msp,20260920,0,0.75,pitch,valence,hybrid,0.006749618055753399
msp,20260920,0,0.75,pitch,arousal,hybrid,0.2651727416875787
msp,20260920,0,0.75,pitch,dominance,hybrid,0.14771209850179667
msp,20260920,0,0.75,loudness,valence,absolute,0.0007980320801494695
msp,20260920,0,0.75,loudness,arousal,absolute,0.25917208694162575
msp,20260920,0,0.75,loudness,dominance,absolute,0.24631278547330077
msp,20260920,0,0.75,loudness,valence,relative,0.01063634891981678
msp,20260920,0,0.75,loudness,arousal,relative,0.14294676532275838
msp,20260920,0,0.75,loudness,dominance,relative,0.13002893123412457
msp,20260920,0,0.75,loudness,valence,hybrid,0.011206736185916564
msp,20260920,0,0.75,loudness,arousal,hybrid,0.27401473049055824
msp,20260920,0,0.75,loudness,dominance,hybrid,0.25850016223176814
msp,20260920,0,0.75,rate,valence,absolute,0.00012660304659617923
msp,20260920,0,0.75,rate,arousal,absolute,0.023498386342753898
msp,20260920,0,0.75,rate,dominance,absolute,0.01566770638701517
msp,20260920,0,0.75,rate,valence,relative,0.0014678559231550074
msp,20260920,0,0.75,rate,arousal,relative,0.005648195197503275
msp,20260920,0,0.75,rate,dominance,relative,0.006558136952420013
msp,20260920,0,0.75,rate,valence,hybrid,0.003989556856741044
msp,20260920,0,0.75,rate,arousal,hybrid,0.04260199975065963
msp,20260920,0,0.75,rate,dominance,hybrid,0.02044432790067704
msp,20260920,0,1.0,pitch,valence,absolute,3.1992613582335094e-06
msp,20260920,0,1.0,pitch,arousal,absolute,0.27155634914878996
msp,20260920,0,1.0,pitch,dominance,absolute,0.1574837331698007
msp,20260920,0,1.0,pitch,valence,relative,0.005193037583983998
msp,20260920,0,1.0,pitch,arousal,relative,0.12931381254350377
msp,20260920,0,1.0,pitch,dominance,relative,0.07246611328552421
msp,20260920,0,1.0,pitch,valence,hybrid,0.0074804710350377486
msp,20260920,0,1.0,pitch,arousal,hybrid,0.2767583491031208
msp,20260920,0,1.0,pitch,dominance,hybrid,0.1601502041769299
msp,20260920,0,1.0,loudness,valence,absolute,0.00028559205338652706
msp,20260920,0,1.0,loudness,arousal,absolute,0.29517648179834916
msp,20260920,0,1.0,loudness,dominance,absolute,0.2921111310772545
msp,20260920,0,1.0,loudness,valence,relative,0.009920369174581412
msp,20260920,0,1.0,loudness,arousal,relative,0.11529099370425812
msp,20260920,0,1.0,loudness,dominance,relative,0.10900262539174985
msp,20260920,0,1.0,loudness,valence,hybrid,0.011001812679965937
msp,20260920,0,1.0,loudness,arousal,hybrid,0.29851795913719104
msp,20260920,0,1.0,loudness,dominance,hybrid,0.2945143291745321
msp,20260920,0,1.0,rate,valence,absolute,2.6550996064190524e-06
msp,20260920,0,1.0,rate,arousal,absolute,0.027250130001641414
msp,20260920,0,1.0,rate,dominance,absolute,0.01765496458236232
msp,20260920,0,1.0,rate,valence,relative,0.001377428672160362
msp,20260920,0,1.0,rate,arousal,relative,0.004738545479203946
msp,20260920,0,1.0,rate,dominance,relative,0.005817553394437752
msp,20260920,0,1.0,rate,valence,hybrid,0.005476344931352622
msp,20260920,0,1.0,rate,arousal,hybrid,0.05794684432390788
msp,20260920,0,1.0,rate,dominance,hybrid,0.026683949680845528
msp,20260920,1,0.0,pitch,valence,absolute,0.0011820807398653117
msp,20260920,1,0.0,pitch,arousal,absolute,0.09229139695516281
msp,20260920,1,0.0,pitch,dominance,absolute,0.04473179052061266
msp,20260920,1,0.0,pitch,valence,relative,0.003331151149434833
msp,20260920,1,0.0,pitch,arousal,relative,0.23760215221719444
msp,20260920,1,0.0,pitch,dominance,relative,0.1203657978169962
msp,20260920,1,0.0,pitch,valence,hybrid,0.00335394676955207
msp,20260920,1,0.0,pitch,arousal,hybrid,0.2390223758641776
msp,20260920,1,0.0,pitch,dominance,hybrid,0.12113497838821169
msp,20260920,1,0.0,loudness,valence,absolute,0.003901590053806884
msp,20260920,1,0.0,loudness,arousal,absolute,0.07244815986279578
msp,20260920,1,0.0,loudness,dominance,absolute,0.06271713719478447
msp,20260920,1,0.0,loudness,valence,relative,0.012572221355144029
msp,20260920,1,0.0,loudness,arousal,relative,0.21691635313825075
msp,20260920,1,0.0,loudness,dominance,relative,0.18951300066433627
msp,20260920,1,0.0,loudness,valence,hybrid,0.012635607462505128
msp,20260920,1,0.0,loudness,arousal,hybrid,0.2179470833059037
msp,20260920,1,0.0,loudness,dominance,hybrid,0.19042013192514337
msp,20260920,1,0.0,rate,valence,absolute,0.0008204052167515163
msp,20260920,1,0.0,rate,arousal,absolute,0.0070069080304234165
msp,20260920,1,0.0,rate,dominance,absolute,0.006779224989285993
msp,20260920,1,0.0,rate,valence,relative,0.0009900311228543716
msp,20260920,1,0.0,rate,arousal,relative,0.008452151031432273
msp,20260920,1,0.0,rate,dominance,relative,0.008177883985153647
msp,20260920,1,0.0,rate,valence,hybrid,0.0009903290728112916
msp,20260920,1,0.0,rate,arousal,hybrid,0.008454681951963814
msp,20260920,1,0.0,rate,dominance,hybrid,0.008180342170001116
msp,20260920,1,0.25,pitch,valence,absolute,0.0005577003963178359
msp,20260920,1,0.25,pitch,arousal,absolute,0.1582102551137462
msp,20260920,1,0.25,pitch,dominance,absolute,0.07893489876505513
msp,20260920,1,0.25,pitch,valence,relative,0.003648965833475846
msp,20260920,1,0.25,pitch,arousal,relative,0.22474000282251771
msp,20260920,1,0.25,pitch,dominance,relative,0.11431967653998028
msp,20260920,1,0.25,pitch,valence,hybrid,0.0037259794573741662
msp,20260920,1,0.25,pitch,arousal,hybrid,0.24827000174547423
msp,20260920,1,0.25,pitch,dominance,hybrid,0.12717622377241206
msp,20260920,1,0.25,loudness,valence,absolute,0.002525281997418536
msp,20260920,1,0.25,loudness,arousal,absolute,0.13667122729389938
msp,20260920,1,0.25,loudness,dominance,absolute,0.12164600123893778
msp,20260920,1,0.25,loudness,valence,relative,0.013027628882704874
msp,20260920,1,0.25,loudness,arousal,relative,0.2033498572856803
msp,20260920,1,0.25,loudness,dominance,relative,0.17918012059468605
msp,20260920,1,0.25,loudness,valence,hybrid,0.013076492221836924
msp,20260920,1,0.25,loudness,arousal,hybrid,0.22645831350940293
msp,20260920,1,0.25,loudness,dominance,hybrid,0.20057326128790692
msp,20260920,1,0.25,rate,valence,absolute,0.0004909324170876697
msp,20260920,1,0.25,rate,arousal,absolute,0.014180884812777994
msp,20260920,1,0.25,rate,dominance,absolute,0.011078431893838493
msp,20260920,1,0.25,rate,valence,relative,0.0009880253769004891
msp,20260920,1,0.25,rate,arousal,relative,0.008255190517086008
msp,20260920,1,0.25,rate,dominance,relative,0.00822434238035201
msp,20260920,1,0.25,rate,valence,hybrid,0.0011959551893528967
msp,20260920,1,0.25,rate,arousal,hybrid,0.015680921523183632
msp,20260920,1,0.25,rate,dominance,hybrid,0.01116298025117257
msp,20260920,1,0.5,pitch,valence,absolute,0.00015262713333350725
msp,20260920,1,0.5,pitch,arousal,absolute,0.21849608579354848
msp,20260920,1,0.5,pitch,dominance,absolute,0.11371791061666574
msp,20260920,1,0.5,pitch,valence,relative,0.003856271487284436
msp,20260920,1,0.5,pitch,arousal,relative,0.19911523855316396
msp,20260920,1,0.5,pitch,dominance,relative,0.10298263733127301
msp,20260920,1,0.5,pitch,valence,hybrid,0.004342851106039427
msp,20260920,1,0.5,pitch,arousal,hybrid,0.2645660634112202
msp,20260920,1,0.5,pitch,dominance,hybrid,0.1394910650933398
msp,20260920,1,0.5,loudness,valence,absolute,0.0014176124037491057
msp,20260920,1,0.5,loudness,arousal,absolute,0.19841503044515457
msp,20260920,1,0.5,loudness,dominance,absolute,0.18293120530569765
msp,20260920,1,0.5,loudness,valence,relative,0.013087911740861003
msp,20260920,1,0.5,loudness,arousal,relative,0.17828034124051767
msp,20260920,1,0.5,loudness,dominance,relative,0.1608570562381533
msp,20260920,1,0.5,loudness,valence,hybrid,0.013551930502249027
msp,20260920,1,0.5,loudness,arousal,hybrid,0.24464184759181293
msp,20260920,1,0.5,loudness,dominance,hybrid,0.22388048327664486
msp,20260920,1,0.5,rate,valence,absolute,0.00024129299278850705
msp,20260920,1,0.5,rate,arousal,absolute,0.02172455128947986
msp,20260920,1,0.5,rate,dominance,absolute,0.015358359872808704
msp,20260920,1,0.5,rate,valence,relative,0.0009572532757382567
msp,20260920,1,0.5,rate,arousal,relative,0.007488808600466399
msp,20260920,1,0.5,rate,dominance,relative,0.007812194836664049
msp,20260920,1,0.5,rate,valence,hybrid,0.0017824873039323076
msp,20260920,1,0.5,rate,arousal,hybrid,0.03331044410909413
msp,20260920,1,0.5,rate,dominance,hybrid,0.01826400227607373
msp,20260920,1,0.75,pitch,valence,absolute,-2.6599590807086624e-05
msp,20260920,1,0.75,pitch,arousal,absolute,0.26406110119782605
msp,20260920,1,0.75,pitch,dominance,absolute,0.14377804210505712
msp,20260920,1,0.75,pitch,valence,relative,0.003949754862268819
msp,20260920,1,0.75,pitch,arousal,relative,0.16805255093086213
msp,20260920,1,0.75,pitch,dominance,relative,0.08898022650438642
msp,20260920,1,0.75,pitch,valence,hybrid,0.005124124053604044
msp,20260920,1,0.75,pitch,arousal,hybrid,0.2828328011538539
msp,20260920,1,0.75,pitch,dominance,hybrid,0.15475880029910022
msp,20260920,1,0.75,loudness,valence,absolute,0.0006365538737534096
msp,20260920,1,0.75,loudness,arousal,absolute,0.24693215142230376
msp,20260920,1,0.75,loudness,dominance,absolute,0.2363246168762784
msp,20260920,1,0.75,loudness,valence,relative,0.012796333721166136
msp,20260920,1,0.75,loudness,arousal,relative,0.14878281589122336
msp,20260920,1,0.75,loudness,dominance,relative,0.13858288735275784
msp,20260920,1,0.75,loudness,valence,hybrid,0.014019033126314872
msp,20260920,1,0.75,loudness,arousal,hybrid,0.2660219521481714
msp,20260920,1,0.75,loudness,dominance,hybrid,0.25316511931925056
msp,20260920,1,0.75,rate,valence,absolute,8.214323915658743e-05
msp,20260920,1,0.75,rate,arousal,absolute,0.028155651844073287
msp,20260920,1,0.75,rate,dominance,absolute,0.019003087378451373
msp,20260920,1,0.75,rate,valence,relative,0.0009037417400883692
msp,20260920,1,0.75,rate,arousal,relative,0.006447654804789539
msp,20260920,1,0.75,rate,dominance,relative,0.007100618535021779
msp,20260920,1,0.75,rate,valence,hybrid,0.002654643224954859
msp,20260920,1,0.75,rate,arousal,hybrid,0.05493277221708147
msp,20260920,1,0.75,rate,dominance,hybrid,0.02750826079605797
msp,20260920,1,1.0,pitch,valence,absolute,-8.488319386018276e-06
msp,20260920,1,1.0,pitch,arousal,absolute,0.2943779920006487
msp,20260920,1,1.0,pitch,dominance,absolute,0.16698501229219817
msp,20260920,1,1.0,pitch,valence,relative,0.0039436824084487275
msp,20260920,1,1.0,pitch,arousal,relative,0.1377370198923944
msp,20260920,1,1.0,pitch,dominance,relative,0.07475683502797258
msp,20260920,1,1.0,pitch,valence,hybrid,0.005980929273235441
msp,20260920,1,1.0,pitch,arousal,hybrid,0.29948911402067613
msp,20260920,1,1.0,pitch,dominance,hybrid,0.17004466758033973
msp,20260920,1,1.0,loudness,valence,absolute,0.00017989277640721732
msp,20260920,1,1.0,loudness,arousal,absolute,0.2805440272499955
msp,20260920,1,1.0,loudness,dominance,absolute,0.27785789583853915
msp,20260920,1,1.0,loudness,valence,relative,0.012239837487832925
msp,20260920,1,1.0,loudness,arousal,relative,0.12056855800208127
msp,20260920,1,1.0,loudness,dominance,relative,0.1160926565033151
msp,20260920,1,1.0,loudness,valence,hybrid,0.0144447834251996
msp,20260920,1,1.0,loudness,arousal,hybrid,0.2858777059641641
msp,20260920,1,1.0,loudness,dominance,hybrid,0.2822599984791553
msp,20260920,1,1.0,rate,valence,absolute,8.532794376310544e-06
msp,20260920,1,1.0,rate,arousal,absolute,0.03293066281483229
msp,20260920,1,1.0,rate,dominance,absolute,0.021759933296839527
msp,20260920,1,1.0,rate,valence,relative,0.0008357081103343579
msp,20260920,1,1.0,rate,arousal,relative,0.005390788628482943
msp,20260920,1,1.0,rate,dominance,relative,0.006270244899559852
msp,20260920,1,1.0,rate,valence,hybrid,0.00369337313549434
msp,20260920,1,1.0,rate,arousal,hybrid,0.075575357109161
msp,20260920,1,1.0,rate,dominance,hybrid,0.03704605096851489
msp,20260920,2,0.0,pitch,valence,absolute,0.0019817553796356844
msp,20260920,2,0.0,pitch,arousal,absolute,0.08838441596156973
msp,20260920,2,0.0,pitch,dominance,absolute,0.043320897234527735
msp,20260920,2,0.0,pitch,valence,relative,0.0054501071111253945
msp,20260920,2,0.0,pitch,arousal,relative,0.2261503269164021
msp,20260920,2,0.0,pitch,dominance,relative,0.11504824604701253
msp,20260920,2,0.0,pitch,valence,hybrid,0.005485793327134759
msp,20260920,2,0.0,pitch,arousal,hybrid,0.22750818703301703
msp,20260920,2,0.0,pitch,dominance,hybrid,0.11577065952131962
msp,20260920,2,0.0,loudness,valence,absolute,0.00403393095008928
msp,20260920,2,0.0,loudness,arousal,absolute,0.0763772035085359
msp,20260920,2,0.0,loudness,dominance,absolute,0.06371758555894276
msp,20260920,2,0.0,loudness,valence,relative,0.012726621926322566
msp,20260920,2,0.0,loudness,arousal,relative,0.22497642131854864
msp,20260920,2,0.0,loudness,dominance,relative,0.18952731520333266
msp,20260920,2,0.0,loudness,valence,hybrid,0.012795847659221565
msp,20260920,2,0.0,loudness,arousal,hybrid,0.22608323388588913
msp,20260920,2,0.0,loudness,dominance,hybrid,0.19047332016950227
msp,20260920,2,0.0,rate,valence,absolute,0.000535068886253973
msp,20260920,2,0.0,rate,arousal,absolute,0.006365751707315655
msp,20260920,2,0.0,rate,dominance,absolute,0.006244474417564135
msp,20260920,2,0.0,rate,valence,relative,0.0006528504795102165
msp,20260920,2,0.0,rate,arousal,relative,0.0077619618610543515
msp,20260920,2,0.0,rate,dominance,relative,0.00761495855177206
msp,20260920,2,0.0,rate,valence,hybrid,0.0006531342075144639
msp,20260920,2,0.0,rate,arousal,hybrid,0.007765285235476964
msp,20260920,2,0.0,rate,dominance,hybrid,0.007618214133751196
msp,20260920,2,0.25,pitch,valence,absolute,0.0012957498249204008
msp,20260920,2,0.25,pitch,arousal,absolute,0.15207150131232336
msp,20260920,2,0.25,pitch,dominance,absolute,0.07721590752209222
msp,20260920,2,0.25,pitch,valence,relative,0.0054897169143823445
msp,20260920,2,0.25,pitch,arousal,relative,0.2117656453798077
msp,20260920,2,0.25,pitch,dominance,relative,0.10856907552934336
msp,20260920,2,0.25,pitch,valence,hybrid,0.005346695753305914
msp,20260920,2,0.25,pitch,arousal,hybrid,0.2354623797637144
msp,20260920,2,0.25,pitch,dominance,hybrid,0.12169727275082352
msp,20260920,2,0.25,loudness,valence,absolute,0.002777074679293837
msp,20260920,2,0.25,loudness,arousal,absolute,0.14896601315231642
msp,20260920,2,0.25,loudness,dominance,absolute,0.12840476664154218
msp,20260920,2,0.25,loudness,valence,relative,0.012920774082921268
msp,20260920,2,0.25,loudness,arousal,relative,0.2092442538218522
msp,20260920,2,0.25,loudness,dominance,relative,0.17758599337162814
msp,20260920,2,0.25,loudness,valence,hybrid,0.012929292364824844
msp,20260920,2,0.25,loudness,arousal,hybrid,0.23683688280231652
msp,20260920,2,0.25,loudness,dominance,hybrid,0.20257489094064696
msp,20260920,2,0.25,rate,valence,absolute,0.00021799229035563233
msp,20260920,2,0.25,rate,arousal,absolute,0.012751575581462019
msp,20260920,2,0.25,rate,dominance,absolute,0.00987595895779363
msp,20260920,2,0.25,rate,valence,relative,0.0006370189268027708
msp,20260920,2,0.25,rate,arousal,relative,0.007966775034479187
msp,20260920,2,0.25,rate,dominance,relative,0.007954621237257428
msp,20260920,2,0.25,rate,valence,hybrid,0.0008814364198434653
msp,20260920,2,0.25,rate,arousal,hybrid,0.013406602955600774
msp,20260920,2,0.25,rate,dominance,hybrid,0.009791706185572607
msp,20260920,2,0.5,pitch,valence,absolute,0.0005600278445804186
msp,20260920,2,0.5,pitch,arousal,absolute,0.20909968104143897
msp,20260920,2,0.5,pitch,dominance,absolute,0.1111455063498079
msp,20260920,2,0.5,pitch,valence,relative,0.005336674303295578
msp,20260920,2,0.5,pitch,arousal,relative,0.1843980092583764
msp,20260920,2,0.5,pitch,dominance,relative,0.0964825887109681
msp,20260920,2,0.5,pitch,valence,hybrid,0.004894087246685019
msp,20260920,2,0.5,pitch,arousal,hybrid,0.2500566163467261
msp,20260920,2,0.5,pitch,dominance,hybrid,0.1337984166411305
msp,20260920,2,0.5,loudness,valence,absolute,0.0016940921398274867
msp,20260920,2,0.5,loudness,arousal,absolute,0.2185957541539613
msp,20260920,2,0.5,loudness,dominance,absolute,0.19569113510502947
msp,20260920,2,0.5,loudness,valence,relative,0.012700106423094555
msp,20260920,2,0.5,loudness,arousal,relative,0.1808593158482862
msp,20260920,2,0.5,loudness,dominance,relative,0.15695132542918225
msp,20260920,2,0.5,loudness,valence,hybrid,0.012938853999216968
msp,20260920,2,0.5,loudness,arousal,hybrid,0.2602418478497881
msp,20260920,2,0.5,loudness,dominance,hybrid,0.23077461436920746
msp,20260920,2,0.5,rate,valence,absolute,9.498477775033012e-06
msp,20260920,2,0.5,rate,arousal,absolute,0.019260280845005057
msp,20260920,2,0.5,rate,dominance,absolute,0.013288613501695202
msp,20260920,2,0.5,rate,valence,relative,0.0006014390464376887
msp,20260920,2,0.5,rate,arousal,relative,0.007529367713523738
msp,20260920,2,0.5,rate,dominance,relative,0.007780587306115213
msp,20260920,2,0.5,rate,valence,hybrid,0.0015662713708622868
msp,20260920,2,0.5,rate,arousal,hybrid,0.026153388023025605
msp,20260920,2,0.5,rate,dominance,hybrid,0.014155256072042129
msp,20260920,2,0.75,pitch,valence,absolute,-0.00015351288557465667
msp,20260920,2,0.75,pitch,arousal,absolute,0.2507433894885009
msp,20260920,2,0.75,pitch,dominance,absolute,0.1396211321442035
msp,20260920,2,0.75,pitch,valence,relative,0.005030059965310929
msp,20260920,2,0.75,pitch,arousal,relative,0.1524591808034155
msp,20260920,2,0.75,pitch,dominance,relative,0.08192337502545725
msp,20260920,2,0.75,pitch,valence,hybrid,0.004210192902564793
msp,20260920,2,0.75,pitch,arousal,hybrid,0.2662885557011098
msp,20260920,2,0.75,pitch,dominance,hybrid,0.14850257461303576
msp,20260920,2,0.75,loudness,valence,absolute,0.0008582357643124268
msp,20260920,2,0.75,loudness,arousal,absolute,0.27250977785945274
msp,20260920,2,0.75,loudness,dominance,absolute,0.2534767430916762
msp,20260920,2,0.75,loudness,valence,relative,0.012138944554258521
msp,20260920,2,0.75,loudness,arousal,relative,0.14837150456174272
msp,20260920,2,0.75,loudness,dominance,relative,0.1326190702861674
msp,20260920,2,0.75,loudness,valence,hybrid,0.012840188854942996
msp,20260920,2,0.75,loudness,arousal,hybrid,0.28736669881789795
msp,20260920,2,0.75,loudness,dominance,hybrid,0.26565014037101814
msp,20260920,2,0.75,rate,valence,absolute,-8.631143907007033e-05
msp,20260920,2,0.75,rate,arousal,absolute,0.0245764368914685
msp,20260920,2,0.75,rate,dominance,absolute,0.01598976452540015
msp,20260920,2,0.75,rate,valence,relative,0.0005518612923942804
msp,20260920,2,0.75,rate,arousal,relative,0.00672342978341699
msp,20260920,2,0.75,rate,dominance,relative,0.007243932507812332
msp,20260920,2,0.75,rate,valence,hybrid,0.0025859786805842843
msp,20260920,2,0.75,rate,arousal,hybrid,0.0412274805900334
msp,20260920,2,0.75,rate,dominance,hybrid,0.019460307938616608
msp,20260920,2,1.0,pitch,valence,absolute,-0.0007918652262675968
msp,20260920,2,1.0,pitch,arousal,absolute,0.2772459918495716
msp,20260920,2,1.0,pitch,dominance,absolute,0.16079184718787948
msp,20260920,2,1.0,pitch,valence,relative,0.004625131671593061
msp,20260920,2,1.0,pitch,arousal,relative,0.12243011865081804
msp,20260920,2,1.0,pitch,dominance,relative,0.06759103493612723
msp,20260920,2,1.0,pitch,valence,hybrid,0.0033967556886956947
msp,20260920,2,1.0,pitch,arousal,hybrid,0.28082401971876764
msp,20260920,2,1.0,pitch,dominance,hybrid,0.1628409229426454
msp,20260920,2,1.0,loudness,valence,absolute,0.00028746586090371847
msp,20260920,2,1.0,loudness,arousal,absolute,0.30919370101010424
msp,20260920,2,1.0,loudness,dominance,absolute,0.2975419661194393
msp,20260920,2,1.0,loudness,valence,relative,0.011349995408819216
msp,20260920,2,1.0,loudness,arousal,relative,0.11819388124173641
msp,20260920,2,1.0,loudness,dominance,relative,0.1088534211113788
msp,20260920,2,1.0,loudness,valence,hybrid,0.01266288761930378
msp,20260920,2,1.0,loudness,arousal,hybrid,0.3120774657290108
msp,20260920,2,1.0,loudness,dominance,hybrid,0.2995576037777211
msp,20260920,2,1.0,rate,valence,absolute,-8.427535940519913e-05
msp,20260920,2,1.0,rate,arousal,absolute,0.028334193211137244
msp,20260920,2,1.0,rate,dominance,absolute,0.017857074714608474
msp,20260920,2,1.0,rate,valence,relative,0.0004950583654567543
msp,20260920,2,1.0,rate,arousal,relative,0.005824002521011984
msp,20260920,2,1.0,rate,dominance,relative,0.00653883528722478
msp,20260920,2,1.0,rate,valence,hybrid,0.003791149120360677
msp,20260920,2,1.0,rate,arousal,hybrid,0.055186526024415476
msp,20260920,2,1.0,rate,dominance,hybrid,0.024656717121388734
msp,20260920,3,0.0,pitch,valence,absolute,0.001530508138620913
msp,20260920,3,0.0,pitch,arousal,absolute,0.08765961944057567
msp,20260920,3,0.0,pitch,dominance,absolute,0.04205374838433455
msp,20260920,3,0.0,pitch,valence,relative,0.004107641827640174
msp,20260920,3,0.0,pitch,arousal,relative,0.22048995150319717
msp,20260920,3,0.0,pitch,dominance,relative,0.10942137994831865
msp,20260920,3,0.0,pitch,valence,hybrid,0.0041362053476360055
msp,20260920,3,0.0,pitch,arousal,hybrid,0.2218440787613179
msp,20260920,3,0.0,pitch,dominance,hybrid,0.11013907029653447
msp,20260920,3,0.0,loudness,valence,absolute,0.0025006848780755467
msp,20260920,3,0.0,loudness,arousal,absolute,0.06917799653501266
msp,20260920,3,0.0,loudness,dominance,absolute,0.05965112714959548
msp,20260920,3,0.0,loudness,valence,relative,0.008000271864432834
msp,20260920,3,0.0,loudness,arousal,relative,0.20501115962730068
msp,20260920,3,0.0,loudness,dominance,relative,0.1792982951819585
msp,20260920,3,0.0,loudness,valence,hybrid,0.008048949311701387
msp,20260920,3,0.0,loudness,arousal,hybrid,0.206055778259699
msp,20260920,3,0.0,loudness,dominance,hybrid,0.18024356956803647
msp,20260920,3,0.0,rate,valence,absolute,0.000481313594157765
msp,20260920,3,0.0,rate,arousal,absolute,0.006305735132494178
msp,20260920,3,0.0,rate,dominance,absolute,0.004068081960396397
msp,20260920,3,0.0,rate,valence,relative,0.0005801854971644671
msp,20260920,3,0.0,rate,arousal,relative,0.007598148771682583
msp,20260920,3,0.0,rate,dominance,relative,0.004901750183287235
msp,20260920,3,0.0,rate,valence,hybrid,0.0005803869050932439
msp,20260920,3,0.0,rate,arousal,hybrid,0.007600764855171992
msp,20260920,3,0.0,rate,dominance,hybrid,0.004903437793008523
msp,20260920,3,0.25,pitch,valence,absolute,0.0006622122552473931
msp,20260920,3,0.25,pitch,arousal,absolute,0.15445351223863651
msp,20260920,3,0.25,pitch,dominance,absolute,0.0783706941221585
msp,20260920,3,0.25,pitch,valence,relative,0.004359627288694423
msp,20260920,3,0.25,pitch,arousal,relative,0.20674081057362734
msp,20260920,3,0.25,pitch,dominance,relative,0.10242293255064304
msp,20260920,3,0.25,pitch,valence,hybrid,0.0044596025628859505
msp,20260920,3,0.25,pitch,arousal,hybrid,0.23218851390367523
msp,20260920,3,0.25,pitch,dominance,hybrid,0.11721009036863422
msp,20260920,3,0.25,loudness,valence,absolute,0.001752699672365508
msp,20260920,3,0.25,loudness,arousal,absolute,0.13806041226098986
msp,20260920,3,0.25,loudness,dominance,absolute,0.12234684862301903
msp,20260920,3,0.25,loudness,valence,relative,0.008044803210553226
msp,20260920,3,0.25,loudness,arousal,relative,0.19220345365247832
msp,20260920,3,0.25,loudness,dominance,relative,0.16933746347304732
msp,20260920,3,0.25,loudness,valence,hybrid,0.00804126340203139
msp,20260920,3,0.25,loudness,arousal,hybrid,0.21839718391014776
msp,20260920,3,0.25,loudness,dominance,hybrid,0.19361947979323266
msp,20260920,3,0.25,rate,valence,absolute,0.0002579772619425121
msp,20260920,3,0.25,rate,arousal,absolute,0.012468390406035233
msp,20260920,3,0.25,rate,dominance,absolute,0.0066725391325842785
msp,20260920,3,0.25,rate,valence,relative,0.0006040819735048315
msp,20260920,3,0.25,rate,arousal,relative,0.007589276176372865
msp,20260920,3,0.25,rate,dominance,relative,0.00510380278169041
msp,20260920,3,0.25,rate,valence,hybrid,0.0007962554895218262
msp,20260920,3,0.25,rate,arousal,hybrid,0.01344310293138846
msp,20260920,3,0.25,rate,dominance,hybrid,0.006699835477549599
msp,20260920,3,0.5,pitch,valence,absolute,9.995392783138613e-05
msp,20260920,3,0.5,pitch,arousal,absolute,0.2150333382696559
msp,20260920,3,0.5,pitch,dominance,absolute,0.11572862743756145
msp,20260920,3,0.5,pitch,valence,relative,0.004474084518205943
msp,20260920,3,0.5,pitch,arousal,relative,0.18027695199332908
msp,20260920,3,0.5,pitch,dominance,relative,0.09040161683920743
msp,20260920,3,0.5,pitch,valence,hybrid,0.00511227696893871
msp,20260920,3,0.5,pitch,arousal,hybrid,0.25123674198826684
msp,20260920,3,0.5,pitch,dominance,hybrid,0.13306257098758834
msp,20260920,3,0.5,loudness,valence,absolute,0.0010988515751259066
msp,20260920,3,0.5,loudness,arousal,absolute,0.20509927018135282
msp,20260920,3,0.5,loudness,dominance,absolute,0.18869028139990107
msp,20260920,3,0.5,loudness,valence,relative,0.007842534593000024
msp,20260920,3,0.5,loudness,arousal,relative,0.16758898538130124
msp,20260920,3,0.5,loudness,dominance,relative,0.15112971261881306
msp,20260920,3,0.5,loudness,valence,hybrid,0.007937522089892584
msp,20260920,3,0.5,loudness,arousal,hybrid,0.24299645757947538
msp,20260920,3,0.5,loudness,dominance,hybrid,0.22283311761045757
msp,20260920,3,0.5,rate,valence,absolute,0.00010022359265423503
msp,20260920,3,0.5,rate,arousal,absolute,0.018700461610020404
msp,20260920,3,0.5,rate,dominance,absolute,0.009212669028158121
msp,20260920,3,0.5,rate,valence,relative,0.0006085804667786457
msp,20260920,3,0.5,rate,arousal,relative,0.006998682958908405
msp,20260920,3,0.5,rate,dominance,relative,0.004987876434975778
msp,20260920,3,0.5,rate,valence,hybrid,0.0013658461908202441
msp,20260920,3,0.5,rate,arousal,hybrid,0.027069207946082707
msp,20260920,3,0.5,rate,dominance,hybrid,0.010593060389478428
msp,20260920,3,0.75,pitch,valence,absolute,-0.00014716709077957512
msp,20260920,3,0.75,pitch,arousal,absolute,0.2599196011708709
msp,20260920,3,0.75,pitch,dominance,absolute,0.14794290293354112
msp,20260920,3,0.75,pitch,valence,relative,0.0044589568810513795
msp,20260920,3,0.75,pitch,arousal,relative,0.1492707426311244
msp,20260920,3,0.75,pitch,dominance,relative,0.07628042017746174
msp,20260920,3,0.75,pitch,valence,hybrid,0.005996273669973068
msp,20260920,3,0.75,pitch,arousal,hybrid,0.2723374956062195
msp,20260920,3,0.75,pitch,dominance,hybrid,0.15288117899063916
msp,20260920,3,0.75,loudness,valence,absolute,0.0005833104127425581
msp,20260920,3,0.75,loudness,arousal,absolute,0.25769051600869275
msp,20260920,3,0.75,loudness,dominance,absolute,0.2466931735022103
msp,20260920,3,0.75,loudness,valence,relative,0.007442294520704026
msp,20260920,3,0.75,loudness,arousal,relative,0.13874194536790696
msp,20260920,3,0.75,loudness,dominance,relative,0.1290851430709356
msp,20260920,3,0.75,loudness,valence,hybrid,0.0077590328584318975
msp,20260920,3,0.75,loudness,arousal,hybrid,0.2709640349217082
msp,20260920,3,0.75,loudness,dominance,hybrid,0.2587088725246994
msp,20260920,3,0.75,rate,valence,absolute,1.3162024760604066e-05
msp,20260920,3,0.75,rate,arousal,absolute,0.02375947990464776
msp,20260920,3,0.75,rate,dominance,absolute,0.01130644401978155
msp,20260920,3,0.75,rate,valence,relative,0.0005957891193239062
msp,20260920,3,0.75,rate,arousal,relative,0.006112069373279777
msp,20260920,3,0.75,rate,dominance,relative,0.004646513989258804
msp,20260920,3,0.75,rate,valence,hybrid,0.0021944662639947
msp,20260920,3,0.75,rate,arousal,hybrid,0.04324526970471112
msp,20260920,3,0.75,rate,dominance,hybrid,0.01544753599196474
msp,20260920,3,1.0,pitch,valence,absolute,-0.00012092709050196024
msp,20260920,3,1.0,pitch,arousal,absolute,0.2890634876830291
msp,20260920,3,1.0,pitch,dominance,absolute,0.17261275925531358
msp,20260920,3,1.0,pitch,valence,relative,0.0043402678153542885
msp,20260920,3,1.0,pitch,arousal,relative,0.12003958766041452
msp,20260920,3,1.0,pitch,dominance,relative,0.06253489763474192
msp,20260920,3,1.0,pitch,valence,hybrid,0.00699751546010675
msp,20260920,3,1.0,pitch,arousal,hybrid,0.2911227173448867
msp,20260920,3,1.0,pitch,dominance,hybrid,0.1725442397522701
msp,20260920,3,1.0,loudness,valence,absolute,0.00021954866224764886
msp,20260920,3,1.0,loudness,arousal,absolute,0.2939533686855184
msp,20260920,3,1.0,loudness,dominance,absolute,0.29172103739388305
msp,20260920,3,1.0,loudness,valence,relative,0.006912823405835212
msp,20260920,3,1.0,loudness,arousal,relative,0.11153607295396097
msp,20260920,3,1.0,loudness,dominance,relative,0.1071385833667444
msp,20260920,3,1.0,loudness,valence,hybrid,0.007533723705736839
msp,20260920,3,1.0,loudness,arousal,hybrid,0.29626987200822846
msp,20260920,3,1.0,loudness,dominance,hybrid,0.29371828695082686
msp,20260920,3,1.0,rate,valence,absolute,-1.0137285012513642e-05
msp,20260920,3,1.0,rate,arousal,absolute,0.027311551638787495
msp,20260920,3,1.0,rate,dominance,absolute,0.012826221025212371
msp,20260920,3,1.0,rate,valence,relative,0.0005700185256837772
msp,20260920,3,1.0,rate,arousal,relative,0.005187826265171053
msp,20260920,3,1.0,rate,dominance,relative,0.004199202124145584
msp,20260920,3,1.0,rate,valence,hybrid,0.003166439935720415
msp,20260920,3,1.0,rate,arousal,hybrid,0.058213215973388466
msp,20260920,3,1.0,rate,dominance,hybrid,0.020278414343785314
msp,20260920,4,0.0,pitch,valence,absolute,0.0016421410560362292
msp,20260920,4,0.0,pitch,arousal,absolute,0.08228924179374865
msp,20260920,4,0.0,pitch,dominance,absolute,0.039178773507010656
msp,20260920,4,0.0,pitch,valence,relative,0.004528575046886091
msp,20260920,4,0.0,pitch,arousal,relative,0.21101276080099404
msp,20260920,4,0.0,pitch,dominance,relative,0.10441265929842307
msp,20260920,4,0.0,pitch,valence,hybrid,0.004558905250633366
msp,20260920,4,0.0,pitch,arousal,hybrid,0.21229029238328764
msp,20260920,4,0.0,pitch,dominance,hybrid,0.10507977777381394
msp,20260920,4,0.0,loudness,valence,absolute,0.0030521532493863134
msp,20260920,4,0.0,loudness,arousal,absolute,0.06462016304731755
msp,20260920,4,0.0,loudness,dominance,absolute,0.05445828251905893
msp,20260920,4,0.0,loudness,valence,relative,0.009979279120483015
msp,20260920,4,0.0,loudness,arousal,relative,0.19663513500975746
msp,20260920,4,0.0,loudness,dominance,relative,0.16797597255555252
msp,20260920,4,0.0,loudness,valence,hybrid,0.010031872897387955
msp,20260920,4,0.0,loudness,arousal,hybrid,0.19759366770550457
msp,20260920,4,0.0,loudness,dominance,hybrid,0.16880706395564948
msp,20260920,4,0.0,rate,valence,absolute,0.001194711352988413
msp,20260920,4,0.0,rate,arousal,absolute,0.004931804377903371
msp,20260920,4,0.0,rate,dominance,absolute,0.004477679640079127
msp,20260920,4,0.0,rate,valence,relative,0.0014456753780042683
msp,20260920,4,0.0,rate,arousal,relative,0.005964461600214434
msp,20260920,4,0.0,rate,dominance,relative,0.00541566882134611
msp,20260920,4,0.0,rate,valence,hybrid,0.0014463597060632779
msp,20260920,4,0.0,rate,arousal,hybrid,0.005967253624230524
msp,20260920,4,0.0,rate,dominance,hybrid,0.005418201911934381
msp,20260920,4,0.25,pitch,valence,absolute,0.0007588833330176319
msp,20260920,4,0.25,pitch,arousal,absolute,0.14175011394136208
msp,20260920,4,0.25,pitch,dominance,absolute,0.07055403886214252
msp,20260920,4,0.25,pitch,valence,relative,0.004951386090783935
msp,20260920,4,0.25,pitch,arousal,relative,0.1967524304763603
msp,20260920,4,0.25,pitch,dominance,relative,0.09687960627367147
msp,20260920,4,0.25,pitch,valence,hybrid,0.005055439289418831
msp,20260920,4,0.25,pitch,arousal,hybrid,0.2190925286008178
msp,20260920,4,0.25,pitch,dominance,hybrid,0.10951642019615195
msp,20260920,4,0.25,loudness,valence,absolute,0.0015321911327897818
msp,20260920,4,0.25,loudness,arousal,absolute,0.12352491049968976
msp,20260920,4,0.25,loudness,dominance,absolute,0.1081438506980249
msp,20260920,4,0.25,loudness,valence,relative,0.010051202674200108
msp,20260920,4,0.25,loudness,arousal,relative,0.18515067215304137
msp,20260920,4,0.25,loudness,dominance,relative,0.15897250750888553
msp,20260920,4,0.25,loudness,valence,hybrid,0.010097692162364426
msp,20260920,4,0.25,loudness,arousal,hybrid,0.206592524656201
msp,20260920,4,0.25,loudness,dominance,hybrid,0.17907793345644663
msp,20260920,4,0.25,rate,valence,absolute,0.0007300786947991423
msp,20260920,4,0.25,rate,arousal,absolute,0.011266857444889977
msp,20260920,4,0.25,rate,dominance,absolute,0.008032055376144917
msp,20260920,4,0.25,rate,valence,relative,0.0014528248813048183
msp,20260920,4,0.25,rate,arousal,relative,0.006109075658584487
msp,20260920,4,0.25,rate,dominance,relative,0.005660665643008397
msp,20260920,4,0.25,rate,valence,hybrid,0.00171358494514927
msp,20260920,4,0.25,rate,arousal,hybrid,0.012686450808128046
msp,20260920,4,0.25,rate,dominance,hybrid,0.008081428378190827
msp,20260920,4,0.5,pitch,valence,absolute,0.00018250487090451785
msp,20260920,4,0.5,pitch,arousal,absolute,0.19521623832164717
msp,20260920,4,0.5,pitch,dominance,absolute,0.1023931338555287
msp,20260920,4,0.5,pitch,valence,relative,0.005179605250535969
msp,20260920,4,0.5,pitch,arousal,relative,0.17067822461363913
msp,20260920,4,0.5,pitch,dominance,relative,0.08471477932204144
msp,20260920,4,0.5,pitch,valence,hybrid,0.0058392649049957175
msp,20260920,4,0.5,pitch,arousal,hybrid,0.2326670127887322
msp,20260920,4,0.5,pitch,dominance,hybrid,0.12091000160977709
msp,20260920,4,0.5,loudness,valence,absolute,0.00038306690461913643
msp,20260920,4,0.5,loudness,arousal,absolute,0.1799791545879912
msp,20260920,4,0.5,loudness,dominance,absolute,0.164539203869946
msp,20260920,4,0.5,loudness,valence,relative,0.009758021366452497
msp,20260920,4,0.5,loudness,arousal,relative,0.1620899620918807
msp,20260920,4,0.5,loudness,dominance,relative,0.1420994470416985
msp,20260920,4,0.5,loudness,valence,hybrid,0.010270283370608587
msp,20260920,4,0.5,loudness,arousal,hybrid,0.22328469783791144
msp,20260920,4,0.5,loudness,dominance,hybrid,0.20128932713011366
msp,20260920,4,0.5,rate,valence,absolute,0.00036555543487215927
msp,20260920,4,0.5,rate,arousal,absolute,0.018112670432270658
msp,20260920,4,0.5,rate,dominance,absolute,0.011649078863090157
msp,20260920,4,0.5,rate,valence,relative,0.0014071711517611649
msp,20260920,4,0.5,rate,arousal,relative,0.005768733886929045
msp,20260920,4,0.5,rate,dominance,relative,0.00555073298033168
msp,20260920,4,0.5,rate,valence,hybrid,0.0024449358428263943
msp,20260920,4,0.5,rate,arousal,hybrid,0.02839367109013726
msp,20260920,4,0.5,rate,dominance,hybrid,0.014056009892909772
msp,20260920,4,0.75,pitch,valence,absolute,-7.510024754275131e-05
msp,20260920,4,0.75,pitch,arousal,absolute,0.23446529024764692
msp,20260920,4,0.75,pitch,dominance,absolute,0.1295427154078037
msp,20260920,4,0.75,pitch,valence,relative,0.005219630900377921
msp,20260920,4,0.75,pitch,arousal,relative,0.14060548202978157
msp,20260920,4,0.75,pitch,dominance,relative,0.07078336279049137
msp,20260920,4,0.75,pitch,valence,hybrid,0.006789083681115194
msp,20260920,4,0.75,pitch,arousal,hybrid,0.24822429567205548
msp,20260920,4,0.75,pitch,dominance,hybrid,0.13570473857916282
msp,20260920,4,0.75,loudness,valence,absolute,-0.000335621727039553
msp,20260920,4,0.75,loudness,arousal,absolute,0.22368875771113614
msp,20260920,4,0.75,loudness,dominance,absolute,0.21365407738447473
msp,20260920,4,0.75,loudness,valence,relative,0.009183406989013543
msp,20260920,4,0.75,loudness,arousal,relative,0.13472005075766758
msp,20260920,4,0.75,loudness,dominance,relative,0.12154120733374829
msp,20260920,4,0.75,loudness,valence,hybrid,0.010516525941253603
msp,20260920,4,0.75,loudness,arousal,hybrid,0.2419377594496984
msp,20260920,4,0.75,loudness,dominance,hybrid,0.2286654591624042
msp,20260920,4,0.75,rate,valence,absolute,0.00012258826441914188
msp,20260920,4,0.75,rate,arousal,absolute,0.023983455558050457
msp,20260920,4,0.75,rate,dominance,absolute,0.01474889029145294
msp,20260920,4,0.75,rate,valence,relative,0.001321167517168499
msp,20260920,4,0.75,rate,arousal,relative,0.005150752899438887
msp,20260920,4,0.75,rate,dominance,relative,0.0051864738460620004
msp,20260920,4,0.75,rate,valence,hybrid,0.0034972309880080977
msp,20260920,4,0.75,rate,arousal,hybrid,0.04716899134806177
msp,20260920,4,0.75,rate,dominance,hybrid,0.02159850499006037
msp,20260920,4,1.0,pitch,valence,absolute,-6.19585234553575e-05
msp,20260920,4,1.0,pitch,arousal,absolute,0.2595954662145953
msp,20260920,4,1.0,pitch,dominance,absolute,0.1500873531235136
msp,20260920,4,1.0,pitch,valence,relative,0.0051098643624585965
msp,20260920,4,1.0,pitch,arousal,relative,0.11248569804833018
msp,20260920,4,1.0,pitch,dominance,relative,0.057426897817693
msp,20260920,4,1.0,pitch,valence,hybrid,0.007782809370962343
msp,20260920,4,1.0,pitch,arousal,hybrid,0.2624246718174234
msp,20260920,4,1.0,pitch,dominance,hybrid,0.15071662249814585
msp,20260920,4,1.0,loudness,valence,absolute,-0.0006554484364630977
msp,20260920,4,1.0,loudness,arousal,absolute,0.25330216098136876
msp,20260920,4,1.0,loudness,dominance,absolute,0.25159149879979237
msp,20260920,4,1.0,loudness,valence,relative,0.00844111805386527
msp,20260920,4,1.0,loudness,arousal,relative,0.10875045324232331
msp,20260920,4,1.0,loudness,dominance,relative,0.10102351153311054
msp,20260920,4,1.0,loudness,valence,hybrid,0.010798037142236313
msp,20260920,4,1.0,loudness,arousal,hybrid,0.2586845008001523
msp,20260920,4,1.0,loudness,dominance,hybrid,0.2555273144280783
msp,20260920,4,1.0,rate,valence,absolute,-4.219777121859506e-06
msp,20260920,4,1.0,rate,arousal,absolute,0.028340620612921214
msp,20260920,4,1.0,rate,dominance,absolute,0.01709406767048726
msp,20260920,4,1.0,rate,valence,relative,0.001211508821052247
msp,20260920,4,1.0,rate,arousal,relative,0.00446292047940496
msp,20260920,4,1.0,rate,dominance,relative,0.004699816016631663
msp,20260920,4,1.0,rate,valence,hybrid,0.004703896253175757
msp,20260920,4,1.0,rate,arousal,hybrid,0.06467920795296143
msp,20260920,4,1.0,rate,dominance,hybrid,0.029168894950667767
msp,20260921,0,0.0,pitch,valence,absolute,0.0016049229876077637
msp,20260921,0,0.0,pitch,arousal,absolute,0.0901209779605386
msp,20260921,0,0.0,pitch,dominance,absolute,0.0447547550652684
msp,20260921,0,0.0,pitch,valence,relative,0.004426435229412407
msp,20260921,0,0.0,pitch,arousal,relative,0.2316237423849155
msp,20260921,0,0.0,pitch,dominance,relative,0.1194400633029986
msp,20260921,0,0.0,pitch,valence,hybrid,0.004459036805694933
msp,20260921,0,0.0,pitch,arousal,hybrid,0.23308305673375038
msp,20260921,0,0.0,pitch,dominance,hybrid,0.12025848857269157
msp,20260921,0,0.0,loudness,valence,absolute,0.0034184395668319582
msp,20260921,0,0.0,loudness,arousal,absolute,0.0692654967827643
msp,20260921,0,0.0,loudness,dominance,absolute,0.05763553273362221
msp,20260921,0,0.0,loudness,valence,relative,0.010948096732179804
msp,20260921,0,0.0,loudness,arousal,relative,0.20719174765577278
msp,20260921,0,0.0,loudness,dominance,relative,0.1742992266705684
msp,20260921,0,0.0,loudness,valence,hybrid,0.011006061160932473
msp,20260921,0,0.0,loudness,arousal,hybrid,0.208205664340841
msp,20260921,0,0.0,loudness,dominance,hybrid,0.1751621272714399
msp,20260921,0,0.0,rate,valence,absolute,0.001134957367541334
msp,20260921,0,0.0,rate,arousal,absolute,0.006044936978703478
msp,20260921,0,0.0,rate,dominance,absolute,0.0055316392850009565
msp,20260921,0,0.0,rate,valence,relative,0.0013653593386573324
msp,20260921,0,0.0,rate,arousal,relative,0.007268969286746807
msp,20260921,0,0.0,rate,dominance,relative,0.006652145926624846
msp,20260921,0,0.0,rate,valence,hybrid,0.0013657865551476728
msp,20260921,0,0.0,rate,arousal,hybrid,0.007271228996311267
msp,20260921,0,0.0,rate,dominance,hybrid,0.00665416826761482
msp,20260921,0,0.25,pitch,valence,absolute,0.0010373370994585028
msp,20260921,0,0.25,pitch,arousal,absolute,0.15529649312073807
msp,20260921,0,0.25,pitch,dominance,absolute,0.0792738945729888
msp,20260921,0,0.25,pitch,valence,relative,0.004641775138503954
msp,20260921,0,0.25,pitch,arousal,relative,0.21799927683613154
msp,20260921,0,0.25,pitch,dominance,relative,0.11251850753103984
msp,20260921,0,0.25,pitch,valence,hybrid,0.004618774556067586
msp,20260921,0,0.25,pitch,arousal,hybrid,0.24222954730638593
msp,20260921,0,0.25,pitch,dominance,hybrid,0.1260901924981505
msp,20260921,0,0.25,loudness,valence,absolute,0.0022622301680132358
msp,20260921,0,0.25,loudness,arousal,absolute,0.13188686394145674
msp,20260921,0,0.25,loudness,dominance,absolute,0.11364109123431616
msp,20260921,0,0.25,loudness,valence,relative,0.011036164809040341
msp,20260921,0,0.25,loudness,arousal,relative,0.19345049989218435
msp,20260921,0,0.25,loudness,dominance,relative,0.16422352215117395
msp,20260921,0,0.25,loudness,valence,hybrid,0.011061156503757497
msp,20260921,0,0.25,loudness,arousal,hybrid,0.21663629671486184
msp,20260921,0,0.25,loudness,dominance,hybrid,0.18528476589549936
msp,20260921,0,0.25,rate,valence,absolute,0.0006405481039787548
msp,20260921,0,0.25,rate,arousal,absolute,0.01314857797823751
msp,20260921,0,0.25,rate,dominance,absolute,0.009589572864611281
msp,20260921,0,0.25,rate,valence,relative,0.0013517920236786553
msp,20260921,0,0.25,rate,arousal,relative,0.007259485089656121
msp,20260921,0,0.25,rate,dominance,relative,0.00685024539048934
msp,20260921,0,0.25,rate,valence,hybrid,0.001694397353600049
msp,20260921,0,0.25,rate,arousal,hybrid,0.014909925035546024
msp,20260921,0,0.25,rate,dominance,hybrid,0.009693797553040208
msp,20260921,0,0.5,pitch,valence,absolute,0.0005144692423999993
msp,20260921,0,0.5,pitch,arousal,absolute,0.21431724563806584
msp,20260921,0,0.5,pitch,dominance,absolute,0.11440145439222427
msp,20260921,0,0.5,pitch,valence,relative,0.004694237192052254
msp,20260921,0,0.5,pitch,arousal,relative,0.19114771162254085
msp,20260921,0,0.5,pitch,dominance,relative,0.10029525109125235
msp,20260921,0,0.5,pitch,valence,hybrid,0.004723239379212106
msp,20260921,0,0.5,pitch,arousal,hybrid,0.25802222378526024
msp,20260921,0,0.5,pitch,dominance,hybrid,0.13867112934448098
msp,20260921,0,0.5,loudness,valence,absolute,0.0013106830707923396
msp,20260921,0,0.5,loudness,arousal,absolute,0.19182076695464348
msp,20260921,0,0.5,loudness,dominance,absolute,0.17254829820737755
msp,20260921,0,0.5,loudness,valence,relative,0.010747730270371838
msp,20260921,0,0.5,loudness,arousal,relative,0.16817458323241471
msp,20260921,0,0.5,loudness,dominance,relative,0.14663770675439058
msp,20260921,0,0.5,loudness,valence,hybrid,0.011043161159258035
msp,20260921,0,0.5,loudness,arousal,hybrid,0.23454817997361668
msp,20260921,0,0.5,loudness,dominance,hybrid,0.20884638631225516
msp,20260921,0,0.5,rate,valence,absolute,0.00027870120058816296
msp,20260921,0,0.5,rate,arousal,absolute,0.020745136888398116
msp,20260921,0,0.5,rate,dominance,absolute,0.01372782600690061
msp,20260921,0,0.5,rate,valence,relative,0.001292255968437245
msp,20260921,0,0.5,rate,arousal,relative,0.006707977474991384
msp,20260921,0,0.5,rate,dominance,relative,0.0066513157006729585
msp,20260921,0,0.5,rate,valence,hybrid,0.002638014352809458
msp,20260921,0,0.5,rate,arousal,hybrid,0.033126210709872254
msp,20260921,0,0.5,rate,dominance,hybrid,0.016750737217825547
msp,20260921,0,0.75,pitch,valence,absolute,7.938097730062174e-05
msp,20260921,0,0.75,pitch,arousal,absolute,0.25806787239673584
msp,20260921,0,0.75,pitch,dominance,absolute,0.14466829196110031
msp,20260921,0,0.75,pitch,valence,relative,0.004601820729843645
msp,20260921,0,0.75,pitch,arousal,relative,0.15927059222150214
msp,20260921,0,0.75,pitch,dominance,relative,0.08562893969816343
msp,20260921,0,0.75,pitch,valence,hybrid,0.004770407428212508
msp,20260921,0,0.75,pitch,arousal,hybrid,0.27534138417744014
msp,20260921,0,0.75,pitch,dominance,hybrid,0.15444410995778124
msp,20260921,0,0.75,loudness,valence,absolute,0.0006248861490083591
msp,20260921,0,0.75,loudness,arousal,absolute,0.23834361269893362
msp,20260921,0,0.75,loudness,dominance,absolute,0.22426137476681365
msp,20260921,0,0.75,loudness,valence,relative,0.010162599408892832
msp,20260921,0,0.75,loudness,arousal,relative,0.13888447986166108
msp,20260921,0,0.75,loudness,dominance,relative,0.12550932395513423
msp,20260921,0,0.75,loudness,valence,hybrid,0.010964056904252641
msp,20260921,0,0.75,loudness,arousal,hybrid,0.25538385666578617
msp,20260921,0,0.75,loudness,dominance,hybrid,0.2385493674493394
msp,20260921,0,0.75,rate,valence,absolute,6.483382267960456e-05
msp,20260921,0,0.75,rate,arousal,absolute,0.027232302891998215
msp,20260921,0,0.75,rate,dominance,absolute,0.017312047600133076
msp,20260921,0,0.75,rate,valence,relative,0.001198816267419621
msp,20260921,0,0.75,rate,arousal,relative,0.005874799769785333
msp,20260921,0,0.75,rate,dominance,relative,0.006172843694048425
msp,20260921,0,0.75,rate,valence,hybrid,0.004020115780134328
msp,20260921,0,0.75,rate,arousal,hybrid,0.05500670215536487
msp,20260921,0,0.75,rate,dominance,hybrid,0.025822194851870095
msp,20260921,0,1.0,pitch,valence,absolute,-0.00024946582421222607
msp,20260921,0,1.0,pitch,arousal,absolute,0.2864190345992201
msp,20260921,0,1.0,pitch,dominance,absolute,0.16790679135319772
msp,20260921,0,1.0,pitch,valence,relative,0.004402993983379344
msp,20260921,0,1.0,pitch,arousal,relative,0.1288950200995113
msp,20260921,0,1.0,pitch,dominance,relative,0.07107011226446436
msp,20260921,0,1.0,pitch,valence,hybrid,0.004768455401534715
msp,20260921,0,1.0,pitch,arousal,hybrid,0.29080774708126345
msp,20260921,0,1.0,pitch,dominance,hybrid,0.170286987878646
msp,20260921,0,1.0,loudness,valence,absolute,0.00020702929536294565
msp,20260921,0,1.0,loudness,arousal,absolute,0.27004973721459513
msp,20260921,0,1.0,loudness,dominance,absolute,0.2646934241548916
msp,20260921,0,1.0,loudness,valence,relative,0.009392758256084077
msp,20260921,0,1.0,loudness,arousal,relative,0.11138790776767728
msp,20260921,0,1.0,loudness,dominance,relative,0.10443058926097275
msp,20260921,0,1.0,loudness,valence,hybrid,0.01084361858001741
msp,20260921,0,1.0,loudness,arousal,hybrid,0.274516170778321
msp,20260921,0,1.0,loudness,dominance,hybrid,0.26811298239850057
msp,20260921,0,1.0,rate,valence,absolute,-1.4235223904202198e-05
msp,20260921,0,1.0,rate,arousal,absolute,0.032036052782424704
msp,20260921,0,1.0,rate,dominance,absolute,0.02006733355216203
msp,20260921,0,1.0,rate,valence,relative,0.001086567847466099
msp,20260921,0,1.0,rate,arousal,relative,0.005000430755948238
msp,20260921,0,1.0,rate,dominance,relative,0.005564052558252688
msp,20260921,0,1.0,rate,valence,hybrid,0.005629597593207933
msp,20260921,0,1.0,rate,arousal,hybrid,0.07546776841113513
msp,20260921,0,1.0,rate,dominance,hybrid,0.0350800151970695
msp,20260921,1,0.0,pitch,valence,absolute,0.0013878318008687693
msp,20260921,1,0.0,pitch,arousal,absolute,0.07925114101712176
msp,20260921,1,0.0,pitch,dominance,absolute,0.03796597216736152
msp,20260921,1,0.0,pitch,valence,relative,0.003783239021558753
msp,20260921,1,0.0,pitch,arousal,relative,0.20211012169009604
msp,20260921,1,0.0,pitch,dominance,relative,0.10033788640060948
msp,20260921,1,0.0,pitch,valence,hybrid,0.0038108482475246535
msp,20260921,1,0.0,pitch,arousal,hybrid,0.20338030692140854
msp,20260921,1,0.0,pitch,dominance,hybrid,0.10102200966683583
msp,20260921,1,0.0,loudness,valence,absolute,0.003510865730200361
msp,20260921,1,0.0,loudness,arousal,absolute,0.06398646182175073
msp,20260921,1,0.0,loudness,dominance,absolute,0.05328644398969959
msp,20260921,1,0.0,loudness,valence,relative,0.011441712375051935
msp,20260921,1,0.0,loudness,arousal,relative,0.1938920893468286
msp,20260921,1,0.0,loudness,dominance,relative,0.16366473518313085
msp,20260921,1,0.0,loudness,valence,hybrid,0.011502474840706359
msp,20260921,1,0.0,loudness,arousal,hybrid,0.19483898006344333
msp,20260921,1,0.0,loudness,dominance,hybrid,0.16447653545472818
msp,20260921,1,0.0,rate,valence,absolute,0.0013180509458363325
msp,20260921,1,0.0,rate,arousal,absolute,0.004492360465864674
msp,20260921,1,0.0,rate,dominance,absolute,0.0036344601686125527
msp,20260921,1,0.0,rate,valence,relative,0.0016041815870715388
msp,20260921,1,0.0,rate,arousal,relative,0.005463889999284975
msp,20260921,1,0.0,rate,dominance,relative,0.004420753405752177
msp,20260921,1,0.0,rate,valence,hybrid,0.0016048681479537334
msp,20260921,1,0.0,rate,arousal,hybrid,0.005466232386553427
msp,20260921,1,0.0,rate,dominance,hybrid,0.004422644136405236
msp,20260921,1,0.25,pitch,valence,absolute,0.0004796016105202675
msp,20260921,1,0.25,pitch,arousal,absolute,0.1328903036130313
msp,20260921,1,0.25,pitch,dominance,absolute,0.06512608547289009
msp,20260921,1,0.25,pitch,valence,relative,0.004036200795973309
msp,20260921,1,0.25,pitch,arousal,relative,0.19239158771035836
msp,20260921,1,0.25,pitch,dominance,relative,0.09551903417799959
msp,20260921,1,0.25,pitch,valence,hybrid,0.004138791015494501
msp,20260921,1,0.25,pitch,arousal,hybrid,0.21129295459030165
msp,20260921,1,0.25,pitch,dominance,hybrid,0.10566680620550878
msp,20260921,1,0.25,loudness,valence,absolute,0.002078374518188753
msp,20260921,1,0.25,loudness,arousal,absolute,0.12237235350758147
msp,20260921,1,0.25,loudness,dominance,absolute,0.10639800045043879
msp,20260921,1,0.25,loudness,valence,relative,0.011796888285883966
msp,20260921,1,0.25,loudness,arousal,relative,0.1824659547366498
msp,20260921,1,0.25,loudness,dominance,relative,0.15551253129602416
msp,20260921,1,0.25,loudness,valence,hybrid,0.011846658780230846
msp,20260921,1,0.25,loudness,arousal,hybrid,0.20366387385719614
msp,20260921,1,0.25,loudness,dominance,hybrid,0.17530250037240036
msp,20260921,1,0.25,rate,valence,absolute,0.000814533374573151
msp,20260921,1,0.25,rate,arousal,absolute,0.008486428280551747
msp,20260921,1,0.25,rate,dominance,absolute,0.005700898654979368
msp,20260921,1,0.25,rate,valence,relative,0.001622212058764823
msp,20260921,1,0.25,rate,arousal,relative,0.005430338160236084
msp,20260921,1,0.25,rate,dominance,relative,0.004516865954659788
msp,20260921,1,0.25,rate,valence,hybrid,0.001670410285874171
msp,20260921,1,0.25,rate,arousal,hybrid,0.008819832020660988
msp,20260921,1,0.25,rate,dominance,hybrid,0.00568703655964697
msp,20260921,1,0.5,pitch,valence,absolute,-8.914323198049124e-05
msp,20260921,1,0.5,pitch,arousal,absolute,0.18261457300028044
msp,20260921,1,0.5,pitch,dominance,absolute,0.09259471174883983
msp,20260921,1,0.5,pitch,valence,relative,0.004149612399239105
msp,20260921,1,0.5,pitch,arousal,relative,0.17261609983580875
msp,20260921,1,0.5,pitch,dominance,relative,0.08647313436699641
msp,20260921,1,0.5,pitch,valence,hybrid,0.00482303485974443
msp,20260921,1,0.5,pitch,arousal,hybrid,0.2247243349830647
msp,20260921,1,0.5,pitch,dominance,hybrid,0.11484439464359844
msp,20260921,1,0.5,loudness,valence,absolute,0.0009673885107995045
msp,20260921,1,0.5,loudness,arousal,absolute,0.181045041624387
msp,20260921,1,0.5,loudness,dominance,absolute,0.16382053156841506
msp,20260921,1,0.5,loudness,valence,relative,0.011746763013804219
msp,20260921,1,0.5,loudness,arousal,relative,0.1617758564202761
msp,20260921,1,0.5,loudness,dominance,relative,0.14072264227826065
msp,20260921,1,0.5,loudness,valence,hybrid,0.012245157075563272
msp,20260921,1,0.5,loudness,arousal,hybrid,0.22335172189061644
msp,20260921,1,0.5,loudness,dominance,hybrid,0.19964030998451684
msp,20260921,1,0.5,rate,valence,absolute,0.0003252044452146201
msp,20260921,1,0.5,rate,arousal,absolute,0.012614410927828114
msp,20260921,1,0.5,rate,dominance,absolute,0.007723072231046086
msp,20260921,1,0.5,rate,valence,relative,0.0015854870236072793
msp,20260921,1,0.5,rate,arousal,relative,0.005058014204351462
msp,20260921,1,0.5,rate,dominance,relative,0.004376169952974674
msp,20260921,1,0.5,rate,valence,hybrid,0.0018180085825929054
msp,20260921,1,0.5,rate,arousal,hybrid,0.016909973763815263
msp,20260921,1,0.5,rate,dominance,hybrid,0.008512940228460305
msp,20260921,1,0.75,pitch,valence,absolute,-0.0003125792499776574
msp,20260921,1,0.75,pitch,arousal,absolute,0.22133593424323753
msp,20260921,1,0.75,pitch,dominance,absolute,0.11642690248884745
msp,20260921,1,0.75,pitch,valence,relative,0.0041323517929737034
msp,20260921,1,0.75,pitch,arousal,relative,0.1480262534501617
msp,20260921,1,0.75,pitch,dominance,relative,0.07520882689200592
msp,20260921,1,0.75,pitch,valence,hybrid,0.005750913175618228
msp,20260921,1,0.75,pitch,arousal,hybrid,0.23976907436021594
msp,20260921,1,0.75,pitch,dominance,hybrid,0.12618648280624165
msp,20260921,1,0.75,loudness,valence,absolute,0.00023641515234747808
msp,20260921,1,0.75,loudness,arousal,absolute,0.22984772209500598
msp,20260921,1,0.75,loudness,dominance,absolute,0.21597028583186917
msp,20260921,1,0.75,loudness,valence,relative,0.011351900346002749
msp,20260921,1,0.75,loudness,arousal,relative,0.13705125250801078
msp,20260921,1,0.75,loudness,dominance,relative,0.1224281284188126
msp,20260921,1,0.75,loudness,valence,hybrid,0.012653711395801228
msp,20260921,1,0.75,loudness,arousal,hybrid,0.24746807898538167
msp,20260921,1,0.75,loudness,dominance,hybrid,0.23062606485129525
msp,20260921,1,0.75,rate,valence,absolute,-0.00010666327865576966
msp,20260921,1,0.75,rate,arousal,absolute,0.016158797481578908
msp,20260921,1,0.75,rate,dominance,absolute,0.009433159699651375
msp,20260921,1,0.75,rate,valence,relative,0.0015049650299057064
msp,20260921,1,0.75,rate,arousal,relative,0.0044917502465963615
msp,20260921,1,0.75,rate,dominance,relative,0.004066383774738377
msp,20260921,1,0.75,rate,valence,hybrid,0.0020224881011168426
msp,20260921,1,0.75,rate,arousal,hybrid,0.027076256488397323
msp,20260921,1,0.75,rate,dominance,hybrid,0.012172686972907538
msp,20260921,1,1.0,pitch,valence,absolute,-0.00024382037352446137
msp,20260921,1,1.0,pitch,arousal,absolute,0.2481018510879003
msp,20260921,1,1.0,pitch,dominance,absolute,0.13496567634763443
msp,20260921,1,1.0,pitch,valence,relative,0.004013061421076735
msp,20260921,1,1.0,pitch,arousal,relative,0.1233325735149528
msp,20260921,1,1.0,pitch,dominance,relative,0.06363991011369155
msp,20260921,1,1.0,pitch,valence,hybrid,0.00679421527159547
msp,20260921,1,1.0,pitch,arousal,hybrid,0.2535940708302263
msp,20260921,1,1.0,pitch,dominance,hybrid,0.13758211384496968
msp,20260921,1,1.0,loudness,valence,absolute,-0.00013242916763774094
msp,20260921,1,1.0,loudness,arousal,absolute,0.26583489336345234
msp,20260921,1,1.0,loudness,dominance,absolute,0.2582647508160741
msp,20260921,1,1.0,loudness,valence,relative,0.010716652421505084
msp,20260921,1,1.0,loudness,arousal,relative,0.11278417178717161
msp,20260921,1,1.0,loudness,dominance,relative,0.1036353105055047
msp,20260921,1,1.0,loudness,valence,hybrid,0.0130362615169009
msp,20260921,1,1.0,loudness,arousal,hybrid,0.2707953398514211
msp,20260921,1,1.0,loudness,dominance,hybrid,0.26205947270055957
msp,20260921,1,1.0,rate,valence,absolute,-0.00045698765422871917
msp,20260921,1,1.0,rate,arousal,absolute,0.018833329088982706
msp,20260921,1,1.0,rate,dominance,absolute,0.010722524003499788
msp,20260921,1,1.0,rate,valence,relative,0.0013964823744194305
msp,20260921,1,1.0,rate,arousal,relative,0.0038761489986219007
msp,20260921,1,1.0,rate,dominance,relative,0.0036737187686979745
msp,20260921,1,1.0,rate,valence,hybrid,0.0022547922946042002
msp,20260921,1,1.0,rate,arousal,hybrid,0.037085866623786885
msp,20260921,1,1.0,rate,dominance,hybrid,0.015972079721607732
msp,20260921,2,0.0,pitch,valence,absolute,0.0011754674565101363
msp,20260921,2,0.0,pitch,arousal,absolute,0.09141380302406235
msp,20260921,2,0.0,pitch,dominance,absolute,0.04412101404578495
msp,20260921,2,0.0,pitch,valence,relative,0.003196750592694954
msp,20260921,2,0.0,pitch,arousal,relative,0.23213621168723872
msp,20260921,2,0.0,pitch,dominance,relative,0.11599178557755248
msp,20260921,2,0.0,pitch,valence,hybrid,0.003217355120522248
msp,20260921,2,0.0,pitch,arousal,hybrid,0.23352434157108845
msp,20260921,2,0.0,pitch,dominance,hybrid,0.11671188152013313
msp,20260921,2,0.0,loudness,valence,absolute,0.003317685217875513
msp,20260921,2,0.0,loudness,arousal,absolute,0.07577821213732942
msp,20260921,2,0.0,loudness,dominance,absolute,0.06427387446864731
msp,20260921,2,0.0,loudness,valence,relative,0.010465558099207276
msp,20260921,2,0.0,loudness,arousal,relative,0.22272354966780067
msp,20260921,2,0.0,loudness,dominance,relative,0.19077628692778045
msp,20260921,2,0.0,loudness,valence,hybrid,0.010521188901260749
msp,20260921,2,0.0,loudness,arousal,hybrid,0.22380528383949477
msp,20260921,2,0.0,loudness,dominance,hybrid,0.1917143371575601
msp,20260921,2,0.0,rate,valence,absolute,-0.0001215650169597946
msp,20260921,2,0.0,rate,arousal,absolute,0.006950096937453438
msp,20260921,2,0.0,rate,dominance,absolute,0.007022337497751865
msp,20260921,2,0.0,rate,valence,relative,-0.00014773749415759912
msp,20260921,2,0.0,rate,arousal,relative,0.008442265935599737
msp,20260921,2,0.0,rate,dominance,relative,0.008530901975149788
msp,20260921,2,0.0,rate,valence,hybrid,-0.00014780047183336444
msp,20260921,2,0.0,rate,arousal,hybrid,0.008445843609654273
msp,20260921,2,0.0,rate,dominance,hybrid,0.008534517388046168
msp,20260921,2,0.25,pitch,valence,absolute,0.0004197757625519823
msp,20260921,2,0.25,pitch,arousal,absolute,0.15851804539188483
msp,20260921,2,0.25,pitch,dominance,absolute,0.08051443001726652
msp,20260921,2,0.25,pitch,valence,relative,0.0034251832600371433
msp,20260921,2,0.25,pitch,arousal,relative,0.21527602396938392
msp,20260921,2,0.25,pitch,dominance,relative,0.10741503717917118
msp,20260921,2,0.25,pitch,valence,hybrid,0.0035340686866783652
msp,20260921,2,0.25,pitch,arousal,hybrid,0.24094330475699835
msp,20260921,2,0.25,pitch,dominance,hybrid,0.12216421862847317
msp,20260921,2,0.25,loudness,valence,absolute,0.0015469423249762494
msp,20260921,2,0.25,loudness,arousal,absolute,0.1497417353136445
msp,20260921,2,0.25,loudness,dominance,absolute,0.1318483819842109
msp,20260921,2,0.25,loudness,valence,relative,0.01051777212975279
msp,20260921,2,0.25,loudness,arousal,relative,0.20742248361025267
msp,20260921,2,0.25,loudness,dominance,relative,0.17867278230944467
msp,20260921,2,0.25,loudness,valence,hybrid,0.010566776870690874
msp,20260921,2,0.25,loudness,arousal,hybrid,0.23565155048924225
msp,20260921,2,0.25,loudness,dominance,hybrid,0.20499821601090973
msp,20260921,2,0.25,rate,valence,absolute,-0.00032459787293505636
msp,20260921,2,0.25,rate,arousal,absolute,0.014477815223549175
msp,20260921,2,0.25,rate,dominance,absolute,0.01156610918883236
msp,20260921,2,0.25,rate,valence,relative,-0.00012696371421208084
msp,20260921,2,0.25,rate,arousal,relative,0.008425998539799742
msp,20260921,2,0.25,rate,dominance,relative,0.008671486340215924
msp,20260921,2,0.25,rate,valence,hybrid,0.00013523848614411477
msp,20260921,2,0.25,rate,arousal,hybrid,0.015838249868213524
msp,20260921,2,0.25,rate,dominance,hybrid,0.01161418994760687
msp,20260921,2,0.5,pitch,valence,absolute,-3.7252714742014673e-05
msp,20260921,2,0.5,pitch,arousal,absolute,0.21694339614035538
msp,20260921,2,0.5,pitch,dominance,absolute,0.11648720693573096
msp,20260921,2,0.5,pitch,valence,relative,0.003548384842996063
msp,20260921,2,0.5,pitch,arousal,relative,0.1842619704213347
msp,20260921,2,0.5,pitch,dominance,relative,0.093057601440388
msp,20260921,2,0.5,pitch,valence,hybrid,0.004195501538274451
msp,20260921,2,0.5,pitch,arousal,hybrid,0.2551229275582094
msp,20260921,2,0.5,pitch,dominance,hybrid,0.13518810386828264
msp,20260921,2,0.5,loudness,valence,absolute,0.00019687159464510794
msp,20260921,2,0.5,loudness,arousal,absolute,0.21915602408771748
msp,20260921,2,0.5,loudness,dominance,absolute,0.20117776189013498
msp,20260921,2,0.5,loudness,valence,relative,0.010254588262257319
msp,20260921,2,0.5,loudness,arousal,relative,0.17826516570572737
msp,20260921,2,0.5,loudness,dominance,relative,0.1569447243470399
msp,20260921,2,0.5,loudness,valence,hybrid,0.010845845958533436
msp,20260921,2,0.5,loudness,arousal,hybrid,0.25901767664748154
msp,20260921,2,0.5,loudness,dominance,hybrid,0.23451889861751368
msp,20260921,2,0.5,rate,valence,absolute,-0.00041419599806576866
msp,20260921,2,0.5,rate,arousal,absolute,0.022090497853196733
msp,20260921,2,0.5,rate,dominance,absolute,0.015853608267261766
msp,20260921,2,0.5,rate,valence,relative,-0.00010328683662423324
msp,20260921,2,0.5,rate,arousal,relative,0.007700531232142441
msp,20260921,2,0.5,rate,dominance,relative,0.008217804716271437
msp,20260921,2,0.5,rate,valence,hybrid,0.0009248856217831954
msp,20260921,2,0.5,rate,arousal,hybrid,0.0328426965588568
msp,20260921,2,0.5,rate,dominance,hybrid,0.01841173793794776
msp,20260921,2,0.75,pitch,valence,absolute,-0.0001944468994606178
msp,20260921,2,0.75,pitch,arousal,absolute,0.25778708966861236
msp,20260921,2,0.75,pitch,dominance,absolute,0.14589883993210276
msp,20260921,2,0.75,pitch,valence,relative,0.003569359277439441
msp,20260921,2,0.75,pitch,arousal,relative,0.14928603605779386
msp,20260921,2,0.75,pitch,dominance,relative,0.07674810679050005
msp,20260921,2,0.75,pitch,valence,hybrid,0.005103007358088091
msp,20260921,2,0.75,pitch,arousal,hybrid,0.27074108647854506
msp,20260921,2,0.75,pitch,dominance,hybrid,0.15137680903231424
msp,20260921,2,0.75,loudness,valence,absolute,-0.0006718709566448989
msp,20260921,2,0.75,loudness,arousal,absolute,0.2710399837074618
msp,20260921,2,0.75,loudness,dominance,absolute,0.25923977885951677
msp,20260921,2,0.75,loudness,valence,relative,0.00973744062265678
msp,20260921,2,0.75,loudness,arousal,relative,0.14499955737696701
msp,20260921,2,0.75,loudness,dominance,relative,0.1314097904696454
msp,20260921,2,0.75,loudness,valence,hybrid,0.01130612462842557
msp,20260921,2,0.75,loudness,arousal,hybrid,0.2848064037890855
msp,20260921,2,0.75,loudness,dominance,hybrid,0.2699558481662991
msp,20260921,2,0.75,rate,valence,absolute,-0.00039700709033983273
msp,20260921,2,0.75,rate,arousal,absolute,0.02814790676425358
msp,20260921,2,0.75,rate,dominance,absolute,0.01920734840263598
msp,20260921,2,0.75,rate,valence,relative,-7.904536177521886e-05
msp,20260921,2,0.75,rate,arousal,relative,0.006644206009792207
msp,20260921,2,0.75,rate,dominance,relative,0.007403382897352401
msp,20260921,2,0.75,rate,valence,hybrid,0.002091284846013752
msp,20260921,2,0.75,rate,arousal,hybrid,0.05259306042482314
msp,20260921,2,0.75,rate,dominance,hybrid,0.026746526542097696
msp,20260921,2,1.0,pitch,valence,absolute,-9.662033926633985e-05
msp,20260921,2,1.0,pitch,arousal,absolute,0.2824048529752815
msp,20260921,2,1.0,pitch,dominance,absolute,0.16706614822381669
msp,20260921,2,1.0,pitch,valence,relative,0.0035060365884888056
msp,20260921,2,1.0,pitch,arousal,relative,0.11750715246201483
msp,20260921,2,1.0,pitch,dominance,relative,0.06144810396648891
msp,20260921,2,1.0,pitch,valence,hybrid,0.0061406693285332905
msp,20260921,2,1.0,pitch,arousal,hybrid,0.28445951447914464
msp,20260921,2,1.0,pitch,dominance,hybrid,0.16713763530045989
msp,20260921,2,1.0,loudness,valence,absolute,-0.001084172212297356
msp,20260921,2,1.0,loudness,arousal,absolute,0.3049188852726662
msp,20260921,2,1.0,loudness,dominance,absolute,0.30222892088106057
msp,20260921,2,1.0,loudness,valence,relative,0.009053765085118376
msp,20260921,2,1.0,loudness,arousal,relative,0.11458621523273822
msp,20260921,2,1.0,loudness,dominance,relative,0.10684711529497849
msp,20260921,2,1.0,loudness,valence,hybrid,0.011878724540433372
msp,20260921,2,1.0,loudness,arousal,hybrid,0.3073775415145749
msp,20260921,2,1.0,loudness,dominance,hybrid,0.3034647639345181
msp,20260921,2,1.0,rate,valence,absolute,-0.0002945902538375475
msp,20260921,2,1.0,rate,arousal,absolute,0.032288123149793346
msp,20260921,2,1.0,rate,dominance,absolute,0.02148283843518654
msp,20260921,2,1.0,rate,valence,relative,-5.61872396974793e-05
msp,20260921,2,1.0,rate,arousal,relative,0.0055761312284448635
msp,20260921,2,1.0,rate,dominance,relative,0.006476048396708261
msp,20260921,2,1.0,rate,valence,hybrid,0.003473632521555338
msp,20260921,2,1.0,rate,arousal,hybrid,0.07045658059850976
msp,20260921,2,1.0,rate,dominance,hybrid,0.03483991995918728
msp,20260921,3,0.0,pitch,valence,absolute,0.0020789830877818286
msp,20260921,3,0.0,pitch,arousal,absolute,0.0893405973700809
msp,20260921,3,0.0,pitch,dominance,absolute,0.04370984882482921
msp,20260921,3,0.0,pitch,valence,relative,0.005695009533494328
msp,20260921,3,0.0,pitch,arousal,relative,0.22680228644727268
msp,20260921,3,0.0,pitch,dominance,relative,0.11522328798209155
msp,20260921,3,0.0,pitch,valence,hybrid,0.0057341795387518945
msp,20260921,3,0.0,pitch,arousal,hybrid,0.2281786458141558
msp,20260921,3,0.0,pitch,dominance,hybrid,0.11596798968374994
msp,20260921,3,0.0,loudness,valence,absolute,0.003413055182205814
msp,20260921,3,0.0,loudness,arousal,absolute,0.07456637442584943
msp,20260921,3,0.0,loudness,dominance,absolute,0.06426343704917617
msp,20260921,3,0.0,loudness,valence,relative,0.01067443853792904
msp,20260921,3,0.0,loudness,arousal,relative,0.21825305999480354
msp,20260921,3,0.0,loudness,dominance,relative,0.18975149723101412
msp,20260921,3,0.0,loudness,valence,hybrid,0.01073700687292046
msp,20260921,3,0.0,loudness,arousal,hybrid,0.21936220945760598
msp,20260921,3,0.0,loudness,dominance,hybrid,0.1907344037945034
msp,20260921,3,0.0,rate,valence,absolute,0.0006778249183512794
msp,20260921,3,0.0,rate,arousal,absolute,0.006405488592387461
msp,20260921,3,0.0,rate,dominance,absolute,0.005864786264099212
msp,20260921,3,0.0,rate,valence,relative,0.000822148356351376
msp,20260921,3,0.0,rate,arousal,relative,0.007765131841811483
msp,20260921,3,0.0,rate,dominance,relative,0.007109968204636934
msp,20260921,3,0.0,rate,valence,hybrid,0.0008225050971592475
msp,20260921,3,0.0,rate,arousal,hybrid,0.007768480623794261
msp,20260921,3,0.0,rate,dominance,hybrid,0.007113033496192145
msp,20260921,3,0.25,pitch,valence,absolute,0.0013087316733087493
msp,20260921,3,0.25,pitch,arousal,absolute,0.15597184611641293
msp,20260921,3,0.25,pitch,dominance,absolute,0.07936953639056116
msp,20260921,3,0.25,pitch,valence,relative,0.005980755692428867
msp,20260921,3,0.25,pitch,arousal,relative,0.21366045420048047
msp,20260921,3,0.25,pitch,dominance,relative,0.10893715063418827
msp,20260921,3,0.25,pitch,valence,hybrid,0.005901506313855922
msp,20260921,3,0.25,pitch,arousal,hybrid,0.23840224108234212
msp,20260921,3,0.25,pitch,dominance,hybrid,0.12289700695959808
msp,20260921,3,0.25,loudness,valence,absolute,0.0024191833881357333
msp,20260921,3,0.25,loudness,arousal,absolute,0.14318415169345267
msp,20260921,3,0.25,loudness,dominance,absolute,0.1282588890646718
msp,20260921,3,0.25,loudness,valence,relative,0.011087249891080371
msp,20260921,3,0.25,loudness,arousal,relative,0.20436835281653848
msp,20260921,3,0.25,loudness,dominance,relative,0.17944294277713843
msp,20260921,3,0.25,loudness,valence,hybrid,0.011096448585867147
msp,20260921,3,0.25,loudness,arousal,hybrid,0.2300137299565302
msp,20260921,3,0.25,loudness,dominance,hybrid,0.20375772186990374
msp,20260921,3,0.25,rate,valence,absolute,0.00042411371678419796
msp,20260921,3,0.25,rate,arousal,absolute,0.012668324908126841
msp,20260921,3,0.25,rate,dominance,absolute,0.008933751218633847
msp,20260921,3,0.25,rate,valence,relative,0.0007943027392079344
msp,20260921,3,0.25,rate,arousal,relative,0.0077513614639412995
msp,20260921,3,0.25,rate,dominance,relative,0.007336733765483082
msp,20260921,3,0.25,rate,valence,hybrid,0.0008969029736751967
msp,20260921,3,0.25,rate,arousal,hybrid,0.013533933262161619
msp,20260921,3,0.25,rate,dominance,hybrid,0.008783230112554333
msp,20260921,3,0.5,pitch,valence,absolute,0.0005323372046497576
msp,20260921,3,0.5,pitch,arousal,absolute,0.21550437850083132
msp,20260921,3,0.5,pitch,dominance,absolute,0.11564018602117573
msp,20260921,3,0.5,pitch,valence,relative,0.00607274539307117
msp,20260921,3,0.5,pitch,arousal,relative,0.18686509743958665
msp,20260921,3,0.5,pitch,dominance,relative,0.0972313964187598
msp,20260921,3,0.5,pitch,valence,hybrid,0.005922636802871536
msp,20260921,3,0.5,pitch,arousal,hybrid,0.2554358801711057
msp,20260921,3,0.5,pitch,dominance,hybrid,0.1371664423053215
msp,20260921,3,0.5,loudness,valence,absolute,0.001539331640825763
msp,20260921,3,0.5,loudness,arousal,absolute,0.20764232590969517
msp,20260921,3,0.5,loudness,dominance,absolute,0.19470446338299563
msp,20260921,3,0.5,loudness,valence,relative,0.011137055100094304
msp,20260921,3,0.5,loudness,arousal,relative,0.1774881396206995
msp,20260921,3,0.5,loudness,dominance,relative,0.16044499195232767
msp,20260921,3,0.5,loudness,valence,hybrid,0.011342775554497598
msp,20260921,3,0.5,loudness,arousal,hybrid,0.2504153891647677
msp,20260921,3,0.5,loudness,dominance,hybrid,0.23186451349738907
msp,20260921,3,0.5,rate,valence,absolute,0.0002231064188088126
msp,20260921,3,0.5,rate,arousal,absolute,0.01894115851612359
msp,20260921,3,0.5,rate,dominance,absolute,0.011726299722733015
msp,20260921,3,0.5,rate,valence,relative,0.0007420786261211392
msp,20260921,3,0.5,rate,arousal,relative,0.007126428829933774
msp,20260921,3,0.5,rate,dominance,relative,0.007115935827517621
msp,20260921,3,0.5,rate,valence,hybrid,0.0011576259542607408
msp,20260921,3,0.5,rate,arousal,hybrid,0.02684268721875066
msp,20260921,3,0.5,rate,dominance,hybrid,0.01212003405179836
msp,20260921,3,0.75,pitch,valence,absolute,-0.0001810579580710718
msp,20260921,3,0.75,pitch,arousal,absolute,0.2587309692115364
msp,20260921,3,0.75,pitch,dominance,absolute,0.1466596586343877
msp,20260921,3,0.75,pitch,valence,relative,0.005988297778286017
msp,20260921,3,0.75,pitch,arousal,relative,0.15505404051314128
msp,20260921,3,0.75,pitch,dominance,relative,0.08302310155989821
msp,20260921,3,0.75,pitch,valence,hybrid,0.005814972291287051
msp,20260921,3,0.75,pitch,arousal,hybrid,0.27360076262384236
msp,20260921,3,0.75,pitch,dominance,hybrid,0.15463392744432364
msp,20260921,3,0.75,loudness,valence,absolute,0.0008358124098442649
msp,20260921,3,0.75,loudness,arousal,absolute,0.2563940941676255
msp,20260921,3,0.75,loudness,dominance,absolute,0.251912091989541
msp,20260921,3,0.75,loudness,valence,relative,0.010866829365385921
msp,20260921,3,0.75,loudness,arousal,relative,0.14618653197851197
msp,20260921,3,0.75,loudness,dominance,relative,0.13734047585981407
msp,20260921,3,0.75,loudness,valence,hybrid,0.011469147096308408
msp,20260921,3,0.75,loudness,arousal,hybrid,0.2729698886778071
msp,20260921,3,0.75,loudness,dominance,hybrid,0.2659818768647939
msp,20260921,3,0.75,rate,valence,absolute,8.552153830641576e-05
msp,20260921,3,0.75,rate,arousal,absolute,0.023960276514816328
msp,20260921,3,0.75,rate,dominance,absolute,0.013874814214538705
msp,20260921,3,0.75,rate,valence,relative,0.0006732300286287555
msp,20260921,3,0.75,rate,arousal,relative,0.006198866166571106
msp,20260921,3,0.75,rate,dominance,relative,0.006585672535725059
msp,20260921,3,0.75,rate,valence,hybrid,0.0015570062157196998
msp,20260921,3,0.75,rate,arousal,hybrid,0.042522694027343766
msp,20260921,3,0.75,rate,dominance,hybrid,0.016191616314745805
msp,20260921,3,1.0,pitch,valence,absolute,-0.0007869513056051308
msp,20260921,3,1.0,pitch,arousal,absolute,0.28609980486695646
msp,20260921,3,1.0,pitch,dominance,absolute,0.1702412779844333
msp,20260921,3,1.0,pitch,valence,relative,0.005769166514604481
msp,20260921,3,1.0,pitch,arousal,relative,0.12495638095872375
msp,20260921,3,1.0,pitch,dominance,relative,0.06889390013827083
msp,20260921,3,1.0,pitch,valence,hybrid,0.005612941785774416
msp,20260921,3,1.0,pitch,arousal,hybrid,0.28939028240191744
msp,20260921,3,1.0,pitch,dominance,hybrid,0.1718000662091964
msp,20260921,3,1.0,loudness,valence,absolute,0.00032983506986088986
msp,20260921,3,1.0,loudness,arousal,absolute,0.2887420485216326
msp,20260921,3,1.0,loudness,dominance,absolute,0.2957631751706638
msp,20260921,3,1.0,loudness,valence,relative,0.010361285603086811
msp,20260921,3,1.0,loudness,arousal,relative,0.11694584960036185
msp,20260921,3,1.0,loudness,dominance,relative,0.11424977612917352
msp,20260921,3,1.0,loudness,valence,hybrid,0.011489432548376182
msp,20260921,3,1.0,loudness,arousal,hybrid,0.29286670643992396
msp,20260921,3,1.0,loudness,dominance,hybrid,0.29888054250193913
msp,20260921,3,1.0,rate,valence,absolute,9.723380616621811e-06
msp,20260921,3,1.0,rate,arousal,absolute,0.027425845506121618
msp,20260921,3,1.0,rate,dominance,absolute,0.015311065281060682
msp,20260921,3,1.0,rate,valence,relative,0.0005965147013023906
msp,20260921,3,1.0,rate,arousal,relative,0.005241790437176959
msp,20260921,3,1.0,rate,dominance,relative,0.005916730944490098
msp,20260921,3,1.0,rate,valence,hybrid,0.00203538428676235
msp,20260921,3,1.0,rate,arousal,hybrid,0.05693121791198818
msp,20260921,3,1.0,rate,dominance,hybrid,0.02020334236585835
msp,20260921,4,0.0,pitch,valence,absolute,0.0019714125462277974
msp,20260921,4,0.0,pitch,arousal,absolute,0.09081567079021316
msp,20260921,4,0.0,pitch,dominance,absolute,0.04369974148270386
msp,20260921,4,0.0,pitch,valence,relative,0.005468003274033743
msp,20260921,4,0.0,pitch,arousal,relative,0.2320658702898152
msp,20260921,4,0.0,pitch,dominance,relative,0.11638832929827043
msp,20260921,4,0.0,pitch,valence,hybrid,0.005502465508079517
msp,20260921,4,0.0,pitch,arousal,hybrid,0.23342548681435052
msp,20260921,4,0.0,pitch,dominance,hybrid,0.11709571485950453
msp,20260921,4,0.0,loudness,valence,absolute,0.0034965179083696315
msp,20260921,4,0.0,loudness,arousal,absolute,0.07106624600462177
msp,20260921,4,0.0,loudness,dominance,absolute,0.06149582210255071
msp,20260921,4,0.0,loudness,valence,relative,0.011290531019398864
msp,20260921,4,0.0,loudness,arousal,relative,0.21205474079300712
msp,20260921,4,0.0,loudness,dominance,relative,0.18581678443924207
msp,20260921,4,0.0,loudness,valence,hybrid,0.011354803482412709
msp,20260921,4,0.0,loudness,arousal,hybrid,0.21310797844944007
msp,20260921,4,0.0,loudness,dominance,hybrid,0.18676037490639408
msp,20260921,4,0.0,rate,valence,absolute,0.0009238998508034208
msp,20260921,4,0.0,rate,arousal,absolute,0.0067384924301186755
msp,20260921,4,0.0,rate,dominance,absolute,0.0057101465654065126
msp,20260921,4,0.0,rate,valence,relative,0.001127562708331492
msp,20260921,4,0.0,rate,arousal,relative,0.008218605690060813
msp,20260921,4,0.0,rate,dominance,relative,0.006964602225143962
msp,20260921,4,0.0,rate,valence,hybrid,0.0011279249795048039
msp,20260921,4,0.0,rate,arousal,hybrid,0.00822124736247632
msp,20260921,4,0.0,rate,dominance,hybrid,0.00696682963411007
msp,20260921,4,0.25,pitch,valence,absolute,0.0008931851956260652
msp,20260921,4,0.25,pitch,arousal,absolute,0.1559403616841684
msp,20260921,4,0.25,pitch,dominance,absolute,0.07870648066819437
msp,20260921,4,0.25,pitch,valence,relative,0.0056956771651365005
msp,20260921,4,0.25,pitch,arousal,relative,0.21692537991756328
msp,20260921,4,0.25,pitch,dominance,relative,0.10943981831033857
msp,20260921,4,0.25,pitch,valence,hybrid,0.00580846291166689
msp,20260921,4,0.25,pitch,arousal,hybrid,0.24089751586219055
msp,20260921,4,0.25,pitch,dominance,hybrid,0.1230195776985576
msp,20260921,4,0.25,loudness,valence,absolute,0.002758440513461586
msp,20260921,4,0.25,loudness,arousal,absolute,0.14038132579156273
msp,20260921,4,0.25,loudness,dominance,absolute,0.12329067853366853
msp,20260921,4,0.25,loudness,valence,relative,0.011319954559979334
msp,20260921,4,0.25,loudness,arousal,relative,0.19956908658895672
msp,20260921,4,0.25,loudness,dominance,relative,0.1757746418863642
msp,20260921,4,0.25,loudness,valence,hybrid,0.011182578272348052
msp,20260921,4,0.25,loudness,arousal,hybrid,0.2254176216003291
msp,20260921,4,0.25,loudness,dominance,hybrid,0.19904373383949656
msp,20260921,4,0.25,rate,valence,absolute,0.00047280336993673873
msp,20260921,4,0.25,rate,arousal,absolute,0.013919407048612258
msp,20260921,4,0.25,rate,dominance,absolute,0.009591054132792876
msp,20260921,4,0.25,rate,valence,relative,0.0011682164461360414
msp,20260921,4,0.25,rate,arousal,relative,0.008265426580937001
msp,20260921,4,0.25,rate,dominance,relative,0.007193936192564866
msp,20260921,4,0.25,rate,valence,hybrid,0.0015136957079668802
msp,20260921,4,0.25,rate,arousal,hybrid,0.015076612319968454
msp,20260921,4,0.25,rate,dominance,hybrid,0.009628750870863434
msp,20260921,4,0.5,pitch,valence,absolute,0.00017332514145282314
msp,20260921,4,0.5,pitch,arousal,absolute,0.2146149238979104
msp,20260921,4,0.5,pitch,dominance,absolute,0.11430258254449437
msp,20260921,4,0.5,pitch,valence,relative,0.005745528804571467
msp,20260921,4,0.5,pitch,arousal,relative,0.18914363524039163
msp,20260921,4,0.5,pitch,dominance,relative,0.09721892375205736
msp,20260921,4,0.5,pitch,valence,hybrid,0.0064706554309629126
msp,20260921,4,0.5,pitch,arousal,hybrid,0.2559626151209971
msp,20260921,4,0.5,pitch,dominance,hybrid,0.1362678949947381
msp,20260921,4,0.5,loudness,valence,absolute,0.0018576567359885631
msp,20260921,4,0.5,loudness,arousal,absolute,0.20816155994249236
msp,20260921,4,0.5,loudness,dominance,absolute,0.1881832145269831
msp,20260921,4,0.5,loudness,valence,relative,0.011005837338140213
msp,20260921,4,0.5,loudness,arousal,relative,0.17509470992737095
msp,20260921,4,0.5,loudness,dominance,relative,0.1573608204052265
msp,20260921,4,0.5,loudness,valence,hybrid,0.01049861402338309
msp,20260921,4,0.5,loudness,arousal,hybrid,0.24970715105562286
msp,20260921,4,0.5,loudness,dominance,hybrid,0.22599733405148106
msp,20260921,4,0.5,rate,valence,absolute,0.00015361051593749988
msp,20260921,4,0.5,rate,arousal,absolute,0.021446772860017834
msp,20260921,4,0.5,rate,dominance,absolute,0.013456181609431581
msp,20260921,4,0.5,rate,valence,relative,0.0011715091862513792
msp,20260921,4,0.5,rate,arousal,relative,0.007692233166115068
msp,20260921,4,0.5,rate,dominance,relative,0.006989808675959892
msp,20260921,4,0.5,rate,valence,hybrid,0.002536240536300545
msp,20260921,4,0.5,rate,arousal,hybrid,0.031249017628001877
msp,20260921,4,0.5,rate,dominance,hybrid,0.015591858201314018
msp,20260921,4,0.75,pitch,valence,absolute,-0.00017251261214711654
msp,20260921,4,0.75,pitch,arousal,absolute,0.2579804471331666
msp,20260921,4,0.75,pitch,dominance,absolute,0.14479474181853286
msp,20260921,4,0.75,pitch,valence,relative,0.005635870487149216
msp,20260921,4,0.75,pitch,arousal,relative,0.1567961681526304
msp,20260921,4,0.75,pitch,dominance,relative,0.08264862115031864
msp,20260921,4,0.75,pitch,valence,hybrid,0.007388064933304546
msp,20260921,4,0.75,pitch,arousal,hybrid,0.273363376388588
msp,20260921,4,0.75,pitch,dominance,hybrid,0.15293048169434356
msp,20260921,4,0.75,loudness,valence,absolute,0.0008908306351073306
msp,20260921,4,0.75,loudness,arousal,absolute,0.26182261429176923
msp,20260921,4,0.75,loudness,dominance,absolute,0.24472320274785908
msp,20260921,4,0.75,loudness,valence,relative,0.010417877609646114
msp,20260921,4,0.75,loudness,arousal,relative,0.14601273263654133
msp,20260921,4,0.75,loudness,dominance,relative,0.134934798158589
msp,20260921,4,0.75,loudness,valence,hybrid,0.009425700828918847
msp,20260921,4,0.75,loudness,arousal,hybrid,0.27745163053972133
msp,20260921,4,0.75,loudness,dominance,hybrid,0.2592486088291593
msp,20260921,4,0.75,rate,valence,absolute,-2.339281139416002e-05
msp,20260921,4,0.75,rate,arousal,absolute,0.027783771058235384
msp,20260921,4,0.75,rate,dominance,absolute,0.016716956972429847
msp,20260921,4,0.75,rate,valence,relative,0.0011418804545165035
msp,20260921,4,0.75,rate,arousal,relative,0.00678461577334826
msp,20260921,4,0.75,rate,dominance,relative,0.006482771205249902
msp,20260921,4,0.75,rate,valence,hybrid,0.0040284047623278686
msp,20260921,4,0.75,rate,arousal,hybrid,0.05076725663352725
msp,20260921,4,0.75,rate,dominance,hybrid,0.02315138577105447
msp,20260921,4,1.0,pitch,valence,absolute,-0.0001893190514214289
msp,20260921,4,1.0,pitch,arousal,absolute,0.2860521421443144
msp,20260921,4,1.0,pitch,dominance,absolute,0.1680281231667459
msp,20260921,4,1.0,pitch,valence,relative,0.0054056419259952675
msp,20260921,4,1.0,pitch,arousal,relative,0.12620912242983726
msp,20260921,4,1.0,pitch,dominance,relative,0.06828209862677813
msp,20260921,4,1.0,pitch,valence,hybrid,0.008441199719392585
msp,20260921,4,1.0,pitch,arousal,hybrid,0.2893553808998623
msp,20260921,4,1.0,pitch,dominance,hybrid,0.16959185353858605
msp,20260921,4,1.0,loudness,valence,absolute,-5.480744956102034e-05
msp,20260921,4,1.0,loudness,arousal,absolute,0.29920529400558754
msp,20260921,4,1.0,loudness,dominance,absolute,0.2885384737798453
msp,20260921,4,1.0,loudness,valence,relative,0.009653267186677368
msp,20260921,4,1.0,loudness,arousal,relative,0.11823363994611559
msp,20260921,4,1.0,loudness,dominance,relative,0.1124537498010597
msp,20260921,4,1.0,loudness,valence,hybrid,0.008121193711053794
msp,20260921,4,1.0,loudness,arousal,hybrid,0.3027256153458289
msp,20260921,4,1.0,loudness,dominance,hybrid,0.2918422085967217
msp,20260921,4,1.0,rate,valence,absolute,-7.184473303987561e-05
msp,20260921,4,1.0,rate,arousal,absolute,0.03241225438763433
msp,20260921,4,1.0,rate,dominance,absolute,0.019148289238381952
msp,20260921,4,1.0,rate,valence,relative,0.001087909133397354
msp,20260921,4,1.0,rate,arousal,relative,0.0058135109732028725
msp,20260921,4,1.0,rate,dominance,relative,0.005836951144861017
msp,20260921,4,1.0,rate,valence,hybrid,0.005785071280023673
msp,20260921,4,1.0,rate,arousal,hybrid,0.06914687459995894
msp,20260921,4,1.0,rate,dominance,hybrid,0.030782845781043233
msp,20260922,0,0.0,pitch,valence,absolute,0.001589148432927011
msp,20260922,0,0.0,pitch,arousal,absolute,0.0912844759470462
msp,20260922,0,0.0,pitch,dominance,absolute,0.04377070318648401
msp,20260922,0,0.0,pitch,valence,relative,0.004319237750239325
msp,20260922,0,0.0,pitch,arousal,relative,0.2312781855001825
msp,20260922,0,0.0,pitch,dominance,relative,0.11512124348782804
msp,20260922,0,0.0,pitch,valence,hybrid,0.004345366689301362
msp,20260922,0,0.0,pitch,arousal,hybrid,0.23262153124425392
msp,20260922,0,0.0,pitch,dominance,hybrid,0.11580432053988683
msp,20260922,0,0.0,loudness,valence,absolute,0.002783481462361104
msp,20260922,0,0.0,loudness,arousal,absolute,0.06741504070748992
msp,20260922,0,0.0,loudness,dominance,absolute,0.053769276100725294
msp,20260922,0,0.0,loudness,valence,relative,0.008795527344787136
msp,20260922,0,0.0,loudness,arousal,relative,0.19995646132975967
msp,20260922,0,0.0,loudness,dominance,relative,0.1611255165483641
msp,20260922,0,0.0,loudness,valence,hybrid,0.008842619293783936
msp,20260922,0,0.0,loudness,arousal,hybrid,0.20094187949400344
msp,20260922,0,0.0,loudness,dominance,hybrid,0.16193042760424547
msp,20260922,0,0.0,rate,valence,absolute,0.0006538727682830124
msp,20260922,0,0.0,rate,arousal,absolute,0.005242572021508989
msp,20260922,0,0.0,rate,dominance,absolute,0.005109312100918476
msp,20260922,0,0.0,rate,valence,relative,0.0007883546023063051
msp,20260922,0,0.0,rate,arousal,relative,0.006317800658993094
msp,20260922,0,0.0,rate,dominance,relative,0.006157755742931177
msp,20260922,0,0.0,rate,valence,hybrid,0.0007887204523208131
msp,20260922,0,0.0,rate,arousal,hybrid,0.006320716123795482
msp,20260922,0,0.0,rate,dominance,hybrid,0.006160617131275833
msp,20260922,0,0.25,pitch,valence,absolute,0.000823430646437902
msp,20260922,0,0.25,pitch,arousal,absolute,0.1587868101045725
msp,20260922,0,0.25,pitch,dominance,absolute,0.07964225214475128
msp,20260922,0,0.25,pitch,valence,relative,0.00458929014610546
msp,20260922,0,0.25,pitch,arousal,relative,0.21572719408249344
msp,20260922,0,0.25,pitch,dominance,relative,0.10774312185534222
msp,20260922,0,0.25,pitch,valence,hybrid,0.00467638278963129
msp,20260922,0,0.25,pitch,arousal,hybrid,0.2411111806191331
msp,20260922,0,0.25,pitch,dominance,hybrid,0.12190864364810139
msp,20260922,0,0.25,loudness,valence,absolute,0.0016524827550223136
msp,20260922,0,0.25,loudness,arousal,absolute,0.13278850990413518
msp,20260922,0,0.25,loudness,dominance,absolute,0.11026420201964598
msp,20260922,0,0.25,loudness,valence,relative,0.00918896828497087
msp,20260922,0,0.25,loudness,arousal,relative,0.18657769590486023
msp,20260922,0,0.25,loudness,dominance,relative,0.1509814758920953
msp,20260922,0,0.25,loudness,valence,hybrid,0.009237604687593218
msp,20260922,0,0.25,loudness,arousal,hybrid,0.2115373142749925
msp,20260922,0,0.25,loudness,dominance,hybrid,0.17312662454680153
msp,20260922,0,0.25,rate,valence,absolute,0.0005270531749283502
msp,20260922,0,0.25,rate,arousal,absolute,0.010595424316364763
msp,20260922,0,0.25,rate,dominance,absolute,0.007990517303052986
msp,20260922,0,0.25,rate,valence,relative,0.0007857803237950876
msp,20260922,0,0.25,rate,arousal,relative,0.006243693719385353
msp,20260922,0,0.25,rate,dominance,relative,0.006281585496398192
msp,20260922,0,0.25,rate,valence,hybrid,0.0006244794258704148
msp,20260922,0,0.25,rate,arousal,hybrid,0.011610852016238555
msp,20260922,0,0.25,rate,dominance,hybrid,0.007969378293811481
msp,20260922,0,0.5,pitch,valence,absolute,0.00030179972208251965
msp,20260922,0,0.5,pitch,arousal,absolute,0.22008043627846918
msp,20260922,0,0.5,pitch,dominance,absolute,0.11620037891589965
msp,20260922,0,0.5,pitch,valence,relative,0.004722967280617319
msp,20260922,0,0.5,pitch,arousal,relative,0.18749744558634074
msp,20260922,0,0.5,pitch,dominance,relative,0.09510858767209336
msp,20260922,0,0.5,pitch,valence,hybrid,0.005263650485890458
msp,20260922,0,0.5,pitch,arousal,hybrid,0.2586872941871657
msp,20260922,0,0.5,pitch,dominance,hybrid,0.1361183840007031
msp,20260922,0,0.5,loudness,valence,absolute,0.000781473554705616
msp,20260922,0,0.5,loudness,arousal,absolute,0.19656656856648308
msp,20260922,0,0.5,loudness,dominance,absolute,0.1701834526171844
msp,20260922,0,0.5,loudness,valence,relative,0.009304554376691436
msp,20260922,0,0.5,loudness,arousal,relative,0.16205765623969695
msp,20260922,0,0.5,loudness,dominance,relative,0.13362421452775095
msp,20260922,0,0.5,loudness,valence,hybrid,0.009747496118098463
msp,20260922,0,0.5,loudness,arousal,hybrid,0.23416829068457382
msp,20260922,0,0.5,loudness,dominance,hybrid,0.1994887395989363
msp,20260922,0,0.5,rate,valence,absolute,0.0003403209742182981
msp,20260922,0,0.5,rate,arousal,absolute,0.016125732257695435
msp,20260922,0,0.5,rate,dominance,absolute,0.010693500995178875
msp,20260922,0,0.5,rate,valence,relative,0.0007605479565177398
msp,20260922,0,0.5,rate,arousal,relative,0.005710516465518366
msp,20260922,0,0.5,rate,dominance,relative,0.006024342515832469
msp,20260922,0,0.5,rate,valence,hybrid,0.00015296840972676816
msp,20260922,0,0.5,rate,arousal,hybrid,0.024138188097060868
msp,20260922,0,0.5,rate,dominance,hybrid,0.011903315920971073
msp,20260922,0,0.75,pitch,valence,absolute,3.7199344331510456e-05
msp,20260922,0,0.75,pitch,arousal,absolute,0.26570645778284263
msp,20260922,0,0.75,pitch,dominance,absolute,0.1475049497188813
msp,20260922,0,0.75,pitch,valence,relative,0.0047260625983809425
msp,20260922,0,0.75,pitch,arousal,relative,0.15486569023936508
msp,20260922,0,0.75,pitch,dominance,relative,0.08027735476779065
msp,20260922,0,0.75,pitch,valence,hybrid,0.0060281479387062605
msp,20260922,0,0.75,pitch,arousal,hybrid,0.27903695377897764
msp,20260922,0,0.75,pitch,dominance,hybrid,0.15409910072122993
msp,20260922,0,0.75,loudness,valence,absolute,0.0002099124770864616
msp,20260922,0,0.75,loudness,arousal,absolute,0.2469031726858818
msp,20260922,0,0.75,loudness,dominance,absolute,0.2227111937552628
msp,20260922,0,0.75,loudness,valence,relative,0.009166645638335533
msp,20260922,0,0.75,loudness,arousal,relative,0.1337090069110729
msp,20260922,0,0.75,loudness,dominance,relative,0.11315389467955018
msp,20260922,0,0.75,loudness,valence,hybrid,0.010317087112368794
msp,20260922,0,0.75,loudness,arousal,hybrid,0.2604552884960839
msp,20260922,0,0.75,loudness,dominance,hybrid,0.23244725457531018
msp,20260922,0,0.75,rate,valence,absolute,0.00011608411619387228
msp,20260922,0,0.75,rate,arousal,absolute,0.020720276225522697
msp,20260922,0,0.75,rate,dominance,absolute,0.012839767106075322
msp,20260922,0,0.75,rate,valence,relative,0.0007174561858209132
msp,20260922,0,0.75,rate,arousal,relative,0.004951604892941215
msp,20260922,0,0.75,rate,dominance,relative,0.005515255650410179
msp,20260922,0,0.75,rate,valence,hybrid,-0.0005491992194774158
msp,20260922,0,0.75,rate,arousal,hybrid,0.03916477176436596
msp,20260922,0,0.75,rate,dominance,hybrid,0.016821262913887764
msp,20260922,0,1.0,pitch,valence,absolute,1.8544654435165212e-06
msp,20260922,0,1.0,pitch,arousal,absolute,0.29549464676317805
msp,20260922,0,1.0,pitch,dominance,absolute,0.171309782675403
msp,20260922,0,1.0,pitch,valence,relative,0.00462245757517269
msp,20260922,0,1.0,pitch,arousal,relative,0.12420646273518447
msp,20260922,0,1.0,pitch,dominance,relative,0.06583305896657923
msp,20260922,0,1.0,pitch,valence,hybrid,0.006880139946003702
msp,20260922,0,1.0,pitch,arousal,hybrid,0.29770021350779247
msp,20260922,0,1.0,pitch,dominance,hybrid,0.17206519518423885
msp,20260922,0,1.0,loudness,valence,absolute,-7.489633530257751e-05
msp,20260922,0,1.0,loudness,arousal,absolute,0.28183307786653644
msp,20260922,0,1.0,loudness,dominance,absolute,0.26358206317326466
msp,20260922,0,1.0,loudness,valence,relative,0.008832068371172978
msp,20260922,0,1.0,loudness,arousal,relative,0.10713019550427227
msp,20260922,0,1.0,loudness,dominance,relative,0.09309317086221383
msp,20260922,0,1.0,loudness,valence,hybrid,0.010893176107018183
msp,20260922,0,1.0,loudness,arousal,hybrid,0.2845289129602962
msp,20260922,0,1.0,loudness,dominance,hybrid,0.26484098786125726
msp,20260922,0,1.0,rate,valence,absolute,-0.0001221046273721798
msp,20260922,0,1.0,rate,arousal,absolute,0.02403115995976602
msp,20260922,0,1.0,rate,dominance,absolute,0.014331540424865159
msp,20260922,0,1.0,rate,valence,relative,0.0006629760324686671
msp,20260922,0,1.0,rate,arousal,relative,0.004173446312331055
msp,20260922,0,1.0,rate,dominance,relative,0.004904013253641133
msp,20260922,0,1.0,rate,valence,hybrid,-0.001386119830549855
msp,20260922,0,1.0,rate,arousal,hybrid,0.05320683387840361
msp,20260922,0,1.0,rate,dominance,hybrid,0.021727537622774105
msp,20260922,1,0.0,pitch,valence,absolute,0.0017046987825118647
msp,20260922,1,0.0,pitch,arousal,absolute,0.08867872472162826
msp,20260922,1,0.0,pitch,dominance,absolute,0.04346451511226661
msp,20260922,1,0.0,pitch,valence,relative,0.004697307152621129
msp,20260922,1,0.0,pitch,arousal,relative,0.22792661384056448
msp,20260922,1,0.0,pitch,dominance,relative,0.11581348946586331
msp,20260922,1,0.0,pitch,valence,hybrid,0.0047300745334299
msp,20260922,1,0.0,pitch,arousal,hybrid,0.22933529957441584
msp,20260922,1,0.0,pitch,dominance,hybrid,0.11657622253726087
msp,20260922,1,0.0,loudness,valence,absolute,0.004010635226627012
msp,20260922,1,0.0,loudness,arousal,absolute,0.07297916949243041
msp,20260922,1,0.0,loudness,dominance,absolute,0.06165233563406771
msp,20260922,1,0.0,loudness,valence,relative,0.013003411643840107
msp,20260922,1,0.0,loudness,arousal,relative,0.21810060711905646
msp,20260922,1,0.0,loudness,dominance,relative,0.1864827491837685
msp,20260922,1,0.0,loudness,valence,hybrid,0.013072539244354402
msp,20260922,1,0.0,loudness,arousal,hybrid,0.21915067675871924
msp,20260922,1,0.0,loudness,dominance,hybrid,0.18739400629462732
msp,20260922,1,0.0,rate,valence,absolute,0.0005466502685616753
msp,20260922,1,0.0,rate,arousal,absolute,0.007484707522043065
msp,20260922,1,0.0,rate,dominance,absolute,0.006482397896677078
msp,20260922,1,0.0,rate,valence,relative,0.000664565563421374
msp,20260922,1,0.0,rate,arousal,relative,0.00909553830809551
msp,20260922,1,0.0,rate,dominance,relative,0.007877651774579835
msp,20260922,1,0.0,rate,valence,hybrid,0.0006647242503972208
msp,20260922,1,0.0,rate,arousal,hybrid,0.009097735895901566
msp,20260922,1,0.0,rate,dominance,hybrid,0.007879559721150729
msp,20260922,1,0.25,pitch,valence,absolute,0.0010889138448019046
msp,20260922,1,0.25,pitch,arousal,absolute,0.15176087073334904
msp,20260922,1,0.25,pitch,dominance,absolute,0.07703906373061577
msp,20260922,1,0.25,pitch,valence,relative,0.004784633492805025
msp,20260922,1,0.25,pitch,arousal,relative,0.21462722274469148
msp,20260922,1,0.25,pitch,dominance,relative,0.10976467565567653
msp,20260922,1,0.25,pitch,valence,hybrid,0.004740218718763663
msp,20260922,1,0.25,pitch,arousal,hybrid,0.2378442003647172
msp,20260922,1,0.25,pitch,dominance,hybrid,0.1227086951992527
msp,20260922,1,0.25,loudness,valence,absolute,0.00280802274582168
msp,20260922,1,0.25,loudness,arousal,absolute,0.14209503463054074
msp,20260922,1,0.25,loudness,dominance,absolute,0.12513116700964105
msp,20260922,1,0.25,loudness,valence,relative,0.01314092671482664
msp,20260922,1,0.25,loudness,arousal,relative,0.20489008395923
msp,20260922,1,0.25,loudness,dominance,relative,0.17692050423504643
msp,20260922,1,0.25,loudness,valence,hybrid,0.01312916441292311
msp,20260922,1,0.25,loudness,arousal,hybrid,0.23030653476801913
msp,20260922,1,0.25,loudness,dominance,hybrid,0.20073381500454
msp,20260922,1,0.25,rate,valence,absolute,0.0002610935337750544
msp,20260922,1,0.25,rate,arousal,absolute,0.014846204734329793
msp,20260922,1,0.25,rate,dominance,absolute,0.010422902396304284
msp,20260922,1,0.25,rate,valence,relative,0.0006638375094053756
msp,20260922,1,0.25,rate,arousal,relative,0.009131301713137838
msp,20260922,1,0.25,rate,dominance,relative,0.008093972555177265
msp,20260922,1,0.25,rate,valence,hybrid,0.0008949690470514128
msp,20260922,1,0.25,rate,arousal,hybrid,0.015813004619818646
msp,20260922,1,0.25,rate,dominance,hybrid,0.010428092032662447
msp,20260922,1,0.5,pitch,valence,absolute,0.0005257553561371569
msp,20260922,1,0.5,pitch,arousal,absolute,0.20854569651645666
msp,20260922,1,0.5,pitch,dominance,absolute,0.11112320513354075
msp,20260922,1,0.5,pitch,valence,relative,0.004714891308217227
msp,20260922,1,0.5,pitch,arousal,relative,0.18828164871181474
msp,20260922,1,0.5,pitch,dominance,relative,0.0983950915364798
msp,20260922,1,0.5,pitch,valence,hybrid,0.004660810119700192
msp,20260922,1,0.5,pitch,arousal,hybrid,0.25229860914815005
msp,20260922,1,0.5,pitch,dominance,hybrid,0.13507870226763136
msp,20260922,1,0.5,loudness,valence,absolute,0.0017412181930212152
msp,20260922,1,0.5,loudness,arousal,absolute,0.20898125674816906
msp,20260922,1,0.5,loudness,dominance,absolute,0.19256862257123328
msp,20260922,1,0.5,loudness,valence,relative,0.012868638442424779
msp,20260922,1,0.5,loudness,arousal,relative,0.17938711359365042
msp,20260922,1,0.5,loudness,dominance,relative,0.15910554214695308
msp,20260922,1,0.5,loudness,valence,hybrid,0.013004116421946162
msp,20260922,1,0.5,loudness,arousal,hybrid,0.2526865019324243
msp,20260922,1,0.5,loudness,dominance,hybrid,0.22994589140512972
msp,20260922,1,0.5,rate,valence,absolute,6.731626785469311e-05
msp,20260922,1,0.5,rate,arousal,absolute,0.022361891209681097
msp,20260922,1,0.5,rate,dominance,absolute,0.014260557717763434
msp,20260922,1,0.5,rate,valence,relative,0.0006426453721177532
msp,20260922,1,0.5,rate,arousal,relative,0.008479440940212333
msp,20260922,1,0.5,rate,dominance,relative,0.007837555930201157
msp,20260922,1,0.5,rate,valence,hybrid,0.0015480500805036405
msp,20260922,1,0.5,rate,arousal,hybrid,0.03159717643017727
msp,20260922,1,0.5,rate,dominance,hybrid,0.016116412448506257
msp,20260922,1,0.75,pitch,valence,absolute,5.7191395108172235e-05
msp,20260922,1,0.75,pitch,arousal,absolute,0.25038962276045884
msp,20260922,1,0.75,pitch,dominance,absolute,0.1403951890109449
msp,20260922,1,0.75,pitch,valence,relative,0.004514410714073498
msp,20260922,1,0.75,pitch,arousal,relative,0.1569604950918344
msp,20260922,1,0.75,pitch,dominance,relative,0.08447164063618956
msp,20260922,1,0.75,pitch,valence,hybrid,0.004510393652683319
msp,20260922,1,0.75,pitch,arousal,hybrid,0.26803484194710225
msp,20260922,1,0.75,pitch,dominance,hybrid,0.15025347323317034
msp,20260922,1,0.75,loudness,valence,absolute,0.000885108314920059
msp,20260922,1,0.75,loudness,arousal,absolute,0.26140365041373687
msp,20260922,1,0.75,loudness,dominance,absolute,0.2520904771622577
msp,20260922,1,0.75,loudness,valence,relative,0.01226287366529986
msp,20260922,1,0.75,loudness,arousal,relative,0.1492542757473775
msp,20260922,1,0.75,loudness,dominance,relative,0.1371757841880729
msp,20260922,1,0.75,loudness,valence,hybrid,0.01273177437238106
msp,20260922,1,0.75,loudness,arousal,hybrid,0.2783325754979751
msp,20260922,1,0.75,loudness,dominance,hybrid,0.26615520544867
msp,20260922,1,0.75,rate,valence,absolute,-2.978750020632032e-05
msp,20260922,1,0.75,rate,arousal,absolute,0.028545634201735462
msp,20260922,1,0.75,rate,dominance,absolute,0.017443871795087308
msp,20260922,1,0.75,rate,valence,relative,0.0006054485443765663
msp,20260922,1,0.75,rate,arousal,relative,0.007461515708612358
msp,20260922,1,0.75,rate,dominance,relative,0.007252851765452173
msp,20260922,1,0.75,rate,valence,hybrid,0.0025122735271250903
msp,20260922,1,0.75,rate,arousal,hybrid,0.05059256095849777
msp,20260922,1,0.75,rate,dominance,hybrid,0.023353260320712256
msp,20260922,1,1.0,pitch,valence,absolute,-0.000298428112908478
msp,20260922,1,1.0,pitch,arousal,absolute,0.27730737418912643
msp,20260922,1,1.0,pitch,dominance,absolute,0.16277864985525958
msp,20260922,1,1.0,pitch,valence,relative,0.004224442498906861
msp,20260922,1,1.0,pitch,arousal,relative,0.1270848883387751
msp,20260922,1,1.0,pitch,dominance,relative,0.07049491474961661
msp,20260922,1,1.0,pitch,valence,hybrid,0.004314769300946165
msp,20260922,1,1.0,pitch,arousal,hybrid,0.281996870974413
msp,20260922,1,1.0,pitch,dominance,hybrid,0.1652778025151389
msp,20260922,1,1.0,loudness,valence,absolute,0.00026591095135085677
msp,20260922,1,1.0,loudness,arousal,absolute,0.2975437492622795
msp,20260922,1,1.0,loudness,dominance,absolute,0.2988516677023953
msp,20260922,1,1.0,loudness,valence,relative,0.011435901722586937
msp,20260922,1,1.0,loudness,arousal,relative,0.12058051056261875
msp,20260922,1,1.0,loudness,dominance,relative,0.11496932087913592
msp,20260922,1,1.0,loudness,valence,hybrid,0.012362328617663869
msp,20260922,1,1.0,loudness,arousal,hybrid,0.3017066358822924
msp,20260922,1,1.0,loudness,dominance,hybrid,0.30184988941751667
msp,20260922,1,1.0,rate,valence,absolute,-4.1502074270418513e-05
msp,20260922,1,1.0,rate,arousal,absolute,0.0329558762224954
msp,20260922,1,1.0,rate,dominance,absolute,0.019777483337703704
msp,20260922,1,1.0,rate,valence,relative,0.0005582876217557328
msp,20260922,1,1.0,rate,arousal,relative,0.006379332821836945
msp,20260922,1,1.0,rate,dominance,relative,0.006518765193080003
msp,20260922,1,1.0,rate,valence,hybrid,0.003650369465182351
msp,20260922,1,1.0,rate,arousal,hybrid,0.0684296643300676
msp,20260922,1,1.0,rate,dominance,hybrid,0.030696652630259242
msp,20260922,2,0.0,pitch,valence,absolute,0.0018158589015622464
msp,20260922,2,0.0,pitch,arousal,absolute,0.08751060742561342
msp,20260922,2,0.0,pitch,dominance,absolute,0.04312805023151176
msp,20260922,2,0.0,pitch,valence,relative,0.005047125035037601
msp,20260922,2,0.0,pitch,arousal,relative,0.22512330232912345
msp,20260922,2,0.0,pitch,dominance,relative,0.11539932862959873
msp,20260922,2,0.0,pitch,valence,hybrid,0.005081661792409935
msp,20260922,2,0.0,pitch,arousal,hybrid,0.22649240995442194
msp,20260922,2,0.0,pitch,dominance,hybrid,0.11614506744102379
msp,20260922,2,0.0,loudness,valence,absolute,0.0035589402653413518
msp,20260922,2,0.0,loudness,arousal,absolute,0.0755652477043489
msp,20260922,2,0.0,loudness,dominance,absolute,0.06541204506235139
msp,20260922,2,0.0,loudness,valence,relative,0.011416901098873217
msp,20260922,2,0.0,loudness,arousal,relative,0.22634535043493081
msp,20260922,2,0.0,loudness,dominance,relative,0.19795098123271607
msp,20260922,2,0.0,loudness,valence,hybrid,0.011482020470683769
msp,20260922,2,0.0,loudness,arousal,hybrid,0.22748838754642328
msp,20260922,2,0.0,loudness,dominance,hybrid,0.1989692795990897
msp,20260922,2,0.0,rate,valence,absolute,0.0010375859535396578
msp,20260922,2,0.0,rate,arousal,absolute,0.005297132671197873
msp,20260922,2,0.0,rate,dominance,absolute,0.004987156147878449
msp,20260922,2,0.0,rate,valence,relative,0.0012669535495336162
msp,20260922,2,0.0,rate,arousal,relative,0.0064634940485847935
msp,20260922,2,0.0,rate,dominance,relative,0.006085701500625419
msp,20260922,2,0.0,rate,valence,hybrid,0.0012674500956134347
msp,20260922,2,0.0,rate,arousal,hybrid,0.006466030717199245
msp,20260922,2,0.0,rate,dominance,hybrid,0.0060880948212194055
msp,20260922,2,0.25,pitch,valence,absolute,0.0010192638621111096
msp,20260922,2,0.25,pitch,arousal,absolute,0.14727247752518258
msp,20260922,2,0.25,pitch,dominance,absolute,0.0748869086150386
msp,20260922,2,0.25,pitch,valence,relative,0.005435196359486719
msp,20260922,2,0.25,pitch,arousal,relative,0.211740199934193
msp,20260922,2,0.25,pitch,dominance,relative,0.108167094172579
msp,20260922,2,0.25,pitch,valence,hybrid,0.005504639426061018
msp,20260922,2,0.25,pitch,arousal,hybrid,0.23332859483520452
msp,20260922,2,0.25,pitch,dominance,hybrid,0.12041600011136336
msp,20260922,2,0.25,loudness,valence,absolute,0.0015361234901338158
msp,20260922,2,0.25,loudness,arousal,absolute,0.143109829432867
msp,20260922,2,0.25,loudness,dominance,absolute,0.1279812756597712
msp,20260922,2,0.25,loudness,valence,relative,0.011485363146968627
msp,20260922,2,0.25,loudness,arousal,relative,0.21085432267803075
msp,20260922,2,0.25,loudness,dominance,relative,0.18600032992926366
msp,20260922,2,0.25,loudness,valence,hybrid,0.0114910401427373
msp,20260922,2,0.25,loudness,arousal,hybrid,0.23589424283838703
msp,20260922,2,0.25,loudness,dominance,hybrid,0.2095546326549809
msp,20260922,2,0.25,rate,valence,absolute,0.0005413523977640538
msp,20260922,2,0.25,rate,arousal,absolute,0.011624660509999456
msp,20260922,2,0.25,rate,dominance,absolute,0.008609032155472046
msp,20260922,2,0.25,rate,valence,relative,0.001318871930516564
msp,20260922,2,0.25,rate,arousal,relative,0.006471340437506394
msp,20260922,2,0.25,rate,dominance,relative,0.006279731225683187
msp,20260922,2,0.25,rate,valence,hybrid,0.00168302712982029
msp,20260922,2,0.25,rate,arousal,hybrid,0.012853630355430365
msp,20260922,2,0.25,rate,dominance,hybrid,0.00863635232854755
msp,20260922,2,0.5,pitch,valence,absolute,0.00043886712390854587
msp,20260922,2,0.5,pitch,arousal,absolute,0.19938239212586803
msp,20260922,2,0.5,pitch,dominance,absolute,0.10585755361793558
msp,20260922,2,0.5,pitch,valence,relative,0.005624047346207322
msp,20260922,2,0.5,pitch,arousal,relative,0.18490496221195943
msp,20260922,2,0.5,pitch,dominance,relative,0.09531673438813001
msp,20260922,2,0.5,pitch,valence,hybrid,0.0061036842171595
msp,20260922,2,0.5,pitch,arousal,hybrid,0.2438457546237958
msp,20260922,2,0.5,pitch,dominance,hybrid,0.12959167542671085
msp,20260922,2,0.5,loudness,valence,absolute,-5.1643590577948524e-05
msp,20260922,2,0.5,loudness,arousal,absolute,0.2063052721363319
msp,20260922,2,0.5,loudness,dominance,absolute,0.1917425549068632
msp,20260922,2,0.5,loudness,valence,relative,0.011154574296278669
msp,20260922,2,0.5,loudness,arousal,relative,0.18216118209651186
msp,20260922,2,0.5,loudness,dominance,relative,0.16455382743995
msp,20260922,2,0.5,loudness,valence,hybrid,0.011646951715081143
msp,20260922,2,0.5,loudness,arousal,hybrid,0.25310012981574653
msp,20260922,2,0.5,loudness,dominance,hybrid,0.233078007279647
msp,20260922,2,0.5,rate,valence,absolute,0.00018679102246245036
msp,20260922,2,0.5,rate,arousal,absolute,0.018311827606047732
msp,20260922,2,0.5,rate,dominance,absolute,0.012188315960384739
msp,20260922,2,0.5,rate,valence,relative,0.0013210643936818513
msp,20260922,2,0.5,rate,arousal,relative,0.005968246516361597
msp,20260922,2,0.5,rate,dominance,relative,0.006064643332597492
msp,20260922,2,0.5,rate,valence,hybrid,0.002756919625231053
msp,20260922,2,0.5,rate,arousal,hybrid,0.02788311703441146
msp,20260922,2,0.5,rate,dominance,hybrid,0.014312336739589298
msp,20260922,2,0.75,pitch,valence,absolute,9.953404865353742e-05
msp,20260922,2,0.75,pitch,arousal,absolute,0.23624867786065423
msp,20260922,2,0.75,pitch,dominance,absolute,0.13113245588193617
msp,20260922,2,0.75,pitch,valence,relative,0.005624264438311489
msp,20260922,2,0.75,pitch,arousal,relative,0.15322312667971
msp,20260922,2,0.75,pitch,dominance,relative,0.08017454610750349
msp,20260922,2,0.75,pitch,valence,hybrid,0.006795897224419822
msp,20260922,2,0.75,pitch,arousal,hybrid,0.2547516312167569
msp,20260922,2,0.75,pitch,dominance,hybrid,0.14085110143839677
msp,20260922,2,0.75,loudness,valence,absolute,-0.001114357912622153
msp,20260922,2,0.75,loudness,arousal,absolute,0.2539052828776054
msp,20260922,2,0.75,loudness,dominance,absolute,0.24536288143353815
msp,20260922,2,0.75,loudness,valence,relative,0.010513354087030696
msp,20260922,2,0.75,loudness,arousal,relative,0.14924861631966135
msp,20260922,2,0.75,loudness,dominance,relative,0.13905421671646706
msp,20260922,2,0.75,loudness,valence,hybrid,0.011913788710973672
msp,20260922,2,0.75,loudness,arousal,hybrid,0.27266025601455346
msp,20260922,2,0.75,loudness,dominance,hybrid,0.2617458781045237
msp,20260922,2,0.75,rate,valence,absolute,-1.2422704556897034e-05
msp,20260922,2,0.75,rate,arousal,absolute,0.02391136836312693
msp,20260922,2,0.75,rate,dominance,absolute,0.015148832065581172
msp,20260922,2,0.75,rate,valence,relative,0.0012804645348022609
msp,20260922,2,0.75,rate,arousal,relative,0.005207821987860243
msp,20260922,2,0.75,rate,dominance,relative,0.005576170908143444
msp,20260922,2,0.75,rate,valence,hybrid,0.004291251764279894
msp,20260922,2,0.75,rate,arousal,hybrid,0.0457873420499941
msp,20260922,2,0.75,rate,dominance,hybrid,0.02139155936805177
msp,20260922,2,1.0,pitch,valence,absolute,-2.125222301162647e-05
msp,20260922,2,1.0,pitch,arousal,absolute,0.25878180318883576
msp,20260922,2,1.0,pitch,dominance,absolute,0.14935051425722323
msp,20260922,2,1.0,pitch,valence,relative,0.0054764155545398195
msp,20260922,2,1.0,pitch,arousal,relative,0.12332040082433235
msp,20260922,2,1.0,pitch,dominance,relative,0.06551241388083774
msp,20260922,2,1.0,pitch,valence,hybrid,0.007501382666487725
msp,20260922,2,1.0,pitch,arousal,hybrid,0.2640747674020532
msp,20260922,2,1.0,pitch,dominance,hybrid,0.15185549654437983
msp,20260922,2,1.0,loudness,valence,absolute,-0.0016731430228916825
msp,20260922,2,1.0,loudness,arousal,absolute,0.285217680013481
msp,20260922,2,1.0,loudness,dominance,absolute,0.2853189859162731
msp,20260922,2,1.0,loudness,valence,relative,0.009683365913117718
msp,20260922,2,1.0,loudness,arousal,relative,0.11875441843990087
msp,20260922,2,1.0,loudness,dominance,relative,0.11414398262649235
msp,20260922,2,1.0,loudness,valence,hybrid,0.012244784214159758
msp,20260922,2,1.0,loudness,arousal,hybrid,0.2902337620574413
msp,20260922,2,1.0,loudness,dominance,hybrid,0.289367134130752
msp,20260922,2,1.0,rate,valence,absolute,-7.254746917042282e-05
msp,20260922,2,1.0,rate,arousal,absolute,0.0279595792399683
msp,20260922,2,1.0,rate,dominance,absolute,0.01729817329084833
msp,20260922,2,1.0,rate,valence,relative,0.0012097782864145007
msp,20260922,2,1.0,rate,arousal,relative,0.004416708543883464
msp,20260922,2,1.0,rate,dominance,relative,0.004975418455988515
msp,20260922,2,1.0,rate,valence,hybrid,0.006054167531467425
msp,20260922,2,1.0,rate,arousal,hybrid,0.0623970287575067
msp,20260922,2,1.0,rate,dominance,hybrid,0.028399951946447215
msp,20260922,3,0.0,pitch,valence,absolute,0.0017553487328463746
msp,20260922,3,0.0,pitch,arousal,absolute,0.08818835805069553
msp,20260922,3,0.0,pitch,dominance,absolute,0.04324681678983327
msp,20260922,3,0.0,pitch,valence,relative,0.004836895680475022
msp,20260922,3,0.0,pitch,arousal,relative,0.2261979299075313
msp,20260922,3,0.0,pitch,dominance,relative,0.11511488979910402
msp,20260922,3,0.0,pitch,valence,hybrid,0.004874009198955951
msp,20260922,3,0.0,pitch,arousal,hybrid,0.22764161944886918
msp,20260922,3,0.0,pitch,dominance,hybrid,0.11592511493630277
msp,20260922,3,0.0,loudness,valence,absolute,0.0031478192444727433
msp,20260922,3,0.0,loudness,arousal,absolute,0.07048954277464281
msp,20260922,3,0.0,loudness,dominance,absolute,0.06020558326997086
msp,20260922,3,0.0,loudness,valence,relative,0.010117291951312236
msp,20260922,3,0.0,loudness,arousal,relative,0.21075124880510393
msp,20260922,3,0.0,loudness,dominance,relative,0.18206350744362415
msp,20260922,3,0.0,loudness,valence,hybrid,0.01017286014547217
msp,20260922,3,0.0,loudness,arousal,hybrid,0.2117921956100005
msp,20260922,3,0.0,loudness,dominance,hybrid,0.18297829418183104
msp,20260922,3,0.0,rate,valence,absolute,0.0012802129775978908
msp,20260922,3,0.0,rate,arousal,absolute,0.006974137226849412
msp,20260922,3,0.0,rate,dominance,absolute,0.005974420586997944
msp,20260922,3,0.0,rate,valence,relative,0.0015505286368628988
msp,20260922,3,0.0,rate,arousal,relative,0.008442135333345833
msp,20260922,3,0.0,rate,dominance,relative,0.007232178094415919
msp,20260922,3,0.0,rate,valence,hybrid,0.00155112273072165
msp,20260922,3,0.0,rate,arousal,hybrid,0.008445357197966758
msp,20260922,3,0.0,rate,dominance,hybrid,0.0072349387849971886
msp,20260922,3,0.25,pitch,valence,absolute,0.0009942799056232876
msp,20260922,3,0.25,pitch,arousal,absolute,0.15030283018802204
msp,20260922,3,0.25,pitch,dominance,absolute,0.07555868434920061
msp,20260922,3,0.25,pitch,valence,relative,0.005121583422951019
msp,20260922,3,0.25,pitch,arousal,relative,0.21506307326341
msp,20260922,3,0.25,pitch,dominance,relative,0.11000922421336766
msp,20260922,3,0.25,pitch,valence,hybrid,0.005173045839513622
msp,20260922,3,0.25,pitch,arousal,hybrid,0.2374491662133306
msp,20260922,3,0.25,pitch,dominance,hybrid,0.12223906263613102
msp,20260922,3,0.25,loudness,valence,absolute,0.0023808716085205856
msp,20260922,3,0.25,loudness,arousal,absolute,0.1373931106294733
msp,20260922,3,0.25,loudness,dominance,absolute,0.11989514765433601
msp,20260922,3,0.25,loudness,valence,relative,0.010467984585916298
msp,20260922,3,0.25,loudness,arousal,relative,0.1979753533673831
msp,20260922,3,0.25,loudness,dominance,relative,0.17278778338746856
msp,20260922,3,0.25,loudness,valence,hybrid,0.010432875960373348
msp,20260922,3,0.25,loudness,arousal,hybrid,0.22285414702940934
msp,20260922,3,0.25,loudness,dominance,hybrid,0.19506668268089775
msp,20260922,3,0.25,rate,valence,absolute,0.0007866735404189311
msp,20260922,3,0.25,rate,arousal,absolute,0.01398402954420382
msp,20260922,3,0.25,rate,dominance,absolute,0.009979386063544062
msp,20260922,3,0.25,rate,valence,relative,0.0015366986615146102
msp,20260922,3,0.25,rate,arousal,relative,0.008392023551324141
msp,20260922,3,0.25,rate,dominance,relative,0.007367083770521527
msp,20260922,3,0.25,rate,valence,hybrid,0.0017566938196097977
msp,20260922,3,0.25,rate,arousal,hybrid,0.015140841224987859
msp,20260922,3,0.25,rate,dominance,hybrid,0.010042771562892157
msp,20260922,3,0.5,pitch,valence,absolute,0.00043515386791072216
msp,20260922,3,0.5,pitch,arousal,absolute,0.20614756373521242
msp,20260922,3,0.5,pitch,dominance,absolute,0.1080997244058821
msp,20260922,3,0.5,pitch,valence,relative,0.005229555583829121
msp,20260922,3,0.5,pitch,arousal,relative,0.19065013639356007
msp,20260922,3,0.5,pitch,dominance,relative,0.09950939130098793
msp,20260922,3,0.5,pitch,valence,hybrid,0.005627225051021606
msp,20260922,3,0.5,pitch,arousal,hybrid,0.25193253203171045
msp,20260922,3,0.5,pitch,dominance,hybrid,0.13362070280513935
msp,20260922,3,0.5,loudness,valence,absolute,0.0015956405691484833
msp,20260922,3,0.5,loudness,arousal,absolute,0.20248474624012205
msp,20260922,3,0.5,loudness,dominance,absolute,0.18292437485912375
msp,20260922,3,0.5,loudness,valence,relative,0.010457740862035906
msp,20260922,3,0.5,loudness,arousal,relative,0.17335641458230538
msp,20260922,3,0.5,loudness,dominance,relative,0.155495010223318
msp,20260922,3,0.5,loudness,valence,hybrid,0.010416808076768896
msp,20260922,3,0.5,loudness,arousal,hybrid,0.24499714065224196
msp,20260922,3,0.5,loudness,dominance,hybrid,0.22129764834946547
msp,20260922,3,0.5,rate,valence,absolute,0.00039278177581953164
msp,20260922,3,0.5,rate,arousal,absolute,0.021214726379407578
msp,20260922,3,0.5,rate,dominance,absolute,0.01399632315752327
msp,20260922,3,0.5,rate,valence,relative,0.0014707275299545638
msp,20260922,3,0.5,rate,arousal,relative,0.007726119321840908
msp,20260922,3,0.5,rate,dominance,relative,0.007081131855902115
msp,20260922,3,0.5,rate,valence,hybrid,0.0023545610026573984
msp,20260922,3,0.5,rate,arousal,hybrid,0.0309872996044069
msp,20260922,3,0.5,rate,dominance,hybrid,0.01654719866970763
msp,20260922,3,0.75,pitch,valence,absolute,0.0001019264916967992
msp,20260922,3,0.75,pitch,arousal,absolute,0.2473268183156493
msp,20260922,3,0.75,pitch,dominance,absolute,0.13590206407854555
msp,20260922,3,0.75,pitch,valence,relative,0.005175361752558876
msp,20260922,3,0.75,pitch,arousal,relative,0.1606462608728214
msp,20260922,3,0.75,pitch,dominance,relative,0.08623374553679378
msp,20260922,3,0.75,pitch,valence,hybrid,0.006172980483523108
msp,20260922,3,0.75,pitch,arousal,hybrid,0.26683869683284855
msp,20260922,3,0.75,pitch,dominance,hybrid,0.14709546920242667
msp,20260922,3,0.75,loudness,valence,absolute,0.0008674763735314414
msp,20260922,3,0.75,loudness,arousal,absolute,0.25381972541451125
msp,20260922,3,0.75,loudness,dominance,absolute,0.23839896010337672
msp,20260922,3,0.75,loudness,valence,relative,0.010137384214054544
msp,20260922,3,0.75,loudness,arousal,relative,0.14427917320363953
msp,20260922,3,0.75,loudness,dominance,relative,0.13418667250419739
msp,20260922,3,0.75,loudness,valence,hybrid,0.010164465055505409
msp,20260922,3,0.75,loudness,arousal,hybrid,0.2703833132404183
msp,20260922,3,0.75,loudness,dominance,hybrid,0.2537467895234787
msp,20260922,3,0.75,rate,valence,absolute,0.00012118926451618205
msp,20260922,3,0.75,rate,arousal,absolute,0.027226957532578006
msp,20260922,3,0.75,rate,dominance,absolute,0.017428422082894877
msp,20260922,3,0.75,rate,valence,relative,0.001365927335997805
msp,20260922,3,0.75,rate,arousal,relative,0.006745146104286098
msp,20260922,3,0.75,rate,dominance,relative,0.00650980188311431
msp,20260922,3,0.75,rate,valence,hybrid,0.0032343406507938416
msp,20260922,3,0.75,rate,arousal,hybrid,0.05007998065519689
msp,20260922,3,0.75,rate,dominance,hybrid,0.024922394021894046
msp,20260922,3,1.0,pitch,valence,absolute,-2.453474387105771e-05
msp,20260922,3,1.0,pitch,arousal,absolute,0.2738689290318453
msp,20260922,3,1.0,pitch,dominance,absolute,0.15707479534742236
msp,20260922,3,1.0,pitch,valence,relative,0.004997250240487115
msp,20260922,3,1.0,pitch,arousal,relative,0.1314450701241164
msp,20260922,3,1.0,pitch,dominance,relative,0.07264158527497268
msp,20260922,3,1.0,pitch,valence,hybrid,0.006745564450347892
msp,20260922,3,1.0,pitch,arousal,hybrid,0.27961783216917496
msp,20260922,3,1.0,pitch,dominance,hybrid,0.16019191427726706
msp,20260922,3,1.0,loudness,valence,absolute,0.00024551809811255857
msp,20260922,3,1.0,loudness,arousal,absolute,0.289428583714151
msp,20260922,3,1.0,loudness,dominance,absolute,0.28189230157955264
msp,20260922,3,1.0,loudness,valence,relative,0.00959783413196907
msp,20260922,3,1.0,loudness,arousal,relative,0.11660775022894229
msp,20260922,3,1.0,loudness,dominance,relative,0.11258138268755265
msp,20260922,3,1.0,loudness,valence,hybrid,0.009746129941753272
msp,20260922,3,1.0,loudness,arousal,hybrid,0.2935476273334661
msp,20260922,3,1.0,loudness,dominance,hybrid,0.2857216255210657
msp,20260922,3,1.0,rate,valence,absolute,-3.090291038143551e-05
msp,20260922,3,1.0,rate,arousal,absolute,0.0315661383170567
msp,20260922,3,1.0,rate,dominance,absolute,0.020029385879804913
msp,20260922,3,1.0,rate,valence,relative,0.0012391158664310138
msp,20260922,3,1.0,rate,arousal,relative,0.0057231115604013845
msp,20260922,3,1.0,rate,dominance,relative,0.005814846704593576
msp,20260922,3,1.0,rate,valence,hybrid,0.004262997897570733
msp,20260922,3,1.0,rate,arousal,hybrid,0.06801539285113921
msp,20260922,3,1.0,rate,dominance,hybrid,0.033488323895201795
msp,20260922,4,0.0,pitch,valence,absolute,0.0014996410866083435
msp,20260922,4,0.0,pitch,arousal,absolute,0.08410032199255271
msp,20260922,4,0.0,pitch,dominance,absolute,0.03969330528972697
msp,20260922,4,0.0,pitch,valence,relative,0.004060078272043739
msp,20260922,4,0.0,pitch,arousal,relative,0.21140370561206195
msp,20260922,4,0.0,pitch,dominance,relative,0.10354660850952659
msp,20260922,4,0.0,pitch,valence,hybrid,0.004087490713955274
msp,20260922,4,0.0,pitch,arousal,hybrid,0.21267469130668087
msp,20260922,4,0.0,pitch,dominance,hybrid,0.10420652218607447
msp,20260922,4,0.0,loudness,valence,absolute,0.0035774704450728194
msp,20260922,4,0.0,loudness,arousal,absolute,0.06688569081812334
msp,20260922,4,0.0,loudness,dominance,absolute,0.05880121604073698
msp,20260922,4,0.0,loudness,valence,relative,0.011286357949544966
msp,20260922,4,0.0,loudness,arousal,relative,0.196443864154997
msp,20260922,4,0.0,loudness,dominance,relative,0.1747004535910779
msp,20260922,4,0.0,loudness,valence,hybrid,0.011349538313485709
msp,20260922,4,0.0,loudness,arousal,hybrid,0.19741598697314075
msp,20260922,4,0.0,loudness,dominance,hybrid,0.17558260741216303
msp,20260922,4,0.0,rate,valence,absolute,0.0008212949717258711
msp,20260922,4,0.0,rate,arousal,absolute,0.005072701921508741
msp,20260922,4,0.0,rate,dominance,absolute,0.0050068281002923565
msp,20260922,4,0.0,rate,valence,relative,0.0009980944370211484
msp,20260922,4,0.0,rate,arousal,relative,0.006160403056031578
msp,20260922,4,0.0,rate,dominance,relative,0.006080977606982054
msp,20260922,4,0.0,rate,valence,hybrid,0.000998540099450343
msp,20260922,4,0.0,rate,arousal,hybrid,0.006163145131168655
msp,20260922,4,0.0,rate,dominance,hybrid,0.006083663518742778
msp,20260922,4,0.25,pitch,valence,absolute,0.0004400349797967695
msp,20260922,4,0.25,pitch,arousal,absolute,0.14918249291084404
msp,20260922,4,0.25,pitch,dominance,absolute,0.07441707275275346
msp,20260922,4,0.25,pitch,valence,relative,0.004199318308803054
msp,20260922,4,0.25,pitch,arousal,relative,0.1966178677996183
msp,20260922,4,0.25,pitch,dominance,relative,0.09581271030280657
msp,20260922,4,0.25,pitch,valence,hybrid,0.004315029389539076
msp,20260922,4,0.25,pitch,arousal,hybrid,0.2215783421932733
msp,20260922,4,0.25,pitch,dominance,hybrid,0.11007384667444878
msp,20260922,4,0.25,loudness,valence,absolute,0.0025851189583959823
msp,20260922,4,0.25,loudness,arousal,absolute,0.13092408748762835
msp,20260922,4,0.25,loudness,dominance,absolute,0.11884706614559849
msp,20260922,4,0.25,loudness,valence,relative,0.011356904268900915
msp,20260922,4,0.25,loudness,arousal,relative,0.18484168500587458
msp,20260922,4,0.25,loudness,dominance,relative,0.1652397053707271
msp,20260922,4,0.25,loudness,valence,hybrid,0.011327125044885106
msp,20260922,4,0.25,loudness,arousal,hybrid,0.20870321498912878
msp,20260922,4,0.25,loudness,dominance,hybrid,0.18811804005589394
msp,20260922,4,0.25,rate,valence,absolute,0.0003824209507310419
msp,20260922,4,0.25,rate,arousal,absolute,0.010882358054696525
msp,20260922,4,0.25,rate,dominance,absolute,0.008122129869519676
msp,20260922,4,0.25,rate,valence,relative,0.0010249289750339393
msp,20260922,4,0.25,rate,arousal,relative,0.006277876470451988
msp,20260922,4,0.25,rate,dominance,relative,0.006342268540318646
msp,20260922,4,0.25,rate,valence,hybrid,0.0013651121414450143
msp,20260922,4,0.25,rate,arousal,hybrid,0.011950769551523542
msp,20260922,4,0.25,rate,dominance,hybrid,0.00812095100933719
msp,20260922,4,0.5,pitch,valence,absolute,-0.00023691831975999967
msp,20260922,4,0.5,pitch,arousal,absolute,0.2093246696135617
msp,20260922,4,0.5,pitch,dominance,absolute,0.11062361372818141
msp,20260922,4,0.5,pitch,valence,relative,0.004204108233662164
msp,20260922,4,0.5,pitch,arousal,relative,0.17077990012701336
msp,20260922,4,0.5,pitch,dominance,relative,0.08384396189716166
msp,20260922,4,0.5,pitch,valence,hybrid,0.004958007471913821
msp,20260922,4,0.5,pitch,arousal,hybrid,0.24118540367486307
msp,20260922,4,0.5,pitch,dominance,hybrid,0.12542626755601868
msp,20260922,4,0.5,loudness,valence,absolute,0.001663412544630419
msp,20260922,4,0.5,loudness,arousal,absolute,0.19322449094114805
msp,20260922,4,0.5,loudness,dominance,absolute,0.18232509704057548
msp,20260922,4,0.5,loudness,valence,relative,0.011074262600133484
msp,20260922,4,0.5,loudness,arousal,relative,0.16236077275215186
msp,20260922,4,0.5,loudness,dominance,relative,0.14818477850752315
msp,20260922,4,0.5,loudness,valence,hybrid,0.01108869422994426
msp,20260922,4,0.5,loudness,arousal,hybrid,0.23122891719656832
msp,20260922,4,0.5,loudness,dominance,hybrid,0.21602776526819392
msp,20260922,4,0.5,rate,valence,absolute,7.900688683849692e-05
msp,20260922,4,0.5,rate,arousal,absolute,0.01711226394779064
msp,20260922,4,0.5,rate,dominance,absolute,0.01118482343674738
msp,20260922,4,0.5,rate,valence,relative,0.001018967897359921
msp,20260922,4,0.5,rate,arousal,relative,0.005925142873294637
msp,20260922,4,0.5,rate,dominance,relative,0.006231277089132501
msp,20260922,4,0.5,rate,valence,hybrid,0.002367819805210782
msp,20260922,4,0.5,rate,arousal,hybrid,0.02552469752103714
msp,20260922,4,0.5,rate,dominance,hybrid,0.012477500374667523
msp,20260922,4,0.75,pitch,valence,absolute,-0.0005219601769361683
msp,20260922,4,0.75,pitch,arousal,absolute,0.2551058192471515
msp,20260922,4,0.75,pitch,dominance,absolute,0.14246107619658574
msp,20260922,4,0.75,pitch,valence,relative,0.0040914241751618214
msp,20260922,4,0.75,pitch,arousal,relative,0.1410877437014588
msp,20260922,4,0.75,pitch,dominance,relative,0.07022022983968308
msp,20260922,4,0.75,pitch,valence,hybrid,0.005907072763894253
msp,20260922,4,0.75,pitch,arousal,hybrid,0.2644022918618192
msp,20260922,4,0.75,pitch,dominance,hybrid,0.14556586853869266
msp,20260922,4,0.75,loudness,valence,absolute,0.0008830857644077836
msp,20260922,4,0.75,loudness,arousal,absolute,0.24248348681090093
msp,20260922,4,0.75,loudness,dominance,absolute,0.23814799644593823
msp,20260922,4,0.75,loudness,valence,relative,0.010508266430481882
msp,20260922,4,0.75,loudness,arousal,relative,0.13563838307284937
msp,20260922,4,0.75,loudness,dominance,relative,0.12742331881901456
msp,20260922,4,0.75,loudness,valence,hybrid,0.01068285825729197
msp,20260922,4,0.75,loudness,arousal,hybrid,0.2569291213600565
msp,20260922,4,0.75,loudness,dominance,hybrid,0.250560721226505
msp,20260922,4,0.75,rate,valence,absolute,-8.024253038830201e-05
msp,20260922,4,0.75,rate,arousal,absolute,0.022473945236368306
msp,20260922,4,0.75,rate,dominance,absolute,0.013752235803176123
msp,20260922,4,0.75,rate,valence,relative,0.000984961757342426
msp,20260922,4,0.75,rate,arousal,relative,0.005299458073551895
msp,20260922,4,0.75,rate,dominance,relative,0.005847164253229918
msp,20260922,4,0.75,rate,valence,hybrid,0.003837428376901712
msp,20260922,4,0.75,rate,arousal,hybrid,0.04192642085223144
msp,20260922,4,0.75,rate,dominance,hybrid,0.01795947580787545
msp,20260922,4,1.0,pitch,valence,absolute,-0.0004692504957851581
msp,20260922,4,1.0,pitch,arousal,absolute,0.28586410391675887
msp,20260922,4,1.0,pitch,dominance,absolute,0.1674242580513648
msp,20260922,4,1.0,pitch,valence,relative,0.0038930481802332798
msp,20260922,4,1.0,pitch,arousal,relative,0.11314248746159651
msp,20260922,4,1.0,pitch,dominance,relative,0.05709695211759331
msp,20260922,4,1.0,pitch,valence,hybrid,0.007027843015662628
msp,20260922,4,1.0,pitch,arousal,hybrid,0.2860489309439967
msp,20260922,4,1.0,pitch,dominance,hybrid,0.1662031324484443
msp,20260922,4,1.0,loudness,valence,absolute,0.00027796362160528764
msp,20260922,4,1.0,loudness,arousal,absolute,0.27686295621334694
msp,20260922,4,1.0,loudness,dominance,absolute,0.2819107010906763
msp,20260922,4,1.0,loudness,valence,relative,0.009758360915225146
msp,20260922,4,1.0,loudness,arousal,relative,0.11003552146105841
msp,20260922,4,1.0,loudness,dominance,relative,0.10652055299838237
msp,20260922,4,1.0,loudness,valence,hybrid,0.010174282811826441
msp,20260922,4,1.0,loudness,arousal,hybrid,0.2802695659607875
msp,20260922,4,1.0,loudness,dominance,hybrid,0.28444089317333393
msp,20260922,4,1.0,rate,valence,absolute,-0.00011102711361459404
msp,20260922,4,1.0,rate,arousal,absolute,0.02648251514111728
msp,20260922,4,1.0,rate,dominance,absolute,0.015658247534951427
msp,20260922,4,1.0,rate,valence,relative,0.0009310555128171639
msp,20260922,4,1.0,rate,arousal,relative,0.004601029839624617
msp,20260922,4,1.0,rate,dominance,relative,0.00532461093415066
msp,20260922,4,1.0,rate,valence,hybrid,0.005566789612583468
msp,20260922,4,1.0,rate,arousal,hybrid,0.05740888985546901
msp,20260922,4,1.0,rate,dominance,hybrid,0.023494696127690774
iemocap,20260920,0,0.0,pitch,valence,absolute,0.00048807698948976556
iemocap,20260920,0,0.0,pitch,arousal,absolute,0.18193573867041613
iemocap,20260920,0,0.0,pitch,dominance,absolute,0.07256292963690086
iemocap,20260920,0,0.0,pitch,valence,relative,0.0008769133328978822
iemocap,20260920,0,0.0,pitch,arousal,relative,0.33222185173805163
iemocap,20260920,0,0.0,pitch,dominance,relative,0.1313690302663315
iemocap,20260920,0,0.0,pitch,valence,hybrid,0.000878076726155815
iemocap,20260920,0,0.0,pitch,arousal,hybrid,0.33295474499270894
iemocap,20260920,0,0.0,pitch,dominance,hybrid,0.13159728173286506
iemocap,20260920,0,0.0,loudness,valence,absolute,0.023651546066702757
iemocap,20260920,0,0.0,loudness,arousal,absolute,0.09005698434061654
iemocap,20260920,0,0.0,loudness,dominance,absolute,0.06971311516116345
iemocap,20260920,0,0.0,loudness,valence,relative,0.025620335130540312
iemocap,20260920,0,0.0,loudness,arousal,relative,0.09761642880084545
iemocap,20260920,0,0.0,loudness,dominance,relative,0.07556135578025319
iemocap,20260920,0,0.0,loudness,valence,hybrid,0.02562136589514186
iemocap,20260920,0,0.0,loudness,arousal,hybrid,0.09761902343322285
iemocap,20260920,0,0.0,loudness,dominance,hybrid,0.07556349504374685
iemocap,20260920,0,0.0,rate,valence,absolute,0.001008284223684588
iemocap,20260920,0,0.0,rate,arousal,absolute,0.18554314203762373
iemocap,20260920,0,0.0,rate,dominance,absolute,0.2111659176597977
iemocap,20260920,0,0.0,rate,valence,relative,0.0010451328975582433
iemocap,20260920,0,0.0,rate,arousal,relative,0.1918403494495533
iemocap,20260920,0,0.0,rate,dominance,relative,0.21799276216169866
iemocap,20260920,0,0.0,rate,valence,hybrid,0.0010454278802028082
iemocap,20260920,0,0.0,rate,arousal,hybrid,0.1918918774258319
iemocap,20260920,0,0.0,rate,dominance,hybrid,0.2180482994131675
iemocap,20260920,0,0.25,pitch,valence,absolute,0.0008313873995518258
iemocap,20260920,0,0.25,pitch,arousal,absolute,0.18390836485942497
iemocap,20260920,0,0.25,pitch,dominance,absolute,0.07345154619000398
iemocap,20260920,0,0.25,pitch,valence,relative,0.0008709576057914188
iemocap,20260920,0,0.25,pitch,arousal,relative,0.33150876148016845
iemocap,20260920,0,0.25,pitch,dominance,relative,0.13178501867739892
iemocap,20260920,0,0.25,pitch,valence,hybrid,0.0009120034500721876
iemocap,20260920,0,0.25,pitch,arousal,hybrid,0.33248386371634064
iemocap,20260920,0,0.25,pitch,dominance,hybrid,0.13207758538813202
iemocap,20260920,0,0.25,loudness,valence,absolute,0.024916442755817954
iemocap,20260920,0,0.25,loudness,arousal,absolute,0.09500465532803103
iemocap,20260920,0,0.25,loudness,dominance,absolute,0.07308133686743577
iemocap,20260920,0,0.25,loudness,valence,relative,0.025525158233494476
iemocap,20260920,0,0.25,loudness,arousal,relative,0.09747157301907051
iemocap,20260920,0,0.25,loudness,dominance,relative,0.07559252909072248
iemocap,20260920,0,0.25,loudness,valence,hybrid,0.025699777054312103
iemocap,20260920,0,0.25,loudness,arousal,hybrid,0.09840726788963165
iemocap,20260920,0,0.25,loudness,dominance,hybrid,0.07611348837711061
iemocap,20260920,0,0.25,rate,valence,absolute,0.00042885281476594354
iemocap,20260920,0,0.25,rate,arousal,absolute,0.18772423509094857
iemocap,20260920,0,0.25,rate,dominance,absolute,0.21401662086276255
iemocap,20260920,0,0.25,rate,valence,relative,0.000994557068445995
iemocap,20260920,0,0.25,rate,arousal,relative,0.19174240340007406
iemocap,20260920,0,0.25,rate,dominance,relative,0.21808542274609277
iemocap,20260920,0,0.25,rate,valence,hybrid,0.0011382519059556545
iemocap,20260920,0,0.25,rate,arousal,hybrid,0.19022041987744215
iemocap,20260920,0,0.25,rate,dominance,hybrid,0.21674743197282212
iemocap,20260920,0,0.5,pitch,valence,absolute,0.001184280484932986
iemocap,20260920,0,0.5,pitch,arousal,absolute,0.18567215131513748
iemocap,20260920,0,0.5,pitch,dominance,absolute,0.07431946726625283
iemocap,20260920,0,0.5,pitch,valence,relative,0.0008637880101738196
iemocap,20260920,0,0.5,pitch,arousal,relative,0.33037223479169103
iemocap,20260920,0,0.5,pitch,dominance,relative,0.1321471873267712
iemocap,20260920,0,0.5,pitch,valence,hybrid,0.0009762023838727664
iemocap,20260920,0,0.5,pitch,arousal,hybrid,0.3315478906774055
iemocap,20260920,0,0.5,pitch,dominance,hybrid,0.1325119997398855
iemocap,20260920,0,0.5,loudness,valence,absolute,0.02616169357713378
iemocap,20260920,0,0.5,loudness,arousal,absolute,0.09989157247739586
iemocap,20260920,0,0.5,loudness,dominance,absolute,0.07647830617839137
iemocap,20260920,0,0.5,loudness,valence,relative,0.025395291885188055
iemocap,20260920,0,0.5,loudness,arousal,relative,0.0971808509943807
iemocap,20260920,0,0.5,loudness,dominance,relative,0.07559278246019872
iemocap,20260920,0,0.5,loudness,valence,hybrid,0.02602287557104591
iemocap,20260920,0,0.5,loudness,arousal,hybrid,0.1007020595429966
iemocap,20260920,0,0.5,loudness,dominance,hybrid,0.07753808246174936
iemocap,20260920,0,0.5,rate,valence,absolute,-0.00014202314028773975
iemocap,20260920,0,0.5,rate,arousal,absolute,0.18952279472448624
iemocap,20260920,0,0.5,rate,dominance,absolute,0.21667885854949118
iemocap,20260920,0,0.5,rate,valence,relative,0.0009429101782129475
iemocap,20260920,0,0.5,rate,arousal,relative,0.19136626704841184
iemocap,20260920,0,0.5,rate,dominance,relative,0.2180962938908028
iemocap,20260920,0,0.5,rate,valence,hybrid,0.0014082415664676746
iemocap,20260920,0,0.5,rate,arousal,hybrid,0.18561094959931604
iemocap,20260920,0,0.5,rate,dominance,hybrid,0.21315428946169657
iemocap,20260920,0,0.75,pitch,valence,absolute,0.0015454448275444167
iemocap,20260920,0,0.75,pitch,arousal,absolute,0.18722640270434493
iemocap,20260920,0,0.75,pitch,dominance,absolute,0.0751627757568914
iemocap,20260920,0,0.75,pitch,valence,relative,0.0008554840762315573
iemocap,20260920,0,0.75,pitch,arousal,relative,0.32881583672390297
iemocap,20260920,0,0.75,pitch,dominance,relative,0.13245555653959606
iemocap,20260920,0,0.75,pitch,valence,hybrid,0.0010703660373222797
iemocap,20260920,0,0.75,pitch,arousal,hybrid,0.3301507413009433
iemocap,20260920,0,0.75,pitch,dominance,hybrid,0.13290040620678994
iemocap,20260920,0,0.75,loudness,valence,absolute,0.02738192397495306
iemocap,20260920,0,0.75,loudness,arousal,absolute,0.10469232854374382
iemocap,20260920,0,0.75,loudness,dominance,absolute,0.07989866803674965
iemocap,20260920,0,0.75,loudness,valence,relative,0.025231116088434095
iemocap,20260920,0,0.75,loudness,arousal,relative,0.09674530257811673
iemocap,20260920,0,0.75,loudness,dominance,relative,0.07556210511253877
iemocap,20260920,0,0.75,loudness,valence,hybrid,0.026586822304608446
iemocap,20260920,0,0.75,loudness,arousal,hybrid,0.10444104129653595
iemocap,20260920,0,0.75,loudness,dominance,hybrid,0.07982088261537658
iemocap,20260920,0,0.75,rate,valence,absolute,-0.0007020457534935313
iemocap,20260920,0,0.75,rate,arousal,absolute,0.190934456515623
iemocap,20260920,0,0.75,rate,dominance,absolute,0.21915033381272994
iemocap,20260920,0,0.75,rate,valence,relative,0.0008904137058286295
iemocap,20260920,0,0.75,rate,arousal,relative,0.19071405255508603
iemocap,20260920,0,0.75,rate,dominance,relative,0.2180257051293675
iemocap,20260920,0,0.75,rate,valence,hybrid,0.0018531359747877205
iemocap,20260920,0,0.75,rate,arousal,hybrid,0.17813100269986398
iemocap,20260920,0,0.75,rate,dominance,hybrid,0.2073214229068014
iemocap,20260920,0,1.0,pitch,valence,absolute,0.0019135817217597827
iemocap,20260920,0,1.0,pitch,arousal,absolute,0.18853626111192442
iemocap,20260920,0,1.0,pitch,dominance,absolute,0.07597793545902606
iemocap,20260920,0,1.0,pitch,valence,relative,0.0008460763906706875
iemocap,20260920,0,1.0,pitch,arousal,relative,0.3268590767231756
iemocap,20260920,0,1.0,pitch,dominance,relative,0.13271106443277383
iemocap,20260920,0,1.0,pitch,valence,hybrid,0.001193988541899022
iemocap,20260920,0,1.0,pitch,arousal,hybrid,0.3283096052346699
iemocap,20260920,0,1.0,pitch,dominance,hybrid,0.1332428020650983
iemocap,20260920,0,1.0,loudness,valence,absolute,0.028573503581486075
iemocap,20260920,0,1.0,loudness,arousal,absolute,0.10938954152605802
iemocap,20260920,0,1.0,loudness,dominance,absolute,0.08333887694644786
iemocap,20260920,0,1.0,loudness,valence,relative,0.02503446017606212
iemocap,20260920,0,1.0,loudness,arousal,relative,0.09617083310232026
iemocap,20260920,0,1.0,loudness,dominance,relative,0.07550130895799913
iemocap,20260920,0,1.0,loudness,valence,hybrid,0.027386929118782363
iemocap,20260920,0,1.0,loudness,arousal,hybrid,0.10953423848590974
iemocap,20260920,0,1.0,loudness,dominance,hybrid,0.08293741127415767
iemocap,20260920,0,1.0,rate,valence,absolute,-0.0012490348087026246
iemocap,20260920,0,1.0,rate,arousal,absolute,0.19196227526271648
iemocap,20260920,0,1.0,rate,dominance,absolute,0.2214308309612773
iemocap,20260920,0,1.0,rate,valence,relative,0.0008372935896451373
iemocap,20260920,0,1.0,rate,arousal,relative,0.1897939067930183
iemocap,20260920,0,1.0,rate,dominance,relative,0.21787282463707747
iemocap,20260920,0,1.0,rate,valence,hybrid,0.0024692875648334826
iemocap,20260920,0,1.0,rate,arousal,hybrid,0.16789287144030085
iemocap,20260920,0,1.0,rate,dominance,hybrid,0.1993338111353881
iemocap,20260920,1,0.0,pitch,valence,absolute,-0.004814837806737781
iemocap,20260920,1,0.0,pitch,arousal,absolute,0.2118561595179464
iemocap,20260920,1,0.0,pitch,dominance,absolute,0.0839561690307622
iemocap,20260920,1,0.0,pitch,valence,relative,-0.01078279707572654
iemocap,20260920,1,0.0,pitch,arousal,relative,0.4146636591432052
iemocap,20260920,1,0.0,pitch,dominance,relative,0.1792589862783534
iemocap,20260920,1,0.0,pitch,valence,hybrid,-0.010817086221896838
iemocap,20260920,1,0.0,pitch,arousal,hybrid,0.41546055404128057
iemocap,20260920,1,0.0,pitch,dominance,hybrid,0.17974545165477882
iemocap,20260920,1,0.0,loudness,valence,absolute,0.01714768900630183
iemocap,20260920,1,0.0,loudness,arousal,absolute,0.09002807444229335
iemocap,20260920,1,0.0,loudness,dominance,absolute,0.07154447468464352
iemocap,20260920,1,0.0,loudness,valence,relative,0.019010974250139107
iemocap,20260920,1,0.0,loudness,arousal,relative,0.09959070215347689
iemocap,20260920,1,0.0,loudness,dominance,relative,0.07921422973902764
iemocap,20260920,1,0.0,loudness,valence,hybrid,0.019011012274008133
iemocap,20260920,1,0.0,loudness,arousal,hybrid,0.09959083293100017
iemocap,20260920,1,0.0,loudness,dominance,hybrid,0.07921440300144171
iemocap,20260920,1,0.0,rate,valence,absolute,0.011781804167625594
iemocap,20260920,1,0.0,rate,arousal,absolute,0.14638612751525282
iemocap,20260920,1,0.0,rate,dominance,absolute,0.17071181074032082
iemocap,20260920,1,0.0,rate,valence,relative,0.012034565906154102
iemocap,20260920,1,0.0,rate,arousal,relative,0.15001627183019234
iemocap,20260920,1,0.0,rate,dominance,relative,0.17510901883195856
iemocap,20260920,1,0.0,rate,valence,hybrid,0.01203897173907683
iemocap,20260920,1,0.0,rate,arousal,hybrid,0.15005911437408498
iemocap,20260920,1,0.0,rate,dominance,hybrid,0.17515484996250563
iemocap,20260920,1,0.25,pitch,valence,absolute,-0.005703591425000771
iemocap,20260920,1,0.25,pitch,arousal,absolute,0.21274352576441138
iemocap,20260920,1,0.25,pitch,dominance,absolute,0.08579593714862266
iemocap,20260920,1,0.25,pitch,valence,relative,-0.0106979951305573
iemocap,20260920,1,0.25,pitch,arousal,relative,0.4140827189770734
iemocap,20260920,1,0.25,pitch,dominance,relative,0.17791883895138988
iemocap,20260920,1,0.25,pitch,valence,hybrid,-0.010815097574702217
iemocap,20260920,1,0.25,pitch,arousal,hybrid,0.41507555197321666
iemocap,20260920,1,0.25,pitch,dominance,hybrid,0.17842464875884825
iemocap,20260920,1,0.25,loudness,valence,absolute,0.01748972660067695
iemocap,20260920,1,0.25,loudness,arousal,absolute,0.09422914485108448
iemocap,20260920,1,0.25,loudness,dominance,absolute,0.0765377198310219
iemocap,20260920,1,0.25,loudness,valence,relative,0.018955725191749987
iemocap,20260920,1,0.25,loudness,arousal,relative,0.09929240211242298
iemocap,20260920,1,0.25,loudness,dominance,relative,0.07825730028487796
iemocap,20260920,1,0.25,loudness,valence,hybrid,0.018965486035676205
iemocap,20260920,1,0.25,loudness,arousal,hybrid,0.09892060606900888
iemocap,20260920,1,0.25,loudness,dominance,hybrid,0.07908638690319288
iemocap,20260920,1,0.25,rate,valence,absolute,0.011453137908393946
iemocap,20260920,1,0.25,rate,arousal,absolute,0.14806962691715161
iemocap,20260920,1,0.25,rate,dominance,absolute,0.17008480197179252
iemocap,20260920,1,0.25,rate,valence,relative,0.01199391757532128
iemocap,20260920,1,0.25,rate,arousal,relative,0.14975395032369104
iemocap,20260920,1,0.25,rate,dominance,relative,0.17329288712278368
iemocap,20260920,1,0.25,rate,valence,hybrid,0.01205792277410738
iemocap,20260920,1,0.25,rate,arousal,hybrid,0.14987584688434583
iemocap,20260920,1,0.25,rate,dominance,hybrid,0.17330154857428354
iemocap,20260920,1,0.5,pitch,valence,absolute,-0.006570359481856569
iemocap,20260920,1,0.5,pitch,arousal,absolute,0.21266329350262186
iemocap,20260920,1,0.5,pitch,dominance,absolute,0.08531680371449257
iemocap,20260920,1,0.5,pitch,valence,relative,-0.010611967214512213
iemocap,20260920,1,0.5,pitch,arousal,relative,0.41186949932950007
iemocap,20260920,1,0.5,pitch,dominance,relative,0.17293409074693183
iemocap,20260920,1,0.5,pitch,valence,hybrid,-0.010776538967342998
iemocap,20260920,1,0.5,pitch,arousal,hybrid,0.4130689604851521
iemocap,20260920,1,0.5,pitch,dominance,hybrid,0.17277257477254454
iemocap,20260920,1,0.5,loudness,valence,absolute,0.017831080802737955
iemocap,20260920,1,0.5,loudness,arousal,absolute,0.09783738443279542
iemocap,20260920,1,0.5,loudness,dominance,absolute,0.079736926136927
iemocap,20260920,1,0.5,loudness,valence,relative,0.01889853426622257
iemocap,20260920,1,0.5,loudness,arousal,relative,0.09854168292603842
iemocap,20260920,1,0.5,loudness,dominance,relative,0.07565157693958795
iemocap,20260920,1,0.5,loudness,valence,hybrid,0.01894134057367707
iemocap,20260920,1,0.5,loudness,arousal,hybrid,0.0971116818307756
iemocap,20260920,1,0.5,loudness,dominance,hybrid,0.07891265757960271
iemocap,20260920,1,0.5,rate,valence,absolute,0.011123886785935873
iemocap,20260920,1,0.5,rate,arousal,absolute,0.14910594439179706
iemocap,20260920,1,0.5,rate,dominance,absolute,0.16592492425393304
iemocap,20260920,1,0.5,rate,valence,relative,0.01195199431585099
iemocap,20260920,1,0.5,rate,arousal,relative,0.14883098210295445
iemocap,20260920,1,0.5,rate,dominance,relative,0.16802362625655182
iemocap,20260920,1,0.5,rate,valence,hybrid,0.012108079531903519
iemocap,20260920,1,0.5,rate,arousal,hybrid,0.14963898779184986
iemocap,20260920,1,0.5,rate,dominance,hybrid,0.16816117426017124
iemocap,20260920,1,0.75,pitch,valence,absolute,-0.007414784095461699
iemocap,20260920,1,0.75,pitch,arousal,absolute,0.21161612779999253
iemocap,20260920,1,0.75,pitch,dominance,absolute,0.08272812089986951
iemocap,20260920,1,0.75,pitch,valence,relative,-0.010524741544903599
iemocap,20260920,1,0.75,pitch,arousal,relative,0.4080402788384351
iemocap,20260920,1,0.75,pitch,dominance,relative,0.16491259561036697
iemocap,20260920,1,0.75,pitch,valence,hybrid,-0.010701427259863894
iemocap,20260920,1,0.75,pitch,arousal,hybrid,0.4094568853858224
iemocap,20260920,1,0.75,pitch,dominance,hybrid,0.16350272281225073
iemocap,20260920,1,0.75,loudness,valence,absolute,0.018171592389462247
iemocap,20260920,1,0.75,loudness,arousal,absolute,0.10080801044552104
iemocap,20260920,1,0.75,loudness,dominance,absolute,0.08115798002751722
iemocap,20260920,1,0.75,loudness,valence,relative,0.01883928545400255
iemocap,20260920,1,0.75,loudness,arousal,relative,0.09734735139084706
iemocap,20260920,1,0.75,loudness,dominance,relative,0.07170768772217727
iemocap,20260920,1,0.75,loudness,valence,hybrid,0.018938585118137362
iemocap,20260920,1,0.75,loudness,arousal,hybrid,0.09426138150369898
iemocap,20260920,1,0.75,loudness,dominance,hybrid,0.07871433915085048
iemocap,20260920,1,0.75,rate,valence,absolute,0.010794272770594786
iemocap,20260920,1,0.75,rate,arousal,absolute,0.14948294607906465
iemocap,20260920,1,0.75,rate,dominance,absolute,0.15864323268815408
iemocap,20260920,1,0.75,rate,valence,relative,0.0119087973932616
iemocap,20260920,1,0.75,rate,arousal,relative,0.14725810358360086
iemocap,20260920,1,0.75,rate,dominance,relative,0.15990092761371333
iemocap,20260920,1,0.75,rate,valence,hybrid,0.012188617112047464
iemocap,20260920,1,0.75,rate,arousal,hybrid,0.1493426528105712
iemocap,20260920,1,0.75,rate,dominance,hybrid,0.16019094190284167
iemocap,20260920,1,1.0,pitch,valence,absolute,-0.008236587900172707
iemocap,20260920,1,1.0,pitch,arousal,absolute,0.209647658803762
iemocap,20260920,1,1.0,pitch,dominance,absolute,0.07846433561433906
iemocap,20260920,1,1.0,pitch,valence,relative,-0.010436385329074165
iemocap,20260920,1,1.0,pitch,arousal,relative,0.40271130945446776
iemocap,20260920,1,1.0,pitch,dominance,relative,0.15470963621595482
iemocap,20260920,1,1.0,pitch,valence,hybrid,-0.010589820921826941
iemocap,20260920,1,1.0,pitch,arousal,hybrid,0.4043471560210868
iemocap,20260920,1,1.0,pitch,dominance,hybrid,0.15163735539360637
iemocap,20260920,1,1.0,loudness,valence,absolute,0.018511121521678605
iemocap,20260920,1,1.0,loudness,arousal,absolute,0.10314786980136399
iemocap,20260920,1,1.0,loudness,dominance,absolute,0.08101842888077658
iemocap,20260920,1,1.0,loudness,valence,relative,0.01877810843625954
iemocap,20260920,1,1.0,loudness,arousal,relative,0.09575110467367133
iemocap,20260920,1,1.0,loudness,dominance,relative,0.06684343718114623
iemocap,20260920,1,1.0,loudness,valence,hybrid,0.018957195738195085
iemocap,20260920,1,1.0,loudness,arousal,hybrid,0.09055232078246526
iemocap,20260920,1,1.0,loudness,dominance,hybrid,0.07851199422456738
iemocap,20260920,1,1.0,rate,valence,absolute,0.01046435716315442
iemocap,20260920,1,1.0,rate,arousal,absolute,0.1492084355934977
iemocap,20260920,1,1.0,rate,dominance,absolute,0.14896728153119926
iemocap,20260920,1,1.0,rate,valence,relative,0.011864300523256485
iemocap,20260920,1,1.0,rate,arousal,relative,0.14509084988312812
iemocap,20260920,1,1.0,rate,dominance,relative,0.14975008187952507
iemocap,20260920,1,1.0,rate,valence,hybrid,0.01229830695320929
iemocap,20260920,1,1.0,rate,arousal,hybrid,0.1489940075886925
iemocap,20260920,1,1.0,rate,dominance,hybrid,0.1500323748522523
iemocap,20260920,2,0.0,pitch,valence,absolute,0.0004242019178907045
iemocap,20260920,2,0.0,pitch,arousal,absolute,0.18743096522551542
iemocap,20260920,2,0.0,pitch,dominance,absolute,0.07936438480853406
iemocap,20260920,2,0.0,pitch,valence,relative,0.0008199798938273903
iemocap,20260920,2,0.0,pitch,arousal,relative,0.34349985559564616
iemocap,20260920,2,0.0,pitch,dominance,relative,0.15050226250494897
iemocap,20260920,2,0.0,pitch,valence,hybrid,0.0008223444351548165
iemocap,20260920,2,0.0,pitch,arousal,hybrid,0.3440824648657153
iemocap,20260920,2,0.0,pitch,dominance,hybrid,0.1508727404027685
iemocap,20260920,2,0.0,loudness,valence,absolute,0.01825426303910007
iemocap,20260920,2,0.0,loudness,arousal,absolute,0.034975115691904445
iemocap,20260920,2,0.0,loudness,dominance,absolute,0.031910998262150325
iemocap,20260920,2,0.0,loudness,valence,relative,0.020081016136853737
iemocap,20260920,2,0.0,loudness,arousal,relative,0.03832982110253889
iemocap,20260920,2,0.0,loudness,dominance,relative,0.035014172464410596
iemocap,20260920,2,0.0,loudness,valence,hybrid,0.02008101233533053
iemocap,20260920,2,0.0,loudness,arousal,hybrid,0.03832979713780975
iemocap,20260920,2,0.0,loudness,dominance,hybrid,0.0350141758146509
iemocap,20260920,2,0.0,rate,valence,absolute,0.00942980679108832
iemocap,20260920,2,0.0,rate,arousal,absolute,0.12930914729098997
iemocap,20260920,2,0.0,rate,dominance,absolute,0.15255232104941396
iemocap,20260920,2,0.0,rate,valence,relative,0.00978195313328118
iemocap,20260920,2,0.0,rate,arousal,relative,0.133707818214785
iemocap,20260920,2,0.0,rate,dominance,relative,0.15764645592783041
iemocap,20260920,2,0.0,rate,valence,hybrid,0.009784851529815855
iemocap,20260920,2,0.0,rate,arousal,hybrid,0.13374367708350252
iemocap,20260920,2,0.0,rate,dominance,hybrid,0.15768800189484025
iemocap,20260920,2,0.25,pitch,valence,absolute,0.0009533711494676881
iemocap,20260920,2,0.25,pitch,arousal,absolute,0.21299776482300742
iemocap,20260920,2,0.25,pitch,dominance,absolute,0.08700453546833763
iemocap,20260920,2,0.25,pitch,valence,relative,0.0007781196916118078
iemocap,20260920,2,0.25,pitch,arousal,relative,0.34124375043443433
iemocap,20260920,2,0.25,pitch,dominance,relative,0.15014322529000107
iemocap,20260920,2,0.25,pitch,valence,hybrid,0.0006120643068757534
iemocap,20260920,2,0.25,pitch,arousal,hybrid,0.343193699357999
iemocap,20260920,2,0.25,pitch,dominance,hybrid,0.15080796293325807
iemocap,20260920,2,0.25,loudness,valence,absolute,0.01832212522104414
iemocap,20260920,2,0.25,loudness,arousal,absolute,0.03692398730420848
iemocap,20260920,2,0.25,loudness,dominance,absolute,0.032830717451359515
iemocap,20260920,2,0.25,loudness,valence,relative,0.020025003429992163
iemocap,20260920,2,0.25,loudness,arousal,relative,0.03825831632379445
iemocap,20260920,2,0.25,loudness,dominance,relative,0.03492490666322755
iemocap,20260920,2,0.25,loudness,valence,hybrid,0.02001638686875416
iemocap,20260920,2,0.25,loudness,arousal,hybrid,0.03853061027806855
iemocap,20260920,2,0.25,loudness,dominance,hybrid,0.03496158577190561
iemocap,20260920,2,0.25,rate,valence,absolute,0.009256462774303809
iemocap,20260920,2,0.25,rate,arousal,absolute,0.12941917845400747
iemocap,20260920,2,0.25,rate,dominance,absolute,0.15381113100059113
iemocap,20260920,2,0.25,rate,valence,relative,0.00978857840957271
iemocap,20260920,2,0.25,rate,arousal,relative,0.13201310203580485
iemocap,20260920,2,0.25,rate,dominance,relative,0.15633746319484984
iemocap,20260920,2,0.25,rate,valence,hybrid,0.009803229082602588
iemocap,20260920,2,0.25,rate,arousal,hybrid,0.13187838183203618
iemocap,20260920,2,0.25,rate,dominance,hybrid,0.1564045371322451
iemocap,20260920,2,0.5,pitch,valence,absolute,0.0012377786142386338
iemocap,20260920,2,0.5,pitch,arousal,absolute,0.23494215051737144
iemocap,20260920,2,0.5,pitch,dominance,absolute,0.09313034111375414
iemocap,20260920,2,0.5,pitch,valence,relative,0.000735759574509649
iemocap,20260920,2,0.5,pitch,arousal,relative,0.33613186719209576
iemocap,20260920,2,0.5,pitch,dominance,relative,0.14821325798275997
iemocap,20260920,2,0.5,pitch,valence,hybrid,-7.195795162658244e-05
iemocap,20260920,2,0.5,pitch,arousal,hybrid,0.33637837718001384
iemocap,20260920,2,0.5,pitch,dominance,hybrid,0.14803054685975942
iemocap,20260920,2,0.5,loudness,valence,absolute,0.018381368233783578
iemocap,20260920,2,0.5,loudness,arousal,absolute,0.0385518874957176
iemocap,20260920,2,0.5,loudness,dominance,absolute,0.03340148647741928
iemocap,20260920,2,0.5,loudness,valence,relative,0.0199610617953147
iemocap,20260920,2,0.5,loudness,arousal,relative,0.03782947141591037
iemocap,20260920,2,0.5,loudness,dominance,relative,0.03446826829986403
iemocap,20260920,2,0.5,loudness,valence,hybrid,0.019926892971098457
iemocap,20260920,2,0.5,loudness,arousal,hybrid,0.038909144253526894
iemocap,20260920,2,0.5,loudness,dominance,hybrid,0.034616785180079886
iemocap,20260920,2,0.5,rate,valence,absolute,0.009076552814969985
iemocap,20260920,2,0.5,rate,arousal,absolute,0.12827102723797976
iemocap,20260920,2,0.5,rate,dominance,absolute,0.15345802140587392
iemocap,20260920,2,0.5,rate,valence,relative,0.009790791878796152
iemocap,20260920,2,0.5,rate,arousal,relative,0.1291140989239717
iemocap,20260920,2,0.5,rate,dominance,relative,0.1534555245695511
iemocap,20260920,2,0.5,rate,valence,hybrid,0.009804768166040236
iemocap,20260920,2,0.5,rate,arousal,hybrid,0.12881932114365696
iemocap,20260920,2,0.5,rate,dominance,hybrid,0.15407785368554283
iemocap,20260920,2,0.75,pitch,valence,absolute,0.0012775993631419628
iemocap,20260920,2,0.75,pitch,arousal,absolute,0.25271273728973775
iemocap,20260920,2,0.75,pitch,dominance,absolute,0.09758665373235807
iemocap,20260920,2,0.75,pitch,valence,relative,0.000692930974110021
iemocap,20260920,2,0.75,pitch,arousal,relative,0.3284020717374703
iemocap,20260920,2,0.75,pitch,dominance,relative,0.14483873302592573
iemocap,20260920,2,0.75,pitch,valence,hybrid,-0.0012271427996958665
iemocap,20260920,2,0.75,pitch,arousal,hybrid,0.32403827949473046
iemocap,20260920,2,0.75,pitch,dominance,hybrid,0.1427522774400754
iemocap,20260920,2,0.75,loudness,valence,absolute,0.018431863089413948
iemocap,20260920,2,0.75,loudness,arousal,absolute,0.039823946208928554
iemocap,20260920,2,0.75,loudness,dominance,absolute,0.03361244903615502
iemocap,20260920,2,0.75,loudness,valence,relative,0.019889439450751577
iemocap,20260920,2,0.75,loudness,arousal,relative,0.037070730711742085
iemocap,20260920,2,0.75,loudness,dominance,relative,0.033673908945166205
iemocap,20260920,2,0.75,loudness,valence,hybrid,0.019812696988849698
iemocap,20260920,2,0.75,loudness,arousal,hybrid,0.03945062716706196
iemocap,20260920,2,0.75,loudness,dominance,hybrid,0.03400090949691052
iemocap,20260920,2,0.75,rate,valence,absolute,0.00889029503765332
iemocap,20260920,2,0.75,rate,arousal,absolute,0.12594725835488219
iemocap,20260920,2,0.75,rate,dominance,absolute,0.15155610354353355
iemocap,20260920,2,0.75,rate,valence,relative,0.009788680395814769
iemocap,20260920,2,0.75,rate,arousal,relative,0.12514173746913293
iemocap,20260920,2,0.75,rate,dominance,relative,0.14914903294917384
iemocap,20260920,2,0.75,rate,valence,hybrid,0.009789621530976
iemocap,20260920,2,0.75,rate,arousal,hybrid,0.12467913908176612
iemocap,20260920,2,0.75,rate,dominance,hybrid,0.15077298339082398
iemocap,20260920,2,1.0,pitch,valence,absolute,0.0010737183005800114
iemocap,20260920,2,1.0,pitch,arousal,absolute,0.26600360532930883
iemocap,20260920,2,1.0,pitch,dominance,absolute,0.10034306450411859
iemocap,20260920,2,1.0,pitch,valence,relative,0.0006496834078308638
iemocap,20260920,2,1.0,pitch,arousal,relative,0.31839510255829606
iemocap,20260920,2,1.0,pitch,dominance,relative,0.14023824727512504
iemocap,20260920,2,1.0,pitch,valence,hybrid,-0.0028491274765384427
iemocap,20260920,2,1.0,pitch,arousal,hybrid,0.3068252961355547
iemocap,20260920,2,1.0,pitch,dominance,hybrid,0.13534011428907633
iemocap,20260920,2,1.0,loudness,valence,absolute,0.018473603274188777
iemocap,20260920,2,1.0,loudness,arousal,absolute,0.04072756823261182
iemocap,20260920,2,1.0,loudness,dominance,absolute,0.03347682714822572
iemocap,20260920,2,1.0,loudness,valence,relative,0.019810089413402066
iemocap,20260920,2,1.0,loudness,arousal,relative,0.036023664749165955
iemocap,20260920,2,1.0,loudness,dominance,relative,0.03259364019386585
iemocap,20260920,2,1.0,loudness,valence,hybrid,0.019673863554905063
iemocap,20260920,2,1.0,loudness,arousal,hybrid,0.040133060979461024
iemocap,20260920,2,1.0,loudness,dominance,hybrid,0.033152548800873066
iemocap,20260920,2,1.0,rate,valence,absolute,0.008697952358580617
iemocap,20260920,2,1.0,rate,arousal,absolute,0.12258582895234642
iemocap,20260920,2,1.0,rate,dominance,absolute,0.14826695928208977
iemocap,20260920,2,1.0,rate,valence,relative,0.009782210371928574
iemocap,20260920,2,1.0,rate,arousal,relative,0.12027021763871838
iemocap,20260920,2,1.0,rate,dominance,relative,0.14365442574287143
iemocap,20260920,2,1.0,rate,valence,hybrid,0.009757827720491413
iemocap,20260920,2,1.0,rate,arousal,hybrid,0.11961024117274854
iemocap,20260920,2,1.0,rate,dominance,hybrid,0.14659919546732025
iemocap,20260920,3,0.0,pitch,valence,absolute,0.00011978626657893022
iemocap,20260920,3,0.0,pitch,arousal,absolute,0.23725508395979542
iemocap,20260920,3,0.0,pitch,dominance,absolute,0.09177252629361717
iemocap,20260920,3,0.0,pitch,valence,relative,0.00024909958628394844
iemocap,20260920,3,0.0,pitch,arousal,relative,0.42535036708424845
iemocap,20260920,3,0.0,pitch,dominance,relative,0.1807021751741759
iemocap,20260920,3,0.0,pitch,valence,hybrid,0.0002492617251898612
iemocap,20260920,3,0.0,pitch,arousal,hybrid,0.4260697093853854
iemocap,20260920,3,0.0,pitch,dominance,hybrid,0.1808958516983843
iemocap,20260920,3,0.0,loudness,valence,absolute,0.018767616182499346
iemocap,20260920,3,0.0,loudness,arousal,absolute,0.11142775826550133
iemocap,20260920,3,0.0,loudness,dominance,absolute,0.07912655799613252
iemocap,20260920,3,0.0,loudness,valence,relative,0.020438076836539126
iemocap,20260920,3,0.0,loudness,arousal,relative,0.1212790660332882
iemocap,20260920,3,0.0,loudness,dominance,relative,0.08613884228140468
iemocap,20260920,3,0.0,loudness,valence,hybrid,0.020438115093901952
iemocap,20260920,3,0.0,loudness,arousal,hybrid,0.12127909279047369
iemocap,20260920,3,0.0,loudness,dominance,hybrid,0.08613888481841021
iemocap,20260920,3,0.0,rate,valence,absolute,0.014669648740868874
iemocap,20260920,3,0.0,rate,arousal,absolute,0.1250353671106902
iemocap,20260920,3,0.0,rate,dominance,absolute,0.19629912087238532
iemocap,20260920,3,0.0,rate,valence,relative,0.015267997208825346
iemocap,20260920,3,0.0,rate,arousal,relative,0.12927073926752058
iemocap,20260920,3,0.0,rate,dominance,relative,0.2029857144900047
iemocap,20260920,3,0.0,rate,valence,hybrid,0.015271944536633369
iemocap,20260920,3,0.0,rate,arousal,hybrid,0.1293026118515191
iemocap,20260920,3,0.0,rate,dominance,hybrid,0.20303639143174354
iemocap,20260920,3,0.25,pitch,valence,absolute,0.0008995160387467689
iemocap,20260920,3,0.25,pitch,arousal,absolute,0.22428350751052453
iemocap,20260920,3,0.25,pitch,dominance,absolute,0.08379888062927643
iemocap,20260920,3,0.25,pitch,valence,relative,0.00020164489323392515
iemocap,20260920,3,0.25,pitch,arousal,relative,0.4253540250326058
iemocap,20260920,3,0.25,pitch,dominance,relative,0.18322349585621828
iemocap,20260920,3,0.25,pitch,valence,hybrid,0.00037382205861525534
iemocap,20260920,3,0.25,pitch,arousal,hybrid,0.4251764067430277
iemocap,20260920,3,0.25,pitch,dominance,hybrid,0.18194067895419005
iemocap,20260920,3,0.25,loudness,valence,absolute,0.018679320352457555
iemocap,20260920,3,0.25,loudness,arousal,absolute,0.11708685791107515
iemocap,20260920,3,0.25,loudness,dominance,absolute,0.08464622499013671
iemocap,20260920,3,0.25,loudness,valence,relative,0.0203349326345701
iemocap,20260920,3,0.25,loudness,arousal,relative,0.12122417217725201
iemocap,20260920,3,0.25,loudness,dominance,relative,0.08640062816175507
iemocap,20260920,3,0.25,loudness,valence,hybrid,0.020191620152410036
iemocap,20260920,3,0.25,loudness,arousal,hybrid,0.12178556172470485
iemocap,20260920,3,0.25,loudness,dominance,hybrid,0.08715038372322129
iemocap,20260920,3,0.25,rate,valence,absolute,0.014362252807635178
iemocap,20260920,3,0.25,rate,arousal,absolute,0.12607755259164563
iemocap,20260920,3,0.25,rate,dominance,absolute,0.1991261267231897
iemocap,20260920,3,0.25,rate,valence,relative,0.015219353973496908
iemocap,20260920,3,0.25,rate,arousal,relative,0.12926333018396804
iemocap,20260920,3,0.25,rate,dominance,relative,0.2032325925847639
iemocap,20260920,3,0.25,rate,valence,hybrid,0.015229969685613787
iemocap,20260920,3,0.25,rate,arousal,hybrid,0.12897830713488462
iemocap,20260920,3,0.25,rate,dominance,hybrid,0.20238389885628097
iemocap,20260920,3,0.5,pitch,valence,absolute,0.0018061550937705445
iemocap,20260920,3,0.5,pitch,arousal,absolute,0.20899951939783115
iemocap,20260920,3,0.5,pitch,dominance,absolute,0.07440858693824112
iemocap,20260920,3,0.5,pitch,valence,relative,0.0001551217054099352
iemocap,20260920,3,0.5,pitch,arousal,relative,0.4225319017457387
iemocap,20260920,3,0.5,pitch,dominance,relative,0.18507710445951006
iemocap,20260920,3,0.5,pitch,valence,hybrid,0.0007674965641011029
iemocap,20260920,3,0.5,pitch,arousal,hybrid,0.41995989248536975
iemocap,20260920,3,0.5,pitch,dominance,hybrid,0.17997014030712624
iemocap,20260920,3,0.5,loudness,valence,absolute,0.018564725330498646
iemocap,20260920,3,0.5,loudness,arousal,absolute,0.12179052234037975
iemocap,20260920,3,0.5,loudness,dominance,absolute,0.08992629085973441
iemocap,20260920,3,0.5,loudness,valence,relative,0.020228239023731154
iemocap,20260920,3,0.5,loudness,arousal,relative,0.1201461675869366
iemocap,20260920,3,0.5,loudness,dominance,relative,0.08632856803501583
iemocap,20260920,3,0.5,loudness,valence,hybrid,0.019654352464232912
iemocap,20260920,3,0.5,loudness,arousal,hybrid,0.12233648689668004
iemocap,20260920,3,0.5,loudness,dominance,hybrid,0.08928830557516497
iemocap,20260920,3,0.5,rate,valence,absolute,0.014051748522728991
iemocap,20260920,3,0.5,rate,arousal,absolute,0.12611076947437413
iemocap,20260920,3,0.5,rate,dominance,absolute,0.20117672051321348
iemocap,20260920,3,0.5,rate,valence,relative,0.015168006091946467
iemocap,20260920,3,0.5,rate,arousal,relative,0.12824036408666542
iemocap,20260920,3,0.5,rate,dominance,relative,0.2027617064907849
iemocap,20260920,3,0.5,rate,valence,hybrid,0.015151731617444007
iemocap,20260920,3,0.5,rate,arousal,hybrid,0.1272394655302991
iemocap,20260920,3,0.5,rate,dominance,hybrid,0.19979615869918885
iemocap,20260920,3,0.75,pitch,valence,absolute,0.0028387795711045907
iemocap,20260920,3,0.75,pitch,arousal,absolute,0.19186524006215255
iemocap,20260920,3,0.75,pitch,dominance,absolute,0.06375351513380653
iemocap,20260920,3,0.75,pitch,valence,relative,0.00010959191798771171
iemocap,20260920,3,0.75,pitch,arousal,relative,0.4170695274141288
iemocap,20260920,3,0.75,pitch,dominance,relative,0.18625239812518968
iemocap,20260920,3,0.75,pitch,valence,hybrid,0.0014293893067331043
iemocap,20260920,3,0.75,pitch,arousal,hybrid,0.41070335893466897
iemocap,20260920,3,0.75,pitch,dominance,hybrid,0.1750583444733087
iemocap,20260920,3,0.75,loudness,valence,absolute,0.01842412865330751
iemocap,20260920,3,0.75,loudness,arousal,absolute,0.12545208036740818
iemocap,20260920,3,0.75,loudness,dominance,absolute,0.09491132463609402
iemocap,20260920,3,0.75,loudness,valence,relative,0.02011812641477447
iemocap,20260920,3,0.75,loudness,arousal,relative,0.11811597406163193
iemocap,20260920,3,0.75,loudness,dominance,relative,0.08592940998880132
iemocap,20260920,3,0.75,loudness,valence,hybrid,0.018828140466956893
iemocap,20260920,3,0.75,loudness,arousal,hybrid,0.1229205577737347
iemocap,20260920,3,0.75,loudness,dominance,hybrid,0.09250775136842689
iemocap,20260920,3,0.75,rate,valence,absolute,0.013738360140118025
iemocap,20260920,3,0.75,rate,arousal,absolute,0.12516713179691266
iemocap,20260920,3,0.75,rate,dominance,absolute,0.20245318634234621
iemocap,20260920,3,0.75,rate,valence,relative,0.015113978148659307
iemocap,20260920,3,0.75,rate,arousal,relative,0.1262591245165825
iemocap,20260920,3,0.75,rate,dominance,relative,0.20159025483800208
iemocap,20260920,3,0.75,rate,valence,hybrid,0.015037283458487673
iemocap,20260920,3,0.75,rate,arousal,hybrid,0.12414649873864822
iemocap,20260920,3,0.75,rate,dominance,hybrid,0.19533752344132696
iemocap,20260920,3,1.0,pitch,valence,absolute,0.003996317960465123
iemocap,20260920,3,1.0,pitch,arousal,absolute,0.17336888344132126
iemocap,20260920,3,1.0,pitch,dominance,absolute,0.05200750704257391
iemocap,20260920,3,1.0,pitch,valence,relative,6.505942786846444e-05
iemocap,20260920,3,1.0,pitch,arousal,relative,0.40918604763615035
iemocap,20260920,3,1.0,pitch,dominance,relative,0.1867549416843862
iemocap,20260920,3,1.0,pitch,valence,hybrid,0.0023579719845674375
iemocap,20260920,3,1.0,pitch,arousal,hybrid,0.3977740176430832
iemocap,20260920,3,1.0,pitch,dominance,hybrid,0.1673452799580671
iemocap,20260920,3,1.0,loudness,valence,absolute,0.018257465599649345
iemocap,20260920,3,1.0,loudness,arousal,absolute,0.12802655743497227
iemocap,20260920,3,1.0,loudness,dominance,absolute,0.09955359854436631
iemocap,20260920,3,1.0,loudness,valence,relative,0.020004721907903523
iemocap,20260920,3,1.0,loudness,arousal,relative,0.11522978684842365
iemocap,20260920,3,1.0,loudness,dominance,relative,0.08521639209300996
iemocap,20260920,3,1.0,loudness,valence,hybrid,0.01771566412081951
iemocap,20260920,3,1.0,loudness,arousal,hybrid,0.12351056509491506
iemocap,20260920,3,1.0,loudness,dominance,hybrid,0.09674052484455431
iemocap,20260920,3,1.0,rate,valence,absolute,0.013422149489088991
iemocap,20260920,3,1.0,rate,arousal,absolute,0.12331026772274359
iemocap,20260920,3,1.0,rate,dominance,absolute,0.20297133794418135
iemocap,20260920,3,1.0,rate,valence,relative,0.015057199511932087
iemocap,20260920,3,1.0,rate,arousal,relative,0.12340241195187772
iemocap,20260920,3,1.0,rate,dominance,relative,0.19974722811869736
iemocap,20260920,3,1.0,rate,valence,hybrid,0.01488668054765619
iemocap,20260920,3,1.0,rate,arousal,hybrid,0.11979074917181139
iemocap,20260920,3,1.0,rate,dominance,hybrid,0.1891143978736747
iemocap,20260920,4,0.0,pitch,valence,absolute,-1.55467594717198e-05
iemocap,20260920,4,0.0,pitch,arousal,absolute,0.21901089294614062
iemocap,20260920,4,0.0,pitch,dominance,absolute,0.053117756057699785
iemocap,20260920,4,0.0,pitch,valence,relative,-2.926543858683514e-05
iemocap,20260920,4,0.0,pitch,arousal,relative,0.3947073526294768
iemocap,20260920,4,0.0,pitch,dominance,relative,0.09845823047029961
iemocap,20260920,4,0.0,pitch,valence,hybrid,-2.9370256301355788e-05
iemocap,20260920,4,0.0,pitch,arousal,hybrid,0.3948703193881716
iemocap,20260920,4,0.0,pitch,dominance,hybrid,0.09870783912772657
iemocap,20260920,4,0.0,loudness,valence,absolute,0.0209257108246212
iemocap,20260920,4,0.0,loudness,arousal,absolute,0.025329917199738143
iemocap,20260920,4,0.0,loudness,dominance,absolute,0.02593110239937664
iemocap,20260920,4,0.0,loudness,valence,relative,0.023150380403388564
iemocap,20260920,4,0.0,loudness,arousal,relative,0.02783151823425675
iemocap,20260920,4,0.0,loudness,dominance,relative,0.028595098765355823
iemocap,20260920,4,0.0,loudness,valence,hybrid,0.023150497319652144
iemocap,20260920,4,0.0,loudness,arousal,hybrid,0.027831561826110532
iemocap,20260920,4,0.0,loudness,dominance,hybrid,0.02859522194945239
iemocap,20260920,4,0.0,rate,valence,absolute,0.007000050207561098
iemocap,20260920,4,0.0,rate,arousal,absolute,0.13795819575054585
iemocap,20260920,4,0.0,rate,dominance,absolute,0.12948777234775014
iemocap,20260920,4,0.0,rate,valence,relative,0.007192994372224255
iemocap,20260920,4,0.0,rate,arousal,relative,0.14208987119278613
iemocap,20260920,4,0.0,rate,dominance,relative,0.1333451430080431
iemocap,20260920,4,0.0,rate,valence,hybrid,0.007194020577010523
iemocap,20260920,4,0.0,rate,arousal,hybrid,0.14211836639930575
iemocap,20260920,4,0.0,rate,dominance,hybrid,0.13337177569744518
iemocap,20260920,4,0.25,pitch,valence,absolute,9.073907376174603e-05
iemocap,20260920,4,0.25,pitch,arousal,absolute,0.21837764313242372
iemocap,20260920,4,0.25,pitch,dominance,absolute,0.055474610289255155
iemocap,20260920,4,0.25,pitch,valence,relative,-3.10189356476212e-05
iemocap,20260920,4,0.25,pitch,arousal,relative,0.3926068533969519
iemocap,20260920,4,0.25,pitch,dominance,relative,0.09863261417057846
iemocap,20260920,4,0.25,pitch,valence,hybrid,5.242446839115256e-06
iemocap,20260920,4,0.25,pitch,arousal,hybrid,0.3902949066865188
iemocap,20260920,4,0.25,pitch,dominance,hybrid,0.09890157300405798
iemocap,20260920,4,0.25,loudness,valence,absolute,0.021655601814633826
iemocap,20260920,4,0.25,loudness,arousal,absolute,0.031020939178612764
iemocap,20260920,4,0.25,loudness,dominance,absolute,0.028048200552469146
iemocap,20260920,4,0.25,loudness,valence,relative,0.023108145415387252
iemocap,20260920,4,0.25,loudness,arousal,relative,0.027856665725068938
iemocap,20260920,4,0.25,loudness,dominance,relative,0.028614821591127413
iemocap,20260920,4,0.25,loudness,valence,hybrid,0.02313551794968615
iemocap,20260920,4,0.25,loudness,arousal,hybrid,0.029184105819108852
iemocap,20260920,4,0.25,loudness,dominance,hybrid,0.029024498286332363
iemocap,20260920,4,0.25,rate,valence,absolute,0.006944506495650512
iemocap,20260920,4,0.25,rate,arousal,absolute,0.13886798213064838
iemocap,20260920,4,0.25,rate,dominance,absolute,0.1313849064029018
iemocap,20260920,4,0.25,rate,valence,relative,0.0071499952398240765
iemocap,20260920,4,0.25,rate,arousal,relative,0.14091301914597226
iemocap,20260920,4,0.25,rate,dominance,relative,0.13308525668466814
iemocap,20260920,4,0.25,rate,valence,hybrid,0.007151561753147842
iemocap,20260920,4,0.25,rate,arousal,hybrid,0.14105686922630026
iemocap,20260920,4,0.25,rate,dominance,hybrid,0.13308090647722687
iemocap,20260920,4,0.5,pitch,valence,absolute,0.00022096124445555607
iemocap,20260920,4,0.5,pitch,arousal,absolute,0.21539223677841143
iemocap,20260920,4,0.5,pitch,dominance,absolute,0.05750666332310628
iemocap,20260920,4,0.5,pitch,valence,relative,-3.264333826244625e-05
iemocap,20260920,4,0.5,pitch,arousal,relative,0.3865380772461977
iemocap,20260920,4,0.5,pitch,dominance,relative,0.09843335612046292
iemocap,20260920,4,0.5,pitch,valence,hybrid,9.068070753909355e-05
iemocap,20260920,4,0.5,pitch,arousal,hybrid,0.38022728368373127
iemocap,20260920,4,0.5,pitch,dominance,hybrid,0.09859843278340827
iemocap,20260920,4,0.5,loudness,valence,absolute,0.02234669706866287
iemocap,20260920,4,0.5,loudness,arousal,absolute,0.03635544947142794
iemocap,20260920,4,0.5,loudness,dominance,absolute,0.030102939907339324
iemocap,20260920,4,0.5,loudness,valence,relative,0.023025155584449963
iemocap,20260920,4,0.5,loudness,arousal,relative,0.02753173304752439
iemocap,20260920,4,0.5,loudness,dominance,relative,0.028520529773274458
iemocap,20260920,4,0.5,loudness,valence,hybrid,0.023123318442375956
iemocap,20260920,4,0.5,loudness,arousal,hybrid,0.03265278830403275
iemocap,20260920,4,0.5,loudness,dominance,hybrid,0.030118248539753444
iemocap,20260920,4,0.5,rate,valence,absolute,0.0068767800010470885
iemocap,20260920,4,0.5,rate,arousal,absolute,0.13804218725247502
iemocap,20260920,4,0.5,rate,dominance,absolute,0.132791568656267
iemocap,20260920,4,0.5,rate,valence,relative,0.0070943720212353345
iemocap,20260920,4,0.5,rate,arousal,relative,0.13801567709279083
iemocap,20260920,4,0.5,rate,dominance,relative,0.1323150357078177
iemocap,20260920,4,0.5,rate,valence,hybrid,0.007095507210308265
iemocap,20260920,4,0.5,rate,arousal,hybrid,0.13886648868947454
iemocap,20260920,4,0.5,rate,dominance,hybrid,0.13265654806438706
iemocap,20260920,4,0.75,pitch,valence,absolute,0.0003743783256433222
iemocap,20260920,4,0.75,pitch,arousal,absolute,0.21064677779675972
iemocap,20260920,4,0.75,pitch,dominance,absolute,0.059209530732659756
iemocap,20260920,4,0.75,pitch,valence,relative,-3.413520743358687e-05
iemocap,20260920,4,0.75,pitch,arousal,relative,0.37686772587010436
iemocap,20260920,4,0.75,pitch,dominance,relative,0.09786829683527176
iemocap,20260920,4,0.75,pitch,valence,hybrid,0.00022627324472243173
iemocap,20260920,4,0.75,pitch,arousal,hybrid,0.3656580200992426
iemocap,20260920,4,0.75,pitch,dominance,hybrid,0.09782353353802145
iemocap,20260920,4,0.75,loudness,valence,absolute,0.02299578954344737
iemocap,20260920,4,0.75,loudness,arousal,absolute,0.04116582319316056
iemocap,20260920,4,0.75,loudness,dominance,absolute,0.032071226190146
iemocap,20260920,4,0.75,loudness,valence,relative,0.0229025961558213
iemocap,20260920,4,0.75,loudness,arousal,relative,0.026887990870886284
iemocap,20260920,4,0.75,loudness,dominance,relative,0.028314758042939345
iemocap,20260920,4,0.75,loudness,valence,hybrid,0.023114433130831443
iemocap,20260920,4,0.75,loudness,arousal,hybrid,0.037954051552116674
iemocap,20260920,4,0.75,loudness,dominance,hybrid,0.03184230110368051
iemocap,20260920,4,0.75,rate,valence,absolute,0.006797613519314261
iemocap,20260920,4,0.75,rate,arousal,absolute,0.13556037058968254
iemocap,20260920,4,0.75,rate,dominance,absolute,0.13369140867870768
iemocap,20260920,4,0.75,rate,valence,relative,0.007026730204999903
iemocap,20260920,4,0.75,rate,arousal,relative,0.13359424000625522
iemocap,20260920,4,0.75,rate,dominance,relative,0.13104873727783323
iemocap,20260920,4,0.75,rate,valence,hybrid,0.007026424044868123
iemocap,20260920,4,0.75,rate,arousal,hybrid,0.1356335950762853
iemocap,20260920,4,0.75,rate,dominance,hybrid,0.13209965201788318
iemocap,20260920,4,1.0,pitch,valence,absolute,0.000550062625652533
iemocap,20260920,4,1.0,pitch,arousal,absolute,0.20465193321461958
iemocap,20260920,4,1.0,pitch,dominance,absolute,0.0605926919835053
iemocap,20260920,4,1.0,pitch,valence,relative,-3.549531971912054e-05
iemocap,20260920,4,1.0,pitch,arousal,relative,0.3641283495171198
iemocap,20260920,4,1.0,pitch,dominance,relative,0.09695496858091716
iemocap,20260920,4,1.0,pitch,valence,hybrid,0.0004109572741743623
iemocap,20260920,4,1.0,pitch,arousal,hybrid,0.3478071313879302
iemocap,20260920,4,1.0,pitch,dominance,hybrid,0.09662279831628913
iemocap,20260920,4,1.0,loudness,valence,absolute,0.02359971417966907
iemocap,20260920,4,1.0,loudness,arousal,absolute,0.045338705602150475
iemocap,20260920,4,1.0,loudness,dominance,absolute,0.033933444312828714
iemocap,20260920,4,1.0,loudness,valence,relative,0.0227410505741588
iemocap,20260920,4,1.0,loudness,arousal,relative,0.025974990628844778
iemocap,20260920,4,1.0,loudness,dominance,relative,0.02800315129973863
iemocap,20260920,4,1.0,loudness,valence,hybrid,0.02310832738629213
iemocap,20260920,4,1.0,loudness,arousal,hybrid,0.04468212202163735
iemocap,20260920,4,1.0,loudness,dominance,hybrid,0.03414447469805958
iemocap,20260920,4,1.0,rate,valence,absolute,0.006707332352507239
iemocap,20260920,4,1.0,rate,arousal,absolute,0.13161295288561853
iemocap,20260920,4,1.0,rate,dominance,absolute,0.13408209376804864
iemocap,20260920,4,1.0,rate,valence,relative,0.006947421848500963
iemocap,20260920,4,1.0,rate,arousal,relative,0.12792719815841702
iemocap,20260920,4,1.0,rate,dominance,relative,0.12931504418234369
iemocap,20260920,4,1.0,rate,valence,hybrid,0.00694471213354362
iemocap,20260920,4,1.0,rate,arousal,hybrid,0.13148067066479158
iemocap,20260920,4,1.0,rate,dominance,hybrid,0.13141172465808013
iemocap,20260921,0,0.0,pitch,valence,absolute,0.00015538644718464829
iemocap,20260921,0,0.0,pitch,arousal,absolute,0.17994295894147241
iemocap,20260921,0,0.0,pitch,dominance,absolute,0.07611277570079787
iemocap,20260921,0,0.0,pitch,valence,relative,0.0002904764941508645
iemocap,20260921,0,0.0,pitch,arousal,relative,0.3304910183936826
iemocap,20260921,0,0.0,pitch,dominance,relative,0.14133351671013736
iemocap,20260921,0,0.0,pitch,valence,hybrid,0.00029099943672801124
iemocap,20260921,0,0.0,pitch,arousal,hybrid,0.33118672676476407
iemocap,20260921,0,0.0,pitch,dominance,hybrid,0.14160249972103314
iemocap,20260921,0,0.0,loudness,valence,absolute,0.02364894129566554
iemocap,20260921,0,0.0,loudness,arousal,absolute,0.1037124631166071
iemocap,20260921,0,0.0,loudness,dominance,absolute,0.07478561230899865
iemocap,20260921,0,0.0,loudness,valence,relative,0.025771986215143435
iemocap,20260921,0,0.0,loudness,arousal,relative,0.11299289738095224
iemocap,20260921,0,0.0,loudness,dominance,relative,0.08148108504524153
iemocap,20260921,0,0.0,loudness,valence,hybrid,0.025772104813012044
iemocap,20260921,0,0.0,loudness,arousal,hybrid,0.11299312784315202
iemocap,20260921,0,0.0,loudness,dominance,hybrid,0.08148133910842188
iemocap,20260921,0,0.0,rate,valence,absolute,0.013825636671080298
iemocap,20260921,0,0.0,rate,arousal,absolute,0.1840795731064138
iemocap,20260921,0,0.0,rate,dominance,absolute,0.2248319261147564
iemocap,20260921,0,0.0,rate,valence,relative,0.01440717291695974
iemocap,20260921,0,0.0,rate,arousal,relative,0.19075830094674798
iemocap,20260921,0,0.0,rate,dominance,relative,0.23274291684791354
iemocap,20260921,0,0.0,rate,valence,hybrid,0.014411254552928325
iemocap,20260921,0,0.0,rate,arousal,hybrid,0.19080853139997317
iemocap,20260921,0,0.0,rate,dominance,hybrid,0.23280294054611572
iemocap,20260921,0,0.25,pitch,valence,absolute,0.0003458790783774974
iemocap,20260921,0,0.25,pitch,arousal,absolute,0.18274495033821087
iemocap,20260921,0,0.25,pitch,dominance,absolute,0.07877949374423925
iemocap,20260921,0,0.25,pitch,valence,relative,0.00030785279105346883
iemocap,20260921,0,0.25,pitch,arousal,relative,0.32839423662076456
iemocap,20260921,0,0.25,pitch,dominance,relative,0.14132146520311417
iemocap,20260921,0,0.25,pitch,valence,hybrid,0.00033156516939031083
iemocap,20260921,0,0.25,pitch,arousal,hybrid,0.3291643549858515
iemocap,20260921,0,0.25,pitch,dominance,hybrid,0.14178337973571567
iemocap,20260921,0,0.25,loudness,valence,absolute,0.024710411667148203
iemocap,20260921,0,0.25,loudness,arousal,absolute,0.10943130604585995
iemocap,20260921,0,0.25,loudness,dominance,absolute,0.07865059948343722
iemocap,20260921,0,0.25,loudness,valence,relative,0.02566272524277657
iemocap,20260921,0,0.25,loudness,arousal,relative,0.11207182961338905
iemocap,20260921,0,0.25,loudness,dominance,relative,0.08121821466929822
iemocap,20260921,0,0.25,loudness,valence,hybrid,0.025825255818563896
iemocap,20260921,0,0.25,loudness,arousal,hybrid,0.11264035229707961
iemocap,20260921,0,0.25,loudness,dominance,hybrid,0.08175567753683265
iemocap,20260921,0,0.25,rate,valence,absolute,0.01368140932207408
iemocap,20260921,0,0.25,rate,arousal,absolute,0.18625684796899825
iemocap,20260921,0,0.25,rate,dominance,absolute,0.22869177667980803
iemocap,20260921,0,0.25,rate,valence,relative,0.01441380033429714
iemocap,20260921,0,0.25,rate,arousal,relative,0.1906455829908331
iemocap,20260921,0,0.25,rate,dominance,relative,0.23296720758117895
iemocap,20260921,0,0.25,rate,valence,hybrid,0.014442874613469771
iemocap,20260921,0,0.25,rate,arousal,hybrid,0.19000689855527395
iemocap,20260921,0,0.25,rate,dominance,hybrid,0.2323584552897248
iemocap,20260921,0,0.5,pitch,valence,absolute,0.0005429745634273378
iemocap,20260921,0,0.5,pitch,arousal,absolute,0.18424016496912646
iemocap,20260921,0,0.5,pitch,dominance,absolute,0.08121608677705042
iemocap,20260921,0,0.5,pitch,valence,relative,0.000324425940315818
iemocap,20260921,0,0.5,pitch,arousal,relative,0.3241440809500025
iemocap,20260921,0,0.5,pitch,dominance,relative,0.1409300819219245
iemocap,20260921,0,0.5,pitch,valence,hybrid,0.00038871303725505896
iemocap,20260921,0,0.5,pitch,arousal,hybrid,0.3248707554359925
iemocap,20260921,0,0.5,pitch,dominance,hybrid,0.14161575676204047
iemocap,20260921,0,0.5,loudness,valence,absolute,0.02573991812935847
iemocap,20260921,0,0.5,loudness,arousal,absolute,0.11434200536024276
iemocap,20260921,0,0.5,loudness,dominance,absolute,0.08237686403715817
iemocap,20260921,0,0.5,loudness,valence,relative,0.025504465760834833
iemocap,20260921,0,0.5,loudness,arousal,relative,0.11029766583739693
iemocap,20260921,0,0.5,loudness,dominance,relative,0.08073048581812993
iemocap,20260921,0,0.5,loudness,valence,hybrid,0.026167697939063744
iemocap,20260921,0,0.5,loudness,arousal,hybrid,0.11263889936800965
iemocap,20260921,0,0.5,loudness,dominance,hybrid,0.08292694966647454
iemocap,20260921,0,0.5,rate,valence,absolute,0.013511724509553177
iemocap,20260921,0,0.5,rate,arousal,absolute,0.18703504389078493
iemocap,20260921,0,0.5,rate,dominance,absolute,0.23190974856930088
iemocap,20260921,0,0.5,rate,valence,relative,0.014392411946836213
iemocap,20260921,0,0.5,rate,arousal,relative,0.1891503243481826
iemocap,20260921,0,0.5,rate,dominance,relative,0.23259914134699508
iemocap,20260921,0,0.5,rate,valence,hybrid,0.014468233196729161
iemocap,20260921,0,0.5,rate,arousal,hybrid,0.18693282674802097
iemocap,20260921,0,0.5,rate,dominance,hybrid,0.23072948084235126
iemocap,20260921,0,0.75,pitch,valence,absolute,0.0007455547812074194
iemocap,20260921,0,0.75,pitch,arousal,absolute,0.1845501211515207
iemocap,20260921,0,0.75,pitch,dominance,absolute,0.0834004303112402
iemocap,20260921,0,0.75,pitch,valence,relative,0.0003400443612344072
iemocap,20260921,0,0.75,pitch,arousal,relative,0.317887153131641
iemocap,20260921,0,0.75,pitch,dominance,relative,0.14016748550270083
iemocap,20260921,0,0.75,pitch,valence,hybrid,0.0004620517286186407
iemocap,20260921,0,0.75,pitch,arousal,hybrid,0.3185047355273956
iemocap,20260921,0,0.75,pitch,dominance,hybrid,0.14110588690807765
iemocap,20260921,0,0.75,loudness,valence,absolute,0.026731141327470266
iemocap,20260921,0,0.75,loudness,arousal,absolute,0.11835827683075567
iemocap,20260921,0,0.75,loudness,dominance,absolute,0.08593729997075905
iemocap,20260921,0,0.75,loudness,valence,relative,0.025297877396339204
iemocap,20260921,0,0.75,loudness,arousal,relative,0.10774404184090723
iemocap,20260921,0,0.75,loudness,dominance,relative,0.08002459443259911
iemocap,20260921,0,0.75,loudness,valence,hybrid,0.026791576923919688
iemocap,20260921,0,0.75,loudness,arousal,hybrid,0.11298119561529087
iemocap,20260921,0,0.75,loudness,dominance,hybrid,0.084976902702127
iemocap,20260921,0,0.75,rate,valence,absolute,0.013317464246411777
iemocap,20260921,0,0.75,rate,arousal,absolute,0.18645116900651273
iemocap,20260921,0,0.75,rate,dominance,absolute,0.23447771979169854
iemocap,20260921,0,0.75,rate,valence,relative,0.014343094254400033
iemocap,20260921,0,0.75,rate,arousal,relative,0.18635332044439398
iemocap,20260921,0,0.75,rate,dominance,relative,0.23164693586817717
iemocap,20260921,0,0.75,rate,valence,hybrid,0.014486980250770868
iemocap,20260921,0,0.75,rate,arousal,hybrid,0.18170352796531308
iemocap,20260921,0,0.75,rate,dominance,hybrid,0.22793468932101377
iemocap,20260921,0,1.0,pitch,valence,absolute,0.0009524932901768647
iemocap,20260921,0,1.0,pitch,arousal,absolute,0.18371633466313853
iemocap,20260921,0,1.0,pitch,dominance,absolute,0.08531822397234838
iemocap,20260921,0,1.0,pitch,valence,relative,0.00035466698956195284
iemocap,20260921,0,1.0,pitch,arousal,relative,0.3098159754957392
iemocap,20260921,0,1.0,pitch,dominance,relative,0.13904283665146225
iemocap,20260921,0,1.0,pitch,valence,hybrid,0.0005510462817063921
iemocap,20260921,0,1.0,pitch,arousal,hybrid,0.31029785669293414
iemocap,20260921,0,1.0,pitch,dominance,hybrid,0.14026234757110737
iemocap,20260921,0,1.0,loudness,valence,absolute,0.027679529688581474
iemocap,20260921,0,1.0,loudness,arousal,absolute,0.12143284454712505
iemocap,20260921,0,1.0,loudness,dominance,absolute,0.08930456943104163
iemocap,20260921,0,1.0,loudness,valence,relative,0.025045469136695003
iemocap,20260921,0,1.0,loudness,arousal,relative,0.10450100666811592
iemocap,20260921,0,1.0,loudness,dominance,relative,0.07910817672998646
iemocap,20260921,0,1.0,loudness,valence,hybrid,0.02768535884900212
iemocap,20260921,0,1.0,loudness,arousal,hybrid,0.11363479568047942
iemocap,20260921,0,1.0,loudness,dominance,hybrid,0.08787355212245211
iemocap,20260921,0,1.0,rate,valence,absolute,0.013100411468734795
iemocap,20260921,0,1.0,rate,arousal,absolute,0.18458633377103298
iemocap,20260921,0,1.0,rate,dominance,absolute,0.2363900468145379
iemocap,20260921,0,1.0,rate,valence,relative,0.014266771807976465
iemocap,20260921,0,1.0,rate,arousal,relative,0.1823643785920723
iemocap,20260921,0,1.0,rate,dominance,relative,0.23012141553309964
iemocap,20260921,0,1.0,rate,valence,hybrid,0.014499332945496705
iemocap,20260921,0,1.0,rate,arousal,hybrid,0.17450165569430126
iemocap,20260921,0,1.0,rate,dominance,hybrid,0.22400502822126855
iemocap,20260921,1,0.0,pitch,valence,absolute,-0.004150704970850429
iemocap,20260921,1,0.0,pitch,arousal,absolute,0.23152120151417205
iemocap,20260921,1,0.0,pitch,dominance,absolute,0.07449202159473631
iemocap,20260921,1,0.0,pitch,valence,relative,-0.008042755856369651
iemocap,20260921,1,0.0,pitch,arousal,relative,0.4186813974796339
iemocap,20260921,1,0.0,pitch,dominance,relative,0.1404950942434376
iemocap,20260921,1,0.0,pitch,valence,hybrid,-0.008075450591667631
iemocap,20260921,1,0.0,pitch,arousal,hybrid,0.41905159575025364
iemocap,20260921,1,0.0,pitch,dominance,hybrid,0.14088702073418036
iemocap,20260921,1,0.0,loudness,valence,absolute,0.012200123447506726
iemocap,20260921,1,0.0,loudness,arousal,absolute,0.05764230109316515
iemocap,20260921,1,0.0,loudness,dominance,absolute,0.05443993457587035
iemocap,20260921,1,0.0,loudness,valence,relative,0.013544124020536943
iemocap,20260921,1,0.0,loudness,arousal,relative,0.06365785091361145
iemocap,20260921,1,0.0,loudness,dominance,relative,0.06029629284271815
iemocap,20260921,1,0.0,loudness,valence,hybrid,0.013544176647643947
iemocap,20260921,1,0.0,loudness,arousal,hybrid,0.06365794218055701
iemocap,20260921,1,0.0,loudness,dominance,hybrid,0.060296339497735656
iemocap,20260921,1,0.0,rate,valence,absolute,0.008261998426177865
iemocap,20260921,1,0.0,rate,arousal,absolute,0.14697557405875045
iemocap,20260921,1,0.0,rate,dominance,absolute,0.14558154454151337
iemocap,20260921,1,0.0,rate,valence,relative,0.008524465534799573
iemocap,20260921,1,0.0,rate,arousal,relative,0.15149664290838427
iemocap,20260921,1,0.0,rate,dominance,relative,0.150033495929621
iemocap,20260921,1,0.0,rate,valence,hybrid,0.008526099964638979
iemocap,20260921,1,0.0,rate,arousal,hybrid,0.1515279830909938
iemocap,20260921,1,0.0,rate,dominance,hybrid,0.1500650798388486
iemocap,20260921,1,0.25,pitch,valence,absolute,-0.004179884146781698
iemocap,20260921,1,0.25,pitch,arousal,absolute,0.2313363150918011
iemocap,20260921,1,0.25,pitch,dominance,absolute,0.06759589008301864
iemocap,20260921,1,0.25,pitch,valence,relative,-0.0079887523276626
iemocap,20260921,1,0.25,pitch,arousal,relative,0.4185403214297791
iemocap,20260921,1,0.25,pitch,dominance,relative,0.14020650266916893
iemocap,20260921,1,0.25,pitch,valence,hybrid,-0.008007283890073276
iemocap,20260921,1,0.25,pitch,arousal,hybrid,0.41918086968494467
iemocap,20260921,1,0.25,pitch,dominance,hybrid,0.14026525903344633
iemocap,20260921,1,0.25,loudness,valence,absolute,0.012830302718917235
iemocap,20260921,1,0.25,loudness,arousal,absolute,0.057554092714470366
iemocap,20260921,1,0.25,loudness,dominance,absolute,0.0515748055661363
iemocap,20260921,1,0.25,loudness,valence,relative,0.013508565838045241
iemocap,20260921,1,0.25,loudness,arousal,relative,0.06356903408507047
iemocap,20260921,1,0.25,loudness,dominance,relative,0.0597652608854875
iemocap,20260921,1,0.25,loudness,valence,hybrid,0.013525521714338956
iemocap,20260921,1,0.25,loudness,arousal,hybrid,0.06298292917208334
iemocap,20260921,1,0.25,loudness,dominance,hybrid,0.0581154827549603
iemocap,20260921,1,0.25,rate,valence,absolute,0.007778388429697191
iemocap,20260921,1,0.25,rate,arousal,absolute,0.151190039523306
iemocap,20260921,1,0.25,rate,dominance,absolute,0.1533297241188339
iemocap,20260921,1,0.25,rate,valence,relative,0.008464096555447897
iemocap,20260921,1,0.25,rate,arousal,relative,0.15167556756471628
iemocap,20260921,1,0.25,rate,dominance,relative,0.14954647222638948
iemocap,20260921,1,0.25,rate,valence,hybrid,0.008582719870302812
iemocap,20260921,1,0.25,rate,arousal,hybrid,0.152413533064591
iemocap,20260921,1,0.25,rate,dominance,hybrid,0.15146911683764167
iemocap,20260921,1,0.5,pitch,valence,absolute,-0.004179071404655594
iemocap,20260921,1,0.5,pitch,arousal,absolute,0.23069883756481124
iemocap,20260921,1,0.5,pitch,dominance,absolute,0.05951438931975393
iemocap,20260921,1,0.5,pitch,valence,relative,-0.007918766826795704
iemocap,20260921,1,0.5,pitch,arousal,relative,0.4176760241202813
iemocap,20260921,1,0.5,pitch,dominance,relative,0.13738081563395885
iemocap,20260921,1,0.5,pitch,valence,hybrid,-0.00787787917163955
iemocap,20260921,1,0.5,pitch,arousal,hybrid,0.41858224236733116
iemocap,20260921,1,0.5,pitch,dominance,hybrid,0.13739696381165056
iemocap,20260921,1,0.5,loudness,valence,absolute,0.013434272819795168
iemocap,20260921,1,0.5,loudness,arousal,absolute,0.057222230008368485
iemocap,20260921,1,0.5,loudness,dominance,absolute,0.04746092231625451
iemocap,20260921,1,0.5,loudness,valence,relative,0.013446607889447251
iemocap,20260921,1,0.5,loudness,arousal,relative,0.06334852222294897
iemocap,20260921,1,0.5,loudness,dominance,relative,0.05810496540751286
iemocap,20260921,1,0.5,loudness,valence,hybrid,0.013508260752269255
iemocap,20260921,1,0.5,loudness,arousal,hybrid,0.06100672238366407
iemocap,20260921,1,0.5,loudness,dominance,hybrid,0.051685797017122614
iemocap,20260921,1,0.5,rate,valence,absolute,0.007285951550478646
iemocap,20260921,1,0.5,rate,arousal,absolute,0.15512529736651862
iemocap,20260921,1,0.5,rate,dominance,absolute,0.15809258002453253
iemocap,20260921,1,0.5,rate,valence,relative,0.008387167062872186
iemocap,20260921,1,0.5,rate,arousal,relative,0.1515432690723525
iemocap,20260921,1,0.5,rate,dominance,relative,0.14632640952997011
iemocap,20260921,1,0.5,rate,valence,hybrid,0.008781824279345334
iemocap,20260921,1,0.5,rate,arousal,hybrid,0.1551187516515198
iemocap,20260921,1,0.5,rate,dominance,hybrid,0.15509635822755882
iemocap,20260921,1,0.75,pitch,valence,absolute,-0.004148339189989014
iemocap,20260921,1,0.75,pitch,arousal,absolute,0.22962696286720533
iemocap,20260921,1,0.75,pitch,dominance,absolute,0.05076688865518566
iemocap,20260921,1,0.75,pitch,valence,relative,-0.007833380134372833
iemocap,20260921,1,0.75,pitch,arousal,relative,0.4160894032491196
iemocap,20260921,1,0.75,pitch,dominance,relative,0.13237318424417333
iemocap,20260921,1,0.75,pitch,valence,hybrid,-0.007688318439714845
iemocap,20260921,1,0.75,pitch,arousal,hybrid,0.41725899006253375
iemocap,20260921,1,0.75,pitch,dominance,hybrid,0.13265380996281104
iemocap,20260921,1,0.75,loudness,valence,absolute,0.014008708620475614
iemocap,20260921,1,0.75,loudness,arousal,absolute,0.0566516547980353
iemocap,20260921,1,0.75,loudness,dominance,absolute,0.042425167630983356
iemocap,20260921,1,0.75,loudness,valence,relative,0.013358927872321574
iemocap,20260921,1,0.75,loudness,arousal,relative,0.0629972208747058
iemocap,20260921,1,0.75,loudness,dominance,relative,0.05550410726079429
iemocap,20260921,1,0.75,loudness,valence,hybrid,0.013492572680042558
iemocap,20260921,1,0.75,loudness,arousal,hybrid,0.05774812629610629
iemocap,20260921,1,0.75,loudness,dominance,hybrid,0.04163900979936145
iemocap,20260921,1,0.75,rate,valence,absolute,0.006787757499699409
iemocap,20260921,1,0.75,rate,arousal,absolute,0.15875555481325238
iemocap,20260921,1,0.75,rate,dominance,absolute,0.1598916421580926
iemocap,20260921,1,0.75,rate,valence,relative,0.008294348061047861
iemocap,20260921,1,0.75,rate,arousal,relative,0.15109828463099106
iemocap,20260921,1,0.75,rate,dominance,relative,0.14077577719372164
iemocap,20260921,1,0.75,rate,valence,hybrid,0.009121011494515078
iemocap,20260921,1,0.75,rate,arousal,hybrid,0.15957710187566168
iemocap,20260921,1,0.75,rate,dominance,hybrid,0.16055978755953154
iemocap,20260921,1,1.0,pitch,valence,absolute,-0.004088117133590133
iemocap,20260921,1,1.0,pitch,arousal,absolute,0.2280819560398701
iemocap,20260921,1,1.0,pitch,dominance,absolute,0.04193012525564455
iemocap,20260921,1,1.0,pitch,valence,relative,-0.007733278665013251
iemocap,20260921,1,1.0,pitch,arousal,relative,0.4138057326281752
iemocap,20260921,1,1.0,pitch,dominance,relative,0.12568948446584635
iemocap,20260921,1,1.0,pitch,valence,hybrid,-0.007440105418518483
iemocap,20260921,1,1.0,pitch,arousal,hybrid,0.415223787916683
iemocap,20260921,1,1.0,pitch,dominance,hybrid,0.1265553387368585
iemocap,20260921,1,1.0,loudness,valence,absolute,0.014550456986845511
iemocap,20260921,1,1.0,loudness,arousal,absolute,0.05585108533643358
iemocap,20260921,1,1.0,loudness,dominance,absolute,0.03684115761459921
iemocap,20260921,1,1.0,loudness,valence,relative,0.013246325292022151
iemocap,20260921,1,1.0,loudness,arousal,relative,0.06252110115596896
iemocap,20260921,1,1.0,loudness,dominance,relative,0.05221459932030157
iemocap,20260921,1,1.0,loudness,valence,hybrid,0.013478372737143625
iemocap,20260921,1,1.0,loudness,arousal,hybrid,0.053239882606567215
iemocap,20260921,1,1.0,loudness,dominance,hybrid,0.02885746227977958
iemocap,20260921,1,1.0,rate,valence,absolute,0.006286756413132289
iemocap,20260921,1,1.0,rate,arousal,absolute,0.16207105296198793
iemocap,20260921,1,1.0,rate,dominance,absolute,0.1590148472399993
iemocap,20260921,1,1.0,rate,valence,relative,0.008186318057250643
iemocap,20260921,1,1.0,rate,arousal,relative,0.15035362736460633
iemocap,20260921,1,1.0,rate,dominance,relative,0.1334536490335615
iemocap,20260921,1,1.0,rate,valence,hybrid,0.00959616056263431
iemocap,20260921,1,1.0,rate,arousal,hybrid,0.16569540739705274
iemocap,20260921,1,1.0,rate,dominance,hybrid,0.16731387110836257
iemocap,20260921,2,0.0,pitch,valence,absolute,0.00031498303511557805
iemocap,20260921,2,0.0,pitch,arousal,absolute,0.26271472388734896
iemocap,20260921,2,0.0,pitch,dominance,absolute,0.08700233733934983
iemocap,20260921,2,0.0,pitch,valence,relative,0.0006539188490483961
iemocap,20260921,2,0.0,pitch,arousal,relative,0.4621168162326987
iemocap,20260921,2,0.0,pitch,dominance,relative,0.1711461940128158
iemocap,20260921,2,0.0,pitch,valence,hybrid,0.00065426942911327
iemocap,20260921,2,0.0,pitch,arousal,hybrid,0.4630192244326456
iemocap,20260921,2,0.0,pitch,dominance,hybrid,0.1713230934665925
iemocap,20260921,2,0.0,loudness,valence,absolute,0.02013301723725005
iemocap,20260921,2,0.0,loudness,arousal,absolute,0.10904735475412354
iemocap,20260921,2,0.0,loudness,dominance,absolute,0.06115523476863845
iemocap,20260921,2,0.0,loudness,valence,relative,0.022506359997753723
iemocap,20260921,2,0.0,loudness,arousal,relative,0.12111113630446028
iemocap,20260921,2,0.0,loudness,dominance,relative,0.06811596672471856
iemocap,20260921,2,0.0,loudness,valence,hybrid,0.022507226577287227
iemocap,20260921,2,0.0,loudness,arousal,hybrid,0.1211140364039173
iemocap,20260921,2,0.0,loudness,dominance,hybrid,0.06811797872565183
iemocap,20260921,2,0.0,rate,valence,absolute,0.01033623362253705
iemocap,20260921,2,0.0,rate,arousal,absolute,0.125124024851449
iemocap,20260921,2,0.0,rate,dominance,absolute,0.16118123970011003
iemocap,20260921,2,0.0,rate,valence,relative,0.010708375387905771
iemocap,20260921,2,0.0,rate,arousal,relative,0.12909572937483618
iemocap,20260921,2,0.0,rate,dominance,relative,0.1664063115479942
iemocap,20260921,2,0.0,rate,valence,hybrid,0.010711770029698982
iemocap,20260921,2,0.0,rate,arousal,hybrid,0.12912943622290898
iemocap,20260921,2,0.0,rate,dominance,hybrid,0.1664516289802037
iemocap,20260921,2,0.25,pitch,valence,absolute,0.0009993872629084275
iemocap,20260921,2,0.25,pitch,arousal,absolute,0.2607680850634761
iemocap,20260921,2,0.25,pitch,dominance,absolute,0.09009289582946876
iemocap,20260921,2,0.25,pitch,valence,relative,0.0006172171324776987
iemocap,20260921,2,0.25,pitch,arousal,relative,0.45845923247576875
iemocap,20260921,2,0.25,pitch,dominance,relative,0.17103510325534957
iemocap,20260921,2,0.25,pitch,valence,hybrid,0.000647842210435506
iemocap,20260921,2,0.25,pitch,arousal,hybrid,0.4592070198651807
iemocap,20260921,2,0.25,pitch,dominance,hybrid,0.17110221816537946
iemocap,20260921,2,0.25,loudness,valence,absolute,0.020460476324627695
iemocap,20260921,2,0.25,loudness,arousal,absolute,0.11119806417623684
iemocap,20260921,2,0.25,loudness,dominance,absolute,0.06246340085238862
iemocap,20260921,2,0.25,loudness,valence,relative,0.02246028921417668
iemocap,20260921,2,0.25,loudness,arousal,relative,0.11973054853902163
iemocap,20260921,2,0.25,loudness,dominance,relative,0.06777802759211127
iemocap,20260921,2,0.25,loudness,valence,hybrid,0.02246745191824325
iemocap,20260921,2,0.25,loudness,arousal,hybrid,0.11992217584398955
iemocap,20260921,2,0.25,loudness,dominance,hybrid,0.06784595078670547
iemocap,20260921,2,0.25,rate,valence,absolute,0.010137364112598713
iemocap,20260921,2,0.25,rate,arousal,absolute,0.130595650604881
iemocap,20260921,2,0.25,rate,dominance,absolute,0.1640960272826089
iemocap,20260921,2,0.25,rate,valence,relative,0.010678234667963929
iemocap,20260921,2,0.25,rate,arousal,relative,0.1287174367265332
iemocap,20260921,2,0.25,rate,dominance,relative,0.16611972051765023
iemocap,20260921,2,0.25,rate,valence,hybrid,0.010705359663256218
iemocap,20260921,2,0.25,rate,arousal,hybrid,0.12971197622432815
iemocap,20260921,2,0.25,rate,dominance,hybrid,0.16619546707299016
iemocap,20260921,2,0.5,pitch,valence,absolute,0.0016826315653008894
iemocap,20260921,2,0.5,pitch,arousal,absolute,0.25600083471348695
iemocap,20260921,2,0.5,pitch,dominance,absolute,0.09228037009598
iemocap,20260921,2,0.5,pitch,valence,relative,0.0005804500327677062
iemocap,20260921,2,0.5,pitch,arousal,relative,0.45066471824809207
iemocap,20260921,2,0.5,pitch,dominance,relative,0.169952713413176
iemocap,20260921,2,0.5,pitch,valence,hybrid,0.0006373895112574364
iemocap,20260921,2,0.5,pitch,arousal,hybrid,0.44971087224113465
iemocap,20260921,2,0.5,pitch,dominance,hybrid,0.16914251439497374
iemocap,20260921,2,0.5,loudness,valence,absolute,0.020786697155459152
iemocap,20260921,2,0.5,loudness,arousal,absolute,0.11196197623389327
iemocap,20260921,2,0.5,loudness,dominance,absolute,0.06338554893954695
iemocap,20260921,2,0.5,loudness,valence,relative,0.02241337706645638
iemocap,20260921,2,0.5,loudness,arousal,relative,0.11694205514729106
iemocap,20260921,2,0.5,loudness,dominance,relative,0.0670307116854729
iemocap,20260921,2,0.5,loudness,valence,hybrid,0.022425448045641817
iemocap,20260921,2,0.5,loudness,arousal,hybrid,0.11758787330187291
iemocap,20260921,2,0.5,loudness,dominance,hybrid,0.06724143735865148
iemocap,20260921,2,0.5,rate,valence,absolute,0.009938477278920685
iemocap,20260921,2,0.5,rate,arousal,absolute,0.13455406563396358
iemocap,20260921,2,0.5,rate,dominance,absolute,0.16604689998664157
iemocap,20260921,2,0.5,rate,valence,relative,0.010647704798209808
iemocap,20260921,2,0.5,rate,arousal,relative,0.12689126726920386
iemocap,20260921,2,0.5,rate,dominance,relative,0.16488375327616375
iemocap,20260921,2,0.5,rate,valence,hybrid,0.01070975900508411
iemocap,20260921,2,0.5,rate,arousal,hybrid,0.13190155160650022
iemocap,20260921,2,0.5,rate,dominance,hybrid,0.16568967721938513
iemocap,20260921,2,0.75,pitch,valence,absolute,0.0023645760356761133
iemocap,20260921,2,0.75,pitch,arousal,absolute,0.2490385612849291
iemocap,20260921,2,0.75,pitch,dominance,absolute,0.09360320861638895
iemocap,20260921,2,0.75,pitch,valence,relative,0.0005435922777515313
iemocap,20260921,2,0.75,pitch,arousal,relative,0.4390140435835682
iemocap,20260921,2,0.75,pitch,dominance,relative,0.16792684771674768
iemocap,20260921,2,0.75,pitch,valence,hybrid,0.0006229076451289453
iemocap,20260921,2,0.75,pitch,arousal,hybrid,0.4351163107370246
iemocap,20260921,2,0.75,pitch,dominance,hybrid,0.16556153686065167
iemocap,20260921,2,0.75,loudness,valence,absolute,0.02111146228983926
iemocap,20260921,2,0.75,loudness,arousal,absolute,0.11137164841201351
iemocap,20260921,2,0.75,loudness,dominance,absolute,0.0639111439704553
iemocap,20260921,2,0.75,loudness,valence,relative,0.022365545039151682
iemocap,20260921,2,0.75,loudness,arousal,relative,0.11290779765867628
iemocap,20260921,2,0.75,loudness,dominance,relative,0.06589530174418994
iemocap,20260921,2,0.75,loudness,valence,hybrid,0.02238111656554384
iemocap,20260921,2,0.75,loudness,arousal,hybrid,0.11422800258830183
iemocap,20260921,2,0.75,loudness,dominance,hybrid,0.06631844433355447
iemocap,20260921,2,0.75,rate,valence,absolute,0.009739557995808033
iemocap,20260921,2,0.75,rate,arousal,absolute,0.13694181827788737
iemocap,20260921,2,0.75,rate,dominance,absolute,0.16702645732237786
iemocap,20260921,2,0.75,rate,valence,relative,0.010616774747895288
iemocap,20260921,2,0.75,rate,arousal,relative,0.12374681155765277
iemocap,20260921,2,0.75,rate,dominance,relative,0.1627407470074391
iemocap,20260921,2,0.75,rate,valence,hybrid,0.010724954166673108
iemocap,20260921,2,0.75,rate,arousal,hybrid,0.13555016962747565
iemocap,20260921,2,0.75,rate,dominance,hybrid,0.16494619462914534
iemocap,20260921,2,1.0,pitch,valence,absolute,0.003045086217365258
iemocap,20260921,2,1.0,pitch,arousal,absolute,0.2404967204846038
iemocap,20260921,2,1.0,pitch,dominance,absolute,0.09413466788498895
iemocap,20260921,2,1.0,pitch,valence,relative,0.0005066884718590642
iemocap,20260921,2,1.0,pitch,arousal,relative,0.4239877920401705
iemocap,20260921,2,1.0,pitch,dominance,relative,0.165019782940593
iemocap,20260921,2,1.0,pitch,valence,hybrid,0.0006044281970192234
iemocap,20260921,2,1.0,pitch,arousal,hybrid,0.4163644826233094
iemocap,20260921,2,1.0,pitch,dominance,hybrid,0.16057217581858546
iemocap,20260921,2,1.0,loudness,valence,absolute,0.021435025647441677
iemocap,20260921,2,1.0,loudness,arousal,absolute,0.10955065163247775
iemocap,20260921,2,1.0,loudness,dominance,absolute,0.0640459666235959
iemocap,20260921,2,1.0,loudness,valence,relative,0.02231697080465553
iemocap,20260921,2,1.0,loudness,arousal,relative,0.1078625496632299
iemocap,20260921,2,1.0,loudness,dominance,relative,0.06440788686946217
iemocap,20260921,2,1.0,loudness,valence,hybrid,0.02233468055880085
iemocap,20260921,2,1.0,loudness,arousal,hybrid,0.11001381823325901
iemocap,20260921,2,1.0,loudness,dominance,hybrid,0.06510140608385698
iemocap,20260921,2,1.0,rate,valence,absolute,0.009540695130657837
iemocap,20260921,2,1.0,rate,arousal,absolute,0.13780953892194883
iemocap,20260921,2,1.0,rate,dominance,absolute,0.16706443327762258
iemocap,20260921,2,1.0,rate,valence,relative,0.010585454199247744
iemocap,20260921,2,1.0,rate,arousal,relative,0.11948856823125263
iemocap,20260921,2,1.0,rate,dominance,relative,0.1597646636964701
iemocap,20260921,2,1.0,rate,valence,hybrid,0.010750953984696974
iemocap,20260921,2,1.0,rate,arousal,hybrid,0.14043356487704486
iemocap,20260921,2,1.0,rate,dominance,hybrid,0.16398762729644495
iemocap,20260921,3,0.0,pitch,valence,absolute,0.00036487651101326646
iemocap,20260921,3,0.0,pitch,arousal,absolute,0.17083494362968527
iemocap,20260921,3,0.0,pitch,dominance,absolute,0.07711973843591668
iemocap,20260921,3,0.0,pitch,valence,relative,0.0006433091844669638
iemocap,20260921,3,0.0,pitch,arousal,relative,0.3155895553633117
iemocap,20260921,3,0.0,pitch,dominance,relative,0.13872648152057993
iemocap,20260921,3,0.0,pitch,valence,hybrid,0.0006448709074509354
iemocap,20260921,3,0.0,pitch,arousal,hybrid,0.31620196869158834
iemocap,20260921,3,0.0,pitch,dominance,hybrid,0.13903333857228978
iemocap,20260921,3,0.0,loudness,valence,absolute,0.018567127060687083
iemocap,20260921,3,0.0,loudness,arousal,absolute,0.042039607176882515
iemocap,20260921,3,0.0,loudness,dominance,absolute,0.03137251400837387
iemocap,20260921,3,0.0,loudness,valence,relative,0.019915876676139418
iemocap,20260921,3,0.0,loudness,arousal,relative,0.045216496346365244
iemocap,20260921,3,0.0,loudness,dominance,relative,0.033732343881767726
iemocap,20260921,3,0.0,loudness,valence,hybrid,0.01991675659467735
iemocap,20260921,3,0.0,loudness,arousal,hybrid,0.04521756662039984
iemocap,20260921,3,0.0,loudness,dominance,hybrid,0.03373323023225584
iemocap,20260921,3,0.0,rate,valence,absolute,0.004980909164682379
iemocap,20260921,3,0.0,rate,arousal,absolute,0.13816634163417016
iemocap,20260921,3,0.0,rate,dominance,absolute,0.16063095657070642
iemocap,20260921,3,0.0,rate,valence,relative,0.005157910176833369
iemocap,20260921,3,0.0,rate,arousal,relative,0.1428048558148671
iemocap,20260921,3,0.0,rate,dominance,relative,0.1658727577679768
iemocap,20260921,3,0.0,rate,valence,hybrid,0.0051599061554473595
iemocap,20260921,3,0.0,rate,arousal,hybrid,0.1428504496067405
iemocap,20260921,3,0.0,rate,dominance,hybrid,0.16592040227525673
iemocap,20260921,3,0.25,pitch,valence,absolute,0.000673811895664431
iemocap,20260921,3,0.25,pitch,arousal,absolute,0.1732132264792683
iemocap,20260921,3,0.25,pitch,dominance,absolute,0.07644185041984534
iemocap,20260921,3,0.25,pitch,valence,relative,0.0006265030554262194
iemocap,20260921,3,0.25,pitch,arousal,relative,0.3146907193982775
iemocap,20260921,3,0.25,pitch,dominance,relative,0.1391747696135791
iemocap,20260921,3,0.25,pitch,valence,hybrid,0.0006580615702792785
iemocap,20260921,3,0.25,pitch,arousal,hybrid,0.3156334071049088
iemocap,20260921,3,0.25,pitch,dominance,hybrid,0.13926961531523202
iemocap,20260921,3,0.25,loudness,valence,absolute,0.0190068023637579
iemocap,20260921,3,0.25,loudness,arousal,absolute,0.05055544684937539
iemocap,20260921,3,0.25,loudness,dominance,absolute,0.039681795996490375
iemocap,20260921,3,0.25,loudness,valence,relative,0.01985962496360603
iemocap,20260921,3,0.25,loudness,arousal,relative,0.04519582645785141
iemocap,20260921,3,0.25,loudness,dominance,relative,0.033790761211227725
iemocap,20260921,3,0.25,loudness,valence,hybrid,0.019918550696464858
iemocap,20260921,3,0.25,loudness,arousal,hybrid,0.04690390038896654
iemocap,20260921,3,0.25,loudness,dominance,hybrid,0.03506161825895269
iemocap,20260921,3,0.25,rate,valence,absolute,0.004884857136950499
iemocap,20260921,3,0.25,rate,arousal,absolute,0.13865970561230767
iemocap,20260921,3,0.25,rate,dominance,absolute,0.16134481850609203
iemocap,20260921,3,0.25,rate,valence,relative,0.005133379396446865
iemocap,20260921,3,0.25,rate,arousal,relative,0.14187027064885444
iemocap,20260921,3,0.25,rate,dominance,relative,0.16469679984012833
iemocap,20260921,3,0.25,rate,valence,hybrid,0.0051515192613174774
iemocap,20260921,3,0.25,rate,arousal,hybrid,0.14154317892280283
iemocap,20260921,3,0.25,rate,dominance,hybrid,0.16426124046667068
iemocap,20260921,3,0.5,pitch,valence,absolute,0.0009841274161082032
iemocap,20260921,3,0.5,pitch,arousal,absolute,0.17412669943190015
iemocap,20260921,3,0.5,pitch,dominance,absolute,0.0748998432974333
iemocap,20260921,3,0.5,pitch,valence,relative,0.0006095337343536323
iemocap,20260921,3,0.5,pitch,arousal,relative,0.3114698082271854
iemocap,20260921,3,0.5,pitch,dominance,relative,0.13839133578356502
iemocap,20260921,3,0.5,pitch,valence,hybrid,0.000671538615885634
iemocap,20260921,3,0.5,pitch,arousal,hybrid,0.31177928176421316
iemocap,20260921,3,0.5,pitch,dominance,hybrid,0.13768747334358952
iemocap,20260921,3,0.5,loudness,valence,absolute,0.01944940331459214
iemocap,20260921,3,0.5,loudness,arousal,absolute,0.058685981476466434
iemocap,20260921,3,0.5,loudness,dominance,absolute,0.04761228968280584
iemocap,20260921,3,0.5,loudness,valence,relative,0.019801384453578524
iemocap,20260921,3,0.5,loudness,arousal,relative,0.04481299973237763
iemocap,20260921,3,0.5,loudness,dominance,relative,0.03354722469714829
iemocap,20260921,3,0.5,loudness,valence,hybrid,0.020008608217002177
iemocap,20260921,3,0.5,loudness,arousal,hybrid,0.05110562018628839
iemocap,20260921,3,0.5,loudness,dominance,hybrid,0.038119487032654636
iemocap,20260921,3,0.5,rate,valence,absolute,0.004789152650679472
iemocap,20260921,3,0.5,rate,arousal,absolute,0.13801053954550518
iemocap,20260921,3,0.5,rate,dominance,absolute,0.16062410540108712
iemocap,20260921,3,0.5,rate,valence,relative,0.005108410402150015
iemocap,20260921,3,0.5,rate,arousal,relative,0.139830309071165
iemocap,20260921,3,0.5,rate,dominance,relative,0.1621418503678349
iemocap,20260921,3,0.5,rate,valence,hybrid,0.005157445978372643
iemocap,20260921,3,0.5,rate,arousal,hybrid,0.1386559513890041
iemocap,20260921,3,0.5,rate,dominance,hybrid,0.16057515549113635
iemocap,20260921,3,0.75,pitch,valence,absolute,0.0012953489345863371
iemocap,20260921,3,0.75,pitch,arousal,absolute,0.17348484143587303
iemocap,20260921,3,0.75,pitch,dominance,absolute,0.07251686653950985
iemocap,20260921,3,0.75,pitch,valence,relative,0.0005923984963791068
iemocap,20260921,3,0.75,pitch,arousal,relative,0.3060684456198937
iemocap,20260921,3,0.75,pitch,dominance,relative,0.13644971446433032
iemocap,20260921,3,0.75,pitch,valence,hybrid,0.0006852233885942841
iemocap,20260921,3,0.75,pitch,arousal,hybrid,0.3048729610769285
iemocap,20260921,3,0.75,pitch,dominance,hybrid,0.13444354419138607
iemocap,20260921,3,0.75,loudness,valence,absolute,0.01989474721083384
iemocap,20260921,3,0.75,loudness,arousal,absolute,0.06625276793093811
iemocap,20260921,3,0.75,loudness,dominance,absolute,0.05497522627430323
iemocap,20260921,3,0.75,loudness,valence,relative,0.019741119879585628
iemocap,20260921,3,0.75,loudness,arousal,relative,0.044087667812262754
iemocap,20260921,3,0.75,loudness,dominance,relative,0.03302028881483738
iemocap,20260921,3,0.75,loudness,valence,hybrid,0.020186856330297962
iemocap,20260921,3,0.75,loudness,arousal,hybrid,0.05759741807282082
iemocap,20260921,3,0.75,loudness,dominance,hybrid,0.04274343212737523
iemocap,20260921,3,0.75,rate,valence,absolute,0.004693836051361033
iemocap,20260921,3,0.75,rate,arousal,absolute,0.13626506838232938
iemocap,20260921,3,0.75,rate,dominance,absolute,0.15853310477948973
iemocap,20260921,3,0.75,rate,valence,relative,0.005082954828672717
iemocap,20260921,3,0.75,rate,arousal,relative,0.13676576724974884
iemocap,20260921,3,0.75,rate,dominance,relative,0.1583255419781304
iemocap,20260921,3,0.75,rate,valence,hybrid,0.00517769248308511
iemocap,20260921,3,0.75,rate,arousal,hybrid,0.13426587551215602
iemocap,20260921,3,0.75,rate,dominance,hybrid,0.15496283338971534
iemocap,20260921,3,1.0,pitch,valence,absolute,0.001606984486766274
iemocap,20260921,3,1.0,pitch,arousal,absolute,0.17120538456789433
iemocap,20260921,3,1.0,pitch,dominance,absolute,0.06936946921881336
iemocap,20260921,3,1.0,pitch,valence,relative,0.000575108439944521
iemocap,20260921,3,1.0,pitch,arousal,relative,0.2987574830427274
iemocap,20260921,3,1.0,pitch,dominance,relative,0.13348577760118055
iemocap,20260921,3,1.0,pitch,valence,hybrid,0.0006990486308078895
iemocap,20260921,3,1.0,pitch,arousal,hybrid,0.2953588871102718
iemocap,20260921,3,1.0,pitch,dominance,hybrid,0.12981186589457627
iemocap,20260921,3,1.0,loudness,valence,absolute,0.020342691129619686
iemocap,20260921,3,1.0,loudness,arousal,absolute,0.07312854265552736
iemocap,20260921,3,1.0,loudness,dominance,absolute,0.061630740550350845
iemocap,20260921,3,1.0,loudness,valence,relative,0.019678701560383236
iemocap,20260921,3,1.0,loudness,arousal,relative,0.04306109262651146
iemocap,20260921,3,1.0,loudness,dominance,relative,0.032243943569217975
iemocap,20260921,3,1.0,loudness,valence,hybrid,0.020453074350737725
iemocap,20260921,3,1.0,loudness,arousal,hybrid,0.06605831361699782
iemocap,20260921,3,1.0,loudness,dominance,hybrid,0.048700061541753506
iemocap,20260921,3,1.0,rate,valence,absolute,0.004598898314560829
iemocap,20260921,3,1.0,rate,arousal,absolute,0.13352752221582678
iemocap,20260921,3,1.0,rate,dominance,absolute,0.15520611459960124
iemocap,20260921,3,1.0,rate,valence,relative,0.005057069976621121
iemocap,20260921,3,1.0,rate,arousal,relative,0.13281713392366437
iemocap,20260921,3,1.0,rate,dominance,relative,0.15342861520937534
iemocap,20260921,3,1.0,rate,valence,hybrid,0.00521223200416488
iemocap,20260921,3,1.0,rate,arousal,hybrid,0.1285025461031135
iemocap,20260921,3,1.0,rate,dominance,hybrid,0.1475800913697288
iemocap,20260921,4,0.0,pitch,valence,absolute,-0.00031619189636955655
iemocap,20260921,4,0.0,pitch,arousal,absolute,0.21271584664316237
iemocap,20260921,4,0.0,pitch,dominance,absolute,0.0800832301353103
iemocap,20260921,4,0.0,pitch,valence,relative,-0.0006878354478414815
iemocap,20260921,4,0.0,pitch,arousal,relative,0.4001333533052344
iemocap,20260921,4,0.0,pitch,dominance,relative,0.16450272799592217
iemocap,20260921,4,0.0,pitch,valence,hybrid,-0.0006897289338383761
iemocap,20260921,4,0.0,pitch,arousal,hybrid,0.40082401417358554
iemocap,20260921,4,0.0,pitch,dominance,hybrid,0.1648862469861831
iemocap,20260921,4,0.0,loudness,valence,absolute,0.02310337698304211
iemocap,20260921,4,0.0,loudness,arousal,absolute,0.07597816628486904
iemocap,20260921,4,0.0,loudness,dominance,absolute,0.06525342205591109
iemocap,20260921,4,0.0,loudness,valence,relative,0.02536977496978653
iemocap,20260921,4,0.0,loudness,arousal,relative,0.08325570642284963
iemocap,20260921,4,0.0,loudness,dominance,relative,0.07155791893013368
iemocap,20260921,4,0.0,loudness,valence,hybrid,0.025370193871263977
iemocap,20260921,4,0.0,loudness,arousal,hybrid,0.08325590176594137
iemocap,20260921,4,0.0,loudness,dominance,hybrid,0.07155848498280788
iemocap,20260921,4,0.0,rate,valence,absolute,0.011414127570008235
iemocap,20260921,4,0.0,rate,arousal,absolute,0.1374010056551904
iemocap,20260921,4,0.0,rate,dominance,absolute,0.1632305685984117
iemocap,20260921,4,0.0,rate,valence,relative,0.011697241611249293
iemocap,20260921,4,0.0,rate,arousal,relative,0.141062629903484
iemocap,20260921,4,0.0,rate,dominance,relative,0.16765723364527946
iemocap,20260921,4,0.0,rate,valence,hybrid,0.011699734940683751
iemocap,20260921,4,0.0,rate,arousal,hybrid,0.14109240917500587
iemocap,20260921,4,0.0,rate,dominance,hybrid,0.16769232279625784
iemocap,20260921,4,0.25,pitch,valence,absolute,-0.0007405786542544282
iemocap,20260921,4,0.25,pitch,arousal,absolute,0.21329505403012378
iemocap,20260921,4,0.25,pitch,dominance,absolute,0.07776362634993957
iemocap,20260921,4,0.25,pitch,valence,relative,-0.0006575281992466007
iemocap,20260921,4,0.25,pitch,arousal,relative,0.3994765014468238
iemocap,20260921,4,0.25,pitch,dominance,relative,0.16544561972959052
iemocap,20260921,4,0.25,pitch,valence,hybrid,-0.000855934488885069
iemocap,20260921,4,0.25,pitch,arousal,hybrid,0.40036385371126376
iemocap,20260921,4,0.25,pitch,dominance,hybrid,0.16540012720812577
iemocap,20260921,4,0.25,loudness,valence,absolute,0.023178460502861407
iemocap,20260921,4,0.25,loudness,arousal,absolute,0.07873533678274651
iemocap,20260921,4,0.25,loudness,dominance,absolute,0.06704152370776743
iemocap,20260921,4,0.25,loudness,valence,relative,0.0253187283483488
iemocap,20260921,4,0.25,loudness,arousal,relative,0.08299267589511676
iemocap,20260921,4,0.25,loudness,dominance,relative,0.07161382023602982
iemocap,20260921,4,0.25,loudness,valence,hybrid,0.02529662741032664
iemocap,20260921,4,0.25,loudness,arousal,hybrid,0.08234463851458998
iemocap,20260921,4,0.25,loudness,dominance,hybrid,0.07120847318462421
iemocap,20260921,4,0.25,rate,valence,absolute,0.011549128166496949
iemocap,20260921,4,0.25,rate,arousal,absolute,0.1395811192294038
iemocap,20260921,4,0.25,rate,dominance,absolute,0.16922330991284373
iemocap,20260921,4,0.25,rate,valence,relative,0.011703298803971503
iemocap,20260921,4,0.25,rate,arousal,relative,0.14087050201732051
iemocap,20260921,4,0.25,rate,dominance,relative,0.16812427322401652
iemocap,20260921,4,0.25,rate,valence,hybrid,0.01129466743913765
iemocap,20260921,4,0.25,rate,arousal,hybrid,0.14097298267506686
iemocap,20260921,4,0.25,rate,dominance,hybrid,0.1696972759720639
iemocap,20260921,4,0.5,pitch,valence,absolute,-0.0013412667943636233
iemocap,20260921,4,0.5,pitch,arousal,absolute,0.2128397583774162
iemocap,20260921,4,0.5,pitch,dominance,absolute,0.07509487050860243
iemocap,20260921,4,0.5,pitch,valence,relative,-0.0006275856225113977
iemocap,20260921,4,0.5,pitch,arousal,relative,0.3971584862230725
iemocap,20260921,4,0.5,pitch,dominance,relative,0.16612861357909878
iemocap,20260921,4,0.5,pitch,valence,hybrid,-0.0013446253960739767
iemocap,20260921,4,0.5,pitch,arousal,hybrid,0.3982529789478728
iemocap,20260921,4,0.5,pitch,dominance,hybrid,0.16533984752994269
iemocap,20260921,4,0.5,loudness,valence,absolute,0.02324039000924055
iemocap,20260921,4,0.5,loudness,arousal,absolute,0.08092961507512102
iemocap,20260921,4,0.5,loudness,dominance,absolute,0.06863972879308777
iemocap,20260921,4,0.5,loudness,valence,relative,0.025256279589549176
iemocap,20260921,4,0.5,loudness,arousal,relative,0.08232411929462916
iemocap,20260921,4,0.5,loudness,dominance,relative,0.07155226397811341
iemocap,20260921,4,0.5,loudness,valence,hybrid,0.025168566039493884
iemocap,20260921,4,0.5,loudness,arousal,hybrid,0.07981235122247923
iemocap,20260921,4,0.5,loudness,dominance,hybrid,0.06994907553907616
iemocap,20260921,4,0.5,rate,valence,absolute,0.011656836287269783
iemocap,20260921,4,0.5,rate,arousal,absolute,0.14109786642342884
iemocap,20260921,4,0.5,rate,dominance,absolute,0.17502247451400593
iemocap,20260921,4,0.5,rate,valence,relative,0.011703546410690444
iemocap,20260921,4,0.5,rate,arousal,relative,0.14000748113212094
iemocap,20260921,4,0.5,rate,dominance,relative,0.168330403309254
iemocap,20260921,4,0.5,rate,valence,hybrid,0.01009310245327917
iemocap,20260921,4,0.5,rate,arousal,hybrid,0.14077931302827817
iemocap,20260921,4,0.5,rate,dominance,hybrid,0.17552392085826582
iemocap,20260921,4,0.75,pitch,valence,absolute,-0.0021163181047384985
iemocap,20260921,4,0.75,pitch,arousal,absolute,0.21135555179414192
iemocap,20260921,4,0.75,pitch,dominance,absolute,0.07209588558681118
iemocap,20260921,4,0.75,pitch,valence,relative,-0.0005980232568369671
iemocap,20260921,4,0.75,pitch,arousal,relative,0.39322863582810585
iemocap,20260921,4,0.75,pitch,dominance,relative,0.1665516208701235
iemocap,20260921,4,0.75,pitch,valence,hybrid,-0.0021536414116828393
iemocap,20260921,4,0.75,pitch,arousal,hybrid,0.3945330539609983
iemocap,20260921,4,0.75,pitch,dominance,hybrid,0.16471184728251217
iemocap,20260921,4,0.75,loudness,valence,absolute,0.023289068562450412
iemocap,20260921,4,0.75,loudness,arousal,absolute,0.08255478588088266
iemocap,20260921,4,0.75,loudness,dominance,absolute,0.07004072711282455
iemocap,20260921,4,0.75,loudness,valence,relative,0.025182433542476818
iemocap,20260921,4,0.75,loudness,arousal,relative,0.08126600722624011
iemocap,20260921,4,0.75,loudness,dominance,relative,0.07137430322808573
iemocap,20260921,4,0.75,loudness,valence,hybrid,0.024986103087931085
iemocap,20260921,4,0.75,loudness,arousal,hybrid,0.0759155541622349
iemocap,20260921,4,0.75,loudness,dominance,hybrid,0.06781672893550507
iemocap,20260921,4,0.75,rate,valence,absolute,0.01173698649733181
iemocap,20260921,4,0.75,rate,arousal,absolute,0.14193893319053713
iemocap,20260921,4,0.75,rate,dominance,absolute,0.18060696873224108
iemocap,20260921,4,0.75,rate,valence,relative,0.011697860116450978
iemocap,20260921,4,0.75,rate,arousal,relative,0.13849771820877632
iemocap,20260921,4,0.75,rate,dominance,relative,0.1682768982763418
iemocap,20260921,4,0.75,rate,valence,hybrid,0.008100975237388749
iemocap,20260921,4,0.75,rate,arousal,hybrid,0.14051315898608388
iemocap,20260921,4,0.75,rate,dominance,hybrid,0.1849460694886322
iemocap,20260921,4,1.0,pitch,valence,absolute,-0.003063198407295225
iemocap,20260921,4,1.0,pitch,arousal,absolute,0.20888777242774803
iemocap,20260921,4,1.0,pitch,dominance,absolute,0.06878549133665303
iemocap,20260921,4,1.0,pitch,valence,relative,-0.0005688828982149525
iemocap,20260921,4,1.0,pitch,arousal,relative,0.3878036323674814
iemocap,20260921,4,1.0,pitch,dominance,relative,0.16671748057164884
iemocap,20260921,4,1.0,pitch,valence,hybrid,-0.00327949675249535
iemocap,20260921,4,1.0,pitch,arousal,hybrid,0.3893144338722557
iemocap,20260921,4,1.0,pitch,dominance,hybrid,0.1635271233568639
iemocap,20260921,4,1.0,loudness,valence,absolute,0.023324305855641672
iemocap,20260921,4,1.0,loudness,arousal,absolute,0.08363569492223348
iemocap,20260921,4,1.0,loudness,dominance,absolute,0.07124273023074482
iemocap,20260921,4,1.0,loudness,valence,relative,0.025097530706888166
iemocap,20260921,4,1.0,loudness,arousal,relative,0.07985227694694819
iemocap,20260921,4,1.0,loudness,dominance,relative,0.07108251994365425
iemocap,20260921,4,1.0,loudness,valence,hybrid,0.02474962980750355
iemocap,20260921,4,1.0,loudness,arousal,hybrid,0.0710289149539444
iemocap,20260921,4,1.0,loudness,dominance,hybrid,0.064871329953245
iemocap,20260921,4,1.0,rate,valence,absolute,0.011789692287484294
iemocap,20260921,4,1.0,rate,arousal,absolute,0.14212300652161594
iemocap,20260921,4,1.0,rate,dominance,absolute,0.1859554207285169
iemocap,20260921,4,1.0,rate,valence,relative,0.011686413939723436
iemocap,20260921,4,1.0,rate,arousal,relative,0.13639701786441014
iemocap,20260921,4,1.0,rate,dominance,relative,0.16796745390662732
iemocap,20260921,4,1.0,rate,valence,hybrid,0.005328173029050333
iemocap,20260921,4,1.0,rate,arousal,hybrid,0.14018628929915122
iemocap,20260921,4,1.0,rate,dominance,hybrid,0.19761034838428354
iemocap,20260922,0,0.0,pitch,valence,absolute,-0.0003481936236425488
iemocap,20260922,0,0.0,pitch,arousal,absolute,0.1926110312675401
iemocap,20260922,0,0.0,pitch,dominance,absolute,0.07791951022552081
iemocap,20260922,0,0.0,pitch,valence,relative,-0.0007339140846506076
iemocap,20260922,0,0.0,pitch,arousal,relative,0.3688252898914976
iemocap,20260922,0,0.0,pitch,dominance,relative,0.15833409447581176
iemocap,20260922,0,0.0,pitch,valence,hybrid,-0.0007358067658270129
iemocap,20260922,0,0.0,pitch,arousal,hybrid,0.36955244086008965
iemocap,20260922,0,0.0,pitch,dominance,hybrid,0.15870431743313215
iemocap,20260922,0,0.0,loudness,valence,absolute,0.022068007249486366
iemocap,20260922,0,0.0,loudness,arousal,absolute,0.08802817080269935
iemocap,20260922,0,0.0,loudness,dominance,absolute,0.06981854316850271
iemocap,20260922,0,0.0,loudness,valence,relative,0.023777566174714968
iemocap,20260922,0,0.0,loudness,arousal,relative,0.09491913495827363
iemocap,20260922,0,0.0,loudness,dominance,relative,0.07526895073634415
iemocap,20260922,0,0.0,loudness,valence,hybrid,0.02377810725976964
iemocap,20260922,0,0.0,loudness,arousal,hybrid,0.09492042169259594
iemocap,20260922,0,0.0,loudness,dominance,hybrid,0.07527025288313098
iemocap,20260922,0,0.0,rate,valence,absolute,0.014629467147128736
iemocap,20260922,0,0.0,rate,arousal,absolute,0.13912981642307545
iemocap,20260922,0,0.0,rate,dominance,absolute,0.1887821568462312
iemocap,20260922,0,0.0,rate,valence,relative,0.015006706574336007
iemocap,20260922,0,0.0,rate,arousal,relative,0.14297225721266973
iemocap,20260922,0,0.0,rate,dominance,relative,0.19405149963158444
iemocap,20260922,0,0.0,rate,valence,hybrid,0.015009695667930494
iemocap,20260922,0,0.0,rate,arousal,hybrid,0.1430050475462162
iemocap,20260922,0,0.0,rate,dominance,hybrid,0.19409691679691773
iemocap,20260922,0,0.25,pitch,valence,absolute,-0.00039458140979612116
iemocap,20260922,0,0.25,pitch,arousal,absolute,0.19149948883487647
iemocap,20260922,0,0.25,pitch,dominance,absolute,0.07987022573408176
iemocap,20260922,0,0.25,pitch,valence,relative,-0.0007204667261508521
iemocap,20260922,0,0.25,pitch,arousal,relative,0.3673818098752935
iemocap,20260922,0,0.25,pitch,dominance,relative,0.15863458570662414
iemocap,20260922,0,0.25,pitch,valence,hybrid,-0.0006965669261768001
iemocap,20260922,0,0.25,pitch,arousal,hybrid,0.36698416632480124
iemocap,20260922,0,0.25,pitch,dominance,hybrid,0.1589351964089109
iemocap,20260922,0,0.25,loudness,valence,absolute,0.022010563998533336
iemocap,20260922,0,0.25,loudness,arousal,absolute,0.09181271197794126
iemocap,20260922,0,0.25,loudness,dominance,absolute,0.07243558561124985
iemocap,20260922,0,0.25,loudness,valence,relative,0.023730482886446694
iemocap,20260922,0,0.25,loudness,arousal,relative,0.09429026463993281
iemocap,20260922,0,0.25,loudness,dominance,relative,0.07514580562974942
iemocap,20260922,0,0.25,loudness,valence,hybrid,0.02347031689091329
iemocap,20260922,0,0.25,loudness,arousal,hybrid,0.09497625034735833
iemocap,20260922,0,0.25,loudness,dominance,hybrid,0.07540900146607867
iemocap,20260922,0,0.25,rate,valence,absolute,0.014378550693691266
iemocap,20260922,0,0.25,rate,arousal,absolute,0.13950452305270947
iemocap,20260922,0,0.25,rate,dominance,absolute,0.19141754616712145
iemocap,20260922,0,0.25,rate,valence,relative,0.014960966150098984
iemocap,20260922,0,0.25,rate,arousal,relative,0.14238230333053242
iemocap,20260922,0,0.25,rate,dominance,relative,0.19383324361352325
iemocap,20260922,0,0.25,rate,valence,hybrid,0.014864607287549582
iemocap,20260922,0,0.25,rate,arousal,hybrid,0.14223733961938784
iemocap,20260922,0,0.25,rate,dominance,hybrid,0.1935537325850394
iemocap,20260922,0,0.5,pitch,valence,absolute,-0.00040302397746910763
iemocap,20260922,0,0.5,pitch,arousal,absolute,0.18817571955451734
iemocap,20260922,0,0.5,pitch,dominance,absolute,0.08125825952027561
iemocap,20260922,0,0.5,pitch,valence,relative,-0.000706994365572796
iemocap,20260922,0,0.5,pitch,arousal,relative,0.36253042433183447
iemocap,20260922,0,0.5,pitch,dominance,relative,0.15818339209075813
iemocap,20260922,0,0.5,pitch,valence,hybrid,-0.000591912593904641
iemocap,20260922,0,0.5,pitch,arousal,hybrid,0.359812615807497
iemocap,20260922,0,0.5,pitch,dominance,hybrid,0.1581225232506058
iemocap,20260922,0,0.5,loudness,valence,absolute,0.02191895661776559
iemocap,20260922,0,0.5,loudness,arousal,absolute,0.09465133050172714
iemocap,20260922,0,0.5,loudness,dominance,absolute,0.07471770522358184
iemocap,20260922,0,0.5,loudness,valence,relative,0.02367910381115472
iemocap,20260922,0,0.5,loudness,arousal,relative,0.09267640913934924
iemocap,20260922,0,0.5,loudness,dominance,relative,0.0746555765454704
iemocap,20260922,0,0.5,loudness,valence,hybrid,0.02263408784472942
iemocap,20260922,0,0.5,loudness,arousal,hybrid,0.09550804222452323
iemocap,20260922,0,0.5,loudness,dominance,hybrid,0.07577421810743956
iemocap,20260922,0,0.5,rate,valence,absolute,0.01412039914829865
iemocap,20260922,0,0.5,rate,arousal,absolute,0.13846688270940327
iemocap,20260922,0,0.5,rate,dominance,absolute,0.19320369489553538
iemocap,20260922,0,0.5,rate,valence,relative,0.014912679326354586
iemocap,20260922,0,0.5,rate,arousal,relative,0.140374302501513
iemocap,20260922,0,0.5,rate,dominance,relative,0.19273818028662446
iemocap,20260922,0,0.5,rate,valence,hybrid,0.014477993005190364
iemocap,20260922,0,0.5,rate,arousal,hybrid,0.1398948976584537
iemocap,20260922,0,0.5,rate,dominance,hybrid,0.19209767605789416
iemocap,20260922,0,0.75,pitch,valence,absolute,-0.00037356386586056254
iemocap,20260922,0,0.75,pitch,arousal,absolute,0.18301097336816835
iemocap,20260922,0,0.75,pitch,dominance,absolute,0.08209428932813607
iemocap,20260922,0,0.75,pitch,valence,relative,-0.0006935257129608809
iemocap,20260922,0,0.75,pitch,arousal,relative,0.3545237330882887
iemocap,20260922,0,0.75,pitch,dominance,relative,0.15700162908116402
iemocap,20260922,0,0.75,pitch,valence,hybrid,-0.00042192808979397734
iemocap,20260922,0,0.75,pitch,arousal,hybrid,0.3485416524645952
iemocap,20260922,0,0.75,pitch,dominance,hybrid,0.15631187992105441
iemocap,20260922,0,0.75,loudness,valence,absolute,0.021793246680962473
iemocap,20260922,0,0.75,loudness,arousal,absolute,0.09649993518121468
iemocap,20260922,0,0.75,loudness,dominance,absolute,0.07663923489667124
iemocap,20260922,0,0.75,loudness,valence,relative,0.02362340670366559
iemocap,20260922,0,0.75,loudness,arousal,relative,0.09017403724617928
iemocap,20260922,0,0.75,loudness,dominance,relative,0.07381322117431603
iemocap,20260922,0,0.75,loudness,valence,hybrid,0.021272880004092786
iemocap,20260922,0,0.75,loudness,arousal,hybrid,0.09647900143745147
iemocap,20260922,0,0.75,loudness,dominance,hybrid,0.07635477114253203
iemocap,20260922,0,0.75,rate,valence,absolute,0.013855090147653263
iemocap,20260922,0,0.75,rate,arousal,absolute,0.13607548926070775
iemocap,20260922,0,0.75,rate,dominance,absolute,0.1941219307420834
iemocap,20260922,0,0.75,rate,valence,relative,0.014861787252515007
iemocap,20260922,0,0.75,rate,arousal,relative,0.13706453670955582
iemocap,20260922,0,0.75,rate,dominance,relative,0.19079527358917034
iemocap,20260922,0,0.75,rate,valence,hybrid,0.013850671849413151
iemocap,20260922,0,0.75,rate,arousal,hybrid,0.13604623862316725
iemocap,20260922,0,0.75,rate,dominance,hybrid,0.18973900227698146
iemocap,20260922,0,1.0,pitch,valence,absolute,-0.00030625548400823916
iemocap,20260922,0,1.0,pitch,arousal,absolute,0.17644118063293013
iemocap,20260922,0,1.0,pitch,dominance,absolute,0.0824067802103254
iemocap,20260922,0,1.0,pitch,valence,relative,-0.0006800403615356609
iemocap,20260922,0,1.0,pitch,arousal,relative,0.34378610874431487
iemocap,20260922,0,1.0,pitch,dominance,relative,0.15513248076073788
iemocap,20260922,0,1.0,pitch,valence,hybrid,-0.000186739083673651
iemocap,20260922,0,1.0,pitch,arousal,hybrid,0.3339280699695826
iemocap,20260922,0,1.0,pitch,dominance,hybrid,0.15358508705066218
iemocap,20260922,0,1.0,loudness,valence,absolute,0.021633650253997275
iemocap,20260922,0,1.0,loudness,arousal,absolute,0.09738321781704591
iemocap,20260922,0,1.0,loudness,dominance,absolute,0.07818718388376587
iemocap,20260922,0,1.0,loudness,valence,relative,0.023563370492895707
iemocap,20260922,0,1.0,loudness,arousal,relative,0.08693043623791928
iemocap,20260922,0,1.0,loudness,dominance,relative,0.07264461483227196
iemocap,20260922,0,1.0,loudness,valence,hybrid,0.019392882034681844
iemocap,20260922,0,1.0,loudness,arousal,hybrid,0.09783481387556148
iemocap,20260922,0,1.0,loudness,dominance,hybrid,0.07713434612169477
iemocap,20260922,0,1.0,rate,valence,absolute,0.013582794321870156
iemocap,20260922,0,1.0,rate,arousal,absolute,0.13247046426714235
iemocap,20260922,0,1.0,rate,dominance,absolute,0.19417815211135453
iemocap,20260922,0,1.0,rate,valence,relative,0.014808413750261089
iemocap,20260922,0,1.0,rate,arousal,relative,0.13264119759958368
iemocap,20260922,0,1.0,rate,dominance,relative,0.18805803142364125
iemocap,20260922,0,1.0,rate,valence,hybrid,0.012983921066299862
iemocap,20260922,0,1.0,rate,arousal,hybrid,0.13080829576905173
iemocap,20260922,0,1.0,rate,dominance,hybrid,0.18649618607958465
iemocap,20260922,1,0.0,pitch,valence,absolute,0.00036487651101326646
iemocap,20260922,1,0.0,pitch,arousal,absolute,0.17083494362968527
iemocap,20260922,1,0.0,pitch,dominance,absolute,0.07711973843591668
iemocap,20260922,1,0.0,pitch,valence,relative,0.0006433091844669638
iemocap,20260922,1,0.0,pitch,arousal,relative,0.3155895553633117
iemocap,20260922,1,0.0,pitch,dominance,relative,0.13872648152057993
iemocap,20260922,1,0.0,pitch,valence,hybrid,0.0006448709074509354
iemocap,20260922,1,0.0,pitch,arousal,hybrid,0.31620196869158834
iemocap,20260922,1,0.0,pitch,dominance,hybrid,0.13903333857228978
iemocap,20260922,1,0.0,loudness,valence,absolute,0.018567127060687083
iemocap,20260922,1,0.0,loudness,arousal,absolute,0.042039607176882515
iemocap,20260922,1,0.0,loudness,dominance,absolute,0.03137251400837387
iemocap,20260922,1,0.0,loudness,valence,relative,0.019915876676139418
iemocap,20260922,1,0.0,loudness,arousal,relative,0.045216496346365244
iemocap,20260922,1,0.0,loudness,dominance,relative,0.033732343881767726
iemocap,20260922,1,0.0,loudness,valence,hybrid,0.01991675659467735
iemocap,20260922,1,0.0,loudness,arousal,hybrid,0.04521756662039984
iemocap,20260922,1,0.0,loudness,dominance,hybrid,0.03373323023225584
iemocap,20260922,1,0.0,rate,valence,absolute,0.004980909164682379
iemocap,20260922,1,0.0,rate,arousal,absolute,0.13816634163417016
iemocap,20260922,1,0.0,rate,dominance,absolute,0.16063095657070642
iemocap,20260922,1,0.0,rate,valence,relative,0.005157910176833369
iemocap,20260922,1,0.0,rate,arousal,relative,0.1428048558148671
iemocap,20260922,1,0.0,rate,dominance,relative,0.1658727577679768
iemocap,20260922,1,0.0,rate,valence,hybrid,0.0051599061554473595
iemocap,20260922,1,0.0,rate,arousal,hybrid,0.1428504496067405
iemocap,20260922,1,0.0,rate,dominance,hybrid,0.16592040227525673
iemocap,20260922,1,0.25,pitch,valence,absolute,0.000673811895664431
iemocap,20260922,1,0.25,pitch,arousal,absolute,0.1732132264792683
iemocap,20260922,1,0.25,pitch,dominance,absolute,0.07644185041984534
iemocap,20260922,1,0.25,pitch,valence,relative,0.0006265030554262194
iemocap,20260922,1,0.25,pitch,arousal,relative,0.3146907193982775
iemocap,20260922,1,0.25,pitch,dominance,relative,0.1391747696135791
iemocap,20260922,1,0.25,pitch,valence,hybrid,0.0006580615702792785
iemocap,20260922,1,0.25,pitch,arousal,hybrid,0.3156334071049088
iemocap,20260922,1,0.25,pitch,dominance,hybrid,0.13926961531523202
iemocap,20260922,1,0.25,loudness,valence,absolute,0.0190068023637579
iemocap,20260922,1,0.25,loudness,arousal,absolute,0.05055544684937539
iemocap,20260922,1,0.25,loudness,dominance,absolute,0.039681795996490375
iemocap,20260922,1,0.25,loudness,valence,relative,0.01985962496360603
iemocap,20260922,1,0.25,loudness,arousal,relative,0.04519582645785141
iemocap,20260922,1,0.25,loudness,dominance,relative,0.033790761211227725
iemocap,20260922,1,0.25,loudness,valence,hybrid,0.019918550696464858
iemocap,20260922,1,0.25,loudness,arousal,hybrid,0.04690390038896654
iemocap,20260922,1,0.25,loudness,dominance,hybrid,0.03506161825895269
iemocap,20260922,1,0.25,rate,valence,absolute,0.004884857136950499
iemocap,20260922,1,0.25,rate,arousal,absolute,0.13865970561230767
iemocap,20260922,1,0.25,rate,dominance,absolute,0.16134481850609203
iemocap,20260922,1,0.25,rate,valence,relative,0.005133379396446865
iemocap,20260922,1,0.25,rate,arousal,relative,0.14187027064885444
iemocap,20260922,1,0.25,rate,dominance,relative,0.16469679984012833
iemocap,20260922,1,0.25,rate,valence,hybrid,0.0051515192613174774
iemocap,20260922,1,0.25,rate,arousal,hybrid,0.14154317892280283
iemocap,20260922,1,0.25,rate,dominance,hybrid,0.16426124046667068
iemocap,20260922,1,0.5,pitch,valence,absolute,0.0009841274161082032
iemocap,20260922,1,0.5,pitch,arousal,absolute,0.17412669943190015
iemocap,20260922,1,0.5,pitch,dominance,absolute,0.0748998432974333
iemocap,20260922,1,0.5,pitch,valence,relative,0.0006095337343536323
iemocap,20260922,1,0.5,pitch,arousal,relative,0.3114698082271854
iemocap,20260922,1,0.5,pitch,dominance,relative,0.13839133578356502
iemocap,20260922,1,0.5,pitch,valence,hybrid,0.000671538615885634
iemocap,20260922,1,0.5,pitch,arousal,hybrid,0.31177928176421316
iemocap,20260922,1,0.5,pitch,dominance,hybrid,0.13768747334358952
iemocap,20260922,1,0.5,loudness,valence,absolute,0.01944940331459214
iemocap,20260922,1,0.5,loudness,arousal,absolute,0.058685981476466434
iemocap,20260922,1,0.5,loudness,dominance,absolute,0.04761228968280584
iemocap,20260922,1,0.5,loudness,valence,relative,0.019801384453578524
iemocap,20260922,1,0.5,loudness,arousal,relative,0.04481299973237763
iemocap,20260922,1,0.5,loudness,dominance,relative,0.03354722469714829
iemocap,20260922,1,0.5,loudness,valence,hybrid,0.020008608217002177
iemocap,20260922,1,0.5,loudness,arousal,hybrid,0.05110562018628839
iemocap,20260922,1,0.5,loudness,dominance,hybrid,0.038119487032654636
iemocap,20260922,1,0.5,rate,valence,absolute,0.004789152650679472
iemocap,20260922,1,0.5,rate,arousal,absolute,0.13801053954550518
iemocap,20260922,1,0.5,rate,dominance,absolute,0.16062410540108712
iemocap,20260922,1,0.5,rate,valence,relative,0.005108410402150015
iemocap,20260922,1,0.5,rate,arousal,relative,0.139830309071165
iemocap,20260922,1,0.5,rate,dominance,relative,0.1621418503678349
iemocap,20260922,1,0.5,rate,valence,hybrid,0.005157445978372643
iemocap,20260922,1,0.5,rate,arousal,hybrid,0.1386559513890041
iemocap,20260922,1,0.5,rate,dominance,hybrid,0.16057515549113635
iemocap,20260922,1,0.75,pitch,valence,absolute,0.0012953489345863371
iemocap,20260922,1,0.75,pitch,arousal,absolute,0.17348484143587303
iemocap,20260922,1,0.75,pitch,dominance,absolute,0.07251686653950985
iemocap,20260922,1,0.75,pitch,valence,relative,0.0005923984963791068
iemocap,20260922,1,0.75,pitch,arousal,relative,0.3060684456198937
iemocap,20260922,1,0.75,pitch,dominance,relative,0.13644971446433032
iemocap,20260922,1,0.75,pitch,valence,hybrid,0.0006852233885942841
iemocap,20260922,1,0.75,pitch,arousal,hybrid,0.3048729610769285
iemocap,20260922,1,0.75,pitch,dominance,hybrid,0.13444354419138607
iemocap,20260922,1,0.75,loudness,valence,absolute,0.01989474721083384
iemocap,20260922,1,0.75,loudness,arousal,absolute,0.06625276793093811
iemocap,20260922,1,0.75,loudness,dominance,absolute,0.05497522627430323
iemocap,20260922,1,0.75,loudness,valence,relative,0.019741119879585628
iemocap,20260922,1,0.75,loudness,arousal,relative,0.044087667812262754
iemocap,20260922,1,0.75,loudness,dominance,relative,0.03302028881483738
iemocap,20260922,1,0.75,loudness,valence,hybrid,0.020186856330297962
iemocap,20260922,1,0.75,loudness,arousal,hybrid,0.05759741807282082
iemocap,20260922,1,0.75,loudness,dominance,hybrid,0.04274343212737523
iemocap,20260922,1,0.75,rate,valence,absolute,0.004693836051361033
iemocap,20260922,1,0.75,rate,arousal,absolute,0.13626506838232938
iemocap,20260922,1,0.75,rate,dominance,absolute,0.15853310477948973
iemocap,20260922,1,0.75,rate,valence,relative,0.005082954828672717
iemocap,20260922,1,0.75,rate,arousal,relative,0.13676576724974884
iemocap,20260922,1,0.75,rate,dominance,relative,0.1583255419781304
iemocap,20260922,1,0.75,rate,valence,hybrid,0.00517769248308511
iemocap,20260922,1,0.75,rate,arousal,hybrid,0.13426587551215602
iemocap,20260922,1,0.75,rate,dominance,hybrid,0.15496283338971534
iemocap,20260922,1,1.0,pitch,valence,absolute,0.001606984486766274
iemocap,20260922,1,1.0,pitch,arousal,absolute,0.17120538456789433
iemocap,20260922,1,1.0,pitch,dominance,absolute,0.06936946921881336
iemocap,20260922,1,1.0,pitch,valence,relative,0.000575108439944521
iemocap,20260922,1,1.0,pitch,arousal,relative,0.2987574830427274
iemocap,20260922,1,1.0,pitch,dominance,relative,0.13348577760118055
iemocap,20260922,1,1.0,pitch,valence,hybrid,0.0006990486308078895
iemocap,20260922,1,1.0,pitch,arousal,hybrid,0.2953588871102718
iemocap,20260922,1,1.0,pitch,dominance,hybrid,0.12981186589457627
iemocap,20260922,1,1.0,loudness,valence,absolute,0.020342691129619686
iemocap,20260922,1,1.0,loudness,arousal,absolute,0.07312854265552736
iemocap,20260922,1,1.0,loudness,dominance,absolute,0.061630740550350845
iemocap,20260922,1,1.0,loudness,valence,relative,0.019678701560383236
iemocap,20260922,1,1.0,loudness,arousal,relative,0.04306109262651146
iemocap,20260922,1,1.0,loudness,dominance,relative,0.032243943569217975
iemocap,20260922,1,1.0,loudness,valence,hybrid,0.020453074350737725
iemocap,20260922,1,1.0,loudness,arousal,hybrid,0.06605831361699782
iemocap,20260922,1,1.0,loudness,dominance,hybrid,0.048700061541753506
iemocap,20260922,1,1.0,rate,valence,absolute,0.004598898314560829
iemocap,20260922,1,1.0,rate,arousal,absolute,0.13352752221582678
iemocap,20260922,1,1.0,rate,dominance,absolute,0.15520611459960124
iemocap,20260922,1,1.0,rate,valence,relative,0.005057069976621121
iemocap,20260922,1,1.0,rate,arousal,relative,0.13281713392366437
iemocap,20260922,1,1.0,rate,dominance,relative,0.15342861520937534
iemocap,20260922,1,1.0,rate,valence,hybrid,0.00521223200416488
iemocap,20260922,1,1.0,rate,arousal,hybrid,0.1285025461031135
iemocap,20260922,1,1.0,rate,dominance,hybrid,0.1475800913697288
iemocap,20260922,2,0.0,pitch,valence,absolute,-1.55467594717198e-05
iemocap,20260922,2,0.0,pitch,arousal,absolute,0.21901089294614062
iemocap,20260922,2,0.0,pitch,dominance,absolute,0.053117756057699785
iemocap,20260922,2,0.0,pitch,valence,relative,-2.926543858683514e-05
iemocap,20260922,2,0.0,pitch,arousal,relative,0.3947073526294768
iemocap,20260922,2,0.0,pitch,dominance,relative,0.09845823047029961
iemocap,20260922,2,0.0,pitch,valence,hybrid,-2.9370256301355788e-05
iemocap,20260922,2,0.0,pitch,arousal,hybrid,0.3948703193881716
iemocap,20260922,2,0.0,pitch,dominance,hybrid,0.09870783912772657
iemocap,20260922,2,0.0,loudness,valence,absolute,0.0209257108246212
iemocap,20260922,2,0.0,loudness,arousal,absolute,0.025329917199738143
iemocap,20260922,2,0.0,loudness,dominance,absolute,0.02593110239937664
iemocap,20260922,2,0.0,loudness,valence,relative,0.023150380403388564
iemocap,20260922,2,0.0,loudness,arousal,relative,0.02783151823425675
iemocap,20260922,2,0.0,loudness,dominance,relative,0.028595098765355823
iemocap,20260922,2,0.0,loudness,valence,hybrid,0.023150497319652144
iemocap,20260922,2,0.0,loudness,arousal,hybrid,0.027831561826110532
iemocap,20260922,2,0.0,loudness,dominance,hybrid,0.02859522194945239
iemocap,20260922,2,0.0,rate,valence,absolute,0.007000050207561098
iemocap,20260922,2,0.0,rate,arousal,absolute,0.13795819575054585
iemocap,20260922,2,0.0,rate,dominance,absolute,0.12948777234775014
iemocap,20260922,2,0.0,rate,valence,relative,0.007192994372224255
iemocap,20260922,2,0.0,rate,arousal,relative,0.14208987119278613
iemocap,20260922,2,0.0,rate,dominance,relative,0.1333451430080431
iemocap,20260922,2,0.0,rate,valence,hybrid,0.007194020577010523
iemocap,20260922,2,0.0,rate,arousal,hybrid,0.14211836639930575
iemocap,20260922,2,0.0,rate,dominance,hybrid,0.13337177569744518
iemocap,20260922,2,0.25,pitch,valence,absolute,9.073907376174603e-05
iemocap,20260922,2,0.25,pitch,arousal,absolute,0.21837764313242372
iemocap,20260922,2,0.25,pitch,dominance,absolute,0.055474610289255155
iemocap,20260922,2,0.25,pitch,valence,relative,-3.10189356476212e-05
iemocap,20260922,2,0.25,pitch,arousal,relative,0.3926068533969519
iemocap,20260922,2,0.25,pitch,dominance,relative,0.09863261417057846
iemocap,20260922,2,0.25,pitch,valence,hybrid,5.242446839115256e-06
iemocap,20260922,2,0.25,pitch,arousal,hybrid,0.3902949066865188
iemocap,20260922,2,0.25,pitch,dominance,hybrid,0.09890157300405798
iemocap,20260922,2,0.25,loudness,valence,absolute,0.021655601814633826
iemocap,20260922,2,0.25,loudness,arousal,absolute,0.031020939178612764
iemocap,20260922,2,0.25,loudness,dominance,absolute,0.028048200552469146
iemocap,20260922,2,0.25,loudness,valence,relative,0.023108145415387252
iemocap,20260922,2,0.25,loudness,arousal,relative,0.027856665725068938
iemocap,20260922,2,0.25,loudness,dominance,relative,0.028614821591127413
iemocap,20260922,2,0.25,loudness,valence,hybrid,0.02313551794968615
iemocap,20260922,2,0.25,loudness,arousal,hybrid,0.029184105819108852
iemocap,20260922,2,0.25,loudness,dominance,hybrid,0.029024498286332363
iemocap,20260922,2,0.25,rate,valence,absolute,0.006944506495650512
iemocap,20260922,2,0.25,rate,arousal,absolute,0.13886798213064838
iemocap,20260922,2,0.25,rate,dominance,absolute,0.1313849064029018
iemocap,20260922,2,0.25,rate,valence,relative,0.0071499952398240765
iemocap,20260922,2,0.25,rate,arousal,relative,0.14091301914597226
iemocap,20260922,2,0.25,rate,dominance,relative,0.13308525668466814
iemocap,20260922,2,0.25,rate,valence,hybrid,0.007151561753147842
iemocap,20260922,2,0.25,rate,arousal,hybrid,0.14105686922630026
iemocap,20260922,2,0.25,rate,dominance,hybrid,0.13308090647722687
iemocap,20260922,2,0.5,pitch,valence,absolute,0.00022096124445555607
iemocap,20260922,2,0.5,pitch,arousal,absolute,0.21539223677841143
iemocap,20260922,2,0.5,pitch,dominance,absolute,0.05750666332310628
iemocap,20260922,2,0.5,pitch,valence,relative,-3.264333826244625e-05
iemocap,20260922,2,0.5,pitch,arousal,relative,0.3865380772461977
iemocap,20260922,2,0.5,pitch,dominance,relative,0.09843335612046292
iemocap,20260922,2,0.5,pitch,valence,hybrid,9.068070753909355e-05
iemocap,20260922,2,0.5,pitch,arousal,hybrid,0.38022728368373127
iemocap,20260922,2,0.5,pitch,dominance,hybrid,0.09859843278340827
iemocap,20260922,2,0.5,loudness,valence,absolute,0.02234669706866287
iemocap,20260922,2,0.5,loudness,arousal,absolute,0.03635544947142794
iemocap,20260922,2,0.5,loudness,dominance,absolute,0.030102939907339324
iemocap,20260922,2,0.5,loudness,valence,relative,0.023025155584449963
iemocap,20260922,2,0.5,loudness,arousal,relative,0.02753173304752439
iemocap,20260922,2,0.5,loudness,dominance,relative,0.028520529773274458
iemocap,20260922,2,0.5,loudness,valence,hybrid,0.023123318442375956
iemocap,20260922,2,0.5,loudness,arousal,hybrid,0.03265278830403275
iemocap,20260922,2,0.5,loudness,dominance,hybrid,0.030118248539753444
iemocap,20260922,2,0.5,rate,valence,absolute,0.0068767800010470885
iemocap,20260922,2,0.5,rate,arousal,absolute,0.13804218725247502
iemocap,20260922,2,0.5,rate,dominance,absolute,0.132791568656267
iemocap,20260922,2,0.5,rate,valence,relative,0.0070943720212353345
iemocap,20260922,2,0.5,rate,arousal,relative,0.13801567709279083
iemocap,20260922,2,0.5,rate,dominance,relative,0.1323150357078177
iemocap,20260922,2,0.5,rate,valence,hybrid,0.007095507210308265
iemocap,20260922,2,0.5,rate,arousal,hybrid,0.13886648868947454
iemocap,20260922,2,0.5,rate,dominance,hybrid,0.13265654806438706
iemocap,20260922,2,0.75,pitch,valence,absolute,0.0003743783256433222
iemocap,20260922,2,0.75,pitch,arousal,absolute,0.21064677779675972
iemocap,20260922,2,0.75,pitch,dominance,absolute,0.059209530732659756
iemocap,20260922,2,0.75,pitch,valence,relative,-3.413520743358687e-05
iemocap,20260922,2,0.75,pitch,arousal,relative,0.37686772587010436
iemocap,20260922,2,0.75,pitch,dominance,relative,0.09786829683527176
iemocap,20260922,2,0.75,pitch,valence,hybrid,0.00022627324472243173
iemocap,20260922,2,0.75,pitch,arousal,hybrid,0.3656580200992426
iemocap,20260922,2,0.75,pitch,dominance,hybrid,0.09782353353802145
iemocap,20260922,2,0.75,loudness,valence,absolute,0.02299578954344737
iemocap,20260922,2,0.75,loudness,arousal,absolute,0.04116582319316056
iemocap,20260922,2,0.75,loudness,dominance,absolute,0.032071226190146
iemocap,20260922,2,0.75,loudness,valence,relative,0.0229025961558213
iemocap,20260922,2,0.75,loudness,arousal,relative,0.026887990870886284
iemocap,20260922,2,0.75,loudness,dominance,relative,0.028314758042939345
iemocap,20260922,2,0.75,loudness,valence,hybrid,0.023114433130831443
iemocap,20260922,2,0.75,loudness,arousal,hybrid,0.037954051552116674
iemocap,20260922,2,0.75,loudness,dominance,hybrid,0.03184230110368051
iemocap,20260922,2,0.75,rate,valence,absolute,0.006797613519314261
iemocap,20260922,2,0.75,rate,arousal,absolute,0.13556037058968254
iemocap,20260922,2,0.75,rate,dominance,absolute,0.13369140867870768
iemocap,20260922,2,0.75,rate,valence,relative,0.007026730204999903
iemocap,20260922,2,0.75,rate,arousal,relative,0.13359424000625522
iemocap,20260922,2,0.75,rate,dominance,relative,0.13104873727783323
iemocap,20260922,2,0.75,rate,valence,hybrid,0.007026424044868123
iemocap,20260922,2,0.75,rate,arousal,hybrid,0.1356335950762853
iemocap,20260922,2,0.75,rate,dominance,hybrid,0.13209965201788318
iemocap,20260922,2,1.0,pitch,valence,absolute,0.000550062625652533
iemocap,20260922,2,1.0,pitch,arousal,absolute,0.20465193321461958
iemocap,20260922,2,1.0,pitch,dominance,absolute,0.0605926919835053
iemocap,20260922,2,1.0,pitch,valence,relative,-3.549531971912054e-05
iemocap,20260922,2,1.0,pitch,arousal,relative,0.3641283495171198
iemocap,20260922,2,1.0,pitch,dominance,relative,0.09695496858091716
iemocap,20260922,2,1.0,pitch,valence,hybrid,0.0004109572741743623
iemocap,20260922,2,1.0,pitch,arousal,hybrid,0.3478071313879302
iemocap,20260922,2,1.0,pitch,dominance,hybrid,0.09662279831628913
iemocap,20260922,2,1.0,loudness,valence,absolute,0.02359971417966907
iemocap,20260922,2,1.0,loudness,arousal,absolute,0.045338705602150475
iemocap,20260922,2,1.0,loudness,dominance,absolute,0.033933444312828714
iemocap,20260922,2,1.0,loudness,valence,relative,0.0227410505741588
iemocap,20260922,2,1.0,loudness,arousal,relative,0.025974990628844778
iemocap,20260922,2,1.0,loudness,dominance,relative,0.02800315129973863
iemocap,20260922,2,1.0,loudness,valence,hybrid,0.02310832738629213
iemocap,20260922,2,1.0,loudness,arousal,hybrid,0.04468212202163735
iemocap,20260922,2,1.0,loudness,dominance,hybrid,0.03414447469805958
iemocap,20260922,2,1.0,rate,valence,absolute,0.006707332352507239
iemocap,20260922,2,1.0,rate,arousal,absolute,0.13161295288561853
iemocap,20260922,2,1.0,rate,dominance,absolute,0.13408209376804864
iemocap,20260922,2,1.0,rate,valence,relative,0.006947421848500963
iemocap,20260922,2,1.0,rate,arousal,relative,0.12792719815841702
iemocap,20260922,2,1.0,rate,dominance,relative,0.12931504418234369
iemocap,20260922,2,1.0,rate,valence,hybrid,0.00694471213354362
iemocap,20260922,2,1.0,rate,arousal,hybrid,0.13148067066479158
iemocap,20260922,2,1.0,rate,dominance,hybrid,0.13141172465808013
iemocap,20260922,3,0.0,pitch,valence,absolute,9.821472350050283e-05
iemocap,20260922,3,0.0,pitch,arousal,absolute,0.20107805677824034
iemocap,20260922,3,0.0,pitch,dominance,absolute,0.07580985824667161
iemocap,20260922,3,0.0,pitch,valence,relative,0.0001944910914551158
iemocap,20260922,3,0.0,pitch,arousal,relative,0.3588051864600028
iemocap,20260922,3,0.0,pitch,dominance,relative,0.1440992192417975
iemocap,20260922,3,0.0,pitch,valence,hybrid,0.0001948789817417314
iemocap,20260922,3,0.0,pitch,arousal,hybrid,0.35947552334241745
iemocap,20260922,3,0.0,pitch,dominance,hybrid,0.14437852898609652
iemocap,20260922,3,0.0,loudness,valence,absolute,0.025230887406810076
iemocap,20260922,3,0.0,loudness,arousal,absolute,0.09538822556478235
iemocap,20260922,3,0.0,loudness,dominance,absolute,0.07043736938186643
iemocap,20260922,3,0.0,loudness,valence,relative,0.02818497146683257
iemocap,20260922,3,0.0,loudness,arousal,relative,0.10594836176581642
iemocap,20260922,3,0.0,loudness,dominance,relative,0.0783891752197277
iemocap,20260922,3,0.0,loudness,valence,hybrid,0.028185056017651738
iemocap,20260922,3,0.0,loudness,arousal,hybrid,0.10594836901526264
iemocap,20260922,3,0.0,loudness,dominance,hybrid,0.07838928794510716
iemocap,20260922,3,0.0,rate,valence,absolute,0.00702573963228119
iemocap,20260922,3,0.0,rate,arousal,absolute,0.18852767308467003
iemocap,20260922,3,0.0,rate,dominance,absolute,0.20355674117555833
iemocap,20260922,3,0.0,rate,valence,relative,0.007293832851056635
iemocap,20260922,3,0.0,rate,arousal,relative,0.19497108342388345
iemocap,20260922,3,0.0,rate,dominance,relative,0.21030060129115039
iemocap,20260922,3,0.0,rate,valence,hybrid,0.00729553170724299
iemocap,20260922,3,0.0,rate,arousal,hybrid,0.1950159499764351
iemocap,20260922,3,0.0,rate,dominance,hybrid,0.21034842224623365
iemocap,20260922,3,0.25,pitch,valence,absolute,0.0009362503917471729
iemocap,20260922,3,0.25,pitch,arousal,absolute,0.21815462266984137
iemocap,20260922,3,0.25,pitch,dominance,absolute,0.07602983496675625
iemocap,20260922,3,0.25,pitch,valence,relative,0.000198143160035142
iemocap,20260922,3,0.25,pitch,arousal,relative,0.3568921329694556
iemocap,20260922,3,0.25,pitch,dominance,relative,0.14466163829673562
iemocap,20260922,3,0.25,pitch,valence,hybrid,0.00040884283773906884
iemocap,20260922,3,0.25,pitch,arousal,hybrid,0.35856965439531197
iemocap,20260922,3,0.25,pitch,dominance,hybrid,0.14493547140402602
iemocap,20260922,3,0.25,loudness,valence,absolute,0.025177409881300634
iemocap,20260922,3,0.25,loudness,arousal,absolute,0.09724053951813692
iemocap,20260922,3,0.25,loudness,dominance,absolute,0.07262009145849922
iemocap,20260922,3,0.25,loudness,valence,relative,0.028101866392553576
iemocap,20260922,3,0.25,loudness,arousal,relative,0.1055156139078484
iemocap,20260922,3,0.25,loudness,dominance,relative,0.07851005575456489
iemocap,20260922,3,0.25,loudness,valence,hybrid,0.028095823316339957
iemocap,20260922,3,0.25,loudness,arousal,hybrid,0.10503385508574674
iemocap,20260922,3,0.25,loudness,dominance,hybrid,0.07854668199150275
iemocap,20260922,3,0.25,rate,valence,absolute,0.006694262979753789
iemocap,20260922,3,0.25,rate,arousal,absolute,0.18941380215403547
iemocap,20260922,3,0.25,rate,dominance,absolute,0.2072915948666336
iemocap,20260922,3,0.25,rate,valence,relative,0.007214006035802199
iemocap,20260922,3,0.25,rate,arousal,relative,0.19443925654953514
iemocap,20260922,3,0.25,rate,dominance,relative,0.21043200911666815
iemocap,20260922,3,0.25,rate,valence,hybrid,0.007301157124618648
iemocap,20260922,3,0.25,rate,arousal,hybrid,0.19257289863244964
iemocap,20260922,3,0.25,rate,dominance,hybrid,0.210107060070546
iemocap,20260922,3,0.5,pitch,valence,absolute,0.0019169851774035601
iemocap,20260922,3,0.5,pitch,arousal,absolute,0.23423377629580674
iemocap,20260922,3,0.5,pitch,dominance,absolute,0.07615286496196691
iemocap,20260922,3,0.5,pitch,valence,relative,0.00020118226581979955
iemocap,20260922,3,0.5,pitch,arousal,relative,0.35414873241334577
iemocap,20260922,3,0.5,pitch,dominance,relative,0.14507109774774266
iemocap,20260922,3,0.5,pitch,valence,hybrid,0.0009100282363844798
iemocap,20260922,3,0.5,pitch,arousal,hybrid,0.3560145655964255
iemocap,20260922,3,0.5,pitch,dominance,hybrid,0.14532780441036663
iemocap,20260922,3,0.5,loudness,valence,absolute,0.025050186501530392
iemocap,20260922,3,0.5,loudness,arousal,absolute,0.09865250192459797
iemocap,20260922,3,0.5,loudness,dominance,absolute,0.07472222021623981
iemocap,20260922,3,0.5,loudness,valence,relative,0.02793959123385311
iemocap,20260922,3,0.5,loudness,arousal,relative,0.10478208951809086
iemocap,20260922,3,0.5,loudness,dominance,relative,0.0785448652013475
iemocap,20260922,3,0.5,loudness,valence,hybrid,0.027914822684390404
iemocap,20260922,3,0.5,loudness,arousal,hybrid,0.10284911721664435
iemocap,20260922,3,0.5,loudness,dominance,hybrid,0.078703176716611
iemocap,20260922,3,0.5,rate,valence,absolute,0.006351817266874608
iemocap,20260922,3,0.5,rate,arousal,absolute,0.18960759017330522
iemocap,20260922,3,0.5,rate,dominance,absolute,0.21077301065063403
iemocap,20260922,3,0.5,rate,valence,relative,0.007114302175565632
iemocap,20260922,3,0.5,rate,arousal,relative,0.19336685835625128
iemocap,20260922,3,0.5,rate,dominance,relative,0.21034757413441166
iemocap,20260922,3,0.5,rate,valence,hybrid,0.007411398213463708
iemocap,20260922,3,0.5,rate,arousal,hybrid,0.18614102530101756
iemocap,20260922,3,0.5,rate,dominance,hybrid,0.20962254646162193
iemocap,20260922,3,0.75,pitch,valence,absolute,0.0030304053921933346
iemocap,20260922,3,0.75,pitch,arousal,absolute,0.24919592032786608
iemocap,20260922,3,0.75,pitch,dominance,absolute,0.07618021327705557
iemocap,20260922,3,0.75,pitch,valence,relative,0.00020354495210105148
iemocap,20260922,3,0.75,pitch,arousal,relative,0.3506014870212952
iemocap,20260922,3,0.75,pitch,dominance,relative,0.1453317859091796
iemocap,20260922,3,0.75,pitch,valence,hybrid,0.001690846847424988
iemocap,20260922,3,0.75,pitch,arousal,hybrid,0.35184581125435677
iemocap,20260922,3,0.75,pitch,dominance,hybrid,0.14555939120142744
iemocap,20260922,3,0.75,loudness,valence,absolute,0.024850958586238387
iemocap,20260922,3,0.75,loudness,arousal,absolute,0.09962255608195822
iemocap,20260922,3,0.75,loudness,dominance,absolute,0.07673855430599881
iemocap,20260922,3,0.75,loudness,valence,relative,0.02770057434037824
iemocap,20260922,3,0.75,loudness,arousal,relative,0.10375762904690015
iemocap,20260922,3,0.75,loudness,dominance,relative,0.07849620938567875
iemocap,20260922,3,0.75,loudness,valence,hybrid,0.02764483926367048
iemocap,20260922,3,0.75,loudness,arousal,hybrid,0.09943615050582778
iemocap,20260922,3,0.75,loudness,dominance,hybrid,0.0788598626486124
iemocap,20260922,3,0.75,rate,valence,absolute,0.0060015222342531165
iemocap,20260922,3,0.75,rate,arousal,absolute,0.18912318208611192
iemocap,20260922,3,0.75,rate,dominance,absolute,0.21399694866658528
iemocap,20260922,3,0.75,rate,valence,relative,0.006995813338939182
iemocap,20260922,3,0.75,rate,arousal,relative,0.19177114920431115
iemocap,20260922,3,0.75,rate,dominance,relative,0.2100523581257467
iemocap,20260922,3,0.75,rate,valence,hybrid,0.007624039868513839
iemocap,20260922,3,0.75,rate,arousal,hybrid,0.17586109271922815
iemocap,20260922,3,0.75,rate,dominance,hybrid,0.20890374995622152
iemocap,20260922,3,1.0,pitch,valence,absolute,0.0042645025202009594
iemocap,20260922,3,1.0,pitch,arousal,absolute,0.26293305053676813
iemocap,20260922,3,1.0,pitch,dominance,absolute,0.0761129327335908
iemocap,20260922,3,1.0,pitch,valence,relative,0.00020523395351979964
iemocap,20260922,3,1.0,pitch,arousal,relative,0.3462906989240218
iemocap,20260922,3,1.0,pitch,dominance,relative,0.14544413012000929
iemocap,20260922,3,1.0,pitch,valence,hybrid,0.0027393847354709737
iemocap,20260922,3,1.0,pitch,arousal,hybrid,0.3461233804789169
iemocap,20260922,3,1.0,pitch,dominance,hybrid,0.14563079905904217
iemocap,20260922,3,1.0,loudness,valence,absolute,0.024582733320247747
iemocap,20260922,3,1.0,loudness,arousal,absolute,0.10015565815398109
iemocap,20260922,3,1.0,loudness,dominance,absolute,0.078663999584508
iemocap,20260922,3,1.0,loudness,valence,relative,0.027388707543337405
iemocap,20260922,3,1.0,loudness,arousal,relative,0.10245727457264028
iemocap,20260922,3,1.0,loudness,dominance,relative,0.07836473470236921
iemocap,20260922,3,1.0,loudness,valence,hybrid,0.027289879813956322
iemocap,20260922,3,1.0,loudness,arousal,hybrid,0.0948601312461751
iemocap,20260922,3,1.0,loudness,dominance,hybrid,0.07901631494780567
iemocap,20260922,3,1.0,rate,valence,absolute,0.005646499299496833
iemocap,20260922,3,1.0,rate,arousal,absolute,0.1879874735745342
iemocap,20260922,3,1.0,rate,dominance,absolute,0.21695869799687306
iemocap,20260922,3,1.0,rate,valence,relative,0.006859933743658928
iemocap,20260922,3,1.0,rate,arousal,relative,0.1896755013069884
iemocap,20260922,3,1.0,rate,dominance,relative,0.2095493670116099
iemocap,20260922,3,1.0,rate,valence,hybrid,0.007935225540592016
iemocap,20260922,3,1.0,rate,arousal,hybrid,0.16195378090708037
iemocap,20260922,3,1.0,rate,dominance,hybrid,0.20795814994150058
iemocap,20260922,4,0.0,pitch,valence,absolute,-0.00026500621096464395
iemocap,20260922,4,0.0,pitch,arousal,absolute,0.2609570665102327
iemocap,20260922,4,0.0,pitch,dominance,absolute,0.10088401579263463
iemocap,20260922,4,0.0,pitch,valence,relative,-0.0005674228769512253
iemocap,20260922,4,0.0,pitch,arousal,relative,0.47420200872539303
iemocap,20260922,4,0.0,pitch,dominance,relative,0.20388302115249426
iemocap,20260922,4,0.0,pitch,valence,hybrid,-0.0005678365753526525
iemocap,20260922,4,0.0,pitch,arousal,hybrid,0.4750137746040255
iemocap,20260922,4,0.0,pitch,dominance,hybrid,0.20410497570087427
iemocap,20260922,4,0.0,loudness,valence,absolute,0.01223136215347644
iemocap,20260922,4,0.0,loudness,arousal,absolute,0.11066259306014674
iemocap,20260922,4,0.0,loudness,dominance,absolute,0.07945167681884667
iemocap,20260922,4,0.0,loudness,valence,relative,0.013736110763648673
iemocap,20260922,4,0.0,loudness,arousal,relative,0.12380322040998568
iemocap,20260922,4,0.0,loudness,dominance,relative,0.08905456872300266
iemocap,20260922,4,0.0,loudness,valence,hybrid,0.013736462120673814
iemocap,20260922,4,0.0,loudness,arousal,hybrid,0.12380599737037244
iemocap,20260922,4,0.0,loudness,dominance,hybrid,0.08905665627584297
iemocap,20260922,4,0.0,rate,valence,absolute,0.011525908355098181
iemocap,20260922,4,0.0,rate,arousal,absolute,0.1388441933554372
iemocap,20260922,4,0.0,rate,dominance,absolute,0.1756143472816738
iemocap,20260922,4,0.0,rate,valence,relative,0.011948165951488616
iemocap,20260922,4,0.0,rate,arousal,relative,0.1434776414448998
iemocap,20260922,4,0.0,rate,dominance,relative,0.1814444841665723
iemocap,20260922,4,0.0,rate,valence,hybrid,0.011952275331494608
iemocap,20260922,4,0.0,rate,arousal,hybrid,0.14351900557001412
iemocap,20260922,4,0.0,rate,dominance,hybrid,0.18149641118477514
iemocap,20260922,4,0.25,pitch,valence,absolute,-0.0003736950495921733
iemocap,20260922,4,0.25,pitch,arousal,absolute,0.26227450232249433
iemocap,20260922,4,0.25,pitch,dominance,absolute,0.09634263118975632
iemocap,20260922,4,0.25,pitch,valence,relative,-0.0005453005261118999
iemocap,20260922,4,0.25,pitch,arousal,relative,0.47427228654232645
iemocap,20260922,4,0.25,pitch,dominance,relative,0.20628479825238336
iemocap,20260922,4,0.25,pitch,valence,hybrid,-0.0005627583505600771
iemocap,20260922,4,0.25,pitch,arousal,hybrid,0.47517497163463146
iemocap,20260922,4,0.25,pitch,dominance,hybrid,0.20629840477704886
iemocap,20260922,4,0.25,loudness,valence,absolute,0.012434743099416716
iemocap,20260922,4,0.25,loudness,arousal,absolute,0.11545666924313962
iemocap,20260922,4,0.25,loudness,dominance,absolute,0.08319245736781837
iemocap,20260922,4,0.25,loudness,valence,relative,0.013730504563112103
iemocap,20260922,4,0.25,loudness,arousal,relative,0.12388724614093438
iemocap,20260922,4,0.25,loudness,dominance,relative,0.08902367941998238
iemocap,20260922,4,0.25,loudness,valence,hybrid,0.013735368305859615
iemocap,20260922,4,0.25,loudness,arousal,hybrid,0.12395192676167158
iemocap,20260922,4,0.25,loudness,dominance,hybrid,0.08920585697426076
iemocap,20260922,4,0.25,rate,valence,absolute,0.011264927235234113
iemocap,20260922,4,0.25,rate,arousal,absolute,0.14100678683214357
iemocap,20260922,4,0.25,rate,dominance,absolute,0.17786823549939063
iemocap,20260922,4,0.25,rate,valence,relative,0.011911146506919072
iemocap,20260922,4,0.25,rate,arousal,relative,0.14338892688983892
iemocap,20260922,4,0.25,rate,dominance,relative,0.17982949016936453
iemocap,20260922,4,0.25,rate,valence,hybrid,0.01193225693578415
iemocap,20260922,4,0.25,rate,arousal,hybrid,0.14341733163898382
iemocap,20260922,4,0.25,rate,dominance,hybrid,0.18025954677271191
iemocap,20260922,4,0.5,pitch,valence,absolute,-0.0004888631595564327
iemocap,20260922,4,0.5,pitch,arousal,absolute,0.2630686318481462
iemocap,20260922,4,0.5,pitch,dominance,absolute,0.08996910704876009
iemocap,20260922,4,0.5,pitch,valence,relative,-0.0005234737662295969
iemocap,20260922,4,0.5,pitch,arousal,relative,0.4735050848328756
iemocap,20260922,4,0.5,pitch,dominance,relative,0.20489059851680008
iemocap,20260922,4,0.5,pitch,valence,hybrid,-0.0005798760156662722
iemocap,20260922,4,0.5,pitch,arousal,hybrid,0.4744417427053154
iemocap,20260922,4,0.5,pitch,dominance,hybrid,0.2048126908008539
iemocap,20260922,4,0.5,loudness,valence,absolute,0.01263718194857378
iemocap,20260922,4,0.5,loudness,arousal,absolute,0.11992683347026084
iemocap,20260922,4,0.5,loudness,dominance,absolute,0.08523203372769561
iemocap,20260922,4,0.5,loudness,valence,relative,0.013723379326229142
iemocap,20260922,4,0.5,loudness,arousal,relative,0.12368903747949603
iemocap,20260922,4,0.5,loudness,dominance,relative,0.08726905308415481
iemocap,20260922,4,0.5,loudness,valence,hybrid,0.013735421225944679
iemocap,20260922,4,0.5,loudness,arousal,hybrid,0.12381690640890226
iemocap,20260922,4,0.5,loudness,dominance,hybrid,0.08787208246215555
iemocap,20260922,4,0.5,rate,valence,absolute,0.011002094805156059
iemocap,20260922,4,0.5,rate,arousal,absolute,0.14287094266611025
iemocap,20260922,4,0.5,rate,dominance,absolute,0.176818629962615
iemocap,20260922,4,0.5,rate,valence,relative,0.0118728132589053
iemocap,20260922,4,0.5,rate,arousal,relative,0.14299069565134478
iemocap,20260922,4,0.5,rate,dominance,relative,0.17499320303937865
iemocap,20260922,4,0.5,rate,valence,hybrid,0.011895401351424145
iemocap,20260922,4,0.5,rate,arousal,hybrid,0.14344043683204424
iemocap,20260922,4,0.5,rate,dominance,hybrid,0.17727252020179687
iemocap,20260922,4,0.75,pitch,valence,absolute,-0.0006104862562446458
iemocap,20260922,4,0.75,pitch,arousal,absolute,0.263262243549248
iemocap,20260922,4,0.75,pitch,dominance,absolute,0.08222375106977699
iemocap,20260922,4,0.75,pitch,valence,relative,-0.0005019237427174854
iemocap,20260922,4,0.75,pitch,arousal,relative,0.47196521286002036
iemocap,20260922,4,0.75,pitch,dominance,relative,0.20009981249043293
iemocap,20260922,4,0.75,pitch,valence,hybrid,-0.0006191997638909823
iemocap,20260922,4,0.75,pitch,arousal,hybrid,0.47287430610588976
iemocap,20260922,4,0.75,pitch,dominance,hybrid,0.20006733087913495
iemocap,20260922,4,0.75,loudness,valence,absolute,0.012838750080984273
iemocap,20260922,4,0.75,loudness,arousal,absolute,0.12405873527816759
iemocap,20260922,4,0.75,loudness,dominance,absolute,0.08561888522459522
iemocap,20260922,4,0.75,loudness,valence,relative,0.013714713622977513
iemocap,20260922,4,0.75,loudness,arousal,relative,0.12322269348223132
iemocap,20260922,4,0.75,loudness,dominance,relative,0.0840362528202188
iemocap,20260922,4,0.75,loudness,valence,hybrid,0.013736689757241067
iemocap,20260922,4,0.75,loudness,arousal,hybrid,0.12341783517604855
iemocap,20260922,4,0.75,loudness,dominance,hybrid,0.08526823615057112
iemocap,20260922,4,0.75,rate,valence,absolute,0.010737547657809845
iemocap,20260922,4,0.75,rate,arousal,absolute,0.14442787125917175
iemocap,20260922,4,0.75,rate,dominance,absolute,0.17275592772647994
iemocap,20260922,4,0.75,rate,valence,relative,0.011833278748545733
iemocap,20260922,4,0.75,rate,arousal,relative,0.14229727438115788
iemocap,20260922,4,0.75,rate,dominance,relative,0.16744123086257462
iemocap,20260922,4,0.75,rate,valence,hybrid,0.01184185685572696
iemocap,20260922,4,0.75,rate,arousal,hybrid,0.14358967615756071
iemocap,20260922,4,0.75,rate,dominance,hybrid,0.1727748693493738
iemocap,20260922,4,1.0,pitch,valence,absolute,-0.0007385110744250298
iemocap,20260922,4,1.0,pitch,arousal,absolute,0.26290291736482974
iemocap,20260922,4,1.0,pitch,dominance,absolute,0.07367287646254234
iemocap,20260922,4,1.0,pitch,valence,relative,-0.0004806939140592708
iemocap,20260922,4,1.0,pitch,arousal,relative,0.4696174492592092
iemocap,20260922,4,1.0,pitch,dominance,relative,0.19257261692599872
iemocap,20260922,4,1.0,pitch,valence,hybrid,-0.0006807071102131783
iemocap,20260922,4,1.0,pitch,arousal,hybrid,0.47044542854018345
iemocap,20260922,4,1.0,pitch,dominance,hybrid,0.19274520693607547
iemocap,20260922,4,1.0,loudness,valence,absolute,0.013039228409077877
iemocap,20260922,4,1.0,loudness,arousal,absolute,0.12781806251375807
iemocap,20260922,4,1.0,loudness,dominance,absolute,0.08456007141688943
iemocap,20260922,4,1.0,loudness,valence,relative,0.013704496983663701
iemocap,20260922,4,1.0,loudness,arousal,relative,0.12248452022453242
iemocap,20260922,4,1.0,loudness,dominance,relative,0.0796826202529726
iemocap,20260922,4,1.0,loudness,valence,hybrid,0.013739086323165036
iemocap,20260922,4,1.0,loudness,arousal,hybrid,0.12275083036123548
iemocap,20260922,4,1.0,loudness,dominance,hybrid,0.08170793822483821
iemocap,20260922,4,1.0,rate,valence,absolute,0.010471328005740141
iemocap,20260922,4,1.0,rate,arousal,absolute,0.14567141615630325
iemocap,20260922,4,1.0,rate,dominance,absolute,0.16622004668183066
iemocap,20260922,4,1.0,rate,valence,relative,0.011792442296759839
iemocap,20260922,4,1.0,rate,arousal,relative,0.14130650963907185
iemocap,20260922,4,1.0,rate,dominance,relative,0.1578683870531751
iemocap,20260922,4,1.0,rate,valence,hybrid,0.011771645569204615
iemocap,20260922,4,1.0,rate,arousal,hybrid,0.14386194618098963
iemocap,20260922,4,1.0,rate,dominance,hybrid,0.16709504721384713
