dataset,seed,fold,task,target,condition,perm_rep,ccc
msp,20260920,0,raw,valence,relative,-1,0.01287850339849583
msp,20260920,0,raw,valence,true_hybrid,-1,0.019345380740752056
msp,20260920,0,raw,arousal,relative,-1,0.19486176419155457
msp,20260920,0,raw,arousal,true_hybrid,-1,0.4830941174225972
msp,20260920,0,raw,dominance,relative,-1,0.15021101019658412
msp,20260920,0,raw,dominance,true_hybrid,-1,0.38436711316327654
msp,20260920,0,raw,valence,permuted_hybrid,0,0.01326595622837837
msp,20260920,0,raw,arousal,permuted_hybrid,0,0.19624469034605246
msp,20260920,0,raw,dominance,permuted_hybrid,0,0.15388447000726374
msp,20260920,0,raw,valence,permuted_hybrid,1,0.01326595622837837
msp,20260920,0,raw,arousal,permuted_hybrid,1,0.19624469034605246
msp,20260920,0,raw,dominance,permuted_hybrid,1,0.15388447000726374
msp,20260920,0,raw,valence,permuted_hybrid,2,0.01326595622837837
msp,20260920,0,raw,arousal,permuted_hybrid,2,0.19624469034605246
msp,20260920,0,raw,dominance,permuted_hybrid,2,0.15388447000726374
msp,20260920,0,raw,valence,permuted_hybrid,3,0.01326595622837837
msp,20260920,0,raw,arousal,permuted_hybrid,3,0.19624469034605246
msp,20260920,0,raw,dominance,permuted_hybrid,3,0.15388447000726374
msp,20260920,0,raw,valence,permuted_hybrid,4,0.01326595622837837
msp,20260920,0,raw,arousal,permuted_hybrid,4,0.19624469034605246
msp,20260920,0,raw,dominance,permuted_hybrid,4,0.15388447000726374
msp,20260920,0,raw,valence,permuted_hybrid,5,0.01326595622837837
msp,20260920,0,raw,arousal,permuted_hybrid,5,0.19624469034605246
msp,20260920,0,raw,dominance,permuted_hybrid,5,0.15388447000726374
msp,20260920,0,raw,valence,permuted_hybrid,6,0.01326595622837837
msp,20260920,0,raw,arousal,permuted_hybrid,6,0.19624469034605246
msp,20260920,0,raw,dominance,permuted_hybrid,6,0.15388447000726374
msp,20260920,0,raw,valence,permuted_hybrid,7,0.01326595622837837
msp,20260920,0,raw,arousal,permuted_hybrid,7,0.19624469034605246
msp,20260920,0,raw,dominance,permuted_hybrid,7,0.15388447000726374
msp,20260920,0,raw,valence,permuted_hybrid,8,0.01326595622837837
msp,20260920,0,raw,arousal,permuted_hybrid,8,0.19624469034605246
msp,20260920,0,raw,dominance,permuted_hybrid,8,0.15388447000726374
msp,20260920,0,raw,valence,permuted_hybrid,9,0.01326595622837837
msp,20260920,0,raw,arousal,permuted_hybrid,9,0.19624469034605246
msp,20260920,0,raw,dominance,permuted_hybrid,9,0.15388447000726374
msp,20260920,0,residual,valence,relative,-1,0.014236347691473897
msp,20260920,0,residual,valence,true_hybrid,-1,0.014309709611389854
msp,20260920,0,residual,arousal,relative,-1,0.33757777343231804
msp,20260920,0,residual,arousal,true_hybrid,-1,0.3390219306914285
msp,20260920,0,residual,dominance,relative,-1,0.23759386744334166
msp,20260920,0,residual,dominance,true_hybrid,-1,0.23863274060442144
msp,20260920,0,residual,valence,permuted_hybrid,0,0.014237676432107665
msp,20260920,0,residual,arousal,permuted_hybrid,0,0.3376296580546946
msp,20260920,0,residual,dominance,permuted_hybrid,0,0.23762566301463678
msp,20260920,0,residual,valence,permuted_hybrid,1,0.014237676432107665
msp,20260920,0,residual,arousal,permuted_hybrid,1,0.3376296580546946
msp,20260920,0,residual,dominance,permuted_hybrid,1,0.23762566301463678
msp,20260920,0,residual,valence,permuted_hybrid,2,0.014237676432107665
msp,20260920,0,residual,arousal,permuted_hybrid,2,0.3376296580546946
msp,20260920,0,residual,dominance,permuted_hybrid,2,0.23762566301463678
msp,20260920,0,residual,valence,permuted_hybrid,3,0.014237676432107665
msp,20260920,0,residual,arousal,permuted_hybrid,3,0.3376296580546946
msp,20260920,0,residual,dominance,permuted_hybrid,3,0.23762566301463678
msp,20260920,0,residual,valence,permuted_hybrid,4,0.014237676432107665
msp,20260920,0,residual,arousal,permuted_hybrid,4,0.3376296580546946
msp,20260920,0,residual,dominance,permuted_hybrid,4,0.23762566301463678
msp,20260920,0,residual,valence,permuted_hybrid,5,0.014237676432107665
msp,20260920,0,residual,arousal,permuted_hybrid,5,0.3376296580546946
msp,20260920,0,residual,dominance,permuted_hybrid,5,0.23762566301463678
msp,20260920,0,residual,valence,permuted_hybrid,6,0.014237676432107665
msp,20260920,0,residual,arousal,permuted_hybrid,6,0.3376296580546946
msp,20260920,0,residual,dominance,permuted_hybrid,6,0.23762566301463678
msp,20260920,0,residual,valence,permuted_hybrid,7,0.014237676432107665
msp,20260920,0,residual,arousal,permuted_hybrid,7,0.3376296580546946
msp,20260920,0,residual,dominance,permuted_hybrid,7,0.23762566301463678
msp,20260920,0,residual,valence,permuted_hybrid,8,0.014237676432107665
msp,20260920,0,residual,arousal,permuted_hybrid,8,0.3376296580546946
msp,20260920,0,residual,dominance,permuted_hybrid,8,0.23762566301463678
msp,20260920,0,residual,valence,permuted_hybrid,9,0.014237676432107665
msp,20260920,0,residual,arousal,permuted_hybrid,9,0.3376296580546946
msp,20260920,0,residual,dominance,permuted_hybrid,9,0.23762566301463678
msp,20260920,1,raw,valence,relative,-1,0.013501406708778071
msp,20260920,1,raw,valence,true_hybrid,-1,0.019804260008962404
msp,20260920,1,raw,arousal,relative,-1,0.20524602042277548
msp,20260920,1,raw,arousal,true_hybrid,-1,0.5031967029236102
msp,20260920,1,raw,dominance,relative,-1,0.15788862365412412
msp,20260920,1,raw,dominance,true_hybrid,-1,0.38933910433231966
msp,20260920,1,raw,valence,permuted_hybrid,0,0.013870192974693113
msp,20260920,1,raw,arousal,permuted_hybrid,0,0.20465851010816438
msp,20260920,1,raw,dominance,permuted_hybrid,0,0.15570986017571845
msp,20260920,1,raw,valence,permuted_hybrid,1,0.013870192974693113
msp,20260920,1,raw,arousal,permuted_hybrid,1,0.20465851010816438
msp,20260920,1,raw,dominance,permuted_hybrid,1,0.15570986017571845
msp,20260920,1,raw,valence,permuted_hybrid,2,0.013870192974693113
msp,20260920,1,raw,arousal,permuted_hybrid,2,0.20465851010816438
msp,20260920,1,raw,dominance,permuted_hybrid,2,0.15570986017571845
msp,20260920,1,raw,valence,permuted_hybrid,3,0.013870192974693113
msp,20260920,1,raw,arousal,permuted_hybrid,3,0.20465851010816438
msp,20260920,1,raw,dominance,permuted_hybrid,3,0.15570986017571845
msp,20260920,1,raw,valence,permuted_hybrid,4,0.013870192974693113
msp,20260920,1,raw,arousal,permuted_hybrid,4,0.20465851010816438
msp,20260920,1,raw,dominance,permuted_hybrid,4,0.15570986017571845
msp,20260920,1,raw,valence,permuted_hybrid,5,0.013870192974693113
msp,20260920,1,raw,arousal,permuted_hybrid,5,0.20465851010816438
msp,20260920,1,raw,dominance,permuted_hybrid,5,0.15570986017571845
msp,20260920,1,raw,valence,permuted_hybrid,6,0.013870192974693113
msp,20260920,1,raw,arousal,permuted_hybrid,6,0.20465851010816438
msp,20260920,1,raw,dominance,permuted_hybrid,6,0.15570986017571845
msp,20260920,1,raw,valence,permuted_hybrid,7,0.013870192974693113
msp,20260920,1,raw,arousal,permuted_hybrid,7,0.20465851010816438
msp,20260920,1,raw,dominance,permuted_hybrid,7,0.15570986017571845
msp,20260920,1,raw,valence,permuted_hybrid,8,0.013870192974693113
msp,20260920,1,raw,arousal,permuted_hybrid,8,0.20465851010816438
msp,20260920,1,raw,dominance,permuted_hybrid,8,0.15570986017571845
msp,20260920,1,raw,valence,permuted_hybrid,9,0.013870192974693113
msp,20260920,1,raw,arousal,permuted_hybrid,9,0.20465851010816438
msp,20260920,1,raw,dominance,permuted_hybrid,9,0.15570986017571845
msp,20260920,1,residual,valence,relative,-1,0.013571110054074308
msp,20260920,1,residual,valence,true_hybrid,-1,0.013632369527604458
msp,20260920,1,residual,arousal,relative,-1,0.3484336555406978
msp,20260920,1,residual,arousal,true_hybrid,-1,0.34987691676746246
msp,20260920,1,residual,dominance,relative,-1,0.2491083496931112
msp,20260920,1,residual,dominance,true_hybrid,-1,0.2501277366612022
msp,20260920,1,residual,valence,permuted_hybrid,0,0.013571226049420638
msp,20260920,1,residual,arousal,permuted_hybrid,0,0.34843623079737773
msp,20260920,1,residual,dominance,permuted_hybrid,0,0.2491120853954179
msp,20260920,1,residual,valence,permuted_hybrid,1,0.013571226049420638
msp,20260920,1,residual,arousal,permuted_hybrid,1,0.34843623079737773
msp,20260920,1,residual,dominance,permuted_hybrid,1,0.2491120853954179
msp,20260920,1,residual,valence,permuted_hybrid,2,0.013571226049420638
msp,20260920,1,residual,arousal,permuted_hybrid,2,0.34843623079737773
msp,20260920,1,residual,dominance,permuted_hybrid,2,0.2491120853954179
msp,20260920,1,residual,valence,permuted_hybrid,3,0.013571226049420638
msp,20260920,1,residual,arousal,permuted_hybrid,3,0.34843623079737773
msp,20260920,1,residual,dominance,permuted_hybrid,3,0.2491120853954179
msp,20260920,1,residual,valence,permuted_hybrid,4,0.013571226049420638
msp,20260920,1,residual,arousal,permuted_hybrid,4,0.34843623079737773
msp,20260920,1,residual,dominance,permuted_hybrid,4,0.2491120853954179
msp,20260920,1,residual,valence,permuted_hybrid,5,0.013571226049420638
msp,20260920,1,residual,arousal,permuted_hybrid,5,0.34843623079737773
msp,20260920,1,residual,dominance,permuted_hybrid,5,0.2491120853954179
msp,20260920,1,residual,valence,permuted_hybrid,6,0.013571226049420638
msp,20260920,1,residual,arousal,permuted_hybrid,6,0.34843623079737773
msp,20260920,1,residual,dominance,permuted_hybrid,6,0.2491120853954179
msp,20260920,1,residual,valence,permuted_hybrid,7,0.013571226049420638
msp,20260920,1,residual,arousal,permuted_hybrid,7,0.34843623079737773
msp,20260920,1,residual,dominance,permuted_hybrid,7,0.2491120853954179
msp,20260920,1,residual,valence,permuted_hybrid,8,0.013571226049420638
msp,20260920,1,residual,arousal,permuted_hybrid,8,0.34843623079737773
msp,20260920,1,residual,dominance,permuted_hybrid,8,0.2491120853954179
msp,20260920,1,residual,valence,permuted_hybrid,9,0.013571226049420638
msp,20260920,1,residual,arousal,permuted_hybrid,9,0.34843623079737773
msp,20260920,1,residual,dominance,permuted_hybrid,9,0.2491120853954179
msp,20260920,2,raw,valence,relative,-1,0.0131370317348093
msp,20260920,2,raw,valence,true_hybrid,-1,0.016135413224951507
msp,20260920,2,raw,arousal,relative,-1,0.1934632097503187
msp,20260920,2,raw,arousal,true_hybrid,-1,0.4963547931276577
msp,20260920,2,raw,dominance,relative,-1,0.14830774735015348
msp,20260920,2,raw,dominance,true_hybrid,-1,0.39178403894973685
msp,20260920,2,raw,valence,permuted_hybrid,0,0.012594474356848497
msp,20260920,2,raw,arousal,permuted_hybrid,0,0.19224105453136447
msp,20260920,2,raw,dominance,permuted_hybrid,0,0.14772448619890183
msp,20260920,2,raw,valence,permuted_hybrid,1,0.012594474356848497
msp,20260920,2,raw,arousal,permuted_hybrid,1,0.19224105453136447
msp,20260920,2,raw,dominance,permuted_hybrid,1,0.14772448619890183
msp,20260920,2,raw,valence,permuted_hybrid,2,0.012594474356848497
msp,20260920,2,raw,arousal,permuted_hybrid,2,0.19224105453136447
msp,20260920,2,raw,dominance,permuted_hybrid,2,0.14772448619890183
msp,20260920,2,raw,valence,permuted_hybrid,3,0.012594474356848497
msp,20260920,2,raw,arousal,permuted_hybrid,3,0.19224105453136447
msp,20260920,2,raw,dominance,permuted_hybrid,3,0.14772448619890183
msp,20260920,2,raw,valence,permuted_hybrid,4,0.012594474356848497
msp,20260920,2,raw,arousal,permuted_hybrid,4,0.19224105453136447
msp,20260920,2,raw,dominance,permuted_hybrid,4,0.14772448619890183
msp,20260920,2,raw,valence,permuted_hybrid,5,0.012594474356848497
msp,20260920,2,raw,arousal,permuted_hybrid,5,0.19224105453136447
msp,20260920,2,raw,dominance,permuted_hybrid,5,0.14772448619890183
msp,20260920,2,raw,valence,permuted_hybrid,6,0.012594474356848497
msp,20260920,2,raw,arousal,permuted_hybrid,6,0.19224105453136447
msp,20260920,2,raw,dominance,permuted_hybrid,6,0.14772448619890183
msp,20260920,2,raw,valence,permuted_hybrid,7,0.012594474356848497
msp,20260920,2,raw,arousal,permuted_hybrid,7,0.19224105453136447
msp,20260920,2,raw,dominance,permuted_hybrid,7,0.14772448619890183
msp,20260920,2,raw,valence,permuted_hybrid,8,0.012594474356848497
msp,20260920,2,raw,arousal,permuted_hybrid,8,0.19224105453136447
msp,20260920,2,raw,dominance,permuted_hybrid,8,0.14772448619890183
msp,20260920,2,raw,valence,permuted_hybrid,9,0.012594474356848497
msp,20260920,2,raw,arousal,permuted_hybrid,9,0.19224105453136447
msp,20260920,2,raw,dominance,permuted_hybrid,9,0.14772448619890183
msp,20260920,2,residual,valence,relative,-1,0.01499443247890776
msp,20260920,2,residual,valence,true_hybrid,-1,0.01507094658282299
msp,20260920,2,residual,arousal,relative,-1,0.34632280699947443
msp,20260920,2,residual,arousal,true_hybrid,-1,0.3477773720979729
msp,20260920,2,residual,dominance,relative,-1,0.2464226317773165
msp,20260920,2,residual,dominance,true_hybrid,-1,0.24748191145447807
msp,20260920,2,residual,valence,permuted_hybrid,0,0.014997834805146477
msp,20260920,2,residual,arousal,permuted_hybrid,0,0.346364498930052
msp,20260920,2,residual,dominance,permuted_hybrid,0,0.24645469215424587
msp,20260920,2,residual,valence,permuted_hybrid,1,0.014997834805146477
msp,20260920,2,residual,arousal,permuted_hybrid,1,0.346364498930052
msp,20260920,2,residual,dominance,permuted_hybrid,1,0.24645469215424587
msp,20260920,2,residual,valence,permuted_hybrid,2,0.014997834805146477
msp,20260920,2,residual,arousal,permuted_hybrid,2,0.346364498930052
msp,20260920,2,residual,dominance,permuted_hybrid,2,0.24645469215424587
msp,20260920,2,residual,valence,permuted_hybrid,3,0.014997834805146477
msp,20260920,2,residual,arousal,permuted_hybrid,3,0.346364498930052
msp,20260920,2,residual,dominance,permuted_hybrid,3,0.24645469215424587
msp,20260920,2,residual,valence,permuted_hybrid,4,0.014997834805146477
msp,20260920,2,residual,arousal,permuted_hybrid,4,0.346364498930052
msp,20260920,2,residual,dominance,permuted_hybrid,4,0.24645469215424587
msp,20260920,2,residual,valence,permuted_hybrid,5,0.014997834805146477
msp,20260920,2,residual,arousal,permuted_hybrid,5,0.346364498930052
msp,20260920,2,residual,dominance,permuted_hybrid,5,0.24645469215424587
msp,20260920,2,residual,valence,permuted_hybrid,6,0.014997834805146477
msp,20260920,2,residual,arousal,permuted_hybrid,6,0.346364498930052
msp,20260920,2,residual,dominance,permuted_hybrid,6,0.24645469215424587
msp,20260920,2,residual,valence,permuted_hybrid,7,0.014997834805146477
msp,20260920,2,residual,arousal,permuted_hybrid,7,0.346364498930052
msp,20260920,2,residual,dominance,permuted_hybrid,7,0.24645469215424587
msp,20260920,2,residual,valence,permuted_hybrid,8,0.014997834805146477
msp,20260920,2,residual,arousal,permuted_hybrid,8,0.346364498930052
msp,20260920,2,residual,dominance,permuted_hybrid,8,0.24645469215424587
msp,20260920,2,residual,valence,permuted_hybrid,9,0.014997834805146477
msp,20260920,2,residual,arousal,permuted_hybrid,9,0.346364498930052
msp,20260920,2,residual,dominance,permuted_hybrid,9,0.24645469215424587
msp,20260920,3,raw,valence,relative,-1,0.00905718363327955
msp,20260920,3,raw,valence,true_hybrid,-1,0.014113500135393304
msp,20260920,3,raw,arousal,relative,-1,0.18473906286595818
msp,20260920,3,raw,arousal,true_hybrid,-1,0.49163862914296785
msp,20260920,3,raw,dominance,relative,-1,0.13945437355459092
msp,20260920,3,raw,dominance,true_hybrid,-1,0.388068960002732
msp,20260920,3,raw,valence,permuted_hybrid,0,0.00788175077285071
msp,20260920,3,raw,arousal,permuted_hybrid,0,0.18564858282714763
msp,20260920,3,raw,dominance,permuted_hybrid,0,0.14102294315556188
msp,20260920,3,raw,valence,permuted_hybrid,1,0.00788175077285071
msp,20260920,3,raw,arousal,permuted_hybrid,1,0.18564858282714763
msp,20260920,3,raw,dominance,permuted_hybrid,1,0.14102294315556188
msp,20260920,3,raw,valence,permuted_hybrid,2,0.00788175077285071
msp,20260920,3,raw,arousal,permuted_hybrid,2,0.18564858282714763
msp,20260920,3,raw,dominance,permuted_hybrid,2,0.14102294315556188
msp,20260920,3,raw,valence,permuted_hybrid,3,0.00788175077285071
msp,20260920,3,raw,arousal,permuted_hybrid,3,0.18564858282714763
msp,20260920,3,raw,dominance,permuted_hybrid,3,0.14102294315556188
msp,20260920,3,raw,valence,permuted_hybrid,4,0.00788175077285071
msp,20260920,3,raw,arousal,permuted_hybrid,4,0.18564858282714763
msp,20260920,3,raw,dominance,permuted_hybrid,4,0.14102294315556188
msp,20260920,3,raw,valence,permuted_hybrid,5,0.00788175077285071
msp,20260920,3,raw,arousal,permuted_hybrid,5,0.18564858282714763
msp,20260920,3,raw,dominance,permuted_hybrid,5,0.14102294315556188
msp,20260920,3,raw,valence,permuted_hybrid,6,0.00788175077285071
msp,20260920,3,raw,arousal,permuted_hybrid,6,0.18564858282714763
msp,20260920,3,raw,dominance,permuted_hybrid,6,0.14102294315556188
msp,20260920,3,raw,valence,permuted_hybrid,7,0.00788175077285071
msp,20260920,3,raw,arousal,permuted_hybrid,7,0.18564858282714763
msp,20260920,3,raw,dominance,permuted_hybrid,7,0.14102294315556188
msp,20260920,3,raw,valence,permuted_hybrid,8,0.00788175077285071
msp,20260920,3,raw,arousal,permuted_hybrid,8,0.18564858282714763
msp,20260920,3,raw,dominance,permuted_hybrid,8,0.14102294315556188
msp,20260920,3,raw,valence,permuted_hybrid,9,0.00788175077285071
msp,20260920,3,raw,arousal,permuted_hybrid,9,0.18564858282714763
msp,20260920,3,raw,dominance,permuted_hybrid,9,0.14102294315556188
msp,20260920,3,residual,valence,relative,-1,0.009854767491597279
msp,20260920,3,residual,valence,true_hybrid,-1,0.009907734755768016
msp,20260920,3,residual,arousal,relative,-1,0.32681018765997083
msp,20260920,3,residual,arousal,true_hybrid,-1,0.3281857575589088
msp,20260920,3,residual,dominance,relative,-1,0.2298550082393878
msp,20260920,3,residual,dominance,true_hybrid,-1,0.23087933238960712
msp,20260920,3,residual,valence,permuted_hybrid,0,0.0098549703468649
msp,20260920,3,residual,arousal,permuted_hybrid,0,0.32681123556555686
msp,20260920,3,residual,dominance,permuted_hybrid,0,0.22985562379312383
msp,20260920,3,residual,valence,permuted_hybrid,1,0.0098549703468649
msp,20260920,3,residual,arousal,permuted_hybrid,1,0.32681123556555686
msp,20260920,3,residual,dominance,permuted_hybrid,1,0.22985562379312383
msp,20260920,3,residual,valence,permuted_hybrid,2,0.0098549703468649
msp,20260920,3,residual,arousal,permuted_hybrid,2,0.32681123556555686
msp,20260920,3,residual,dominance,permuted_hybrid,2,0.22985562379312383
msp,20260920,3,residual,valence,permuted_hybrid,3,0.0098549703468649
msp,20260920,3,residual,arousal,permuted_hybrid,3,0.32681123556555686
msp,20260920,3,residual,dominance,permuted_hybrid,3,0.22985562379312383
msp,20260920,3,residual,valence,permuted_hybrid,4,0.0098549703468649
msp,20260920,3,residual,arousal,permuted_hybrid,4,0.32681123556555686
msp,20260920,3,residual,dominance,permuted_hybrid,4,0.22985562379312383
msp,20260920,3,residual,valence,permuted_hybrid,5,0.0098549703468649
msp,20260920,3,residual,arousal,permuted_hybrid,5,0.32681123556555686
msp,20260920,3,residual,dominance,permuted_hybrid,5,0.22985562379312383
msp,20260920,3,residual,valence,permuted_hybrid,6,0.0098549703468649
msp,20260920,3,residual,arousal,permuted_hybrid,6,0.32681123556555686
msp,20260920,3,residual,dominance,permuted_hybrid,6,0.22985562379312383
msp,20260920,3,residual,valence,permuted_hybrid,7,0.0098549703468649
msp,20260920,3,residual,arousal,permuted_hybrid,7,0.32681123556555686
msp,20260920,3,residual,dominance,permuted_hybrid,7,0.22985562379312383
msp,20260920,3,residual,valence,permuted_hybrid,8,0.0098549703468649
msp,20260920,3,residual,arousal,permuted_hybrid,8,0.32681123556555686
msp,20260920,3,residual,dominance,permuted_hybrid,8,0.22985562379312383
msp,20260920,3,residual,valence,permuted_hybrid,9,0.0098549703468649
msp,20260920,3,residual,arousal,permuted_hybrid,9,0.32681123556555686
msp,20260920,3,residual,dominance,permuted_hybrid,9,0.22985562379312383
msp,20260920,4,raw,valence,relative,-1,0.011256280259068501
msp,20260920,4,raw,valence,true_hybrid,-1,0.018769922096495657
msp,20260920,4,raw,arousal,relative,-1,0.17551690758247387
msp,20260920,4,raw,arousal,true_hybrid,-1,0.4559339395792776
msp,20260920,4,raw,dominance,relative,-1,0.1310898106542291
msp,20260920,4,raw,dominance,true_hybrid,-1,0.35358073053910655
msp,20260920,4,raw,valence,permuted_hybrid,0,0.011280340675008908
msp,20260920,4,raw,arousal,permuted_hybrid,0,0.17349882331259264
msp,20260920,4,raw,dominance,permuted_hybrid,0,0.12800753228999762
msp,20260920,4,raw,valence,permuted_hybrid,1,0.011280340675008908
msp,20260920,4,raw,arousal,permuted_hybrid,1,0.17349882331259264
msp,20260920,4,raw,dominance,permuted_hybrid,1,0.12800753228999762
msp,20260920,4,raw,valence,permuted_hybrid,2,0.011280340675008908
msp,20260920,4,raw,arousal,permuted_hybrid,2,0.17349882331259264
msp,20260920,4,raw,dominance,permuted_hybrid,2,0.12800753228999762
msp,20260920,4,raw,valence,permuted_hybrid,3,0.011280340675008908
msp,20260920,4,raw,arousal,permuted_hybrid,3,0.17349882331259264
msp,20260920,4,raw,dominance,permuted_hybrid,3,0.12800753228999762
msp,20260920,4,raw,valence,permuted_hybrid,4,0.011280340675008908
msp,20260920,4,raw,arousal,permuted_hybrid,4,0.17349882331259264
msp,20260920,4,raw,dominance,permuted_hybrid,4,0.12800753228999762
msp,20260920,4,raw,valence,permuted_hybrid,5,0.011280340675008908
msp,20260920,4,raw,arousal,permuted_hybrid,5,0.17349882331259264
msp,20260920,4,raw,dominance,permuted_hybrid,5,0.12800753228999762
msp,20260920,4,raw,valence,permuted_hybrid,6,0.011280340675008908
msp,20260920,4,raw,arousal,permuted_hybrid,6,0.17349882331259264
msp,20260920,4,raw,dominance,permuted_hybrid,6,0.12800753228999762
msp,20260920,4,raw,valence,permuted_hybrid,7,0.011280340675008908
msp,20260920,4,raw,arousal,permuted_hybrid,7,0.17349882331259264
msp,20260920,4,raw,dominance,permuted_hybrid,7,0.12800753228999762
msp,20260920,4,raw,valence,permuted_hybrid,8,0.011280340675008908
msp,20260920,4,raw,arousal,permuted_hybrid,8,0.17349882331259264
msp,20260920,4,raw,dominance,permuted_hybrid,8,0.12800753228999762
msp,20260920,4,raw,valence,permuted_hybrid,9,0.011280340675008908
msp,20260920,4,raw,arousal,permuted_hybrid,9,0.17349882331259264
msp,20260920,4,raw,dominance,permuted_hybrid,9,0.12800753228999762
msp,20260920,4,residual,valence,relative,-1,0.012430677746861239
msp,20260920,4,residual,valence,true_hybrid,-1,0.01248997610927173
msp,20260920,4,residual,arousal,relative,-1,0.31214653226974276
msp,20260920,4,residual,arousal,true_hybrid,-1,0.31349464299441376
msp,20260920,4,residual,dominance,relative,-1,0.2177524053480829
msp,20260920,4,residual,dominance,true_hybrid,-1,0.21870624546300044
msp,20260920,4,residual,valence,permuted_hybrid,0,0.012431309721986191
msp,20260920,4,residual,arousal,permuted_hybrid,0,0.31215405204680496
msp,20260920,4,residual,dominance,permuted_hybrid,0,0.21775741059405182
msp,20260920,4,residual,valence,permuted_hybrid,1,0.012431309721986191
msp,20260920,4,residual,arousal,permuted_hybrid,1,0.31215405204680496
msp,20260920,4,residual,dominance,permuted_hybrid,1,0.21775741059405182
msp,20260920,4,residual,valence,permuted_hybrid,2,0.012431309721986191
msp,20260920,4,residual,arousal,permuted_hybrid,2,0.31215405204680496
msp,20260920,4,residual,dominance,permuted_hybrid,2,0.21775741059405182
msp,20260920,4,residual,valence,permuted_hybrid,3,0.012431309721986191
msp,20260920,4,residual,arousal,permuted_hybrid,3,0.31215405204680496
msp,20260920,4,residual,dominance,permuted_hybrid,3,0.21775741059405182
msp,20260920,4,residual,valence,permuted_hybrid,4,0.012431309721986191
msp,20260920,4,residual,arousal,permuted_hybrid,4,0.31215405204680496
msp,20260920,4,residual,dominance,permuted_hybrid,4,0.21775741059405182
msp,20260920,4,residual,valence,permuted_hybrid,5,0.012431309721986191
msp,20260920,4,residual,arousal,permuted_hybrid,5,0.31215405204680496
msp,20260920,4,residual,dominance,permuted_hybrid,5,0.21775741059405182
msp,20260920,4,residual,valence,permuted_hybrid,6,0.012431309721986191
msp,20260920,4,residual,arousal,permuted_hybrid,6,0.31215405204680496
msp,20260920,4,residual,dominance,permuted_hybrid,6,0.21775741059405182
msp,20260920,4,residual,valence,permuted_hybrid,7,0.012431309721986191
msp,20260920,4,residual,arousal,permuted_hybrid,7,0.31215405204680496
msp,20260920,4,residual,dominance,permuted_hybrid,7,0.21775741059405182
msp,20260920,4,residual,valence,permuted_hybrid,8,0.012431309721986191
msp,20260920,4,residual,arousal,permuted_hybrid,8,0.31215405204680496
msp,20260920,4,residual,dominance,permuted_hybrid,8,0.21775741059405182
msp,20260920,4,residual,valence,permuted_hybrid,9,0.012431309721986191
msp,20260920,4,residual,arousal,permuted_hybrid,9,0.31215405204680496
msp,20260920,4,residual,dominance,permuted_hybrid,9,0.21775741059405182
msp,20260921,0,raw,valence,relative,-1,0.011725620361600353
msp,20260921,0,raw,valence,true_hybrid,-1,0.017352845390503538
msp,20260921,0,raw,arousal,relative,-1,0.19203157282821748
msp,20260921,0,raw,arousal,true_hybrid,-1,0.4921847584189902
msp,20260921,0,raw,dominance,relative,-1,0.14528271262182474
msp,20260921,0,raw,dominance,true_hybrid,-1,0.37978101391210645
msp,20260921,0,raw,valence,permuted_hybrid,0,0.012489319069512894
msp,20260921,0,raw,arousal,permuted_hybrid,0,0.19231856533180233
msp,20260921,0,raw,dominance,permuted_hybrid,0,0.14600240121167588
msp,20260921,0,raw,valence,permuted_hybrid,1,0.012489319069512894
msp,20260921,0,raw,arousal,permuted_hybrid,1,0.19231856533180233
msp,20260921,0,raw,dominance,permuted_hybrid,1,0.14600240121167588
msp,20260921,0,raw,valence,permuted_hybrid,2,0.012489319069512894
msp,20260921,0,raw,arousal,permuted_hybrid,2,0.19231856533180233
msp,20260921,0,raw,dominance,permuted_hybrid,2,0.14600240121167588
msp,20260921,0,raw,valence,permuted_hybrid,3,0.012489319069512894
msp,20260921,0,raw,arousal,permuted_hybrid,3,0.19231856533180233
msp,20260921,0,raw,dominance,permuted_hybrid,3,0.14600240121167588
msp,20260921,0,raw,valence,permuted_hybrid,4,0.012489319069512894
msp,20260921,0,raw,arousal,permuted_hybrid,4,0.19231856533180233
msp,20260921,0,raw,dominance,permuted_hybrid,4,0.14600240121167588
msp,20260921,0,raw,valence,permuted_hybrid,5,0.012489319069512894
msp,20260921,0,raw,arousal,permuted_hybrid,5,0.19231856533180233
msp,20260921,0,raw,dominance,permuted_hybrid,5,0.14600240121167588
msp,20260921,0,raw,valence,permuted_hybrid,6,0.012489319069512894
msp,20260921,0,raw,arousal,permuted_hybrid,6,0.19231856533180233
msp,20260921,0,raw,dominance,permuted_hybrid,6,0.14600240121167588
msp,20260921,0,raw,valence,permuted_hybrid,7,0.012489319069512894
msp,20260921,0,raw,arousal,permuted_hybrid,7,0.19231856533180233
msp,20260921,0,raw,dominance,permuted_hybrid,7,0.14600240121167588
msp,20260921,0,raw,valence,permuted_hybrid,8,0.012489319069512894
msp,20260921,0,raw,arousal,permuted_hybrid,8,0.19231856533180233
msp,20260921,0,raw,dominance,permuted_hybrid,8,0.14600240121167588
msp,20260921,0,raw,valence,permuted_hybrid,9,0.012489319069512894
msp,20260921,0,raw,arousal,permuted_hybrid,9,0.19231856533180233
msp,20260921,0,raw,dominance,permuted_hybrid,9,0.14600240121167588
msp,20260921,0,residual,valence,relative,-1,0.013293344401701703
msp,20260921,0,residual,valence,true_hybrid,-1,0.013358086410160645
msp,20260921,0,residual,arousal,relative,-1,0.3376474606256617
msp,20260921,0,residual,arousal,true_hybrid,-1,0.3390989835385456
msp,20260921,0,residual,dominance,relative,-1,0.2355496338795616
msp,20260921,0,residual,dominance,true_hybrid,-1,0.23658109549280834
msp,20260921,0,residual,valence,permuted_hybrid,0,0.013293825109497346
msp,20260921,0,residual,arousal,permuted_hybrid,0,0.33764541071865417
msp,20260921,0,residual,dominance,permuted_hybrid,0,0.23555128380928803
msp,20260921,0,residual,valence,permuted_hybrid,1,0.013293825109497346
msp,20260921,0,residual,arousal,permuted_hybrid,1,0.33764541071865417
msp,20260921,0,residual,dominance,permuted_hybrid,1,0.23555128380928803
msp,20260921,0,residual,valence,permuted_hybrid,2,0.013293825109497346
msp,20260921,0,residual,arousal,permuted_hybrid,2,0.33764541071865417
msp,20260921,0,residual,dominance,permuted_hybrid,2,0.23555128380928803
msp,20260921,0,residual,valence,permuted_hybrid,3,0.013293825109497346
msp,20260921,0,residual,arousal,permuted_hybrid,3,0.33764541071865417
msp,20260921,0,residual,dominance,permuted_hybrid,3,0.23555128380928803
msp,20260921,0,residual,valence,permuted_hybrid,4,0.013293825109497346
msp,20260921,0,residual,arousal,permuted_hybrid,4,0.33764541071865417
msp,20260921,0,residual,dominance,permuted_hybrid,4,0.23555128380928803
msp,20260921,0,residual,valence,permuted_hybrid,5,0.013293825109497346
msp,20260921,0,residual,arousal,permuted_hybrid,5,0.33764541071865417
msp,20260921,0,residual,dominance,permuted_hybrid,5,0.23555128380928803
msp,20260921,0,residual,valence,permuted_hybrid,6,0.013293825109497346
msp,20260921,0,residual,arousal,permuted_hybrid,6,0.33764541071865417
msp,20260921,0,residual,dominance,permuted_hybrid,6,0.23555128380928803
msp,20260921,0,residual,valence,permuted_hybrid,7,0.013293825109497346
msp,20260921,0,residual,arousal,permuted_hybrid,7,0.33764541071865417
msp,20260921,0,residual,dominance,permuted_hybrid,7,0.23555128380928803
msp,20260921,0,residual,valence,permuted_hybrid,8,0.013293825109497346
msp,20260921,0,residual,arousal,permuted_hybrid,8,0.33764541071865417
msp,20260921,0,residual,dominance,permuted_hybrid,8,0.23555128380928803
msp,20260921,0,residual,valence,permuted_hybrid,9,0.013293825109497346
msp,20260921,0,residual,arousal,permuted_hybrid,9,0.33764541071865417
msp,20260921,0,residual,dominance,permuted_hybrid,9,0.23555128380928803
msp,20260921,1,raw,valence,relative,-1,0.012730283573356507
msp,20260921,1,raw,valence,true_hybrid,-1,0.01784996331425858
msp,20260921,1,raw,arousal,relative,-1,0.18633671700159116
msp,20260921,1,raw,arousal,true_hybrid,-1,0.4278256880448245
msp,20260921,1,raw,dominance,relative,-1,0.1367014457176899
msp,20260921,1,raw,dominance,true_hybrid,-1,0.33302422209611776
msp,20260921,1,raw,valence,permuted_hybrid,0,0.01340656398061979
msp,20260921,1,raw,arousal,permuted_hybrid,0,0.18686572594464756
msp,20260921,1,raw,dominance,permuted_hybrid,0,0.13724740660909185
msp,20260921,1,raw,valence,permuted_hybrid,1,0.01340656398061979
msp,20260921,1,raw,arousal,permuted_hybrid,1,0.18686572594464756
msp,20260921,1,raw,dominance,permuted_hybrid,1,0.13724740660909185
msp,20260921,1,raw,valence,permuted_hybrid,2,0.01340656398061979
msp,20260921,1,raw,arousal,permuted_hybrid,2,0.18686572594464756
msp,20260921,1,raw,dominance,permuted_hybrid,2,0.13724740660909185
msp,20260921,1,raw,valence,permuted_hybrid,3,0.01340656398061979
msp,20260921,1,raw,arousal,permuted_hybrid,3,0.18686572594464756
msp,20260921,1,raw,dominance,permuted_hybrid,3,0.13724740660909185
msp,20260921,1,raw,valence,permuted_hybrid,4,0.01340656398061979
msp,20260921,1,raw,arousal,permuted_hybrid,4,0.18686572594464756
msp,20260921,1,raw,dominance,permuted_hybrid,4,0.13724740660909185
msp,20260921,1,raw,valence,permuted_hybrid,5,0.01340656398061979
msp,20260921,1,raw,arousal,permuted_hybrid,5,0.18686572594464756
msp,20260921,1,raw,dominance,permuted_hybrid,5,0.13724740660909185
msp,20260921,1,raw,valence,permuted_hybrid,6,0.01340656398061979
msp,20260921,1,raw,arousal,permuted_hybrid,6,0.18686572594464756
msp,20260921,1,raw,dominance,permuted_hybrid,6,0.13724740660909185
msp,20260921,1,raw,valence,permuted_hybrid,7,0.01340656398061979
msp,20260921,1,raw,arousal,permuted_hybrid,7,0.18686572594464756
msp,20260921,1,raw,dominance,permuted_hybrid,7,0.13724740660909185
msp,20260921,1,raw,valence,permuted_hybrid,8,0.01340656398061979
msp,20260921,1,raw,arousal,permuted_hybrid,8,0.18686572594464756
msp,20260921,1,raw,dominance,permuted_hybrid,8,0.13724740660909185
msp,20260921,1,raw,valence,permuted_hybrid,9,0.01340656398061979
msp,20260921,1,raw,arousal,permuted_hybrid,9,0.18686572594464756
msp,20260921,1,raw,dominance,permuted_hybrid,9,0.13724740660909185
msp,20260921,1,residual,valence,relative,-1,0.01339803286357287
msp,20260921,1,residual,valence,true_hybrid,-1,0.013462501916095278
msp,20260921,1,residual,arousal,relative,-1,0.3031273124358308
msp,20260921,1,residual,arousal,true_hybrid,-1,0.3044322107071996
msp,20260921,1,residual,dominance,relative,-1,0.2107248796570857
msp,20260921,1,residual,dominance,true_hybrid,-1,0.21164710589685637
msp,20260921,1,residual,valence,permuted_hybrid,0,0.01339992893007656
msp,20260921,1,residual,arousal,permuted_hybrid,0,0.3031315236468166
msp,20260921,1,residual,dominance,permuted_hybrid,0,0.21073755770205915
msp,20260921,1,residual,valence,permuted_hybrid,1,0.01339992893007656
msp,20260921,1,residual,arousal,permuted_hybrid,1,0.3031315236468166
msp,20260921,1,residual,dominance,permuted_hybrid,1,0.21073755770205915
msp,20260921,1,residual,valence,permuted_hybrid,2,0.01339992893007656
msp,20260921,1,residual,arousal,permuted_hybrid,2,0.3031315236468166
msp,20260921,1,residual,dominance,permuted_hybrid,2,0.21073755770205915
msp,20260921,1,residual,valence,permuted_hybrid,3,0.01339992893007656
msp,20260921,1,residual,arousal,permuted_hybrid,3,0.3031315236468166
msp,20260921,1,residual,dominance,permuted_hybrid,3,0.21073755770205915
msp,20260921,1,residual,valence,permuted_hybrid,4,0.01339992893007656
msp,20260921,1,residual,arousal,permuted_hybrid,4,0.3031315236468166
msp,20260921,1,residual,dominance,permuted_hybrid,4,0.21073755770205915
msp,20260921,1,residual,valence,permuted_hybrid,5,0.01339992893007656
msp,20260921,1,residual,arousal,permuted_hybrid,5,0.3031315236468166
msp,20260921,1,residual,dominance,permuted_hybrid,5,0.21073755770205915
msp,20260921,1,residual,valence,permuted_hybrid,6,0.01339992893007656
msp,20260921,1,residual,arousal,permuted_hybrid,6,0.3031315236468166
msp,20260921,1,residual,dominance,permuted_hybrid,6,0.21073755770205915
msp,20260921,1,residual,valence,permuted_hybrid,7,0.01339992893007656
msp,20260921,1,residual,arousal,permuted_hybrid,7,0.3031315236468166
msp,20260921,1,residual,dominance,permuted_hybrid,7,0.21073755770205915
msp,20260921,1,residual,valence,permuted_hybrid,8,0.01339992893007656
msp,20260921,1,residual,arousal,permuted_hybrid,8,0.3031315236468166
msp,20260921,1,residual,dominance,permuted_hybrid,8,0.21073755770205915
msp,20260921,1,residual,valence,permuted_hybrid,9,0.01339992893007656
msp,20260921,1,residual,arousal,permuted_hybrid,9,0.3031315236468166
msp,20260921,1,residual,dominance,permuted_hybrid,9,0.21073755770205915
msp,20260921,2,raw,valence,relative,-1,0.009919284587555248
msp,20260921,2,raw,valence,true_hybrid,-1,0.017719492327618606
msp,20260921,2,raw,arousal,relative,-1,0.1862607444659223
msp,20260921,2,raw,arousal,true_hybrid,-1,0.5132875627159705
msp,20260921,2,raw,dominance,relative,-1,0.14186796995968773
msp,20260921,2,raw,dominance,true_hybrid,-1,0.41046810765966835
msp,20260921,2,raw,valence,permuted_hybrid,0,0.011726168815702516
msp,20260921,2,raw,arousal,permuted_hybrid,0,0.18625487020763917
msp,20260921,2,raw,dominance,permuted_hybrid,0,0.141270512169107
msp,20260921,2,raw,valence,permuted_hybrid,1,0.011726168815702516
msp,20260921,2,raw,arousal,permuted_hybrid,1,0.18625487020763917
msp,20260921,2,raw,dominance,permuted_hybrid,1,0.141270512169107
msp,20260921,2,raw,valence,permuted_hybrid,2,0.011726168815702516
msp,20260921,2,raw,arousal,permuted_hybrid,2,0.18625487020763917
msp,20260921,2,raw,dominance,permuted_hybrid,2,0.141270512169107
msp,20260921,2,raw,valence,permuted_hybrid,3,0.011726168815702516
msp,20260921,2,raw,arousal,permuted_hybrid,3,0.18625487020763917
msp,20260921,2,raw,dominance,permuted_hybrid,3,0.141270512169107
msp,20260921,2,raw,valence,permuted_hybrid,4,0.011726168815702516
msp,20260921,2,raw,arousal,permuted_hybrid,4,0.18625487020763917
msp,20260921,2,raw,dominance,permuted_hybrid,4,0.141270512169107
msp,20260921,2,raw,valence,permuted_hybrid,5,0.011726168815702516
msp,20260921,2,raw,arousal,permuted_hybrid,5,0.18625487020763917
msp,20260921,2,raw,dominance,permuted_hybrid,5,0.141270512169107
msp,20260921,2,raw,valence,permuted_hybrid,6,0.011726168815702516
msp,20260921,2,raw,arousal,permuted_hybrid,6,0.18625487020763917
msp,20260921,2,raw,dominance,permuted_hybrid,6,0.141270512169107
msp,20260921,2,raw,valence,permuted_hybrid,7,0.011726168815702516
msp,20260921,2,raw,arousal,permuted_hybrid,7,0.18625487020763917
msp,20260921,2,raw,dominance,permuted_hybrid,7,0.141270512169107
msp,20260921,2,raw,valence,permuted_hybrid,8,0.011726168815702516
msp,20260921,2,raw,arousal,permuted_hybrid,8,0.18625487020763917
msp,20260921,2,raw,dominance,permuted_hybrid,8,0.141270512169107
msp,20260921,2,raw,valence,permuted_hybrid,9,0.011726168815702516
msp,20260921,2,raw,arousal,permuted_hybrid,9,0.18625487020763917
msp,20260921,2,raw,dominance,permuted_hybrid,9,0.141270512169107
msp,20260921,2,residual,valence,relative,-1,0.010860416548678031
msp,20260921,2,residual,valence,true_hybrid,-1,0.010914200797123852
msp,20260921,2,residual,arousal,relative,-1,0.35003312870383635
msp,20260921,2,residual,arousal,true_hybrid,-1,0.3515047304287579
msp,20260921,2,residual,dominance,relative,-1,0.24883797336917415
msp,20260921,2,residual,dominance,true_hybrid,-1,0.24987455872275516
msp,20260921,2,residual,valence,permuted_hybrid,0,0.010861099502766567
msp,20260921,2,residual,arousal,permuted_hybrid,0,0.3500560981951261
msp,20260921,2,residual,dominance,permuted_hybrid,0,0.24885273051523743
msp,20260921,2,residual,valence,permuted_hybrid,1,0.010861099502766567
msp,20260921,2,residual,arousal,permuted_hybrid,1,0.3500560981951261
msp,20260921,2,residual,dominance,permuted_hybrid,1,0.24885273051523743
msp,20260921,2,residual,valence,permuted_hybrid,2,0.010861099502766567
msp,20260921,2,residual,arousal,permuted_hybrid,2,0.3500560981951261
msp,20260921,2,residual,dominance,permuted_hybrid,2,0.24885273051523743
msp,20260921,2,residual,valence,permuted_hybrid,3,0.010861099502766567
msp,20260921,2,residual,arousal,permuted_hybrid,3,0.3500560981951261
msp,20260921,2,residual,dominance,permuted_hybrid,3,0.24885273051523743
msp,20260921,2,residual,valence,permuted_hybrid,4,0.010861099502766567
msp,20260921,2,residual,arousal,permuted_hybrid,4,0.3500560981951261
msp,20260921,2,residual,dominance,permuted_hybrid,4,0.24885273051523743
msp,20260921,2,residual,valence,permuted_hybrid,5,0.010861099502766567
msp,20260921,2,residual,arousal,permuted_hybrid,5,0.3500560981951261
msp,20260921,2,residual,dominance,permuted_hybrid,5,0.24885273051523743
msp,20260921,2,residual,valence,permuted_hybrid,6,0.010861099502766567
msp,20260921,2,residual,arousal,permuted_hybrid,6,0.3500560981951261
msp,20260921,2,residual,dominance,permuted_hybrid,6,0.24885273051523743
msp,20260921,2,residual,valence,permuted_hybrid,7,0.010861099502766567
msp,20260921,2,residual,arousal,permuted_hybrid,7,0.3500560981951261
msp,20260921,2,residual,dominance,permuted_hybrid,7,0.24885273051523743
msp,20260921,2,residual,valence,permuted_hybrid,8,0.010861099502766567
msp,20260921,2,residual,arousal,permuted_hybrid,8,0.3500560981951261
msp,20260921,2,residual,dominance,permuted_hybrid,8,0.24885273051523743
msp,20260921,2,residual,valence,permuted_hybrid,9,0.010861099502766567
msp,20260921,2,residual,arousal,permuted_hybrid,9,0.3500560981951261
msp,20260921,2,residual,dominance,permuted_hybrid,9,0.24885273051523743
msp,20260921,3,raw,valence,relative,-1,0.013012111197391289
msp,20260921,3,raw,valence,true_hybrid,-1,0.01511855888245825
msp,20260921,3,raw,arousal,relative,-1,0.19298758341771766
msp,20260921,3,raw,arousal,true_hybrid,-1,0.48728422622735446
msp,20260921,3,raw,dominance,relative,-1,0.1519740106209343
msp,20260921,3,raw,dominance,true_hybrid,-1,0.3893359030044561
msp,20260921,3,raw,valence,permuted_hybrid,0,0.012989912460284622
msp,20260921,3,raw,arousal,permuted_hybrid,0,0.19708864169032372
msp,20260921,3,raw,dominance,permuted_hybrid,0,0.1547816107725328
msp,20260921,3,raw,valence,permuted_hybrid,1,0.012989912460284622
msp,20260921,3,raw,arousal,permuted_hybrid,1,0.19708864169032372
msp,20260921,3,raw,dominance,permuted_hybrid,1,0.1547816107725328
msp,20260921,3,raw,valence,permuted_hybrid,2,0.012989912460284622
msp,20260921,3,raw,arousal,permuted_hybrid,2,0.19708864169032372
msp,20260921,3,raw,dominance,permuted_hybrid,2,0.1547816107725328
msp,20260921,3,raw,valence,permuted_hybrid,3,0.012989912460284622
msp,20260921,3,raw,arousal,permuted_hybrid,3,0.19708864169032372
msp,20260921,3,raw,dominance,permuted_hybrid,3,0.1547816107725328
msp,20260921,3,raw,valence,permuted_hybrid,4,0.012989912460284622
msp,20260921,3,raw,arousal,permuted_hybrid,4,0.19708864169032372
msp,20260921,3,raw,dominance,permuted_hybrid,4,0.1547816107725328
msp,20260921,3,raw,valence,permuted_hybrid,5,0.012989912460284622
msp,20260921,3,raw,arousal,permuted_hybrid,5,0.19708864169032372
msp,20260921,3,raw,dominance,permuted_hybrid,5,0.1547816107725328
msp,20260921,3,raw,valence,permuted_hybrid,6,0.012989912460284622
msp,20260921,3,raw,arousal,permuted_hybrid,6,0.19708864169032372
msp,20260921,3,raw,dominance,permuted_hybrid,6,0.1547816107725328
msp,20260921,3,raw,valence,permuted_hybrid,7,0.012989912460284622
msp,20260921,3,raw,arousal,permuted_hybrid,7,0.19708864169032372
msp,20260921,3,raw,dominance,permuted_hybrid,7,0.1547816107725328
msp,20260921,3,raw,valence,permuted_hybrid,8,0.012989912460284622
msp,20260921,3,raw,arousal,permuted_hybrid,8,0.19708864169032372
msp,20260921,3,raw,dominance,permuted_hybrid,8,0.1547816107725328
msp,20260921,3,raw,valence,permuted_hybrid,9,0.012989912460284622
msp,20260921,3,raw,arousal,permuted_hybrid,9,0.19708864169032372
msp,20260921,3,raw,dominance,permuted_hybrid,9,0.1547816107725328
msp,20260921,3,residual,valence,relative,-1,0.013339927939080592
msp,20260921,3,residual,valence,true_hybrid,-1,0.013414156510199615
msp,20260921,3,residual,arousal,relative,-1,0.34127574718808473
msp,20260921,3,residual,arousal,true_hybrid,-1,0.34270739364349795
msp,20260921,3,residual,dominance,relative,-1,0.24481890413532578
msp,20260921,3,residual,dominance,true_hybrid,-1,0.24589977741636745
msp,20260921,3,residual,valence,permuted_hybrid,0,0.013341092043013753
msp,20260921,3,residual,arousal,permuted_hybrid,0,0.34132990096044624
msp,20260921,3,residual,dominance,permuted_hybrid,0,0.2448496714115972
msp,20260921,3,residual,valence,permuted_hybrid,1,0.013341092043013753
msp,20260921,3,residual,arousal,permuted_hybrid,1,0.34132990096044624
msp,20260921,3,residual,dominance,permuted_hybrid,1,0.2448496714115972
msp,20260921,3,residual,valence,permuted_hybrid,2,0.013341092043013753
msp,20260921,3,residual,arousal,permuted_hybrid,2,0.34132990096044624
msp,20260921,3,residual,dominance,permuted_hybrid,2,0.2448496714115972
msp,20260921,3,residual,valence,permuted_hybrid,3,0.013341092043013753
msp,20260921,3,residual,arousal,permuted_hybrid,3,0.34132990096044624
msp,20260921,3,residual,dominance,permuted_hybrid,3,0.2448496714115972
msp,20260921,3,residual,valence,permuted_hybrid,4,0.013341092043013753
msp,20260921,3,residual,arousal,permuted_hybrid,4,0.34132990096044624
msp,20260921,3,residual,dominance,permuted_hybrid,4,0.2448496714115972
msp,20260921,3,residual,valence,permuted_hybrid,5,0.013341092043013753
msp,20260921,3,residual,arousal,permuted_hybrid,5,0.34132990096044624
msp,20260921,3,residual,dominance,permuted_hybrid,5,0.2448496714115972
msp,20260921,3,residual,valence,permuted_hybrid,6,0.013341092043013753
msp,20260921,3,residual,arousal,permuted_hybrid,6,0.34132990096044624
msp,20260921,3,residual,dominance,permuted_hybrid,6,0.2448496714115972
msp,20260921,3,residual,valence,permuted_hybrid,7,0.013341092043013753
msp,20260921,3,residual,arousal,permuted_hybrid,7,0.34132990096044624
msp,20260921,3,residual,dominance,permuted_hybrid,7,0.2448496714115972
msp,20260921,3,residual,valence,permuted_hybrid,8,0.013341092043013753
msp,20260921,3,residual,arousal,permuted_hybrid,8,0.34132990096044624
msp,20260921,3,residual,dominance,permuted_hybrid,8,0.2448496714115972
msp,20260921,3,residual,valence,permuted_hybrid,9,0.013341092043013753
msp,20260921,3,residual,arousal,permuted_hybrid,9,0.34132990096044624
msp,20260921,3,residual,dominance,permuted_hybrid,9,0.2448496714115972
msp,20260921,4,raw,valence,relative,-1,0.012523570544011596
msp,20260921,4,raw,valence,true_hybrid,-1,0.017575620441191285
msp,20260921,4,raw,arousal,relative,-1,0.19497902099697653
msp,20260921,4,raw,arousal,true_hybrid,-1,0.505737486809192
msp,20260921,4,raw,dominance,relative,-1,0.14975942747469562
msp,20260921,4,raw,dominance,true_hybrid,-1,0.39439687262236595
msp,20260921,4,raw,valence,permuted_hybrid,0,0.01289722101118782
msp,20260921,4,raw,arousal,permuted_hybrid,0,0.1924017674186827
msp,20260921,4,raw,dominance,permuted_hybrid,0,0.1481022281667965
msp,20260921,4,raw,valence,permuted_hybrid,1,0.01289722101118782
msp,20260921,4,raw,arousal,permuted_hybrid,1,0.1924017674186827
msp,20260921,4,raw,dominance,permuted_hybrid,1,0.1481022281667965
msp,20260921,4,raw,valence,permuted_hybrid,2,0.01289722101118782
msp,20260921,4,raw,arousal,permuted_hybrid,2,0.1924017674186827
msp,20260921,4,raw,dominance,permuted_hybrid,2,0.1481022281667965
msp,20260921,4,raw,valence,permuted_hybrid,3,0.01289722101118782
msp,20260921,4,raw,arousal,permuted_hybrid,3,0.1924017674186827
msp,20260921,4,raw,dominance,permuted_hybrid,3,0.1481022281667965
msp,20260921,4,raw,valence,permuted_hybrid,4,0.01289722101118782
msp,20260921,4,raw,arousal,permuted_hybrid,4,0.1924017674186827
msp,20260921,4,raw,dominance,permuted_hybrid,4,0.1481022281667965
msp,20260921,4,raw,valence,permuted_hybrid,5,0.01289722101118782
msp,20260921,4,raw,arousal,permuted_hybrid,5,0.1924017674186827
msp,20260921,4,raw,dominance,permuted_hybrid,5,0.1481022281667965
msp,20260921,4,raw,valence,permuted_hybrid,6,0.01289722101118782
msp,20260921,4,raw,arousal,permuted_hybrid,6,0.1924017674186827
msp,20260921,4,raw,dominance,permuted_hybrid,6,0.1481022281667965
msp,20260921,4,raw,valence,permuted_hybrid,7,0.01289722101118782
msp,20260921,4,raw,arousal,permuted_hybrid,7,0.1924017674186827
msp,20260921,4,raw,dominance,permuted_hybrid,7,0.1481022281667965
msp,20260921,4,raw,valence,permuted_hybrid,8,0.01289722101118782
msp,20260921,4,raw,arousal,permuted_hybrid,8,0.1924017674186827
msp,20260921,4,raw,dominance,permuted_hybrid,8,0.1481022281667965
msp,20260921,4,raw,valence,permuted_hybrid,9,0.01289722101118782
msp,20260921,4,raw,arousal,permuted_hybrid,9,0.1924017674186827
msp,20260921,4,raw,dominance,permuted_hybrid,9,0.1481022281667965
msp,20260921,4,residual,valence,relative,-1,0.01399664844620855
msp,20260921,4,residual,valence,true_hybrid,-1,0.014066979828236438
msp,20260921,4,residual,arousal,relative,-1,0.3402119416365441
msp,20260921,4,residual,arousal,true_hybrid,-1,0.3416312123374942
msp,20260921,4,residual,dominance,relative,-1,0.24184777006405858
msp,20260921,4,residual,dominance,true_hybrid,-1,0.24288761320428587
msp,20260921,4,residual,valence,permuted_hybrid,0,0.013999369962948009
msp,20260921,4,residual,arousal,permuted_hybrid,0,0.340242441442109
msp,20260921,4,residual,dominance,permuted_hybrid,0,0.2418762229401039
msp,20260921,4,residual,valence,permuted_hybrid,1,0.013999369962948009
msp,20260921,4,residual,arousal,permuted_hybrid,1,0.340242441442109
msp,20260921,4,residual,dominance,permuted_hybrid,1,0.2418762229401039
msp,20260921,4,residual,valence,permuted_hybrid,2,0.013999369962948009
msp,20260921,4,residual,arousal,permuted_hybrid,2,0.340242441442109
msp,20260921,4,residual,dominance,permuted_hybrid,2,0.2418762229401039
msp,20260921,4,residual,valence,permuted_hybrid,3,0.013999369962948009
msp,20260921,4,residual,arousal,permuted_hybrid,3,0.340242441442109
msp,20260921,4,residual,dominance,permuted_hybrid,3,0.2418762229401039
msp,20260921,4,residual,valence,permuted_hybrid,4,0.013999369962948009
msp,20260921,4,residual,arousal,permuted_hybrid,4,0.340242441442109
msp,20260921,4,residual,dominance,permuted_hybrid,4,0.2418762229401039
msp,20260921,4,residual,valence,permuted_hybrid,5,0.013999369962948009
msp,20260921,4,residual,arousal,permuted_hybrid,5,0.340242441442109
msp,20260921,4,residual,dominance,permuted_hybrid,5,0.2418762229401039
msp,20260921,4,residual,valence,permuted_hybrid,6,0.013999369962948009
msp,20260921,4,residual,arousal,permuted_hybrid,6,0.340242441442109
msp,20260921,4,residual,dominance,permuted_hybrid,6,0.2418762229401039
msp,20260921,4,residual,valence,permuted_hybrid,7,0.013999369962948009
msp,20260921,4,residual,arousal,permuted_hybrid,7,0.340242441442109
msp,20260921,4,residual,dominance,permuted_hybrid,7,0.2418762229401039
msp,20260921,4,residual,valence,permuted_hybrid,8,0.013999369962948009
msp,20260921,4,residual,arousal,permuted_hybrid,8,0.340242441442109
msp,20260921,4,residual,dominance,permuted_hybrid,8,0.2418762229401039
msp,20260921,4,residual,valence,permuted_hybrid,9,0.013999369962948009
msp,20260921,4,residual,arousal,permuted_hybrid,9,0.340242441442109
msp,20260921,4,residual,dominance,permuted_hybrid,9,0.2418762229401039
msp,20260922,0,raw,valence,relative,-1,0.01110487349095464
msp,20260922,0,raw,valence,true_hybrid,-1,0.012759463387204989
msp,20260922,0,raw,arousal,relative,-1,0.1841807350237168
msp,20260922,0,raw,arousal,true_hybrid,-1,0.4834667769269265
msp,20260922,0,raw,dominance,relative,-1,0.13140748085543683
msp,20260922,0,raw,dominance,true_hybrid,-1,0.3660406951194603
msp,20260922,0,raw,valence,permuted_hybrid,0,0.010597771195224415
msp,20260922,0,raw,arousal,permuted_hybrid,0,0.18424814304838005
msp,20260922,0,raw,dominance,permuted_hybrid,0,0.13221552923660046
msp,20260922,0,raw,valence,permuted_hybrid,1,0.010597771195224415
msp,20260922,0,raw,arousal,permuted_hybrid,1,0.18424814304838005
msp,20260922,0,raw,dominance,permuted_hybrid,1,0.13221552923660046
msp,20260922,0,raw,valence,permuted_hybrid,2,0.010597771195224415
msp,20260922,0,raw,arousal,permuted_hybrid,2,0.18424814304838005
msp,20260922,0,raw,dominance,permuted_hybrid,2,0.13221552923660046
msp,20260922,0,raw,valence,permuted_hybrid,3,0.010597771195224415
msp,20260922,0,raw,arousal,permuted_hybrid,3,0.18424814304838005
msp,20260922,0,raw,dominance,permuted_hybrid,3,0.13221552923660046
msp,20260922,0,raw,valence,permuted_hybrid,4,0.010597771195224415
msp,20260922,0,raw,arousal,permuted_hybrid,4,0.18424814304838005
msp,20260922,0,raw,dominance,permuted_hybrid,4,0.13221552923660046
msp,20260922,0,raw,valence,permuted_hybrid,5,0.010597771195224415
msp,20260922,0,raw,arousal,permuted_hybrid,5,0.18424814304838005
msp,20260922,0,raw,dominance,permuted_hybrid,5,0.13221552923660046
msp,20260922,0,raw,valence,permuted_hybrid,6,0.010597771195224415
msp,20260922,0,raw,arousal,permuted_hybrid,6,0.18424814304838005
msp,20260922,0,raw,dominance,permuted_hybrid,6,0.13221552923660046
msp,20260922,0,raw,valence,permuted_hybrid,7,0.010597771195224415
msp,20260922,0,raw,arousal,permuted_hybrid,7,0.18424814304838005
msp,20260922,0,raw,dominance,permuted_hybrid,7,0.13221552923660046
msp,20260922,0,raw,valence,permuted_hybrid,8,0.010597771195224415
msp,20260922,0,raw,arousal,permuted_hybrid,8,0.18424814304838005
msp,20260922,0,raw,dominance,permuted_hybrid,8,0.13221552923660046
msp,20260922,0,raw,valence,permuted_hybrid,9,0.010597771195224415
msp,20260922,0,raw,arousal,permuted_hybrid,9,0.18424814304838005
msp,20260922,0,raw,dominance,permuted_hybrid,9,0.13221552923660046
msp,20260922,0,residual,valence,relative,-1,0.010953637273777845
msp,20260922,0,residual,valence,true_hybrid,-1,0.011005880069643707
msp,20260922,0,residual,arousal,relative,-1,0.3306318403931154
msp,20260922,0,residual,arousal,true_hybrid,-1,0.332039644123637
msp,20260922,0,residual,dominance,relative,-1,0.2210810593216566
msp,20260922,0,residual,dominance,true_hybrid,-1,0.2220057847280661
msp,20260922,0,residual,valence,permuted_hybrid,0,0.010955218932071995
msp,20260922,0,residual,arousal,permuted_hybrid,0,0.33065809933588014
msp,20260922,0,residual,dominance,permuted_hybrid,0,0.2211012489695822
msp,20260922,0,residual,valence,permuted_hybrid,1,0.010955218932071995
msp,20260922,0,residual,arousal,permuted_hybrid,1,0.33065809933588014
msp,20260922,0,residual,dominance,permuted_hybrid,1,0.2211012489695822
msp,20260922,0,residual,valence,permuted_hybrid,2,0.010955218932071995
msp,20260922,0,residual,arousal,permuted_hybrid,2,0.33065809933588014
msp,20260922,0,residual,dominance,permuted_hybrid,2,0.2211012489695822
msp,20260922,0,residual,valence,permuted_hybrid,3,0.010955218932071995
msp,20260922,0,residual,arousal,permuted_hybrid,3,0.33065809933588014
msp,20260922,0,residual,dominance,permuted_hybrid,3,0.2211012489695822
msp,20260922,0,residual,valence,permuted_hybrid,4,0.010955218932071995
msp,20260922,0,residual,arousal,permuted_hybrid,4,0.33065809933588014
msp,20260922,0,residual,dominance,permuted_hybrid,4,0.2211012489695822
msp,20260922,0,residual,valence,permuted_hybrid,5,0.010955218932071995
msp,20260922,0,residual,arousal,permuted_hybrid,5,0.33065809933588014
msp,20260922,0,residual,dominance,permuted_hybrid,5,0.2211012489695822
msp,20260922,0,residual,valence,permuted_hybrid,6,0.010955218932071995
msp,20260922,0,residual,arousal,permuted_hybrid,6,0.33065809933588014
msp,20260922,0,residual,dominance,permuted_hybrid,6,0.2211012489695822
msp,20260922,0,residual,valence,permuted_hybrid,7,0.010955218932071995
msp,20260922,0,residual,arousal,permuted_hybrid,7,0.33065809933588014
msp,20260922,0,residual,dominance,permuted_hybrid,7,0.2211012489695822
msp,20260922,0,residual,valence,permuted_hybrid,8,0.010955218932071995
msp,20260922,0,residual,arousal,permuted_hybrid,8,0.33065809933588014
msp,20260922,0,residual,dominance,permuted_hybrid,8,0.2211012489695822
msp,20260922,0,residual,valence,permuted_hybrid,9,0.010955218932071995
msp,20260922,0,residual,arousal,permuted_hybrid,9,0.33065809933588014
msp,20260922,0,residual,dominance,permuted_hybrid,9,0.2211012489695822
msp,20260922,1,raw,valence,relative,-1,0.012905173776985248
msp,20260922,1,raw,valence,true_hybrid,-1,0.0165121975340768
msp,20260922,1,raw,arousal,relative,-1,0.1994460104912302
msp,20260922,1,raw,arousal,true_hybrid,-1,0.5016564655068129
msp,20260922,1,raw,dominance,relative,-1,0.15517511613335958
msp,20260922,1,raw,dominance,true_hybrid,-1,0.40096161460577934
msp,20260922,1,raw,valence,permuted_hybrid,0,0.0111871885091155
msp,20260922,1,raw,arousal,permuted_hybrid,0,0.19818390868550567
msp,20260922,1,raw,dominance,permuted_hybrid,0,0.15602886712458885
msp,20260922,1,raw,valence,permuted_hybrid,1,0.0111871885091155
msp,20260922,1,raw,arousal,permuted_hybrid,1,0.19818390868550567
msp,20260922,1,raw,dominance,permuted_hybrid,1,0.15602886712458885
msp,20260922,1,raw,valence,permuted_hybrid,2,0.0111871885091155
msp,20260922,1,raw,arousal,permuted_hybrid,2,0.19818390868550567
msp,20260922,1,raw,dominance,permuted_hybrid,2,0.15602886712458885
msp,20260922,1,raw,valence,permuted_hybrid,3,0.0111871885091155
msp,20260922,1,raw,arousal,permuted_hybrid,3,0.19818390868550567
msp,20260922,1,raw,dominance,permuted_hybrid,3,0.15602886712458885
msp,20260922,1,raw,valence,permuted_hybrid,4,0.0111871885091155
msp,20260922,1,raw,arousal,permuted_hybrid,4,0.19818390868550567
msp,20260922,1,raw,dominance,permuted_hybrid,4,0.15602886712458885
msp,20260922,1,raw,valence,permuted_hybrid,5,0.0111871885091155
msp,20260922,1,raw,arousal,permuted_hybrid,5,0.19818390868550567
msp,20260922,1,raw,dominance,permuted_hybrid,5,0.15602886712458885
msp,20260922,1,raw,valence,permuted_hybrid,6,0.0111871885091155
msp,20260922,1,raw,arousal,permuted_hybrid,6,0.19818390868550567
msp,20260922,1,raw,dominance,permuted_hybrid,6,0.15602886712458885
msp,20260922,1,raw,valence,permuted_hybrid,7,0.0111871885091155
msp,20260922,1,raw,arousal,permuted_hybrid,7,0.19818390868550567
msp,20260922,1,raw,dominance,permuted_hybrid,7,0.15602886712458885
msp,20260922,1,raw,valence,permuted_hybrid,8,0.0111871885091155
msp,20260922,1,raw,arousal,permuted_hybrid,8,0.19818390868550567
msp,20260922,1,raw,dominance,permuted_hybrid,8,0.15602886712458885
msp,20260922,1,raw,valence,permuted_hybrid,9,0.0111871885091155
msp,20260922,1,raw,arousal,permuted_hybrid,9,0.19818390868550567
msp,20260922,1,raw,dominance,permuted_hybrid,9,0.15602886712458885
msp,20260922,1,residual,valence,relative,-1,0.014678229001113827
msp,20260922,1,residual,valence,true_hybrid,-1,0.01475425751314674
msp,20260922,1,residual,arousal,relative,-1,0.344512869114101
msp,20260922,1,residual,arousal,true_hybrid,-1,0.3459532021103735
msp,20260922,1,residual,dominance,relative,-1,0.2445721961375233
msp,20260922,1,residual,dominance,true_hybrid,-1,0.24564051540097173
msp,20260922,1,residual,valence,permuted_hybrid,0,0.01467970389572414
msp,20260922,1,residual,arousal,permuted_hybrid,0,0.3445408553380764
msp,20260922,1,residual,dominance,permuted_hybrid,0,0.2445924114277468
msp,20260922,1,residual,valence,permuted_hybrid,1,0.01467970389572414
msp,20260922,1,residual,arousal,permuted_hybrid,1,0.3445408553380764
msp,20260922,1,residual,dominance,permuted_hybrid,1,0.2445924114277468
msp,20260922,1,residual,valence,permuted_hybrid,2,0.01467970389572414
msp,20260922,1,residual,arousal,permuted_hybrid,2,0.3445408553380764
msp,20260922,1,residual,dominance,permuted_hybrid,2,0.2445924114277468
msp,20260922,1,residual,valence,permuted_hybrid,3,0.01467970389572414
msp,20260922,1,residual,arousal,permuted_hybrid,3,0.3445408553380764
msp,20260922,1,residual,dominance,permuted_hybrid,3,0.2445924114277468
msp,20260922,1,residual,valence,permuted_hybrid,4,0.01467970389572414
msp,20260922,1,residual,arousal,permuted_hybrid,4,0.3445408553380764
msp,20260922,1,residual,dominance,permuted_hybrid,4,0.2445924114277468
msp,20260922,1,residual,valence,permuted_hybrid,5,0.01467970389572414
msp,20260922,1,residual,arousal,permuted_hybrid,5,0.3445408553380764
msp,20260922,1,residual,dominance,permuted_hybrid,5,0.2445924114277468
msp,20260922,1,residual,valence,permuted_hybrid,6,0.01467970389572414
msp,20260922,1,residual,arousal,permuted_hybrid,6,0.3445408553380764
msp,20260922,1,residual,dominance,permuted_hybrid,6,0.2445924114277468
msp,20260922,1,residual,valence,permuted_hybrid,7,0.01467970389572414
msp,20260922,1,residual,arousal,permuted_hybrid,7,0.3445408553380764
msp,20260922,1,residual,dominance,permuted_hybrid,7,0.2445924114277468
msp,20260922,1,residual,valence,permuted_hybrid,8,0.01467970389572414
msp,20260922,1,residual,arousal,permuted_hybrid,8,0.3445408553380764
msp,20260922,1,residual,dominance,permuted_hybrid,8,0.2445924114277468
msp,20260922,1,residual,valence,permuted_hybrid,9,0.01467970389572414
msp,20260922,1,residual,arousal,permuted_hybrid,9,0.3445408553380764
msp,20260922,1,residual,dominance,permuted_hybrid,9,0.2445924114277468
msp,20260922,2,raw,valence,relative,-1,0.01272550305979052
msp,20260922,2,raw,valence,true_hybrid,-1,0.020777029763198136
msp,20260922,2,raw,arousal,relative,-1,0.19202106161976282
msp,20260922,2,raw,arousal,true_hybrid,-1,0.47682941266932155
msp,20260922,2,raw,dominance,relative,-1,0.14845427188817165
msp,20260922,2,raw,dominance,true_hybrid,-1,0.3798695716352703
msp,20260922,2,raw,valence,permuted_hybrid,0,0.01186695811847711
msp,20260922,2,raw,arousal,permuted_hybrid,0,0.19125758779761307
msp,20260922,2,raw,dominance,permuted_hybrid,0,0.1483048351851622
msp,20260922,2,raw,valence,permuted_hybrid,1,0.01186695811847711
msp,20260922,2,raw,arousal,permuted_hybrid,1,0.19125758779761307
msp,20260922,2,raw,dominance,permuted_hybrid,1,0.1483048351851622
msp,20260922,2,raw,valence,permuted_hybrid,2,0.01186695811847711
msp,20260922,2,raw,arousal,permuted_hybrid,2,0.19125758779761307
msp,20260922,2,raw,dominance,permuted_hybrid,2,0.1483048351851622
msp,20260922,2,raw,valence,permuted_hybrid,3,0.01186695811847711
msp,20260922,2,raw,arousal,permuted_hybrid,3,0.19125758779761307
msp,20260922,2,raw,dominance,permuted_hybrid,3,0.1483048351851622
msp,20260922,2,raw,valence,permuted_hybrid,4,0.01186695811847711
msp,20260922,2,raw,arousal,permuted_hybrid,4,0.19125758779761307
msp,20260922,2,raw,dominance,permuted_hybrid,4,0.1483048351851622
msp,20260922,2,raw,valence,permuted_hybrid,5,0.01186695811847711
msp,20260922,2,raw,arousal,permuted_hybrid,5,0.19125758779761307
msp,20260922,2,raw,dominance,permuted_hybrid,5,0.1483048351851622
msp,20260922,2,raw,valence,permuted_hybrid,6,0.01186695811847711
msp,20260922,2,raw,arousal,permuted_hybrid,6,0.19125758779761307
msp,20260922,2,raw,dominance,permuted_hybrid,6,0.1483048351851622
msp,20260922,2,raw,valence,permuted_hybrid,7,0.01186695811847711
msp,20260922,2,raw,arousal,permuted_hybrid,7,0.19125758779761307
msp,20260922,2,raw,dominance,permuted_hybrid,7,0.1483048351851622
msp,20260922,2,raw,valence,permuted_hybrid,8,0.01186695811847711
msp,20260922,2,raw,arousal,permuted_hybrid,8,0.19125758779761307
msp,20260922,2,raw,dominance,permuted_hybrid,8,0.1483048351851622
msp,20260922,2,raw,valence,permuted_hybrid,9,0.01186695811847711
msp,20260922,2,raw,arousal,permuted_hybrid,9,0.19125758779761307
msp,20260922,2,raw,dominance,permuted_hybrid,9,0.1483048351851622
msp,20260922,2,residual,valence,relative,-1,0.014030361169681033
msp,20260922,2,residual,valence,true_hybrid,-1,0.014099963559100015
msp,20260922,2,residual,arousal,relative,-1,0.34488815630776104
msp,20260922,2,residual,arousal,true_hybrid,-1,0.34635624751519
msp,20260922,2,residual,dominance,relative,-1,0.250899015259094
msp,20260922,2,residual,dominance,true_hybrid,-1,0.2519928486536242
msp,20260922,2,residual,valence,permuted_hybrid,0,0.01403353465775579
msp,20260922,2,residual,arousal,permuted_hybrid,0,0.34490543528228346
msp,20260922,2,residual,dominance,permuted_hybrid,0,0.2509220573511622
msp,20260922,2,residual,valence,permuted_hybrid,1,0.01403353465775579
msp,20260922,2,residual,arousal,permuted_hybrid,1,0.34490543528228346
msp,20260922,2,residual,dominance,permuted_hybrid,1,0.2509220573511622
msp,20260922,2,residual,valence,permuted_hybrid,2,0.01403353465775579
msp,20260922,2,residual,arousal,permuted_hybrid,2,0.34490543528228346
msp,20260922,2,residual,dominance,permuted_hybrid,2,0.2509220573511622
msp,20260922,2,residual,valence,permuted_hybrid,3,0.01403353465775579
msp,20260922,2,residual,arousal,permuted_hybrid,3,0.34490543528228346
msp,20260922,2,residual,dominance,permuted_hybrid,3,0.2509220573511622
msp,20260922,2,residual,valence,permuted_hybrid,4,0.01403353465775579
msp,20260922,2,residual,arousal,permuted_hybrid,4,0.34490543528228346
msp,20260922,2,residual,dominance,permuted_hybrid,4,0.2509220573511622
msp,20260922,2,residual,valence,permuted_hybrid,5,0.01403353465775579
msp,20260922,2,residual,arousal,permuted_hybrid,5,0.34490543528228346
msp,20260922,2,residual,dominance,permuted_hybrid,5,0.2509220573511622
msp,20260922,2,residual,valence,permuted_hybrid,6,0.01403353465775579
msp,20260922,2,residual,arousal,permuted_hybrid,6,0.34490543528228346
msp,20260922,2,residual,dominance,permuted_hybrid,6,0.2509220573511622
msp,20260922,2,residual,valence,permuted_hybrid,7,0.01403353465775579
msp,20260922,2,residual,arousal,permuted_hybrid,7,0.34490543528228346
msp,20260922,2,residual,dominance,permuted_hybrid,7,0.2509220573511622
msp,20260922,2,residual,valence,permuted_hybrid,8,0.01403353465775579
msp,20260922,2,residual,arousal,permuted_hybrid,8,0.34490543528228346
msp,20260922,2,residual,dominance,permuted_hybrid,8,0.2509220573511622
msp,20260922,2,residual,valence,permuted_hybrid,9,0.01403353465775579
msp,20260922,2,residual,arousal,permuted_hybrid,9,0.34490543528228346
msp,20260922,2,residual,dominance,permuted_hybrid,9,0.2509220573511622
msp,20260922,3,raw,valence,relative,-1,0.012356998416188786
msp,20260922,3,raw,valence,true_hybrid,-1,0.01671427967254231
msp,20260922,3,raw,arousal,relative,-1,0.1989411753917061
msp,20260922,3,raw,arousal,true_hybrid,-1,0.4916801594538814
msp,20260922,3,raw,dominance,relative,-1,0.15370647902870277
msp,20260922,3,raw,dominance,true_hybrid,-1,0.3846504834729385
msp,20260922,3,raw,valence,permuted_hybrid,0,0.012711209944165648
msp,20260922,3,raw,arousal,permuted_hybrid,0,0.19788545667575844
msp,20260922,3,raw,dominance,permuted_hybrid,0,0.1548188695405033
msp,20260922,3,raw,valence,permuted_hybrid,1,0.012711209944165648
msp,20260922,3,raw,arousal,permuted_hybrid,1,0.19788545667575844
msp,20260922,3,raw,dominance,permuted_hybrid,1,0.1548188695405033
msp,20260922,3,raw,valence,permuted_hybrid,2,0.012711209944165648
msp,20260922,3,raw,arousal,permuted_hybrid,2,0.19788545667575844
msp,20260922,3,raw,dominance,permuted_hybrid,2,0.1548188695405033
msp,20260922,3,raw,valence,permuted_hybrid,3,0.012711209944165648
msp,20260922,3,raw,arousal,permuted_hybrid,3,0.19788545667575844
msp,20260922,3,raw,dominance,permuted_hybrid,3,0.1548188695405033
msp,20260922,3,raw,valence,permuted_hybrid,4,0.012711209944165648
msp,20260922,3,raw,arousal,permuted_hybrid,4,0.19788545667575844
msp,20260922,3,raw,dominance,permuted_hybrid,4,0.1548188695405033
msp,20260922,3,raw,valence,permuted_hybrid,5,0.012711209944165648
msp,20260922,3,raw,arousal,permuted_hybrid,5,0.19788545667575844
msp,20260922,3,raw,dominance,permuted_hybrid,5,0.1548188695405033
msp,20260922,3,raw,valence,permuted_hybrid,6,0.012711209944165648
msp,20260922,3,raw,arousal,permuted_hybrid,6,0.19788545667575844
msp,20260922,3,raw,dominance,permuted_hybrid,6,0.1548188695405033
msp,20260922,3,raw,valence,permuted_hybrid,7,0.012711209944165648
msp,20260922,3,raw,arousal,permuted_hybrid,7,0.19788545667575844
msp,20260922,3,raw,dominance,permuted_hybrid,7,0.1548188695405033
msp,20260922,3,raw,valence,permuted_hybrid,8,0.012711209944165648
msp,20260922,3,raw,arousal,permuted_hybrid,8,0.19788545667575844
msp,20260922,3,raw,dominance,permuted_hybrid,8,0.1548188695405033
msp,20260922,3,raw,valence,permuted_hybrid,9,0.012711209944165648
msp,20260922,3,raw,arousal,permuted_hybrid,9,0.19788545667575844
msp,20260922,3,raw,dominance,permuted_hybrid,9,0.1548188695405033
msp,20260922,3,residual,valence,relative,-1,0.012886238902143398
msp,20260922,3,residual,valence,true_hybrid,-1,0.012949303098890289
msp,20260922,3,residual,arousal,relative,-1,0.33707514888962503
msp,20260922,3,residual,arousal,true_hybrid,-1,0.3384946817635832
msp,20260922,3,residual,dominance,relative,-1,0.23961142506551394
msp,20260922,3,residual,dominance,true_hybrid,-1,0.24064568813700482
msp,20260922,3,residual,valence,permuted_hybrid,0,0.012886380276764548
msp,20260922,3,residual,arousal,permuted_hybrid,0,0.3370793613226289
msp,20260922,3,residual,dominance,permuted_hybrid,0,0.23961521305969805
msp,20260922,3,residual,valence,permuted_hybrid,1,0.012886380276764548
msp,20260922,3,residual,arousal,permuted_hybrid,1,0.3370793613226289
msp,20260922,3,residual,dominance,permuted_hybrid,1,0.23961521305969805
msp,20260922,3,residual,valence,permuted_hybrid,2,0.012886380276764548
msp,20260922,3,residual,arousal,permuted_hybrid,2,0.3370793613226289
msp,20260922,3,residual,dominance,permuted_hybrid,2,0.23961521305969805
msp,20260922,3,residual,valence,permuted_hybrid,3,0.012886380276764548
msp,20260922,3,residual,arousal,permuted_hybrid,3,0.3370793613226289
msp,20260922,3,residual,dominance,permuted_hybrid,3,0.23961521305969805
msp,20260922,3,residual,valence,permuted_hybrid,4,0.012886380276764548
msp,20260922,3,residual,arousal,permuted_hybrid,4,0.3370793613226289
msp,20260922,3,residual,dominance,permuted_hybrid,4,0.23961521305969805
msp,20260922,3,residual,valence,permuted_hybrid,5,0.012886380276764548
msp,20260922,3,residual,arousal,permuted_hybrid,5,0.3370793613226289
msp,20260922,3,residual,dominance,permuted_hybrid,5,0.23961521305969805
msp,20260922,3,residual,valence,permuted_hybrid,6,0.012886380276764548
msp,20260922,3,residual,arousal,permuted_hybrid,6,0.3370793613226289
msp,20260922,3,residual,dominance,permuted_hybrid,6,0.23961521305969805
msp,20260922,3,residual,valence,permuted_hybrid,7,0.012886380276764548
msp,20260922,3,residual,arousal,permuted_hybrid,7,0.3370793613226289
msp,20260922,3,residual,dominance,permuted_hybrid,7,0.23961521305969805
msp,20260922,3,residual,valence,permuted_hybrid,8,0.012886380276764548
msp,20260922,3,residual,arousal,permuted_hybrid,8,0.3370793613226289
msp,20260922,3,residual,dominance,permuted_hybrid,8,0.23961521305969805
msp,20260922,3,residual,valence,permuted_hybrid,9,0.012886380276764548
msp,20260922,3,residual,arousal,permuted_hybrid,9,0.3370793613226289
msp,20260922,3,residual,dominance,permuted_hybrid,9,0.23961521305969805
msp,20260922,4,raw,valence,relative,-1,0.011465137443018572
msp,20260922,4,raw,valence,true_hybrid,-1,0.018578301989927166
msp,20260922,4,raw,arousal,relative,-1,0.17613793886298215
msp,20260922,4,raw,arousal,true_hybrid,-1,0.476638733544793
msp,20260922,4,raw,dominance,relative,-1,0.13545500898176324
msp,20260922,4,raw,dominance,true_hybrid,-1,0.3781539638566194
msp,20260922,4,raw,valence,permuted_hybrid,0,0.012114114146600026
msp,20260922,4,raw,arousal,permuted_hybrid,0,0.17549448707785806
msp,20260922,4,raw,dominance,permuted_hybrid,0,0.1343207648980571
msp,20260922,4,raw,valence,permuted_hybrid,1,0.012114114146600026
msp,20260922,4,raw,arousal,permuted_hybrid,1,0.17549448707785806
msp,20260922,4,raw,dominance,permuted_hybrid,1,0.1343207648980571
msp,20260922,4,raw,valence,permuted_hybrid,2,0.012114114146600026
msp,20260922,4,raw,arousal,permuted_hybrid,2,0.17549448707785806
msp,20260922,4,raw,dominance,permuted_hybrid,2,0.1343207648980571
msp,20260922,4,raw,valence,permuted_hybrid,3,0.012114114146600026
msp,20260922,4,raw,arousal,permuted_hybrid,3,0.17549448707785806
msp,20260922,4,raw,dominance,permuted_hybrid,3,0.1343207648980571
msp,20260922,4,raw,valence,permuted_hybrid,4,0.012114114146600026
msp,20260922,4,raw,arousal,permuted_hybrid,4,0.17549448707785806
msp,20260922,4,raw,dominance,permuted_hybrid,4,0.1343207648980571
msp,20260922,4,raw,valence,permuted_hybrid,5,0.012114114146600026
msp,20260922,4,raw,arousal,permuted_hybrid,5,0.17549448707785806
msp,20260922,4,raw,dominance,permuted_hybrid,5,0.1343207648980571
msp,20260922,4,raw,valence,permuted_hybrid,6,0.012114114146600026
msp,20260922,4,raw,arousal,permuted_hybrid,6,0.17549448707785806
msp,20260922,4,raw,dominance,permuted_hybrid,6,0.1343207648980571
msp,20260922,4,raw,valence,permuted_hybrid,7,0.012114114146600026
msp,20260922,4,raw,arousal,permuted_hybrid,7,0.17549448707785806
msp,20260922,4,raw,dominance,permuted_hybrid,7,0.1343207648980571
msp,20260922,4,raw,valence,permuted_hybrid,8,0.012114114146600026
msp,20260922,4,raw,arousal,permuted_hybrid,8,0.17549448707785806
msp,20260922,4,raw,dominance,permuted_hybrid,8,0.1343207648980571
msp,20260922,4,raw,valence,permuted_hybrid,9,0.012114114146600026
msp,20260922,4,raw,arousal,permuted_hybrid,9,0.17549448707785806
msp,20260922,4,raw,dominance,permuted_hybrid,9,0.1343207648980571
msp,20260922,4,residual,valence,relative,-1,0.012956978157367934
msp,20260922,4,residual,valence,true_hybrid,-1,0.013023980137102577
msp,20260922,4,residual,arousal,relative,-1,0.31114616358671027
msp,20260922,4,residual,arousal,true_hybrid,-1,0.312472432947053
msp,20260922,4,residual,dominance,relative,-1,0.22237210586077708
msp,20260922,4,residual,dominance,true_hybrid,-1,0.2233408684042768
msp,20260922,4,residual,valence,permuted_hybrid,0,0.012958199876456796
msp,20260922,4,residual,arousal,permuted_hybrid,0,0.31116486079079697
msp,20260922,4,residual,dominance,permuted_hybrid,0,0.22238424845415822
msp,20260922,4,residual,valence,permuted_hybrid,1,0.012958199876456796
msp,20260922,4,residual,arousal,permuted_hybrid,1,0.31116486079079697
msp,20260922,4,residual,dominance,permuted_hybrid,1,0.22238424845415822
msp,20260922,4,residual,valence,permuted_hybrid,2,0.012958199876456796
msp,20260922,4,residual,arousal,permuted_hybrid,2,0.31116486079079697
msp,20260922,4,residual,dominance,permuted_hybrid,2,0.22238424845415822
msp,20260922,4,residual,valence,permuted_hybrid,3,0.012958199876456796
msp,20260922,4,residual,arousal,permuted_hybrid,3,0.31116486079079697
msp,20260922,4,residual,dominance,permuted_hybrid,3,0.22238424845415822
msp,20260922,4,residual,valence,permuted_hybrid,4,0.012958199876456796
msp,20260922,4,residual,arousal,permuted_hybrid,4,0.31116486079079697
msp,20260922,4,residual,dominance,permuted_hybrid,4,0.22238424845415822
msp,20260922,4,residual,valence,permuted_hybrid,5,0.012958199876456796
msp,20260922,4,residual,arousal,permuted_hybrid,5,0.31116486079079697
msp,20260922,4,residual,dominance,permuted_hybrid,5,0.22238424845415822
msp,20260922,4,residual,valence,permuted_hybrid,6,0.012958199876456796
msp,20260922,4,residual,arousal,permuted_hybrid,6,0.31116486079079697
msp,20260922,4,residual,dominance,permuted_hybrid,6,0.22238424845415822
msp,20260922,4,residual,valence,permuted_hybrid,7,0.012958199876456796
msp,20260922,4,residual,arousal,permuted_hybrid,7,0.31116486079079697
msp,20260922,4,residual,dominance,permuted_hybrid,7,0.22238424845415822
msp,20260922,4,residual,valence,permuted_hybrid,8,0.012958199876456796
msp,20260922,4,residual,arousal,permuted_hybrid,8,0.31116486079079697
msp,20260922,4,residual,dominance,permuted_hybrid,8,0.22238424845415822
msp,20260922,4,residual,valence,permuted_hybrid,9,0.012958199876456796
msp,20260922,4,residual,arousal,permuted_hybrid,9,0.31116486079079697
msp,20260922,4,residual,dominance,permuted_hybrid,9,0.22238424845415822
iemocap,20260920,0,raw,valence,relative,-1,0.0282741455838144
iemocap,20260920,0,raw,valence,true_hybrid,-1,0.031139911228433417
iemocap,20260920,0,raw,arousal,relative,-1,0.47277932699221414
iemocap,20260920,0,raw,arousal,true_hybrid,-1,0.4712649350976631
iemocap,20260920,0,raw,dominance,relative,-1,0.34871004753785245
iemocap,20260920,0,raw,dominance,true_hybrid,-1,0.3441134769803263
iemocap,20260920,0,raw,valence,permuted_hybrid,0,0.03326949391783861
iemocap,20260920,0,raw,arousal,permuted_hybrid,0,0.4211864751288538
iemocap,20260920,0,raw,dominance,permuted_hybrid,0,0.3285590540249066
iemocap,20260920,0,raw,valence,permuted_hybrid,1,0.03326949391783861
iemocap,20260920,0,raw,arousal,permuted_hybrid,1,0.4211864751288538
iemocap,20260920,0,raw,dominance,permuted_hybrid,1,0.3285590540249066
iemocap,20260920,0,raw,valence,permuted_hybrid,2,0.03326949391783861
iemocap,20260920,0,raw,arousal,permuted_hybrid,2,0.4211864751288538
iemocap,20260920,0,raw,dominance,permuted_hybrid,2,0.3285590540249066
iemocap,20260920,0,raw,valence,permuted_hybrid,3,0.03326949391783861
iemocap,20260920,0,raw,arousal,permuted_hybrid,3,0.4211864751288538
iemocap,20260920,0,raw,dominance,permuted_hybrid,3,0.3285590540249066
iemocap,20260920,0,raw,valence,permuted_hybrid,4,0.03326949391783861
iemocap,20260920,0,raw,arousal,permuted_hybrid,4,0.4211864751288538
iemocap,20260920,0,raw,dominance,permuted_hybrid,4,0.3285590540249066
iemocap,20260920,0,raw,valence,permuted_hybrid,5,0.03326949391783861
iemocap,20260920,0,raw,arousal,permuted_hybrid,5,0.4211864751288538
iemocap,20260920,0,raw,dominance,permuted_hybrid,5,0.3285590540249066
iemocap,20260920,0,raw,valence,permuted_hybrid,6,0.03326949391783861
iemocap,20260920,0,raw,arousal,permuted_hybrid,6,0.4211864751288538
iemocap,20260920,0,raw,dominance,permuted_hybrid,6,0.3285590540249066
iemocap,20260920,0,raw,valence,permuted_hybrid,7,0.03326949391783861
iemocap,20260920,0,raw,arousal,permuted_hybrid,7,0.4211864751288538
iemocap,20260920,0,raw,dominance,permuted_hybrid,7,0.3285590540249066
iemocap,20260920,0,raw,valence,permuted_hybrid,8,0.03326949391783861
iemocap,20260920,0,raw,arousal,permuted_hybrid,8,0.4211864751288538
iemocap,20260920,0,raw,dominance,permuted_hybrid,8,0.3285590540249066
iemocap,20260920,0,raw,valence,permuted_hybrid,9,0.03326949391783861
iemocap,20260920,0,raw,arousal,permuted_hybrid,9,0.4211864751288538
iemocap,20260920,0,raw,dominance,permuted_hybrid,9,0.3285590540249066
iemocap,20260920,0,residual,valence,relative,-1,0.02913962818221328
iemocap,20260920,0,residual,valence,true_hybrid,-1,0.02916293912290588
iemocap,20260920,0,residual,arousal,relative,-1,0.4800163981641857
iemocap,20260920,0,residual,arousal,true_hybrid,-1,0.4811795542498218
iemocap,20260920,0,residual,dominance,relative,-1,0.34927490613647805
iemocap,20260920,0,residual,dominance,true_hybrid,-1,0.3498376173811592
iemocap,20260920,0,residual,valence,permuted_hybrid,0,0.02916882512872919
iemocap,20260920,0,residual,arousal,permuted_hybrid,0,0.47758991351016933
iemocap,20260920,0,residual,dominance,permuted_hybrid,0,0.3485875691782971
iemocap,20260920,0,residual,valence,permuted_hybrid,1,0.02916882512872919
iemocap,20260920,0,residual,arousal,permuted_hybrid,1,0.47758991351016933
iemocap,20260920,0,residual,dominance,permuted_hybrid,1,0.3485875691782971
iemocap,20260920,0,residual,valence,permuted_hybrid,2,0.02916882512872919
iemocap,20260920,0,residual,arousal,permuted_hybrid,2,0.47758991351016933
iemocap,20260920,0,residual,dominance,permuted_hybrid,2,0.3485875691782971
iemocap,20260920,0,residual,valence,permuted_hybrid,3,0.02916882512872919
iemocap,20260920,0,residual,arousal,permuted_hybrid,3,0.47758991351016933
iemocap,20260920,0,residual,dominance,permuted_hybrid,3,0.3485875691782971
iemocap,20260920,0,residual,valence,permuted_hybrid,4,0.02916882512872919
iemocap,20260920,0,residual,arousal,permuted_hybrid,4,0.47758991351016933
iemocap,20260920,0,residual,dominance,permuted_hybrid,4,0.3485875691782971
iemocap,20260920,0,residual,valence,permuted_hybrid,5,0.02916882512872919
iemocap,20260920,0,residual,arousal,permuted_hybrid,5,0.47758991351016933
iemocap,20260920,0,residual,dominance,permuted_hybrid,5,0.3485875691782971
iemocap,20260920,0,residual,valence,permuted_hybrid,6,0.02916882512872919
iemocap,20260920,0,residual,arousal,permuted_hybrid,6,0.47758991351016933
iemocap,20260920,0,residual,dominance,permuted_hybrid,6,0.3485875691782971
iemocap,20260920,0,residual,valence,permuted_hybrid,7,0.02916882512872919
iemocap,20260920,0,residual,arousal,permuted_hybrid,7,0.47758991351016933
iemocap,20260920,0,residual,dominance,permuted_hybrid,7,0.3485875691782971
iemocap,20260920,0,residual,valence,permuted_hybrid,8,0.02916882512872919
iemocap,20260920,0,residual,arousal,permuted_hybrid,8,0.47758991351016933
iemocap,20260920,0,residual,dominance,permuted_hybrid,8,0.3485875691782971
iemocap,20260920,0,residual,valence,permuted_hybrid,9,0.02916882512872919
iemocap,20260920,0,residual,arousal,permuted_hybrid,9,0.47758991351016933
iemocap,20260920,0,residual,dominance,permuted_hybrid,9,0.3485875691782971
iemocap,20260920,1,raw,valence,relative,-1,0.028622362307621642
iemocap,20260920,1,raw,valence,true_hybrid,-1,0.029297315893197996
iemocap,20260920,1,raw,arousal,relative,-1,0.5118543907646798
iemocap,20260920,1,raw,arousal,true_hybrid,-1,0.5245524010108485
iemocap,20260920,1,raw,dominance,relative,-1,0.3129636820181852
iemocap,20260920,1,raw,dominance,true_hybrid,-1,0.32674646947589675
iemocap,20260920,1,raw,valence,permuted_hybrid,0,0.02813530409239992
iemocap,20260920,1,raw,arousal,permuted_hybrid,0,0.5192846284115313
iemocap,20260920,1,raw,dominance,permuted_hybrid,0,0.33336510285855464
iemocap,20260920,1,raw,valence,permuted_hybrid,1,0.02813530409239992
iemocap,20260920,1,raw,arousal,permuted_hybrid,1,0.5192846284115313
iemocap,20260920,1,raw,dominance,permuted_hybrid,1,0.33336510285855464
iemocap,20260920,1,raw,valence,permuted_hybrid,2,0.02813530409239992
iemocap,20260920,1,raw,arousal,permuted_hybrid,2,0.5192846284115313
iemocap,20260920,1,raw,dominance,permuted_hybrid,2,0.33336510285855464
iemocap,20260920,1,raw,valence,permuted_hybrid,3,0.02813530409239992
iemocap,20260920,1,raw,arousal,permuted_hybrid,3,0.5192846284115313
iemocap,20260920,1,raw,dominance,permuted_hybrid,3,0.33336510285855464
iemocap,20260920,1,raw,valence,permuted_hybrid,4,0.02813530409239992
iemocap,20260920,1,raw,arousal,permuted_hybrid,4,0.5192846284115313
iemocap,20260920,1,raw,dominance,permuted_hybrid,4,0.33336510285855464
iemocap,20260920,1,raw,valence,permuted_hybrid,5,0.02813530409239992
iemocap,20260920,1,raw,arousal,permuted_hybrid,5,0.5192846284115313
iemocap,20260920,1,raw,dominance,permuted_hybrid,5,0.33336510285855464
iemocap,20260920,1,raw,valence,permuted_hybrid,6,0.02813530409239992
iemocap,20260920,1,raw,arousal,permuted_hybrid,6,0.5192846284115313
iemocap,20260920,1,raw,dominance,permuted_hybrid,6,0.33336510285855464
iemocap,20260920,1,raw,valence,permuted_hybrid,7,0.02813530409239992
iemocap,20260920,1,raw,arousal,permuted_hybrid,7,0.5192846284115313
iemocap,20260920,1,raw,dominance,permuted_hybrid,7,0.33336510285855464
iemocap,20260920,1,raw,valence,permuted_hybrid,8,0.02813530409239992
iemocap,20260920,1,raw,arousal,permuted_hybrid,8,0.5192846284115313
iemocap,20260920,1,raw,dominance,permuted_hybrid,8,0.33336510285855464
iemocap,20260920,1,raw,valence,permuted_hybrid,9,0.02813530409239992
iemocap,20260920,1,raw,arousal,permuted_hybrid,9,0.5192846284115313
iemocap,20260920,1,raw,dominance,permuted_hybrid,9,0.33336510285855464
iemocap,20260920,1,residual,valence,relative,-1,0.028707168428039827
iemocap,20260920,1,residual,valence,true_hybrid,-1,0.028659318684510323
iemocap,20260920,1,residual,arousal,relative,-1,0.5248089466721889
iemocap,20260920,1,residual,arousal,true_hybrid,-1,0.5248365291038942
iemocap,20260920,1,residual,dominance,relative,-1,0.3585452944577765
iemocap,20260920,1,residual,dominance,true_hybrid,-1,0.3591197637039434
iemocap,20260920,1,residual,valence,permuted_hybrid,0,0.028663522017089476
iemocap,20260920,1,residual,arousal,permuted_hybrid,0,0.5256100905997323
iemocap,20260920,1,residual,dominance,permuted_hybrid,0,0.3589547997419042
iemocap,20260920,1,residual,valence,permuted_hybrid,1,0.028663522017089476
iemocap,20260920,1,residual,arousal,permuted_hybrid,1,0.5256100905997323
iemocap,20260920,1,residual,dominance,permuted_hybrid,1,0.3589547997419042
iemocap,20260920,1,residual,valence,permuted_hybrid,2,0.028663522017089476
iemocap,20260920,1,residual,arousal,permuted_hybrid,2,0.5256100905997323
iemocap,20260920,1,residual,dominance,permuted_hybrid,2,0.3589547997419042
iemocap,20260920,1,residual,valence,permuted_hybrid,3,0.028663522017089476
iemocap,20260920,1,residual,arousal,permuted_hybrid,3,0.5256100905997323
iemocap,20260920,1,residual,dominance,permuted_hybrid,3,0.3589547997419042
iemocap,20260920,1,residual,valence,permuted_hybrid,4,0.028663522017089476
iemocap,20260920,1,residual,arousal,permuted_hybrid,4,0.5256100905997323
iemocap,20260920,1,residual,dominance,permuted_hybrid,4,0.3589547997419042
iemocap,20260920,1,residual,valence,permuted_hybrid,5,0.028663522017089476
iemocap,20260920,1,residual,arousal,permuted_hybrid,5,0.5256100905997323
iemocap,20260920,1,residual,dominance,permuted_hybrid,5,0.3589547997419042
iemocap,20260920,1,residual,valence,permuted_hybrid,6,0.028663522017089476
iemocap,20260920,1,residual,arousal,permuted_hybrid,6,0.5256100905997323
iemocap,20260920,1,residual,dominance,permuted_hybrid,6,0.3589547997419042
iemocap,20260920,1,residual,valence,permuted_hybrid,7,0.028663522017089476
iemocap,20260920,1,residual,arousal,permuted_hybrid,7,0.5256100905997323
iemocap,20260920,1,residual,dominance,permuted_hybrid,7,0.3589547997419042
iemocap,20260920,1,residual,valence,permuted_hybrid,8,0.028663522017089476
iemocap,20260920,1,residual,arousal,permuted_hybrid,8,0.5256100905997323
iemocap,20260920,1,residual,dominance,permuted_hybrid,8,0.3589547997419042
iemocap,20260920,1,residual,valence,permuted_hybrid,9,0.028663522017089476
iemocap,20260920,1,residual,arousal,permuted_hybrid,9,0.5256100905997323
iemocap,20260920,1,residual,dominance,permuted_hybrid,9,0.3589547997419042
iemocap,20260920,2,raw,valence,relative,-1,0.02967731052304227
iemocap,20260920,2,raw,valence,true_hybrid,-1,0.025499045225810233
iemocap,20260920,2,raw,arousal,relative,-1,0.38114142072742235
iemocap,20260920,2,raw,arousal,true_hybrid,-1,0.3839632926960019
iemocap,20260920,2,raw,dominance,relative,-1,0.2561854042354047
iemocap,20260920,2,raw,dominance,true_hybrid,-1,0.2884157226648227
iemocap,20260920,2,raw,valence,permuted_hybrid,0,0.031836848464251874
iemocap,20260920,2,raw,arousal,permuted_hybrid,0,0.3651692586841856
iemocap,20260920,2,raw,dominance,permuted_hybrid,0,0.2265230829007556
iemocap,20260920,2,raw,valence,permuted_hybrid,1,0.031836848464251874
iemocap,20260920,2,raw,arousal,permuted_hybrid,1,0.3651692586841856
iemocap,20260920,2,raw,dominance,permuted_hybrid,1,0.2265230829007556
iemocap,20260920,2,raw,valence,permuted_hybrid,2,0.031836848464251874
iemocap,20260920,2,raw,arousal,permuted_hybrid,2,0.3651692586841856
iemocap,20260920,2,raw,dominance,permuted_hybrid,2,0.2265230829007556
iemocap,20260920,2,raw,valence,permuted_hybrid,3,0.031836848464251874
iemocap,20260920,2,raw,arousal,permuted_hybrid,3,0.3651692586841856
iemocap,20260920,2,raw,dominance,permuted_hybrid,3,0.2265230829007556
iemocap,20260920,2,raw,valence,permuted_hybrid,4,0.031836848464251874
iemocap,20260920,2,raw,arousal,permuted_hybrid,4,0.3651692586841856
iemocap,20260920,2,raw,dominance,permuted_hybrid,4,0.2265230829007556
iemocap,20260920,2,raw,valence,permuted_hybrid,5,0.031836848464251874
iemocap,20260920,2,raw,arousal,permuted_hybrid,5,0.3651692586841856
iemocap,20260920,2,raw,dominance,permuted_hybrid,5,0.2265230829007556
iemocap,20260920,2,raw,valence,permuted_hybrid,6,0.031836848464251874
iemocap,20260920,2,raw,arousal,permuted_hybrid,6,0.3651692586841856
iemocap,20260920,2,raw,dominance,permuted_hybrid,6,0.2265230829007556
iemocap,20260920,2,raw,valence,permuted_hybrid,7,0.031836848464251874
iemocap,20260920,2,raw,arousal,permuted_hybrid,7,0.3651692586841856
iemocap,20260920,2,raw,dominance,permuted_hybrid,7,0.2265230829007556
iemocap,20260920,2,raw,valence,permuted_hybrid,8,0.031836848464251874
iemocap,20260920,2,raw,arousal,permuted_hybrid,8,0.3651692586841856
iemocap,20260920,2,raw,dominance,permuted_hybrid,8,0.2265230829007556
iemocap,20260920,2,raw,valence,permuted_hybrid,9,0.031836848464251874
iemocap,20260920,2,raw,arousal,permuted_hybrid,9,0.3651692586841856
iemocap,20260920,2,raw,dominance,permuted_hybrid,9,0.2265230829007556
iemocap,20260920,2,residual,valence,relative,-1,0.030049301701614767
iemocap,20260920,2,residual,valence,true_hybrid,-1,0.030079413850884487
iemocap,20260920,2,residual,arousal,relative,-1,0.41223629312997107
iemocap,20260920,2,residual,arousal,true_hybrid,-1,0.4126515917389424
iemocap,20260920,2,residual,dominance,relative,-1,0.2771488887582503
iemocap,20260920,2,residual,dominance,true_hybrid,-1,0.27762595131364487
iemocap,20260920,2,residual,valence,permuted_hybrid,0,0.030074958909700376
iemocap,20260920,2,residual,arousal,permuted_hybrid,0,0.4132044147422826
iemocap,20260920,2,residual,dominance,permuted_hybrid,0,0.2776836840872515
iemocap,20260920,2,residual,valence,permuted_hybrid,1,0.030074958909700376
iemocap,20260920,2,residual,arousal,permuted_hybrid,1,0.4132044147422826
iemocap,20260920,2,residual,dominance,permuted_hybrid,1,0.2776836840872515
iemocap,20260920,2,residual,valence,permuted_hybrid,2,0.030074958909700376
iemocap,20260920,2,residual,arousal,permuted_hybrid,2,0.4132044147422826
iemocap,20260920,2,residual,dominance,permuted_hybrid,2,0.2776836840872515
iemocap,20260920,2,residual,valence,permuted_hybrid,3,0.030074958909700376
iemocap,20260920,2,residual,arousal,permuted_hybrid,3,0.4132044147422826
iemocap,20260920,2,residual,dominance,permuted_hybrid,3,0.2776836840872515
iemocap,20260920,2,residual,valence,permuted_hybrid,4,0.030074958909700376
iemocap,20260920,2,residual,arousal,permuted_hybrid,4,0.4132044147422826
iemocap,20260920,2,residual,dominance,permuted_hybrid,4,0.2776836840872515
iemocap,20260920,2,residual,valence,permuted_hybrid,5,0.030074958909700376
iemocap,20260920,2,residual,arousal,permuted_hybrid,5,0.4132044147422826
iemocap,20260920,2,residual,dominance,permuted_hybrid,5,0.2776836840872515
iemocap,20260920,2,residual,valence,permuted_hybrid,6,0.030074958909700376
iemocap,20260920,2,residual,arousal,permuted_hybrid,6,0.4132044147422826
iemocap,20260920,2,residual,dominance,permuted_hybrid,6,0.2776836840872515
iemocap,20260920,2,residual,valence,permuted_hybrid,7,0.030074958909700376
iemocap,20260920,2,residual,arousal,permuted_hybrid,7,0.4132044147422826
iemocap,20260920,2,residual,dominance,permuted_hybrid,7,0.2776836840872515
iemocap,20260920,2,residual,valence,permuted_hybrid,8,0.030074958909700376
iemocap,20260920,2,residual,arousal,permuted_hybrid,8,0.4132044147422826
iemocap,20260920,2,residual,dominance,permuted_hybrid,8,0.2776836840872515
iemocap,20260920,2,residual,valence,permuted_hybrid,9,0.030074958909700376
iemocap,20260920,2,residual,arousal,permuted_hybrid,9,0.4132044147422826
iemocap,20260920,2,residual,dominance,permuted_hybrid,9,0.2776836840872515
iemocap,20260920,3,raw,valence,relative,-1,0.038094603343759775
iemocap,20260920,3,raw,valence,true_hybrid,-1,0.038426855156608354
iemocap,20260920,3,raw,arousal,relative,-1,0.5050669657958148
iemocap,20260920,3,raw,arousal,true_hybrid,-1,0.5244311772328805
iemocap,20260920,3,raw,dominance,relative,-1,0.3828662803207984
iemocap,20260920,3,raw,dominance,true_hybrid,-1,0.36384214999276204
iemocap,20260920,3,raw,valence,permuted_hybrid,0,0.038020321448835194
iemocap,20260920,3,raw,arousal,permuted_hybrid,0,0.4639209617183437
iemocap,20260920,3,raw,dominance,permuted_hybrid,0,0.3784353061016213
iemocap,20260920,3,raw,valence,permuted_hybrid,1,0.038020321448835194
iemocap,20260920,3,raw,arousal,permuted_hybrid,1,0.4639209617183437
iemocap,20260920,3,raw,dominance,permuted_hybrid,1,0.3784353061016213
iemocap,20260920,3,raw,valence,permuted_hybrid,2,0.038020321448835194
iemocap,20260920,3,raw,arousal,permuted_hybrid,2,0.4639209617183437
iemocap,20260920,3,raw,dominance,permuted_hybrid,2,0.3784353061016213
iemocap,20260920,3,raw,valence,permuted_hybrid,3,0.038020321448835194
iemocap,20260920,3,raw,arousal,permuted_hybrid,3,0.4639209617183437
iemocap,20260920,3,raw,dominance,permuted_hybrid,3,0.3784353061016213
iemocap,20260920,3,raw,valence,permuted_hybrid,4,0.038020321448835194
iemocap,20260920,3,raw,arousal,permuted_hybrid,4,0.4639209617183437
iemocap,20260920,3,raw,dominance,permuted_hybrid,4,0.3784353061016213
iemocap,20260920,3,raw,valence,permuted_hybrid,5,0.038020321448835194
iemocap,20260920,3,raw,arousal,permuted_hybrid,5,0.4639209617183437
iemocap,20260920,3,raw,dominance,permuted_hybrid,5,0.3784353061016213
iemocap,20260920,3,raw,valence,permuted_hybrid,6,0.038020321448835194
iemocap,20260920,3,raw,arousal,permuted_hybrid,6,0.4639209617183437
iemocap,20260920,3,raw,dominance,permuted_hybrid,6,0.3784353061016213
iemocap,20260920,3,raw,valence,permuted_hybrid,7,0.038020321448835194
iemocap,20260920,3,raw,arousal,permuted_hybrid,7,0.4639209617183437
iemocap,20260920,3,raw,dominance,permuted_hybrid,7,0.3784353061016213
iemocap,20260920,3,raw,valence,permuted_hybrid,8,0.038020321448835194
iemocap,20260920,3,raw,arousal,permuted_hybrid,8,0.4639209617183437
iemocap,20260920,3,raw,dominance,permuted_hybrid,8,0.3784353061016213
iemocap,20260920,3,raw,valence,permuted_hybrid,9,0.038020321448835194
iemocap,20260920,3,raw,arousal,permuted_hybrid,9,0.4639209617183437
iemocap,20260920,3,raw,dominance,permuted_hybrid,9,0.3784353061016213
iemocap,20260920,3,residual,valence,relative,-1,0.03876132491990612
iemocap,20260920,3,residual,valence,true_hybrid,-1,0.0387950758482024
iemocap,20260920,3,residual,arousal,relative,-1,0.5249536635370644
iemocap,20260920,3,residual,arousal,true_hybrid,-1,0.5257279730448001
iemocap,20260920,3,residual,dominance,relative,-1,0.3817051173234145
iemocap,20260920,3,residual,dominance,true_hybrid,-1,0.3822053233345773
iemocap,20260920,3,residual,valence,permuted_hybrid,0,0.038774945099951434
iemocap,20260920,3,residual,arousal,permuted_hybrid,0,0.5242314733022098
iemocap,20260920,3,residual,dominance,permuted_hybrid,0,0.381488187914198
iemocap,20260920,3,residual,valence,permuted_hybrid,1,0.038774945099951434
iemocap,20260920,3,residual,arousal,permuted_hybrid,1,0.5242314733022098
iemocap,20260920,3,residual,dominance,permuted_hybrid,1,0.381488187914198
iemocap,20260920,3,residual,valence,permuted_hybrid,2,0.038774945099951434
iemocap,20260920,3,residual,arousal,permuted_hybrid,2,0.5242314733022098
iemocap,20260920,3,residual,dominance,permuted_hybrid,2,0.381488187914198
iemocap,20260920,3,residual,valence,permuted_hybrid,3,0.038774945099951434
iemocap,20260920,3,residual,arousal,permuted_hybrid,3,0.5242314733022098
iemocap,20260920,3,residual,dominance,permuted_hybrid,3,0.381488187914198
iemocap,20260920,3,residual,valence,permuted_hybrid,4,0.038774945099951434
iemocap,20260920,3,residual,arousal,permuted_hybrid,4,0.5242314733022098
iemocap,20260920,3,residual,dominance,permuted_hybrid,4,0.381488187914198
iemocap,20260920,3,residual,valence,permuted_hybrid,5,0.038774945099951434
iemocap,20260920,3,residual,arousal,permuted_hybrid,5,0.5242314733022098
iemocap,20260920,3,residual,dominance,permuted_hybrid,5,0.381488187914198
iemocap,20260920,3,residual,valence,permuted_hybrid,6,0.038774945099951434
iemocap,20260920,3,residual,arousal,permuted_hybrid,6,0.5242314733022098
iemocap,20260920,3,residual,dominance,permuted_hybrid,6,0.381488187914198
iemocap,20260920,3,residual,valence,permuted_hybrid,7,0.038774945099951434
iemocap,20260920,3,residual,arousal,permuted_hybrid,7,0.5242314733022098
iemocap,20260920,3,residual,dominance,permuted_hybrid,7,0.381488187914198
iemocap,20260920,3,residual,valence,permuted_hybrid,8,0.038774945099951434
iemocap,20260920,3,residual,arousal,permuted_hybrid,8,0.5242314733022098
iemocap,20260920,3,residual,dominance,permuted_hybrid,8,0.381488187914198
iemocap,20260920,3,residual,valence,permuted_hybrid,9,0.038774945099951434
iemocap,20260920,3,residual,arousal,permuted_hybrid,9,0.5242314733022098
iemocap,20260920,3,residual,dominance,permuted_hybrid,9,0.381488187914198
iemocap,20260920,4,raw,valence,relative,-1,0.03268021352492847
iemocap,20260920,4,raw,valence,true_hybrid,-1,0.034425745029419974
iemocap,20260920,4,raw,arousal,relative,-1,0.41932000333638003
iemocap,20260920,4,raw,arousal,true_hybrid,-1,0.43032844805497444
iemocap,20260920,4,raw,dominance,relative,-1,0.2087096092660464
iemocap,20260920,4,raw,dominance,true_hybrid,-1,0.2226672284667149
iemocap,20260920,4,raw,valence,permuted_hybrid,0,0.03370154157325492
iemocap,20260920,4,raw,arousal,permuted_hybrid,0,0.44520474536803095
iemocap,20260920,4,raw,dominance,permuted_hybrid,0,0.20477414353918538
iemocap,20260920,4,raw,valence,permuted_hybrid,1,0.03370154157325492
iemocap,20260920,4,raw,arousal,permuted_hybrid,1,0.44520474536803095
iemocap,20260920,4,raw,dominance,permuted_hybrid,1,0.20477414353918538
iemocap,20260920,4,raw,valence,permuted_hybrid,2,0.03370154157325492
iemocap,20260920,4,raw,arousal,permuted_hybrid,2,0.44520474536803095
iemocap,20260920,4,raw,dominance,permuted_hybrid,2,0.20477414353918538
iemocap,20260920,4,raw,valence,permuted_hybrid,3,0.03370154157325492
iemocap,20260920,4,raw,arousal,permuted_hybrid,3,0.44520474536803095
iemocap,20260920,4,raw,dominance,permuted_hybrid,3,0.20477414353918538
iemocap,20260920,4,raw,valence,permuted_hybrid,4,0.03370154157325492
iemocap,20260920,4,raw,arousal,permuted_hybrid,4,0.44520474536803095
iemocap,20260920,4,raw,dominance,permuted_hybrid,4,0.20477414353918538
iemocap,20260920,4,raw,valence,permuted_hybrid,5,0.03370154157325492
iemocap,20260920,4,raw,arousal,permuted_hybrid,5,0.44520474536803095
iemocap,20260920,4,raw,dominance,permuted_hybrid,5,0.20477414353918538
iemocap,20260920,4,raw,valence,permuted_hybrid,6,0.03370154157325492
iemocap,20260920,4,raw,arousal,permuted_hybrid,6,0.44520474536803095
iemocap,20260920,4,raw,dominance,permuted_hybrid,6,0.20477414353918538
iemocap,20260920,4,raw,valence,permuted_hybrid,7,0.03370154157325492
iemocap,20260920,4,raw,arousal,permuted_hybrid,7,0.44520474536803095
iemocap,20260920,4,raw,dominance,permuted_hybrid,7,0.20477414353918538
iemocap,20260920,4,raw,valence,permuted_hybrid,8,0.03370154157325492
iemocap,20260920,4,raw,arousal,permuted_hybrid,8,0.44520474536803095
iemocap,20260920,4,raw,dominance,permuted_hybrid,8,0.20477414353918538
iemocap,20260920,4,raw,valence,permuted_hybrid,9,0.03370154157325492
iemocap,20260920,4,raw,arousal,permuted_hybrid,9,0.44520474536803095
iemocap,20260920,4,raw,dominance,permuted_hybrid,9,0.20477414353918538
iemocap,20260920,4,residual,valence,relative,-1,0.03334430616389852
iemocap,20260920,4,residual,valence,true_hybrid,-1,0.03335821972021836
iemocap,20260920,4,residual,arousal,relative,-1,0.45290757169096857
iemocap,20260920,4,residual,arousal,true_hybrid,-1,0.452823110238752
iemocap,20260920,4,residual,dominance,relative,-1,0.21331211535255412
iemocap,20260920,4,residual,dominance,true_hybrid,-1,0.2135502648734453
iemocap,20260920,4,residual,valence,permuted_hybrid,0,0.03335364419061843
iemocap,20260920,4,residual,arousal,permuted_hybrid,0,0.45088352810732335
iemocap,20260920,4,residual,dominance,permuted_hybrid,0,0.213023180732668
iemocap,20260920,4,residual,valence,permuted_hybrid,1,0.03335364419061843
iemocap,20260920,4,residual,arousal,permuted_hybrid,1,0.45088352810732335
iemocap,20260920,4,residual,dominance,permuted_hybrid,1,0.213023180732668
iemocap,20260920,4,residual,valence,permuted_hybrid,2,0.03335364419061843
iemocap,20260920,4,residual,arousal,permuted_hybrid,2,0.45088352810732335
iemocap,20260920,4,residual,dominance,permuted_hybrid,2,0.213023180732668
iemocap,20260920,4,residual,valence,permuted_hybrid,3,0.03335364419061843
iemocap,20260920,4,residual,arousal,permuted_hybrid,3,0.45088352810732335
iemocap,20260920,4,residual,dominance,permuted_hybrid,3,0.213023180732668
iemocap,20260920,4,residual,valence,permuted_hybrid,4,0.03335364419061843
iemocap,20260920,4,residual,arousal,permuted_hybrid,4,0.45088352810732335
iemocap,20260920,4,residual,dominance,permuted_hybrid,4,0.213023180732668
iemocap,20260920,4,residual,valence,permuted_hybrid,5,0.03335364419061843
iemocap,20260920,4,residual,arousal,permuted_hybrid,5,0.45088352810732335
iemocap,20260920,4,residual,dominance,permuted_hybrid,5,0.213023180732668
iemocap,20260920,4,residual,valence,permuted_hybrid,6,0.03335364419061843
iemocap,20260920,4,residual,arousal,permuted_hybrid,6,0.45088352810732335
iemocap,20260920,4,residual,dominance,permuted_hybrid,6,0.213023180732668
iemocap,20260920,4,residual,valence,permuted_hybrid,7,0.03335364419061843
iemocap,20260920,4,residual,arousal,permuted_hybrid,7,0.45088352810732335
iemocap,20260920,4,residual,dominance,permuted_hybrid,7,0.213023180732668
iemocap,20260920,4,residual,valence,permuted_hybrid,8,0.03335364419061843
iemocap,20260920,4,residual,arousal,permuted_hybrid,8,0.45088352810732335
iemocap,20260920,4,residual,dominance,permuted_hybrid,8,0.213023180732668
iemocap,20260920,4,residual,valence,permuted_hybrid,9,0.03335364419061843
iemocap,20260920,4,residual,arousal,permuted_hybrid,9,0.45088352810732335
iemocap,20260920,4,residual,dominance,permuted_hybrid,9,0.213023180732668
iemocap,20260921,0,raw,valence,relative,-1,0.04401211120054644
iemocap,20260921,0,raw,valence,true_hybrid,-1,0.047247193911989956
iemocap,20260921,0,raw,arousal,relative,-1,0.4631101617276741
iemocap,20260921,0,raw,arousal,true_hybrid,-1,0.4913378884755726
iemocap,20260921,0,raw,dominance,relative,-1,0.37626683676542594
iemocap,20260921,0,raw,dominance,true_hybrid,-1,0.3912668642027405
iemocap,20260921,0,raw,valence,permuted_hybrid,0,0.04485208470085632
iemocap,20260921,0,raw,arousal,permuted_hybrid,0,0.47294197307656116
iemocap,20260921,0,raw,dominance,permuted_hybrid,0,0.36961425945375903
iemocap,20260921,0,raw,valence,permuted_hybrid,1,0.04485208470085632
iemocap,20260921,0,raw,arousal,permuted_hybrid,1,0.47294197307656116
iemocap,20260921,0,raw,dominance,permuted_hybrid,1,0.36961425945375903
iemocap,20260921,0,raw,valence,permuted_hybrid,2,0.04485208470085632
iemocap,20260921,0,raw,arousal,permuted_hybrid,2,0.47294197307656116
iemocap,20260921,0,raw,dominance,permuted_hybrid,2,0.36961425945375903
iemocap,20260921,0,raw,valence,permuted_hybrid,3,0.04485208470085632
iemocap,20260921,0,raw,arousal,permuted_hybrid,3,0.47294197307656116
iemocap,20260921,0,raw,dominance,permuted_hybrid,3,0.36961425945375903
iemocap,20260921,0,raw,valence,permuted_hybrid,4,0.04485208470085632
iemocap,20260921,0,raw,arousal,permuted_hybrid,4,0.47294197307656116
iemocap,20260921,0,raw,dominance,permuted_hybrid,4,0.36961425945375903
iemocap,20260921,0,raw,valence,permuted_hybrid,5,0.04485208470085632
iemocap,20260921,0,raw,arousal,permuted_hybrid,5,0.47294197307656116
iemocap,20260921,0,raw,dominance,permuted_hybrid,5,0.36961425945375903
iemocap,20260921,0,raw,valence,permuted_hybrid,6,0.04485208470085632
iemocap,20260921,0,raw,arousal,permuted_hybrid,6,0.47294197307656116
iemocap,20260921,0,raw,dominance,permuted_hybrid,6,0.36961425945375903
iemocap,20260921,0,raw,valence,permuted_hybrid,7,0.04485208470085632
iemocap,20260921,0,raw,arousal,permuted_hybrid,7,0.47294197307656116
iemocap,20260921,0,raw,dominance,permuted_hybrid,7,0.36961425945375903
iemocap,20260921,0,raw,valence,permuted_hybrid,8,0.04485208470085632
iemocap,20260921,0,raw,arousal,permuted_hybrid,8,0.47294197307656116
iemocap,20260921,0,raw,dominance,permuted_hybrid,8,0.36961425945375903
iemocap,20260921,0,raw,valence,permuted_hybrid,9,0.04485208470085632
iemocap,20260921,0,raw,arousal,permuted_hybrid,9,0.47294197307656116
iemocap,20260921,0,raw,dominance,permuted_hybrid,9,0.36961425945375903
iemocap,20260921,0,residual,valence,relative,-1,0.04488521622526463
iemocap,20260921,0,residual,valence,true_hybrid,-1,0.04491950174410543
iemocap,20260921,0,residual,arousal,relative,-1,0.4868124176029668
iemocap,20260921,0,residual,arousal,true_hybrid,-1,0.48789488226539895
iemocap,20260921,0,residual,dominance,relative,-1,0.3817190383420868
iemocap,20260921,0,residual,dominance,true_hybrid,-1,0.3823198367216774
iemocap,20260921,0,residual,valence,permuted_hybrid,0,0.04491023640370781
iemocap,20260921,0,residual,arousal,permuted_hybrid,0,0.4870461979298521
iemocap,20260921,0,residual,dominance,permuted_hybrid,0,0.3820005996146245
iemocap,20260921,0,residual,valence,permuted_hybrid,1,0.04491023640370781
iemocap,20260921,0,residual,arousal,permuted_hybrid,1,0.4870461979298521
iemocap,20260921,0,residual,dominance,permuted_hybrid,1,0.3820005996146245
iemocap,20260921,0,residual,valence,permuted_hybrid,2,0.04491023640370781
iemocap,20260921,0,residual,arousal,permuted_hybrid,2,0.4870461979298521
iemocap,20260921,0,residual,dominance,permuted_hybrid,2,0.3820005996146245
iemocap,20260921,0,residual,valence,permuted_hybrid,3,0.04491023640370781
iemocap,20260921,0,residual,arousal,permuted_hybrid,3,0.4870461979298521
iemocap,20260921,0,residual,dominance,permuted_hybrid,3,0.3820005996146245
iemocap,20260921,0,residual,valence,permuted_hybrid,4,0.04491023640370781
iemocap,20260921,0,residual,arousal,permuted_hybrid,4,0.4870461979298521
iemocap,20260921,0,residual,dominance,permuted_hybrid,4,0.3820005996146245
iemocap,20260921,0,residual,valence,permuted_hybrid,5,0.04491023640370781
iemocap,20260921,0,residual,arousal,permuted_hybrid,5,0.4870461979298521
iemocap,20260921,0,residual,dominance,permuted_hybrid,5,0.3820005996146245
iemocap,20260921,0,residual,valence,permuted_hybrid,6,0.04491023640370781
iemocap,20260921,0,residual,arousal,permuted_hybrid,6,0.4870461979298521
iemocap,20260921,0,residual,dominance,permuted_hybrid,6,0.3820005996146245
iemocap,20260921,0,residual,valence,permuted_hybrid,7,0.04491023640370781
iemocap,20260921,0,residual,arousal,permuted_hybrid,7,0.4870461979298521
iemocap,20260921,0,residual,dominance,permuted_hybrid,7,0.3820005996146245
iemocap,20260921,0,residual,valence,permuted_hybrid,8,0.04491023640370781
iemocap,20260921,0,residual,arousal,permuted_hybrid,8,0.4870461979298521
iemocap,20260921,0,residual,dominance,permuted_hybrid,8,0.3820005996146245
iemocap,20260921,0,residual,valence,permuted_hybrid,9,0.04491023640370781
iemocap,20260921,0,residual,arousal,permuted_hybrid,9,0.4870461979298521
iemocap,20260921,0,residual,dominance,permuted_hybrid,9,0.3820005996146245
iemocap,20260921,1,raw,valence,relative,-1,0.022588568008749317
iemocap,20260921,1,raw,valence,true_hybrid,-1,0.024714894031728652
iemocap,20260921,1,raw,arousal,relative,-1,0.4940257393508056
iemocap,20260921,1,raw,arousal,true_hybrid,-1,0.5002744892566005
iemocap,20260921,1,raw,dominance,relative,-1,0.2556230512273494
iemocap,20260921,1,raw,dominance,true_hybrid,-1,0.28055457578121945
iemocap,20260921,1,raw,valence,permuted_hybrid,0,0.02156612152024211
iemocap,20260921,1,raw,arousal,permuted_hybrid,0,0.5010082700033281
iemocap,20260921,1,raw,dominance,permuted_hybrid,0,0.3023866734958977
iemocap,20260921,1,raw,valence,permuted_hybrid,1,0.02156612152024211
iemocap,20260921,1,raw,arousal,permuted_hybrid,1,0.5010082700033281
iemocap,20260921,1,raw,dominance,permuted_hybrid,1,0.3023866734958977
iemocap,20260921,1,raw,valence,permuted_hybrid,2,0.02156612152024211
iemocap,20260921,1,raw,arousal,permuted_hybrid,2,0.5010082700033281
iemocap,20260921,1,raw,dominance,permuted_hybrid,2,0.3023866734958977
iemocap,20260921,1,raw,valence,permuted_hybrid,3,0.02156612152024211
iemocap,20260921,1,raw,arousal,permuted_hybrid,3,0.5010082700033281
iemocap,20260921,1,raw,dominance,permuted_hybrid,3,0.3023866734958977
iemocap,20260921,1,raw,valence,permuted_hybrid,4,0.02156612152024211
iemocap,20260921,1,raw,arousal,permuted_hybrid,4,0.5010082700033281
iemocap,20260921,1,raw,dominance,permuted_hybrid,4,0.3023866734958977
iemocap,20260921,1,raw,valence,permuted_hybrid,5,0.02156612152024211
iemocap,20260921,1,raw,arousal,permuted_hybrid,5,0.5010082700033281
iemocap,20260921,1,raw,dominance,permuted_hybrid,5,0.3023866734958977
iemocap,20260921,1,raw,valence,permuted_hybrid,6,0.02156612152024211
iemocap,20260921,1,raw,arousal,permuted_hybrid,6,0.5010082700033281
iemocap,20260921,1,raw,dominance,permuted_hybrid,6,0.3023866734958977
iemocap,20260921,1,raw,valence,permuted_hybrid,7,0.02156612152024211
iemocap,20260921,1,raw,arousal,permuted_hybrid,7,0.5010082700033281
iemocap,20260921,1,raw,dominance,permuted_hybrid,7,0.3023866734958977
iemocap,20260921,1,raw,valence,permuted_hybrid,8,0.02156612152024211
iemocap,20260921,1,raw,arousal,permuted_hybrid,8,0.5010082700033281
iemocap,20260921,1,raw,dominance,permuted_hybrid,8,0.3023866734958977
iemocap,20260921,1,raw,valence,permuted_hybrid,9,0.02156612152024211
iemocap,20260921,1,raw,arousal,permuted_hybrid,9,0.5010082700033281
iemocap,20260921,1,raw,dominance,permuted_hybrid,9,0.3023866734958977
iemocap,20260921,1,residual,valence,relative,-1,0.023020086760638707
iemocap,20260921,1,residual,valence,true_hybrid,-1,0.02297819105357792
iemocap,20260921,1,residual,arousal,relative,-1,0.499520415219934
iemocap,20260921,1,residual,arousal,true_hybrid,-1,0.4997654175375974
iemocap,20260921,1,residual,dominance,relative,-1,0.28565467681854845
iemocap,20260921,1,residual,dominance,true_hybrid,-1,0.28608986488987537
iemocap,20260921,1,residual,valence,permuted_hybrid,0,0.022979769052494523
iemocap,20260921,1,residual,arousal,permuted_hybrid,0,0.5005679077561908
iemocap,20260921,1,residual,dominance,permuted_hybrid,0,0.2861832036735847
iemocap,20260921,1,residual,valence,permuted_hybrid,1,0.022979769052494523
iemocap,20260921,1,residual,arousal,permuted_hybrid,1,0.5005679077561908
iemocap,20260921,1,residual,dominance,permuted_hybrid,1,0.2861832036735847
iemocap,20260921,1,residual,valence,permuted_hybrid,2,0.022979769052494523
iemocap,20260921,1,residual,arousal,permuted_hybrid,2,0.5005679077561908
iemocap,20260921,1,residual,dominance,permuted_hybrid,2,0.2861832036735847
iemocap,20260921,1,residual,valence,permuted_hybrid,3,0.022979769052494523
iemocap,20260921,1,residual,arousal,permuted_hybrid,3,0.5005679077561908
iemocap,20260921,1,residual,dominance,permuted_hybrid,3,0.2861832036735847
iemocap,20260921,1,residual,valence,permuted_hybrid,4,0.022979769052494523
iemocap,20260921,1,residual,arousal,permuted_hybrid,4,0.5005679077561908
iemocap,20260921,1,residual,dominance,permuted_hybrid,4,0.2861832036735847
iemocap,20260921,1,residual,valence,permuted_hybrid,5,0.022979769052494523
iemocap,20260921,1,residual,arousal,permuted_hybrid,5,0.5005679077561908
iemocap,20260921,1,residual,dominance,permuted_hybrid,5,0.2861832036735847
iemocap,20260921,1,residual,valence,permuted_hybrid,6,0.022979769052494523
iemocap,20260921,1,residual,arousal,permuted_hybrid,6,0.5005679077561908
iemocap,20260921,1,residual,dominance,permuted_hybrid,6,0.2861832036735847
iemocap,20260921,1,residual,valence,permuted_hybrid,7,0.022979769052494523
iemocap,20260921,1,residual,arousal,permuted_hybrid,7,0.5005679077561908
iemocap,20260921,1,residual,dominance,permuted_hybrid,7,0.2861832036735847
iemocap,20260921,1,residual,valence,permuted_hybrid,8,0.022979769052494523
iemocap,20260921,1,residual,arousal,permuted_hybrid,8,0.5005679077561908
iemocap,20260921,1,residual,dominance,permuted_hybrid,8,0.2861832036735847
iemocap,20260921,1,residual,valence,permuted_hybrid,9,0.022979769052494523
iemocap,20260921,1,residual,arousal,permuted_hybrid,9,0.5005679077561908
iemocap,20260921,1,residual,dominance,permuted_hybrid,9,0.2861832036735847
iemocap,20260921,2,raw,valence,relative,-1,0.033431570040450186
iemocap,20260921,2,raw,valence,true_hybrid,-1,0.03381923574860125
iemocap,20260921,2,raw,arousal,relative,-1,0.5111124601151525
iemocap,20260921,2,raw,arousal,true_hybrid,-1,0.5433599804000585
iemocap,20260921,2,raw,dominance,relative,-1,0.3158078326744578
iemocap,20260921,2,raw,dominance,true_hybrid,-1,0.3125264559245199
iemocap,20260921,2,raw,valence,permuted_hybrid,0,0.03319392503934079
iemocap,20260921,2,raw,arousal,permuted_hybrid,0,0.4913298179398351
iemocap,20260921,2,raw,dominance,permuted_hybrid,0,0.31301578541711994
iemocap,20260921,2,raw,valence,permuted_hybrid,1,0.03319392503934079
iemocap,20260921,2,raw,arousal,permuted_hybrid,1,0.4913298179398351
iemocap,20260921,2,raw,dominance,permuted_hybrid,1,0.31301578541711994
iemocap,20260921,2,raw,valence,permuted_hybrid,2,0.03319392503934079
iemocap,20260921,2,raw,arousal,permuted_hybrid,2,0.4913298179398351
iemocap,20260921,2,raw,dominance,permuted_hybrid,2,0.31301578541711994
iemocap,20260921,2,raw,valence,permuted_hybrid,3,0.03319392503934079
iemocap,20260921,2,raw,arousal,permuted_hybrid,3,0.4913298179398351
iemocap,20260921,2,raw,dominance,permuted_hybrid,3,0.31301578541711994
iemocap,20260921,2,raw,valence,permuted_hybrid,4,0.03319392503934079
iemocap,20260921,2,raw,arousal,permuted_hybrid,4,0.4913298179398351
iemocap,20260921,2,raw,dominance,permuted_hybrid,4,0.31301578541711994
iemocap,20260921,2,raw,valence,permuted_hybrid,5,0.03319392503934079
iemocap,20260921,2,raw,arousal,permuted_hybrid,5,0.4913298179398351
iemocap,20260921,2,raw,dominance,permuted_hybrid,5,0.31301578541711994
iemocap,20260921,2,raw,valence,permuted_hybrid,6,0.03319392503934079
iemocap,20260921,2,raw,arousal,permuted_hybrid,6,0.4913298179398351
iemocap,20260921,2,raw,dominance,permuted_hybrid,6,0.31301578541711994
iemocap,20260921,2,raw,valence,permuted_hybrid,7,0.03319392503934079
iemocap,20260921,2,raw,arousal,permuted_hybrid,7,0.4913298179398351
iemocap,20260921,2,raw,dominance,permuted_hybrid,7,0.31301578541711994
iemocap,20260921,2,raw,valence,permuted_hybrid,8,0.03319392503934079
iemocap,20260921,2,raw,arousal,permuted_hybrid,8,0.4913298179398351
iemocap,20260921,2,raw,dominance,permuted_hybrid,8,0.31301578541711994
iemocap,20260921,2,raw,valence,permuted_hybrid,9,0.03319392503934079
iemocap,20260921,2,raw,arousal,permuted_hybrid,9,0.4913298179398351
iemocap,20260921,2,raw,dominance,permuted_hybrid,9,0.31301578541711994
iemocap,20260921,2,residual,valence,relative,-1,0.033848870357774945
iemocap,20260921,2,residual,valence,true_hybrid,-1,0.03387182441495291
iemocap,20260921,2,residual,arousal,relative,-1,0.5506812291594952
iemocap,20260921,2,residual,arousal,true_hybrid,-1,0.5518634946064841
iemocap,20260921,2,residual,dominance,relative,-1,0.32551904720173974
iemocap,20260921,2,residual,dominance,true_hybrid,-1,0.32601953822127877
iemocap,20260921,2,residual,valence,permuted_hybrid,0,0.03385366352771012
iemocap,20260921,2,residual,arousal,permuted_hybrid,0,0.5508176081471864
iemocap,20260921,2,residual,dominance,permuted_hybrid,0,0.3256250497832982
iemocap,20260921,2,residual,valence,permuted_hybrid,1,0.03385366352771012
iemocap,20260921,2,residual,arousal,permuted_hybrid,1,0.5508176081471864
iemocap,20260921,2,residual,dominance,permuted_hybrid,1,0.3256250497832982
iemocap,20260921,2,residual,valence,permuted_hybrid,2,0.03385366352771012
iemocap,20260921,2,residual,arousal,permuted_hybrid,2,0.5508176081471864
iemocap,20260921,2,residual,dominance,permuted_hybrid,2,0.3256250497832982
iemocap,20260921,2,residual,valence,permuted_hybrid,3,0.03385366352771012
iemocap,20260921,2,residual,arousal,permuted_hybrid,3,0.5508176081471864
iemocap,20260921,2,residual,dominance,permuted_hybrid,3,0.3256250497832982
iemocap,20260921,2,residual,valence,permuted_hybrid,4,0.03385366352771012
iemocap,20260921,2,residual,arousal,permuted_hybrid,4,0.5508176081471864
iemocap,20260921,2,residual,dominance,permuted_hybrid,4,0.3256250497832982
iemocap,20260921,2,residual,valence,permuted_hybrid,5,0.03385366352771012
iemocap,20260921,2,residual,arousal,permuted_hybrid,5,0.5508176081471864
iemocap,20260921,2,residual,dominance,permuted_hybrid,5,0.3256250497832982
iemocap,20260921,2,residual,valence,permuted_hybrid,6,0.03385366352771012
iemocap,20260921,2,residual,arousal,permuted_hybrid,6,0.5508176081471864
iemocap,20260921,2,residual,dominance,permuted_hybrid,6,0.3256250497832982
iemocap,20260921,2,residual,valence,permuted_hybrid,7,0.03385366352771012
iemocap,20260921,2,residual,arousal,permuted_hybrid,7,0.5508176081471864
iemocap,20260921,2,residual,dominance,permuted_hybrid,7,0.3256250497832982
iemocap,20260921,2,residual,valence,permuted_hybrid,8,0.03385366352771012
iemocap,20260921,2,residual,arousal,permuted_hybrid,8,0.5508176081471864
iemocap,20260921,2,residual,dominance,permuted_hybrid,8,0.3256250497832982
iemocap,20260921,2,residual,valence,permuted_hybrid,9,0.03385366352771012
iemocap,20260921,2,residual,arousal,permuted_hybrid,9,0.5508176081471864
iemocap,20260921,2,residual,dominance,permuted_hybrid,9,0.3256250497832982
iemocap,20260921,3,raw,valence,relative,-1,0.02603992878573733
iemocap,20260921,3,raw,valence,true_hybrid,-1,0.027275154991961616
iemocap,20260921,3,raw,arousal,relative,-1,0.3806492481249773
iemocap,20260921,3,raw,arousal,true_hybrid,-1,0.4275786738102838
iemocap,20260921,3,raw,dominance,relative,-1,0.2618210716389334
iemocap,20260921,3,raw,dominance,true_hybrid,-1,0.30716969811125205
iemocap,20260921,3,raw,valence,permuted_hybrid,0,0.028446573815473507
iemocap,20260921,3,raw,arousal,permuted_hybrid,0,0.40089336974983386
iemocap,20260921,3,raw,dominance,permuted_hybrid,0,0.2931239053941767
iemocap,20260921,3,raw,valence,permuted_hybrid,1,0.028446573815473507
iemocap,20260921,3,raw,arousal,permuted_hybrid,1,0.40089336974983386
iemocap,20260921,3,raw,dominance,permuted_hybrid,1,0.2931239053941767
iemocap,20260921,3,raw,valence,permuted_hybrid,2,0.028446573815473507
iemocap,20260921,3,raw,arousal,permuted_hybrid,2,0.40089336974983386
iemocap,20260921,3,raw,dominance,permuted_hybrid,2,0.2931239053941767
iemocap,20260921,3,raw,valence,permuted_hybrid,3,0.028446573815473507
iemocap,20260921,3,raw,arousal,permuted_hybrid,3,0.40089336974983386
iemocap,20260921,3,raw,dominance,permuted_hybrid,3,0.2931239053941767
iemocap,20260921,3,raw,valence,permuted_hybrid,4,0.028446573815473507
iemocap,20260921,3,raw,arousal,permuted_hybrid,4,0.40089336974983386
iemocap,20260921,3,raw,dominance,permuted_hybrid,4,0.2931239053941767
iemocap,20260921,3,raw,valence,permuted_hybrid,5,0.028446573815473507
iemocap,20260921,3,raw,arousal,permuted_hybrid,5,0.40089336974983386
iemocap,20260921,3,raw,dominance,permuted_hybrid,5,0.2931239053941767
iemocap,20260921,3,raw,valence,permuted_hybrid,6,0.028446573815473507
iemocap,20260921,3,raw,arousal,permuted_hybrid,6,0.40089336974983386
iemocap,20260921,3,raw,dominance,permuted_hybrid,6,0.2931239053941767
iemocap,20260921,3,raw,valence,permuted_hybrid,7,0.028446573815473507
iemocap,20260921,3,raw,arousal,permuted_hybrid,7,0.40089336974983386
iemocap,20260921,3,raw,dominance,permuted_hybrid,7,0.2931239053941767
iemocap,20260921,3,raw,valence,permuted_hybrid,8,0.028446573815473507
iemocap,20260921,3,raw,arousal,permuted_hybrid,8,0.40089336974983386
iemocap,20260921,3,raw,dominance,permuted_hybrid,8,0.2931239053941767
iemocap,20260921,3,raw,valence,permuted_hybrid,9,0.028446573815473507
iemocap,20260921,3,raw,arousal,permuted_hybrid,9,0.40089336974983386
iemocap,20260921,3,raw,dominance,permuted_hybrid,9,0.2931239053941767
iemocap,20260921,3,residual,valence,relative,-1,0.02642089075445177
iemocap,20260921,3,residual,valence,true_hybrid,-1,0.026445919075606315
iemocap,20260921,3,residual,arousal,relative,-1,0.4026802277204458
iemocap,20260921,3,residual,arousal,true_hybrid,-1,0.40296109440533956
iemocap,20260921,3,residual,dominance,relative,-1,0.27785114853040166
iemocap,20260921,3,residual,dominance,true_hybrid,-1,0.27822004065068134
iemocap,20260921,3,residual,valence,permuted_hybrid,0,0.026436092975313293
iemocap,20260921,3,residual,arousal,permuted_hybrid,0,0.4031237766211712
iemocap,20260921,3,residual,dominance,permuted_hybrid,0,0.27814737988039184
iemocap,20260921,3,residual,valence,permuted_hybrid,1,0.026436092975313293
iemocap,20260921,3,residual,arousal,permuted_hybrid,1,0.4031237766211712
iemocap,20260921,3,residual,dominance,permuted_hybrid,1,0.27814737988039184
iemocap,20260921,3,residual,valence,permuted_hybrid,2,0.026436092975313293
iemocap,20260921,3,residual,arousal,permuted_hybrid,2,0.4031237766211712
iemocap,20260921,3,residual,dominance,permuted_hybrid,2,0.27814737988039184
iemocap,20260921,3,residual,valence,permuted_hybrid,3,0.026436092975313293
iemocap,20260921,3,residual,arousal,permuted_hybrid,3,0.4031237766211712
iemocap,20260921,3,residual,dominance,permuted_hybrid,3,0.27814737988039184
iemocap,20260921,3,residual,valence,permuted_hybrid,4,0.026436092975313293
iemocap,20260921,3,residual,arousal,permuted_hybrid,4,0.4031237766211712
iemocap,20260921,3,residual,dominance,permuted_hybrid,4,0.27814737988039184
iemocap,20260921,3,residual,valence,permuted_hybrid,5,0.026436092975313293
iemocap,20260921,3,residual,arousal,permuted_hybrid,5,0.4031237766211712
iemocap,20260921,3,residual,dominance,permuted_hybrid,5,0.27814737988039184
iemocap,20260921,3,residual,valence,permuted_hybrid,6,0.026436092975313293
iemocap,20260921,3,residual,arousal,permuted_hybrid,6,0.4031237766211712
iemocap,20260921,3,residual,dominance,permuted_hybrid,6,0.27814737988039184
iemocap,20260921,3,residual,valence,permuted_hybrid,7,0.026436092975313293
iemocap,20260921,3,residual,arousal,permuted_hybrid,7,0.4031237766211712
iemocap,20260921,3,residual,dominance,permuted_hybrid,7,0.27814737988039184
iemocap,20260921,3,residual,valence,permuted_hybrid,8,0.026436092975313293
iemocap,20260921,3,residual,arousal,permuted_hybrid,8,0.4031237766211712
iemocap,20260921,3,residual,dominance,permuted_hybrid,8,0.27814737988039184
iemocap,20260921,3,residual,valence,permuted_hybrid,9,0.026436092975313293
iemocap,20260921,3,residual,arousal,permuted_hybrid,9,0.4031237766211712
iemocap,20260921,3,residual,dominance,permuted_hybrid,9,0.27814737988039184
iemocap,20260921,4,raw,valence,relative,-1,0.040677873890637525
iemocap,20260921,4,raw,valence,true_hybrid,-1,0.03209116553954205
iemocap,20260921,4,raw,arousal,relative,-1,0.4754705470140845
iemocap,20260921,4,raw,arousal,true_hybrid,-1,0.4541726547343003
iemocap,20260921,4,raw,dominance,relative,-1,0.3270468734019885
iemocap,20260921,4,raw,dominance,true_hybrid,-1,0.3503531988894791
iemocap,20260921,4,raw,valence,permuted_hybrid,0,0.037448195881371625
iemocap,20260921,4,raw,arousal,permuted_hybrid,0,0.4887903998114678
iemocap,20260921,4,raw,dominance,permuted_hybrid,0,0.31951263481329994
iemocap,20260921,4,raw,valence,permuted_hybrid,1,0.037448195881371625
iemocap,20260921,4,raw,arousal,permuted_hybrid,1,0.4887903998114678
iemocap,20260921,4,raw,dominance,permuted_hybrid,1,0.31951263481329994
iemocap,20260921,4,raw,valence,permuted_hybrid,2,0.037448195881371625
iemocap,20260921,4,raw,arousal,permuted_hybrid,2,0.4887903998114678
iemocap,20260921,4,raw,dominance,permuted_hybrid,2,0.31951263481329994
iemocap,20260921,4,raw,valence,permuted_hybrid,3,0.037448195881371625
iemocap,20260921,4,raw,arousal,permuted_hybrid,3,0.4887903998114678
iemocap,20260921,4,raw,dominance,permuted_hybrid,3,0.31951263481329994
iemocap,20260921,4,raw,valence,permuted_hybrid,4,0.037448195881371625
iemocap,20260921,4,raw,arousal,permuted_hybrid,4,0.4887903998114678
iemocap,20260921,4,raw,dominance,permuted_hybrid,4,0.31951263481329994
iemocap,20260921,4,raw,valence,permuted_hybrid,5,0.037448195881371625
iemocap,20260921,4,raw,arousal,permuted_hybrid,5,0.4887903998114678
iemocap,20260921,4,raw,dominance,permuted_hybrid,5,0.31951263481329994
iemocap,20260921,4,raw,valence,permuted_hybrid,6,0.037448195881371625
iemocap,20260921,4,raw,arousal,permuted_hybrid,6,0.4887903998114678
iemocap,20260921,4,raw,dominance,permuted_hybrid,6,0.31951263481329994
iemocap,20260921,4,raw,valence,permuted_hybrid,7,0.037448195881371625
iemocap,20260921,4,raw,arousal,permuted_hybrid,7,0.4887903998114678
iemocap,20260921,4,raw,dominance,permuted_hybrid,7,0.31951263481329994
iemocap,20260921,4,raw,valence,permuted_hybrid,8,0.037448195881371625
iemocap,20260921,4,raw,arousal,permuted_hybrid,8,0.4887903998114678
iemocap,20260921,4,raw,dominance,permuted_hybrid,8,0.31951263481329994
iemocap,20260921,4,raw,valence,permuted_hybrid,9,0.037448195881371625
iemocap,20260921,4,raw,arousal,permuted_hybrid,9,0.4887903998114678
iemocap,20260921,4,raw,dominance,permuted_hybrid,9,0.31951263481329994
iemocap,20260921,4,residual,valence,relative,-1,0.04086369995966529
iemocap,20260921,4,residual,valence,true_hybrid,-1,0.04088310933232162
iemocap,20260921,4,residual,arousal,relative,-1,0.4896073868441112
iemocap,20260921,4,residual,arousal,true_hybrid,-1,0.4903545594743296
iemocap,20260921,4,residual,dominance,relative,-1,0.3255539516958949
iemocap,20260921,4,residual,dominance,true_hybrid,-1,0.32610831907872145
iemocap,20260921,4,residual,valence,permuted_hybrid,0,0.040868896715076486
iemocap,20260921,4,residual,arousal,permuted_hybrid,0,0.4897722165621395
iemocap,20260921,4,residual,dominance,permuted_hybrid,0,0.325748420059478
iemocap,20260921,4,residual,valence,permuted_hybrid,1,0.040868896715076486
iemocap,20260921,4,residual,arousal,permuted_hybrid,1,0.4897722165621395
iemocap,20260921,4,residual,dominance,permuted_hybrid,1,0.325748420059478
iemocap,20260921,4,residual,valence,permuted_hybrid,2,0.040868896715076486
iemocap,20260921,4,residual,arousal,permuted_hybrid,2,0.4897722165621395
iemocap,20260921,4,residual,dominance,permuted_hybrid,2,0.325748420059478
iemocap,20260921,4,residual,valence,permuted_hybrid,3,0.040868896715076486
iemocap,20260921,4,residual,arousal,permuted_hybrid,3,0.4897722165621395
iemocap,20260921,4,residual,dominance,permuted_hybrid,3,0.325748420059478
iemocap,20260921,4,residual,valence,permuted_hybrid,4,0.040868896715076486
iemocap,20260921,4,residual,arousal,permuted_hybrid,4,0.4897722165621395
iemocap,20260921,4,residual,dominance,permuted_hybrid,4,0.325748420059478
iemocap,20260921,4,residual,valence,permuted_hybrid,5,0.040868896715076486
iemocap,20260921,4,residual,arousal,permuted_hybrid,5,0.4897722165621395
iemocap,20260921,4,residual,dominance,permuted_hybrid,5,0.325748420059478
iemocap,20260921,4,residual,valence,permuted_hybrid,6,0.040868896715076486
iemocap,20260921,4,residual,arousal,permuted_hybrid,6,0.4897722165621395
iemocap,20260921,4,residual,dominance,permuted_hybrid,6,0.325748420059478
iemocap,20260921,4,residual,valence,permuted_hybrid,7,0.040868896715076486
iemocap,20260921,4,residual,arousal,permuted_hybrid,7,0.4897722165621395
iemocap,20260921,4,residual,dominance,permuted_hybrid,7,0.325748420059478
iemocap,20260921,4,residual,valence,permuted_hybrid,8,0.040868896715076486
iemocap,20260921,4,residual,arousal,permuted_hybrid,8,0.4897722165621395
iemocap,20260921,4,residual,dominance,permuted_hybrid,8,0.325748420059478
iemocap,20260921,4,residual,valence,permuted_hybrid,9,0.040868896715076486
iemocap,20260921,4,residual,arousal,permuted_hybrid,9,0.4897722165621395
iemocap,20260921,4,residual,dominance,permuted_hybrid,9,0.325748420059478
iemocap,20260922,0,raw,valence,relative,-1,0.04346946759597656
iemocap,20260922,0,raw,valence,true_hybrid,-1,0.03961231303965656
iemocap,20260922,0,raw,arousal,relative,-1,0.4499824108142912
iemocap,20260922,0,raw,arousal,true_hybrid,-1,0.4715750988052583
iemocap,20260922,0,raw,dominance,relative,-1,0.34717572224663856
iemocap,20260922,0,raw,dominance,true_hybrid,-1,0.35767143267626755
iemocap,20260922,0,raw,valence,permuted_hybrid,0,0.0433144549458213
iemocap,20260922,0,raw,arousal,permuted_hybrid,0,0.4595646264370838
iemocap,20260922,0,raw,dominance,permuted_hybrid,0,0.33928500632358194
iemocap,20260922,0,raw,valence,permuted_hybrid,1,0.0433144549458213
iemocap,20260922,0,raw,arousal,permuted_hybrid,1,0.4595646264370838
iemocap,20260922,0,raw,dominance,permuted_hybrid,1,0.33928500632358194
iemocap,20260922,0,raw,valence,permuted_hybrid,2,0.0433144549458213
iemocap,20260922,0,raw,arousal,permuted_hybrid,2,0.4595646264370838
iemocap,20260922,0,raw,dominance,permuted_hybrid,2,0.33928500632358194
iemocap,20260922,0,raw,valence,permuted_hybrid,3,0.0433144549458213
iemocap,20260922,0,raw,arousal,permuted_hybrid,3,0.4595646264370838
iemocap,20260922,0,raw,dominance,permuted_hybrid,3,0.33928500632358194
iemocap,20260922,0,raw,valence,permuted_hybrid,4,0.0433144549458213
iemocap,20260922,0,raw,arousal,permuted_hybrid,4,0.4595646264370838
iemocap,20260922,0,raw,dominance,permuted_hybrid,4,0.33928500632358194
iemocap,20260922,0,raw,valence,permuted_hybrid,5,0.0433144549458213
iemocap,20260922,0,raw,arousal,permuted_hybrid,5,0.4595646264370838
iemocap,20260922,0,raw,dominance,permuted_hybrid,5,0.33928500632358194
iemocap,20260922,0,raw,valence,permuted_hybrid,6,0.0433144549458213
iemocap,20260922,0,raw,arousal,permuted_hybrid,6,0.4595646264370838
iemocap,20260922,0,raw,dominance,permuted_hybrid,6,0.33928500632358194
iemocap,20260922,0,raw,valence,permuted_hybrid,7,0.0433144549458213
iemocap,20260922,0,raw,arousal,permuted_hybrid,7,0.4595646264370838
iemocap,20260922,0,raw,dominance,permuted_hybrid,7,0.33928500632358194
iemocap,20260922,0,raw,valence,permuted_hybrid,8,0.0433144549458213
iemocap,20260922,0,raw,arousal,permuted_hybrid,8,0.4595646264370838
iemocap,20260922,0,raw,dominance,permuted_hybrid,8,0.33928500632358194
iemocap,20260922,0,raw,valence,permuted_hybrid,9,0.0433144549458213
iemocap,20260922,0,raw,arousal,permuted_hybrid,9,0.4595646264370838
iemocap,20260922,0,raw,dominance,permuted_hybrid,9,0.33928500632358194
iemocap,20260922,0,residual,valence,relative,-1,0.04383501733600417
iemocap,20260922,0,residual,valence,true_hybrid,-1,0.04385830602908367
iemocap,20260922,0,residual,arousal,relative,-1,0.47721567623236344
iemocap,20260922,0,residual,arousal,true_hybrid,-1,0.4780874539301913
iemocap,20260922,0,residual,dominance,relative,-1,0.3549963179058118
iemocap,20260922,0,residual,dominance,true_hybrid,-1,0.355583081880962
iemocap,20260922,0,residual,valence,permuted_hybrid,0,0.04384390630009307
iemocap,20260922,0,residual,arousal,permuted_hybrid,0,0.4763004976432464
iemocap,20260922,0,residual,dominance,permuted_hybrid,0,0.3547126914148765
iemocap,20260922,0,residual,valence,permuted_hybrid,1,0.04384390630009307
iemocap,20260922,0,residual,arousal,permuted_hybrid,1,0.4763004976432464
iemocap,20260922,0,residual,dominance,permuted_hybrid,1,0.3547126914148765
iemocap,20260922,0,residual,valence,permuted_hybrid,2,0.04384390630009307
iemocap,20260922,0,residual,arousal,permuted_hybrid,2,0.4763004976432464
iemocap,20260922,0,residual,dominance,permuted_hybrid,2,0.3547126914148765
iemocap,20260922,0,residual,valence,permuted_hybrid,3,0.04384390630009307
iemocap,20260922,0,residual,arousal,permuted_hybrid,3,0.4763004976432464
iemocap,20260922,0,residual,dominance,permuted_hybrid,3,0.3547126914148765
iemocap,20260922,0,residual,valence,permuted_hybrid,4,0.04384390630009307
iemocap,20260922,0,residual,arousal,permuted_hybrid,4,0.4763004976432464
iemocap,20260922,0,residual,dominance,permuted_hybrid,4,0.3547126914148765
iemocap,20260922,0,residual,valence,permuted_hybrid,5,0.04384390630009307
iemocap,20260922,0,residual,arousal,permuted_hybrid,5,0.4763004976432464
iemocap,20260922,0,residual,dominance,permuted_hybrid,5,0.3547126914148765
iemocap,20260922,0,residual,valence,permuted_hybrid,6,0.04384390630009307
iemocap,20260922,0,residual,arousal,permuted_hybrid,6,0.4763004976432464
iemocap,20260922,0,residual,dominance,permuted_hybrid,6,0.3547126914148765
iemocap,20260922,0,residual,valence,permuted_hybrid,7,0.04384390630009307
iemocap,20260922,0,residual,arousal,permuted_hybrid,7,0.4763004976432464
iemocap,20260922,0,residual,dominance,permuted_hybrid,7,0.3547126914148765
iemocap,20260922,0,residual,valence,permuted_hybrid,8,0.04384390630009307
iemocap,20260922,0,residual,arousal,permuted_hybrid,8,0.4763004976432464
iemocap,20260922,0,residual,dominance,permuted_hybrid,8,0.3547126914148765
iemocap,20260922,0,residual,valence,permuted_hybrid,9,0.04384390630009307
iemocap,20260922,0,residual,arousal,permuted_hybrid,9,0.4763004976432464
iemocap,20260922,0,residual,dominance,permuted_hybrid,9,0.3547126914148765
iemocap,20260922,1,raw,valence,relative,-1,0.02603992878573733
iemocap,20260922,1,raw,valence,true_hybrid,-1,0.027275154991961616
iemocap,20260922,1,raw,arousal,relative,-1,0.3806492481249773
iemocap,20260922,1,raw,arousal,true_hybrid,-1,0.4275786738102838
iemocap,20260922,1,raw,dominance,relative,-1,0.2618210716389334
iemocap,20260922,1,raw,dominance,true_hybrid,-1,0.30716969811125205
iemocap,20260922,1,raw,valence,permuted_hybrid,0,0.028446573815473507
iemocap,20260922,1,raw,arousal,permuted_hybrid,0,0.40089336974983386
iemocap,20260922,1,raw,dominance,permuted_hybrid,0,0.2931239053941767
iemocap,20260922,1,raw,valence,permuted_hybrid,1,0.028446573815473507
iemocap,20260922,1,raw,arousal,permuted_hybrid,1,0.40089336974983386
iemocap,20260922,1,raw,dominance,permuted_hybrid,1,0.2931239053941767
iemocap,20260922,1,raw,valence,permuted_hybrid,2,0.028446573815473507
iemocap,20260922,1,raw,arousal,permuted_hybrid,2,0.40089336974983386
iemocap,20260922,1,raw,dominance,permuted_hybrid,2,0.2931239053941767
iemocap,20260922,1,raw,valence,permuted_hybrid,3,0.028446573815473507
iemocap,20260922,1,raw,arousal,permuted_hybrid,3,0.40089336974983386
iemocap,20260922,1,raw,dominance,permuted_hybrid,3,0.2931239053941767
iemocap,20260922,1,raw,valence,permuted_hybrid,4,0.028446573815473507
iemocap,20260922,1,raw,arousal,permuted_hybrid,4,0.40089336974983386
iemocap,20260922,1,raw,dominance,permuted_hybrid,4,0.2931239053941767
iemocap,20260922,1,raw,valence,permuted_hybrid,5,0.028446573815473507
iemocap,20260922,1,raw,arousal,permuted_hybrid,5,0.40089336974983386
iemocap,20260922,1,raw,dominance,permuted_hybrid,5,0.2931239053941767
iemocap,20260922,1,raw,valence,permuted_hybrid,6,0.028446573815473507
iemocap,20260922,1,raw,arousal,permuted_hybrid,6,0.40089336974983386
iemocap,20260922,1,raw,dominance,permuted_hybrid,6,0.2931239053941767
iemocap,20260922,1,raw,valence,permuted_hybrid,7,0.028446573815473507
iemocap,20260922,1,raw,arousal,permuted_hybrid,7,0.40089336974983386
iemocap,20260922,1,raw,dominance,permuted_hybrid,7,0.2931239053941767
iemocap,20260922,1,raw,valence,permuted_hybrid,8,0.028446573815473507
iemocap,20260922,1,raw,arousal,permuted_hybrid,8,0.40089336974983386
iemocap,20260922,1,raw,dominance,permuted_hybrid,8,0.2931239053941767
iemocap,20260922,1,raw,valence,permuted_hybrid,9,0.028446573815473507
iemocap,20260922,1,raw,arousal,permuted_hybrid,9,0.40089336974983386
iemocap,20260922,1,raw,dominance,permuted_hybrid,9,0.2931239053941767
iemocap,20260922,1,residual,valence,relative,-1,0.02642089075445177
iemocap,20260922,1,residual,valence,true_hybrid,-1,0.026445919075606315
iemocap,20260922,1,residual,arousal,relative,-1,0.4026802277204458
iemocap,20260922,1,residual,arousal,true_hybrid,-1,0.40296109440533956
iemocap,20260922,1,residual,dominance,relative,-1,0.27785114853040166
iemocap,20260922,1,residual,dominance,true_hybrid,-1,0.27822004065068134
iemocap,20260922,1,residual,valence,permuted_hybrid,0,0.026436092975313293
iemocap,20260922,1,residual,arousal,permuted_hybrid,0,0.4031237766211712
iemocap,20260922,1,residual,dominance,permuted_hybrid,0,0.27814737988039184
iemocap,20260922,1,residual,valence,permuted_hybrid,1,0.026436092975313293
iemocap,20260922,1,residual,arousal,permuted_hybrid,1,0.4031237766211712
iemocap,20260922,1,residual,dominance,permuted_hybrid,1,0.27814737988039184
iemocap,20260922,1,residual,valence,permuted_hybrid,2,0.026436092975313293
iemocap,20260922,1,residual,arousal,permuted_hybrid,2,0.4031237766211712
iemocap,20260922,1,residual,dominance,permuted_hybrid,2,0.27814737988039184
iemocap,20260922,1,residual,valence,permuted_hybrid,3,0.026436092975313293
iemocap,20260922,1,residual,arousal,permuted_hybrid,3,0.4031237766211712
iemocap,20260922,1,residual,dominance,permuted_hybrid,3,0.27814737988039184
iemocap,20260922,1,residual,valence,permuted_hybrid,4,0.026436092975313293
iemocap,20260922,1,residual,arousal,permuted_hybrid,4,0.4031237766211712
iemocap,20260922,1,residual,dominance,permuted_hybrid,4,0.27814737988039184
iemocap,20260922,1,residual,valence,permuted_hybrid,5,0.026436092975313293
iemocap,20260922,1,residual,arousal,permuted_hybrid,5,0.4031237766211712
iemocap,20260922,1,residual,dominance,permuted_hybrid,5,0.27814737988039184
iemocap,20260922,1,residual,valence,permuted_hybrid,6,0.026436092975313293
iemocap,20260922,1,residual,arousal,permuted_hybrid,6,0.4031237766211712
iemocap,20260922,1,residual,dominance,permuted_hybrid,6,0.27814737988039184
iemocap,20260922,1,residual,valence,permuted_hybrid,7,0.026436092975313293
iemocap,20260922,1,residual,arousal,permuted_hybrid,7,0.4031237766211712
iemocap,20260922,1,residual,dominance,permuted_hybrid,7,0.27814737988039184
iemocap,20260922,1,residual,valence,permuted_hybrid,8,0.026436092975313293
iemocap,20260922,1,residual,arousal,permuted_hybrid,8,0.4031237766211712
iemocap,20260922,1,residual,dominance,permuted_hybrid,8,0.27814737988039184
iemocap,20260922,1,residual,valence,permuted_hybrid,9,0.026436092975313293
iemocap,20260922,1,residual,arousal,permuted_hybrid,9,0.4031237766211712
iemocap,20260922,1,residual,dominance,permuted_hybrid,9,0.27814737988039184
iemocap,20260922,2,raw,valence,relative,-1,0.03268021352492847
iemocap,20260922,2,raw,valence,true_hybrid,-1,0.034425745029419974
iemocap,20260922,2,raw,arousal,relative,-1,0.41932000333638003
iemocap,20260922,2,raw,arousal,true_hybrid,-1,0.43032844805497444
iemocap,20260922,2,raw,dominance,relative,-1,0.2087096092660464
iemocap,20260922,2,raw,dominance,true_hybrid,-1,0.2226672284667149
iemocap,20260922,2,raw,valence,permuted_hybrid,0,0.03370154157325492
iemocap,20260922,2,raw,arousal,permuted_hybrid,0,0.44520474536803095
iemocap,20260922,2,raw,dominance,permuted_hybrid,0,0.20477414353918538
iemocap,20260922,2,raw,valence,permuted_hybrid,1,0.03370154157325492
iemocap,20260922,2,raw,arousal,permuted_hybrid,1,0.44520474536803095
iemocap,20260922,2,raw,dominance,permuted_hybrid,1,0.20477414353918538
iemocap,20260922,2,raw,valence,permuted_hybrid,2,0.03370154157325492
iemocap,20260922,2,raw,arousal,permuted_hybrid,2,0.44520474536803095
iemocap,20260922,2,raw,dominance,permuted_hybrid,2,0.20477414353918538
iemocap,20260922,2,raw,valence,permuted_hybrid,3,0.03370154157325492
iemocap,20260922,2,raw,arousal,permuted_hybrid,3,0.44520474536803095
iemocap,20260922,2,raw,dominance,permuted_hybrid,3,0.20477414353918538
iemocap,20260922,2,raw,valence,permuted_hybrid,4,0.03370154157325492
iemocap,20260922,2,raw,arousal,permuted_hybrid,4,0.44520474536803095
iemocap,20260922,2,raw,dominance,permuted_hybrid,4,0.20477414353918538
iemocap,20260922,2,raw,valence,permuted_hybrid,5,0.03370154157325492
iemocap,20260922,2,raw,arousal,permuted_hybrid,5,0.44520474536803095
iemocap,20260922,2,raw,dominance,permuted_hybrid,5,0.20477414353918538
iemocap,20260922,2,raw,valence,permuted_hybrid,6,0.03370154157325492
iemocap,20260922,2,raw,arousal,permuted_hybrid,6,0.44520474536803095
iemocap,20260922,2,raw,dominance,permuted_hybrid,6,0.20477414353918538
iemocap,20260922,2,raw,valence,permuted_hybrid,7,0.03370154157325492
iemocap,20260922,2,raw,arousal,permuted_hybrid,7,0.44520474536803095
iemocap,20260922,2,raw,dominance,permuted_hybrid,7,0.20477414353918538
iemocap,20260922,2,raw,valence,permuted_hybrid,8,0.03370154157325492
iemocap,20260922,2,raw,arousal,permuted_hybrid,8,0.44520474536803095
iemocap,20260922,2,raw,dominance,permuted_hybrid,8,0.20477414353918538
iemocap,20260922,2,raw,valence,permuted_hybrid,9,0.03370154157325492
iemocap,20260922,2,raw,arousal,permuted_hybrid,9,0.44520474536803095
iemocap,20260922,2,raw,dominance,permuted_hybrid,9,0.20477414353918538
iemocap,20260922,2,residual,valence,relative,-1,0.03334430616389852
iemocap,20260922,2,residual,valence,true_hybrid,-1,0.03335821972021836
iemocap,20260922,2,residual,arousal,relative,-1,0.45290757169096857
iemocap,20260922,2,residual,arousal,true_hybrid,-1,0.452823110238752
iemocap,20260922,2,residual,dominance,relative,-1,0.21331211535255412
iemocap,20260922,2,residual,dominance,true_hybrid,-1,0.2135502648734453
iemocap,20260922,2,residual,valence,permuted_hybrid,0,0.03335364419061843
iemocap,20260922,2,residual,arousal,permuted_hybrid,0,0.45088352810732335
iemocap,20260922,2,residual,dominance,permuted_hybrid,0,0.213023180732668
iemocap,20260922,2,residual,valence,permuted_hybrid,1,0.03335364419061843
iemocap,20260922,2,residual,arousal,permuted_hybrid,1,0.45088352810732335
iemocap,20260922,2,residual,dominance,permuted_hybrid,1,0.213023180732668
iemocap,20260922,2,residual,valence,permuted_hybrid,2,0.03335364419061843
iemocap,20260922,2,residual,arousal,permuted_hybrid,2,0.45088352810732335
iemocap,20260922,2,residual,dominance,permuted_hybrid,2,0.213023180732668
iemocap,20260922,2,residual,valence,permuted_hybrid,3,0.03335364419061843
iemocap,20260922,2,residual,arousal,permuted_hybrid,3,0.45088352810732335
iemocap,20260922,2,residual,dominance,permuted_hybrid,3,0.213023180732668
iemocap,20260922,2,residual,valence,permuted_hybrid,4,0.03335364419061843
iemocap,20260922,2,residual,arousal,permuted_hybrid,4,0.45088352810732335
iemocap,20260922,2,residual,dominance,permuted_hybrid,4,0.213023180732668
iemocap,20260922,2,residual,valence,permuted_hybrid,5,0.03335364419061843
iemocap,20260922,2,residual,arousal,permuted_hybrid,5,0.45088352810732335
iemocap,20260922,2,residual,dominance,permuted_hybrid,5,0.213023180732668
iemocap,20260922,2,residual,valence,permuted_hybrid,6,0.03335364419061843
iemocap,20260922,2,residual,arousal,permuted_hybrid,6,0.45088352810732335
iemocap,20260922,2,residual,dominance,permuted_hybrid,6,0.213023180732668
iemocap,20260922,2,residual,valence,permuted_hybrid,7,0.03335364419061843
iemocap,20260922,2,residual,arousal,permuted_hybrid,7,0.45088352810732335
iemocap,20260922,2,residual,dominance,permuted_hybrid,7,0.213023180732668
iemocap,20260922,2,residual,valence,permuted_hybrid,8,0.03335364419061843
iemocap,20260922,2,residual,arousal,permuted_hybrid,8,0.45088352810732335
iemocap,20260922,2,residual,dominance,permuted_hybrid,8,0.213023180732668
iemocap,20260922,2,residual,valence,permuted_hybrid,9,0.03335364419061843
iemocap,20260922,2,residual,arousal,permuted_hybrid,9,0.45088352810732335
iemocap,20260922,2,residual,dominance,permuted_hybrid,9,0.213023180732668
iemocap,20260922,3,raw,valence,relative,-1,0.03391485143160082
iemocap,20260922,3,raw,valence,true_hybrid,-1,0.03776137512772586
iemocap,20260922,3,raw,arousal,relative,-1,0.48216611576209
iemocap,20260922,3,raw,arousal,true_hybrid,-1,0.42719595859092013
iemocap,20260922,3,raw,dominance,relative,-1,0.3513674069730125
iemocap,20260922,3,raw,dominance,true_hybrid,-1,0.3495932221662914
iemocap,20260922,3,raw,valence,permuted_hybrid,0,0.0373032443752268
iemocap,20260922,3,raw,arousal,permuted_hybrid,0,0.4436290873603018
iemocap,20260922,3,raw,dominance,permuted_hybrid,0,0.339185450767354
iemocap,20260922,3,raw,valence,permuted_hybrid,1,0.0373032443752268
iemocap,20260922,3,raw,arousal,permuted_hybrid,1,0.4436290873603018
iemocap,20260922,3,raw,dominance,permuted_hybrid,1,0.339185450767354
iemocap,20260922,3,raw,valence,permuted_hybrid,2,0.0373032443752268
iemocap,20260922,3,raw,arousal,permuted_hybrid,2,0.4436290873603018
iemocap,20260922,3,raw,dominance,permuted_hybrid,2,0.339185450767354
iemocap,20260922,3,raw,valence,permuted_hybrid,3,0.0373032443752268
iemocap,20260922,3,raw,arousal,permuted_hybrid,3,0.4436290873603018
iemocap,20260922,3,raw,dominance,permuted_hybrid,3,0.339185450767354
iemocap,20260922,3,raw,valence,permuted_hybrid,4,0.0373032443752268
iemocap,20260922,3,raw,arousal,permuted_hybrid,4,0.4436290873603018
iemocap,20260922,3,raw,dominance,permuted_hybrid,4,0.339185450767354
iemocap,20260922,3,raw,valence,permuted_hybrid,5,0.0373032443752268
iemocap,20260922,3,raw,arousal,permuted_hybrid,5,0.4436290873603018
iemocap,20260922,3,raw,dominance,permuted_hybrid,5,0.339185450767354
iemocap,20260922,3,raw,valence,permuted_hybrid,6,0.0373032443752268
iemocap,20260922,3,raw,arousal,permuted_hybrid,6,0.4436290873603018
iemocap,20260922,3,raw,dominance,permuted_hybrid,6,0.339185450767354
iemocap,20260922,3,raw,valence,permuted_hybrid,7,0.0373032443752268
iemocap,20260922,3,raw,arousal,permuted_hybrid,7,0.4436290873603018
iemocap,20260922,3,raw,dominance,permuted_hybrid,7,0.339185450767354
iemocap,20260922,3,raw,valence,permuted_hybrid,8,0.0373032443752268
iemocap,20260922,3,raw,arousal,permuted_hybrid,8,0.4436290873603018
iemocap,20260922,3,raw,dominance,permuted_hybrid,8,0.339185450767354
iemocap,20260922,3,raw,valence,permuted_hybrid,9,0.0373032443752268
iemocap,20260922,3,raw,arousal,permuted_hybrid,9,0.4436290873603018
iemocap,20260922,3,raw,dominance,permuted_hybrid,9,0.339185450767354
iemocap,20260922,3,residual,valence,relative,-1,0.03504612513591248
iemocap,20260922,3,residual,valence,true_hybrid,-1,0.03508045560475764
iemocap,20260922,3,residual,arousal,relative,-1,0.4973609331630139
iemocap,20260922,3,residual,arousal,true_hybrid,-1,0.49831605102325394
iemocap,20260922,3,residual,dominance,relative,-1,0.3523982970729754
iemocap,20260922,3,residual,dominance,true_hybrid,-1,0.35292654938027784
iemocap,20260922,3,residual,valence,permuted_hybrid,0,0.0350846377560226
iemocap,20260922,3,residual,arousal,permuted_hybrid,0,0.49840131271228527
iemocap,20260922,3,residual,dominance,permuted_hybrid,0,0.3530032135273518
iemocap,20260922,3,residual,valence,permuted_hybrid,1,0.0350846377560226
iemocap,20260922,3,residual,arousal,permuted_hybrid,1,0.49840131271228527
iemocap,20260922,3,residual,dominance,permuted_hybrid,1,0.3530032135273518
iemocap,20260922,3,residual,valence,permuted_hybrid,2,0.0350846377560226
iemocap,20260922,3,residual,arousal,permuted_hybrid,2,0.49840131271228527
iemocap,20260922,3,residual,dominance,permuted_hybrid,2,0.3530032135273518
iemocap,20260922,3,residual,valence,permuted_hybrid,3,0.0350846377560226
iemocap,20260922,3,residual,arousal,permuted_hybrid,3,0.49840131271228527
iemocap,20260922,3,residual,dominance,permuted_hybrid,3,0.3530032135273518
iemocap,20260922,3,residual,valence,permuted_hybrid,4,0.0350846377560226
iemocap,20260922,3,residual,arousal,permuted_hybrid,4,0.49840131271228527
iemocap,20260922,3,residual,dominance,permuted_hybrid,4,0.3530032135273518
iemocap,20260922,3,residual,valence,permuted_hybrid,5,0.0350846377560226
iemocap,20260922,3,residual,arousal,permuted_hybrid,5,0.49840131271228527
iemocap,20260922,3,residual,dominance,permuted_hybrid,5,0.3530032135273518
iemocap,20260922,3,residual,valence,permuted_hybrid,6,0.0350846377560226
iemocap,20260922,3,residual,arousal,permuted_hybrid,6,0.49840131271228527
iemocap,20260922,3,residual,dominance,permuted_hybrid,6,0.3530032135273518
iemocap,20260922,3,residual,valence,permuted_hybrid,7,0.0350846377560226
iemocap,20260922,3,residual,arousal,permuted_hybrid,7,0.49840131271228527
iemocap,20260922,3,residual,dominance,permuted_hybrid,7,0.3530032135273518
iemocap,20260922,3,residual,valence,permuted_hybrid,8,0.0350846377560226
iemocap,20260922,3,residual,arousal,permuted_hybrid,8,0.49840131271228527
iemocap,20260922,3,residual,dominance,permuted_hybrid,8,0.3530032135273518
iemocap,20260922,3,residual,valence,permuted_hybrid,9,0.0350846377560226
iemocap,20260922,3,residual,arousal,permuted_hybrid,9,0.49840131271228527
iemocap,20260922,3,residual,dominance,permuted_hybrid,9,0.3530032135273518
iemocap,20260922,4,raw,valence,relative,-1,0.029327706661990843
iemocap,20260922,4,raw,valence,true_hybrid,-1,0.029406196787999647
iemocap,20260922,4,raw,arousal,relative,-1,0.5699062721767575
iemocap,20260922,4,raw,arousal,true_hybrid,-1,0.5790043026623111
iemocap,20260922,4,raw,dominance,relative,-1,0.3485324748078908
iemocap,20260922,4,raw,dominance,true_hybrid,-1,0.370858781464907
iemocap,20260922,4,raw,valence,permuted_hybrid,0,0.029055257430249996
iemocap,20260922,4,raw,arousal,permuted_hybrid,0,0.5732782215236798
iemocap,20260922,4,raw,dominance,permuted_hybrid,0,0.3451604136913178
iemocap,20260922,4,raw,valence,permuted_hybrid,1,0.029055257430249996
iemocap,20260922,4,raw,arousal,permuted_hybrid,1,0.5732782215236798
iemocap,20260922,4,raw,dominance,permuted_hybrid,1,0.3451604136913178
iemocap,20260922,4,raw,valence,permuted_hybrid,2,0.029055257430249996
iemocap,20260922,4,raw,arousal,permuted_hybrid,2,0.5732782215236798
iemocap,20260922,4,raw,dominance,permuted_hybrid,2,0.3451604136913178
iemocap,20260922,4,raw,valence,permuted_hybrid,3,0.029055257430249996
iemocap,20260922,4,raw,arousal,permuted_hybrid,3,0.5732782215236798
iemocap,20260922,4,raw,dominance,permuted_hybrid,3,0.3451604136913178
iemocap,20260922,4,raw,valence,permuted_hybrid,4,0.029055257430249996
iemocap,20260922,4,raw,arousal,permuted_hybrid,4,0.5732782215236798
iemocap,20260922,4,raw,dominance,permuted_hybrid,4,0.3451604136913178
iemocap,20260922,4,raw,valence,permuted_hybrid,5,0.029055257430249996
iemocap,20260922,4,raw,arousal,permuted_hybrid,5,0.5732782215236798
iemocap,20260922,4,raw,dominance,permuted_hybrid,5,0.3451604136913178
iemocap,20260922,4,raw,valence,permuted_hybrid,6,0.029055257430249996
iemocap,20260922,4,raw,arousal,permuted_hybrid,6,0.5732782215236798
iemocap,20260922,4,raw,dominance,permuted_hybrid,6,0.3451604136913178
iemocap,20260922,4,raw,valence,permuted_hybrid,7,0.029055257430249996
iemocap,20260922,4,raw,arousal,permuted_hybrid,7,0.5732782215236798
iemocap,20260922,4,raw,dominance,permuted_hybrid,7,0.3451604136913178
iemocap,20260922,4,raw,valence,permuted_hybrid,8,0.029055257430249996
iemocap,20260922,4,raw,arousal,permuted_hybrid,8,0.5732782215236798
iemocap,20260922,4,raw,dominance,permuted_hybrid,8,0.3451604136913178
iemocap,20260922,4,raw,valence,permuted_hybrid,9,0.029055257430249996
iemocap,20260922,4,raw,arousal,permuted_hybrid,9,0.5732782215236798
iemocap,20260922,4,raw,dominance,permuted_hybrid,9,0.3451604136913178
iemocap,20260922,4,residual,valence,relative,-1,0.02948495103140174
iemocap,20260922,4,residual,valence,true_hybrid,-1,0.029505135506510002
iemocap,20260922,4,residual,arousal,relative,-1,0.5765425127475768
iemocap,20260922,4,residual,arousal,true_hybrid,-1,0.577489999123298
iemocap,20260922,4,residual,dominance,relative,-1,0.38330377961677675
iemocap,20260922,4,residual,dominance,true_hybrid,-1,0.3838387002680163
iemocap,20260922,4,residual,valence,permuted_hybrid,0,0.029488310396462887
iemocap,20260922,4,residual,arousal,permuted_hybrid,0,0.5764400230865773
iemocap,20260922,4,residual,dominance,permuted_hybrid,0,0.38321039034532367
iemocap,20260922,4,residual,valence,permuted_hybrid,1,0.029488310396462887
iemocap,20260922,4,residual,arousal,permuted_hybrid,1,0.5764400230865773
iemocap,20260922,4,residual,dominance,permuted_hybrid,1,0.38321039034532367
iemocap,20260922,4,residual,valence,permuted_hybrid,2,0.029488310396462887
iemocap,20260922,4,residual,arousal,permuted_hybrid,2,0.5764400230865773
iemocap,20260922,4,residual,dominance,permuted_hybrid,2,0.38321039034532367
iemocap,20260922,4,residual,valence,permuted_hybrid,3,0.029488310396462887
iemocap,20260922,4,residual,arousal,permuted_hybrid,3,0.5764400230865773
iemocap,20260922,4,residual,dominance,permuted_hybrid,3,0.38321039034532367
iemocap,20260922,4,residual,valence,permuted_hybrid,4,0.029488310396462887
iemocap,20260922,4,residual,arousal,permuted_hybrid,4,0.5764400230865773
iemocap,20260922,4,residual,dominance,permuted_hybrid,4,0.38321039034532367
iemocap,20260922,4,residual,valence,permuted_hybrid,5,0.029488310396462887
iemocap,20260922,4,residual,arousal,permuted_hybrid,5,0.5764400230865773
iemocap,20260922,4,residual,dominance,permuted_hybrid,5,0.38321039034532367
iemocap,20260922,4,residual,valence,permuted_hybrid,6,0.029488310396462887
iemocap,20260922,4,residual,arousal,permuted_hybrid,6,0.5764400230865773
iemocap,20260922,4,residual,dominance,permuted_hybrid,6,0.38321039034532367
iemocap,20260922,4,residual,valence,permuted_hybrid,7,0.029488310396462887
iemocap,20260922,4,residual,arousal,permuted_hybrid,7,0.5764400230865773
iemocap,20260922,4,residual,dominance,permuted_hybrid,7,0.38321039034532367
iemocap,20260922,4,residual,valence,permuted_hybrid,8,0.029488310396462887
iemocap,20260922,4,residual,arousal,permuted_hybrid,8,0.5764400230865773
iemocap,20260922,4,residual,dominance,permuted_hybrid,8,0.38321039034532367
iemocap,20260922,4,residual,valence,permuted_hybrid,9,0.029488310396462887
iemocap,20260922,4,residual,arousal,permuted_hybrid,9,0.5764400230865773
iemocap,20260922,4,residual,dominance,permuted_hybrid,9,0.38321039034532367
