dataset,attribute,seed,fold,emotion,representation,speaker_balanced_f1,speaker_balanced_recall,support
esd_english,loudness,20260920,0,angry,absolute,0.22355975924333563,0.18571428571428608,700
esd_english,loudness,20260920,0,happy,absolute,0.2256186317321692,0.22142857142857186,700
esd_english,loudness,20260920,0,neutral,absolute,0.4660804020100569,0.5300000000000061,700
esd_english,loudness,20260920,0,sad,absolute,0.23987034035656377,0.21142857142857185,700
esd_english,loudness,20260920,0,surprise,absolute,0.40562003665241836,0.47428571428571903,700
esd_english,loudness,20260920,0,angry,relative,0.2571428571428564,0.20571428571428613,700
esd_english,loudness,20260920,0,happy,relative,0.24608501118568257,0.23571428571428618,700
esd_english,loudness,20260920,0,neutral,relative,0.5013989927252468,0.6400000000000082,700
esd_english,loudness,20260920,0,sad,relative,0.2604087812263438,0.2457142857142862,700
esd_english,loudness,20260920,0,surprise,relative,0.39412997903564245,0.4028571428571458,700
esd_english,loudness,20260920,0,angry,baseline_only,0.0,0.0,700
esd_english,loudness,20260920,0,happy,baseline_only,0.0,0.0,700
esd_english,loudness,20260920,0,neutral,baseline_only,0.0,0.0,700
esd_english,loudness,20260920,0,sad,baseline_only,0.33333333333331144,1.0,700
esd_english,loudness,20260920,0,surprise,baseline_only,0.0,0.0,700
esd_english,loudness,20260920,0,angry,relative_plus_baseline,0.2347588717015463,0.1842857142857147,700
esd_english,loudness,20260920,0,happy,relative_plus_baseline,0.2334096109839818,0.21857142857142903,700
esd_english,loudness,20260920,0,neutral,relative_plus_baseline,0.5013989927252468,0.6400000000000082,700
esd_english,loudness,20260920,0,sad,relative_plus_baseline,0.25761124121779855,0.23571428571428618,700
esd_english,loudness,20260920,0,surprise,relative_plus_baseline,0.39684625492773073,0.4314285714285751,700
esd_english,loudness,20260920,1,angry,absolute,0.09009009009009006,0.0785714285714288,700
esd_english,loudness,20260920,1,happy,absolute,0.25237683664649885,0.20857142857142896,700
esd_english,loudness,20260920,1,neutral,absolute,0.5814382298709363,0.6757142857142932,700
esd_english,loudness,20260920,1,sad,absolute,0.1904761904761903,0.14000000000000032,700
esd_english,loudness,20260920,1,surprise,absolute,0.36012207527976214,0.5057142857142912,700
esd_english,loudness,20260920,1,angry,relative,0.05541972290138552,0.04857142857142875,700
esd_english,loudness,20260920,1,happy,relative,0.1994884910485929,0.1671428571428575,700
esd_english,loudness,20260920,1,neutral,relative,0.5718390804597773,0.5685714285714357,700
esd_english,loudness,20260920,1,sad,relative,0.24370594159113793,0.17285714285714324,700
esd_english,loudness,20260920,1,surprise,relative,0.3927765237020403,0.62142857142858,700
esd_english,loudness,20260920,1,angry,baseline_only,0.0,0.0,700
esd_english,loudness,20260920,1,happy,baseline_only,0.0,0.0,700
esd_english,loudness,20260920,1,neutral,baseline_only,0.0,0.0,700
esd_english,loudness,20260920,1,sad,baseline_only,0.0,0.0,700
esd_english,loudness,20260920,1,surprise,baseline_only,0.33333333333331144,1.0,700
esd_english,loudness,20260920,1,angry,relative_plus_baseline,0.07025761124121788,0.06428571428571449,700
esd_english,loudness,20260920,1,happy,relative_plus_baseline,0.20308692120227437,0.17857142857142896,700
esd_english,loudness,20260920,1,neutral,relative_plus_baseline,0.5636094674556277,0.5442857142857208,700
esd_english,loudness,20260920,1,sad,relative_plus_baseline,0.26524685382381386,0.19571428571428612,700
esd_english,loudness,20260920,1,surprise,relative_plus_baseline,0.3813599619591138,0.5728571428571502,700
esd_english,loudness,20260920,2,angry,absolute,0.22358346094946643,0.20857142857143127,700
esd_english,loudness,20260920,2,happy,absolute,0.2545191612436767,0.25251076040172515,697
esd_english,loudness,20260920,2,neutral,absolute,0.31754032258064674,0.4500000000000074,700
esd_english,loudness,20260920,2,sad,absolute,0.15776892430279002,0.14142857142857296,700
esd_english,loudness,20260920,2,surprise,absolute,0.13584905660377442,0.10329985652797828,697
esd_english,loudness,20260920,2,angry,relative,0.14368932038835047,0.10571428571428698,700
esd_english,loudness,20260920,2,happy,relative,0.21890547263681887,0.22094691535150934,697
esd_english,loudness,20260920,2,neutral,relative,0.3893308376228363,0.5942857142857245,700
esd_english,loudness,20260920,2,sad,relative,0.19183965640658787,0.19142857142857378,700
esd_english,loudness,20260920,2,surprise,relative,0.24975417895772042,0.1822094691535172,697
esd_english,loudness,20260920,2,angry,baseline_only,0.33381020505482645,1.0,700
esd_english,loudness,20260920,2,happy,baseline_only,0.0,0.0,697
esd_english,loudness,20260920,2,neutral,baseline_only,0.0,0.0,700
esd_english,loudness,20260920,2,sad,baseline_only,0.0,0.0,700
esd_english,loudness,20260920,2,surprise,baseline_only,0.0,0.0,697
esd_english,loudness,20260920,2,angry,relative_plus_baseline,0.2410518626734874,0.23571428571428893,700
esd_english,loudness,20260920,2,happy,relative_plus_baseline,0.21312741312741532,0.19799139167862512,697
esd_english,loudness,20260920,2,neutral,relative_plus_baseline,0.3497536945812822,0.5071428571428657,700
esd_english,loudness,20260920,2,sad,relative_plus_baseline,0.16590563165905775,0.15571428571428736,700
esd_english,loudness,20260920,2,surprise,relative_plus_baseline,0.11428571428571527,0.08034433285509432,697
esd_english,loudness,20260920,3,angry,absolute,0.18197135636057252,0.1542857142857146,700
esd_english,loudness,20260920,3,happy,absolute,0.22568093385214008,0.20714285714285757,700
esd_english,loudness,20260920,3,neutral,absolute,0.6560922855082992,0.650000000000008,700
esd_english,loudness,20260920,3,sad,absolute,0.1717073170731706,0.125714285714286,700
esd_english,loudness,20260920,3,surprise,absolute,0.484877126654072,0.732857142857149,700
esd_english,loudness,20260920,3,angry,relative,0.16337059329320683,0.13571428571428604,700
esd_english,loudness,20260920,3,happy,relative,0.22204968944099382,0.2042857142857147,700
esd_english,loudness,20260920,3,neutral,relative,0.6233565351894886,0.5757142857142931,700
esd_english,loudness,20260920,3,sad,relative,0.17210682492581597,0.12428571428571458,700
esd_english,loudness,20260920,3,surprise,relative,0.49265033407573106,0.7900000000000048,700
esd_english,loudness,20260920,3,angry,baseline_only,0.0,0.0,700
esd_english,loudness,20260920,3,happy,baseline_only,0.0,0.0,700
esd_english,loudness,20260920,3,neutral,baseline_only,0.0,0.0,700
esd_english,loudness,20260920,3,sad,baseline_only,0.0,0.0,700
esd_english,loudness,20260920,3,surprise,baseline_only,0.33333333333331144,1.0,700
esd_english,loudness,20260920,3,angry,relative_plus_baseline,0.1708126036484243,0.14714285714285746,700
esd_english,loudness,20260920,3,happy,relative_plus_baseline,0.22612681436210857,0.21142857142857185,700
esd_english,loudness,20260920,3,neutral,relative_plus_baseline,0.6150234741784101,0.5614285714285784,700
esd_english,loudness,20260920,3,sad,relative_plus_baseline,0.17812197483059033,0.13142857142857173,700
esd_english,loudness,20260920,3,surprise,relative_plus_baseline,0.48850045998160824,0.7585714285714341,700
esd_english,loudness,20260920,4,angry,absolute,0.18649211726399065,0.134272649328379,700
esd_english,loudness,20260920,4,happy,absolute,0.20199666949100634,0.1714048911934014,700
esd_english,loudness,20260920,4,neutral,absolute,0.4568135396676499,0.6343404237945567,700
esd_english,loudness,20260920,4,sad,absolute,0.16944204405958324,0.1387758606590886,699
esd_english,loudness,20260920,4,surprise,absolute,0.48333075842204853,0.5913844771975691,700
esd_english,loudness,20260920,4,angry,relative,0.160307813728707,0.11427591556771277,700
esd_english,loudness,20260920,4,happy,relative,0.2087081867047265,0.1742685665292117,700
esd_english,loudness,20260920,4,neutral,relative,0.4534112232041624,0.6185685706120148,700
esd_english,loudness,20260920,4,sad,relative,0.16404169658193385,0.1402199689263223,699
esd_english,loudness,20260920,4,surprise,relative,0.5179458496797303,0.6385832686890159,700
esd_english,loudness,20260920,4,angry,baseline_only,0.0,0.0,700
esd_english,loudness,20260920,4,happy,baseline_only,0.285690950669721,0.4998571020291528,700
esd_english,loudness,20260920,4,neutral,baseline_only,0.0,0.0,700
esd_english,loudness,20260920,4,sad,baseline_only,0.0,0.0,699
esd_english,loudness,20260920,4,surprise,baseline_only,0.2858542959817034,0.5001428979708493,700
esd_english,loudness,20260920,4,angry,relative_plus_baseline,0.17130390821768626,0.1228497938186416,700
esd_english,loudness,20260920,4,happy,relative_plus_baseline,0.191930269155924,0.1599885681623315,700
esd_english,loudness,20260920,4,neutral,relative_plus_baseline,0.4492170081288979,0.6128363205813938,700
esd_english,loudness,20260920,4,sad,relative_plus_baseline,0.18592527906626996,0.16026085534385448,699
esd_english,loudness,20260920,4,surprise,relative_plus_baseline,0.5128298097096327,0.6271318335851088,700
esd_english,loudness,20260921,0,angry,absolute,0.2325976230899825,0.19571428571428612,700
esd_english,loudness,20260921,0,happy,absolute,0.22222222222222232,0.20857142857142896,700
esd_english,loudness,20260921,0,neutral,absolute,0.6178428761651213,0.6628571428571506,700
esd_english,loudness,20260921,0,sad,absolute,0.21680216802167968,0.17142857142857182,700
esd_english,loudness,20260921,0,surprise,absolute,0.5129015271195448,0.6957142857142927,700
esd_english,loudness,20260921,0,angry,relative,0.22203245089666898,0.18571428571428608,700
esd_english,loudness,20260921,0,happy,relative,0.21445221445221443,0.19714285714285754,700
esd_english,loudness,20260921,0,neutral,relative,0.5958620689655258,0.6171428571428655,700
esd_english,loudness,20260921,0,sad,relative,0.2246376811594197,0.17714285714285752,700
esd_english,loudness,20260921,0,surprise,relative,0.5140845070422613,0.7300000000000062,700
esd_english,loudness,20260921,0,angry,baseline_only,0.0,0.0,700
esd_english,loudness,20260921,0,happy,baseline_only,0.2857142857142916,0.5000000000000054,700
esd_english,loudness,20260921,0,neutral,baseline_only,0.0,0.0,700
esd_english,loudness,20260921,0,sad,baseline_only,0.0,0.0,700
esd_english,loudness,20260921,0,surprise,baseline_only,0.2857142857142916,0.5000000000000054,700
esd_english,loudness,20260921,0,angry,relative_plus_baseline,0.23212783851976404,0.19714285714285754,700
esd_english,loudness,20260921,0,happy,relative_plus_baseline,0.21617535903250204,0.2042857142857147,700
esd_english,loudness,20260921,0,neutral,relative_plus_baseline,0.5915687629578522,0.6114285714285796,700
esd_english,loudness,20260921,0,sad,relative_plus_baseline,0.2175883952855842,0.17142857142857182,700
esd_english,loudness,20260921,0,surprise,relative_plus_baseline,0.5098039215686355,0.7057142857142924,700
esd_english,loudness,20260921,1,angry,absolute,0.19402985074626838,0.1671428571428575,700
esd_english,loudness,20260921,1,happy,absolute,0.23022847100175675,0.18714285714285755,700
esd_english,loudness,20260921,1,neutral,absolute,0.4829821717990365,0.6385714285714369,700
esd_english,loudness,20260921,1,sad,absolute,0.15140186915887827,0.11571428571428599,700
esd_english,loudness,20260921,1,surprise,absolute,0.33659942363112805,0.4171428571428604,700
esd_english,loudness,20260921,1,angry,relative,0.1537132987910186,0.12714285714285745,700
esd_english,loudness,20260921,1,happy,relative,0.18493150684931464,0.1542857142857146,700
esd_english,loudness,20260921,1,neutral,relative,0.49519743863394666,0.6628571428571506,700
esd_english,loudness,20260921,1,sad,relative,0.1602262016965125,0.12142857142857172,700
esd_english,loudness,20260921,1,surprise,relative,0.33812535940195937,0.42000000000000337,700
esd_english,loudness,20260921,1,angry,baseline_only,0.0,0.0,700
esd_english,loudness,20260921,1,happy,baseline_only,0.2857142857142916,0.5000000000000054,700
esd_english,loudness,20260921,1,neutral,baseline_only,0.0,0.0,700
esd_english,loudness,20260921,1,sad,baseline_only,0.0,0.0,700
esd_english,loudness,20260921,1,surprise,baseline_only,0.2857142857142916,0.5000000000000054,700
esd_english,loudness,20260921,1,angry,relative_plus_baseline,0.14127659574468057,0.11857142857142886,700
esd_english,loudness,20260921,1,happy,relative_plus_baseline,0.16117850953206198,0.13285714285714317,700
esd_english,loudness,20260921,1,neutral,relative_plus_baseline,0.48743987172635833,0.6514285714285795,700
esd_english,loudness,20260921,1,sad,relative_plus_baseline,0.1918063314711356,0.14714285714285746,700
esd_english,loudness,20260921,1,surprise,relative_plus_baseline,0.3371958285052184,0.415714285714289,700
esd_english,loudness,20260921,2,angry,absolute,0.11936948530071868,0.08142653002898755,700
esd_english,loudness,20260921,2,happy,absolute,0.20941399858203566,0.174259584371044,700
esd_english,loudness,20260921,2,neutral,absolute,0.5541130980964408,0.7057395990691243,700
esd_english,loudness,20260921,2,sad,absolute,0.2383304332583413,0.20457273693678876,699
esd_english,loudness,20260921,2,surprise,absolute,0.4917932800637103,0.6656587596456159,700
esd_english,loudness,20260921,2,angry,relative,0.09128587895433361,0.06285632629730918,700
esd_english,loudness,20260921,2,happy,relative,0.24501163781620572,0.21140734087290144,700
esd_english,loudness,20260921,2,neutral,relative,0.5072502122644107,0.5485706120115971,700
esd_english,loudness,20260921,2,sad,relative,0.2370913878052781,0.20028784037942515,699
esd_english,loudness,20260921,2,surprise,relative,0.5321321356762916,0.809977544604582,700
esd_english,loudness,20260921,2,angry,baseline_only,0.0,0.0,700
esd_english,loudness,20260921,2,happy,baseline_only,0.0,0.0,700
esd_english,loudness,20260921,2,neutral,baseline_only,0.0,0.0,700
esd_english,loudness,20260921,2,sad,baseline_only,0.0,0.0,699
esd_english,loudness,20260921,2,surprise,baseline_only,0.3334127400066727,1.0,700
esd_english,loudness,20260921,2,angry,relative_plus_baseline,0.1171762684424876,0.08286040909647621,700
esd_english,loudness,20260921,2,happy,relative_plus_baseline,0.24023191305533945,0.21569183031886557,700
esd_english,loudness,20260921,2,neutral,relative_plus_baseline,0.5046953214489314,0.5357114277548705,700
esd_english,loudness,20260921,2,sad,relative_plus_baseline,0.26434195981488723,0.23749284487693076,699
esd_english,loudness,20260921,2,surprise,relative_plus_baseline,0.5226325728207717,0.7499661127669148,700
esd_english,loudness,20260921,3,angry,absolute,0.3237263171989034,0.22124106376894628,700
esd_english,loudness,20260921,3,happy,absolute,0.1488616820899198,0.14915483712152397,697
esd_english,loudness,20260921,3,neutral,absolute,0.34850448162243375,0.5786878548960415,700
esd_english,loudness,20260921,3,sad,absolute,0.20864522082872305,0.19284856407533116,700
esd_english,loudness,20260921,3,surprise,absolute,0.18975616500156492,0.13849176845459468,700
esd_english,loudness,20260921,3,angry,relative,0.23609511079355916,0.14416683688059254,700
esd_english,loudness,20260921,3,happy,relative,0.18882765920825598,0.19219167965865402,697
esd_english,loudness,20260921,3,neutral,relative,0.3715887984690978,0.6257167367948132,700
esd_english,loudness,20260921,3,sad,relative,0.21441869554090703,0.2142612034805359,700
esd_english,loudness,20260921,3,surprise,relative,0.11410872216008432,0.0785603987090982,700
esd_english,loudness,20260921,3,angry,baseline_only,0.0,0.0,700
esd_english,loudness,20260921,3,happy,baseline_only,0.0,0.0,697
esd_english,loudness,20260921,3,neutral,baseline_only,0.0,0.0,700
esd_english,loudness,20260921,3,sad,baseline_only,0.28564421190321093,0.4995710609093585,700
esd_english,loudness,20260921,3,surprise,baseline_only,0.2861347285807698,0.5004289390906551,700
esd_english,loudness,20260921,3,angry,relative_plus_baseline,0.3164829980936092,0.21267698843907165,700
esd_english,loudness,20260921,3,happy,relative_plus_baseline,0.17131627994699442,0.17068187412817057,697
esd_english,loudness,20260921,3,neutral,relative_plus_baseline,0.36590491784763957,0.6114555333142785,700
esd_english,loudness,20260921,3,sad,relative_plus_baseline,0.21468830569721506,0.2085567220883221,700
esd_english,loudness,20260921,3,surprise,relative_plus_baseline,0.15747212830228116,0.10852485804158746,700
esd_english,loudness,20260921,4,angry,absolute,0.1359996194040504,0.1086057436986813,700
esd_english,loudness,20260921,4,happy,absolute,0.35888434990844176,0.3642722333428691,700
esd_english,loudness,20260921,4,neutral,absolute,0.4726793298460969,0.3784501000857918,700
esd_english,loudness,20260921,4,sad,absolute,0.15927900913315154,0.11422443727276524,700
esd_english,loudness,20260921,4,surprise,absolute,0.5630758884083494,0.9411873307622894,697
esd_english,loudness,20260921,4,angry,relative,0.15039606460014862,0.1228963601454316,700
esd_english,loudness,20260921,4,happy,relative,0.3278477056400088,0.32995710609093815,700
esd_english,loudness,20260921,4,neutral,relative,0.5635866976741901,0.5443065484701248,700
esd_english,loudness,20260921,4,sad,relative,0.20013716767989093,0.16141018832468754,700
esd_english,loudness,20260921,4,surprise,relative,0.5846962976495231,0.8220054156067993,697
esd_english,loudness,20260921,4,angry,baseline_only,0.33357180330994524,1.0,700
esd_english,loudness,20260921,4,happy,baseline_only,0.0,0.0,700
esd_english,loudness,20260921,4,neutral,baseline_only,0.0,0.0,700
esd_english,loudness,20260921,4,sad,baseline_only,0.0,0.0,700
esd_english,loudness,20260921,4,surprise,baseline_only,0.0,0.0,697
esd_english,loudness,20260921,4,angry,relative_plus_baseline,0.12997684755089775,0.09859226275583227,700
esd_english,loudness,20260921,4,happy,relative_plus_baseline,0.32602237847458926,0.3099399485273116,700
esd_english,loudness,20260921,4,neutral,relative_plus_baseline,0.5517444667680632,0.49855304546755025,700
esd_english,loudness,20260921,4,sad,relative_plus_baseline,0.1858614367966083,0.14139303076106144,700
esd_english,loudness,20260921,4,surprise,relative_plus_baseline,0.574190308685998,0.9354435053745812,697
esd_english,loudness,20260922,0,angry,absolute,0.16954474097331237,0.1542857142857146,700
esd_english,loudness,20260922,0,happy,absolute,0.23592906707787206,0.21857142857142903,700
esd_english,loudness,20260922,0,neutral,absolute,0.661596958174913,0.62142857142858,700
esd_english,loudness,20260922,0,sad,absolute,0.18296529968454275,0.12428571428571458,700
esd_english,loudness,20260922,0,surprise,absolute,0.489135460009254,0.7557142857142913,700
esd_english,loudness,20260922,0,angry,relative,0.15492957746478875,0.14142857142857174,700
esd_english,loudness,20260922,0,happy,relative,0.2097791798107255,0.1900000000000004,700
esd_english,loudness,20260922,0,neutral,relative,0.640650406504071,0.5628571428571498,700
esd_english,loudness,20260922,0,sad,relative,0.1774891774891778,0.11714285714285742,700
esd_english,loudness,20260922,0,surprise,relative,0.49826086956522436,0.8185714285714327,700
esd_english,loudness,20260922,0,angry,baseline_only,0.0,0.0,700
esd_english,loudness,20260922,0,happy,baseline_only,0.0,0.0,700
esd_english,loudness,20260922,0,neutral,baseline_only,0.0,0.0,700
esd_english,loudness,20260922,0,sad,baseline_only,0.0,0.0,700
esd_english,loudness,20260922,0,surprise,baseline_only,0.33333333333331144,1.0,700
esd_english,loudness,20260922,0,angry,relative_plus_baseline,0.16858237547892732,0.15714285714285753,700
esd_english,loudness,20260922,0,happy,relative_plus_baseline,0.22068965517241387,0.20571428571428613,700
esd_english,loudness,20260922,0,neutral,relative_plus_baseline,0.6411092985318166,0.5614285714285784,700
esd_english,loudness,20260922,0,sad,relative_plus_baseline,0.18803418803418828,0.125714285714286,700
esd_english,loudness,20260922,0,surprise,relative_plus_baseline,0.493716337522449,0.7857142857142906,700
esd_english,loudness,20260922,1,angry,absolute,0.3237263171989034,0.22124106376894628,700
esd_english,loudness,20260922,1,happy,absolute,0.1488616820899198,0.14915483712152397,697
esd_english,loudness,20260922,1,neutral,absolute,0.34850448162243375,0.5786878548960415,700
esd_english,loudness,20260922,1,sad,absolute,0.20864522082872305,0.19284856407533116,700
esd_english,loudness,20260922,1,surprise,absolute,0.18975616500156492,0.13849176845459468,700
esd_english,loudness,20260922,1,angry,relative,0.23609511079355916,0.14416683688059254,700
esd_english,loudness,20260922,1,happy,relative,0.18882765920825598,0.19219167965865402,697
esd_english,loudness,20260922,1,neutral,relative,0.3715887984690978,0.6257167367948132,700
esd_english,loudness,20260922,1,sad,relative,0.21441869554090703,0.2142612034805359,700
esd_english,loudness,20260922,1,surprise,relative,0.11410872216008432,0.0785603987090982,700
esd_english,loudness,20260922,1,angry,baseline_only,0.0,0.0,700
esd_english,loudness,20260922,1,happy,baseline_only,0.0,0.0,697
esd_english,loudness,20260922,1,neutral,baseline_only,0.0,0.0,700
esd_english,loudness,20260922,1,sad,baseline_only,0.28564421190321093,0.4995710609093585,700
esd_english,loudness,20260922,1,surprise,baseline_only,0.2861347285807698,0.5004289390906551,700
esd_english,loudness,20260922,1,angry,relative_plus_baseline,0.3164829980936092,0.21267698843907165,700
esd_english,loudness,20260922,1,happy,relative_plus_baseline,0.17131627994699442,0.17068187412817057,697
esd_english,loudness,20260922,1,neutral,relative_plus_baseline,0.36590491784763957,0.6114555333142785,700
esd_english,loudness,20260922,1,sad,relative_plus_baseline,0.21468830569721506,0.2085567220883221,700
esd_english,loudness,20260922,1,surprise,relative_plus_baseline,0.15747212830228116,0.10852485804158746,700
esd_english,loudness,20260922,2,angry,absolute,0.18649211726399065,0.134272649328379,700
esd_english,loudness,20260922,2,happy,absolute,0.20199666949100634,0.1714048911934014,700
esd_english,loudness,20260922,2,neutral,absolute,0.4568135396676499,0.6343404237945567,700
esd_english,loudness,20260922,2,sad,absolute,0.16944204405958324,0.1387758606590886,699
esd_english,loudness,20260922,2,surprise,absolute,0.48333075842204853,0.5913844771975691,700
esd_english,loudness,20260922,2,angry,relative,0.160307813728707,0.11427591556771277,700
esd_english,loudness,20260922,2,happy,relative,0.2087081867047265,0.1742685665292117,700
esd_english,loudness,20260922,2,neutral,relative,0.4534112232041624,0.6185685706120148,700
esd_english,loudness,20260922,2,sad,relative,0.16404169658193385,0.1402199689263223,699
esd_english,loudness,20260922,2,surprise,relative,0.5179458496797303,0.6385832686890159,700
esd_english,loudness,20260922,2,angry,baseline_only,0.0,0.0,700
esd_english,loudness,20260922,2,happy,baseline_only,0.285690950669721,0.4998571020291528,700
esd_english,loudness,20260922,2,neutral,baseline_only,0.0,0.0,700
esd_english,loudness,20260922,2,sad,baseline_only,0.0,0.0,699
esd_english,loudness,20260922,2,surprise,baseline_only,0.2858542959817034,0.5001428979708493,700
esd_english,loudness,20260922,2,angry,relative_plus_baseline,0.17130390821768626,0.1228497938186416,700
esd_english,loudness,20260922,2,happy,relative_plus_baseline,0.191930269155924,0.1599885681623315,700
esd_english,loudness,20260922,2,neutral,relative_plus_baseline,0.4492170081288979,0.6128363205813938,700
esd_english,loudness,20260922,2,sad,relative_plus_baseline,0.18592527906626996,0.16026085534385448,699
esd_english,loudness,20260922,2,surprise,relative_plus_baseline,0.5128298097096327,0.6271318335851088,700
esd_english,loudness,20260922,3,angry,absolute,0.37450304980114074,0.5543347358960822,700
esd_english,loudness,20260922,3,happy,absolute,0.3445362501847298,0.35143837575064685,700
esd_english,loudness,20260922,3,neutral,absolute,0.42952569348028513,0.38558928060787223,700
esd_english,loudness,20260922,3,sad,absolute,0.20913052553315944,0.18132194942603985,700
esd_english,loudness,20260922,3,surprise,absolute,0.07035403424623102,0.05163288750307748,697
esd_english,loudness,20260922,3,angry,relative,0.33308532872334307,0.39850892601822446,700
esd_english,loudness,20260922,3,happy,relative,0.3143380924818605,0.31569835369092136,700
esd_english,loudness,20260922,3,neutral,relative,0.5308050194424324,0.5971306017402763,700
esd_english,loudness,20260922,3,sad,relative,0.23381224356502497,0.21994607622860565,700
esd_english,loudness,20260922,3,surprise,relative,0.17632686531884356,0.12915237548207192,697
esd_english,loudness,20260922,3,angry,baseline_only,0.33357180330994524,1.0,700
esd_english,loudness,20260922,3,happy,baseline_only,0.0,0.0,700
esd_english,loudness,20260922,3,neutral,baseline_only,0.0,0.0,700
esd_english,loudness,20260922,3,sad,baseline_only,0.0,0.0,700
esd_english,loudness,20260922,3,surprise,baseline_only,0.0,0.0,697
esd_english,loudness,20260922,3,angry,relative_plus_baseline,0.35897639713476676,0.512877977041553,700
esd_english,loudness,20260922,3,happy,relative_plus_baseline,0.2984558445367919,0.2813979329220985,700
esd_english,loudness,20260922,3,neutral,relative_plus_baseline,0.515464574060847,0.5356615874831565,700
esd_english,loudness,20260922,3,sad,relative_plus_baseline,0.2168353780293025,0.19421218187017578,700
esd_english,loudness,20260922,3,surprise,relative_plus_baseline,0.08909874185023746,0.06167965865266319,697
esd_english,loudness,20260922,4,angry,absolute,0.09769094138543497,0.0785714285714288,700
esd_english,loudness,20260922,4,happy,absolute,0.24131944444444375,0.19857142857142898,700
esd_english,loudness,20260922,4,neutral,absolute,0.5923753665689226,0.7214285714285779,700
esd_english,loudness,20260922,4,sad,absolute,0.19744058500914033,0.1542857142857146,700
esd_english,loudness,20260922,4,surprise,absolute,0.3536141445657885,0.48571428571429076,700
esd_english,loudness,20260922,4,angry,relative,0.06238859180035642,0.05000000000000018,700
esd_english,loudness,20260922,4,happy,relative,0.2008438818565397,0.17000000000000037,700
esd_english,loudness,20260922,4,neutral,relative,0.5669398907103905,0.5928571428571506,700
esd_english,loudness,20260922,4,sad,relative,0.22718808193668483,0.17428571428571465,700
esd_english,loudness,20260922,4,surprise,relative,0.38700696055685274,0.5957142857142936,700
esd_english,loudness,20260922,4,angry,baseline_only,0.0,0.0,700
esd_english,loudness,20260922,4,happy,baseline_only,0.0,0.0,700
esd_english,loudness,20260922,4,neutral,baseline_only,0.0,0.0,700
esd_english,loudness,20260922,4,sad,baseline_only,0.0,0.0,700
esd_english,loudness,20260922,4,surprise,baseline_only,0.33333333333331144,1.0,700
esd_english,loudness,20260922,4,angry,relative_plus_baseline,0.07204116638078893,0.0600000000000002,700
esd_english,loudness,20260922,4,happy,relative_plus_baseline,0.21331194867682424,0.1900000000000004,700
esd_english,loudness,20260922,4,neutral,relative_plus_baseline,0.5552447552447625,0.5671428571428643,700
esd_english,loudness,20260922,4,sad,relative_plus_baseline,0.2412241224122406,0.19142857142857186,700
esd_english,loudness,20260922,4,surprise,relative_plus_baseline,0.37047898338221624,0.5414285714285779,700
mead_part0,loudness,20260920,0,angry,absolute,0.4009169767560344,0.6459315446113033,870
mead_part0,loudness,20260920,0,happy,absolute,0.10740665336350803,0.07378770996512853,896
mead_part0,loudness,20260920,0,neutral,absolute,0.3040068839866192,0.6809720382683646,396
mead_part0,loudness,20260920,0,sad,absolute,0.06749348092241803,0.039253607344375316,895
mead_part0,loudness,20260920,0,surprise,absolute,0.05797211314948007,0.03429641464898289,900
mead_part0,loudness,20260920,0,angry,relative,0.40586275012182305,0.6454095518593272,870
mead_part0,loudness,20260920,0,happy,relative,0.14355327815073937,0.10400327487402462,896
mead_part0,loudness,20260920,0,neutral,relative,0.3440261827967529,0.754963202964941,396
mead_part0,loudness,20260920,0,sad,relative,0.05836841345190303,0.034629156438548206,895
mead_part0,loudness,20260920,0,surprise,relative,0.08986039392041999,0.05237713389272089,900
mead_part0,loudness,20260920,0,angry,baseline_only,0.0,0.0,870
mead_part0,loudness,20260920,0,happy,baseline_only,0.3289868647823617,0.600320768825983,896
mead_part0,loudness,20260920,0,neutral,baseline_only,0.1608822836101437,0.4019607217234263,396
mead_part0,loudness,20260920,0,sad,baseline_only,0.0,0.0,895
mead_part0,loudness,20260920,0,surprise,baseline_only,0.0,0.0,900
mead_part0,loudness,20260920,0,angry,relative_plus_baseline,0.4149868852685608,0.6544326386198065,870
mead_part0,loudness,20260920,0,happy,relative_plus_baseline,0.15941588164174164,0.11886548582481861,896
mead_part0,loudness,20260920,0,neutral,relative_plus_baseline,0.3424005855890532,0.7451146885034696,396
mead_part0,loudness,20260920,0,sad,relative_plus_baseline,0.055237906948892995,0.03232875410772755,895
mead_part0,loudness,20260920,0,surprise,relative_plus_baseline,0.09779062756436996,0.05775992793495571,900
mead_part0,loudness,20260920,1,angry,absolute,0.25784464581607086,0.2801715325469808,865
mead_part0,loudness,20260920,1,happy,absolute,0.12769484719073332,0.09595068141743862,884
mead_part0,loudness,20260920,1,neutral,absolute,0.21875822886503496,0.7344179000732753,400
mead_part0,loudness,20260920,1,sad,absolute,0.05191779628571391,0.029094556245559917,892
mead_part0,loudness,20260920,1,surprise,absolute,0.05340255195320978,0.029092165358513892,892
mead_part0,loudness,20260920,1,angry,relative,0.3685628610656395,0.470091585151796,865
mead_part0,loudness,20260920,1,happy,relative,0.1935749351613871,0.15824174997501633,884
mead_part0,loudness,20260920,1,neutral,relative,0.3142445962607667,0.7926657001368275,400
mead_part0,loudness,20260920,1,sad,relative,0.07325953205004464,0.045745999020144514,892
mead_part0,loudness,20260920,1,surprise,relative,0.09757649577726439,0.059182706084433045,892
mead_part0,loudness,20260920,1,angry,baseline_only,0.0,0.0,865
mead_part0,loudness,20260920,1,happy,baseline_only,0.0,0.0,884
mead_part0,loudness,20260920,1,neutral,baseline_only,0.0,0.0,400
mead_part0,loudness,20260920,1,sad,baseline_only,0.259167827612209,0.3009812894140978,892
mead_part0,loudness,20260920,1,surprise,baseline_only,0.3410109784475226,0.6966292707168641,892
mead_part0,loudness,20260920,1,angry,relative_plus_baseline,0.33682101525401686,0.3870857561777514,865
mead_part0,loudness,20260920,1,happy,relative_plus_baseline,0.21441688081671784,0.1912841331179083,884
mead_part0,loudness,20260920,1,neutral,relative_plus_baseline,0.32097014629923176,0.784218516325884,400
mead_part0,loudness,20260920,1,sad,relative_plus_baseline,0.09679985675551983,0.05864901788740967,892
mead_part0,loudness,20260920,1,surprise,relative_plus_baseline,0.1666541145090137,0.11816383333838895,892
mead_part0,loudness,20260920,2,angry,absolute,0.3036382695145624,0.37578250675823255,883
mead_part0,loudness,20260920,2,happy,absolute,0.16033982085050208,0.1268025889387862,894
mead_part0,loudness,20260920,2,neutral,absolute,0.2076333206816038,0.5804935862440453,400
mead_part0,loudness,20260920,2,sad,absolute,0.04168850483813156,0.02347880737482557,894
mead_part0,loudness,20260920,2,surprise,absolute,0.1339068252145594,0.07918838408662124,861
mead_part0,loudness,20260920,2,angry,relative,0.28526080622865063,0.26684988971380674,883
mead_part0,loudness,20260920,2,happy,relative,0.2559925728822224,0.2612936238229699,894
mead_part0,loudness,20260920,2,neutral,relative,0.29415589080507637,0.8087620324729264,400
mead_part0,loudness,20260920,2,sad,relative,0.08216295318647424,0.0499035858655636,894
mead_part0,loudness,20260920,2,surprise,relative,0.17452428893404734,0.11140993104504678,861
mead_part0,loudness,20260920,2,angry,baseline_only,0.0,0.0,883
mead_part0,loudness,20260920,2,happy,baseline_only,0.28999725160938233,0.39994551787750326,894
mead_part0,loudness,20260920,2,neutral,baseline_only,0.17491609933759394,0.6028373475786392,400
mead_part0,loudness,20260920,2,sad,baseline_only,0.0,0.0,894
mead_part0,loudness,20260920,2,surprise,baseline_only,0.0,0.0,861
mead_part0,loudness,20260920,2,angry,relative_plus_baseline,0.28523307819574295,0.32616082608305663,883
mead_part0,loudness,20260920,2,happy,relative_plus_baseline,0.17538061080001352,0.15327368919594997,894
mead_part0,loudness,20260920,2,neutral,relative_plus_baseline,0.2648718772808915,0.6895180701285497,400
mead_part0,loudness,20260920,2,sad,relative_plus_baseline,0.06745850891925029,0.040219354131185756,894
mead_part0,loudness,20260920,2,surprise,relative_plus_baseline,0.15795309691543818,0.10377329800311923,861
mead_part0,loudness,20260920,3,angry,absolute,0.4639448596151321,0.7275433146420243,778
mead_part0,loudness,20260920,3,happy,absolute,0.23340735895824577,0.19510117658949047,810
mead_part0,loudness,20260920,3,neutral,absolute,0.33541249439980575,0.6247414256232207,360
mead_part0,loudness,20260920,3,sad,absolute,0.09924773020983127,0.06320120208041993,808
mead_part0,loudness,20260920,3,surprise,absolute,0.09722143004845916,0.05808214774874578,810
mead_part0,loudness,20260920,3,angry,relative,0.4650260671410613,0.6452726088242128,778
mead_part0,loudness,20260920,3,happy,relative,0.2343915199844213,0.20484770837905855,810
mead_part0,loudness,20260920,3,neutral,relative,0.3711311995634788,0.7807757781800766,360
mead_part0,loudness,20260920,3,sad,relative,0.10673529636309452,0.0704589836681429,808
mead_part0,loudness,20260920,3,surprise,relative,0.08404146277513524,0.05061749709418738,810
mead_part0,loudness,20260920,3,angry,baseline_only,0.0,0.0,778
mead_part0,loudness,20260920,3,happy,baseline_only,0.30043393912635646,0.44412828721525655,810
mead_part0,loudness,20260920,3,neutral,baseline_only,0.17096176680904354,0.5558717127847473,360
mead_part0,loudness,20260920,3,sad,baseline_only,0.0,0.0,808
mead_part0,loudness,20260920,3,surprise,baseline_only,0.0,0.0,810
mead_part0,loudness,20260920,3,angry,relative_plus_baseline,0.47327111456643045,0.6761367886964709,778
mead_part0,loudness,20260920,3,happy,relative_plus_baseline,0.24258990936973815,0.20977033460266198,810
mead_part0,loudness,20260920,3,neutral,relative_plus_baseline,0.384133250787098,0.7723678275661394,360
mead_part0,loudness,20260920,3,sad,relative_plus_baseline,0.11378424407439736,0.07658749359824336,808
mead_part0,loudness,20260920,3,surprise,relative_plus_baseline,0.09473910177855825,0.0568970650757056,810
mead_part0,loudness,20260920,4,angry,absolute,0.42498378514644497,0.6717749045403083,788
mead_part0,loudness,20260920,4,happy,absolute,0.1434477379582617,0.10491985416160676,810
mead_part0,loudness,20260920,4,neutral,absolute,0.32186283276035915,0.7188030944637456,360
mead_part0,loudness,20260920,4,sad,absolute,0.07702275336829813,0.04574778473974633,809
mead_part0,loudness,20260920,4,surprise,absolute,0.0532062132373591,0.02976724110983105,807
mead_part0,loudness,20260920,4,angry,relative,0.4062390048404554,0.6835808916976269,788
mead_part0,loudness,20260920,4,happy,relative,0.20238260042889056,0.16207521741953937,810
mead_part0,loudness,20260920,4,neutral,relative,0.4539689090908705,0.7557391164211651,360
mead_part0,loudness,20260920,4,sad,relative,0.11123569773852221,0.07053293228971144,809
mead_part0,loudness,20260920,4,surprise,relative,0.07598897258685564,0.045865618653098635,807
mead_part0,loudness,20260920,4,angry,baseline_only,0.0,0.0,788
mead_part0,loudness,20260920,4,happy,baseline_only,0.33823000580248286,0.666567458652537,810
mead_part0,loudness,20260920,4,neutral,baseline_only,0.15475408951121022,0.33343254134746236,360
mead_part0,loudness,20260920,4,sad,baseline_only,0.0,0.0,809
mead_part0,loudness,20260920,4,surprise,baseline_only,0.0,0.0,807
mead_part0,loudness,20260920,4,angry,relative_plus_baseline,0.4082740905433725,0.6799392290143801,788
mead_part0,loudness,20260920,4,happy,relative_plus_baseline,0.1641704151550332,0.1309344840899436,810
mead_part0,loudness,20260920,4,neutral,relative_plus_baseline,0.4513906798074277,0.7497458064728291,360
mead_part0,loudness,20260920,4,sad,relative_plus_baseline,0.1057301763028531,0.0692900799666977,809
mead_part0,loudness,20260920,4,surprise,relative_plus_baseline,0.09433731965879395,0.05699322549258028,807
mead_part0,loudness,20260921,0,angry,absolute,0.3422216599282901,0.3598751700984469,863
mead_part0,loudness,20260921,0,happy,absolute,0.18283032127960885,0.14508927778859257,894
mead_part0,loudness,20260921,0,neutral,absolute,0.23711413059048395,0.7518324012316202,400
mead_part0,loudness,20260921,0,sad,absolute,0.04773299904789062,0.02764904493945989,900
mead_part0,loudness,20260921,0,surprise,absolute,0.10613732193331298,0.06295651948286415,862
mead_part0,loudness,20260921,0,angry,relative,0.3927758006446051,0.5330929448135079,863
mead_part0,loudness,20260921,0,happy,relative,0.2380182209926547,0.19603574590555284,894
mead_part0,loudness,20260921,0,neutral,relative,0.34926458029384955,0.7940777998646943,400
mead_part0,loudness,20260921,0,sad,relative,0.061311197365426125,0.03756757960270088,900
mead_part0,loudness,20260921,0,surprise,relative,0.161928938408209,0.10323003609797045,862
mead_part0,loudness,20260921,0,angry,baseline_only,0.0,0.0,863
mead_part0,loudness,20260921,0,happy,baseline_only,0.34279685474342114,0.6971053969412272,894
mead_part0,loudness,20260921,0,neutral,baseline_only,0.15632277406880907,0.3077297811384104,400
mead_part0,loudness,20260921,0,sad,baseline_only,0.0,0.0,900
mead_part0,loudness,20260921,0,surprise,baseline_only,0.0,0.0,862
mead_part0,loudness,20260921,0,angry,relative_plus_baseline,0.3786867910076553,0.490765144324607,863
mead_part0,loudness,20260921,0,happy,relative_plus_baseline,0.24932307096027043,0.21375323525764178,894
mead_part0,loudness,20260921,0,neutral,relative_plus_baseline,0.34941357242201765,0.7960922419015556,400
mead_part0,loudness,20260921,0,sad,relative_plus_baseline,0.05293853906319272,0.0320869126703267,900
mead_part0,loudness,20260921,0,surprise,relative_plus_baseline,0.18534837129261567,0.12393677027262882,862
mead_part0,loudness,20260921,1,angry,absolute,0.34449385183375597,0.6362927347784985,877
mead_part0,loudness,20260921,1,happy,absolute,0.14255633593041386,0.10184800606773521,896
mead_part0,loudness,20260921,1,neutral,absolute,0.23525388013993562,0.3814456540850376,396
mead_part0,loudness,20260921,1,sad,absolute,0.06464535157769988,0.037113464629568174,893
mead_part0,loudness,20260921,1,surprise,absolute,0.06530918359329209,0.0395028481690226,893
mead_part0,loudness,20260921,1,angry,relative,0.361312351390778,0.3978673832886311,877
mead_part0,loudness,20260921,1,happy,relative,0.2816104584685403,0.28390403295553857,896
mead_part0,loudness,20260921,1,neutral,relative,0.31047657974506304,0.7598457083457775,396
mead_part0,loudness,20260921,1,sad,relative,0.09073258541671157,0.056977812953609416,893
mead_part0,loudness,20260921,1,surprise,relative,0.11697862883389185,0.07283561823294696,893
mead_part0,loudness,20260921,1,angry,baseline_only,0.0,0.0,877
mead_part0,loudness,20260921,1,happy,baseline_only,0.2588560583224755,0.3008123473603286,896
mead_part0,loudness,20260921,1,neutral,baseline_only,0.1759803127858466,0.7031770433790061,396
mead_part0,loudness,20260921,1,sad,baseline_only,0.0,0.0,893
mead_part0,loudness,20260921,1,surprise,baseline_only,0.0,0.0,893
mead_part0,loudness,20260921,1,angry,relative_plus_baseline,0.354152863830069,0.47019102130365614,877
mead_part0,loudness,20260921,1,happy,relative_plus_baseline,0.22800512554152808,0.20432836477269242,896
mead_part0,loudness,20260921,1,neutral,relative_plus_baseline,0.30521495555890504,0.6222203553404769,396
mead_part0,loudness,20260921,1,sad,relative_plus_baseline,0.16165264317635328,0.11704987364412339,893
mead_part0,loudness,20260921,1,surprise,relative_plus_baseline,0.07728528828775641,0.04619318091552023,893
mead_part0,loudness,20260921,2,angry,absolute,0.41807428034676475,0.6622640821969878,869
mead_part0,loudness,20260921,2,happy,absolute,0.1031830832922785,0.07216051234639476,900
mead_part0,loudness,20260921,2,neutral,absolute,0.342988113026042,0.7813816808399775,400
mead_part0,loudness,20260921,2,sad,absolute,0.08837570378602223,0.05371404586384009,895
mead_part0,loudness,20260921,2,surprise,absolute,0.05562799235761822,0.03108885121479083,900
mead_part0,loudness,20260921,2,angry,relative,0.41009867422664087,0.7293721802226931,869
mead_part0,loudness,20260921,2,happy,relative,0.11804870144674968,0.08546146942276481,900
mead_part0,loudness,20260921,2,neutral,relative,0.42586732871730193,0.7200347832256293,400
mead_part0,loudness,20260921,2,sad,relative,0.11989570877965874,0.07587593734406478,895
mead_part0,loudness,20260921,2,surprise,relative,0.087825728018282,0.05118239778702544,900
mead_part0,loudness,20260921,2,angry,baseline_only,0.0,0.0,869
mead_part0,loudness,20260921,2,happy,baseline_only,0.354557847249999,0.801831568322535,900
mead_part0,loudness,20260921,2,neutral,baseline_only,0.13292381796596903,0.19816843167747092,400
mead_part0,loudness,20260921,2,sad,baseline_only,0.0,0.0,895
mead_part0,loudness,20260921,2,surprise,baseline_only,0.0,0.0,900
mead_part0,loudness,20260921,2,angry,relative_plus_baseline,0.41295853949033773,0.7178772597558597,869
mead_part0,loudness,20260921,2,happy,relative_plus_baseline,0.10610410663486326,0.07903066200494357,900
mead_part0,loudness,20260921,2,neutral,relative_plus_baseline,0.4093575425702977,0.73773881967517,400
mead_part0,loudness,20260921,2,sad,relative_plus_baseline,0.09000818556255413,0.05591595791538511,895
mead_part0,loudness,20260921,2,surprise,relative_plus_baseline,0.051246810014987515,0.02883423519242545,900
mead_part0,loudness,20260921,3,angry,absolute,0.4214520245788197,0.7647606396218799,781
mead_part0,loudness,20260921,3,happy,absolute,0.1498339994182285,0.10863544369538734,798
mead_part0,loudness,20260921,3,neutral,absolute,0.3077878769826313,0.5351430019130863,360
mead_part0,loudness,20260921,3,sad,absolute,0.07348232565949056,0.04210460154475621,804
mead_part0,loudness,20260921,3,surprise,absolute,0.06807602756107474,0.039446651528939405,807
mead_part0,loudness,20260921,3,angry,relative,0.392417084071091,0.5677189461155513,781
mead_part0,loudness,20260921,3,happy,relative,0.1875546302995026,0.14192803120391517,798
mead_part0,loudness,20260921,3,neutral,relative,0.34831753936438437,0.814395657421376,360
mead_part0,loudness,20260921,3,sad,relative,0.045836306976723,0.027266746541717686,804
mead_part0,loudness,20260921,3,surprise,relative,0.0981708372102602,0.06035853442102966,807
mead_part0,loudness,20260921,3,angry,baseline_only,0.32969310273067853,0.6644137944290981,781
mead_part0,loudness,20260921,3,happy,baseline_only,0.27060759645400356,0.33602524089444735,798
mead_part0,loudness,20260921,3,neutral,baseline_only,0.0,0.0,360
mead_part0,loudness,20260921,3,sad,baseline_only,0.0,0.0,804
mead_part0,loudness,20260921,3,surprise,baseline_only,0.0,0.0,807
mead_part0,loudness,20260921,3,angry,relative_plus_baseline,0.4017715793287962,0.6216563397570911,781
mead_part0,loudness,20260921,3,happy,relative_plus_baseline,0.18415783585689444,0.14489668269034858,798
mead_part0,loudness,20260921,3,neutral,relative_plus_baseline,0.35170588711060957,0.6608064808837881,360
mead_part0,loudness,20260921,3,sad,relative_plus_baseline,0.09124352041425843,0.06362960910480032,804
mead_part0,loudness,20260921,3,surprise,relative_plus_baseline,0.10011091964244904,0.05912450552426848,807
mead_part0,loudness,20260921,4,angry,absolute,0.237962586127523,0.1664791043811589,794
mead_part0,loudness,20260921,4,happy,absolute,0.14362092257235956,0.11541480748006376,806
mead_part0,loudness,20260921,4,neutral,absolute,0.22537413569014692,0.9053901170595506,360
mead_part0,loudness,20260921,4,sad,absolute,0.07090239662533826,0.04205256285190047,806
mead_part0,loudness,20260921,4,surprise,absolute,0.0650762299065001,0.035960866668382906,808
mead_part0,loudness,20260921,4,angry,relative,0.3921395960324084,0.43977527750386997,794
mead_part0,loudness,20260921,4,happy,relative,0.21166247667912838,0.19220336839809243,806
mead_part0,loudness,20260921,4,neutral,relative,0.31223295910941884,0.825013327002853,360
mead_part0,loudness,20260921,4,sad,relative,0.1163685379921741,0.07434544555574853,806
mead_part0,loudness,20260921,4,surprise,relative,0.07637675676875665,0.04589060953985618,808
mead_part0,loudness,20260921,4,angry,baseline_only,0.0,0.0,794
mead_part0,loudness,20260921,4,happy,baseline_only,0.3592949828846069,0.8877401714800479,806
mead_part0,loudness,20260921,4,neutral,baseline_only,0.10622716029174051,0.11169968623992942,360
mead_part0,loudness,20260921,4,sad,baseline_only,0.0,0.0,806
mead_part0,loudness,20260921,4,surprise,baseline_only,0.0,0.0,808
mead_part0,loudness,20260921,4,angry,relative_plus_baseline,0.36186096706399545,0.34916501210756323,794
mead_part0,loudness,20260921,4,happy,relative_plus_baseline,0.23055510281870764,0.22064596030846342,806
mead_part0,loudness,20260921,4,neutral,relative_plus_baseline,0.30547472550131033,0.8695265412378522,360
mead_part0,loudness,20260921,4,sad,relative_plus_baseline,0.0835042503023896,0.05319096840521563,806
mead_part0,loudness,20260921,4,surprise,relative_plus_baseline,0.1001392706594859,0.06176214386889094,808
mead_part0,loudness,20260922,0,angry,absolute,0.3868836817577845,0.4313441162644668,871
mead_part0,loudness,20260922,0,happy,absolute,0.14244656958468443,0.11745396424762755,900
mead_part0,loudness,20260922,0,neutral,absolute,0.26510416293922057,0.8202872497551,400
mead_part0,loudness,20260922,0,sad,absolute,0.044109926768827655,0.02464440338815145,894
mead_part0,loudness,20260922,0,surprise,absolute,0.0966997119912408,0.05495674994620264,893
mead_part0,loudness,20260922,0,angry,relative,0.3961539394883165,0.4867841451987663,871
mead_part0,loudness,20260922,0,happy,relative,0.15341790549406248,0.12784719332603886,900
mead_part0,loudness,20260922,0,neutral,relative,0.290123585978427,0.8123624548698389,400
mead_part0,loudness,20260922,0,sad,relative,0.038659604846422925,0.02129933029889801,894
mead_part0,loudness,20260922,0,surprise,relative,0.08759914985857604,0.05150509123610081,893
mead_part0,loudness,20260922,0,angry,baseline_only,0.0,0.0,871
mead_part0,loudness,20260922,0,happy,baseline_only,0.34387705429548493,0.7011877661123315,900
mead_part0,loudness,20260922,0,neutral,baseline_only,0.15060351470716488,0.2988122338876706,400
mead_part0,loudness,20260922,0,sad,baseline_only,0.0,0.0,894
mead_part0,loudness,20260922,0,surprise,baseline_only,0.0,0.0,893
mead_part0,loudness,20260922,0,angry,relative_plus_baseline,0.3987690460788787,0.473024218645112,871
mead_part0,loudness,20260922,0,happy,relative_plus_baseline,0.1512016984704461,0.12778109721649833,900
mead_part0,loudness,20260922,0,neutral,relative_plus_baseline,0.28492899066414595,0.8199192348510733,400
mead_part0,loudness,20260922,0,sad,relative_plus_baseline,0.03974773980794992,0.02127364094572447,894
mead_part0,loudness,20260922,0,surprise,relative_plus_baseline,0.10876903932408961,0.06510982156025025,893
mead_part0,loudness,20260922,1,angry,absolute,0.3961872568744834,0.5855821494187576,882
mead_part0,loudness,20260922,1,happy,absolute,0.11768505954760336,0.08386197274145987,896
mead_part0,loudness,20260922,1,neutral,absolute,0.2523530719601856,0.6334325588533165,400
mead_part0,loudness,20260922,1,sad,absolute,0.04068983572549394,0.023429743223972104,899
mead_part0,loudness,20260922,1,surprise,absolute,0.06122682343698011,0.03476538265488748,895
mead_part0,loudness,20260922,1,angry,relative,0.39883490089621737,0.5744583863337436,882
mead_part0,loudness,20260922,1,happy,relative,0.23787757787722444,0.21171514139183698,896
mead_part0,loudness,20260922,1,neutral,relative,0.41509111047063035,0.7950096251053127,400
mead_part0,loudness,20260922,1,sad,relative,0.12173351608138837,0.08015522421947552,899
mead_part0,loudness,20260922,1,surprise,relative,0.13735799575329785,0.08381602158419117,895
mead_part0,loudness,20260922,1,angry,baseline_only,0.0,0.0,882
mead_part0,loudness,20260922,1,happy,baseline_only,0.32734141234060926,0.5990081222594172,896
mead_part0,loudness,20260922,1,neutral,baseline_only,0.16058085161931052,0.3991907203410163,400
mead_part0,loudness,20260922,1,sad,baseline_only,0.0,0.0,899
mead_part0,loudness,20260922,1,surprise,baseline_only,0.0,0.0,895
mead_part0,loudness,20260922,1,angry,relative_plus_baseline,0.4113538023542395,0.6405739928768168,882
mead_part0,loudness,20260922,1,happy,relative_plus_baseline,0.18617605998046782,0.14852211665317883,896
mead_part0,loudness,20260922,1,neutral,relative_plus_baseline,0.38682921964815614,0.7156120393132195,400
mead_part0,loudness,20260922,1,sad,relative_plus_baseline,0.11441703790723393,0.07349903219146127,899
mead_part0,loudness,20260922,1,surprise,relative_plus_baseline,0.1576473174702297,0.09974656565269616,895
mead_part0,loudness,20260922,2,angry,absolute,0.42382745889749357,0.6992706946882082,862
mead_part0,loudness,20260922,2,happy,absolute,0.23419640556603694,0.19147751997216866,885
mead_part0,loudness,20260922,2,neutral,absolute,0.2519441685928648,0.43911810460181283,400
mead_part0,loudness,20260922,2,sad,absolute,0.09309154938973406,0.05756402444630062,896
mead_part0,loudness,20260922,2,surprise,absolute,0.07621769290045578,0.044933476973033105,865
mead_part0,loudness,20260922,2,angry,relative,0.38132116588761855,0.47806325889586004,862
mead_part0,loudness,20260922,2,happy,relative,0.2288793256129522,0.20567730382193747,885
mead_part0,loudness,20260922,2,neutral,relative,0.33126838161554933,0.7676557908739482,400
mead_part0,loudness,20260922,2,sad,relative,0.12313970635097093,0.08042707194213293,896
mead_part0,loudness,20260922,2,surprise,relative,0.07497061035663766,0.044967483123040955,865
mead_part0,loudness,20260922,2,angry,baseline_only,0.0,0.0,862
mead_part0,loudness,20260922,2,happy,baseline_only,0.21342763757143388,0.2009453930708633,885
mead_part0,loudness,20260922,2,neutral,baseline_only,0.0,0.0,400
mead_part0,loudness,20260922,2,sad,baseline_only,0.13728040793548646,0.09855616154940441,896
mead_part0,loudness,20260922,2,surprise,baseline_only,0.33179929137631364,0.6916037722343835,865
mead_part0,loudness,20260922,2,angry,relative_plus_baseline,0.40197047092480886,0.528767179469003,862
mead_part0,loudness,20260922,2,happy,relative_plus_baseline,0.2448645762620758,0.24222253551924722,885
mead_part0,loudness,20260922,2,neutral,relative_plus_baseline,0.32831926902210357,0.6123638584452598,400
mead_part0,loudness,20260922,2,sad,relative_plus_baseline,0.11315559662743364,0.07658088327742506,896
mead_part0,loudness,20260922,2,surprise,relative_plus_baseline,0.10163044407174328,0.06406720085214336,865
mead_part0,loudness,20260922,3,angry,absolute,0.2894697911926179,0.38706925455561825,793
mead_part0,loudness,20260922,3,happy,absolute,0.1100643877544239,0.07613624255389324,803
mead_part0,loudness,20260922,3,neutral,absolute,0.2956894740506095,0.8335361669427902,356
mead_part0,loudness,20260922,3,sad,absolute,0.04730892582387007,0.0274817193086926,804
mead_part0,loudness,20260922,3,surprise,absolute,0.06506655969188259,0.03843489185663073,807
mead_part0,loudness,20260922,3,angry,relative,0.36929753120891007,0.6099443746374892,793
mead_part0,loudness,20260922,3,happy,relative,0.20758756433212705,0.14720925491237946,803
mead_part0,loudness,20260922,3,neutral,relative,0.4148883328397115,0.763935779196066,356
mead_part0,loudness,20260922,3,sad,relative,0.06765589157608011,0.041022874463850285,804
mead_part0,loudness,20260922,3,surprise,relative,0.11276696205722136,0.07558331547742565,807
mead_part0,loudness,20260922,3,angry,baseline_only,0.22075336319092875,0.22058860533450533,793
mead_part0,loudness,20260922,3,happy,baseline_only,0.3503027034448953,0.7796430166128158,803
mead_part0,loudness,20260922,3,neutral,baseline_only,0.0,0.0,356
mead_part0,loudness,20260922,3,sad,baseline_only,0.0,0.0,804
mead_part0,loudness,20260922,3,surprise,baseline_only,0.0,0.0,807
mead_part0,loudness,20260922,3,angry,relative_plus_baseline,0.34452418040304333,0.5483033906460013,793
mead_part0,loudness,20260922,3,happy,relative_plus_baseline,0.21253753994823382,0.15567688553506,803
mead_part0,loudness,20260922,3,neutral,relative_plus_baseline,0.4046839866769104,0.7636083406461968,356
mead_part0,loudness,20260922,3,sad,relative_plus_baseline,0.05632603419994601,0.034742657085372795,804
mead_part0,loudness,20260922,3,surprise,relative_plus_baseline,0.12071688667785828,0.08155731011764733,807
mead_part0,loudness,20260922,4,angry,absolute,0.3743044921388443,0.5429769635687925,776
mead_part0,loudness,20260922,4,happy,absolute,0.12488563432162379,0.09011233526334558,810
mead_part0,loudness,20260922,4,neutral,absolute,0.24946457258056878,0.6316657078172723,360
mead_part0,loudness,20260922,4,sad,absolute,0.07283182235315035,0.04356452269354784,805
mead_part0,loudness,20260922,4,surprise,absolute,0.06312663982455631,0.035683499739156244,810
mead_part0,loudness,20260922,4,angry,relative,0.41903286621613406,0.5344458141166569,776
mead_part0,loudness,20260922,4,happy,relative,0.16892951324449856,0.14803340429844097,810
mead_part0,loudness,20260922,4,neutral,relative,0.3134268639820155,0.7608215948502165,360
mead_part0,loudness,20260922,4,sad,relative,0.09579965877438977,0.060878412184149765,805
mead_part0,loudness,20260922,4,surprise,relative,0.10303267488783906,0.06055533143143369,810
mead_part0,loudness,20260922,4,angry,baseline_only,0.0,0.0,776
mead_part0,loudness,20260922,4,happy,baseline_only,0.32370811175135367,0.557109548771183,810
mead_part0,loudness,20260922,4,neutral,baseline_only,0.16416459718152768,0.4428904512288155,360
mead_part0,loudness,20260922,4,sad,baseline_only,0.0,0.0,805
mead_part0,loudness,20260922,4,surprise,baseline_only,0.0,0.0,810
mead_part0,loudness,20260922,4,angry,relative_plus_baseline,0.41872198410161665,0.5395181788497666,776
mead_part0,loudness,20260922,4,happy,relative_plus_baseline,0.17921032796966954,0.16052511699665586,810
mead_part0,loudness,20260922,4,neutral,relative_plus_baseline,0.31950323530007446,0.7553938465200553,360
mead_part0,loudness,20260922,4,sad,relative_plus_baseline,0.11492321033076613,0.07453076808442743,805
mead_part0,loudness,20260922,4,surprise,relative_plus_baseline,0.08427506176944288,0.04811178864886284,810
ravdess_speech,loudness,20260920,0,angry,absolute,0.43365531265887153,0.4581095596133191,37
ravdess_speech,loudness,20260920,0,happy,absolute,0.20166170396695807,0.17339775355137105,40
ravdess_speech,loudness,20260920,0,neutral,absolute,0.5719279185659295,1.0,20
ravdess_speech,loudness,20260920,0,sad,absolute,0.1995159864103877,0.17703171456888012,40
ravdess_speech,loudness,20260920,0,surprise,absolute,0.39427472335323366,0.3259002312520649,40
ravdess_speech,loudness,20260920,0,angry,relative,0.43764222566808325,0.48630504833512356,37
ravdess_speech,loudness,20260920,0,happy,relative,0.19330187593509038,0.17339775355137105,40
ravdess_speech,loudness,20260920,0,neutral,relative,0.6363421363815533,1.0,20
ravdess_speech,loudness,20260920,0,sad,relative,0.2020168147740066,0.17414106375949792,40
ravdess_speech,loudness,20260920,0,surprise,relative,0.4135709788346977,0.3526181037330692,40
ravdess_speech,loudness,20260920,0,angry,baseline_only,0.0,0.0,37
ravdess_speech,loudness,20260920,0,happy,baseline_only,0.0,0.0,40
ravdess_speech,loudness,20260920,0,neutral,baseline_only,0.0,0.0,20
ravdess_speech,loudness,20260920,0,sad,baseline_only,0.28394178000477255,0.39312851007598304,40
ravdess_speech,loudness,20260920,0,surprise,baseline_only,0.3322030833220314,0.6068714899240174,40
ravdess_speech,loudness,20260920,0,angry,relative_plus_baseline,0.5164636095620365,0.6507339778016471,37
ravdess_speech,loudness,20260920,0,happy,relative_plus_baseline,0.1582793266930538,0.1502725470763132,40
ravdess_speech,loudness,20260920,0,neutral,relative_plus_baseline,0.5468820776083346,0.5982821275189957,20
ravdess_speech,loudness,20260920,0,sad,relative_plus_baseline,0.2559461840313927,0.19796828543112,40
ravdess_speech,loudness,20260920,0,surprise,relative_plus_baseline,0.4304927125252822,0.42628840436075344,40
ravdess_speech,loudness,20260920,1,angry,absolute,0.5432098765432102,0.5500000000000003,40
ravdess_speech,loudness,20260920,1,happy,absolute,0.25352112676056343,0.2250000000000001,40
ravdess_speech,loudness,20260920,1,neutral,absolute,0.6153846153846154,0.8,20
ravdess_speech,loudness,20260920,1,sad,absolute,0.18461538461538463,0.15000000000000005,40
ravdess_speech,loudness,20260920,1,surprise,absolute,0.37362637362637396,0.4250000000000002,40
ravdess_speech,loudness,20260920,1,angry,relative,0.5250000000000002,0.5250000000000002,40
ravdess_speech,loudness,20260920,1,happy,relative,0.30555555555555564,0.27500000000000013,40
ravdess_speech,loudness,20260920,1,neutral,relative,0.56,0.7000000000000001,20
ravdess_speech,loudness,20260920,1,sad,relative,0.23188405797101452,0.20000000000000007,40
ravdess_speech,loudness,20260920,1,surprise,relative,0.4269662921348318,0.4750000000000002,40
ravdess_speech,loudness,20260920,1,angry,baseline_only,0.28571428571428614,0.4000000000000002,40
ravdess_speech,loudness,20260920,1,happy,baseline_only,0.0,0.0,40
ravdess_speech,loudness,20260920,1,neutral,baseline_only,0.0,0.0,20
ravdess_speech,loudness,20260920,1,sad,baseline_only,0.32432432432432495,0.6000000000000003,40
ravdess_speech,loudness,20260920,1,surprise,baseline_only,0.0,0.0,40
ravdess_speech,loudness,20260920,1,angry,relative_plus_baseline,0.5185185185185187,0.5250000000000002,40
ravdess_speech,loudness,20260920,1,happy,relative_plus_baseline,0.2739726027397261,0.2500000000000001,40
ravdess_speech,loudness,20260920,1,neutral,relative_plus_baseline,0.576923076923077,0.75,20
ravdess_speech,loudness,20260920,1,sad,relative_plus_baseline,0.18181818181818182,0.15000000000000005,40
ravdess_speech,loudness,20260920,1,surprise,relative_plus_baseline,0.3863636363636367,0.4250000000000002,40
ravdess_speech,loudness,20260920,2,angry,absolute,0.47086247086247107,0.5315789473684212,37
ravdess_speech,loudness,20260920,2,happy,absolute,0.23936170212765961,0.23684210526315794,37
ravdess_speech,loudness,20260920,2,neutral,absolute,0.308300395256917,0.375,20
ravdess_speech,loudness,20260920,2,sad,absolute,0.3172804532577904,0.26923076923076933,40
ravdess_speech,loudness,20260920,2,surprise,absolute,0.2930591259640103,0.2740384615384616,40
ravdess_speech,loudness,20260920,2,angry,relative,0.5120772946859905,0.5578947368421053,37
ravdess_speech,loudness,20260920,2,happy,relative,0.19498607242339833,0.1842105263157895,37
ravdess_speech,loudness,20260920,2,neutral,relative,0.2805755395683453,0.375,20
ravdess_speech,loudness,20260920,2,sad,relative,0.1483679525222552,0.12019230769230771,40
ravdess_speech,loudness,20260920,2,surprise,relative,0.266990291262136,0.26442307692307704,40
ravdess_speech,loudness,20260920,2,angry,baseline_only,0.3287671232876718,0.6315789473684212,37
ravdess_speech,loudness,20260920,2,happy,baseline_only,0.0,0.0,37
ravdess_speech,loudness,20260920,2,neutral,baseline_only,0.16901408450704225,0.23076923076923075,20
ravdess_speech,loudness,20260920,2,sad,baseline_only,0.2061855670103093,0.19230769230769237,40
ravdess_speech,loudness,20260920,2,surprise,baseline_only,0.0,0.0,40
ravdess_speech,loudness,20260920,2,angry,relative_plus_baseline,0.5313283208020051,0.5578947368421053,37
ravdess_speech,loudness,20260920,2,happy,relative_plus_baseline,0.1592356687898089,0.13157894736842105,37
ravdess_speech,loudness,20260920,2,neutral,relative_plus_baseline,0.4984025559105432,0.75,20
ravdess_speech,loudness,20260920,2,sad,relative_plus_baseline,0.11661807580174925,0.09615384615384616,40
ravdess_speech,loudness,20260920,2,surprise,relative_plus_baseline,0.2552204176334108,0.26442307692307704,40
ravdess_speech,loudness,20260920,3,angry,absolute,0.5739130434782617,0.8250000000000004,40
ravdess_speech,loudness,20260920,3,happy,absolute,0.1875,0.15000000000000005,40
ravdess_speech,loudness,20260920,3,neutral,absolute,0.3333333333333333,0.35,20
ravdess_speech,loudness,20260920,3,sad,absolute,0.3943661971830987,0.35000000000000014,40
ravdess_speech,loudness,20260920,3,surprise,absolute,0.08823529411764705,0.07500000000000001,40
ravdess_speech,loudness,20260920,3,angry,relative,0.5714285714285721,0.7000000000000003,40
ravdess_speech,loudness,20260920,3,happy,relative,0.13698630136986303,0.12500000000000003,40
ravdess_speech,loudness,20260920,3,neutral,relative,0.3265306122448979,0.39999999999999997,20
ravdess_speech,loudness,20260920,3,sad,relative,0.3589743589743591,0.35000000000000014,40
ravdess_speech,loudness,20260920,3,surprise,relative,0.16129032258064516,0.12500000000000003,40
ravdess_speech,loudness,20260920,3,angry,baseline_only,0.3636363636363644,1.0,40
ravdess_speech,loudness,20260920,3,happy,baseline_only,0.0,0.0,40
ravdess_speech,loudness,20260920,3,neutral,baseline_only,0.0,0.0,20
ravdess_speech,loudness,20260920,3,sad,baseline_only,0.0,0.0,40
ravdess_speech,loudness,20260920,3,surprise,baseline_only,0.0,0.0,40
ravdess_speech,loudness,20260920,3,angry,relative_plus_baseline,0.5849056603773592,0.7750000000000004,40
ravdess_speech,loudness,20260920,3,happy,relative_plus_baseline,0.07142857142857142,0.05,40
ravdess_speech,loudness,20260920,3,neutral,relative_plus_baseline,0.4931506849315073,0.9,20
ravdess_speech,loudness,20260920,3,sad,relative_plus_baseline,0.22535211267605637,0.20000000000000007,40
ravdess_speech,loudness,20260920,3,surprise,relative_plus_baseline,0.2592592592592593,0.17500000000000004,40
ravdess_speech,loudness,20260920,4,angry,absolute,0.6,0.5625,32
ravdess_speech,loudness,20260920,4,happy,absolute,0.23529411764705876,0.18749999999999994,32
ravdess_speech,loudness,20260920,4,neutral,absolute,0.394366197183099,0.875,16
ravdess_speech,loudness,20260920,4,sad,absolute,0.37037037037037035,0.31249999999999994,32
ravdess_speech,loudness,20260920,4,surprise,absolute,0.2692307692307692,0.21875,32
ravdess_speech,loudness,20260920,4,angry,relative,0.5901639344262294,0.5625,32
ravdess_speech,loudness,20260920,4,happy,relative,0.21818181818181812,0.18749999999999994,32
ravdess_speech,loudness,20260920,4,neutral,relative,0.4242424242424246,0.875,16
ravdess_speech,loudness,20260920,4,sad,relative,0.3928571428571429,0.34375,32
ravdess_speech,loudness,20260920,4,surprise,relative,0.19999999999999996,0.15624999999999997,32
ravdess_speech,loudness,20260920,4,angry,baseline_only,0.2352941176470588,0.24999999999999994,32
ravdess_speech,loudness,20260920,4,happy,baseline_only,0.0,0.0,32
ravdess_speech,loudness,20260920,4,neutral,baseline_only,0.0,0.0,16
ravdess_speech,loudness,20260920,4,sad,baseline_only,0.3428571428571435,0.75,32
ravdess_speech,loudness,20260920,4,surprise,baseline_only,0.0,0.0,32
ravdess_speech,loudness,20260920,4,angry,relative_plus_baseline,0.5901639344262294,0.5625,32
ravdess_speech,loudness,20260920,4,happy,relative_plus_baseline,0.21428571428571422,0.18749999999999994,32
ravdess_speech,loudness,20260920,4,neutral,relative_plus_baseline,0.4912280701754388,0.875,16
ravdess_speech,loudness,20260920,4,sad,relative_plus_baseline,0.3666666666666667,0.34375,32
ravdess_speech,loudness,20260920,4,surprise,relative_plus_baseline,0.22222222222222218,0.18749999999999994,32
ravdess_speech,loudness,20260921,0,angry,absolute,0.49356969064998274,0.5453149001536098,36
ravdess_speech,loudness,20260921,0,happy,absolute,0.18960899839314407,0.13228699551569506,37
ravdess_speech,loudness,20260921,0,neutral,absolute,0.4444444444444446,0.8087431693989071,20
ravdess_speech,loudness,20260921,0,sad,absolute,0.2835643564356436,0.24453551912568314,40
ravdess_speech,loudness,20260921,0,surprise,absolute,0.2789651293588301,0.25409836065573776,40
ravdess_speech,loudness,20260921,0,angry,relative,0.441928414901388,0.46466973886328733,36
ravdess_speech,loudness,20260921,0,happy,relative,0.18150830847890922,0.15919282511210764,37
ravdess_speech,loudness,20260921,0,neutral,relative,0.4696548988496629,0.8087431693989071,20
ravdess_speech,loudness,20260921,0,sad,relative,0.2287529785544083,0.1967213114754099,40
ravdess_speech,loudness,20260921,0,surprise,relative,0.34652665589660747,0.293032786885246,40
ravdess_speech,loudness,20260921,0,angry,baseline_only,0.21857923497267762,0.21505376344086025,36
ravdess_speech,loudness,20260921,0,happy,baseline_only,0.0,0.0,37
ravdess_speech,loudness,20260921,0,neutral,baseline_only,0.0,0.0,20
ravdess_speech,loudness,20260921,0,sad,baseline_only,0.0,0.0,40
ravdess_speech,loudness,20260921,0,surprise,baseline_only,0.36408364083640893,0.8087431693989073,40
ravdess_speech,loudness,20260921,0,angry,relative_plus_baseline,0.44176706827309253,0.46466973886328733,36
ravdess_speech,loudness,20260921,0,happy,relative_plus_baseline,0.1749174917491749,0.15844544095665172,37
ravdess_speech,loudness,20260921,0,neutral,relative_plus_baseline,0.48236953455571224,0.7008196721311476,20
ravdess_speech,loudness,20260921,0,sad,relative_plus_baseline,0.18590575010808472,0.14685792349726778,40
ravdess_speech,loudness,20260921,0,surprise,relative_plus_baseline,0.4004004004004006,0.40983606557377067,40
ravdess_speech,loudness,20260921,1,angry,absolute,0.5166666666666674,0.7750000000000004,40
ravdess_speech,loudness,20260921,1,happy,absolute,0.29268292682926844,0.30000000000000016,40
ravdess_speech,loudness,20260921,1,neutral,absolute,0.18749999999999994,0.14999999999999997,20
ravdess_speech,loudness,20260921,1,sad,absolute,0.24561403508771934,0.17500000000000004,40
ravdess_speech,loudness,20260921,1,surprise,absolute,0.11594202898550723,0.1,40
ravdess_speech,loudness,20260921,1,angry,relative,0.5384615384615391,0.7000000000000003,40
ravdess_speech,loudness,20260921,1,happy,relative,0.16666666666666674,0.17500000000000004,40
ravdess_speech,loudness,20260921,1,neutral,relative,0.11764705882352937,0.09999999999999996,20
ravdess_speech,loudness,20260921,1,sad,relative,0.25000000000000006,0.20000000000000007,40
ravdess_speech,loudness,20260921,1,surprise,relative,0.16216216216216217,0.15000000000000005,40
ravdess_speech,loudness,20260921,1,angry,baseline_only,0.34782608695652256,0.8000000000000004,40
ravdess_speech,loudness,20260921,1,happy,baseline_only,0.0,0.0,40
ravdess_speech,loudness,20260921,1,neutral,baseline_only,0.0,0.0,20
ravdess_speech,loudness,20260921,1,sad,baseline_only,0.21052631578947373,0.20000000000000007,40
ravdess_speech,loudness,20260921,1,surprise,baseline_only,0.0,0.0,40
ravdess_speech,loudness,20260921,1,angry,relative_plus_baseline,0.5225225225225233,0.7250000000000003,40
ravdess_speech,loudness,20260921,1,happy,relative_plus_baseline,0.14705882352941177,0.12500000000000003,40
ravdess_speech,loudness,20260921,1,neutral,relative_plus_baseline,0.5423728813559324,0.8,20
ravdess_speech,loudness,20260921,1,sad,relative_plus_baseline,0.12499999999999999,0.1,40
ravdess_speech,loudness,20260921,1,surprise,relative_plus_baseline,0.20689655172413796,0.15000000000000005,40
ravdess_speech,loudness,20260921,2,angry,absolute,0.5714285714285716,0.5500000000000003,40
ravdess_speech,loudness,20260921,2,happy,absolute,0.23880597014925378,0.20000000000000007,40
ravdess_speech,loudness,20260921,2,neutral,absolute,0.42666666666666714,0.8,20
ravdess_speech,loudness,20260921,2,sad,absolute,0.24242424242424246,0.20000000000000007,40
ravdess_speech,loudness,20260921,2,surprise,absolute,0.2933333333333334,0.27500000000000013,40
ravdess_speech,loudness,20260921,2,angry,relative,0.5454545454545456,0.5250000000000002,40
ravdess_speech,loudness,20260921,2,happy,relative,0.2898550724637682,0.2500000000000001,40
ravdess_speech,loudness,20260921,2,neutral,relative,0.4507042253521131,0.8,20
ravdess_speech,loudness,20260921,2,sad,relative,0.33802816901408456,0.30000000000000016,40
ravdess_speech,loudness,20260921,2,surprise,relative,0.3333333333333334,0.30000000000000016,40
ravdess_speech,loudness,20260921,2,angry,baseline_only,0.21052631578947373,0.20000000000000007,40
ravdess_speech,loudness,20260921,2,happy,baseline_only,0.0,0.0,40
ravdess_speech,loudness,20260921,2,neutral,baseline_only,0.0,0.0,20
ravdess_speech,loudness,20260921,2,sad,baseline_only,0.34782608695652256,0.8000000000000004,40
ravdess_speech,loudness,20260921,2,surprise,baseline_only,0.0,0.0,40
ravdess_speech,loudness,20260921,2,angry,relative_plus_baseline,0.5454545454545456,0.5250000000000002,40
ravdess_speech,loudness,20260921,2,happy,relative_plus_baseline,0.26470588235294124,0.2250000000000001,40
ravdess_speech,loudness,20260921,2,neutral,relative_plus_baseline,0.5294117647058827,0.9,20
ravdess_speech,loudness,20260921,2,sad,relative_plus_baseline,0.2933333333333334,0.27500000000000013,40
ravdess_speech,loudness,20260921,2,surprise,relative_plus_baseline,0.3333333333333334,0.30000000000000016,40
ravdess_speech,loudness,20260921,3,angry,absolute,0.5454545454545456,0.5250000000000002,40
ravdess_speech,loudness,20260921,3,happy,absolute,0.16,0.15000000000000005,40
ravdess_speech,loudness,20260921,3,neutral,absolute,0.5925925925925926,0.8,20
ravdess_speech,loudness,20260921,3,sad,absolute,0.41463414634146367,0.4250000000000002,40
ravdess_speech,loudness,20260921,3,surprise,absolute,0.388888888888889,0.35000000000000014,40
ravdess_speech,loudness,20260921,3,angry,relative,0.5526315789473686,0.5250000000000002,40
ravdess_speech,loudness,20260921,3,happy,relative,0.16,0.15000000000000005,40
ravdess_speech,loudness,20260921,3,neutral,relative,0.5614035087719299,0.8,20
ravdess_speech,loudness,20260921,3,sad,relative,0.34567901234567916,0.35000000000000014,40
ravdess_speech,loudness,20260921,3,surprise,relative,0.3661971830985916,0.3250000000000001,40
ravdess_speech,loudness,20260921,3,angry,baseline_only,0.28571428571428614,0.4000000000000002,40
ravdess_speech,loudness,20260921,3,happy,baseline_only,0.0,0.0,40
ravdess_speech,loudness,20260921,3,neutral,baseline_only,0.1875000000000004,0.6,20
ravdess_speech,loudness,20260921,3,sad,baseline_only,0.0,0.0,40
ravdess_speech,loudness,20260921,3,surprise,baseline_only,0.0,0.0,40
ravdess_speech,loudness,20260921,3,angry,relative_plus_baseline,0.5526315789473686,0.5250000000000002,40
ravdess_speech,loudness,20260921,3,happy,relative_plus_baseline,0.18666666666666668,0.17500000000000004,40
ravdess_speech,loudness,20260921,3,neutral,relative_plus_baseline,0.5901639344262297,0.9,20
ravdess_speech,loudness,20260921,3,sad,relative_plus_baseline,0.3333333333333334,0.3250000000000001,40
ravdess_speech,loudness,20260921,3,surprise,relative_plus_baseline,0.3428571428571429,0.30000000000000016,40
ravdess_speech,loudness,20260921,4,angry,absolute,0.47445887445887447,0.5310077519379846,30
ravdess_speech,loudness,20260921,4,happy,absolute,0.23234624145785873,0.18478260869565213,32
ravdess_speech,loudness,20260921,4,neutral,absolute,0.5741399762752075,0.8768115942028986,16
ravdess_speech,loudness,20260921,4,sad,absolute,0.2962962962962963,0.2826086956521739,32
ravdess_speech,loudness,20260921,4,surprise,absolute,0.3598759048603929,0.3152173913043477,32
ravdess_speech,loudness,20260921,4,angry,relative,0.5051903114186852,0.5658914728682171,30
ravdess_speech,loudness,20260921,4,happy,relative,0.22818791946308717,0.18478260869565213,32
ravdess_speech,loudness,20260921,4,neutral,relative,0.6261319534282017,0.8768115942028986,16
ravdess_speech,loudness,20260921,4,sad,relative,0.2946768060836502,0.2807971014492754,32
ravdess_speech,loudness,20260921,4,surprise,relative,0.376101860920666,0.34782608695652173,32
ravdess_speech,loudness,20260921,4,angry,baseline_only,0.24113475177304963,0.2635658914728682,30
ravdess_speech,loudness,20260921,4,happy,baseline_only,0.0,0.0,32
ravdess_speech,loudness,20260921,4,neutral,baseline_only,0.0,0.0,16
ravdess_speech,loudness,20260921,4,sad,baseline_only,0.3484087102177561,0.753623188405797,32
ravdess_speech,loudness,20260921,4,surprise,baseline_only,0.0,0.0,32
ravdess_speech,loudness,20260921,4,angry,relative_plus_baseline,0.5268542199488491,0.5988372093023255,30
ravdess_speech,loudness,20260921,4,happy,relative_plus_baseline,0.24415055951169887,0.21739130434782608,32
ravdess_speech,loudness,20260921,4,neutral,relative_plus_baseline,0.4893314366998577,0.6231884057971014,16
ravdess_speech,loudness,20260921,4,sad,relative_plus_baseline,0.25834230355220666,0.21739130434782608,32
ravdess_speech,loudness,20260921,4,surprise,relative_plus_baseline,0.4097472924187726,0.411231884057971,32
ravdess_speech,loudness,20260922,0,angry,absolute,0.5406490465038478,0.588921282798834,39
ravdess_speech,loudness,20260922,0,happy,absolute,0.32913215700396126,0.32457386363636376,40
ravdess_speech,loudness,20260922,0,neutral,absolute,0.4237472766884532,0.5525568181818182,20
ravdess_speech,loudness,20260922,0,sad,absolute,0.18252260008609558,0.15056818181818185,40
ravdess_speech,loudness,20260922,0,surprise,absolute,0.28934579439252345,0.27485795454545464,40
ravdess_speech,loudness,20260922,0,angry,relative,0.528104575163399,0.588921282798834,39
ravdess_speech,loudness,20260922,0,happy,relative,0.28248998907899536,0.27556818181818193,40
ravdess_speech,loudness,20260922,0,neutral,relative,0.4242093784078517,0.5525568181818182,20
ravdess_speech,loudness,20260922,0,sad,relative,0.12044105173876164,0.10085227272727273,40
ravdess_speech,loudness,20260922,0,surprise,relative,0.32449058054594393,0.2997159090909092,40
ravdess_speech,loudness,20260922,0,angry,baseline_only,0.32608695652173975,0.6122448979591839,39
ravdess_speech,loudness,20260922,0,happy,baseline_only,0.0,0.0,40
ravdess_speech,loudness,20260922,0,neutral,baseline_only,0.0,0.0,20
ravdess_speech,loudness,20260922,0,sad,baseline_only,0.0,0.0,40
ravdess_speech,loudness,20260922,0,surprise,baseline_only,0.28920570264765827,0.4034090909090911,40
ravdess_speech,loudness,20260922,0,angry,relative_plus_baseline,0.5279320483502127,0.588921282798834,39
ravdess_speech,loudness,20260922,0,happy,relative_plus_baseline,0.20032441200324416,0.1754261363636364,40
ravdess_speech,loudness,20260922,0,neutral,relative_plus_baseline,0.6039763567974207,0.7982954545454546,20
ravdess_speech,loudness,20260922,0,sad,relative_plus_baseline,0.25520000000000004,0.22656250000000008,40
ravdess_speech,loudness,20260922,0,surprise,relative_plus_baseline,0.3915929203539824,0.377130681818182,40
ravdess_speech,loudness,20260922,1,angry,absolute,0.5454545454545456,0.5250000000000002,40
ravdess_speech,loudness,20260922,1,happy,absolute,0.18461538461538463,0.15000000000000005,40
ravdess_speech,loudness,20260922,1,neutral,absolute,0.4923076923076926,0.8,20
ravdess_speech,loudness,20260922,1,sad,absolute,0.39506172839506193,0.4000000000000002,40
ravdess_speech,loudness,20260922,1,surprise,absolute,0.3611111111111112,0.3250000000000001,40
ravdess_speech,loudness,20260922,1,angry,relative,0.5384615384615387,0.5250000000000002,40
ravdess_speech,loudness,20260922,1,happy,relative,0.18181818181818182,0.15000000000000005,40
ravdess_speech,loudness,20260922,1,neutral,relative,0.4848484848484852,0.8,20
ravdess_speech,loudness,20260922,1,sad,relative,0.3797468354430381,0.37500000000000017,40
ravdess_speech,loudness,20260922,1,surprise,relative,0.3943661971830987,0.35000000000000014,40
ravdess_speech,loudness,20260922,1,angry,baseline_only,0.21052631578947373,0.20000000000000007,40
ravdess_speech,loudness,20260922,1,happy,baseline_only,0.0,0.0,40
ravdess_speech,loudness,20260922,1,neutral,baseline_only,0.19512195121951267,0.8,20
ravdess_speech,loudness,20260922,1,sad,baseline_only,0.0,0.0,40
ravdess_speech,loudness,20260922,1,surprise,baseline_only,0.0,0.0,40
ravdess_speech,loudness,20260922,1,angry,relative_plus_baseline,0.5454545454545456,0.5250000000000002,40
ravdess_speech,loudness,20260922,1,happy,relative_plus_baseline,0.2285714285714286,0.20000000000000007,40
ravdess_speech,loudness,20260922,1,neutral,relative_plus_baseline,0.5483870967741938,0.8500000000000001,20
ravdess_speech,loudness,20260922,1,sad,relative_plus_baseline,0.38461538461538475,0.37500000000000017,40
ravdess_speech,loudness,20260922,1,surprise,relative_plus_baseline,0.3835616438356166,0.35000000000000014,40
ravdess_speech,loudness,20260922,2,angry,absolute,0.6086956521739136,0.7000000000000003,40
ravdess_speech,loudness,20260922,2,happy,absolute,0.23684210526315794,0.2250000000000001,40
ravdess_speech,loudness,20260922,2,neutral,absolute,0.4363636363636364,0.6,20
ravdess_speech,loudness,20260922,2,sad,absolute,0.30985915492957755,0.27500000000000013,40
ravdess_speech,loudness,20260922,2,surprise,absolute,0.27272727272727276,0.2250000000000001,40
ravdess_speech,loudness,20260922,2,angry,relative,0.6097560975609759,0.6250000000000002,40
ravdess_speech,loudness,20260922,2,happy,relative,0.1686746987951808,0.17500000000000004,40
ravdess_speech,loudness,20260922,2,neutral,relative,0.4067796610169493,0.6,20
ravdess_speech,loudness,20260922,2,sad,relative,0.19178082191780826,0.17500000000000004,40
ravdess_speech,loudness,20260922,2,surprise,relative,0.28571428571428575,0.2250000000000001,40
ravdess_speech,loudness,20260922,2,angry,baseline_only,0.28571428571428614,0.4000000000000002,40
ravdess_speech,loudness,20260922,2,happy,baseline_only,0.0,0.0,40
ravdess_speech,loudness,20260922,2,neutral,baseline_only,0.14285714285714282,0.19999999999999993,20
ravdess_speech,loudness,20260922,2,sad,baseline_only,0.28571428571428614,0.4000000000000002,40
ravdess_speech,loudness,20260922,2,surprise,baseline_only,0.0,0.0,40
ravdess_speech,loudness,20260922,2,angry,relative_plus_baseline,0.6190476190476194,0.6500000000000002,40
ravdess_speech,loudness,20260922,2,happy,relative_plus_baseline,0.18181818181818185,0.17500000000000004,40
ravdess_speech,loudness,20260922,2,neutral,relative_plus_baseline,0.5633802816901413,1.0,20
ravdess_speech,loudness,20260922,2,sad,relative_plus_baseline,0.1904761904761905,0.15000000000000005,40
ravdess_speech,loudness,20260922,2,surprise,relative_plus_baseline,0.49230769230769245,0.4000000000000002,40
ravdess_speech,loudness,20260922,3,angry,absolute,0.40938166311300667,0.505263157894737,37
ravdess_speech,loudness,20260922,3,happy,absolute,0.09493670886075947,0.07894736842105261,37
ravdess_speech,loudness,20260922,3,neutral,absolute,0.5323741007194244,0.7115384615384616,20
ravdess_speech,loudness,20260922,3,sad,absolute,0.21951219512195128,0.17307692307692313,40
ravdess_speech,loudness,20260922,3,surprise,absolute,0.25427872860635703,0.25,40
ravdess_speech,loudness,20260922,3,angry,relative,0.38805970149253755,0.47894736842105273,37
ravdess_speech,loudness,20260922,3,happy,relative,0.0898203592814371,0.07894736842105261,37
ravdess_speech,loudness,20260922,3,neutral,relative,0.5421245421245421,0.7115384615384616,20
ravdess_speech,loudness,20260922,3,sad,relative,0.280373831775701,0.21634615384615397,40
ravdess_speech,loudness,20260922,3,surprise,relative,0.2233250620347395,0.21634615384615388,40
ravdess_speech,loudness,20260922,3,angry,baseline_only,0.21621621621621623,0.21052631578947373,37
ravdess_speech,loudness,20260922,3,happy,baseline_only,0.16216216216216214,0.15789473684210523,37
ravdess_speech,loudness,20260922,3,neutral,baseline_only,0.0,0.0,20
ravdess_speech,loudness,20260922,3,sad,baseline_only,0.0,0.0,40
ravdess_speech,loudness,20260922,3,surprise,baseline_only,0.32085561497326265,0.576923076923077,40
ravdess_speech,loudness,20260922,3,angry,relative_plus_baseline,0.38805970149253755,0.47894736842105273,37
ravdess_speech,loudness,20260922,3,happy,relative_plus_baseline,0.09554140127388532,0.07894736842105261,37
ravdess_speech,loudness,20260922,3,neutral,relative_plus_baseline,0.3969465648854962,0.5,20
ravdess_speech,loudness,20260922,3,sad,relative_plus_baseline,0.0872093023255814,0.07211538461538464,40
ravdess_speech,loudness,20260922,3,surprise,relative_plus_baseline,0.19464720194647206,0.19230769230769232,40
ravdess_speech,loudness,20260922,4,angry,absolute,0.5413005272407733,0.5968992248062015,30
ravdess_speech,loudness,20260922,4,happy,absolute,0.2659217877094972,0.21557971014492755,32
ravdess_speech,loudness,20260922,4,neutral,absolute,0.3968072976054731,0.6304347826086956,16
ravdess_speech,loudness,20260922,4,sad,absolute,0.42030456852791875,0.37499999999999994,32
ravdess_speech,loudness,20260922,4,surprise,absolute,0.3476523476523476,0.3152173913043477,32
ravdess_speech,loudness,20260922,4,angry,relative,0.5900452488687783,0.6317829457364341,30
ravdess_speech,loudness,20260922,4,happy,relative,0.27137970353477764,0.21557971014492755,32
ravdess_speech,loudness,20260922,4,neutral,relative,0.43122676579925645,0.6304347826086956,16
ravdess_speech,loudness,20260922,4,sad,relative,0.4673913043478261,0.4673913043478261,32
ravdess_speech,loudness,20260922,4,surprise,relative,0.4167497507477567,0.378623188405797,32
ravdess_speech,loudness,20260922,4,angry,baseline_only,0.31264367816092,0.5271317829457365,30
ravdess_speech,loudness,20260922,4,happy,baseline_only,0.0,0.0,32
ravdess_speech,loudness,20260922,4,neutral,baseline_only,0.18666666666666695,0.5072463768115941,16
ravdess_speech,loudness,20260922,4,sad,baseline_only,0.0,0.0,32
ravdess_speech,loudness,20260922,4,surprise,baseline_only,0.0,0.0,32
ravdess_speech,loudness,20260922,4,angry,relative_plus_baseline,0.5680147058823529,0.5988372093023255,30
ravdess_speech,loudness,20260922,4,happy,relative_plus_baseline,0.28902953586497887,0.24818840579710139,32
ravdess_speech,loudness,20260922,4,neutral,relative_plus_baseline,0.553142857142857,0.8768115942028986,16
ravdess_speech,loudness,20260922,4,sad,relative_plus_baseline,0.3433734939759036,0.3097826086956521,32
ravdess_speech,loudness,20260922,4,surprise,relative_plus_baseline,0.3902932254802831,0.3496376811594203,32
msp,loudness,20260920,0,angry,absolute,0.2665390919402099,0.5848950014333474,4995
msp,loudness,20260920,0,happy,absolute,0.13564858688790077,0.08881897609575996,7321
msp,loudness,20260920,0,neutral,absolute,0.19867425618847206,0.12499940614513591,11129
msp,loudness,20260920,0,sad,absolute,0.22391530769668233,0.4708767881045894,2528
msp,loudness,20260920,0,surprise,absolute,0.02020078317858112,0.021509430036895708,753
msp,loudness,20260920,0,angry,relative,0.2735432333630514,0.5507312845168499,4995
msp,loudness,20260920,0,happy,relative,0.15177272510380468,0.10495005617493304,7321
msp,loudness,20260920,0,neutral,relative,0.3317541873286278,0.23012075181972322,11129
msp,loudness,20260920,0,sad,relative,0.22518592186362066,0.4521929894682553,2528
msp,loudness,20260920,0,surprise,relative,0.021610961892895835,0.01710618302030641,753
msp,loudness,20260920,0,angry,baseline_only,0.2228053204616224,0.4990549564495189,4995
msp,loudness,20260920,0,happy,baseline_only,0.13006757947693595,0.08196035744538242,7321
msp,loudness,20260920,0,neutral,baseline_only,0.1166936376822326,0.06908220597746989,11129
msp,loudness,20260920,0,sad,baseline_only,0.20697640032548045,0.4673856122744835,2528
msp,loudness,20260920,0,surprise,baseline_only,0.04124376765427732,0.04535180588867762,753
msp,loudness,20260920,0,angry,relative_plus_baseline,0.25995382482901636,0.5443363863055632,4995
msp,loudness,20260920,0,happy,relative_plus_baseline,0.09264326743588006,0.05613440486379629,7321
msp,loudness,20260920,0,neutral,relative_plus_baseline,0.20848111746909953,0.13218148066279092,11129
msp,loudness,20260920,0,sad,relative_plus_baseline,0.23102891719195368,0.47381910266414545,2528
msp,loudness,20260920,0,surprise,relative_plus_baseline,0.048043873703490884,0.09631628607456523,753
msp,loudness,20260920,1,angry,absolute,0.27215639870835434,0.6295874368042631,4716
msp,loudness,20260920,1,happy,absolute,0.13974766999849275,0.0925274426781014,8442
msp,loudness,20260920,1,neutral,absolute,0.2056653924134132,0.13006092340873146,12139
msp,loudness,20260920,1,sad,absolute,0.2440446758823508,0.4732476300332938,3186
msp,loudness,20260920,1,surprise,absolute,0.04011282141081533,0.046519119909574205,972
msp,loudness,20260920,1,angry,relative,0.24978485356909577,0.5215992096903569,4716
msp,loudness,20260920,1,happy,relative,0.13645573876920064,0.09203111551187368,8442
msp,loudness,20260920,1,neutral,relative,0.3177018290966287,0.22042741159905718,12139
msp,loudness,20260920,1,sad,relative,0.2512222876314684,0.4916038354560259,3186
msp,loudness,20260920,1,surprise,relative,0.023404705966894417,0.01946821227874455,972
msp,loudness,20260920,1,angry,baseline_only,0.2177423662836845,0.49493559319181973,4716
msp,loudness,20260920,1,happy,baseline_only,0.12956081018101165,0.08089505362104818,8442
msp,loudness,20260920,1,neutral,baseline_only,0.14070858503341757,0.085043384484826,12139
msp,loudness,20260920,1,sad,baseline_only,0.2180531398782876,0.45285242296638345,3186
msp,loudness,20260920,1,surprise,baseline_only,0.051532993886593756,0.07541724010496831,972
msp,loudness,20260920,1,angry,relative_plus_baseline,0.2729805795076659,0.6164072524272527,4716
msp,loudness,20260920,1,happy,relative_plus_baseline,0.16768253777990677,0.11189589749599432,8442
msp,loudness,20260920,1,neutral,relative_plus_baseline,0.2271659954944712,0.14566806348048622,12139
msp,loudness,20260920,1,sad,relative_plus_baseline,0.25189283263463513,0.4820838962821832,3186
msp,loudness,20260920,1,surprise,relative_plus_baseline,0.04994131756405187,0.06338793769989992,972
msp,loudness,20260920,2,angry,absolute,0.2800108238574582,0.6276737466523152,7299
msp,loudness,20260920,2,happy,absolute,0.13528875239642846,0.08795270514724268,9149
msp,loudness,20260920,2,neutral,absolute,0.18702336612867437,0.11726419151154521,14710
msp,loudness,20260920,2,sad,absolute,0.24504602337479567,0.4796680475913342,3381
msp,loudness,20260920,2,surprise,absolute,0.04241687243705212,0.048376732007502345,1228
msp,loudness,20260920,2,angry,relative,0.2656092932947296,0.5229914391303032,7299
msp,loudness,20260920,2,happy,relative,0.15085182557052937,0.10836124722128897,9149
msp,loudness,20260920,2,neutral,relative,0.27454802321307503,0.18404565354663843,14710
msp,loudness,20260920,2,sad,relative,0.23368886445681142,0.4635546625693832,3381
msp,loudness,20260920,2,surprise,relative,0.017603579513230518,0.01475072811903566,1228
msp,loudness,20260920,2,angry,baseline_only,0.2630655231796518,0.6142566837974806,7299
msp,loudness,20260920,2,happy,baseline_only,0.11536487114213748,0.07170367750209919,9149
msp,loudness,20260920,2,neutral,baseline_only,0.07789600723309717,0.04270900051487025,14710
msp,loudness,20260920,2,sad,baseline_only,0.224721313920505,0.4824133848435473,3381
msp,loudness,20260920,2,surprise,baseline_only,0.042275769787022355,0.06141105014873072,1228
msp,loudness,20260920,2,angry,relative_plus_baseline,0.2806592450045653,0.5935495823934498,7299
msp,loudness,20260920,2,happy,relative_plus_baseline,0.08694842198080022,0.05154063292169643,9149
msp,loudness,20260920,2,neutral,relative_plus_baseline,0.19526286826849193,0.12038932250727753,14710
msp,loudness,20260920,2,sad,relative_plus_baseline,0.24273037178525386,0.4772604856710324,3381
msp,loudness,20260920,2,surprise,relative_plus_baseline,0.05015468122307961,0.10943162843812163,1228
msp,loudness,20260920,3,angry,absolute,0.2742465319521843,0.6595176195656683,2999
msp,loudness,20260920,3,happy,absolute,0.1255985185984247,0.0809290581414577,6968
msp,loudness,20260920,3,neutral,absolute,0.1613360106819015,0.09860602828281387,10140
msp,loudness,20260920,3,sad,absolute,0.2561994014253406,0.4819245506506156,2615
msp,loudness,20260920,3,surprise,absolute,0.030425536278613705,0.03530359717558968,849
msp,loudness,20260920,3,angry,relative,0.25717304247346134,0.5171735271471439,2999
msp,loudness,20260920,3,happy,relative,0.14676435085467135,0.10232994333635471,6968
msp,loudness,20260920,3,neutral,relative,0.32525610569311136,0.22936899122938068,10140
msp,loudness,20260920,3,sad,relative,0.2602501253197908,0.48632119481591873,2615
msp,loudness,20260920,3,surprise,relative,0.02300369368362691,0.017901915232691676,849
msp,loudness,20260920,3,angry,baseline_only,0.2423621362726385,0.6165821674946876,2999
msp,loudness,20260920,3,happy,baseline_only,0.10911989520165286,0.06429255290052067,6968
msp,loudness,20260920,3,neutral,baseline_only,0.1135837282268819,0.06751852621734057,10140
msp,loudness,20260920,3,sad,baseline_only,0.23109718871804308,0.45447263035421714,2615
msp,loudness,20260920,3,surprise,baseline_only,0.02136553418311107,0.022283606809329583,849
msp,loudness,20260920,3,angry,relative_plus_baseline,0.2733843325859225,0.6482481449186844,2999
msp,loudness,20260920,3,happy,relative_plus_baseline,0.11650897185193779,0.07234796621292769,6968
msp,loudness,20260920,3,neutral,relative_plus_baseline,0.18358800689594493,0.11444119907048425,10140
msp,loudness,20260920,3,sad,relative_plus_baseline,0.2629015243131552,0.4853225767927336,2615
msp,loudness,20260920,3,surprise,relative_plus_baseline,0.047557484950039364,0.06779357445089092,849
msp,loudness,20260920,4,angry,absolute,0.2337764510519988,0.5371693021089147,7761
msp,loudness,20260920,4,happy,absolute,0.14106162139468031,0.09184469733005382,8763
msp,loudness,20260920,4,neutral,absolute,0.17821783053716717,0.11251619408641629,12019
msp,loudness,20260920,4,sad,absolute,0.23298938476393688,0.45823408980835445,3201
msp,loudness,20260920,4,surprise,absolute,0.044097546424091215,0.05535662441346439,988
msp,loudness,20260920,4,angry,relative,0.2263077969458204,0.49522528558137324,7761
msp,loudness,20260920,4,happy,relative,0.12717073023016964,0.08480840510197783,8763
msp,loudness,20260920,4,neutral,relative,0.31432882503856596,0.22137883225334637,12019
msp,loudness,20260920,4,sad,relative,0.22670107510788598,0.42160875097206424,3201
msp,loudness,20260920,4,surprise,relative,0.0399379319388488,0.03451707569955549,988
msp,loudness,20260920,4,angry,baseline_only,0.20291217907245448,0.442499307910094,7761
msp,loudness,20260920,4,happy,baseline_only,0.1055325503956151,0.06426644562646963,8763
msp,loudness,20260920,4,neutral,baseline_only,0.1534258674132903,0.09517781606776216,12019
msp,loudness,20260920,4,sad,baseline_only,0.21794765767660693,0.4597602497385521,3201
msp,loudness,20260920,4,surprise,baseline_only,0.05233422057146606,0.08317236569016456,988
msp,loudness,20260920,4,angry,relative_plus_baseline,0.23173675908001204,0.5186927968527896,7761
msp,loudness,20260920,4,happy,relative_plus_baseline,0.22408935872806632,0.15818465469573778,8763
msp,loudness,20260920,4,neutral,relative_plus_baseline,0.18734061753994383,0.11833828162222271,12019
msp,loudness,20260920,4,sad,relative_plus_baseline,0.23895615901454637,0.46357534933838285,3201
msp,loudness,20260920,4,surprise,relative_plus_baseline,0.0460096314785607,0.04906050421594083,988
msp,loudness,20260921,0,angry,absolute,0.2590062591022102,0.586325877266863,4637
msp,loudness,20260921,0,happy,absolute,0.13836220661804824,0.09222620755797913,7087
msp,loudness,20260921,0,neutral,absolute,0.20615018546307376,0.13191335673362165,10509
msp,loudness,20260921,0,sad,absolute,0.2181424189543775,0.407047120913641,2539
msp,loudness,20260921,0,surprise,absolute,0.04260257390430354,0.04879297817178276,775
msp,loudness,20260921,0,angry,relative,0.24701366602088257,0.48825397572833484,4637
msp,loudness,20260921,0,happy,relative,0.13874456328798432,0.09526117817716806,7087
msp,loudness,20260921,0,neutral,relative,0.32169911073962837,0.22602629231002305,10509
msp,loudness,20260921,0,sad,relative,0.21672300957920673,0.4180219188032428,2539
msp,loudness,20260921,0,surprise,relative,0.025206688469575567,0.021383540079217406,775
msp,loudness,20260921,0,angry,baseline_only,0.2409217160053419,0.5562256101649813,4637
msp,loudness,20260921,0,happy,baseline_only,0.11790828908968796,0.0717843771325978,7087
msp,loudness,20260921,0,neutral,baseline_only,0.1631864084218556,0.09984585672550729,10509
msp,loudness,20260921,0,sad,baseline_only,0.2005107980072127,0.39879187771004493,2539
msp,loudness,20260921,0,surprise,baseline_only,0.054963110659277364,0.07778289317108032,775
msp,loudness,20260921,0,angry,relative_plus_baseline,0.2554181946420661,0.5594396691822765,4637
msp,loudness,20260921,0,happy,relative_plus_baseline,0.1137774542337293,0.07121716917049675,7087
msp,loudness,20260921,0,neutral,relative_plus_baseline,0.21953405670850593,0.14094632823819878,10509
msp,loudness,20260921,0,sad,relative_plus_baseline,0.22173878092422086,0.4105138271028474,2539
msp,loudness,20260921,0,surprise,relative_plus_baseline,0.057358704829733674,0.10367820845214937,775
msp,loudness,20260921,1,angry,absolute,0.2766115843824671,0.6430585191228876,6189
msp,loudness,20260921,1,happy,absolute,0.13238357268717335,0.08362668239131178,8308
msp,loudness,20260921,1,neutral,absolute,0.16400421169222443,0.10092145538932194,11653
msp,loudness,20260921,1,sad,absolute,0.24195447982596344,0.4753317167813934,3073
msp,loudness,20260921,1,surprise,absolute,0.03276547985265097,0.03599350264470773,906
msp,loudness,20260921,1,angry,relative,0.2658651714298531,0.5387648790829287,6189
msp,loudness,20260921,1,happy,relative,0.15347881370148678,0.10514709382828694,8308
msp,loudness,20260921,1,neutral,relative,0.3188984283179569,0.22578617122646466,11653
msp,loudness,20260921,1,sad,relative,0.24144487554676367,0.45099558402683093,3073
msp,loudness,20260921,1,surprise,relative,0.03811746497121412,0.030830760545421425,906
msp,loudness,20260921,1,angry,baseline_only,0.24343405390959358,0.561854869170232,6189
msp,loudness,20260921,1,happy,baseline_only,0.11052269327639223,0.06727696255934783,8308
msp,loudness,20260921,1,neutral,baseline_only,0.13012369780666772,0.07937826380570018,11653
msp,loudness,20260921,1,sad,baseline_only,0.23214190815621358,0.47575880784070457,3073
msp,loudness,20260921,1,surprise,baseline_only,0.05029166247644386,0.0557001558569641,906
msp,loudness,20260921,1,angry,relative_plus_baseline,0.273988952994069,0.6160585759882145,6189
msp,loudness,20260921,1,happy,relative_plus_baseline,0.12274917978244729,0.07552949295193315,8308
msp,loudness,20260921,1,neutral,relative_plus_baseline,0.18433598486712707,0.11455218804291276,11653
msp,loudness,20260921,1,sad,relative_plus_baseline,0.24725198830521325,0.4754267901381786,3073
msp,loudness,20260921,1,surprise,relative_plus_baseline,0.07166106249132988,0.11168904723398891,906
msp,loudness,20260921,2,angry,absolute,0.24816140349326796,0.6152810939341132,5521
msp,loudness,20260921,2,happy,absolute,0.13952715480099698,0.09064932079753728,9506
msp,loudness,20260921,2,neutral,absolute,0.18594528075205152,0.11670268245821713,13793
msp,loudness,20260921,2,sad,absolute,0.24174278017057377,0.453961849211082,3314
msp,loudness,20260921,2,surprise,absolute,0.031281196275181444,0.045641867555030115,1095
msp,loudness,20260921,2,angry,relative,0.24671544165072404,0.5513219772194498,5521
msp,loudness,20260921,2,happy,relative,0.14760315800392917,0.10202990966924684,9506
msp,loudness,20260921,2,neutral,relative,0.3014394991779887,0.20548461090504455,13793
msp,loudness,20260921,2,sad,relative,0.24820840375824837,0.47061099097930903,3314
msp,loudness,20260921,2,surprise,relative,0.03130396909556137,0.02872235698777153,1095
msp,loudness,20260921,2,angry,baseline_only,0.226253046970665,0.5804383865208724,5521
msp,loudness,20260921,2,happy,baseline_only,0.10459385391087161,0.06373337550724036,9506
msp,loudness,20260921,2,neutral,baseline_only,0.13355315088389977,0.08014770204055578,13793
msp,loudness,20260921,2,sad,baseline_only,0.20280589416827563,0.4004566002291121,3314
msp,loudness,20260921,2,surprise,baseline_only,0.036678478706215684,0.05740556868833067,1095
msp,loudness,20260921,2,angry,relative_plus_baseline,0.2551347841156605,0.6146635388119228,5521
msp,loudness,20260921,2,happy,relative_plus_baseline,0.11579665999780273,0.07141537929149842,9506
msp,loudness,20260921,2,neutral,relative_plus_baseline,0.20544522919042388,0.13059545019623606,13793
msp,loudness,20260921,2,sad,relative_plus_baseline,0.2449209918951318,0.45706300013111884,3314
msp,loudness,20260921,2,surprise,relative_plus_baseline,0.03991258356249568,0.07731213873722909,1095
msp,loudness,20260921,3,angry,absolute,0.2691116509255561,0.56595035248058,4023
msp,loudness,20260921,3,happy,absolute,0.12930581813977404,0.0848019099593172,7544
msp,loudness,20260921,3,neutral,absolute,0.190306858490684,0.11998291281913677,11095
msp,loudness,20260921,3,sad,absolute,0.23245803765108106,0.490843282648842,2432
msp,loudness,20260921,3,surprise,absolute,0.04569483595957091,0.05386939805923257,997
msp,loudness,20260921,3,angry,relative,0.26086807611035584,0.4945841472231474,4023
msp,loudness,20260921,3,happy,relative,0.14730441763846133,0.10349052991413582,7544
msp,loudness,20260921,3,neutral,relative,0.31856717365484694,0.22224255536967052,11095
msp,loudness,20260921,3,sad,relative,0.23479853132871575,0.4842576227994455,2432
msp,loudness,20260921,3,surprise,relative,0.034670885265407035,0.027659439955467054,997
msp,loudness,20260921,3,angry,baseline_only,0.24862314585427828,0.5281540155877326,4023
msp,loudness,20260921,3,happy,baseline_only,0.1129903521827524,0.06789483527006472,7544
msp,loudness,20260921,3,neutral,baseline_only,0.11917092935746013,0.06948673896863551,11095
msp,loudness,20260921,3,sad,baseline_only,0.20388568809040647,0.4690880567663913,2432
msp,loudness,20260921,3,surprise,baseline_only,0.059043096149051545,0.09167556468754476,997
msp,loudness,20260921,3,angry,relative_plus_baseline,0.2635313911303923,0.5194161814207061,4023
msp,loudness,20260921,3,happy,relative_plus_baseline,0.07545951960114482,0.04475261185509537,7544
msp,loudness,20260921,3,neutral,relative_plus_baseline,0.2043565821315866,0.13000973017399975,11095
msp,loudness,20260921,3,sad,relative_plus_baseline,0.24134119756344233,0.49499542080029846,2432
msp,loudness,20260921,3,surprise,relative_plus_baseline,0.07163746355454521,0.16205357750487062,997
msp,loudness,20260921,4,angry,absolute,0.2673345082351752,0.6128118284235946,7400
msp,loudness,20260921,4,happy,absolute,0.13230068212762292,0.08723732122000226,8198
msp,loudness,20260921,4,neutral,absolute,0.1740104654996305,0.1060313429916635,13087
msp,loudness,20260921,4,sad,absolute,0.2695906779157247,0.5533122858884025,3553
msp,loudness,20260921,4,surprise,absolute,0.03433558764564631,0.0349935773319792,1017
msp,loudness,20260921,4,angry,relative,0.252606081115344,0.5472525784493122,7400
msp,loudness,20260921,4,happy,relative,0.12564984334632762,0.0851593927276223,8198
msp,loudness,20260921,4,neutral,relative,0.30602480403684895,0.20874623286833444,13087
msp,loudness,20260921,4,sad,relative,0.25565223520899105,0.48873686526263815,3553
msp,loudness,20260921,4,surprise,relative,0.036840716605117105,0.028360178812206767,1017
msp,loudness,20260921,4,angry,baseline_only,0.20648755899906857,0.47948152452927967,7400
msp,loudness,20260921,4,happy,baseline_only,0.09636267658956664,0.05888576844388651,8198
msp,loudness,20260921,4,neutral,baseline_only,0.12242343056148888,0.07299487778801855,13087
msp,loudness,20260921,4,sad,baseline_only,0.25244510133689,0.538600130679445,3553
msp,loudness,20260921,4,surprise,baseline_only,0.03870206369221256,0.045031727009952414,1017
msp,loudness,20260921,4,angry,relative_plus_baseline,0.26854763625036926,0.6026846943392924,7400
msp,loudness,20260921,4,happy,relative_plus_baseline,0.18548929085851334,0.12922233897614865,8198
msp,loudness,20260921,4,neutral,relative_plus_baseline,0.18826297430343814,0.11517291135332633,13087
msp,loudness,20260921,4,sad,relative_plus_baseline,0.2699048594122678,0.5462130372263296,3553
msp,loudness,20260921,4,surprise,relative_plus_baseline,0.03253681539859993,0.031298093716202444,1017
msp,loudness,20260922,0,angry,absolute,0.25727671276465325,0.5296119172824704,7784
msp,loudness,20260922,0,happy,absolute,0.13876368628600325,0.08978236925257152,8886
msp,loudness,20260922,0,neutral,absolute,0.19456620662354682,0.123818734432606,12883
msp,loudness,20260922,0,sad,absolute,0.23603477995159017,0.46496721242647165,3323
msp,loudness,20260922,0,surprise,absolute,0.04911044168948723,0.06850357544340777,932
msp,loudness,20260922,0,angry,relative,0.24418956271202996,0.48745201453253423,7784
msp,loudness,20260922,0,happy,relative,0.1376706143108525,0.092663833556722,8886
msp,loudness,20260922,0,neutral,relative,0.3026648586551187,0.20850137664241575,12883
msp,loudness,20260922,0,sad,relative,0.23987901528552746,0.45471377635138827,3323
msp,loudness,20260922,0,surprise,relative,0.024667996746842523,0.023146797388595604,932
msp,loudness,20260922,0,angry,baseline_only,0.22193394864996446,0.4249949566164806,7784
msp,loudness,20260922,0,happy,baseline_only,0.13931055965478617,0.08719641011867822,8886
msp,loudness,20260922,0,neutral,baseline_only,0.1124647928416257,0.06747843356666774,12883
msp,loudness,20260922,0,sad,baseline_only,0.22779746073080823,0.4994020933177556,3323
msp,loudness,20260922,0,surprise,baseline_only,0.05866553742821132,0.10216955188129717,932
msp,loudness,20260922,0,angry,relative_plus_baseline,0.25295199175714383,0.506143824494704,7784
msp,loudness,20260922,0,happy,relative_plus_baseline,0.19366985283071278,0.13392117562062344,8886
msp,loudness,20260922,0,neutral,relative_plus_baseline,0.20458269373034887,0.13068849122263743,12883
msp,loudness,20260922,0,sad,relative_plus_baseline,0.24048724844744734,0.4644561950256884,3323
msp,loudness,20260922,0,surprise,relative_plus_baseline,0.06048297972163195,0.0809523773106275,932
msp,loudness,20260922,1,angry,absolute,0.27936145984560834,0.5952941973409627,4445
msp,loudness,20260922,1,happy,absolute,0.14019692505827858,0.0922478883581536,8722
msp,loudness,20260922,1,neutral,absolute,0.19638630931516313,0.1235203792602885,13361
msp,loudness,20260922,1,sad,absolute,0.24478625031022336,0.5046826720428642,3325
msp,loudness,20260922,1,surprise,absolute,0.03141845217595236,0.034084296517491765,1065
msp,loudness,20260922,1,angry,relative,0.27160754790174335,0.5532409297884333,4445
msp,loudness,20260922,1,happy,relative,0.1294023824281945,0.0902244460022033,8722
msp,loudness,20260922,1,neutral,relative,0.2939777081058956,0.1984897310088955,13361
msp,loudness,20260922,1,sad,relative,0.2403705255125698,0.4695792051904077,3325
msp,loudness,20260922,1,surprise,relative,0.011725165370916314,0.009843160238245078,1065
msp,loudness,20260922,1,angry,baseline_only,0.24112685080947271,0.49615320250221867,4445
msp,loudness,20260922,1,happy,baseline_only,0.151032912773933,0.09602676757538899,8722
msp,loudness,20260922,1,neutral,baseline_only,0.14152011229799796,0.08612829799969193,13361
msp,loudness,20260922,1,sad,baseline_only,0.2255326788935678,0.5021643609150097,3325
msp,loudness,20260922,1,surprise,baseline_only,0.03484573290282312,0.04066021983488144,1065
msp,loudness,20260922,1,angry,relative_plus_baseline,0.28645242691649725,0.5787183868007336,4445
msp,loudness,20260922,1,happy,relative_plus_baseline,0.13403790038099625,0.08687311693599425,8722
msp,loudness,20260922,1,neutral,relative_plus_baseline,0.20743914469786454,0.13033916297590678,13361
msp,loudness,20260922,1,sad,relative_plus_baseline,0.24327601226709067,0.4920897406312575,3325
msp,loudness,20260922,1,surprise,relative_plus_baseline,0.04707373139838669,0.08130915039326317,1065
msp,loudness,20260922,2,angry,absolute,0.27778109231937614,0.6703998353524477,3094
msp,loudness,20260922,2,happy,absolute,0.11768393225815417,0.07479443792071204,7439
msp,loudness,20260922,2,neutral,absolute,0.16242326674656607,0.09896315118971814,10723
msp,loudness,20260922,2,sad,absolute,0.2275954793412323,0.48446453842522236,2376
msp,loudness,20260922,2,surprise,absolute,0.03840405351224336,0.04579605833551732,982
msp,loudness,20260922,2,angry,relative,0.272591191823911,0.5401801689990755,3094
msp,loudness,20260922,2,happy,relative,0.14953012829829618,0.10436665124572625,7439
msp,loudness,20260922,2,neutral,relative,0.3222492084283033,0.2275304852921543,10723
msp,loudness,20260922,2,sad,relative,0.23109873123994137,0.4838258737905776,2376
msp,loudness,20260922,2,surprise,relative,0.028468947494673824,0.023080593976237605,982
msp,loudness,20260922,2,angry,baseline_only,0.24598555787894766,0.6287484612108456,3094
msp,loudness,20260922,2,happy,baseline_only,0.11147917689306064,0.06765852793176852,7439
msp,loudness,20260922,2,neutral,baseline_only,0.11648564777378538,0.0675363206177434,10723
msp,loudness,20260922,2,sad,baseline_only,0.21439559763024457,0.48837654513488216,2376
msp,loudness,20260922,2,surprise,baseline_only,0.014818356942658251,0.012769814965715817,982
msp,loudness,20260922,2,angry,relative_plus_baseline,0.2709314780449036,0.6337598752216798,3094
msp,loudness,20260922,2,happy,relative_plus_baseline,0.06732589862152541,0.03857642166394383,7439
msp,loudness,20260922,2,neutral,relative_plus_baseline,0.18870037573689422,0.11681076451009574,10723
msp,loudness,20260922,2,sad,relative_plus_baseline,0.23288615721294695,0.4807312070086072,2376
msp,loudness,20260922,2,surprise,relative_plus_baseline,0.04721011969647559,0.09873231089200164,982
msp,loudness,20260922,3,angry,absolute,0.23708017996156058,0.6195338121774894,8412
msp,loudness,20260922,3,happy,absolute,0.1294604416502931,0.08440939351455634,8265
msp,loudness,20260922,3,neutral,absolute,0.17093520212723798,0.10633718926658249,10911
msp,loudness,20260922,3,sad,absolute,0.2573267290788458,0.46770020666091905,3088
msp,loudness,20260922,3,surprise,absolute,0.03929695160571131,0.03913775264072351,878
msp,loudness,20260922,3,angry,relative,0.2191187790701871,0.48444535555057733,8412
msp,loudness,20260922,3,happy,relative,0.139582347250975,0.09514873944305104,8265
msp,loudness,20260922,3,neutral,relative,0.32809025820254223,0.23144965295879058,10911
msp,loudness,20260922,3,sad,relative,0.2556672320552917,0.46637727462577433,3088
msp,loudness,20260922,3,surprise,relative,0.04599532541108376,0.035630597747172026,878
msp,loudness,20260922,3,angry,baseline_only,0.22388010769349853,0.6144337634939303,8412
msp,loudness,20260922,3,happy,baseline_only,0.09218594768279686,0.055016942552631294,8265
msp,loudness,20260922,3,neutral,baseline_only,0.14805224112476947,0.09122975242017418,10911
msp,loudness,20260922,3,sad,baseline_only,0.23160305755511684,0.4344925378287672,3088
msp,loudness,20260922,3,surprise,baseline_only,0.02482282493662934,0.022592911530280504,878
msp,loudness,20260922,3,angry,relative_plus_baseline,0.242369787964552,0.6176696408262765,8412
msp,loudness,20260922,3,happy,relative_plus_baseline,0.14497421056358017,0.09300996838273759,8265
msp,loudness,20260922,3,neutral,relative_plus_baseline,0.19425484503429283,0.122359884276169,10911
msp,loudness,20260922,3,sad,relative_plus_baseline,0.2657506728071073,0.4792362434184554,3088
msp,loudness,20260922,3,surprise,relative_plus_baseline,0.059480533905385456,0.072456544238047,878
msp,loudness,20260922,4,angry,absolute,0.2683902900571276,0.6099555665414977,4035
msp,loudness,20260922,4,happy,absolute,0.14461054019113273,0.09662758403346737,7331
msp,loudness,20260922,4,neutral,absolute,0.19339255707840322,0.12148927532114963,12259
msp,loudness,20260922,4,sad,absolute,0.23652492157392438,0.4524703318343521,2799
msp,loudness,20260922,4,surprise,absolute,0.035948778266385865,0.04154710936775987,933
msp,loudness,20260922,4,angry,relative,0.26716116720118216,0.5416083049443002,4035
msp,loudness,20260922,4,happy,relative,0.15577977593455974,0.10895167855295118,7331
msp,loudness,20260922,4,neutral,relative,0.31714953425546927,0.219259623005692,12259
msp,loudness,20260922,4,sad,relative,0.23283249632390893,0.44596748151800686,2799
msp,loudness,20260922,4,surprise,relative,0.04429944265270665,0.03708273257364242,933
msp,loudness,20260922,4,angry,baseline_only,0.22740646758044356,0.5328476763510036,4035
msp,loudness,20260922,4,happy,baseline_only,0.11257809233522391,0.0738668788135372,7331
msp,loudness,20260922,4,neutral,baseline_only,0.1383996643488586,0.08264533879186506,12259
msp,loudness,20260922,4,sad,baseline_only,0.211367685426591,0.4150763129466043,2799
msp,loudness,20260922,4,surprise,baseline_only,0.050377397254978515,0.06334052952439828,933
msp,loudness,20260922,4,angry,relative_plus_baseline,0.262591633291876,0.5789404609653955,4035
msp,loudness,20260922,4,happy,relative_plus_baseline,0.09053995459438284,0.05361996477444054,7331
msp,loudness,20260922,4,neutral,relative_plus_baseline,0.21406607742851944,0.13645924079887836,12259
msp,loudness,20260922,4,sad,relative_plus_baseline,0.24006528784043585,0.45299991644431353,2799
msp,loudness,20260922,4,surprise,relative_plus_baseline,0.0664221766759923,0.13057079848941547,933
meld,loudness,20260920,0,angry,absolute,0.22446294753361104,0.4898362975896353,217
meld,loudness,20260920,0,happy,absolute,0.08536754771953677,0.0631473384455016,282
meld,loudness,20260920,0,neutral,absolute,0.14201267879074306,0.07930208075271286,984
meld,loudness,20260920,0,sad,absolute,0.06639264191911855,0.34549888590412126,114
meld,loudness,20260920,0,surprise,absolute,0.005552235481347931,0.003663306178151972,215
meld,loudness,20260920,0,angry,relative,0.2281033159064479,0.5347828636010049,217
meld,loudness,20260920,0,happy,relative,0.11418318010158664,0.0882596870591097,282
meld,loudness,20260920,0,neutral,relative,0.08507736252159709,0.0462501595548638,984
meld,loudness,20260920,0,sad,relative,0.0794806262725059,0.3604607166524032,114
meld,loudness,20260920,0,surprise,relative,0.12456817250609521,0.09641233542816961,215
meld,loudness,20260920,0,angry,baseline_only,0.0,0.0,217
meld,loudness,20260920,0,happy,baseline_only,0.0,0.0,282
meld,loudness,20260920,0,neutral,baseline_only,0.3932994358650705,0.3444982976112029,984
meld,loudness,20260920,0,sad,baseline_only,0.09082621491258985,0.6526267451118657,114
meld,loudness,20260920,0,surprise,baseline_only,0.0,0.0,215
meld,loudness,20260920,0,angry,relative_plus_baseline,0.23111460286382146,0.4587489011215166,217
meld,loudness,20260920,0,happy,relative_plus_baseline,0.06919837008534112,0.04068781660177144,282
meld,loudness,20260920,0,neutral,relative_plus_baseline,0.21794404472387846,0.13901568685337354,984
meld,loudness,20260920,0,sad,relative_plus_baseline,0.08241091904464225,0.4671231330781513,114
meld,loudness,20260920,0,surprise,relative_plus_baseline,0.0,0.0,215
meld,loudness,20260920,1,angry,absolute,0.13786107432080058,0.5689854127471691,194
meld,loudness,20260920,1,happy,absolute,0.10634647620525983,0.07706971001876195,286
meld,loudness,20260920,1,neutral,absolute,0.022199833942466198,0.01142980301493376,811
meld,loudness,20260920,1,sad,absolute,0.2850143805475705,0.5947603826501882,162
meld,loudness,20260920,1,surprise,absolute,0.09952823252304314,0.07104583112459308,173
meld,loudness,20260920,1,angry,relative,0.09971015625191422,0.38056727873108376,194
meld,loudness,20260920,1,happy,relative,0.14938762032518624,0.11449314708304174,286
meld,loudness,20260920,1,neutral,relative,0.15425346335218743,0.08503944097689319,811
meld,loudness,20260920,1,sad,relative,0.26605015168442264,0.5247480336622941,162
meld,loudness,20260920,1,surprise,relative,0.005908699815249819,0.004863124719169407,173
meld,loudness,20260920,1,angry,baseline_only,0.0,0.0,194
meld,loudness,20260920,1,happy,baseline_only,0.0,0.0,286
meld,loudness,20260920,1,neutral,baseline_only,0.531742290791079,0.4609850543719686,811
meld,loudness,20260920,1,sad,baseline_only,0.23462484271239797,0.6734659876841081,162
meld,loudness,20260920,1,surprise,baseline_only,0.0,0.0,173
meld,loudness,20260920,1,angry,relative_plus_baseline,0.12462742176520529,0.38056727873108376,194
meld,loudness,20260920,1,happy,relative_plus_baseline,0.12202332044819088,0.07196288705050205,286
meld,loudness,20260920,1,neutral,relative_plus_baseline,0.3952138160682602,0.28034100944859913,811
meld,loudness,20260920,1,sad,relative_plus_baseline,0.2601560456850635,0.540321144605495,162
meld,loudness,20260920,1,surprise,relative_plus_baseline,0.0,0.0,173
meld,loudness,20260920,2,angry,absolute,0.15205674326447324,0.6973525440027076,234
meld,loudness,20260920,2,happy,absolute,0.09555168711491882,0.07633646958137918,307
meld,loudness,20260920,2,neutral,absolute,0.06483928295825848,0.03447517398266975,850
meld,loudness,20260920,2,sad,absolute,0.23228597172813847,0.6640588019689846,136
meld,loudness,20260920,2,surprise,absolute,0.11647898383383884,0.078924502717268,240
meld,loudness,20260920,2,angry,relative,0.1472806979047346,0.5846148805469846,234
meld,loudness,20260920,2,happy,relative,0.04601578537555242,0.03418934512214616,307
meld,loudness,20260920,2,neutral,relative,0.09096635932117024,0.049065031261769435,850
meld,loudness,20260920,2,sad,relative,0.17904604627996237,0.5395515139449376,136
meld,loudness,20260920,2,surprise,relative,0.06813785625784538,0.0658944935736795,240
meld,loudness,20260920,2,angry,baseline_only,0.15783953709564613,0.18201465940147643,234
meld,loudness,20260920,2,happy,baseline_only,0.0,0.0,307
meld,loudness,20260920,2,neutral,baseline_only,0.6304980885198256,0.5351544776375762,850
meld,loudness,20260920,2,sad,baseline_only,0.19300403060669544,0.8427605523225662,136
meld,loudness,20260920,2,surprise,baseline_only,0.0,0.0,240
meld,loudness,20260920,2,angry,relative_plus_baseline,0.17059841733380193,0.5846148805469846,234
meld,loudness,20260920,2,happy,relative_plus_baseline,0.006948408597225051,0.004917645531267599,307
meld,loudness,20260920,2,neutral,relative_plus_baseline,0.45844766553791105,0.320177564620907,850
meld,loudness,20260920,2,sad,relative_plus_baseline,0.2765617929681757,0.8233042451879905,136
meld,loudness,20260920,2,surprise,relative_plus_baseline,0.006501733818991737,0.003350449684454723,240
meld,loudness,20260920,3,angry,absolute,0.17130742958618764,0.43474307702352266,436
meld,loudness,20260920,3,happy,absolute,0.07805016655355428,0.05884432601881445,624
meld,loudness,20260920,3,neutral,absolute,0.0632798110271301,0.034680365420568134,1760
meld,loudness,20260920,3,sad,absolute,0.2046210409988763,0.7122711624047762,352
meld,loudness,20260920,3,surprise,absolute,0.012165880445336272,0.006963724387314672,428
meld,loudness,20260920,3,angry,relative,0.27758660612702357,0.7475262271415973,436
meld,loudness,20260920,3,happy,relative,0.09222114783988597,0.06480275395175006,624
meld,loudness,20260920,3,neutral,relative,0.059255526244012056,0.03127205355493891,1760
meld,loudness,20260920,3,sad,relative,0.1784419638129435,0.576157349561989,352
meld,loudness,20260920,3,surprise,relative,0.011801991101217407,0.00893242115156611,428
meld,loudness,20260920,3,angry,baseline_only,0.0,0.0,436
meld,loudness,20260920,3,happy,baseline_only,0.0,0.0,624
meld,loudness,20260920,3,neutral,baseline_only,0.49343732311173105,0.43510457821951204,1760
meld,loudness,20260920,3,sad,baseline_only,0.1895974837749875,0.7678194436965509,352
meld,loudness,20260920,3,surprise,baseline_only,0.0,0.0,428
meld,loudness,20260920,3,angry,relative_plus_baseline,0.23095186804233916,0.5207058292788657,436
meld,loudness,20260920,3,happy,relative_plus_baseline,0.1424959850642802,0.11682861548019627,624
meld,loudness,20260920,3,neutral,relative_plus_baseline,0.2623826573492946,0.17000738119983708,1760
meld,loudness,20260920,3,sad,relative_plus_baseline,0.2405632062212966,0.7482022837851662,352
meld,loudness,20260920,3,surprise,relative_plus_baseline,0.007807451597952986,0.003996022098450586,428
meld,loudness,20260920,4,angry,absolute,0.1068627394248005,0.4773186957189841,243
meld,loudness,20260920,4,happy,absolute,0.06633037138821207,0.04828299779024284,371
meld,loudness,20260920,4,neutral,absolute,0.1360683595342359,0.07545263976495493,1049
meld,loudness,20260920,4,sad,absolute,0.10950067308973897,0.3568472293587994,136
meld,loudness,20260920,4,surprise,absolute,0.09461075479773634,0.06547740150277191,257
meld,loudness,20260920,4,angry,relative,0.13327145877365953,0.6625351417812256,243
meld,loudness,20260920,4,happy,relative,0.04887093924126923,0.03595873821281463,371
meld,loudness,20260920,4,neutral,relative,0.13051969927653523,0.0714899072243465,1049
meld,loudness,20260920,4,sad,relative,0.17978470398755275,0.5266033645385048,136
meld,loudness,20260920,4,surprise,relative,0.0058314464474269615,0.003966959270616366,257
meld,loudness,20260920,4,angry,baseline_only,0.0,0.0,243
meld,loudness,20260920,4,happy,baseline_only,0.0,0.0,371
meld,loudness,20260920,4,neutral,baseline_only,0.5285584817113729,0.48879021242223264,1049
meld,loudness,20260920,4,sad,baseline_only,0.0517325596323561,0.1802722829207046,136
meld,loudness,20260920,4,surprise,baseline_only,0.21455867873654114,0.1768411430223527,257
meld,loudness,20260920,4,angry,relative_plus_baseline,0.05382920207609378,0.1785037247688823,243
meld,loudness,20260920,4,happy,relative_plus_baseline,0.0,0.0,371
meld,loudness,20260920,4,neutral,relative_plus_baseline,0.441497492117945,0.32255378318952505,1049
meld,loudness,20260920,4,sad,relative_plus_baseline,0.07038695517032742,0.2428882988579991,136
meld,loudness,20260920,4,surprise,relative_plus_baseline,0.0,0.0,257
meld,loudness,20260921,0,angry,absolute,0.17682517811335943,0.5484205584677654,409
meld,loudness,20260921,0,happy,absolute,0.10771961585402033,0.06924135613937488,583
meld,loudness,20260921,0,neutral,absolute,0.006367357802678565,0.0032387414409924915,1554
meld,loudness,20260921,0,sad,absolute,0.2522081837476703,0.6200583567739438,363
meld,loudness,20260921,0,surprise,absolute,0.06782100160620076,0.045611384848593436,416
meld,loudness,20260921,0,angry,relative,0.18137778791050543,0.5748857506935873,409
meld,loudness,20260921,0,happy,relative,0.07038366073655611,0.04513509212811063,583
meld,loudness,20260921,0,neutral,relative,0.06210533501612633,0.03256271304471524,1554
meld,loudness,20260921,0,sad,relative,0.21347455410429858,0.4827269485491125,363
meld,loudness,20260921,0,surprise,relative,0.0645808770910245,0.046182584375443266,416
meld,loudness,20260921,0,angry,baseline_only,0.1329132918917046,0.23516747763154885,409
meld,loudness,20260921,0,happy,baseline_only,0.22381680319018338,0.15404914013685989,583
meld,loudness,20260921,0,neutral,baseline_only,0.0,0.0,1554
meld,loudness,20260921,0,sad,baseline_only,0.0,0.0,363
meld,loudness,20260921,0,surprise,baseline_only,0.18096132563513198,0.5814857036850754,416
meld,loudness,20260921,0,angry,relative_plus_baseline,0.17288912858968672,0.48112759804662436,409
meld,loudness,20260921,0,happy,relative_plus_baseline,0.13469965447575427,0.09455949932899764,583
meld,loudness,20260921,0,neutral,relative_plus_baseline,0.2221608891687333,0.1335136085796849,1554
meld,loudness,20260921,0,sad,relative_plus_baseline,0.24799483669380573,0.4260534397603564,363
meld,loudness,20260921,0,surprise,relative_plus_baseline,0.07127022847747154,0.07481626154244407,416
meld,loudness,20260921,1,angry,absolute,0.17545541935739611,0.45943561228860824,222
meld,loudness,20260921,1,happy,absolute,0.17244795393278714,0.14614710541547993,291
meld,loudness,20260921,1,neutral,absolute,0.10077642045271663,0.05572717464226351,820
meld,loudness,20260921,1,sad,absolute,0.1559502281185619,0.4394346727172292,124
meld,loudness,20260921,1,surprise,absolute,0.005869868275403025,0.004283076731399862,226
meld,loudness,20260921,1,angry,relative,0.24168738356786473,0.677056792432256,222
meld,loudness,20260921,1,happy,relative,0.11468374998378955,0.10231831386787764,291
meld,loudness,20260921,1,neutral,relative,0.1428046786476775,0.07808269538491007,820
meld,loudness,20260921,1,sad,relative,0.20082371156627452,0.47847272109110706,124
meld,loudness,20260921,1,surprise,relative,0.09715723969673104,0.09578839513991987,226
meld,loudness,20260921,1,angry,baseline_only,0.0,0.0,222
meld,loudness,20260921,1,happy,baseline_only,0.14593145175639882,0.12333421941495326,291
meld,loudness,20260921,1,neutral,baseline_only,0.4804186322565476,0.3723080321489374,820
meld,loudness,20260921,1,sad,baseline_only,0.18155497729162318,0.6527091382275336,124
meld,loudness,20260921,1,surprise,baseline_only,0.0,0.0,226
meld,loudness,20260921,1,angry,relative_plus_baseline,0.22743435236834406,0.5315556690912847,222
meld,loudness,20260921,1,happy,relative_plus_baseline,0.0948459337966148,0.06396812126372554,291
meld,loudness,20260921,1,neutral,relative_plus_baseline,0.3226359862352496,0.20920154753459771,820
meld,loudness,20260921,1,sad,relative_plus_baseline,0.21095938785865534,0.6020083767806977,124
meld,loudness,20260921,1,surprise,relative_plus_baseline,0.007669807538170933,0.004283076731399862,226
meld,loudness,20260921,2,angry,absolute,0.12713792811416294,0.47216116856962226,22
meld,loudness,20260921,2,happy,absolute,0.08043257185533018,0.051941020840128985,57
meld,loudness,20260921,2,neutral,absolute,0.18595362240399446,0.10488768267067228,146
meld,loudness,20260921,2,sad,absolute,0.16287362636086142,0.5390572192670526,16
meld,loudness,20260921,2,surprise,absolute,0.12936769002676515,0.09799295948335554,28
meld,loudness,20260921,2,angry,relative,0.15505808711192068,0.5868011317030796,22
meld,loudness,20260921,2,happy,relative,0.0792006166363726,0.05682485576425616,57
meld,loudness,20260921,2,neutral,relative,0.08216860072122477,0.04401449541158561,146
meld,loudness,20260921,2,sad,relative,0.1765845942307706,0.5748523231551415,16
meld,loudness,20260921,2,surprise,relative,0.05284674175707648,0.04130281763348043,28
meld,loudness,20260921,2,angry,baseline_only,0.0,0.0,22
meld,loudness,20260921,2,happy,baseline_only,0.0,0.0,57
meld,loudness,20260921,2,neutral,baseline_only,0.4375939782415499,0.37729487643007964,146
meld,loudness,20260921,2,sad,baseline_only,0.01797002414076521,0.06136303523672378,16
meld,loudness,20260921,2,surprise,baseline_only,0.07659188669245143,0.09840169718321358,28
meld,loudness,20260921,2,angry,relative_plus_baseline,0.160072450357428,0.41127181086137565,22
meld,loudness,20260921,2,happy,relative_plus_baseline,0.04071133261071568,0.025395941605461297,57
meld,loudness,20260921,2,neutral,relative_plus_baseline,0.31863612356087245,0.2293605910877478,146
meld,loudness,20260921,2,sad,relative_plus_baseline,0.017567710869653152,0.06136303523672378,16
meld,loudness,20260921,2,surprise,relative_plus_baseline,0.0,0.0,28
meld,loudness,20260921,3,angry,absolute,0.17167620067098882,0.5360580293186448,472
meld,loudness,20260921,3,happy,absolute,0.06910895064331414,0.056190536351065315,674
meld,loudness,20260921,3,neutral,absolute,0.10014243599217205,0.05533444864175166,1948
meld,loudness,20260921,3,sad,absolute,0.17811436976272318,0.5976540204336255,279
meld,loudness,20260921,3,surprise,absolute,0.010063778858620654,0.006212809269463936,427
meld,loudness,20260921,3,angry,relative,0.1947136382437166,0.51101013120937,472
meld,loudness,20260921,3,happy,relative,0.10362786003786062,0.08572280020439182,674
meld,loudness,20260921,3,neutral,relative,0.10369713314389462,0.056892658613898306,1948
meld,loudness,20260921,3,sad,relative,0.16214301177938406,0.6172635466175777,279
meld,loudness,20260921,3,surprise,relative,0.012282734683822398,0.010037784780553479,427
meld,loudness,20260921,3,angry,baseline_only,0.0,0.0,472
meld,loudness,20260921,3,happy,baseline_only,0.0,0.0,674
meld,loudness,20260921,3,neutral,baseline_only,0.6418924674090435,0.6796872265585583,1948
meld,loudness,20260921,3,sad,baseline_only,0.14604895581912222,0.48727071245696046,279
meld,loudness,20260921,3,surprise,baseline_only,0.0,0.0,427
meld,loudness,20260921,3,angry,relative_plus_baseline,0.16813772934137763,0.3893448691231264,472
meld,loudness,20260921,3,happy,relative_plus_baseline,0.009850158645565316,0.005553803974802238,674
meld,loudness,20260921,3,neutral,relative_plus_baseline,0.5476397828360763,0.4539534315035106,1948
meld,loudness,20260921,3,sad,relative_plus_baseline,0.1438623079628772,0.3836377759830538,279
meld,loudness,20260921,3,surprise,relative_plus_baseline,0.0,0.0,427
meld,loudness,20260921,4,angry,absolute,0.13854266784263736,0.6727026151570334,199
meld,loudness,20260921,4,happy,absolute,0.1411146859627934,0.10341517438492126,265
meld,loudness,20260921,4,neutral,absolute,0.07158723066741758,0.03740795355252667,986
meld,loudness,20260921,4,sad,absolute,0.19850394368295315,0.7360399319289955,118
meld,loudness,20260921,4,surprise,absolute,0.0464491271477333,0.03212534758603833,216
meld,loudness,20260921,4,angry,relative,0.1180753450937421,0.5802113871276491,199
meld,loudness,20260921,4,happy,relative,0.12278232581199197,0.10061061969202009,265
meld,loudness,20260921,4,neutral,relative,0.11038043014552382,0.06018715921720724,986
meld,loudness,20260921,4,sad,relative,0.15036358498995625,0.4844207019531584,118
meld,loudness,20260921,4,surprise,relative,0.03622189501179896,0.025498435168302348,216
meld,loudness,20260921,4,angry,baseline_only,0.0,0.0,199
meld,loudness,20260921,4,happy,baseline_only,0.1105578844403005,0.18569534927817682,265
meld,loudness,20260921,4,neutral,baseline_only,0.0,0.0,986
meld,loudness,20260921,4,sad,baseline_only,0.15860990605391018,0.9141111837243006,118
meld,loudness,20260921,4,surprise,baseline_only,0.0,0.0,216
meld,loudness,20260921,4,angry,relative_plus_baseline,0.16046844966936188,0.5675883214656775,199
meld,loudness,20260921,4,happy,relative_plus_baseline,0.057248166414323044,0.059930703602562876,265
meld,loudness,20260921,4,neutral,relative_plus_baseline,0.271407639658385,0.16028007945446143,986
meld,loudness,20260921,4,sad,relative_plus_baseline,0.20844692127629283,0.7703293901190634,118
meld,loudness,20260921,4,surprise,relative_plus_baseline,0.0,0.0,216
meld,loudness,20260922,0,angry,absolute,0.19149832155787297,0.7243255155721626,433
meld,loudness,20260922,0,happy,absolute,0.05069306791874431,0.033962330753744434,574
meld,loudness,20260922,0,neutral,absolute,0.1095084954166777,0.05933180612906413,1754
meld,loudness,20260922,0,sad,absolute,0.20838831037084166,0.5962393172069687,306
meld,loudness,20260922,0,surprise,absolute,0.11629641636390499,0.07358417270899238,386
meld,loudness,20260922,0,angry,relative,0.19839886409572466,0.7186396801784262,433
meld,loudness,20260922,0,happy,relative,0.16935769640911966,0.152898934637747,574
meld,loudness,20260922,0,neutral,relative,0.048595123125429365,0.02514656759613209,1754
meld,loudness,20260922,0,sad,relative,0.2194796943040084,0.5783876126660656,306
meld,loudness,20260922,0,surprise,relative,0.048312990857396286,0.03454592319052427,386
meld,loudness,20260922,0,angry,baseline_only,0.0,0.0,433
meld,loudness,20260922,0,happy,baseline_only,0.0,0.0,574
meld,loudness,20260922,0,neutral,baseline_only,0.47284489128921764,0.4139097529529066,1754
meld,loudness,20260922,0,sad,baseline_only,0.14185954592123678,0.47689741992346624,306
meld,loudness,20260922,0,surprise,baseline_only,0.06447575723292957,0.04995152006137722,386
meld,loudness,20260922,0,angry,relative_plus_baseline,0.15305165745665614,0.47046209602523903,433
meld,loudness,20260922,0,happy,relative_plus_baseline,0.023901675346525243,0.01260511214732269,574
meld,loudness,20260922,0,neutral,relative_plus_baseline,0.29248463567971034,0.2009004550713509,1754
meld,loudness,20260922,0,sad,relative_plus_baseline,0.1508142364797764,0.4455667393729836,306
meld,loudness,20260922,0,surprise,relative_plus_baseline,0.0,0.0,386
meld,loudness,20260922,1,angry,absolute,0.1991625534018135,0.4530807658724921,226
meld,loudness,20260922,1,happy,absolute,0.1365115159641383,0.1041073675632048,326
meld,loudness,20260922,1,neutral,absolute,0.04769111899673727,0.025105115623914275,865
meld,loudness,20260922,1,sad,absolute,0.21116514156611046,0.6766229834376776,219
meld,loudness,20260922,1,surprise,absolute,0.060251822048798254,0.04401748821634534,246
meld,loudness,20260922,1,angry,relative,0.23565200096603559,0.5865760898088366,226
meld,loudness,20260922,1,happy,relative,0.13864054273283713,0.09924779355689958,326
meld,loudness,20260922,1,neutral,relative,0.11189590026360968,0.06111634757099659,865
meld,loudness,20260922,1,sad,relative,0.21495337599001332,0.6197693059396581,219
meld,loudness,20260922,1,surprise,relative,0.06939742288840675,0.04969273443846455,246
meld,loudness,20260922,1,angry,baseline_only,0.0,0.0,226
meld,loudness,20260922,1,happy,baseline_only,0.0,0.0,326
meld,loudness,20260922,1,neutral,baseline_only,0.3339132387271657,0.24268830479568287,865
meld,loudness,20260922,1,sad,baseline_only,0.15374256119874954,0.7755739509883655,219
meld,loudness,20260922,1,surprise,baseline_only,0.0,0.0,246
meld,loudness,20260922,1,angry,relative_plus_baseline,0.217833796824005,0.5051744240646625,226
meld,loudness,20260922,1,happy,relative_plus_baseline,0.028942932262212274,0.01666221542536019,326
meld,loudness,20260922,1,neutral,relative_plus_baseline,0.20323619148045854,0.12425185095960642,865
meld,loudness,20260922,1,sad,relative_plus_baseline,0.1688619884054005,0.5263839844329574,219
meld,loudness,20260922,1,surprise,relative_plus_baseline,0.0,0.0,246
meld,loudness,20260922,2,angry,absolute,0.06300469960163614,0.21828615867312054,17
meld,loudness,20260922,2,happy,absolute,0.07447243478746582,0.05483010759891951,57
meld,loudness,20260922,2,neutral,absolute,0.06826471631444316,0.037197519201579,148
meld,loudness,20260922,2,sad,absolute,0.19800493688666668,0.590268626232375,29
meld,loudness,20260922,2,surprise,absolute,0.06770530429988515,0.045299971316865965,35
meld,loudness,20260922,2,angry,relative,0.11304896823501065,0.5005832584706561,17
meld,loudness,20260922,2,happy,relative,0.03064691942897541,0.023565826276914704,57
meld,loudness,20260922,2,neutral,relative,0.06383881322096198,0.03417397753385708,148
meld,loudness,20260922,2,sad,relative,0.17910376360665722,0.42551031665994926,29
meld,loudness,20260922,2,surprise,relative,0.07940884656612271,0.05789169489758918,35
meld,loudness,20260922,2,angry,baseline_only,0.12543487786465074,0.15928989957227715,17
meld,loudness,20260922,2,happy,baseline_only,0.0,0.0,57
meld,loudness,20260922,2,neutral,baseline_only,0.36300227644960986,0.26728353163849516,148
meld,loudness,20260922,2,sad,baseline_only,0.21866339305335297,0.8332680058523078,29
meld,loudness,20260922,2,surprise,baseline_only,0.0,0.0,35
meld,loudness,20260922,2,angry,relative_plus_baseline,0.07789741631666038,0.2525039889516097,17
meld,loudness,20260922,2,happy,relative_plus_baseline,0.045507318261526104,0.02480613292306811,57
meld,loudness,20260922,2,neutral,relative_plus_baseline,0.31303273982108915,0.19692804283188886,148
meld,loudness,20260922,2,sad,relative_plus_baseline,0.23388087853319692,0.7489079592156936,29
meld,loudness,20260922,2,surprise,relative_plus_baseline,0.0,0.0,35
meld,loudness,20260922,3,angry,absolute,0.15197718435815416,0.5544511790624805,631
meld,loudness,20260922,3,happy,absolute,0.038858367101208505,0.023964090460699156,861
meld,loudness,20260922,3,neutral,absolute,0.07250250228666746,0.03896848079670887,2541
meld,loudness,20260922,3,sad,absolute,0.11827342084987318,0.4406807748784846,334
meld,loudness,20260922,3,surprise,absolute,0.1104010367746232,0.07953592246305266,637
meld,loudness,20260922,3,angry,relative,0.16508234027781418,0.5430481371976117,631
meld,loudness,20260922,3,happy,relative,0.06329425990136431,0.04214964443514016,861
meld,loudness,20260922,3,neutral,relative,0.13369733649969462,0.07404880827197327,2541
meld,loudness,20260922,3,sad,relative,0.15038176408193873,0.5989593726249632,334
meld,loudness,20260922,3,surprise,relative,0.019545964684536964,0.01376844140331159,637
meld,loudness,20260922,3,angry,baseline_only,0.0,0.0,631
meld,loudness,20260922,3,happy,baseline_only,0.30726525674034283,0.6210431130327918,861
meld,loudness,20260922,3,neutral,baseline_only,0.0,0.0,2541
meld,loudness,20260922,3,sad,baseline_only,0.10162230313368276,0.4585643379007361,334
meld,loudness,20260922,3,surprise,baseline_only,0.0,0.0,637
meld,loudness,20260922,3,angry,relative_plus_baseline,0.1537429834308569,0.341017873658824,631
meld,loudness,20260922,3,happy,relative_plus_baseline,0.15460699215153778,0.1653657382059875,861
meld,loudness,20260922,3,neutral,relative_plus_baseline,0.26866115128022316,0.180594605048253,2541
meld,loudness,20260922,3,sad,relative_plus_baseline,0.12341355676970592,0.3738216925615126,334
meld,loudness,20260922,3,surprise,relative_plus_baseline,0.08290931169487173,0.05551745464008671,637
meld,loudness,20260922,4,angry,absolute,0.1572881849620313,0.6365679053076579,17
meld,loudness,20260922,4,happy,absolute,0.07651901246293326,0.060160534011942345,52
meld,loudness,20260922,4,neutral,absolute,0.0491734805385794,0.025698049436181297,146
meld,loudness,20260922,4,sad,absolute,0.13683304394744966,0.39148936170212756,12
meld,loudness,20260922,4,surprise,absolute,0.0,0.0,9
meld,loudness,20260922,4,angry,relative,0.16758607474140655,0.5518202403502962,17
meld,loudness,20260922,4,happy,relative,0.09796815701873891,0.08054716015552413,52
meld,loudness,20260922,4,neutral,relative,0.15619636320497227,0.08649334079024343,146
meld,loudness,20260922,4,sad,relative,0.14396959411668553,0.4510638297872339,12
meld,loudness,20260922,4,surprise,relative,0.0,0.0,9
meld,loudness,20260922,4,angry,baseline_only,0.0,0.0,17
meld,loudness,20260922,4,happy,baseline_only,0.0,0.0,52
meld,loudness,20260922,4,neutral,baseline_only,0.704109666524401,0.7069530955226515,146
meld,loudness,20260922,4,sad,baseline_only,0.1812212738017072,0.5872340425531913,12
meld,loudness,20260922,4,surprise,baseline_only,0.0,0.0,9
meld,loudness,20260922,4,angry,relative_plus_baseline,0.19296006463927964,0.5518202403502962,17
meld,loudness,20260922,4,happy,relative_plus_baseline,0.11505404966265487,0.08054716015552413,52
meld,loudness,20260922,4,neutral,relative_plus_baseline,0.5450526238070186,0.4188168012273265,146
meld,loudness,20260922,4,sad,relative_plus_baseline,0.2071084588234984,0.4730496453900708,12
meld,loudness,20260922,4,surprise,relative_plus_baseline,0.0,0.0,9
esd_english,rate,20260920,0,angry,absolute,0.16131989000916558,0.125714285714286,700
esd_english,rate,20260920,0,happy,absolute,0.03598971722365053,0.020000000000000084,700
esd_english,rate,20260920,0,neutral,absolute,0.383043922369772,0.535714285714292,700
esd_english,rate,20260920,0,sad,absolute,0.3993115318416606,0.6628571428571506,700
esd_english,rate,20260920,0,surprise,absolute,0.05418138987043602,0.032857142857143,700
esd_english,rate,20260920,0,angry,relative,0.14625228519195582,0.11428571428571456,700
esd_english,rate,20260920,0,happy,relative,0.043312101910828196,0.02428571428571439,700
esd_english,rate,20260920,0,neutral,relative,0.3890577507598857,0.5485714285714353,700
esd_english,rate,20260920,0,sad,relative,0.4007029876977238,0.6514285714285795,700
esd_english,rate,20260920,0,surprise,relative,0.08036739380022988,0.05000000000000018,700
esd_english,rate,20260920,0,angry,baseline_only,0.0,0.0,700
esd_english,rate,20260920,0,happy,baseline_only,0.2857142857142916,0.5000000000000054,700
esd_english,rate,20260920,0,neutral,baseline_only,0.0,0.0,700
esd_english,rate,20260920,0,sad,baseline_only,0.0,0.0,700
esd_english,rate,20260920,0,surprise,baseline_only,0.2857142857142916,0.5000000000000054,700
esd_english,rate,20260920,0,angry,relative_plus_baseline,0.15555555555555525,0.12000000000000029,700
esd_english,rate,20260920,0,happy,relative_plus_baseline,0.04909560723514232,0.02714285714285726,700
esd_english,rate,20260920,0,neutral,relative_plus_baseline,0.3861436576668436,0.5414285714285779,700
esd_english,rate,20260920,0,sad,relative_plus_baseline,0.3993115318416606,0.6628571428571506,700
esd_english,rate,20260920,0,surprise,relative_plus_baseline,0.07683352735739257,0.04714285714285732,700
esd_english,rate,20260920,1,angry,absolute,0.13664596273291887,0.11000000000000028,700
esd_english,rate,20260920,1,happy,absolute,0.10558375634517775,0.0742857142857145,700
esd_english,rate,20260920,1,neutral,absolute,0.3469801378192213,0.6114285714285796,700
esd_english,rate,20260920,1,sad,absolute,0.25846153846153974,0.3000000000000005,700
esd_english,rate,20260920,1,surprise,absolute,0.04020100502512579,0.022857142857142954,700
esd_english,rate,20260920,1,angry,relative,0.13684210526315752,0.11142857142857171,700
esd_english,rate,20260920,1,happy,relative,0.12810707456978956,0.09571428571428597,700
esd_english,rate,20260920,1,neutral,relative,0.3348416289592827,0.5285714285714347,700
esd_english,rate,20260920,1,sad,relative,0.28859060402684866,0.36857142857143055,700
esd_english,rate,20260920,1,surprise,relative,0.03676470588235309,0.02142857142857152,700
esd_english,rate,20260920,1,angry,baseline_only,0.0,0.0,700
esd_english,rate,20260920,1,happy,baseline_only,0.0,0.0,700
esd_english,rate,20260920,1,neutral,baseline_only,0.0,0.0,700
esd_english,rate,20260920,1,sad,baseline_only,0.0,0.0,700
esd_english,rate,20260920,1,surprise,baseline_only,0.33333333333331144,1.0,700
esd_english,rate,20260920,1,angry,relative_plus_baseline,0.13648293963254557,0.11142857142857171,700
esd_english,rate,20260920,1,happy,relative_plus_baseline,0.10473313192346431,0.0742857142857145,700
esd_english,rate,20260920,1,neutral,relative_plus_baseline,0.3463131731565945,0.5971428571428651,700
esd_english,rate,20260920,1,sad,relative_plus_baseline,0.26118945432250285,0.3042857142857148,700
esd_english,rate,20260920,1,surprise,relative_plus_baseline,0.05128205128205148,0.030000000000000127,700
esd_english,rate,20260920,2,angry,absolute,0.13186813186813287,0.09428571428571547,700
esd_english,rate,20260920,2,happy,absolute,0.06866952789699635,0.04591104734576819,697
esd_english,rate,20260920,2,neutral,absolute,0.2803951367781131,0.527142857142866,700
esd_english,rate,20260920,2,sad,absolute,0.29704142011834733,0.35857142857143415,700
esd_english,rate,20260920,2,surprise,absolute,0.016371077762619576,0.008608321377331534,697
esd_english,rate,20260920,2,angry,relative,0.11087866108786713,0.07571428571428673,700
esd_english,rate,20260920,2,happy,relative,0.0617420066152156,0.04017216642754716,697
esd_english,rate,20260920,2,neutral,relative,0.2998554913294767,0.5928571428571531,700
esd_english,rate,20260920,2,sad,relative,0.29343155310006613,0.3414285714285767,700
esd_english,rate,20260920,2,surprise,relative,0.01373626373626391,0.007173601147776278,697
esd_english,rate,20260920,2,angry,baseline_only,0.33381020505482645,1.0,700
esd_english,rate,20260920,2,happy,baseline_only,0.0,0.0,697
esd_english,rate,20260920,2,neutral,baseline_only,0.0,0.0,700
esd_english,rate,20260920,2,sad,baseline_only,0.0,0.0,700
esd_english,rate,20260920,2,surprise,baseline_only,0.0,0.0,697
esd_english,rate,20260920,2,angry,relative_plus_baseline,0.12849740932642598,0.0885714285714297,700
esd_english,rate,20260920,2,happy,relative_plus_baseline,0.058252427184466576,0.03873744619799191,697
esd_english,rate,20260920,2,neutral,relative_plus_baseline,0.2846469929025002,0.5442857142857236,700
esd_english,rate,20260920,2,sad,relative_plus_baseline,0.2942227516378839,0.35285714285714836,700
esd_english,rate,20260920,2,surprise,relative_plus_baseline,0.01621621621621642,0.008608321377331534,697
esd_english,rate,20260920,3,angry,absolute,0.15067079463364305,0.10428571428571455,700
esd_english,rate,20260920,3,happy,absolute,0.04859335038363191,0.02714285714285726,700
esd_english,rate,20260920,3,neutral,absolute,0.39771335238873795,0.6957142857142927,700
esd_english,rate,20260920,3,sad,absolute,0.4508068714211438,0.618571428571437,700
esd_english,rate,20260920,3,surprise,absolute,0.07963594994311744,0.05000000000000018,700
esd_english,rate,20260920,3,angry,relative,0.170655567117586,0.11714285714285742,700
esd_english,rate,20260920,3,happy,relative,0.018252933507170867,0.010000000000000042,700
esd_english,rate,20260920,3,neutral,relative,0.38185443668993746,0.5471428571428638,700
esd_english,rate,20260920,3,sad,relative,0.45860927152318604,0.7914285714285763,700
esd_english,rate,20260920,3,surprise,relative,0.044705882352941345,0.02714285714285726,700
esd_english,rate,20260920,3,angry,baseline_only,0.0,0.0,700
esd_english,rate,20260920,3,happy,baseline_only,0.0,0.0,700
esd_english,rate,20260920,3,neutral,baseline_only,0.0,0.0,700
esd_english,rate,20260920,3,sad,baseline_only,0.0,0.0,700
esd_english,rate,20260920,3,surprise,baseline_only,0.33333333333331144,1.0,700
esd_english,rate,20260920,3,angry,relative_plus_baseline,0.1666666666666666,0.12000000000000029,700
esd_english,rate,20260920,3,happy,relative_plus_baseline,0.01612903225806458,0.008571428571428607,700
esd_english,rate,20260920,3,neutral,relative_plus_baseline,0.4090710859136585,0.6700000000000076,700
esd_english,rate,20260920,3,sad,relative_plus_baseline,0.4506480558325112,0.6457142857142938,700
esd_english,rate,20260920,3,surprise,relative_plus_baseline,0.0864067439409907,0.05857142857142877,700
esd_english,rate,20260920,4,angry,absolute,0.10953815330889215,0.0771453068223571,700
esd_english,rate,20260920,4,happy,absolute,0.12973592860942407,0.1456783570816144,700
esd_english,rate,20260920,4,neutral,absolute,0.05821197244110715,0.035717143673702566,700
esd_english,rate,20260920,4,sad,absolute,0.4183006507483586,0.785430533976615,699
esd_english,rate,20260920,4,surprise,absolute,0.13807989189900158,0.09428816396521411,700
esd_english,rate,20260920,4,angry,relative,0.12993266267910217,0.08714734822194063,700
esd_english,rate,20260920,4,happy,relative,0.23893746699907778,0.37560690809619013,700
esd_english,rate,20260920,4,neutral,relative,0.1271605101433948,0.078566120932511,700
esd_english,rate,20260920,4,sad,relative,0.3879539700961727,0.5609035898274611,699
esd_english,rate,20260920,4,surprise,relative,0.12552991175047098,0.08715388070060795,700
esd_english,rate,20260920,4,angry,baseline_only,0.0,0.0,700
esd_english,rate,20260920,4,happy,baseline_only,0.285690950669721,0.4998571020291528,700
esd_english,rate,20260920,4,neutral,baseline_only,0.0,0.0,700
esd_english,rate,20260920,4,sad,baseline_only,0.0,0.0,699
esd_english,rate,20260920,4,surprise,baseline_only,0.2858542959817034,0.5001428979708493,700
esd_english,rate,20260920,4,angry,relative_plus_baseline,0.10241306465006877,0.0728583676968927,700
esd_english,rate,20260920,4,happy,relative_plus_baseline,0.12981848479005073,0.1456783570816144,700
esd_english,rate,20260920,4,neutral,relative_plus_baseline,0.054443792057534954,0.03286081737639314,700
esd_english,rate,20260920,4,sad,relative_plus_baseline,0.41832009910001766,0.7911497260610044,699
esd_english,rate,20260920,4,surprise,relative_plus_baseline,0.13800920490159443,0.09286081737639282,700
esd_english,rate,20260921,0,angry,absolute,0.18164967562557888,0.14000000000000032,700
esd_english,rate,20260921,0,happy,absolute,0.29607508532423793,0.495714285714291,700
esd_english,rate,20260921,0,neutral,absolute,0.011034482758620732,0.005714285714285738,700
esd_english,rate,20260921,0,sad,absolute,0.4039357845675891,0.557142857142864,700
esd_english,rate,20260921,0,surprise,absolute,0.07817589576547256,0.051428571428571615,700
esd_english,rate,20260921,0,angry,relative,0.16730038022813665,0.125714285714286,700
esd_english,rate,20260921,0,happy,relative,0.2764603817235419,0.34142857142857275,700
esd_english,rate,20260921,0,neutral,relative,0.027397260273972716,0.014285714285714346,700
esd_english,rate,20260921,0,sad,relative,0.42442984151527147,0.7842857142857192,700
esd_english,rate,20260921,0,surprise,relative,0.08425720620842599,0.05428571428571447,700
esd_english,rate,20260921,0,angry,baseline_only,0.0,0.0,700
esd_english,rate,20260921,0,happy,baseline_only,0.0,0.0,700
esd_english,rate,20260921,0,neutral,baseline_only,0.0,0.0,700
esd_english,rate,20260921,0,sad,baseline_only,0.0,0.0,700
esd_english,rate,20260921,0,surprise,baseline_only,0.33333333333331144,1.0,700
esd_english,rate,20260921,0,angry,relative_plus_baseline,0.19572953736654752,0.15714285714285753,700
esd_english,rate,20260921,0,happy,relative_plus_baseline,0.2766061794997588,0.4028571428571458,700
esd_english,rate,20260921,0,neutral,relative_plus_baseline,0.058375634517766735,0.032857142857143,700
esd_english,rate,20260921,0,sad,relative_plus_baseline,0.41103992114342874,0.5957142857142936,700
esd_english,rate,20260921,0,surprise,relative_plus_baseline,0.12352941176470585,0.09000000000000025,700
esd_english,rate,20260921,1,angry,absolute,0.15230125523012528,0.1300000000000003,700
esd_english,rate,20260921,1,happy,absolute,0.08633093525179883,0.051428571428571615,700
esd_english,rate,20260921,1,neutral,absolute,0.26197028068244593,0.34000000000000125,700
esd_english,rate,20260921,1,sad,absolute,0.33451957295374346,0.5371428571428635,700
esd_english,rate,20260921,1,surprise,absolute,0.08609271523178834,0.055714285714285904,700
esd_english,rate,20260921,1,angry,relative,0.14748201438848885,0.11714285714285742,700
esd_english,rate,20260921,1,happy,relative,0.06888361045130667,0.0414285714285716,700
esd_english,rate,20260921,1,neutral,relative,0.31199693369107306,0.581428571428579,700
esd_english,rate,20260921,1,sad,relative,0.2603550295857998,0.2828571428571434,700
esd_english,rate,20260921,1,surprise,relative,0.06550218340611377,0.04285714285714303,700
esd_english,rate,20260921,1,angry,baseline_only,0.0,0.0,700
esd_english,rate,20260921,1,happy,baseline_only,0.33333333333331144,1.0,700
esd_english,rate,20260921,1,neutral,baseline_only,0.0,0.0,700
esd_english,rate,20260921,1,sad,baseline_only,0.0,0.0,700
esd_english,rate,20260921,1,surprise,baseline_only,0.0,0.0,700
esd_english,rate,20260921,1,angry,relative_plus_baseline,0.13583556747095588,0.10857142857142885,700
esd_english,rate,20260921,1,happy,relative_plus_baseline,0.11062906724511958,0.07285714285714306,700
esd_english,rate,20260921,1,neutral,relative_plus_baseline,0.2618907809747521,0.31857142857142934,700
esd_english,rate,20260921,1,sad,relative_plus_baseline,0.33824733824734593,0.5900000000000077,700
esd_english,rate,20260921,1,surprise,relative_plus_baseline,0.04914004914004934,0.028571428571428692,700
esd_english,rate,20260921,2,angry,absolute,0.08715422457502424,0.05285265177805882,700
esd_english,rate,20260921,2,happy,absolute,0.017321915555131052,0.00999714204058299,700
esd_english,rate,20260921,2,neutral,absolute,0.3713346515608832,0.5914547013432435,700
esd_english,rate,20260921,2,sad,absolute,0.519500063211865,0.7997293319159392,699
esd_english,rate,20260921,2,surprise,absolute,0.12931969626530251,0.08858449352876295,700
esd_english,rate,20260921,2,angry,relative,0.09626847705715214,0.057142040583023475,700
esd_english,rate,20260921,2,happy,relative,0.027192033580599923,0.015713060874535525,700
esd_english,rate,20260921,2,neutral,relative,0.3573106024763076,0.5257142857142874,700
esd_english,rate,20260921,2,sad,relative,0.4989054508669745,0.8297857551721335,699
esd_english,rate,20260921,2,surprise,relative,0.12540100935987086,0.08715388070060799,700
esd_english,rate,20260921,2,angry,baseline_only,0.0,0.0,700
esd_english,rate,20260921,2,happy,baseline_only,0.285690950669721,0.4998571020291528,700
esd_english,rate,20260921,2,neutral,baseline_only,0.0,0.0,700
esd_english,rate,20260921,2,sad,baseline_only,0.0,0.0,699
esd_english,rate,20260921,2,surprise,baseline_only,0.2858542959817034,0.5001428979708494,700
esd_english,rate,20260921,2,angry,relative_plus_baseline,0.11110809732642712,0.06856979545176144,700
esd_english,rate,20260921,2,happy,relative_plus_baseline,0.021867813836743504,0.012855101457559259,700
esd_english,rate,20260921,2,neutral,relative_plus_baseline,0.37084723371023104,0.5771649042583619,700
esd_english,rate,20260921,2,sad,relative_plus_baseline,0.5180940151341445,0.8083171150543806,699
esd_english,rate,20260921,2,surprise,relative_plus_baseline,0.10726589941410199,0.0728640836157266,700
esd_english,rate,20260921,3,angry,absolute,0.10435598917989147,0.07856284978961624,700
esd_english,rate,20260921,3,happy,absolute,0.03588871609082413,0.02008123410191205,697
esd_english,rate,20260921,3,neutral,absolute,0.3797181842659191,0.5357890436700922,700
esd_english,rate,20260921,3,sad,absolute,0.33720304601206075,0.5798946035377354,700
esd_english,rate,20260921,3,surprise,absolute,0.030901450561874915,0.01715021038441128,700
esd_english,rate,20260921,3,angry,relative,0.1105868498693508,0.08570203031169639,700
esd_english,rate,20260921,3,happy,relative,0.057846840041725585,0.0329900713875444,697
esd_english,rate,20260921,3,neutral,relative,0.3859517352102854,0.5357057069324804,700
esd_english,rate,20260921,3,sad,relative,0.3456780264974832,0.5871122186363912,700
esd_english,rate,20260921,3,surprise,relative,0.03784588023260289,0.021437150210384597,700
esd_english,rate,20260921,3,angry,baseline_only,0.0,0.0,700
esd_english,rate,20260921,3,happy,baseline_only,0.0,0.0,697
esd_english,rate,20260921,3,neutral,baseline_only,0.0,0.0,700
esd_english,rate,20260921,3,sad,baseline_only,0.28564421190321093,0.4995710609093585,700
esd_english,rate,20260921,3,surprise,baseline_only,0.2861347285807698,0.5004289390906551,700
esd_english,rate,20260921,3,angry,relative_plus_baseline,0.10623442592804845,0.08141999264675912,700
esd_english,rate,20260921,3,happy,relative_plus_baseline,0.03135128103334997,0.017204398129154173,697
esd_english,rate,20260921,3,neutral,relative_plus_baseline,0.37908534994928633,0.5343494423791897,700
esd_english,rate,20260921,3,sad,relative_plus_baseline,0.3370753137836321,0.5784746108909768,700
esd_english,rate,20260921,3,surprise,relative_plus_baseline,0.02821575424827423,0.01572041341558084,700
esd_english,rate,20260921,4,angry,absolute,0.15844931882116398,0.11861432248049429,700
esd_english,rate,20260921,4,happy,absolute,0.05444362960124379,0.03430042076882256,700
esd_english,rate,20260921,4,neutral,absolute,0.2649275288907681,0.5213293026676002,700
esd_english,rate,20260921,4,sad,absolute,0.24983498886894448,0.2571453082233771,700
esd_english,rate,20260921,4,surprise,absolute,0.04837568341474826,0.030123081972594005,697
esd_english,rate,20260921,4,angry,relative,0.1203927849457683,0.08573634543894836,700
esd_english,rate,20260921,4,happy,relative,0.05763792548105618,0.037135503901303483,700
esd_english,rate,20260921,4,neutral,relative,0.2870689514655324,0.5971502103844204,700
esd_english,rate,20260921,4,sad,relative,0.2362094420658509,0.2299301442052388,700
esd_english,rate,20260921,4,surprise,relative,0.0584958392124674,0.03440879625830833,697
esd_english,rate,20260921,4,angry,baseline_only,0.33357180330994524,1.0,700
esd_english,rate,20260921,4,happy,baseline_only,0.0,0.0,700
esd_english,rate,20260921,4,neutral,baseline_only,0.0,0.0,700
esd_english,rate,20260921,4,sad,baseline_only,0.0,0.0,700
esd_english,rate,20260921,4,surprise,baseline_only,0.0,0.0,697
esd_english,rate,20260921,4,angry,relative_plus_baseline,0.15091943507537275,0.11146533763634214,700
esd_english,rate,20260921,4,happy,relative_plus_baseline,0.045777290647647115,0.028578781812982807,700
esd_english,rate,20260921,4,neutral,relative_plus_baseline,0.2652011766166689,0.5313525879325214,700
esd_english,rate,20260921,4,sad,relative_plus_baseline,0.24894600301659314,0.2528461129948138,700
esd_english,rate,20260921,4,surprise,relative_plus_baseline,0.06517460765541365,0.04016246820382409,697
esd_english,rate,20260922,0,angry,absolute,0.14925373134328315,0.12142857142857172,700
esd_english,rate,20260922,0,happy,absolute,0.0028288543140028402,0.0014285714285714344,700
esd_english,rate,20260922,0,neutral,absolute,0.09166666666666681,0.06285714285714306,700
esd_english,rate,20260922,0,sad,absolute,0.29347198151357873,0.3628571428571447,700
esd_english,rate,20260922,0,surprise,absolute,0.19732034104750565,0.34714285714285864,700
esd_english,rate,20260922,0,angry,relative,0.15555555555555525,0.12000000000000029,700
esd_english,rate,20260922,0,happy,relative,0.23920265780731062,0.30857142857142916,700
esd_english,rate,20260922,0,neutral,relative,0.15245737211634905,0.10857142857142885,700
esd_english,rate,20260922,0,sad,relative,0.34833333333334127,0.5971428571428651,700
esd_english,rate,20260922,0,surprise,relative,0.005578800557880077,0.002857142857142869,700
esd_english,rate,20260922,0,angry,baseline_only,0.0,0.0,700
esd_english,rate,20260922,0,happy,baseline_only,0.0,0.0,700
esd_english,rate,20260922,0,neutral,baseline_only,0.0,0.0,700
esd_english,rate,20260922,0,sad,baseline_only,0.0,0.0,700
esd_english,rate,20260922,0,surprise,baseline_only,0.33333333333331144,1.0,700
esd_english,rate,20260922,0,angry,relative_plus_baseline,0.15544041450777163,0.12857142857142886,700
esd_english,rate,20260922,0,happy,relative_plus_baseline,0.0,0.0,700
esd_english,rate,20260922,0,neutral,relative_plus_baseline,0.07602956705385447,0.051428571428571615,700
esd_english,rate,20260922,0,sad,relative_plus_baseline,0.3077753779697664,0.4071428571428602,700
esd_english,rate,20260922,0,surprise,relative_plus_baseline,0.18267178830559314,0.3057142857142863,700
esd_english,rate,20260922,1,angry,absolute,0.10435598917989147,0.07856284978961624,700
esd_english,rate,20260922,1,happy,absolute,0.03588871609082413,0.02008123410191205,697
esd_english,rate,20260922,1,neutral,absolute,0.3797181842659191,0.5357890436700922,700
esd_english,rate,20260922,1,sad,absolute,0.33720304601206075,0.5798946035377354,700
esd_english,rate,20260922,1,surprise,absolute,0.030901450561874915,0.01715021038441128,700
esd_english,rate,20260922,1,angry,relative,0.1105868498693508,0.08570203031169639,700
esd_english,rate,20260922,1,happy,relative,0.057846840041725585,0.0329900713875444,697
esd_english,rate,20260922,1,neutral,relative,0.3859517352102854,0.5357057069324804,700
esd_english,rate,20260922,1,sad,relative,0.3456780264974832,0.5871122186363912,700
esd_english,rate,20260922,1,surprise,relative,0.03784588023260289,0.021437150210384597,700
esd_english,rate,20260922,1,angry,baseline_only,0.0,0.0,700
esd_english,rate,20260922,1,happy,baseline_only,0.0,0.0,697
esd_english,rate,20260922,1,neutral,baseline_only,0.0,0.0,700
esd_english,rate,20260922,1,sad,baseline_only,0.28564421190321093,0.4995710609093585,700
esd_english,rate,20260922,1,surprise,baseline_only,0.2861347285807698,0.5004289390906551,700
esd_english,rate,20260922,1,angry,relative_plus_baseline,0.10623442592804845,0.08141999264675912,700
esd_english,rate,20260922,1,happy,relative_plus_baseline,0.03135128103334997,0.017204398129154173,697
esd_english,rate,20260922,1,neutral,relative_plus_baseline,0.37908534994928633,0.5343494423791897,700
esd_english,rate,20260922,1,sad,relative_plus_baseline,0.3370753137836321,0.5784746108909768,700
esd_english,rate,20260922,1,surprise,relative_plus_baseline,0.02821575424827423,0.01572041341558084,700
esd_english,rate,20260922,2,angry,absolute,0.10953815330889215,0.0771453068223571,700
esd_english,rate,20260922,2,happy,absolute,0.12973592860942407,0.1456783570816144,700
esd_english,rate,20260922,2,neutral,absolute,0.05821197244110715,0.035717143673702566,700
esd_english,rate,20260922,2,sad,absolute,0.4183006507483586,0.785430533976615,699
esd_english,rate,20260922,2,surprise,absolute,0.13807989189900158,0.09428816396521411,700
esd_english,rate,20260922,2,angry,relative,0.12993266267910217,0.08714734822194063,700
esd_english,rate,20260922,2,happy,relative,0.23893746699907778,0.37560690809619013,700
esd_english,rate,20260922,2,neutral,relative,0.1271605101433948,0.078566120932511,700
esd_english,rate,20260922,2,sad,relative,0.3879539700961727,0.5609035898274611,699
esd_english,rate,20260922,2,surprise,relative,0.12552991175047098,0.08715388070060795,700
esd_english,rate,20260922,2,angry,baseline_only,0.0,0.0,700
esd_english,rate,20260922,2,happy,baseline_only,0.285690950669721,0.4998571020291528,700
esd_english,rate,20260922,2,neutral,baseline_only,0.0,0.0,700
esd_english,rate,20260922,2,sad,baseline_only,0.0,0.0,699
esd_english,rate,20260922,2,surprise,baseline_only,0.2858542959817034,0.5001428979708493,700
esd_english,rate,20260922,2,angry,relative_plus_baseline,0.10241306465006877,0.0728583676968927,700
esd_english,rate,20260922,2,happy,relative_plus_baseline,0.12981848479005073,0.1456783570816144,700
esd_english,rate,20260922,2,neutral,relative_plus_baseline,0.054443792057534954,0.03286081737639314,700
esd_english,rate,20260922,2,sad,relative_plus_baseline,0.41832009910001766,0.7911497260610044,699
esd_english,rate,20260922,2,surprise,relative_plus_baseline,0.13800920490159443,0.09286081737639282,700
esd_english,rate,20260922,3,angry,absolute,0.16211599448136535,0.11429306752726909,700
esd_english,rate,20260922,3,happy,absolute,0.08324783246916984,0.055717962335063174,700
esd_english,rate,20260922,3,neutral,absolute,0.28499579463522323,0.5341778667429306,700
esd_english,rate,20260922,3,sad,absolute,0.37986098158089693,0.43843784468320346,700
esd_english,rate,20260922,3,surprise,absolute,0.050587834830195993,0.030120620333142143,697
esd_english,rate,20260922,3,angry,relative,0.16030970496675415,0.11141141386494625,700
esd_english,rate,20260922,3,happy,relative,0.06785475153079584,0.04570448139221412,700
esd_english,rate,20260922,3,neutral,relative,0.3055475187792654,0.6057142857142953,700
esd_english,rate,20260922,3,sad,relative,0.37694027183037254,0.4083606356468858,700
esd_english,rate,20260922,3,surprise,relative,0.017805272747382108,0.010039386231230088,697
esd_english,rate,20260922,3,angry,baseline_only,0.33357180330994524,1.0,700
esd_english,rate,20260922,3,happy,baseline_only,0.0,0.0,700
esd_english,rate,20260922,3,neutral,baseline_only,0.0,0.0,700
esd_english,rate,20260922,3,sad,baseline_only,0.0,0.0,700
esd_english,rate,20260922,3,surprise,baseline_only,0.0,0.0,697
esd_english,rate,20260922,3,angry,relative_plus_baseline,0.18017125206655643,0.127148984844153,700
esd_english,rate,20260922,3,happy,relative_plus_baseline,0.07341943835741702,0.048561624249357,700
esd_english,rate,20260922,3,neutral,relative_plus_baseline,0.286836160187138,0.5441987009273338,700
esd_english,rate,20260922,3,sad,relative_plus_baseline,0.3847634238450923,0.4355635442624346,700
esd_english,rate,20260922,3,surprise,relative_plus_baseline,0.05481599736063087,0.03299253302699628,697
esd_english,rate,20260922,4,angry,absolute,0.1372950819672132,0.09571428571428597,700
esd_english,rate,20260922,4,happy,absolute,0.0775193798449615,0.05000000000000018,700
esd_english,rate,20260922,4,neutral,absolute,0.33239209358613037,0.5885714285714363,700
esd_english,rate,20260922,4,sad,absolute,0.43531371460300594,0.5600000000000069,700
esd_english,rate,20260922,4,surprise,absolute,0.038049940546968045,0.022857142857142954,700
esd_english,rate,20260922,4,angry,relative,0.1411530815109344,0.10142857142857169,700
esd_english,rate,20260922,4,happy,relative,0.06787330316742106,0.04285714285714303,700
esd_english,rate,20260922,4,neutral,relative,0.3325102880658511,0.5771428571428645,700
esd_english,rate,20260922,4,sad,relative,0.43572984749456123,0.5714285714285787,700
esd_english,rate,20260922,4,surprise,relative,0.04739336492891014,0.028571428571428692,700
esd_english,rate,20260922,4,angry,baseline_only,0.0,0.0,700
esd_english,rate,20260922,4,happy,baseline_only,0.2857142857142916,0.5000000000000054,700
esd_english,rate,20260922,4,neutral,baseline_only,0.0,0.0,700
esd_english,rate,20260922,4,sad,baseline_only,0.0,0.0,700
esd_english,rate,20260922,4,surprise,baseline_only,0.2857142857142916,0.5000000000000054,700
esd_english,rate,20260922,4,angry,relative_plus_baseline,0.15353535353535358,0.10857142857142885,700
esd_english,rate,20260922,4,happy,relative_plus_baseline,0.07882882882882909,0.05000000000000018,700
esd_english,rate,20260922,4,neutral,relative_plus_baseline,0.33279483037157404,0.5885714285714363,700
esd_english,rate,20260922,4,sad,relative_plus_baseline,0.43386828998340554,0.5600000000000069,700
esd_english,rate,20260922,4,surprise,relative_plus_baseline,0.04529201430274153,0.02714285714285726,700
mead_part0,rate,20260920,0,angry,absolute,0.06485474877856873,0.037225960086962606,850
mead_part0,rate,20260920,0,happy,absolute,0.2727853736779223,0.3409423625976226,886
mead_part0,rate,20260920,0,neutral,absolute,0.03351854284210552,0.01813416016282728,390
mead_part0,rate,20260920,0,sad,absolute,0.37499923817867775,0.6807998460655483,893
mead_part0,rate,20260920,0,surprise,absolute,0.03099765883880674,0.016830018062416272,895
mead_part0,rate,20260920,0,angry,relative,0.05707576442195487,0.03276504167004451,850
mead_part0,rate,20260920,0,happy,relative,0.28858655734609306,0.3723216266018996,886
mead_part0,rate,20260920,0,neutral,relative,0.06700204342295794,0.03829830857267174,390
mead_part0,rate,20260920,0,sad,relative,0.3784778910668105,0.6607965379812695,893
mead_part0,rate,20260920,0,surprise,relative,0.0379919890447833,0.021239219213632234,895
mead_part0,rate,20260920,0,angry,baseline_only,0.27640118569282296,0.3931051385301532,850
mead_part0,rate,20260920,0,happy,baseline_only,0.0,0.0,886
mead_part0,rate,20260920,0,neutral,baseline_only,0.0,0.0,390
mead_part0,rate,20260920,0,sad,baseline_only,0.0,0.0,893
mead_part0,rate,20260920,0,surprise,baseline_only,0.33049533521819047,0.5985672929761924,895
mead_part0,rate,20260920,0,angry,relative_plus_baseline,0.052545713073099486,0.03030975345372338,850
mead_part0,rate,20260920,0,happy,relative_plus_baseline,0.28554478552994494,0.35877106786469487,886
mead_part0,rate,20260920,0,neutral,relative_plus_baseline,0.06203979813000251,0.036529733907702144,390
mead_part0,rate,20260920,0,sad,relative_plus_baseline,0.37474891131079513,0.654375732142788,893
mead_part0,rate,20260920,0,surprise,relative_plus_baseline,0.057312659847768364,0.0333588747666708,895
mead_part0,rate,20260920,1,angry,absolute,0.0522432714673085,0.03031776950808475,859
mead_part0,rate,20260920,1,happy,absolute,0.06855420151071755,0.03994331183383361,879
mead_part0,rate,20260920,1,neutral,absolute,0.18221965656121925,0.5472111721196495,398
mead_part0,rate,20260920,1,sad,absolute,0.33600072223768584,0.45599662964731824,883
mead_part0,rate,20260920,1,surprise,absolute,0.047801881100519396,0.027025735419850032,887
mead_part0,rate,20260920,1,angry,relative,0.06393645653284766,0.03837708385664634,859
mead_part0,rate,20260920,1,happy,relative,0.06967548482877992,0.04208862627668526,879
mead_part0,rate,20260920,1,neutral,relative,0.18660369407375157,0.5501060961725781,398
mead_part0,rate,20260920,1,sad,relative,0.3460787133309128,0.4624900992946382,883
mead_part0,rate,20260920,1,surprise,relative,0.055397593907726465,0.031589750414257566,887
mead_part0,rate,20260920,1,angry,baseline_only,0.3073131960290493,0.5030821604142485,859
mead_part0,rate,20260920,1,happy,baseline_only,0.0,0.0,879
mead_part0,rate,20260920,1,neutral,baseline_only,0.0,0.0,398
mead_part0,rate,20260920,1,sad,baseline_only,0.0,0.0,883
mead_part0,rate,20260920,1,surprise,baseline_only,0.3097954155998556,0.49586049293073753,887
mead_part0,rate,20260920,1,angry,relative_plus_baseline,0.09844187545692024,0.06600809092474681,859
mead_part0,rate,20260920,1,happy,relative_plus_baseline,0.04321306489657591,0.024907732876218,879
mead_part0,rate,20260920,1,neutral,relative_plus_baseline,0.17924407055130775,0.525059561998027,398
mead_part0,rate,20260920,1,sad,relative_plus_baseline,0.33394778006217457,0.41844400574131313,883
mead_part0,rate,20260920,1,surprise,relative_plus_baseline,0.09081126927168053,0.05638968642613926,887
mead_part0,rate,20260920,2,angry,absolute,0.0315734557074335,0.01689220604748825,877
mead_part0,rate,20260920,2,happy,absolute,0.0716179944521833,0.04110082266669904,893
mead_part0,rate,20260920,2,neutral,absolute,0.17189991718652903,0.5095299291132172,398
mead_part0,rate,20260920,2,sad,absolute,0.37383099993565544,0.5442725453956855,894
mead_part0,rate,20260920,2,surprise,absolute,0.0328013631593194,0.01744414713172037,860
mead_part0,rate,20260920,2,angry,relative,0.04740473206051357,0.02640400479377515,877
mead_part0,rate,20260920,2,happy,relative,0.08753871966980899,0.053373526902262776,893
mead_part0,rate,20260920,2,neutral,relative,0.18666948401383934,0.5588060996606672,398
mead_part0,rate,20260920,2,sad,relative,0.39446786948266094,0.5414671333001612,894
mead_part0,rate,20260920,2,surprise,relative,0.0342331391779147,0.01866392010682978,860
mead_part0,rate,20260920,2,angry,baseline_only,0.31324597465850684,0.5066595187918239,877
mead_part0,rate,20260920,2,happy,baseline_only,0.0,0.0,893
mead_part0,rate,20260920,2,neutral,baseline_only,0.0,0.0,398
mead_part0,rate,20260920,2,sad,baseline_only,0.3115158648370706,0.49713262103212796,894
mead_part0,rate,20260920,2,surprise,baseline_only,0.0,0.0,860
mead_part0,rate,20260920,2,angry,relative_plus_baseline,0.1666205050646434,0.12262797174679234,877
mead_part0,rate,20260920,2,happy,relative_plus_baseline,0.07845367680344591,0.0464828307534573,893
mead_part0,rate,20260920,2,neutral,relative_plus_baseline,0.18853562185324357,0.5513728621927626,398
mead_part0,rate,20260920,2,sad,relative_plus_baseline,0.40028635688409936,0.5102166225640867,894
mead_part0,rate,20260920,2,surprise,relative_plus_baseline,0.020133260227854288,0.010356199620669864,860
mead_part0,rate,20260920,3,angry,absolute,0.03951765649626258,0.022018269456457604,771
mead_part0,rate,20260920,3,happy,absolute,0.057503768522285954,0.03337131383825008,810
mead_part0,rate,20260920,3,neutral,absolute,0.17795552544696824,0.4562575576935672,358
mead_part0,rate,20260920,3,sad,absolute,0.36333088187949153,0.5685730174987412,808
mead_part0,rate,20260920,3,surprise,absolute,0.05491698782185925,0.03217559974223688,809
mead_part0,rate,20260920,3,angry,relative,0.057270030288689155,0.03231182084206137,771
mead_part0,rate,20260920,3,happy,relative,0.06996024033621266,0.041977848669304624,810
mead_part0,rate,20260920,3,neutral,relative,0.1720246256472722,0.550276030084002,358
mead_part0,rate,20260920,3,sad,relative,0.3235209690800275,0.41351091628417574,808
mead_part0,rate,20260920,3,surprise,relative,0.03948032421067857,0.02230262055266966,809
mead_part0,rate,20260920,3,angry,baseline_only,0.2980717846117921,0.45460157188865313,771
mead_part0,rate,20260920,3,happy,baseline_only,0.0,0.0,810
mead_part0,rate,20260920,3,neutral,baseline_only,0.0,0.0,358
mead_part0,rate,20260920,3,sad,baseline_only,0.0,0.0,808
mead_part0,rate,20260920,3,surprise,baseline_only,0.3243996469589626,0.5582611543904191,809
mead_part0,rate,20260920,3,angry,relative_plus_baseline,0.0963430933804327,0.056673073411221235,771
mead_part0,rate,20260920,3,happy,relative_plus_baseline,0.05087824050772055,0.02979450160755068,810
mead_part0,rate,20260920,3,neutral,relative_plus_baseline,0.1701664621228363,0.5303844608759629,358
mead_part0,rate,20260920,3,sad,relative_plus_baseline,0.3221857531266242,0.39862993108947214,808
mead_part0,rate,20260920,3,surprise,relative_plus_baseline,0.10002987715671678,0.06337354254359552,809
mead_part0,rate,20260920,4,angry,absolute,0.04681935811001319,0.02689507481992805,781
mead_part0,rate,20260920,4,happy,absolute,0.06873288422570285,0.039600549025737675,809
mead_part0,rate,20260920,4,neutral,absolute,0.19794094179421778,0.6215798564767708,360
mead_part0,rate,20260920,4,sad,absolute,0.3022654541474199,0.39695924877939387,803
mead_part0,rate,20260920,4,surprise,absolute,0.04390318468695792,0.024986762484970653,805
mead_part0,rate,20260920,4,angry,relative,0.08008505206436022,0.048715554703612725,781
mead_part0,rate,20260920,4,happy,relative,0.07060201096439903,0.04202548383199885,809
mead_part0,rate,20260920,4,neutral,relative,0.1946558304849114,0.5055536566242482,360
mead_part0,rate,20260920,4,sad,relative,0.3210252074827876,0.4786447669046864,803
mead_part0,rate,20260920,4,surprise,relative,0.05556443591509006,0.03237767353803486,805
mead_part0,rate,20260920,4,angry,baseline_only,0.3176769056391708,0.5608772100145403,781
mead_part0,rate,20260920,4,happy,baseline_only,0.0,0.0,809
mead_part0,rate,20260920,4,neutral,baseline_only,0.0,0.0,360
mead_part0,rate,20260920,4,sad,baseline_only,0.0,0.0,803
mead_part0,rate,20260920,4,surprise,baseline_only,0.3017076141563842,0.447191170655213,805
mead_part0,rate,20260920,4,angry,relative_plus_baseline,0.11168174674456773,0.0767509780646306,781
mead_part0,rate,20260920,4,happy,relative_plus_baseline,0.15697849152291662,0.10766002552074562,809
mead_part0,rate,20260920,4,neutral,relative_plus_baseline,0.18886223190298737,0.44419661244357,360
mead_part0,rate,20260920,4,sad,relative_plus_baseline,0.3110364056709476,0.43765373967604904,803
mead_part0,rate,20260920,4,surprise,relative_plus_baseline,0.07582400555968336,0.046135746660385245,805
mead_part0,rate,20260921,0,angry,absolute,0.05120832833922978,0.027800691322196466,856
mead_part0,rate,20260921,0,happy,absolute,0.04112190014617327,0.02352326215649789,892
mead_part0,rate,20260921,0,neutral,absolute,0.16186857205266494,0.38906147635660926,398
mead_part0,rate,20260921,0,sad,absolute,0.38004349910831753,0.6398563254665752,897
mead_part0,rate,20260921,0,surprise,absolute,0.03679502894380551,0.019672168742827106,860
mead_part0,rate,20260921,0,angry,relative,0.04917204406464948,0.027086314068398173,856
mead_part0,rate,20260921,0,happy,relative,0.0672402207369897,0.04026424426297349,892
mead_part0,rate,20260921,0,neutral,relative,0.173628732433947,0.5891503852740845,398
mead_part0,rate,20260921,0,sad,relative,0.39528833179968215,0.4752742395517734,897
mead_part0,rate,20260921,0,surprise,relative,0.04294950921032972,0.023321397223046318,860
mead_part0,rate,20260921,0,angry,baseline_only,0.2872475867288415,0.4054083219444053,856
mead_part0,rate,20260921,0,happy,baseline_only,0.0,0.0,892
mead_part0,rate,20260921,0,neutral,baseline_only,0.0,0.0,398
mead_part0,rate,20260921,0,sad,baseline_only,0.3291075232056454,0.5938289356174677,897
mead_part0,rate,20260921,0,surprise,baseline_only,0.0,0.0,860
mead_part0,rate,20260921,0,angry,relative_plus_baseline,0.1150673270380498,0.0722910149714175,856
mead_part0,rate,20260921,0,happy,relative_plus_baseline,0.05714450624416648,0.033405345246364,892
mead_part0,rate,20260921,0,neutral,relative_plus_baseline,0.17198258654252682,0.5762259831246842,398
mead_part0,rate,20260921,0,sad,relative_plus_baseline,0.40086232070527983,0.4761116122558464,897
mead_part0,rate,20260921,0,surprise,relative_plus_baseline,0.01573639388170595,0.00811447516607894,860
mead_part0,rate,20260921,1,angry,absolute,0.059041607082873995,0.03439842915430832,870
mead_part0,rate,20260921,1,happy,absolute,0.01716340962892893,0.008936857272046309,892
mead_part0,rate,20260921,1,neutral,absolute,0.21053313782326252,0.40920591366543796,394
mead_part0,rate,20260921,1,sad,absolute,0.3887288957443101,0.7453581154734409,891
mead_part0,rate,20260921,1,surprise,absolute,0.04072704310471812,0.022510887670152076,891
mead_part0,rate,20260921,1,angry,relative,0.08188726287480175,0.04936698843627273,870
mead_part0,rate,20260921,1,happy,relative,0.017315020100231723,0.008968725458114475,892
mead_part0,rate,20260921,1,neutral,relative,0.22636126802586476,0.5253477803178679,394
mead_part0,rate,20260921,1,sad,relative,0.38038524185598666,0.6539677430694278,891
mead_part0,rate,20260921,1,surprise,relative,0.04926220587461798,0.027936400405395162,891
mead_part0,rate,20260921,1,angry,baseline_only,0.25678647966998264,0.3027267439694794,870
mead_part0,rate,20260921,1,happy,baseline_only,0.0,0.0,892
mead_part0,rate,20260921,1,neutral,baseline_only,0.0,0.0,394
mead_part0,rate,20260921,1,sad,baseline_only,0.0,0.0,891
mead_part0,rate,20260921,1,surprise,baseline_only,0.34420363236239393,0.7045659853798452,891
mead_part0,rate,20260921,1,angry,relative_plus_baseline,0.0644403082035415,0.03662046165956137,870
mead_part0,rate,20260921,1,happy,relative_plus_baseline,0.07579523044961786,0.045719047121889754,892
mead_part0,rate,20260921,1,neutral,relative_plus_baseline,0.21626087840477767,0.43451691244766566,394
mead_part0,rate,20260921,1,sad,relative_plus_baseline,0.38620632211626676,0.6752726161544862,891
mead_part0,rate,20260921,1,surprise,relative_plus_baseline,0.08959356730802885,0.05591430961135942,891
mead_part0,rate,20260921,2,angry,absolute,0.0652249224628112,0.03736741404156376,851
mead_part0,rate,20260921,2,happy,absolute,0.046257527094474594,0.025902735253066685,893
mead_part0,rate,20260921,2,neutral,absolute,0.1889774809744009,0.4941311831171161,393
mead_part0,rate,20260921,2,sad,absolute,0.346104984252673,0.5456049360697813,892
mead_part0,rate,20260921,2,surprise,absolute,0.033918092149456534,0.01903214399069182,895
mead_part0,rate,20260921,2,angry,relative,0.05175442396960781,0.030428667209767765,851
mead_part0,rate,20260921,2,happy,relative,0.05833556796354632,0.03460356435579481,893
mead_part0,rate,20260921,2,neutral,relative,0.19902061514431976,0.5191762490823767,393
mead_part0,rate,20260921,2,sad,relative,0.36098243275008085,0.5493965127321665,892
mead_part0,rate,20260921,2,surprise,relative,0.05647111198098863,0.03222630493226131,895
mead_part0,rate,20260921,2,angry,baseline_only,0.3018580913296472,0.4994308238617759,851
mead_part0,rate,20260921,2,happy,baseline_only,0.0,0.0,893
mead_part0,rate,20260921,2,neutral,baseline_only,0.0,0.0,393
mead_part0,rate,20260921,2,sad,baseline_only,0.0,0.0,892
mead_part0,rate,20260921,2,surprise,baseline_only,0.31305676500534385,0.4994529024004919,895
mead_part0,rate,20260921,2,angry,relative_plus_baseline,0.09006834942056317,0.06039906072849964,851
mead_part0,rate,20260921,2,happy,relative_plus_baseline,0.07480484889058818,0.04668230836301588,893
mead_part0,rate,20260921,2,neutral,relative_plus_baseline,0.18917505355972278,0.4586995963421701,393
mead_part0,rate,20260921,2,sad,relative_plus_baseline,0.3502475148753946,0.5049944233169661,892
mead_part0,rate,20260921,2,surprise,relative_plus_baseline,0.09449631877901846,0.05877817202310988,895
mead_part0,rate,20260921,3,angry,absolute,0.04275063259891747,0.02458936163428296,774
mead_part0,rate,20260921,3,happy,absolute,0.08516164126346829,0.050414184919049525,796
mead_part0,rate,20260921,3,neutral,absolute,0.18955114234638729,0.6883939341913634,360
mead_part0,rate,20260921,3,sad,absolute,0.29871194185395966,0.32485495698699296,802
mead_part0,rate,20260921,3,surprise,absolute,0.03870963783022252,0.021210214134834707,806
mead_part0,rate,20260921,3,angry,relative,0.05721180002894174,0.03357487991213541,774
mead_part0,rate,20260921,3,happy,relative,0.08823828431653355,0.054130470004665504,796
mead_part0,rate,20260921,3,neutral,relative,0.18193734845475165,0.5220276676942965,360
mead_part0,rate,20260921,3,sad,relative,0.32755687080258383,0.4599918636083787,802
mead_part0,rate,20260921,3,surprise,relative,0.03440486272991265,0.01861042816216394,806
mead_part0,rate,20260921,3,angry,baseline_only,0.33248693213510516,0.6728870647559476,774
mead_part0,rate,20260921,3,happy,baseline_only,0.0,0.0,796
mead_part0,rate,20260921,3,neutral,baseline_only,0.0,0.0,360
mead_part0,rate,20260921,3,sad,baseline_only,0.0,0.0,802
mead_part0,rate,20260921,3,surprise,baseline_only,0.27113641613046613,0.33387311338303904,806
mead_part0,rate,20260921,3,angry,relative_plus_baseline,0.10908247154529796,0.07628553378823141,774
mead_part0,rate,20260921,3,happy,relative_plus_baseline,0.03450372370368807,0.018811334493556927,796
mead_part0,rate,20260921,3,neutral,relative_plus_baseline,0.18320256031969473,0.549992679761974,360
mead_part0,rate,20260921,3,sad,relative_plus_baseline,0.31590527686255365,0.4099705753491467,802
mead_part0,rate,20260921,3,surprise,relative_plus_baseline,0.027070903213798427,0.014807122252302466,806
mead_part0,rate,20260921,4,angry,absolute,0.062292222676230656,0.03557713609179844,787
mead_part0,rate,20260921,4,happy,absolute,0.05146396871675706,0.028712364636286115,804
mead_part0,rate,20260921,4,neutral,absolute,0.1970444466038775,0.6664168050487738,359
mead_part0,rate,20260921,4,sad,absolute,0.2981500200256649,0.3647509228694474,799
mead_part0,rate,20260921,4,surprise,absolute,0.056323326930422524,0.032443960201970316,804
mead_part0,rate,20260921,4,angry,relative,0.08722295527077072,0.0519840725300797,787
mead_part0,rate,20260921,4,happy,relative,0.03885400658468359,0.022274083433302786,804
mead_part0,rate,20260921,4,neutral,relative,0.18762417534282158,0.5319991733287188,359
mead_part0,rate,20260921,4,sad,relative,0.31171825747104676,0.43580654828568494,799
mead_part0,rate,20260921,4,surprise,relative,0.06560321368746447,0.03980920089108208,804
mead_part0,rate,20260921,4,angry,baseline_only,0.33711883878677446,0.6760568660434546,787
mead_part0,rate,20260921,4,happy,baseline_only,0.0,0.0,804
mead_part0,rate,20260921,4,neutral,baseline_only,0.0,0.0,359
mead_part0,rate,20260921,4,sad,baseline_only,0.0,0.0,799
mead_part0,rate,20260921,4,surprise,baseline_only,0.2717799641748416,0.3360457709734387,804
mead_part0,rate,20260921,4,angry,relative_plus_baseline,0.14031653568291963,0.09592795759696836,787
mead_part0,rate,20260921,4,happy,relative_plus_baseline,0.03809912419931456,0.02112779786961839,804
mead_part0,rate,20260921,4,neutral,relative_plus_baseline,0.19217282231845065,0.5428769924872212,359
mead_part0,rate,20260921,4,sad,relative_plus_baseline,0.30668055620230833,0.41464697598786965,799
mead_part0,rate,20260921,4,surprise,relative_plus_baseline,0.07213646271087408,0.04257571616127384,804
mead_part0,rate,20260922,0,angry,absolute,0.0442780075301069,0.024403924851272237,863
mead_part0,rate,20260922,0,happy,absolute,0.038948909687228306,0.021213190822274675,898
mead_part0,rate,20260922,0,neutral,absolute,0.2095936250337156,0.5635328731528388,397
mead_part0,rate,20260922,0,sad,absolute,0.37401373233089136,0.586847383728805,893
mead_part0,rate,20260922,0,surprise,absolute,0.04918860293514757,0.028106150285750885,892
mead_part0,rate,20260922,0,angry,relative,0.03909237144467878,0.022018252026370456,863
mead_part0,rate,20260922,0,happy,relative,0.04239851473292586,0.023391239005067982,898
mead_part0,rate,20260922,0,neutral,relative,0.20960311830008715,0.5215325115376932,397
mead_part0,rate,20260922,0,sad,relative,0.3996472229449247,0.6516927289921322,893
mead_part0,rate,20260922,0,surprise,relative,0.06567743593745566,0.03810324024760463,892
mead_part0,rate,20260922,0,angry,baseline_only,0.3081220534373022,0.5060116104035692,863
mead_part0,rate,20260922,0,happy,baseline_only,0.0,0.0,898
mead_part0,rate,20260922,0,neutral,baseline_only,0.0,0.0,397
mead_part0,rate,20260922,0,sad,baseline_only,0.0,0.0,893
mead_part0,rate,20260922,0,surprise,baseline_only,0.31385347207028985,0.5037904781322107,892
mead_part0,rate,20260922,0,angry,relative_plus_baseline,0.12416740689587857,0.09186681312680046,863
mead_part0,rate,20260922,0,happy,relative_plus_baseline,0.03933977344000381,0.02227845335814831,898
mead_part0,rate,20260922,0,neutral,relative_plus_baseline,0.20763665618152957,0.49876047454963635,397
mead_part0,rate,20260922,0,sad,relative_plus_baseline,0.38673955313779584,0.5676515798181575,893
mead_part0,rate,20260922,0,surprise,relative_plus_baseline,0.0885911947568519,0.05279599606246548,892
mead_part0,rate,20260922,1,angry,absolute,0.041007067180309144,0.022848982615817075,876
mead_part0,rate,20260922,1,happy,absolute,0.03594796878663912,0.020123767419790172,895
mead_part0,rate,20260922,1,neutral,absolute,0.18290405980388985,0.5290655975348226,398
mead_part0,rate,20260922,1,sad,absolute,0.3198474466686581,0.457745256816715,894
mead_part0,rate,20260922,1,surprise,absolute,0.05984708584350146,0.03593086336281417,893
mead_part0,rate,20260922,1,angry,relative,0.0575269958961511,0.03211813120537884,876
mead_part0,rate,20260922,1,happy,relative,0.051511007841216996,0.029065172087210038,895
mead_part0,rate,20260922,1,neutral,relative,0.19000704944536562,0.5478152707717618,398
mead_part0,rate,20260922,1,sad,relative,0.3074410599921477,0.4287881222643583,894
mead_part0,rate,20260922,1,surprise,relative,0.07759503066280277,0.04931274821374367,893
mead_part0,rate,20260922,1,angry,baseline_only,0.3081759650593865,0.5020318892489531,876
mead_part0,rate,20260922,1,happy,baseline_only,0.0,0.0,895
mead_part0,rate,20260922,1,neutral,baseline_only,0.0,0.0,398
mead_part0,rate,20260922,1,sad,baseline_only,0.0,0.0,894
mead_part0,rate,20260922,1,surprise,baseline_only,0.31156130785811764,0.5008418048813209,893
mead_part0,rate,20260922,1,angry,relative_plus_baseline,0.10210185363938434,0.06472858596731276,876
mead_part0,rate,20260922,1,happy,relative_plus_baseline,0.045851392278038076,0.025811073377156424,895
mead_part0,rate,20260922,1,neutral,relative_plus_baseline,0.1844094593419134,0.5101565536663748,398
mead_part0,rate,20260922,1,sad,relative_plus_baseline,0.3067995726085919,0.4220858721981813,894
mead_part0,rate,20260922,1,surprise,relative_plus_baseline,0.08850117498723313,0.056074346885086467,893
mead_part0,rate,20260922,2,angry,absolute,0.05349987347948048,0.030310024587608717,848
mead_part0,rate,20260922,2,happy,absolute,0.08339331146308558,0.049710210833402935,881
mead_part0,rate,20260922,2,neutral,absolute,0.1687276334426655,0.5040610185325246,398
mead_part0,rate,20260922,2,sad,absolute,0.35794101304037595,0.48490766244338945,890
mead_part0,rate,20260922,2,surprise,absolute,0.04384812702119167,0.024274531648629166,862
mead_part0,rate,20260922,2,angry,relative,0.04900584225994474,0.027275046149790934,848
mead_part0,rate,20260922,2,happy,relative,0.07630882352482271,0.04740455609016863,881
mead_part0,rate,20260922,2,neutral,relative,0.17044433117283572,0.5685199488794339,398
mead_part0,rate,20260922,2,sad,relative,0.3325204575684038,0.39028334844230916,890
mead_part0,rate,20260922,2,surprise,relative,0.06606522367085596,0.03725445144035095,862
mead_part0,rate,20260922,2,angry,baseline_only,0.31193757345748047,0.5125498025192131,848
mead_part0,rate,20260922,2,happy,baseline_only,0.0,0.0,881
mead_part0,rate,20260922,2,neutral,baseline_only,0.0,0.0,398
mead_part0,rate,20260922,2,sad,baseline_only,0.31198135646414193,0.495664791634316,890
mead_part0,rate,20260922,2,surprise,baseline_only,0.0,0.0,862
mead_part0,rate,20260922,2,angry,relative_plus_baseline,0.09817886238729738,0.06121090616784808,848
mead_part0,rate,20260922,2,happy,relative_plus_baseline,0.062003046991872236,0.03708708297966876,881
mead_part0,rate,20260922,2,neutral,relative_plus_baseline,0.170302303304026,0.568826614389717,398
mead_part0,rate,20260922,2,sad,relative_plus_baseline,0.3318096015412144,0.3855418296150691,890
mead_part0,rate,20260922,2,surprise,relative_plus_baseline,0.028076783207485342,0.014926781206321649,862
mead_part0,rate,20260922,3,angry,absolute,0.05086456830590738,0.029101298305624062,790
mead_part0,rate,20260922,3,happy,absolute,0.04531808442417884,0.024920818825574516,800
mead_part0,rate,20260922,3,neutral,absolute,0.18735110883682357,0.6249306675979304,356
mead_part0,rate,20260922,3,sad,absolute,0.34762380491756545,0.4534232278548592,804
mead_part0,rate,20260922,3,surprise,absolute,0.02575713383806393,0.013677346219706716,806
mead_part0,rate,20260922,3,angry,relative,0.07029249170797622,0.041863888132767285,790
mead_part0,rate,20260922,3,happy,relative,0.06982155614877815,0.041191081453739585,800
mead_part0,rate,20260922,3,neutral,relative,0.18401266386202214,0.5392840098761176,356
mead_part0,rate,20260922,3,sad,relative,0.38093814852189095,0.5345816639148566,804
mead_part0,rate,20260922,3,surprise,relative,0.040700378906001276,0.022319131668890532,806
mead_part0,rate,20260922,3,angry,baseline_only,0.31954172969521977,0.5593288094490588,790
mead_part0,rate,20260922,3,happy,baseline_only,0.0,0.0,800
mead_part0,rate,20260922,3,neutral,baseline_only,0.0,0.0,356
mead_part0,rate,20260922,3,sad,baseline_only,0.0,0.0,804
mead_part0,rate,20260922,3,surprise,baseline_only,0.30018939464053424,0.4443757738346151,806
mead_part0,rate,20260922,3,angry,relative_plus_baseline,0.12203657504712345,0.08446457216797217,790
mead_part0,rate,20260922,3,happy,relative_plus_baseline,0.07006538342155612,0.04008534002985994,800
mead_part0,rate,20260922,3,neutral,relative_plus_baseline,0.18259208969583698,0.5334427657701439,356
mead_part0,rate,20260922,3,sad,relative_plus_baseline,0.36999607708839455,0.47017358932987263,804
mead_part0,rate,20260922,3,surprise,relative_plus_baseline,0.08807620401126842,0.05352904723654401,806
mead_part0,rate,20260922,4,angry,absolute,0.06733041927613043,0.04024722795666778,761
mead_part0,rate,20260922,4,happy,absolute,0.19693359822722514,0.22338600808309855,803
mead_part0,rate,20260922,4,neutral,absolute,0.033744782231604216,0.02015152316981091,355
mead_part0,rate,20260922,4,sad,absolute,0.3617960275196714,0.6778091583448816,800
mead_part0,rate,20260922,4,surprise,absolute,0.03380944626673823,0.01873478775333401,803
mead_part0,rate,20260922,4,angry,relative,0.07587332795649462,0.045655901774634924,761
mead_part0,rate,20260922,4,happy,relative,0.2825430972396144,0.3732632742842865,803
mead_part0,rate,20260922,4,neutral,relative,0.07339945551884358,0.04791587349067927,355
mead_part0,rate,20260922,4,sad,relative,0.35884157601850325,0.5794372068865453,800
mead_part0,rate,20260922,4,surprise,relative,0.07642517222505024,0.04560648482307315,803
mead_part0,rate,20260922,4,angry,baseline_only,0.2544326122876084,0.3237723374067323,761
mead_part0,rate,20260922,4,happy,baseline_only,0.0,0.0,803
mead_part0,rate,20260922,4,neutral,baseline_only,0.0,0.0,355
mead_part0,rate,20260922,4,sad,baseline_only,0.0,0.0,800
mead_part0,rate,20260922,4,surprise,baseline_only,0.3380341107340462,0.662913386763911,803
mead_part0,rate,20260922,4,angry,relative_plus_baseline,0.061630966879309884,0.03654412866952991,761
mead_part0,rate,20260922,4,happy,relative_plus_baseline,0.2815789928059444,0.36084981614189804,803
mead_part0,rate,20260922,4,neutral,relative_plus_baseline,0.09371118759485313,0.05932213366249463,355
mead_part0,rate,20260922,4,sad,relative_plus_baseline,0.36039267115029844,0.5805732001246017,800
mead_part0,rate,20260922,4,surprise,relative_plus_baseline,0.10670346674685637,0.07011804148626014,803
ravdess_speech,rate,20260920,0,angry,absolute,0.3790622778033378,0.4056122448979593,37
ravdess_speech,rate,20260920,0,happy,absolute,0.10903314751543487,0.0751156260323753,40
ravdess_speech,rate,20260920,0,neutral,absolute,0.33695391468219965,0.4060951437066402,20
ravdess_speech,rate,20260920,0,sad,absolute,0.16749635578536265,0.12574331020812687,40
ravdess_speech,rate,20260920,0,surprise,absolute,0.35685914156983684,0.4971506442021806,40
ravdess_speech,rate,20260920,0,angry,relative,0.42625121369935576,0.43224131757966355,37
ravdess_speech,rate,20260920,0,happy,relative,0.22176172027509988,0.1524611826891312,40
ravdess_speech,rate,20260920,0,neutral,relative,0.08925557847365458,0.09828212751899568,20
ravdess_speech,rate,20260920,0,sad,relative,0.25696817119223164,0.17703171456888012,40
ravdess_speech,rate,20260920,0,surprise,relative,0.4002064693737102,0.6243392798149986,40
ravdess_speech,rate,20260920,0,angry,baseline_only,0.0,0.0,37
ravdess_speech,rate,20260920,0,happy,baseline_only,0.2086072398983259,0.1965642550379915,40
ravdess_speech,rate,20260920,0,neutral,baseline_only,0.0,0.0,20
ravdess_speech,rate,20260920,0,sad,baseline_only,0.0,0.0,40
ravdess_speech,rate,20260920,0,surprise,baseline_only,0.3540802213001391,0.803435744962009,40
ravdess_speech,rate,20260920,0,angry,relative_plus_baseline,0.4106200303558889,0.4056122448979593,37
ravdess_speech,rate,20260920,0,happy,relative_plus_baseline,0.08048425822596464,0.04914106375949786,40
ravdess_speech,rate,20260920,0,neutral,relative_plus_baseline,0.09129267357115457,0.09828212751899568,20
ravdess_speech,rate,20260920,0,sad,relative_plus_baseline,0.287155363909578,0.22687479352494228,40
ravdess_speech,rate,20260920,0,surprise,relative_plus_baseline,0.3970794868091036,0.6243392798149986,40
ravdess_speech,rate,20260920,1,angry,absolute,0.4468085106382983,0.5250000000000002,40
ravdess_speech,rate,20260920,1,happy,absolute,0.0,0.0,40
ravdess_speech,rate,20260920,1,neutral,absolute,0.08163265306122446,0.09999999999999996,20
ravdess_speech,rate,20260920,1,sad,absolute,0.06896551724137931,0.05,40
ravdess_speech,rate,20260920,1,surprise,absolute,0.3333333333333338,0.4500000000000002,40
ravdess_speech,rate,20260920,1,angry,relative,0.4600000000000005,0.5750000000000003,40
ravdess_speech,rate,20260920,1,happy,relative,0.29032258064516137,0.2250000000000001,40
ravdess_speech,rate,20260920,1,neutral,relative,0.18181818181818174,0.19999999999999993,20
ravdess_speech,rate,20260920,1,sad,relative,0.16949152542372883,0.12500000000000003,40
ravdess_speech,rate,20260920,1,surprise,relative,0.35789473684210565,0.4250000000000002,40
ravdess_speech,rate,20260920,1,angry,baseline_only,0.34782608695652256,0.8000000000000004,40
ravdess_speech,rate,20260920,1,happy,baseline_only,0.0,0.0,40
ravdess_speech,rate,20260920,1,neutral,baseline_only,0.0,0.0,20
ravdess_speech,rate,20260920,1,sad,baseline_only,0.21052631578947373,0.20000000000000007,40
ravdess_speech,rate,20260920,1,surprise,baseline_only,0.0,0.0,40
ravdess_speech,rate,20260920,1,angry,relative_plus_baseline,0.4680851063829792,0.5500000000000003,40
ravdess_speech,rate,20260920,1,happy,relative_plus_baseline,0.2816901408450705,0.2500000000000001,40
ravdess_speech,rate,20260920,1,neutral,relative_plus_baseline,0.19999999999999993,0.19999999999999993,20
ravdess_speech,rate,20260920,1,sad,relative_plus_baseline,0.13333333333333333,0.1,40
ravdess_speech,rate,20260920,1,surprise,relative_plus_baseline,0.35789473684210565,0.4250000000000002,40
ravdess_speech,rate,20260920,2,angry,absolute,0.45042016806722734,0.7052631578947369,37
ravdess_speech,rate,20260920,2,happy,absolute,0.21052631578947364,0.16842105263157892,37
ravdess_speech,rate,20260920,2,neutral,absolute,0.21192052980132445,0.1538461538461538,20
ravdess_speech,rate,20260920,2,sad,absolute,0.12546125461254612,0.08173076923076923,40
ravdess_speech,rate,20260920,2,surprise,absolute,0.5929018789144054,0.6826923076923079,40
ravdess_speech,rate,20260920,2,angry,relative,0.4871794871794875,0.6000000000000001,37
ravdess_speech,rate,20260920,2,happy,relative,0.22089552238805965,0.19473684210526315,37
ravdess_speech,rate,20260920,2,neutral,relative,0.3761467889908257,0.3942307692307692,20
ravdess_speech,rate,20260920,2,sad,relative,0.16233766233766234,0.12019230769230771,40
ravdess_speech,rate,20260920,2,surprise,relative,0.5859872611464972,0.6634615384615387,40
ravdess_speech,rate,20260920,2,angry,baseline_only,0.29090909090909134,0.4210526315789475,37
ravdess_speech,rate,20260920,2,happy,baseline_only,0.0,0.0,37
ravdess_speech,rate,20260920,2,neutral,baseline_only,0.0,0.0,20
ravdess_speech,rate,20260920,2,sad,baseline_only,0.3422459893048132,0.6153846153846154,40
ravdess_speech,rate,20260920,2,surprise,baseline_only,0.0,0.0,40
ravdess_speech,rate,20260920,2,angry,relative_plus_baseline,0.4930417495029825,0.6526315789473685,37
ravdess_speech,rate,20260920,2,happy,relative_plus_baseline,0.036630036630036625,0.02631578947368421,37
ravdess_speech,rate,20260920,2,neutral,relative_plus_baseline,0.2985074626865672,0.2884615384615385,20
ravdess_speech,rate,20260920,2,sad,relative_plus_baseline,0.1492537313432836,0.12019230769230771,40
ravdess_speech,rate,20260920,2,surprise,relative_plus_baseline,0.5655737704918036,0.6634615384615387,40
ravdess_speech,rate,20260920,3,angry,absolute,0.45454545454545514,0.6250000000000002,40
ravdess_speech,rate,20260920,3,happy,absolute,0.07407407407407407,0.05,40
ravdess_speech,rate,20260920,3,neutral,absolute,0.09523809523809533,0.19999999999999993,20
ravdess_speech,rate,20260920,3,sad,absolute,0.29629629629629634,0.20000000000000007,40
ravdess_speech,rate,20260920,3,surprise,absolute,0.24137931034482762,0.17500000000000004,40
ravdess_speech,rate,20260920,3,angry,relative,0.5185185185185192,0.7000000000000003,40
ravdess_speech,rate,20260920,3,happy,relative,0.20338983050847462,0.15000000000000005,40
ravdess_speech,rate,20260920,3,neutral,relative,0.12195121951219526,0.24999999999999994,20
ravdess_speech,rate,20260920,3,sad,relative,0.21818181818181823,0.15000000000000005,40
ravdess_speech,rate,20260920,3,surprise,relative,0.28571428571428575,0.20000000000000007,40
ravdess_speech,rate,20260920,3,angry,baseline_only,0.21052631578947373,0.20000000000000007,40
ravdess_speech,rate,20260920,3,happy,baseline_only,0.0,0.0,40
ravdess_speech,rate,20260920,3,neutral,baseline_only,0.0,0.0,20
ravdess_speech,rate,20260920,3,sad,baseline_only,0.0,0.0,40
ravdess_speech,rate,20260920,3,surprise,baseline_only,0.34782608695652256,0.8000000000000004,40
ravdess_speech,rate,20260920,3,angry,relative_plus_baseline,0.5090909090909097,0.7000000000000003,40
ravdess_speech,rate,20260920,3,happy,relative_plus_baseline,0.13793103448275862,0.1,40
ravdess_speech,rate,20260920,3,neutral,relative_plus_baseline,0.11764705882352955,0.24999999999999994,20
ravdess_speech,rate,20260920,3,sad,relative_plus_baseline,0.14814814814814814,0.1,40
ravdess_speech,rate,20260920,3,surprise,relative_plus_baseline,0.22641509433962267,0.15000000000000005,40
ravdess_speech,rate,20260920,4,angry,absolute,0.5346534653465354,0.84375,32
ravdess_speech,rate,20260920,4,happy,absolute,0.19999999999999996,0.15624999999999997,32
ravdess_speech,rate,20260920,4,neutral,absolute,0.0,0.0,16
ravdess_speech,rate,20260920,4,sad,absolute,0.22222222222222218,0.15624999999999997,32
ravdess_speech,rate,20260920,4,surprise,absolute,0.37499999999999994,0.37499999999999994,32
ravdess_speech,rate,20260920,4,angry,relative,0.5934065934065941,0.84375,32
ravdess_speech,rate,20260920,4,happy,relative,0.04878048780487803,0.03124999999999999,32
ravdess_speech,rate,20260920,4,neutral,relative,0.3999999999999999,0.37499999999999994,16
ravdess_speech,rate,20260920,4,sad,relative,0.19999999999999996,0.15624999999999997,32
ravdess_speech,rate,20260920,4,surprise,relative,0.473684210526316,0.5625,32
ravdess_speech,rate,20260920,4,angry,baseline_only,0.30769230769230815,0.5,32
ravdess_speech,rate,20260920,4,happy,baseline_only,0.0,0.0,32
ravdess_speech,rate,20260920,4,neutral,baseline_only,0.0,0.0,16
ravdess_speech,rate,20260920,4,sad,baseline_only,0.0,0.0,32
ravdess_speech,rate,20260920,4,surprise,baseline_only,0.30769230769230815,0.5,32
ravdess_speech,rate,20260920,4,angry,relative_plus_baseline,0.586956521739131,0.84375,32
ravdess_speech,rate,20260920,4,happy,relative_plus_baseline,0.0,0.0,32
ravdess_speech,rate,20260920,4,neutral,relative_plus_baseline,0.32258064516129026,0.3124999999999999,16
ravdess_speech,rate,20260920,4,sad,relative_plus_baseline,0.2264150943396226,0.18749999999999994,32
ravdess_speech,rate,20260920,4,surprise,relative_plus_baseline,0.4166666666666668,0.46875,32
ravdess_speech,rate,20260921,0,angry,absolute,0.3894117647058826,0.5084485407066052,36
ravdess_speech,rate,20260921,0,happy,absolute,0.0681265206812652,0.06278026905829596,37
ravdess_speech,rate,20260921,0,neutral,absolute,0.19929453262786592,0.15437158469945353,20
ravdess_speech,rate,20260921,0,sad,absolute,0.13783533765032377,0.10177595628415301,40
ravdess_speech,rate,20260921,0,surprise,absolute,0.41652123327516016,0.4890710382513663,40
ravdess_speech,rate,20260921,0,angry,relative,0.3819784524975516,0.44930875576036866,36
ravdess_speech,rate,20260921,0,happy,relative,0.2245250431778929,0.19431988041853512,37
ravdess_speech,rate,20260921,0,neutral,relative,0.20067796610169492,0.20218579234972675,20
ravdess_speech,rate,20260921,0,sad,relative,0.11631497683993826,0.07718579234972678,40
ravdess_speech,rate,20260921,0,surprise,relative,0.4538522219300555,0.58948087431694,40
ravdess_speech,rate,20260921,0,angry,baseline_only,0.21857923497267762,0.21505376344086025,36
ravdess_speech,rate,20260921,0,happy,baseline_only,0.0,0.0,37
ravdess_speech,rate,20260921,0,neutral,baseline_only,0.0,0.0,20
ravdess_speech,rate,20260921,0,sad,baseline_only,0.0,0.0,40
ravdess_speech,rate,20260921,0,surprise,baseline_only,0.36408364083640893,0.8087431693989073,40
ravdess_speech,rate,20260921,0,angry,relative_plus_baseline,0.39322671683913474,0.4815668202764977,36
ravdess_speech,rate,20260921,0,happy,relative_plus_baseline,0.22797018851380968,0.19431988041853512,37
ravdess_speech,rate,20260921,0,neutral,relative_plus_baseline,0.10339734121122597,0.09562841530054643,20
ravdess_speech,rate,20260921,0,sad,relative_plus_baseline,0.07815079801871215,0.04849726775956284,40
ravdess_speech,rate,20260921,0,surprise,relative_plus_baseline,0.43596867895933344,0.58948087431694,40
ravdess_speech,rate,20260921,1,angry,absolute,0.49206349206349287,0.7750000000000004,40
ravdess_speech,rate,20260921,1,happy,absolute,0.19672131147540986,0.15000000000000005,40
ravdess_speech,rate,20260921,1,neutral,absolute,0.0,0.0,20
ravdess_speech,rate,20260921,1,sad,absolute,0.20833333333333334,0.12500000000000003,40
ravdess_speech,rate,20260921,1,surprise,absolute,0.5544554455445551,0.7000000000000003,40
ravdess_speech,rate,20260921,1,angry,relative,0.5123966942148768,0.7750000000000004,40
ravdess_speech,rate,20260921,1,happy,relative,0.24137931034482762,0.17500000000000004,40
ravdess_speech,rate,20260921,1,neutral,relative,0.18749999999999994,0.14999999999999997,20
ravdess_speech,rate,20260921,1,sad,relative,0.0,0.0,40
ravdess_speech,rate,20260921,1,surprise,relative,0.5208333333333338,0.6250000000000002,40
ravdess_speech,rate,20260921,1,angry,baseline_only,0.28571428571428614,0.4000000000000002,40
ravdess_speech,rate,20260921,1,happy,baseline_only,0.0,0.0,40
ravdess_speech,rate,20260921,1,neutral,baseline_only,0.0,0.0,20
ravdess_speech,rate,20260921,1,sad,baseline_only,0.32432432432432495,0.6000000000000003,40
ravdess_speech,rate,20260921,1,surprise,baseline_only,0.0,0.0,40
ravdess_speech,rate,20260921,1,angry,relative_plus_baseline,0.5000000000000008,0.7500000000000003,40
ravdess_speech,rate,20260921,1,happy,relative_plus_baseline,0.18181818181818185,0.12500000000000003,40
ravdess_speech,rate,20260921,1,neutral,relative_plus_baseline,0.23529411764705876,0.19999999999999993,20
ravdess_speech,rate,20260921,1,sad,relative_plus_baseline,0.03508771929824561,0.025,40
ravdess_speech,rate,20260921,1,surprise,relative_plus_baseline,0.5319148936170218,0.6250000000000002,40
ravdess_speech,rate,20260921,2,angry,absolute,0.36144578313253034,0.37500000000000017,40
ravdess_speech,rate,20260921,2,happy,absolute,0.11538461538461538,0.07500000000000001,40
ravdess_speech,rate,20260921,2,neutral,absolute,0.10526315789473681,0.09999999999999996,20
ravdess_speech,rate,20260921,2,sad,absolute,0.2666666666666667,0.20000000000000007,40
ravdess_speech,rate,20260921,2,surprise,absolute,0.3779527559055124,0.6000000000000003,40
ravdess_speech,rate,20260921,2,angry,relative,0.4166666666666671,0.5000000000000002,40
ravdess_speech,rate,20260921,2,happy,relative,0.0784313725490196,0.05,40
ravdess_speech,rate,20260921,2,neutral,relative,0.1395348837209302,0.14999999999999997,20
ravdess_speech,rate,20260921,2,sad,relative,0.10344827586206895,0.07500000000000001,40
ravdess_speech,rate,20260921,2,surprise,relative,0.33928571428571475,0.4750000000000002,40
ravdess_speech,rate,20260921,2,angry,baseline_only,0.34782608695652256,0.8000000000000004,40
ravdess_speech,rate,20260921,2,happy,baseline_only,0.0,0.0,40
ravdess_speech,rate,20260921,2,neutral,baseline_only,0.14285714285714282,0.19999999999999993,20
ravdess_speech,rate,20260921,2,sad,baseline_only,0.0,0.0,40
ravdess_speech,rate,20260921,2,surprise,baseline_only,0.0,0.0,40
ravdess_speech,rate,20260921,2,angry,relative_plus_baseline,0.4255319148936174,0.5000000000000002,40
ravdess_speech,rate,20260921,2,happy,relative_plus_baseline,0.13114754098360656,0.1,40
ravdess_speech,rate,20260921,2,neutral,relative_plus_baseline,0.15789473684210523,0.14999999999999997,20
ravdess_speech,rate,20260921,2,sad,relative_plus_baseline,0.07272727272727272,0.05,40
ravdess_speech,rate,20260921,2,surprise,relative_plus_baseline,0.33928571428571475,0.4750000000000002,40
ravdess_speech,rate,20260921,3,angry,absolute,0.5161290322580653,0.8000000000000004,40
ravdess_speech,rate,20260921,3,happy,absolute,0.0392156862745098,0.025,40
ravdess_speech,rate,20260921,3,neutral,absolute,0.0,0.0,20
ravdess_speech,rate,20260921,3,sad,absolute,0.22580645161290325,0.17500000000000004,40
ravdess_speech,rate,20260921,3,surprise,absolute,0.4285714285714288,0.4500000000000002,40
ravdess_speech,rate,20260921,3,angry,relative,0.5660377358490574,0.7500000000000003,40
ravdess_speech,rate,20260921,3,happy,relative,0.12499999999999999,0.1,40
ravdess_speech,rate,20260921,3,neutral,relative,0.24999999999999994,0.24999999999999994,20
ravdess_speech,rate,20260921,3,sad,relative,0.32258064516129037,0.2500000000000001,40
ravdess_speech,rate,20260921,3,surprise,relative,0.5000000000000003,0.5500000000000003,40
ravdess_speech,rate,20260921,3,angry,baseline_only,0.28571428571428614,0.4000000000000002,40
ravdess_speech,rate,20260921,3,happy,baseline_only,0.0,0.0,40
ravdess_speech,rate,20260921,3,neutral,baseline_only,0.1875000000000004,0.6,20
ravdess_speech,rate,20260921,3,sad,baseline_only,0.0,0.0,40
ravdess_speech,rate,20260921,3,surprise,baseline_only,0.0,0.0,40
ravdess_speech,rate,20260921,3,angry,relative_plus_baseline,0.5504587155963311,0.7500000000000003,40
ravdess_speech,rate,20260921,3,happy,relative_plus_baseline,0.14285714285714285,0.1,40
ravdess_speech,rate,20260921,3,neutral,relative_plus_baseline,0.2051282051282051,0.19999999999999993,20
ravdess_speech,rate,20260921,3,sad,relative_plus_baseline,0.3333333333333334,0.30000000000000016,40
ravdess_speech,rate,20260921,3,surprise,relative_plus_baseline,0.5238095238095241,0.5500000000000003,40
ravdess_speech,rate,20260921,4,angry,absolute,0.46837606837606843,0.5310077519379846,30
ravdess_speech,rate,20260921,4,happy,absolute,0.09366391184573,0.06159420289855071,32
ravdess_speech,rate,20260921,4,neutral,absolute,0.22849807445442866,0.3224637681159419,16
ravdess_speech,rate,20260921,4,sad,absolute,0.17241379310344823,0.1268115942028985,32
ravdess_speech,rate,20260921,4,surprise,absolute,0.4130589070262601,0.5271739130434783,32
ravdess_speech,rate,20260921,4,angry,relative,0.5837512537612839,0.563953488372093,30
ravdess_speech,rate,20260921,4,happy,relative,0.18708827404479575,0.12862318840579706,32
ravdess_speech,rate,20260921,4,neutral,relative,0.1125827814569536,0.1231884057971014,16
ravdess_speech,rate,20260921,4,sad,relative,0.12529002320185612,0.0978260869565217,32
ravdess_speech,rate,20260921,4,surprise,relative,0.494623655913979,0.75,32
ravdess_speech,rate,20260921,4,angry,baseline_only,0.24113475177304963,0.2635658914728682,30
ravdess_speech,rate,20260921,4,happy,baseline_only,0.0,0.0,32
ravdess_speech,rate,20260921,4,neutral,baseline_only,0.0,0.0,16
ravdess_speech,rate,20260921,4,sad,baseline_only,0.3484087102177561,0.753623188405797,32
ravdess_speech,rate,20260921,4,surprise,baseline_only,0.0,0.0,32
ravdess_speech,rate,20260921,4,angry,relative_plus_baseline,0.6178535606820461,0.5968992248062015,30
ravdess_speech,rate,20260921,4,happy,relative_plus_baseline,0.1380243572395128,0.09239130434782605,32
ravdess_speech,rate,20260921,4,neutral,relative_plus_baseline,0.1125827814569536,0.1231884057971014,16
ravdess_speech,rate,20260921,4,sad,relative_plus_baseline,0.23809523809523803,0.19021739130434775,32
ravdess_speech,rate,20260921,4,surprise,relative_plus_baseline,0.494623655913979,0.75,32
ravdess_speech,rate,20260922,0,angry,absolute,0.45007680491551516,0.6406705539358603,39
ravdess_speech,rate,20260922,0,happy,absolute,0.11565739225313693,0.07528409090909091,40
ravdess_speech,rate,20260922,0,neutral,absolute,0.18244406196213417,0.15056818181818177,20
ravdess_speech,rate,20260922,0,sad,absolute,0.19730107026523966,0.15056818181818185,40
ravdess_speech,rate,20260922,0,surprise,absolute,0.4940845070422541,0.6228693181818185,40
ravdess_speech,rate,20260922,0,angry,relative,0.4776044287871169,0.6916909620991256,39
ravdess_speech,rate,20260922,0,happy,relative,0.2625698324022347,0.20028409090909097,40
ravdess_speech,rate,20260922,0,neutral,relative,0.2268041237113402,0.24999999999999994,20
ravdess_speech,rate,20260922,0,sad,relative,0.03753351206434317,0.024857954545454548,40
ravdess_speech,rate,20260922,0,surprise,relative,0.4358052923881088,0.4737215909090911,40
ravdess_speech,rate,20260922,0,angry,baseline_only,0.32608695652173975,0.6122448979591839,39
ravdess_speech,rate,20260922,0,happy,baseline_only,0.0,0.0,40
ravdess_speech,rate,20260922,0,neutral,baseline_only,0.0,0.0,20
ravdess_speech,rate,20260922,0,sad,baseline_only,0.0,0.0,40
ravdess_speech,rate,20260922,0,surprise,baseline_only,0.28920570264765827,0.4034090909090911,40
ravdess_speech,rate,20260922,0,angry,relative_plus_baseline,0.4670563230605745,0.6406705539358603,39
ravdess_speech,rate,20260922,0,happy,relative_plus_baseline,0.2677433064173396,0.223721590909091,40
ravdess_speech,rate,20260922,0,neutral,relative_plus_baseline,0.2320369149637442,0.24999999999999994,20
ravdess_speech,rate,20260922,0,sad,relative_plus_baseline,0.07559055118110236,0.051136363636363646,40
ravdess_speech,rate,20260922,0,surprise,relative_plus_baseline,0.4358052923881088,0.4737215909090911,40
ravdess_speech,rate,20260922,1,angry,absolute,0.48888888888888976,0.8250000000000004,40
ravdess_speech,rate,20260922,1,happy,absolute,0.11538461538461538,0.07500000000000001,40
ravdess_speech,rate,20260922,1,neutral,absolute,0.12499999999999996,0.14999999999999997,20
ravdess_speech,rate,20260922,1,sad,absolute,0.19354838709677422,0.15000000000000005,40
ravdess_speech,rate,20260922,1,surprise,absolute,0.1904761904761905,0.15000000000000005,40
ravdess_speech,rate,20260922,1,angry,relative,0.523364485981309,0.7000000000000003,40
ravdess_speech,rate,20260922,1,happy,relative,0.09836065573770492,0.07500000000000001,40
ravdess_speech,rate,20260922,1,neutral,relative,0.4074074074074074,0.55,20
ravdess_speech,rate,20260922,1,sad,relative,0.3000000000000001,0.2250000000000001,40
ravdess_speech,rate,20260922,1,surprise,relative,0.38461538461538475,0.37500000000000017,40
ravdess_speech,rate,20260922,1,angry,baseline_only,0.21052631578947373,0.20000000000000007,40
ravdess_speech,rate,20260922,1,happy,baseline_only,0.0,0.0,40
ravdess_speech,rate,20260922,1,neutral,baseline_only,0.0,0.0,20
ravdess_speech,rate,20260922,1,sad,baseline_only,0.0,0.0,40
ravdess_speech,rate,20260922,1,surprise,baseline_only,0.34782608695652256,0.8000000000000004,40
ravdess_speech,rate,20260922,1,angry,relative_plus_baseline,0.5094339622641516,0.6750000000000003,40
ravdess_speech,rate,20260922,1,happy,relative_plus_baseline,0.0,0.0,40
ravdess_speech,rate,20260922,1,neutral,relative_plus_baseline,0.4074074074074074,0.55,20
ravdess_speech,rate,20260922,1,sad,relative_plus_baseline,0.36363636363636376,0.35000000000000014,40
ravdess_speech,rate,20260922,1,surprise,relative_plus_baseline,0.38461538461538475,0.37500000000000017,40
ravdess_speech,rate,20260922,2,angry,absolute,0.3400000000000004,0.4250000000000002,40
ravdess_speech,rate,20260922,2,happy,absolute,0.10169491525423728,0.07500000000000001,40
ravdess_speech,rate,20260922,2,neutral,absolute,0.05714285714285712,0.04999999999999998,20
ravdess_speech,rate,20260922,2,sad,absolute,0.14035087719298245,0.1,40
ravdess_speech,rate,20260922,2,surprise,absolute,0.4220183486238538,0.5750000000000003,40
ravdess_speech,rate,20260922,2,angry,relative,0.3529411764705887,0.4500000000000002,40
ravdess_speech,rate,20260922,2,happy,relative,0.13114754098360656,0.1,40
ravdess_speech,rate,20260922,2,neutral,relative,0.06896551724137928,0.04999999999999998,20
ravdess_speech,rate,20260922,2,sad,relative,0.21818181818181823,0.15000000000000005,40
ravdess_speech,rate,20260922,2,surprise,relative,0.42477876106194745,0.6000000000000003,40
ravdess_speech,rate,20260922,2,angry,baseline_only,0.34782608695652256,0.8000000000000004,40
ravdess_speech,rate,20260922,2,happy,baseline_only,0.0,0.0,40
ravdess_speech,rate,20260922,2,neutral,baseline_only,0.14285714285714282,0.19999999999999993,20
ravdess_speech,rate,20260922,2,sad,baseline_only,0.0,0.0,40
ravdess_speech,rate,20260922,2,surprise,baseline_only,0.0,0.0,40
ravdess_speech,rate,20260922,2,angry,relative_plus_baseline,0.3434343434343438,0.4250000000000002,40
ravdess_speech,rate,20260922,2,happy,relative_plus_baseline,0.15873015873015875,0.12500000000000003,40
ravdess_speech,rate,20260922,2,neutral,relative_plus_baseline,0.06896551724137928,0.04999999999999998,20
ravdess_speech,rate,20260922,2,sad,relative_plus_baseline,0.2142857142857143,0.15000000000000005,40
ravdess_speech,rate,20260922,2,surprise,relative_plus_baseline,0.42477876106194745,0.6000000000000003,40
ravdess_speech,rate,20260922,3,angry,absolute,0.559819413092551,0.6526315789473685,37
ravdess_speech,rate,20260922,3,happy,absolute,0.0456273764258555,0.03157894736842105,37
ravdess_speech,rate,20260922,3,neutral,absolute,0.16831683168316827,0.16346153846153844,20
ravdess_speech,rate,20260922,3,sad,absolute,0.10774410774410774,0.07692307692307694,40
ravdess_speech,rate,20260922,3,surprise,absolute,0.5310924369747905,0.7596153846153846,40
ravdess_speech,rate,20260922,3,angry,relative,0.6564102564102566,0.6736842105263159,37
ravdess_speech,rate,20260922,3,happy,relative,0.2763157894736842,0.22105263157894733,37
ravdess_speech,rate,20260922,3,neutral,relative,0.15228426395939085,0.14423076923076922,20
ravdess_speech,rate,20260922,3,sad,relative,0.239202657807309,0.17307692307692313,40
ravdess_speech,rate,20260922,3,surprise,relative,0.5032894736842111,0.7355769230769231,40
ravdess_speech,rate,20260922,3,angry,baseline_only,0.29090909090909134,0.4210526315789475,37
ravdess_speech,rate,20260922,3,happy,baseline_only,0.0,0.0,37
ravdess_speech,rate,20260922,3,neutral,baseline_only,0.0,0.0,20
ravdess_speech,rate,20260922,3,sad,baseline_only,0.0,0.0,40
ravdess_speech,rate,20260922,3,surprise,baseline_only,0.34224598930481326,0.6153846153846153,40
ravdess_speech,rate,20260922,3,angry,relative_plus_baseline,0.6411483253588519,0.7052631578947369,37
ravdess_speech,rate,20260922,3,happy,relative_plus_baseline,0.23948220064724912,0.1947368421052631,37
ravdess_speech,rate,20260922,3,neutral,relative_plus_baseline,0.09900990099009899,0.09615384615384615,20
ravdess_speech,rate,20260922,3,sad,relative_plus_baseline,0.18656716417910452,0.12019230769230774,40
ravdess_speech,rate,20260922,3,surprise,relative_plus_baseline,0.49087893864013316,0.7115384615384616,40
ravdess_speech,rate,20260922,4,angry,absolute,0.4616680707666387,0.5310077519379846,30
ravdess_speech,rate,20260922,4,happy,absolute,0.2163522012578616,0.15579710144927533,32
ravdess_speech,rate,20260922,4,neutral,absolute,0.19780219780219777,0.2608695652173912,16
ravdess_speech,rate,20260922,4,sad,absolute,0.2763157894736841,0.19021739130434775,32
ravdess_speech,rate,20260922,4,surprise,absolute,0.4081346423562416,0.5271739130434783,32
ravdess_speech,rate,20260922,4,angry,relative,0.5136804942630185,0.563953488372093,30
ravdess_speech,rate,20260922,4,happy,relative,0.04576043068640644,0.030797101449275353,32
ravdess_speech,rate,20260922,4,neutral,relative,0.1158432708688245,0.1231884057971014,16
ravdess_speech,rate,20260922,4,sad,relative,0.041975308641975295,0.030797101449275353,32
ravdess_speech,rate,20260922,4,surprise,relative,0.4892174984596432,0.7192028985507246,32
ravdess_speech,rate,20260922,4,angry,baseline_only,0.31264367816092,0.5271317829457365,30
ravdess_speech,rate,20260922,4,happy,baseline_only,0.0,0.0,32
ravdess_speech,rate,20260922,4,neutral,baseline_only,0.18666666666666695,0.5072463768115941,16
ravdess_speech,rate,20260922,4,sad,baseline_only,0.0,0.0,32
ravdess_speech,rate,20260922,4,surprise,baseline_only,0.0,0.0,32
ravdess_speech,rate,20260922,4,angry,relative_plus_baseline,0.5519713261648744,0.5968992248062015,30
ravdess_speech,rate,20260922,4,happy,relative_plus_baseline,0.1798941798941798,0.1231884057971014,32
ravdess_speech,rate,20260922,4,neutral,relative_plus_baseline,0.2184087363494539,0.253623188405797,16
ravdess_speech,rate,20260922,4,sad,relative_plus_baseline,0.1744471744471744,0.12862318840579706,32
ravdess_speech,rate,20260922,4,surprise,relative_plus_baseline,0.48311026131293866,0.6865942028985507,32
msp,rate,20260920,0,angry,absolute,0.017409383238181135,0.009360295669041008,5904
msp,rate,20260920,0,happy,absolute,0.011320227599857678,0.005820171695455388,9682
msp,rate,20260920,0,neutral,absolute,0.5161284343715684,0.5626700233875895,12594
msp,rate,20260920,0,sad,absolute,0.20835993359115385,0.4817912211047018,3076
msp,rate,20260920,0,surprise,absolute,0.03052071854728058,0.02653318002341953,970
msp,rate,20260920,0,angry,relative,0.18999940844490826,0.539926621977849,5904
msp,rate,20260920,0,happy,relative,0.03164659778655541,0.016820475364523427,9682
msp,rate,20260920,0,neutral,relative,0.05207455234031161,0.02767146378151036,12594
msp,rate,20260920,0,sad,relative,0.03130444984603133,0.018192939222552114,3076
msp,rate,20260920,0,surprise,relative,0.0666369354224152,0.4468045645063906,970
msp,rate,20260920,0,angry,baseline_only,0.15216631456692717,0.3005186324517213,5904
msp,rate,20260920,0,happy,baseline_only,0.07749289552915443,0.04541262647779528,9682
msp,rate,20260920,0,neutral,baseline_only,0.03430290791532262,0.017978337744641484,12594
msp,rate,20260920,0,sad,baseline_only,0.09414516742875631,0.07849401775479795,3076
msp,rate,20260920,0,surprise,baseline_only,0.06885003611370212,0.5799496111632099,970
msp,rate,20260920,0,angry,relative_plus_baseline,0.16042865258718994,0.2667654644609267,5904
msp,rate,20260920,0,happy,relative_plus_baseline,0.011593139640528197,0.005937557072886719,9682
msp,rate,20260920,0,neutral,relative_plus_baseline,0.29907851759198933,0.21534952934134696,12594
msp,rate,20260920,0,sad,relative_plus_baseline,0.18229965266418555,0.23407727381308843,3076
msp,rate,20260920,0,surprise,relative_plus_baseline,0.07232497323423176,0.41956961586833647,970
msp,rate,20260920,1,angry,absolute,0.008092697103228071,0.004229918872362269,8461
msp,rate,20260920,1,happy,absolute,0.026898808557939895,0.014165264086935563,7403
msp,rate,20260920,1,neutral,absolute,0.5322229548855119,0.5956548640070307,11207
msp,rate,20260920,1,sad,absolute,0.2146342544956981,0.4313049440429364,2990
msp,rate,20260920,1,surprise,absolute,0.021028665521827507,0.01917481953846529,875
msp,rate,20260920,1,angry,relative,0.20368661632664764,0.5821075395474095,8461
msp,rate,20260920,1,happy,relative,0.0380972582088864,0.020804759291570062,7403
msp,rate,20260920,1,neutral,relative,0.04622865146823532,0.024225913084352915,11207
msp,rate,20260920,1,sad,relative,0.032119562395725644,0.018921609088335584,2990
msp,rate,20260920,1,surprise,relative,0.06485502708199116,0.4403603072195179,875
msp,rate,20260920,1,angry,baseline_only,0.15035841925120388,0.25553947789841286,8461
msp,rate,20260920,1,happy,baseline_only,0.13390628983508726,0.08532218657565377,7403
msp,rate,20260920,1,neutral,baseline_only,0.06521499555023144,0.03477414164112086,11207
msp,rate,20260920,1,sad,baseline_only,0.09461949402106196,0.07149263855644042,2990
msp,rate,20260920,1,surprise,baseline_only,0.062226277884527365,0.5838714008324097,875
msp,rate,20260920,1,angry,relative_plus_baseline,0.15191109864587757,0.22064891755511054,8461
msp,rate,20260920,1,happy,relative_plus_baseline,0.018792250615986193,0.00971896795915376,7403
msp,rate,20260920,1,neutral,relative_plus_baseline,0.3508272995087314,0.2751557896229612,11207
msp,rate,20260920,1,sad,relative_plus_baseline,0.16518396642566271,0.17403696112895461,2990
msp,rate,20260920,1,surprise,relative_plus_baseline,0.06631670710772139,0.4242298074492135,875
msp,rate,20260920,2,angry,absolute,0.01440927982309694,0.0077894977286227735,5023
msp,rate,20260920,2,happy,absolute,0.0031243917038257184,0.0015703813744056222,7329
msp,rate,20260920,2,neutral,absolute,0.5129755598610077,0.5575436874148642,11325
msp,rate,20260920,2,sad,absolute,0.22896399267187947,0.4750801877931152,3140
msp,rate,20260920,2,surprise,absolute,0.016109275791457284,0.015754744297222907,803
msp,rate,20260920,2,angry,relative,0.18237444347660695,0.5443732900844951,5023
msp,rate,20260920,2,happy,relative,0.04110606419749862,0.02242128569553495,7329
msp,rate,20260920,2,neutral,relative,0.042691742675677026,0.022316050422441773,11325
msp,rate,20260920,2,sad,relative,0.020942473441949532,0.011511908350693855,3140
msp,rate,20260920,2,surprise,relative,0.06089695582930642,0.4546549736361536,803
msp,rate,20260920,2,angry,baseline_only,0.0892381959518858,0.06231582591523989,5023
msp,rate,20260920,2,happy,baseline_only,0.1953833985138983,0.13004145247277796,7329
msp,rate,20260920,2,neutral,baseline_only,0.01649502551944195,0.00839830433966466,11325
msp,rate,20260920,2,sad,baseline_only,0.23107598522930145,0.43195466958829487,3140
msp,rate,20260920,2,surprise,baseline_only,0.059794001204006325,0.5250684008596549,803
msp,rate,20260920,2,angry,relative_plus_baseline,0.16263554805495833,0.26714186875107854,5023
msp,rate,20260920,2,happy,relative_plus_baseline,0.02305622256314217,0.011922088204135947,7329
msp,rate,20260920,2,neutral,relative_plus_baseline,0.28585611889687595,0.20208278215618222,11325
msp,rate,20260920,2,sad,relative_plus_baseline,0.19022506892720015,0.25830123764695434,3140
msp,rate,20260920,2,surprise,relative_plus_baseline,0.06062346294356121,0.3648859686432028,803
msp,rate,20260920,3,angry,absolute,0.01115776358181969,0.0059631075534979944,3424
msp,rate,20260920,3,happy,absolute,0.024615356352620674,0.012884167855564595,7172
msp,rate,20260920,3,neutral,absolute,0.5028267731255573,0.5499538578883723,10933
msp,rate,20260920,3,sad,absolute,0.20887609803755333,0.44380839622676416,2678
msp,rate,20260920,3,surprise,absolute,0.02353775156573494,0.02181341716646929,914
msp,rate,20260920,3,angry,relative,0.1901400274699896,0.5460628541752582,3424
msp,rate,20260920,3,happy,relative,0.0409592713106853,0.022063711476386232,7172
msp,rate,20260920,3,neutral,relative,0.04517216904619729,0.02371852413789182,10933
msp,rate,20260920,3,sad,relative,0.026948809819509256,0.015692637163067295,2678
msp,rate,20260920,3,surprise,relative,0.062247406431166497,0.4134918890384944,914
msp,rate,20260920,3,angry,baseline_only,0.14106226625909074,0.2709406502363412,3424
msp,rate,20260920,3,happy,baseline_only,0.15389253411772885,0.10269638351255655,7172
msp,rate,20260920,3,neutral,baseline_only,0.038263640631261996,0.020176360487817072,10933
msp,rate,20260920,3,sad,baseline_only,0.10424882753833867,0.0817351249973476,2678
msp,rate,20260920,3,surprise,baseline_only,0.0749433365105331,0.6016043737386448,914
msp,rate,20260920,3,angry,relative_plus_baseline,0.14173458619535823,0.23067792414967989,3424
msp,rate,20260920,3,happy,relative_plus_baseline,0.01632132873434996,0.008420007841212043,7172
msp,rate,20260920,3,neutral,relative_plus_baseline,0.34789726308559904,0.2725700147969266,10933
msp,rate,20260920,3,sad,relative_plus_baseline,0.16237053766369414,0.19679308782399604,2678
msp,rate,20260920,3,surprise,relative_plus_baseline,0.07016950855540956,0.3548475220969015,914
msp,rate,20260920,4,angry,absolute,0.17111324802156924,0.5339907012140115,4905
msp,rate,20260920,4,happy,absolute,0.052371789698477576,0.02882010241712051,8934
msp,rate,20260920,4,neutral,absolute,0.019185114280096074,0.009776669674239017,13976
msp,rate,20260920,4,sad,absolute,0.21863102980249083,0.4596977929076191,2999
msp,rate,20260920,4,surprise,absolute,0.008355021600079372,0.0051329971069864954,1214
msp,rate,20260920,4,angry,relative,0.1699924542294475,0.5136574673884146,4905
msp,rate,20260920,4,happy,relative,0.036861795077029344,0.019784944425836157,8934
msp,rate,20260920,4,neutral,relative,0.04618089803764938,0.02438767393608326,13976
msp,rate,20260920,4,sad,relative,0.020701452013084418,0.011458982341337352,2999
msp,rate,20260920,4,surprise,relative,0.06654210648807832,0.4624803864597271,1214
msp,rate,20260920,4,angry,baseline_only,0.11345582116748996,0.08892764629523014,4905
msp,rate,20260920,4,happy,baseline_only,0.03691630746516293,0.019564649975377053,8934
msp,rate,20260920,4,neutral,baseline_only,0.06095368595945248,0.03273725385174383,13976
msp,rate,20260920,4,sad,baseline_only,0.2243175977476985,0.45374775963348773,2999
msp,rate,20260920,4,surprise,baseline_only,0.06664021802769514,0.5499964807976176,1214
msp,rate,20260920,4,angry,relative_plus_baseline,0.16739615263596205,0.25870946070008793,4905
msp,rate,20260920,4,happy,relative_plus_baseline,0.014217396707606038,0.007285078274232158,8934
msp,rate,20260920,4,neutral,relative_plus_baseline,0.11938343181590162,0.06767529604666497,13976
msp,rate,20260920,4,sad,relative_plus_baseline,0.20145244848168528,0.34204301039909485,2999
msp,rate,20260920,4,surprise,relative_plus_baseline,0.06659606705428363,0.4544143854811359,1214
msp,rate,20260921,0,angry,absolute,0.02647556355088546,0.014576502918480968,4582
msp,rate,20260921,0,happy,absolute,0.05543785802056598,0.0305416848151333,7785
msp,rate,20260921,0,neutral,absolute,0.5155983141769062,0.5618013261799318,12411
msp,rate,20260921,0,sad,absolute,0.1976610515043016,0.4535191382816942,2529
msp,rate,20260921,0,surprise,absolute,0.0,0.0,874
msp,rate,20260921,0,angry,relative,0.18591982242799712,0.549278591239837,4582
msp,rate,20260921,0,happy,relative,0.02886929166528065,0.01562669925396562,7785
msp,rate,20260921,0,neutral,relative,0.05683433608110908,0.030229722597412783,12411
msp,rate,20260921,0,sad,relative,0.02324624970001512,0.012632800211741598,2529
msp,rate,20260921,0,surprise,relative,0.07328319309118898,0.47809180055948614,874
msp,rate,20260921,0,angry,baseline_only,0.13467254348948762,0.2841722854617011,4582
msp,rate,20260921,0,happy,baseline_only,0.09308397112337005,0.05713813047272403,7785
msp,rate,20260921,0,neutral,baseline_only,0.0435346555581063,0.0227934477666626,12411
msp,rate,20260921,0,sad,baseline_only,0.06777954457815745,0.052586595758834634,2529
msp,rate,20260921,0,surprise,baseline_only,0.06452177627565811,0.5174773019886574,874
msp,rate,20260921,0,angry,relative_plus_baseline,0.13500633759306357,0.2354074653645022,4582
msp,rate,20260921,0,happy,relative_plus_baseline,0.015615761193713787,0.008075992592470202,7785
msp,rate,20260921,0,neutral,relative_plus_baseline,0.2906444447853029,0.2067832198895472,12411
msp,rate,20260921,0,sad,relative_plus_baseline,0.15983986211213902,0.20879607706470238,2529
msp,rate,20260921,0,surprise,relative_plus_baseline,0.07076548575028242,0.39326994016758327,874
msp,rate,20260921,1,angry,absolute,0.016338540414625395,0.008693590143402794,4929
msp,rate,20260921,1,happy,absolute,0.005759844767863588,0.0029202398969753393,9215
msp,rate,20260921,1,neutral,absolute,0.5157148015239876,0.5747780598623644,12200
msp,rate,20260921,1,sad,absolute,0.21707323615386406,0.45336538901622386,3454
msp,rate,20260921,1,surprise,absolute,0.014018635780680161,0.011851032737577774,1132
msp,rate,20260921,1,angry,relative,0.18329953030203516,0.5368104557505649,4929
msp,rate,20260921,1,happy,relative,0.030418643616336793,0.016288845407814924,9215
msp,rate,20260921,1,neutral,relative,0.03963130690387597,0.02068247554177801,12200
msp,rate,20260921,1,sad,relative,0.023754546855952567,0.013290502306344704,3454
msp,rate,20260921,1,surprise,relative,0.06863206858256647,0.4695696639860819,1132
msp,rate,20260921,1,angry,baseline_only,0.04487217264323227,0.03113363859287644,4929
msp,rate,20260921,1,happy,baseline_only,0.06998829293598688,0.03996266585454799,9215
msp,rate,20260921,1,neutral,baseline_only,0.047128051090286255,0.02530958589410317,12200
msp,rate,20260921,1,sad,baseline_only,0.22676068604680613,0.3899087000819756,3454
msp,rate,20260921,1,surprise,baseline_only,0.06542050316937914,0.5988135723512973,1132
msp,rate,20260921,1,angry,relative_plus_baseline,0.13469767077711806,0.17057862922149383,4929
msp,rate,20260921,1,happy,relative_plus_baseline,0.015199934694580612,0.007772165502587059,9215
msp,rate,20260921,1,neutral,relative_plus_baseline,0.235493202107727,0.15876547770292854,12200
msp,rate,20260921,1,sad,relative_plus_baseline,0.19391748556088123,0.2637133724415304,3454
msp,rate,20260921,1,surprise,relative_plus_baseline,0.06615631609781233,0.4822051871114365,1132
msp,rate,20260921,2,angry,absolute,0.016589825517044802,0.008898969444120683,4472
msp,rate,20260921,2,happy,absolute,0.020150144005082048,0.010497306067559024,7742
msp,rate,20260921,2,neutral,absolute,0.5100057574804834,0.5723623564730211,11077
msp,rate,20260921,2,sad,absolute,0.2010876465499804,0.4425585368008062,2444
msp,rate,20260921,2,surprise,absolute,0.024163017192329557,0.0232686356671588,984
msp,rate,20260921,2,angry,relative,0.19449604995697414,0.5493033494311965,4472
msp,rate,20260921,2,happy,relative,0.03382454255104383,0.018041197998903566,7742
msp,rate,20260921,2,neutral,relative,0.04506800715645374,0.023733792513155876,11077
msp,rate,20260921,2,sad,relative,0.030264948131477832,0.01814333959529265,2444
msp,rate,20260921,2,surprise,relative,0.06425401794068118,0.4161296334225428,984
msp,rate,20260921,2,angry,baseline_only,0.08205624768470043,0.06323225086449835,4472
msp,rate,20260921,2,happy,baseline_only,0.09912714004839393,0.05720678643866485,7742
msp,rate,20260921,2,neutral,baseline_only,0.07545165658449872,0.040805069372774255,11077
msp,rate,20260921,2,sad,baseline_only,0.2117609252503011,0.4062683177844855,2444
msp,rate,20260921,2,surprise,baseline_only,0.06970098273010106,0.5799760249820768,984
msp,rate,20260921,2,angry,relative_plus_baseline,0.16852143748546197,0.23803881997195753,4472
msp,rate,20260921,2,happy,relative_plus_baseline,0.020213898811398658,0.010391147942461536,7742
msp,rate,20260921,2,neutral,relative_plus_baseline,0.2571723785276182,0.17562812561770555,11077
msp,rate,20260921,2,sad,relative_plus_baseline,0.17869450239233275,0.2670565895056235,2444
msp,rate,20260921,2,surprise,relative_plus_baseline,0.06683932359688438,0.4195320491421686,984
msp,rate,20260921,3,angry,absolute,0.026118503054579335,0.015203795364123508,7479
msp,rate,20260921,3,happy,absolute,0.019287107114158174,0.010004893329640129,7864
msp,rate,20260921,3,neutral,absolute,0.5129467045317219,0.5472580591770245,12569
msp,rate,20260921,3,sad,absolute,0.23637281173800379,0.481763380942391,3288
msp,rate,20260921,3,surprise,absolute,0.03613851716400206,0.03721363810012327,869
msp,rate,20260921,3,angry,relative,0.17459198420383984,0.5175808726858725,7479
msp,rate,20260921,3,happy,relative,0.0456229344190595,0.02482892150230413,7864
msp,rate,20260921,3,neutral,relative,0.05254216449953481,0.027709624351549486,12569
msp,rate,20260921,3,sad,relative,0.03167791399572967,0.01834017143443326,3288
msp,rate,20260921,3,surprise,relative,0.05629593833176324,0.43923588854032186,869
msp,rate,20260921,3,angry,baseline_only,0.08027752530502005,0.06271703372209979,7479
msp,rate,20260921,3,happy,baseline_only,0.15973298590413965,0.10488152125386145,7864
msp,rate,20260921,3,neutral,baseline_only,0.045873805780722365,0.024333180419752395,12569
msp,rate,20260921,3,sad,baseline_only,0.2450737221243203,0.4531181479203185,3288
msp,rate,20260921,3,surprise,baseline_only,0.06339995010250496,0.5487296697635639,869
msp,rate,20260921,3,angry,relative_plus_baseline,0.16913868522905065,0.28159363414158783,7479
msp,rate,20260921,3,happy,relative_plus_baseline,0.021969592280063573,0.011453143579454688,7864
msp,rate,20260921,3,neutral,relative_plus_baseline,0.3402854909055249,0.25455288182088937,12569
msp,rate,20260921,3,sad,relative_plus_baseline,0.22192233307560993,0.3144393574790032,3288
msp,rate,20260921,3,surprise,relative_plus_baseline,0.06585837006078259,0.3420712472184775,869
msp,rate,20260921,4,angry,absolute,0.019932888897823898,0.010685749712582031,6255
msp,rate,20260921,4,happy,absolute,0.02035620880553963,0.010650923106709918,7914
msp,rate,20260921,4,neutral,absolute,0.5153853520564989,0.5620092737180655,11778
msp,rate,20260921,4,sad,absolute,0.22896896049546026,0.46038352452629505,3168
msp,rate,20260921,4,surprise,absolute,0.031058947243519226,0.027833644882755852,917
msp,rate,20260921,4,angry,relative,0.1982149871719152,0.5739099158986585,6255
msp,rate,20260921,4,happy,relative,0.04038128465054911,0.021913583358877036,7914
msp,rate,20260921,4,neutral,relative,0.046895000856483904,0.024641364065319204,11778
msp,rate,20260921,4,sad,relative,0.0230226025716333,0.013120522304950063,3168
msp,rate,20260921,4,surprise,relative,0.05863720365414339,0.41152558485052626,917
msp,rate,20260921,4,angry,baseline_only,0.1564297287946044,0.30776931476043196,6255
msp,rate,20260921,4,happy,baseline_only,0.14264795105900568,0.09323311395762045,7914
msp,rate,20260921,4,neutral,baseline_only,0.022796314011331944,0.011876019638316178,11778
msp,rate,20260921,4,sad,baseline_only,0.09177268339848065,0.07497139030855696,3168
msp,rate,20260921,4,surprise,baseline_only,0.06796151701027432,0.5732562018599291,917
msp,rate,20260921,4,angry,relative_plus_baseline,0.1707612692506708,0.2859061799973411,6255
msp,rate,20260921,4,happy,relative_plus_baseline,0.011956773816314806,0.006104725853633195,7914
msp,rate,20260921,4,neutral,relative_plus_baseline,0.3127847377460784,0.23180678981008507,11778
msp,rate,20260921,4,sad,relative_plus_baseline,0.1622020038130093,0.1854062947229648,3168
msp,rate,20260921,4,surprise,relative_plus_baseline,0.07088388937045322,0.4206887734594314,917
msp,rate,20260922,0,angry,absolute,0.019846153567156348,0.010985127630661803,6852
msp,rate,20260922,0,happy,absolute,0.005338128168631568,0.0027007009928833514,9833
msp,rate,20260922,0,neutral,absolute,0.4978187151406507,0.5532062923646338,12894
msp,rate,20260922,0,sad,absolute,0.2233397105849654,0.49439231556634267,3524
msp,rate,20260922,0,surprise,absolute,0.033977768348787574,0.028733308496822246,1009
msp,rate,20260922,0,angry,relative,0.17914992228697194,0.5502654249453267,6852
msp,rate,20260922,0,happy,relative,0.029742435239135435,0.015714079191607503,9833
msp,rate,20260922,0,neutral,relative,0.04310897002658059,0.022613278246466525,12894
msp,rate,20260922,0,sad,relative,0.027274230318291428,0.015623647792282792,3524
msp,rate,20260922,0,surprise,relative,0.06797464197327013,0.45972986711649905,1009
msp,rate,20260922,0,angry,baseline_only,0.08507992579417119,0.07243752022624791,6852
msp,rate,20260922,0,happy,baseline_only,0.12552688391917394,0.07530996596145406,9833
msp,rate,20260922,0,neutral,baseline_only,0.031120772117108463,0.01624091192950685,12894
msp,rate,20260922,0,sad,baseline_only,0.24010087775891467,0.4674823654711993,3524
msp,rate,20260922,0,surprise,baseline_only,0.06659147198786573,0.5396135141639934,1009
msp,rate,20260922,0,angry,relative_plus_baseline,0.13774292076279931,0.22660174563186564,6852
msp,rate,20260922,0,happy,relative_plus_baseline,0.009823510389397765,0.004991990901050019,9833
msp,rate,20260922,0,neutral,relative_plus_baseline,0.32348311644187216,0.24581034311132816,12894
msp,rate,20260922,0,sad,relative_plus_baseline,0.18890619960464478,0.25218167525516794,3524
msp,rate,20260922,0,surprise,relative_plus_baseline,0.06973649387853763,0.37814497455458107,1009
msp,rate,20260922,1,angry,absolute,0.025816933705497674,0.013849007463511231,7413
msp,rate,20260922,1,happy,absolute,0.01633371613168438,0.008401791110262144,8724
msp,rate,20260922,1,neutral,absolute,0.5281521572486145,0.577997683394864,13557
msp,rate,20260922,1,sad,absolute,0.21552017893569064,0.46688743309531705,3389
msp,rate,20260922,1,surprise,absolute,0.02298654633988221,0.020879049140895896,1075
msp,rate,20260922,1,angry,relative,0.19102859641150932,0.5366661198086681,7413
msp,rate,20260922,1,happy,relative,0.03366472349447641,0.018058564654686835,8724
msp,rate,20260922,1,neutral,relative,0.05871958844273197,0.031116633857224355,13557
msp,rate,20260922,1,sad,relative,0.023326718708704577,0.01334397657225348,3389
msp,rate,20260922,1,surprise,relative,0.05602980819699536,0.39606985971775066,1075
msp,rate,20260922,1,angry,baseline_only,0.06656530748334143,0.04796348537272842,7413
msp,rate,20260922,1,happy,baseline_only,0.10104117486512544,0.061837789761814116,8724
msp,rate,20260922,1,neutral,baseline_only,0.04794627519158705,0.025250402941159673,13557
msp,rate,20260922,1,sad,baseline_only,0.20081876691360306,0.3865977891992452,3389
msp,rate,20260922,1,surprise,baseline_only,0.06288161519627906,0.5652758695048088,1075
msp,rate,20260922,1,angry,relative_plus_baseline,0.17881773813627533,0.26566967516264456,7413
msp,rate,20260922,1,happy,relative_plus_baseline,0.0140193065631319,0.007199924537363635,8724
msp,rate,20260922,1,neutral,relative_plus_baseline,0.26662887947343544,0.18213751439728804,13557
msp,rate,20260922,1,sad,relative_plus_baseline,0.17547866008293847,0.24118913361637287,3389
msp,rate,20260922,1,surprise,relative_plus_baseline,0.06163000422215999,0.4145859194718704,1075
msp,rate,20260922,2,angry,absolute,0.009143549840882495,0.004910201522207219,4900
msp,rate,20260922,2,happy,absolute,0.01693469237178242,0.008710657022268344,6658
msp,rate,20260922,2,neutral,absolute,0.5095778396988898,0.5608142695239001,11688
msp,rate,20260922,2,sad,absolute,0.21379279956232292,0.4295870380547009,2709
msp,rate,20260922,2,surprise,absolute,0.023052443419203577,0.02225997197799673,925
msp,rate,20260922,2,angry,relative,0.1903434663620648,0.5661456755904282,4900
msp,rate,20260922,2,happy,relative,0.0445498454577538,0.024559914981615832,6658
msp,rate,20260922,2,neutral,relative,0.04475310941388837,0.02354716753847239,11688
msp,rate,20260922,2,sad,relative,0.21077162853802683,0.42138705883641386,2709
msp,rate,20260922,2,surprise,relative,0.03755655235887703,0.029492495926409405,925
msp,rate,20260922,2,angry,baseline_only,0.10027315827757079,0.08298439640330468,4900
msp,rate,20260922,2,happy,baseline_only,0.1138001121792093,0.07061307248619243,6658
msp,rate,20260922,2,neutral,baseline_only,0.04992763833237317,0.026645647486333638,11688
msp,rate,20260922,2,sad,baseline_only,0.20474623121680122,0.3540988389422167,2709
msp,rate,20260922,2,surprise,baseline_only,0.07053889886366584,0.5439869382182592,925
msp,rate,20260922,2,angry,relative_plus_baseline,0.16429502950512076,0.2595793918826438,4900
msp,rate,20260922,2,happy,relative_plus_baseline,0.014875905032751366,0.007689867968153004,6658
msp,rate,20260922,2,neutral,relative_plus_baseline,0.32334841993887264,0.24256025343049084,11688
msp,rate,20260922,2,sad,relative_plus_baseline,0.17185044603974084,0.22890286673227825,2709
msp,rate,20260922,2,surprise,relative_plus_baseline,0.07812170424563329,0.3829738909484347,925
msp,rate,20260922,3,angry,absolute,0.014055219246806711,0.007357658211092312,5000
msp,rate,20260922,3,happy,absolute,0.01454402733002732,0.0075003226514849825,8556
msp,rate,20260922,3,neutral,absolute,0.5097887383654685,0.5605530426446862,11694
msp,rate,20260922,3,sad,absolute,0.2207615582512287,0.4622836468873455,2727
msp,rate,20260922,3,surprise,absolute,0.022865894237528068,0.02271567599114093,1100
msp,rate,20260922,3,angry,relative,0.1936617938776588,0.5213409369816934,5000
msp,rate,20260922,3,happy,relative,0.04034011309198921,0.021753066994606055,8556
msp,rate,20260922,3,neutral,relative,0.04265271635449878,0.022383090050738384,11694
msp,rate,20260922,3,sad,relative,0.2047361377706588,0.4351582222895546,2727
msp,rate,20260922,3,surprise,relative,0.01150911151578454,0.008912326370335896,1100
msp,rate,20260922,3,angry,baseline_only,0.0827457734082645,0.07261323471059657,5000
msp,rate,20260922,3,happy,baseline_only,0.13966723978826112,0.08901874440852033,8556
msp,rate,20260922,3,neutral,baseline_only,0.05758508317437881,0.03074858982935875,11694
msp,rate,20260922,3,sad,baseline_only,0.21137283825789444,0.3555383039641163,2727
msp,rate,20260922,3,surprise,baseline_only,0.07011146998601432,0.5864335135268207,1100
msp,rate,20260922,3,angry,relative_plus_baseline,0.13909430092631275,0.20527809945395328,5000
msp,rate,20260922,3,happy,relative_plus_baseline,0.016587194421188268,0.008606371479560447,8556
msp,rate,20260922,3,neutral,relative_plus_baseline,0.23575296229821985,0.1579361715628393,11694
msp,rate,20260922,3,sad,relative_plus_baseline,0.1911749103563228,0.25873230471281894,2727
msp,rate,20260922,3,surprise,relative_plus_baseline,0.06869579275822812,0.4470006597666125,1100
msp,rate,20260922,4,angry,absolute,0.016669398208469688,0.00905488004020775,3552
msp,rate,20260922,4,happy,absolute,0.011956597874575403,0.006119753216726793,6749
msp,rate,20260922,4,neutral,absolute,0.5263867510753761,0.5712273159838647,10202
msp,rate,20260922,4,sad,absolute,0.20773594515571364,0.4405826466345735,2534
msp,rate,20260922,4,surprise,absolute,0.02335579263632941,0.024461878775063707,667
msp,rate,20260922,4,angry,relative,0.18167803284510434,0.5548174678319976,3552
msp,rate,20260922,4,happy,relative,0.0423658229062458,0.022777116567360995,6749
msp,rate,20260922,4,neutral,relative,0.04826189316435884,0.025405390236675728,10202
msp,rate,20260922,4,sad,relative,0.03541983685722128,0.020487200942840948,2534
msp,rate,20260922,4,surprise,relative,0.058177171332920746,0.44368040496455435,667
msp,rate,20260922,4,angry,baseline_only,0.10080603380248405,0.08338177122408816,3552
msp,rate,20260922,4,happy,baseline_only,0.13795931171979461,0.08745879384877055,6749
msp,rate,20260922,4,neutral,baseline_only,0.031830601653976796,0.016483579338237957,10202
msp,rate,20260922,4,sad,baseline_only,0.21346260134254125,0.3758897536887683,2534
msp,rate,20260922,4,surprise,baseline_only,0.06335852667338208,0.6179172623601299,667
msp,rate,20260922,4,angry,relative_plus_baseline,0.1692411306544639,0.2663366587980429,3552
msp,rate,20260922,4,happy,relative_plus_baseline,0.02407794290963512,0.012417812726096204,6749
msp,rate,20260922,4,neutral,relative_plus_baseline,0.30028425190021885,0.21533260964775233,10202
msp,rate,20260922,4,sad,relative_plus_baseline,0.1811219884458427,0.24002991938371618,2534
msp,rate,20260922,4,surprise,relative_plus_baseline,0.06375011298837435,0.43313868598114896,667
meld,rate,20260920,0,angry,absolute,0.14839716988767798,0.492640350774163,435
meld,rate,20260920,0,happy,absolute,0.024345738331884206,0.013964889694569809,687
meld,rate,20260920,0,neutral,absolute,0.033350306472722496,0.017935231126819207,1770
meld,rate,20260920,0,sad,absolute,0.023795889536899793,0.019399966789250232,321
meld,rate,20260920,0,surprise,absolute,0.18918374575362867,0.504373086208204,467
meld,rate,20260920,0,angry,relative,0.1395953696462607,0.4535689266040915,435
meld,rate,20260920,0,happy,relative,0.07119164057322185,0.04574748011700935,687
meld,rate,20260920,0,neutral,relative,0.05451317343284685,0.029474310570668745,1770
meld,rate,20260920,0,sad,relative,0.05037945687737214,0.04602284643687606,321
meld,rate,20260920,0,surprise,relative,0.18358182413084595,0.45581828819395187,467
meld,rate,20260920,0,angry,baseline_only,0.0,0.0,435
meld,rate,20260920,0,happy,baseline_only,0.0,0.0,687
meld,rate,20260920,0,neutral,baseline_only,0.2113784437518003,0.1357390897875872,1770
meld,rate,20260920,0,sad,baseline_only,0.03882198185633136,0.15681310260050252,321
meld,rate,20260920,0,surprise,baseline_only,0.09449062430796731,0.29499586373973624,467
meld,rate,20260920,0,angry,relative_plus_baseline,0.16767569657583903,0.4413274086701918,435
meld,rate,20260920,0,happy,relative_plus_baseline,0.015708440375732415,0.008307926530281924,687
meld,rate,20260920,0,neutral,relative_plus_baseline,0.03988432860270751,0.021015087579261748,1770
meld,rate,20260920,0,sad,relative_plus_baseline,0.05345731536813083,0.1575956977096509,321
meld,rate,20260920,0,surprise,relative_plus_baseline,0.2178567720662963,0.4875996105305533,467
meld,rate,20260920,1,angry,absolute,0.0779341841410419,0.39202358890470496,18
meld,rate,20260920,1,happy,absolute,0.0,0.0,44
meld,rate,20260920,1,neutral,absolute,0.084233084017869,0.04639354618009677,153
meld,rate,20260920,1,sad,absolute,0.0,0.0,26
meld,rate,20260920,1,surprise,absolute,0.26391925775052966,0.49770350854068857,36
meld,rate,20260920,1,angry,relative,0.07924086999807335,0.38870639918059313,18
meld,rate,20260920,1,happy,relative,0.0,0.0,44
meld,rate,20260920,1,neutral,relative,0.08849766189606552,0.04749275974991516,153
meld,rate,20260920,1,sad,relative,0.0,0.0,26
meld,rate,20260920,1,surprise,relative,0.2684094044043868,0.5227469253375936,36
meld,rate,20260920,1,angry,baseline_only,0.0,0.0,18
meld,rate,20260920,1,happy,baseline_only,0.0,0.0,44
meld,rate,20260920,1,neutral,baseline_only,0.0,0.0,153
meld,rate,20260920,1,sad,baseline_only,0.2446149458338594,0.6383513506918179,26
meld,rate,20260920,1,surprise,baseline_only,0.1533046339961712,0.4452224142201416,36
meld,rate,20260920,1,angry,relative_plus_baseline,0.04794112523430579,0.1514152666861866,18
meld,rate,20260920,1,happy,relative_plus_baseline,0.0,0.0,44
meld,rate,20260920,1,neutral,relative_plus_baseline,0.01328736895514532,0.006688118224806981,153
meld,rate,20260920,1,sad,relative_plus_baseline,0.25362050495298316,0.4679591986139242,26
meld,rate,20260920,1,surprise,relative_plus_baseline,0.21656962517625072,0.4169866497875872,36
meld,rate,20260920,2,angry,absolute,0.08436632715475795,0.5160393740113595,194
meld,rate,20260920,2,happy,absolute,0.10865081038279446,0.07067468293944996,275
meld,rate,20260920,2,neutral,absolute,0.134206139496242,0.0732032069735085,864
meld,rate,20260920,2,sad,absolute,0.011731979434716851,0.01686780440883356,144
meld,rate,20260920,2,surprise,absolute,0.17279767336929652,0.437957644653501,187
meld,rate,20260920,2,angry,relative,0.07315326857052998,0.47282908704062654,194
meld,rate,20260920,2,happy,relative,0.005333993859759364,0.003797842043552071,275
meld,rate,20260920,2,neutral,relative,0.11815761729462275,0.06379228464357001,864
meld,rate,20260920,2,sad,relative,0.017532603496701656,0.020616205388574352,144
meld,rate,20260920,2,surprise,relative,0.1823574922774085,0.43925461942708977,187
meld,rate,20260920,2,angry,baseline_only,0.0,0.0,194
meld,rate,20260920,2,happy,baseline_only,0.0,0.0,275
meld,rate,20260920,2,neutral,baseline_only,0.0,0.0,864
meld,rate,20260920,2,sad,baseline_only,0.05322069176281293,0.38769175847604753,144
meld,rate,20260920,2,surprise,baseline_only,0.18368597582282745,0.6955332067867567,187
meld,rate,20260920,2,angry,relative_plus_baseline,0.05888368778758136,0.2748132502269147,194
meld,rate,20260920,2,happy,relative_plus_baseline,0.1124111640264029,0.08147074487501332,275
meld,rate,20260920,2,neutral,relative_plus_baseline,0.000491899307012449,0.0002460303349403986,864
meld,rate,20260920,2,sad,relative_plus_baseline,0.06751838891677626,0.38769175847604753,144
meld,rate,20260920,2,surprise,relative_plus_baseline,0.19904425811085116,0.3945046228198496,187
meld,rate,20260920,3,angry,absolute,0.19345116250749958,0.7454557838394352,652
meld,rate,20260920,3,happy,absolute,0.0841538106162923,0.0475233369622624,846
meld,rate,20260920,3,neutral,absolute,0.11562854911534087,0.06426885847261708,2588
meld,rate,20260920,3,sad,absolute,0.11760587304113311,0.07842607786120305,397
meld,rate,20260920,3,surprise,absolute,0.2546976787982137,0.5410697514709919,613
meld,rate,20260920,3,angry,relative,0.19098315660826665,0.7508136965919293,652
meld,rate,20260920,3,happy,relative,0.012630718191024983,0.007042723446692153,846
meld,rate,20260920,3,neutral,relative,0.11086190522079052,0.06122393907842745,2588
meld,rate,20260920,3,sad,relative,0.04169034961817597,0.025921350549021612,397
meld,rate,20260920,3,surprise,relative,0.25225611232871326,0.543162076663145,613
meld,rate,20260920,3,angry,baseline_only,0.12847959989175303,0.5293950159034913,652
meld,rate,20260920,3,happy,baseline_only,0.0,0.0,846
meld,rate,20260920,3,neutral,baseline_only,0.0,0.0,2588
meld,rate,20260920,3,sad,baseline_only,0.22448180875525428,0.4566341998551594,397
meld,rate,20260920,3,surprise,baseline_only,0.0,0.0,613
meld,rate,20260920,3,angry,relative_plus_baseline,0.17210108258127485,0.515441982485021,652
meld,rate,20260920,3,happy,relative_plus_baseline,0.006943292117705429,0.0036027573263118745,846
meld,rate,20260920,3,neutral,relative_plus_baseline,0.14353996032084665,0.08268674711706497,2588
meld,rate,20260920,3,sad,relative_plus_baseline,0.22888896086893734,0.3323283489974598,397
meld,rate,20260920,3,surprise,relative_plus_baseline,0.22074621921072649,0.38684268321039306,613
meld,rate,20260920,4,angry,absolute,0.3122954353057219,0.8052200651617994,33
meld,rate,20260920,4,happy,absolute,0.18067944350341633,0.1174559427626466,42
meld,rate,20260920,4,neutral,absolute,0.10003122910904401,0.05407722075206249,142
meld,rate,20260920,4,sad,absolute,0.0,0.0,16
meld,rate,20260920,4,surprise,absolute,0.28062501528291034,0.5257227820331486,31
meld,rate,20260920,4,angry,relative,0.2827922248330189,0.7101040237244485,33
meld,rate,20260920,4,happy,relative,0.046635494773762866,0.029617123498339767,42
meld,rate,20260920,4,neutral,relative,0.058681119185642255,0.031698629256866784,142
meld,rate,20260920,4,sad,relative,0.0,0.0,16
meld,rate,20260920,4,surprise,relative,0.29023860770816934,0.5673012368338428,31
meld,rate,20260920,4,angry,baseline_only,0.0,0.0,33
meld,rate,20260920,4,happy,baseline_only,0.10470511446918171,0.08619750638226484,42
meld,rate,20260920,4,neutral,baseline_only,0.0,0.0,142
meld,rate,20260920,4,sad,baseline_only,0.11794895577300632,0.43039259927797846,16
meld,rate,20260920,4,surprise,baseline_only,0.1745237938106029,0.4325092149219648,31
meld,rate,20260920,4,angry,relative_plus_baseline,0.20577529292183958,0.35103274458536904,33
meld,rate,20260920,4,happy,relative_plus_baseline,0.049576496261332904,0.044584917094274916,42
meld,rate,20260920,4,neutral,relative_plus_baseline,0.0,0.0,142
meld,rate,20260920,4,sad,relative_plus_baseline,0.13598098248340168,0.35642298435619746,16
meld,rate,20260920,4,surprise,relative_plus_baseline,0.2385962018542689,0.41767195382594696,31
meld,rate,20260921,0,angry,absolute,0.13810982257061005,0.4608465333956873,449
meld,rate,20260921,0,happy,absolute,0.05560882973831193,0.03164158095463666,603
meld,rate,20260921,0,neutral,absolute,0.15528786045526355,0.08866960847847542,1814
meld,rate,20260921,0,sad,absolute,0.08356831177939407,0.07297501401146324,312
meld,rate,20260921,0,surprise,absolute,0.23952711836782242,0.4860371070991082,386
meld,rate,20260921,0,angry,relative,0.16081244050536495,0.5697265145499245,449
meld,rate,20260921,0,happy,relative,0.009147740159623925,0.0049935078816476935,603
meld,rate,20260921,0,neutral,relative,0.17468265825292983,0.10186689041321005,1814
meld,rate,20260921,0,sad,relative,0.033986932704354156,0.028197803420412008,312
meld,rate,20260921,0,surprise,relative,0.23751145479947486,0.44678826213508704,386
meld,rate,20260921,0,angry,baseline_only,0.17825429053312608,0.5677855476642588,449
meld,rate,20260921,0,happy,baseline_only,0.0,0.0,603
meld,rate,20260921,0,neutral,baseline_only,0.0,0.0,1814
meld,rate,20260921,0,sad,baseline_only,0.15712706051681316,0.5351114541088048,312
meld,rate,20260921,0,surprise,baseline_only,0.0,0.0,386
meld,rate,20260921,0,angry,relative_plus_baseline,0.17957708371108386,0.4431201112776653,449
meld,rate,20260921,0,happy,relative_plus_baseline,0.0704310873969696,0.05362489850226045,603
meld,rate,20260921,0,neutral,relative_plus_baseline,0.027834001385004973,0.01418450966720129,1814
meld,rate,20260921,0,sad,relative_plus_baseline,0.13469610860873013,0.3490295576578385,312
meld,rate,20260921,0,surprise,relative_plus_baseline,0.28323632564039397,0.3683788346756685,386
meld,rate,20260921,1,angry,absolute,0.14345892971160842,0.7186334000513118,15
meld,rate,20260921,1,happy,absolute,0.0,0.0,40
meld,rate,20260921,1,neutral,absolute,0.10298970009579948,0.05532994790360284,148
meld,rate,20260921,1,sad,absolute,0.0,0.0,17
meld,rate,20260921,1,surprise,absolute,0.24798975900127712,0.4830701765590623,28
meld,rate,20260921,1,angry,relative,0.1471026024880716,0.7186334000513118,15
meld,rate,20260921,1,happy,relative,0.0,0.0,40
meld,rate,20260921,1,neutral,relative,0.0961629620631199,0.05144207960907082,148
meld,rate,20260921,1,sad,relative,0.0,0.0,17
meld,rate,20260921,1,surprise,relative,0.24213120764707777,0.47019530211891464,28
meld,rate,20260921,1,angry,baseline_only,0.0,0.0,15
meld,rate,20260921,1,happy,baseline_only,0.0,0.0,40
meld,rate,20260921,1,neutral,baseline_only,0.0,0.0,148
meld,rate,20260921,1,sad,baseline_only,0.12403426253068114,0.431860231370181,17
meld,rate,20260921,1,surprise,baseline_only,0.09921607017583974,0.2910355853741356,28
meld,rate,20260921,1,angry,relative_plus_baseline,0.1590313877378741,0.5344300383844528,15
meld,rate,20260921,1,happy,relative_plus_baseline,0.10146853102494559,0.07314486206856857,40
meld,rate,20260921,1,neutral,relative_plus_baseline,0.0,0.0,148
meld,rate,20260921,1,sad,relative_plus_baseline,0.058964640428217634,0.14271775886482374,17
meld,rate,20260921,1,surprise,relative_plus_baseline,0.22094513702902951,0.38025124921186915,28
meld,rate,20260921,2,angry,absolute,0.15988109721076732,0.6430642383333018,217
meld,rate,20260921,2,happy,absolute,0.05799406216649358,0.03561720604453051,280
meld,rate,20260921,2,neutral,absolute,0.06910239885593945,0.03677172625419022,998
meld,rate,20260921,2,sad,absolute,0.05082642072741273,0.036450268284317314,140
meld,rate,20260921,2,surprise,absolute,0.29517766406981827,0.5466604732125863,233
meld,rate,20260921,2,angry,relative,0.1510477201032902,0.5914944654576744,217
meld,rate,20260921,2,happy,relative,0.05223934459881104,0.030080982543683774,280
meld,rate,20260921,2,neutral,relative,0.06732405655420086,0.03613404017537228,998
meld,rate,20260921,2,sad,relative,0.04929590500424224,0.036450268284317314,140
meld,rate,20260921,2,surprise,relative,0.31879050276386417,0.6098070150988403,233
meld,rate,20260921,2,angry,baseline_only,0.09448512706180914,0.42422611709787256,217
meld,rate,20260921,2,happy,baseline_only,0.1515832303133136,0.2993207755306401,280
meld,rate,20260921,2,neutral,baseline_only,0.0,0.0,998
meld,rate,20260921,2,sad,baseline_only,0.0,0.0,140
meld,rate,20260921,2,surprise,baseline_only,0.0,0.0,233
meld,rate,20260921,2,angry,relative_plus_baseline,0.10021522629739184,0.30841826840736825,217
meld,rate,20260921,2,happy,relative_plus_baseline,0.0395739816236254,0.038169871226135015,280
meld,rate,20260921,2,neutral,relative_plus_baseline,0.019775210929523793,0.010004124906155803,998
meld,rate,20260921,2,sad,relative_plus_baseline,0.3112447149493856,0.4146134081000432,140
meld,rate,20260921,2,surprise,relative_plus_baseline,0.2858381806489496,0.47051343804805396,233
meld,rate,20260921,3,angry,absolute,0.1617337109764511,0.552399513872421,19
meld,rate,20260921,3,happy,absolute,0.1330483364327555,0.08266710068374129,36
meld,rate,20260921,3,neutral,absolute,0.08198960199626867,0.0446895650618253,121
meld,rate,20260921,3,sad,absolute,0.0,0.0,13
meld,rate,20260921,3,surprise,absolute,0.18472051731046668,0.47250980302926865,20
meld,rate,20260921,3,angry,relative,0.09764430479320062,0.31804304007588335,19
meld,rate,20260921,3,happy,relative,0.03983307583042525,0.0252332704775777,36
meld,rate,20260921,3,neutral,relative,0.14025347133175733,0.07823401777454173,121
meld,rate,20260921,3,sad,relative,0.0,0.0,13
meld,rate,20260921,3,surprise,relative,0.18047857594696382,0.47250980302926865,20
meld,rate,20260921,3,angry,baseline_only,0.0,0.0,19
meld,rate,20260921,3,happy,baseline_only,0.0,0.0,36
meld,rate,20260921,3,neutral,baseline_only,0.0,0.0,121
meld,rate,20260921,3,sad,baseline_only,0.12847637206561666,0.3957940884337432,13
meld,rate,20260921,3,surprise,baseline_only,0.18198296880951284,0.7447040888302349,20
meld,rate,20260921,3,angry,relative_plus_baseline,0.09727078363340107,0.26929689352620345,19
meld,rate,20260921,3,happy,relative_plus_baseline,0.0,0.0,36
meld,rate,20260921,3,neutral,relative_plus_baseline,0.042951670949078646,0.0221906805824236,121
meld,rate,20260921,3,sad,relative_plus_baseline,0.19253100972151643,0.3957940884337432,13
meld,rate,20260921,3,surprise,relative_plus_baseline,0.18050446032397782,0.47250980302926865,20
meld,rate,20260921,4,angry,absolute,0.21542023376822686,0.7022689017952297,632
meld,rate,20260921,4,happy,absolute,0.17846901870737272,0.10832713479640996,935
meld,rate,20260921,4,neutral,absolute,0.1075041000193719,0.05839134892402926,2436
meld,rate,20260921,4,sad,absolute,0.03591724980426393,0.030439627723612684,422
meld,rate,20260921,4,surprise,absolute,0.20161613720723798,0.5774927924797746,667
meld,rate,20260921,4,angry,relative,0.2185873799032266,0.7203857986237513,632
meld,rate,20260921,4,happy,relative,0.04733229271401849,0.0276288568959865,935
meld,rate,20260921,4,neutral,relative,0.09752815394472639,0.0520421583437685,2436
meld,rate,20260921,4,sad,relative,0.03250927521470168,0.0342547677908574,422
meld,rate,20260921,4,surprise,relative,0.20614428023542775,0.5878329583114376,667
meld,rate,20260921,4,angry,baseline_only,0.0,0.0,632
meld,rate,20260921,4,happy,baseline_only,0.24519864607176023,0.5037360256187188,935
meld,rate,20260921,4,neutral,baseline_only,0.0,0.0,2436
meld,rate,20260921,4,sad,baseline_only,0.010626123410742592,0.049467253554152595,422
meld,rate,20260921,4,surprise,baseline_only,0.0,0.0,667
meld,rate,20260921,4,angry,relative_plus_baseline,0.17505450509063367,0.42241795830410744,632
meld,rate,20260921,4,happy,relative_plus_baseline,0.11239749180276769,0.08668394147589714,935
meld,rate,20260921,4,neutral,relative_plus_baseline,0.0013206874975502136,0.0006611640551716175,2436
meld,rate,20260921,4,sad,relative_plus_baseline,0.013922151904772997,0.049467253554152595,422
meld,rate,20260921,4,surprise,relative_plus_baseline,0.20744385984228458,0.48324061423237424,667
meld,rate,20260922,0,angry,absolute,0.19283311014357624,0.7185596567127776,202
meld,rate,20260922,0,happy,absolute,0.21165769546467048,0.13215183107935316,260
meld,rate,20260922,0,neutral,absolute,0.11185557336199624,0.06039666939002558,951
meld,rate,20260922,0,sad,absolute,0.005171203608301639,0.003390915625561618,116
meld,rate,20260922,0,surprise,absolute,0.22974397012995537,0.5214121199856195,210
meld,rate,20260922,0,angry,relative,0.136948681251343,0.5223732018292809,202
meld,rate,20260922,0,happy,relative,0.004462631187799516,0.002607006604368071,260
meld,rate,20260922,0,neutral,relative,0.08569202727334962,0.047104103772058474,951
meld,rate,20260922,0,sad,relative,0.004670169028514832,0.003390915625561618,116
meld,rate,20260922,0,surprise,relative,0.22306584604551224,0.48457519698610724,210
meld,rate,20260922,0,angry,baseline_only,0.0,0.0,202
meld,rate,20260922,0,happy,baseline_only,0.0,0.0,260
meld,rate,20260922,0,neutral,baseline_only,0.0,0.0,951
meld,rate,20260922,0,sad,baseline_only,0.15544286830359597,0.6470352866106851,116
meld,rate,20260922,0,surprise,baseline_only,0.15348699215899567,0.38205887570523256,210
meld,rate,20260922,0,angry,relative_plus_baseline,0.11057660203908368,0.2611494504092704,202
meld,rate,20260922,0,happy,relative_plus_baseline,0.09920152427146424,0.07356103635325242,260
meld,rate,20260922,0,neutral,relative_plus_baseline,0.0022196314820296906,0.0011119991738073836,951
meld,rate,20260922,0,sad,relative_plus_baseline,0.1801198104369939,0.5233092527230052,116
meld,rate,20260922,0,surprise,relative_plus_baseline,0.19827539990133614,0.34972891795551014,210
meld,rate,20260922,1,angry,absolute,0.1203076067474893,0.3766818145573731,472
meld,rate,20260922,1,happy,absolute,0.014546728696464844,0.008459092858484686,613
meld,rate,20260922,1,neutral,absolute,0.16173647634311278,0.0920188563932696,1795
meld,rate,20260922,1,sad,absolute,0.06492137801712804,0.06558240489241826,285
meld,rate,20260922,1,surprise,absolute,0.22563767585814792,0.5155365993741907,432
meld,rate,20260922,1,angry,relative,0.12678400149874955,0.44281886818394056,472
meld,rate,20260922,1,happy,relative,0.05616272013855266,0.04147959753787356,613
meld,rate,20260922,1,neutral,relative,0.12657786763100023,0.07011272542053462,1795
meld,rate,20260922,1,sad,relative,0.04973097593783791,0.04722399849720329,285
meld,rate,20260922,1,surprise,relative,0.2176491582425049,0.4273885957630359,432
meld,rate,20260922,1,angry,baseline_only,0.05839514034462947,0.1663100367016564,472
meld,rate,20260922,1,happy,baseline_only,0.0,0.0,613
meld,rate,20260922,1,neutral,baseline_only,0.0,0.0,1795
meld,rate,20260922,1,sad,baseline_only,0.1553274483747378,0.8429507988049553,285
meld,rate,20260922,1,surprise,baseline_only,0.0,0.0,432
meld,rate,20260922,1,angry,relative_plus_baseline,0.048441063597055085,0.09980986575385462,472
meld,rate,20260922,1,happy,relative_plus_baseline,0.0,0.0,613
meld,rate,20260922,1,neutral,relative_plus_baseline,0.12324367095923347,0.06796093074440344,1795
meld,rate,20260922,1,sad,relative_plus_baseline,0.1465040653366137,0.550618414402766,285
meld,rate,20260922,1,surprise,relative_plus_baseline,0.24163256863336205,0.408576937620568,432
meld,rate,20260922,2,angry,absolute,0.11613130156776494,0.6503161408458881,198
meld,rate,20260922,2,happy,absolute,0.0829958129138627,0.04957819112397994,290
meld,rate,20260922,2,neutral,absolute,0.05234351129198948,0.027709642493613684,858
meld,rate,20260922,2,sad,absolute,0.09297995427060518,0.0753456659815249,156
meld,rate,20260922,2,surprise,absolute,0.2077367105569098,0.4496391203837302,192
meld,rate,20260922,2,angry,relative,0.09508506409841824,0.5517233476945629,198
meld,rate,20260922,2,happy,relative,0.004420576514676063,0.0026641808758481075,290
meld,rate,20260922,2,neutral,relative,0.08670196685441045,0.046326770792264174,858
meld,rate,20260922,2,sad,relative,0.011076659359835263,0.00737181230060663,156
meld,rate,20260922,2,surprise,relative,0.20980738742209998,0.450719578886712,192
meld,rate,20260922,2,angry,baseline_only,0.0,0.0,198
meld,rate,20260922,2,happy,baseline_only,0.0,0.0,290
meld,rate,20260922,2,neutral,baseline_only,0.0,0.0,858
meld,rate,20260922,2,sad,baseline_only,0.14147188944625,0.4139462408696647,156
meld,rate,20260922,2,surprise,baseline_only,0.17030761694105814,0.5514359412236349,192
meld,rate,20260922,2,angry,relative_plus_baseline,0.11860182341019831,0.468898470495384,198
meld,rate,20260922,2,happy,relative_plus_baseline,0.04993014943071409,0.03297208468570992,290
meld,rate,20260922,2,neutral,relative_plus_baseline,0.0,0.0,858
meld,rate,20260922,2,sad,relative_plus_baseline,0.1463722259968754,0.3257281895367853,156
meld,rate,20260922,2,surprise,relative_plus_baseline,0.1911952195818182,0.35438121425546115,192
meld,rate,20260922,3,angry,absolute,0.23990984661603504,0.759978969272281,215
meld,rate,20260922,3,happy,absolute,0.0037289141906027222,0.0021275083369813523,355
meld,rate,20260922,3,neutral,absolute,0.1463451159206891,0.08154486708808438,856
meld,rate,20260922,3,sad,absolute,0.012549283916492519,0.009109482476280722,209
meld,rate,20260922,3,surprise,absolute,0.19634738610428876,0.46452511844240263,242
meld,rate,20260922,3,angry,relative,0.26175308605309294,0.7924128818463114,215
meld,rate,20260922,3,happy,relative,0.07512639020077062,0.04252221917526604,355
meld,rate,20260922,3,neutral,relative,0.14778637991937202,0.08104778782853904,856
meld,rate,20260922,3,sad,relative,0.06669792476193846,0.0535270824206911,209
meld,rate,20260922,3,surprise,relative,0.19935784992804176,0.5080811369526296,242
meld,rate,20260922,3,angry,baseline_only,0.0,0.0,215
meld,rate,20260922,3,happy,baseline_only,0.0987264849639238,0.06808026678340304,355
meld,rate,20260922,3,neutral,baseline_only,0.0,0.0,856
meld,rate,20260922,3,sad,baseline_only,0.18776234000745762,0.4858111792307928,209
meld,rate,20260922,3,surprise,baseline_only,0.13492043562482114,0.5610943650969479,242
meld,rate,20260922,3,angry,relative_plus_baseline,0.21706438485723517,0.5340161160251538,215
meld,rate,20260922,3,happy,relative_plus_baseline,0.00604890207435626,0.0030730675978619536,355
meld,rate,20260922,3,neutral,relative_plus_baseline,0.06807730548487045,0.035405985189688724,856
meld,rate,20260922,3,sad,relative_plus_baseline,0.11433476889135787,0.20879615497589418,209
meld,rate,20260922,3,surprise,relative_plus_baseline,0.17753553352871917,0.46769282887950997,242
meld,rate,20260922,4,angry,absolute,0.14449012559328606,0.5908598497433203,245
meld,rate,20260922,4,happy,absolute,0.07082886945029507,0.046627434016302094,376
meld,rate,20260922,4,neutral,absolute,0.009358049400213455,0.004838677625248652,1057
meld,rate,20260922,4,sad,absolute,0.009152617305303598,0.006558092429366825,138
meld,rate,20260922,4,surprise,absolute,0.3402784192510047,0.6406761626956977,258
meld,rate,20260922,4,angry,relative,0.15031924181516063,0.5311402860092668,245
meld,rate,20260922,4,happy,relative,0.08593047291303768,0.05581862437734996,376
meld,rate,20260922,4,neutral,relative,0.08416083374872046,0.04517535141898151,1057
meld,rate,20260922,4,sad,relative,0.006764343816228497,0.005961902208515295,138
meld,rate,20260922,4,surprise,relative,0.34474708961021305,0.7111586526059054,258
meld,rate,20260922,4,angry,baseline_only,0.16669597627925511,0.8706234973438937,245
meld,rate,20260922,4,happy,baseline_only,0.0,0.0,376
meld,rate,20260922,4,neutral,baseline_only,0.0,0.0,1057
meld,rate,20260922,4,sad,baseline_only,0.11467052525968888,0.18100835404538465,138
meld,rate,20260922,4,surprise,baseline_only,0.1024561193112853,0.0871038260202794,258
meld,rate,20260922,4,angry,relative_plus_baseline,0.15051242852676724,0.5686685886375082,245
meld,rate,20260922,4,happy,relative_plus_baseline,0.004928485066351699,0.00274003504766818,376
meld,rate,20260922,4,neutral,relative_plus_baseline,0.004372989042343477,0.0022509345354923523,1057
meld,rate,20260922,4,sad,relative_plus_baseline,0.0,0.0,138
meld,rate,20260922,4,surprise,relative_plus_baseline,0.30682599196670773,0.6474936743147189,258
