dataset,seed,fold,K,speaker_id,k_estimate_st,neutral_reference_st,marginal_reference_st,error_to_neutral_st,error_to_marginal_st
esd_english,20260920,0,1,0013,83.82641391468994,81.75217273554233,85.37491086717229,2.074241179147606,1.5484969524823526
esd_english,20260920,0,1,0015,92.44025840072067,92.06835108653634,94.61881373945303,0.37190731418432676,2.178555338732366
esd_english,20260920,0,2,0013,82.15116997736149,81.75217273554233,85.37491086717229,0.39899724181915985,3.2237408898107986
esd_english,20260920,0,2,0015,94.68149008672003,92.06835108653634,94.61881373945303,2.6131390001836934,0.06267634726700066
esd_english,20260920,0,5,0013,83.35851855964773,81.75217273554233,85.37491086717229,1.6063458241054036,2.016392307524555
esd_english,20260920,0,5,0015,100.99890798912827,92.06835108653634,94.61881373945303,8.930556902591931,6.380094249675238
esd_english,20260920,0,10,0013,88.31227825182258,81.75217273554233,85.37491086717229,6.560105516280245,2.937367384650287
esd_english,20260920,0,10,0015,94.67075422587163,92.06835108653634,94.61881373945303,2.602403139335294,0.051940486418601495
esd_english,20260920,1,1,0011,83.57817757452511,83.47496472121968,88.78945648599822,0.10321285330543617,5.2112789114731015
esd_english,20260920,1,1,0012,94.67645482140034,88.53141968377781,93.8505403618798,6.1450351376225285,0.825914459520547
esd_english,20260920,1,2,0011,85.76610225029319,83.47496472121968,88.78945648599822,2.2911375290735094,3.0233542357050283
esd_english,20260920,1,2,0012,93.50716487593544,88.53141968377781,93.8505403618798,4.975745192157632,0.34337548594434963
esd_english,20260920,1,5,0011,90.8046495323403,83.47496472121968,88.78945648599822,7.329684811120629,2.015193046342091
esd_english,20260920,1,5,0012,96.27883092871,88.53141968377781,93.8505403618798,7.747411244932181,2.4282905668301993
esd_english,20260920,1,10,0011,87.60327775026329,83.47496472121968,88.78945648599822,4.1283130290436105,1.1861787357349272
esd_english,20260920,1,10,0012,93.44646674371288,88.53141968377781,93.8505403618798,4.915047059935063,0.4040736181669189
esd_english,20260920,2,1,0017,94.63462382732989,90.96023557618061,92.09280706880878,3.6743882511492814,2.541816758521108
esd_english,20260920,2,1,0018,97.11012639913399,95.1972906555827,96.99090920931134,1.912835743551284,0.11921718982264906
esd_english,20260920,2,2,0017,91.46446910964289,90.96023557618061,92.09280706880878,0.5042335334622834,0.62833795916589
esd_english,20260920,2,2,0018,97.02869973542252,95.1972906555827,96.99090920931134,1.8314090798398155,0.03779052611118061
esd_english,20260920,2,5,0017,94.95421713823976,90.96023557618061,92.09280706880878,3.9939815620591474,2.861410069430974
esd_english,20260920,2,5,0018,96.07887360130478,95.1972906555827,96.99090920931134,0.881582945722073,0.9120356080065619
esd_english,20260920,2,10,0017,94.13380434703132,90.96023557618061,92.09280706880878,3.173568770850707,2.040997278222534
esd_english,20260920,2,10,0018,97.5260014852369,95.1972906555827,96.99090920931134,2.3287108296541987,0.5350922759255639
esd_english,20260920,3,1,0016,92.2267050813242,92.70186216759153,94.16705257269294,0.47515708626733044,1.9403474913687404
esd_english,20260920,3,1,0019,89.1598431955178,86.82106303398088,89.44854477031512,2.338780161536917,0.2887015747973294
esd_english,20260920,3,2,0016,96.40316766518498,92.70186216759153,94.16705257269294,3.7013054975934523,2.2361150924920423
esd_english,20260920,3,2,0019,92.76379005858874,86.82106303398088,89.44854477031512,5.942727024607862,3.3152452882736156
esd_english,20260920,3,5,0016,94.751883679729,92.70186216759153,94.16705257269294,2.0500215121374765,0.5848311070360666
esd_english,20260920,3,5,0019,93.42617914279984,86.82106303398088,89.44854477031512,6.605116108818962,3.977634372484715
esd_english,20260920,3,10,0016,95.59205222125017,92.70186216759153,94.16705257269294,2.8901900536586425,1.4249996485572325
esd_english,20260920,3,10,0019,88.93685556917154,86.82106303398088,89.44854477031512,2.115792535190664,0.5116892011435823
esd_english,20260920,4,1,0014,89.88725690398238,86.07240050067358,88.603833003715,3.814856403308795,1.2834239002673797
esd_english,20260920,4,1,0020,80.70938995470135,81.08942238433828,85.5648520843113,0.38003242963692685,4.855462129609947
esd_english,20260920,4,2,0014,88.67959120033869,86.07240050067358,88.603833003715,2.607190699665111,0.07575819662369554
esd_english,20260920,4,2,0020,91.6470375851975,81.08942238433828,85.5648520843113,10.557615200859217,6.082185500886197
esd_english,20260920,4,5,0014,90.4256070907066,86.07240050067358,88.603833003715,4.353206590033025,1.82177408699161
esd_english,20260920,4,5,0020,89.44647842516548,81.08942238433828,85.5648520843113,8.357056040827203,3.881626340854183
esd_english,20260920,4,10,0014,87.9009618591542,86.07240050067358,88.603833003715,1.8285613584806129,0.7028711445608025
esd_english,20260920,4,10,0020,81.62121923229552,81.08942238433828,85.5648520843113,0.5317968479572386,3.9436328520157815
esd_english,20260921,0,1,0015,92.44025840072067,92.06835108653634,94.61881373945303,0.37190731418432676,2.178555338732366
esd_english,20260921,0,1,0019,89.1598431955178,86.82106303398088,89.44854477031512,2.338780161536917,0.2887015747973294
esd_english,20260921,0,2,0015,94.68149008672003,92.06835108653634,94.61881373945303,2.6131390001836934,0.06267634726700066
esd_english,20260921,0,2,0019,92.76379005858874,86.82106303398088,89.44854477031512,5.942727024607862,3.3152452882736156
esd_english,20260921,0,5,0015,100.99890798912827,92.06835108653634,94.61881373945303,8.930556902591931,6.380094249675238
esd_english,20260921,0,5,0019,93.42617914279984,86.82106303398088,89.44854477031512,6.605116108818962,3.977634372484715
esd_english,20260921,0,10,0015,94.67075422587163,92.06835108653634,94.61881373945303,2.602403139335294,0.051940486418601495
esd_english,20260921,0,10,0019,88.93685556917154,86.82106303398088,89.44854477031512,2.115792535190664,0.5116892011435823
esd_english,20260921,1,1,0012,94.67645482140034,88.53141968377781,93.8505403618798,6.1450351376225285,0.825914459520547
esd_english,20260921,1,1,0014,89.88725690398238,86.07240050067358,88.603833003715,3.814856403308795,1.2834239002673797
esd_english,20260921,1,2,0012,93.50716487593544,88.53141968377781,93.8505403618798,4.975745192157632,0.34337548594434963
esd_english,20260921,1,2,0014,88.67959120033869,86.07240050067358,88.603833003715,2.607190699665111,0.07575819662369554
esd_english,20260921,1,5,0012,96.27883092871,88.53141968377781,93.8505403618798,7.747411244932181,2.4282905668301993
esd_english,20260921,1,5,0014,90.4256070907066,86.07240050067358,88.603833003715,4.353206590033025,1.82177408699161
esd_english,20260921,1,10,0012,93.44646674371288,88.53141968377781,93.8505403618798,4.915047059935063,0.4040736181669189
esd_english,20260921,1,10,0014,87.9009618591542,86.07240050067358,88.603833003715,1.8285613584806129,0.7028711445608025
esd_english,20260921,2,1,0016,92.2267050813242,92.70186216759153,94.16705257269294,0.47515708626733044,1.9403474913687404
esd_english,20260921,2,1,0020,80.70938995470135,81.08942238433828,85.5648520843113,0.38003242963692685,4.855462129609947
esd_english,20260921,2,2,0016,96.40316766518498,92.70186216759153,94.16705257269294,3.7013054975934523,2.2361150924920423
esd_english,20260921,2,2,0020,91.6470375851975,81.08942238433828,85.5648520843113,10.557615200859217,6.082185500886197
esd_english,20260921,2,5,0016,94.751883679729,92.70186216759153,94.16705257269294,2.0500215121374765,0.5848311070360666
esd_english,20260921,2,5,0020,89.44647842516548,81.08942238433828,85.5648520843113,8.357056040827203,3.881626340854183
esd_english,20260921,2,10,0016,95.59205222125017,92.70186216759153,94.16705257269294,2.8901900536586425,1.4249996485572325
esd_english,20260921,2,10,0020,81.62121923229552,81.08942238433828,85.5648520843113,0.5317968479572386,3.9436328520157815
esd_english,20260921,3,1,0013,83.82641391468994,81.75217273554233,85.37491086717229,2.074241179147606,1.5484969524823526
esd_english,20260921,3,1,0017,94.63462382732989,90.96023557618061,92.09280706880878,3.6743882511492814,2.541816758521108
esd_english,20260921,3,2,0013,82.15116997736149,81.75217273554233,85.37491086717229,0.39899724181915985,3.2237408898107986
esd_english,20260921,3,2,0017,91.46446910964289,90.96023557618061,92.09280706880878,0.5042335334622834,0.62833795916589
esd_english,20260921,3,5,0013,83.35851855964773,81.75217273554233,85.37491086717229,1.6063458241054036,2.016392307524555
esd_english,20260921,3,5,0017,94.95421713823976,90.96023557618061,92.09280706880878,3.9939815620591474,2.861410069430974
esd_english,20260921,3,10,0013,88.31227825182258,81.75217273554233,85.37491086717229,6.560105516280245,2.937367384650287
esd_english,20260921,3,10,0017,94.13380434703132,90.96023557618061,92.09280706880878,3.173568770850707,2.040997278222534
esd_english,20260921,4,1,0011,83.57817757452511,83.47496472121968,88.78945648599822,0.10321285330543617,5.2112789114731015
esd_english,20260921,4,1,0018,97.11012639913399,95.1972906555827,96.99090920931134,1.912835743551284,0.11921718982264906
esd_english,20260921,4,2,0011,85.76610225029319,83.47496472121968,88.78945648599822,2.2911375290735094,3.0233542357050283
esd_english,20260921,4,2,0018,97.02869973542252,95.1972906555827,96.99090920931134,1.8314090798398155,0.03779052611118061
esd_english,20260921,4,5,0011,90.8046495323403,83.47496472121968,88.78945648599822,7.329684811120629,2.015193046342091
esd_english,20260921,4,5,0018,96.07887360130478,95.1972906555827,96.99090920931134,0.881582945722073,0.9120356080065619
esd_english,20260921,4,10,0011,87.60327775026329,83.47496472121968,88.78945648599822,4.1283130290436105,1.1861787357349272
esd_english,20260921,4,10,0018,97.5260014852369,95.1972906555827,96.99090920931134,2.3287108296541987,0.5350922759255639
esd_english,20260922,0,1,0011,83.57817757452511,83.47496472121968,88.78945648599822,0.10321285330543617,5.2112789114731015
esd_english,20260922,0,1,0019,89.1598431955178,86.82106303398088,89.44854477031512,2.338780161536917,0.2887015747973294
esd_english,20260922,0,2,0011,85.76610225029319,83.47496472121968,88.78945648599822,2.2911375290735094,3.0233542357050283
esd_english,20260922,0,2,0019,92.76379005858874,86.82106303398088,89.44854477031512,5.942727024607862,3.3152452882736156
esd_english,20260922,0,5,0011,90.8046495323403,83.47496472121968,88.78945648599822,7.329684811120629,2.015193046342091
esd_english,20260922,0,5,0019,93.42617914279984,86.82106303398088,89.44854477031512,6.605116108818962,3.977634372484715
esd_english,20260922,0,10,0011,87.60327775026329,83.47496472121968,88.78945648599822,4.1283130290436105,1.1861787357349272
esd_english,20260922,0,10,0019,88.93685556917154,86.82106303398088,89.44854477031512,2.115792535190664,0.5116892011435823
esd_english,20260922,1,1,0013,83.82641391468994,81.75217273554233,85.37491086717229,2.074241179147606,1.5484969524823526
esd_english,20260922,1,1,0017,94.63462382732989,90.96023557618061,92.09280706880878,3.6743882511492814,2.541816758521108
esd_english,20260922,1,2,0013,82.15116997736149,81.75217273554233,85.37491086717229,0.39899724181915985,3.2237408898107986
esd_english,20260922,1,2,0017,91.46446910964289,90.96023557618061,92.09280706880878,0.5042335334622834,0.62833795916589
esd_english,20260922,1,5,0013,83.35851855964773,81.75217273554233,85.37491086717229,1.6063458241054036,2.016392307524555
esd_english,20260922,1,5,0017,94.95421713823976,90.96023557618061,92.09280706880878,3.9939815620591474,2.861410069430974
esd_english,20260922,1,10,0013,88.31227825182258,81.75217273554233,85.37491086717229,6.560105516280245,2.937367384650287
esd_english,20260922,1,10,0017,94.13380434703132,90.96023557618061,92.09280706880878,3.173568770850707,2.040997278222534
esd_english,20260922,2,1,0014,89.88725690398238,86.07240050067358,88.603833003715,3.814856403308795,1.2834239002673797
esd_english,20260922,2,1,0020,80.70938995470135,81.08942238433828,85.5648520843113,0.38003242963692685,4.855462129609947
esd_english,20260922,2,2,0014,88.67959120033869,86.07240050067358,88.603833003715,2.607190699665111,0.07575819662369554
esd_english,20260922,2,2,0020,91.6470375851975,81.08942238433828,85.5648520843113,10.557615200859217,6.082185500886197
esd_english,20260922,2,5,0014,90.4256070907066,86.07240050067358,88.603833003715,4.353206590033025,1.82177408699161
esd_english,20260922,2,5,0020,89.44647842516548,81.08942238433828,85.5648520843113,8.357056040827203,3.881626340854183
esd_english,20260922,2,10,0014,87.9009618591542,86.07240050067358,88.603833003715,1.8285613584806129,0.7028711445608025
esd_english,20260922,2,10,0020,81.62121923229552,81.08942238433828,85.5648520843113,0.5317968479572386,3.9436328520157815
esd_english,20260922,3,1,0015,92.44025840072067,92.06835108653634,94.61881373945303,0.37190731418432676,2.178555338732366
esd_english,20260922,3,1,0018,97.11012639913399,95.1972906555827,96.99090920931134,1.912835743551284,0.11921718982264906
esd_english,20260922,3,2,0015,94.68149008672003,92.06835108653634,94.61881373945303,2.6131390001836934,0.06267634726700066
esd_english,20260922,3,2,0018,97.02869973542252,95.1972906555827,96.99090920931134,1.8314090798398155,0.03779052611118061
esd_english,20260922,3,5,0015,100.99890798912827,92.06835108653634,94.61881373945303,8.930556902591931,6.380094249675238
esd_english,20260922,3,5,0018,96.07887360130478,95.1972906555827,96.99090920931134,0.881582945722073,0.9120356080065619
esd_english,20260922,3,10,0015,94.67075422587163,92.06835108653634,94.61881373945303,2.602403139335294,0.051940486418601495
esd_english,20260922,3,10,0018,97.5260014852369,95.1972906555827,96.99090920931134,2.3287108296541987,0.5350922759255639
esd_english,20260922,4,1,0012,94.67645482140034,88.53141968377781,93.8505403618798,6.1450351376225285,0.825914459520547
esd_english,20260922,4,1,0016,92.2267050813242,92.70186216759153,94.16705257269294,0.47515708626733044,1.9403474913687404
esd_english,20260922,4,2,0012,93.50716487593544,88.53141968377781,93.8505403618798,4.975745192157632,0.34337548594434963
esd_english,20260922,4,2,0016,96.40316766518498,92.70186216759153,94.16705257269294,3.7013054975934523,2.2361150924920423
esd_english,20260922,4,5,0012,96.27883092871,88.53141968377781,93.8505403618798,7.747411244932181,2.4282905668301993
esd_english,20260922,4,5,0016,94.751883679729,92.70186216759153,94.16705257269294,2.0500215121374765,0.5848311070360666
esd_english,20260922,4,10,0012,93.44646674371288,88.53141968377781,93.8505403618798,4.915047059935063,0.4040736181669189
esd_english,20260922,4,10,0016,95.59205222125017,92.70186216759153,94.16705257269294,2.8901900536586425,1.4249996485572325
mead_part0,20260920,0,1,M003,86.49933928295286,83.66625275705506,85.47371582001973,2.833086525897798,1.025623462933126
mead_part0,20260920,0,1,M011,92.46014359574914,90.25417138628642,91.58572540151481,2.205972209462729,0.8744181942343374
mead_part0,20260920,0,1,M023,89.54340445943818,85.10223699860794,89.70729031731243,4.441167460830243,0.16388585787424859
mead_part0,20260920,0,1,M026,86.41234169855808,84.32871409050246,86.36585865833466,2.0836276080556217,0.04648304022342131
mead_part0,20260920,0,1,M028,84.26261130653575,86.50470555610043,86.02935250740414,2.242094249564687,1.7667412008683954
mead_part0,20260920,0,1,M034,83.87551654144318,84.63069124258833,86.0847038164703,0.7551747011451511,2.2091872750271193
mead_part0,20260920,0,1,M037,85.31505676740271,86.52862412734684,86.50633145230027,1.2135673599441361,1.1912746848975644
mead_part0,20260920,0,1,W017,92.28477218413052,91.61842174424301,93.6165111717669,0.6663504398875091,1.3317389876363848
mead_part0,20260920,0,1,W018,94.30418106035675,94.22709352819862,96.94923741959,0.07708753215813147,2.6450563592332514
mead_part0,20260920,0,1,W040,95.80879643066562,94.5628262790304,95.90892964456506,1.2459701516352197,0.10013321389943997
mead_part0,20260920,0,2,M003,85.9918975223404,83.66625275705506,85.47371582001973,2.3256447652853325,0.5181817023206605
mead_part0,20260920,0,2,M011,91.63879147479534,90.25417138628642,91.58572540151481,1.3846200885089246,0.05306607328053303
mead_part0,20260920,0,2,M023,91.60034301754074,85.10223699860794,89.70729031731243,6.498106018932802,1.89305270022831
mead_part0,20260920,0,2,M026,86.86307379621611,84.32871409050246,86.36585865833466,2.534359705713655,0.49721513788145444
mead_part0,20260920,0,2,M028,84.73859781489955,86.50470555610043,86.02935250740414,1.7661077412008837,1.290754692504592
mead_part0,20260920,0,2,M034,85.92658822415957,84.63069124258833,86.0847038164703,1.2958969815712464,0.1581155923107218
mead_part0,20260920,0,2,M037,84.03618693717402,86.52862412734684,86.50633145230027,2.492437190172822,2.4701445151262504
mead_part0,20260920,0,2,W017,92.44261848306066,91.61842174424301,93.6165111717669,0.8241967388176477,1.1738926887062462
mead_part0,20260920,0,2,W018,93.71457319538857,94.22709352819862,96.94923741959,0.5125203328100554,3.2346642242014383
mead_part0,20260920,0,2,W040,95.26217939526569,94.5628262790304,95.90892964456506,0.6993531162352866,0.6467502492993731
mead_part0,20260920,0,5,M003,85.53174624894879,83.66625275705506,85.47371582001973,1.86549349189373,0.058030428929058075
mead_part0,20260920,0,5,M011,91.5423423713963,90.25417138628642,91.58572540151481,1.2881709851098861,0.04338303011850542
mead_part0,20260920,0,5,M023,88.7095543635859,85.10223699860794,89.70729031731243,3.607317364977959,0.9977359537265329
mead_part0,20260920,0,5,M026,85.52292219185462,84.32871409050246,86.36585865833466,1.1942081013521602,0.8429364664800403
mead_part0,20260920,0,5,M028,83.8268016438972,86.50470555610043,86.02935250740414,2.6779039122032344,2.202550863506943
mead_part0,20260920,0,5,M034,86.37745334566378,84.63069124258833,86.0847038164703,1.7467621030754543,0.29274952919348607
mead_part0,20260920,0,5,M037,87.67154168048043,86.52862412734684,86.50633145230027,1.1429175531335858,1.1652102281801575
mead_part0,20260920,0,5,W017,93.61947498948946,91.61842174424301,93.6165111717669,2.001053245246453,0.00296381772255927
mead_part0,20260920,0,5,W018,98.5893248963586,94.22709352819862,96.94923741959,4.362231368159982,1.6400874767685991
mead_part0,20260920,0,5,W040,95.96574847172104,94.5628262790304,95.90892964456506,1.4029221926906388,0.05681882715597908
mead_part0,20260920,0,10,M003,85.53831685922906,83.66625275705506,85.47371582001973,1.8720641021739937,0.0646010392093217
mead_part0,20260920,0,10,M011,90.241208038798,90.25417138628642,91.58572540151481,0.012963347488408772,1.3445173627168003
mead_part0,20260920,0,10,M023,89.68825974368809,85.10223699860794,89.70729031731243,4.586022745080157,0.01903057362433458
mead_part0,20260920,0,10,M026,86.36396817985587,84.32871409050246,86.36585865833466,2.0352540893534155,0.0018904784787849849
mead_part0,20260920,0,10,M028,86.60630865230732,86.50470555610043,86.02935250740414,0.10160309620688679,0.5769561449031784
mead_part0,20260920,0,10,M034,85.2137404433804,84.63069124258833,86.0847038164703,0.5830492007920753,0.8709633730898929
mead_part0,20260920,0,10,M037,87.17216560073945,86.52862412734684,86.50633145230027,0.6435414733926024,0.6658341484391741
mead_part0,20260920,0,10,W017,94.73444453321342,91.61842174424301,93.6165111717669,3.1160227889704117,1.117933361446518
mead_part0,20260920,0,10,W018,95.75254096083331,94.22709352819862,96.94923741959,1.5254474326346923,1.1966964587566906
mead_part0,20260920,0,10,W040,95.90907128593739,94.5628262790304,95.90892964456506,1.3462450069069831,0.00014164137232342
mead_part0,20260920,1,1,M005,89.23711354708553,83.6037544064126,86.3744236041646,5.633359140672923,2.862689942920923
mead_part0,20260920,1,1,M019,85.57920933028231,84.32927499968726,85.60337752991522,1.2499343305950532,0.024168199632910614
mead_part0,20260920,1,1,M024,90.32116844241652,82.47155528987187,88.10779385866165,7.849613152544649,2.21337458375487
mead_part0,20260920,1,1,M027,78.13091678591161,78.85073766873431,81.39791154096429,0.7198208828227024,3.2669947550526786
mead_part0,20260920,1,1,M041,81.64553897824294,82.2224219063444,82.83807817413441,0.5768829281014547,1.1925391958914702
mead_part0,20260920,1,1,W011,96.1322449615254,93.88692173326619,95.82238602026342,2.2453232282592097,0.30985894126197877
mead_part0,20260920,1,1,W015,93.35469914863063,93.56385474445628,94.19235115014817,0.20915559582564924,0.8376520015175402
mead_part0,20260920,1,1,W021,93.25296925671265,92.91193319579155,93.83518667851415,0.3410360609210983,0.5822174218015022
mead_part0,20260920,1,1,W024,97.33070239125895,91.17261831412857,91.45236531916983,6.158084077130383,5.878337072089124
mead_part0,20260920,1,1,W038,94.00747587346208,92.44698161510149,93.7690580445985,1.5604942583605919,0.23841782886358942
mead_part0,20260920,1,2,M005,87.77411070134067,83.6037544064126,86.3744236041646,4.1703562949280695,1.39968709717607
mead_part0,20260920,1,2,M019,85.24738879836077,84.32927499968726,85.60337752991522,0.9181137986735166,0.3559887315544472
mead_part0,20260920,1,2,M024,89.0130129753176,82.47155528987187,88.10779385866165,6.541457685445721,0.9052191166559425
mead_part0,20260920,1,2,M027,79.48360240479107,78.85073766873431,81.39791154096429,0.6328647360567601,1.914309136173216
mead_part0,20260920,1,2,M041,82.39351757310287,82.2224219063444,82.83807817413441,0.17109566675847532,0.44456060103154016
mead_part0,20260920,1,2,W011,95.90177873988358,93.88692173326619,95.82238602026342,2.0148570066173903,0.07939271962015937
mead_part0,20260920,1,2,W015,93.90126326147622,93.56385474445628,94.19235115014817,0.3374085170199379,0.291087888671953
mead_part0,20260920,1,2,W021,94.72003746985561,92.91193319579155,93.83518667851415,1.808104274064064,0.8848507913414636
mead_part0,20260920,1,2,W024,93.87141929239834,91.17261831412857,91.45236531916983,2.698800978269773,2.4190539732285146
mead_part0,20260920,1,2,W038,93.26766861993855,92.44698161510149,93.7690580445985,0.8206870048370547,0.5013894246599477
mead_part0,20260920,1,5,M005,91.50885922533885,83.6037544064126,86.3744236041646,7.905104818926247,5.134435621174248
mead_part0,20260920,1,5,M019,84.11710297836386,84.32927499968726,85.60337752991522,0.21217202132339708,1.486274551551361
mead_part0,20260920,1,5,M024,89.96579593186347,82.47155528987187,88.10779385866165,7.4942406419915955,1.858002073201817
mead_part0,20260920,1,5,M027,86.44462796021536,78.85073766873431,81.39791154096429,7.5938902914810456,5.046716419251069
mead_part0,20260920,1,5,M041,83.67092029693016,82.2224219063444,82.83807817413441,1.448498390585769,0.8328421227957534
mead_part0,20260920,1,5,W011,96.29978036010306,93.88692173326619,95.82238602026342,2.412858626836865,0.4773943398396341
mead_part0,20260920,1,5,W015,93.84738330928357,93.56385474445628,94.19235115014817,0.28352856482729294,0.344967840864598
mead_part0,20260920,1,5,W021,93.5688357218501,92.91193319579155,93.83518667851415,0.656902526058559,0.2663509566640414
mead_part0,20260920,1,5,W024,91.96134738143854,91.17261831412857,91.45236531916983,0.7887290673099727,0.5089820622687142
mead_part0,20260920,1,5,W038,93.3198589231365,92.44698161510149,93.7690580445985,0.872877308035001,0.44919912146200147
mead_part0,20260920,1,10,M005,86.67955600045117,83.6037544064126,86.3744236041646,3.075801594038566,0.30513239628656663
mead_part0,20260920,1,10,M019,87.01969198298896,84.32927499968726,85.60337752991522,2.690416983301702,1.4163144530737384
mead_part0,20260920,1,10,M024,87.27541224542257,82.47155528987187,88.10779385866165,4.8038569555507,0.8323816132390789
mead_part0,20260920,1,10,M027,84.4677157498858,78.85073766873431,81.39791154096429,5.616978081151487,3.0698042089215107
mead_part0,20260920,1,10,M041,82.69236646870313,82.2224219063444,82.83807817413441,0.4699445623587337,0.14571170543128176
mead_part0,20260920,1,10,W011,95.74319610754574,93.88692173326619,95.82238602026342,1.8562743742795504,0.0791899127176805
mead_part0,20260920,1,10,W015,93.85605236986481,93.56385474445628,94.19235115014817,0.29219762540853367,0.33629878028335725
mead_part0,20260920,1,10,W021,93.96882512091605,92.91193319579155,93.83518667851415,1.0568919251245035,0.13363844240190303
mead_part0,20260920,1,10,W024,91.31836739393142,91.17261831412857,91.45236531916983,0.14574907980285445,0.13399792523840404
mead_part0,20260920,1,10,W038,93.99331072013462,92.44698161510149,93.7690580445985,1.5463291050331236,0.22425267553612116
mead_part0,20260920,2,1,M009,89.7229504953638,84.741076897415,87.02468646076638,4.981873597948805,2.698264034597429
mead_part0,20260920,2,1,M013,92.87986604848427,83.1067141246881,88.41352780384418,9.773151923796178,4.466338244640099
mead_part0,20260920,2,1,M025,89.08869112429113,82.28148802713122,86.01797224719161,6.807203097159913,3.070718877099523
mead_part0,20260920,2,1,M032,85.99146459963409,86.33097020924846,87.02798153877316,0.3395056096143776,1.0365169391390765
mead_part0,20260920,2,1,M039,84.91330831603925,85.28150382443799,85.29620703299088,0.3681955083987418,0.3828987169516296
mead_part0,20260920,2,1,W023,97.50540814334016,92.05339467906421,94.94469823162201,5.45201346427595,2.560709911718149
mead_part0,20260920,2,1,W026,99.97836150583237,97.74974758606186,100.08155837666664,2.2286139197705097,0.10319687083426743
mead_part0,20260920,2,1,W029,96.3117273507622,96.23545317266658,95.01559731468444,0.07627417809561621,1.2961300360777557
mead_part0,20260920,2,1,W036,91.91090729657684,91.17639412623764,93.38808482520729,0.7345131703391985,1.477177528630449
mead_part0,20260920,2,1,W037,96.88460561750034,97.13515410117759,96.79061062785728,0.2505484836772496,0.09399498964306474
mead_part0,20260920,2,2,M009,91.01499720084695,84.741076897415,87.02468646076638,6.27392030343195,3.9903107400805737
mead_part0,20260920,2,2,M013,91.40128122887776,83.1067141246881,88.41352780384418,8.294567104189667,2.9877534250335884
mead_part0,20260920,2,2,M025,86.21864638584485,82.28148802713122,86.01797224719161,3.9371583587136314,0.20067413865324113
mead_part0,20260920,2,2,M032,87.55676695473468,86.33097020924846,87.02798153877316,1.225796745486221,0.5287854159615222
mead_part0,20260920,2,2,M039,85.08661208767523,85.28150382443799,85.29620703299088,0.19489173676275584,0.2095949453156436
mead_part0,20260920,2,2,W023,96.22790732138319,92.05339467906421,94.94469823162201,4.174512642318973,1.283209089761172
mead_part0,20260920,2,2,W026,100.25037803486282,97.74974758606186,100.08155837666664,2.500630448800962,0.16881965819618472
mead_part0,20260920,2,2,W029,95.62479548494284,96.23545317266658,95.01559731468444,0.6106576877237444,0.6091981702583951
mead_part0,20260920,2,2,W036,92.46519483573032,91.17639412623764,93.38808482520729,1.2888007094926763,0.9228899894769711
mead_part0,20260920,2,2,W037,95.82958820358621,97.13515410117759,96.79061062785728,1.3055658975913786,0.9610224242710643
mead_part0,20260920,2,5,M009,87.42284019214782,84.741076897415,87.02468646076638,2.681763294732818,0.3981537313814414
mead_part0,20260920,2,5,M013,92.30497335617872,83.1067141246881,88.41352780384418,9.198259231490624,3.8914455523345453
mead_part0,20260920,2,5,M025,85.21209337988357,82.28148802713122,86.01797224719161,2.9306053527523517,0.8058788673080386
mead_part0,20260920,2,5,M032,88.24842540808396,86.33097020924846,87.02798153877316,1.9174551988354978,1.2204438693107988
mead_part0,20260920,2,5,M039,86.21821725255322,85.28150382443799,85.29620703299088,0.9367134281152261,0.9220102195623383
mead_part0,20260920,2,5,W023,96.66746444033498,92.05339467906421,94.94469823162201,4.61406976127077,1.7227662087129687
mead_part0,20260920,2,5,W026,100.54231664672747,97.74974758606186,100.08155837666664,2.7925690606656133,0.46075827006083614
mead_part0,20260920,2,5,W029,94.99565570906789,96.23545317266658,95.01559731468444,1.2397974635986913,0.019941605616551783
mead_part0,20260920,2,5,W036,92.4250269479345,91.17639412623764,93.38808482520729,1.2486328216968587,0.9630578772727887
mead_part0,20260920,2,5,W037,97.06191883252671,97.13515410117759,96.79061062785728,0.07323526865087615,0.27130820466943817
mead_part0,20260920,2,10,M009,86.60607482983761,84.741076897415,87.02468646076638,1.864997932422611,0.4186116309287655
mead_part0,20260920,2,10,M013,85.85072119987883,83.1067141246881,88.41352780384418,2.744007075190737,2.562806603965342
mead_part0,20260920,2,10,M025,87.31800263920789,82.28148802713122,86.01797224719161,5.036514612076672,1.3000303920162821
mead_part0,20260920,2,10,M032,86.67233343577786,86.33097020924846,87.02798153877316,0.34136322652939555,0.35564810299530336
mead_part0,20260920,2,10,M039,84.95879973892455,85.28150382443799,85.29620703299088,0.3227040855134362,0.33740729406632397
mead_part0,20260920,2,10,W023,94.78853472203309,92.05339467906421,94.94469823162201,2.7351400429688795,0.15616350958892156
mead_part0,20260920,2,10,W026,99.45856115279427,97.74974758606186,100.08155837666664,1.7088135667324167,0.6229972238723605
mead_part0,20260920,2,10,W029,95.91675596063675,96.23545317266658,95.01559731468444,0.31869721202983214,0.9011586459523073
mead_part0,20260920,2,10,W036,95.65304275449955,91.17639412623764,93.38808482520729,4.476648628261913,2.2649579292922652
mead_part0,20260920,2,10,W037,97.11738840724863,97.13515410117759,96.79061062785728,0.017765693928964765,0.32677777939134955
mead_part0,20260920,3,1,M012,83.0738466960714,84.79584872717773,86.01889223779978,1.722002031106328,2.9450455417283763
mead_part0,20260920,3,1,M022,91.58018109036416,83.35063478532012,84.60826778119176,8.229546305044039,6.9719133091724075
mead_part0,20260920,3,1,M029,92.38493282744241,82.00091879359047,86.50877402743984,10.38401403385194,5.876158800002571
mead_part0,20260920,3,1,M031,86.16372532873457,80.80081839499007,83.52923257324136,5.3629069337444975,2.6344927554932127
mead_part0,20260920,3,1,M035,84.17921346175217,80.49502301246166,84.88620767012544,3.6841904492905115,0.7069942083732741
mead_part0,20260920,3,1,M040,85.13739118644831,84.76853678861889,86.4449889785281,0.3688543978294234,1.3075977920797897
mead_part0,20260920,3,1,W009,100.31151433534748,92.01273940128858,92.51072005782746,8.298774934058898,7.800794277520026
mead_part0,20260920,3,1,W019,95.70982514092525,92.28558106740888,93.78565500623031,3.4242440735163626,1.9241701346949327
mead_part0,20260920,3,1,W033,93.26011738284771,93.20128856359963,94.93805554419725,0.05882881924807748,1.6779381613495445
mead_part0,20260920,3,2,M012,85.80597239954037,84.79584872717773,86.01889223779978,1.0101236723626386,0.21291983825940974
mead_part0,20260920,3,2,M022,84.74545389133462,83.35063478532012,84.60826778119176,1.394819106014495,0.13718611014286353
mead_part0,20260920,3,2,M029,89.43126847680341,82.00091879359047,86.50877402743984,7.430349683212938,2.922494449363569
mead_part0,20260920,3,2,M031,84.29432554111656,80.80081839499007,83.52923257324136,3.4935071461264897,0.765092967875205
mead_part0,20260920,3,2,M035,83.69904921160281,80.49502301246166,84.88620767012544,3.204026199141154,1.1871584585226316
mead_part0,20260920,3,2,M040,85.05301728258799,84.76853678861889,86.4449889785281,0.2844804939690988,1.3919716959401143
mead_part0,20260920,3,2,W009,92.26072755472428,92.01273940128858,92.51072005782746,0.24798815343569913,0.24999250310317223
mead_part0,20260920,3,2,W019,93.36156579802856,92.28558106740888,93.78565500623031,1.0759847306196804,0.42408920820174956
mead_part0,20260920,3,2,W033,93.8209943109969,93.20128856359963,94.93805554419725,0.619705747397262,1.11706123320036
mead_part0,20260920,3,5,M012,86.29618843981699,84.79584872717773,86.01889223779978,1.50033971263926,0.2772962020172116
mead_part0,20260920,3,5,M022,86.07823660572639,83.35063478532012,84.60826778119176,2.7276018204062638,1.4699688245346323
mead_part0,20260920,3,5,M029,88.23003395076094,82.00091879359047,86.50877402743984,6.229115157170469,1.7212599233210994
mead_part0,20260920,3,5,M031,85.42312273895617,80.80081839499007,83.52923257324136,4.622304343966093,1.893890165714808
mead_part0,20260920,3,5,M035,84.92476121532476,80.49502301246166,84.88620767012544,4.429738202863106,0.03855354519932064
mead_part0,20260920,3,5,M040,85.51045692643828,84.76853678861889,86.4449889785281,0.7419201378193918,0.9345320520898213
mead_part0,20260920,3,5,W009,92.11145210121808,92.01273940128858,92.51072005782746,0.09871269992949294,0.3992679566093784
mead_part0,20260920,3,5,W019,94.42740529108809,92.28558106740888,93.78565500623031,2.141824223679208,0.6417502848577783
mead_part0,20260920,3,5,W033,93.31681926433946,93.20128856359963,94.93805554419725,0.11553070073982497,1.621236279857797
mead_part0,20260920,3,10,M012,85.90551508189454,84.79584872717773,86.01889223779978,1.1096663547168077,0.11337715590524056
mead_part0,20260920,3,10,M022,84.10497768123493,83.35063478532012,84.60826778119176,0.7543428959148031,0.5032900999568284
mead_part0,20260920,3,10,M029,87.52924552556941,82.00091879359047,86.50877402743984,5.528326731978936,1.0204714981295666
mead_part0,20260920,3,10,M031,84.50642500630653,80.80081839499007,83.52923257324136,3.7056066113164547,0.97719243306517
mead_part0,20260920,3,10,M035,83.95401771695131,80.49502301246166,84.88620767012544,3.4589947044896547,0.9321899531741309
mead_part0,20260920,3,10,M040,86.06244045152579,84.76853678861889,86.4449889785281,1.2939036629068994,0.3825485270023137
mead_part0,20260920,3,10,W009,92.3148364187756,92.01273940128858,92.51072005782746,0.30209701748701434,0.19588363905185702
mead_part0,20260920,3,10,W019,95.35884239765032,92.28558106740888,93.78565500623031,3.0732613302414364,1.5731873914200065
mead_part0,20260920,3,10,W033,93.8564083613226,93.20128856359963,94.93805554419725,0.6551197977229606,1.0816471828746614
mead_part0,20260920,4,1,M007,86.3834788681905,84.12014883083455,87.1054627506969,2.263330037355942,0.7219838825064073
mead_part0,20260920,4,1,M030,83.56269320227015,84.32518014722504,86.06813934087093,0.7624869449548868,2.5054461386007745
mead_part0,20260920,4,1,M033,83.79323926955455,80.88627187921645,81.39188330985274,2.906967390338096,2.401355959701803
mead_part0,20260920,4,1,M042,87.19140930805709,82.47991834555117,84.40856168033477,4.71149096250592,2.782847627722319
mead_part0,20260920,4,1,W014,95.6105000946494,95.33022398232536,97.20201739085874,0.2802761123240316,1.5915172962093465
mead_part0,20260920,4,1,W016,94.43009000800241,92.3208187022829,94.79348463996317,2.1092713057195027,0.36339463196075883
mead_part0,20260920,4,1,W025,97.52139500341107,94.75250195666115,96.24032339355598,2.7688930467499233,1.2810716098550898
mead_part0,20260920,4,1,W028,97.54995455525392,97.40547123068012,97.34826225317366,0.1444833245737982,0.2016923020802608
mead_part0,20260920,4,1,W035,97.92568675037855,93.33865788699268,96.769305858737,4.587028863385868,1.1563808916415468
mead_part0,20260920,4,2,M007,87.81872216367981,84.12014883083455,87.1054627506969,3.698573332845257,0.7132594129829073
mead_part0,20260920,4,2,M030,86.66011953333496,84.32518014722504,86.06813934087093,2.334939386109923,0.5919801924640353
mead_part0,20260920,4,2,M033,80.55979490255845,80.88627187921645,81.39188330985274,0.32647697665800024,0.8320884072942931
mead_part0,20260920,4,2,M042,87.09059374803093,82.47991834555117,84.40856168033477,4.610675402479757,2.6820320676961558
mead_part0,20260920,4,2,W014,97.88104903151415,95.33022398232536,97.20201739085874,2.550825049188788,0.6790316406554098
mead_part0,20260920,4,2,W016,95.07058400624592,92.3208187022829,94.79348463996317,2.7497653039630165,0.277099366282755
mead_part0,20260920,4,2,W025,98.14289711701302,94.75250195666115,96.24032339355598,3.390395160351872,1.9025737234570386
mead_part0,20260920,4,2,W028,97.42097386955442,97.40547123068012,97.34826225317366,0.015502638874295371,0.07271161638075796
mead_part0,20260920,4,2,W035,98.64306185381591,93.33865788699268,96.769305858737,5.30440396682323,1.873755995078909
mead_part0,20260920,4,5,M007,87.37150681624466,84.12014883083455,87.1054627506969,3.2513579854101096,0.26604406554776006
mead_part0,20260920,4,5,M030,86.44070301408712,84.32518014722504,86.06813934087093,2.1155228668620794,0.37256367321619166
mead_part0,20260920,4,5,M033,81.53374003840148,80.88627187921645,81.39188330985274,0.6474681591850242,0.14185672854873133
mead_part0,20260920,4,5,M042,84.39380692062365,82.47991834555117,84.40856168033477,1.9138885750724768,0.014754759711124166
mead_part0,20260920,4,5,W014,97.52562846224566,95.33022398232536,97.20201739085874,2.195404479920299,0.3236110713869209
mead_part0,20260920,4,5,W016,92.7317517970148,92.3208187022829,94.79348463996317,0.4109330947318881,2.0617328429483734
mead_part0,20260920,4,5,W025,95.73931681977453,94.75250195666115,96.24032339355598,0.9868148631133806,0.5010065737814529
mead_part0,20260920,4,5,W028,97.55351317050663,97.40547123068012,97.34826225317366,0.1480419398265127,0.2052509173329753
mead_part0,20260920,4,5,W035,96.20527908362199,93.33865788699268,96.769305858737,2.8666211966293105,0.5640267751150105
mead_part0,20260920,4,10,M007,85.59187411606288,84.12014883083455,87.1054627506969,1.471725285228331,1.5135886346340186
mead_part0,20260920,4,10,M030,86.69980019526167,84.32518014722504,86.06813934087093,2.3746200480366326,0.6316608543907449
mead_part0,20260920,4,10,M033,81.61083675294758,80.88627187921645,81.39188330985274,0.7245648737311257,0.21895344309483278
mead_part0,20260920,4,10,M042,84.31836444439149,82.47991834555117,84.40856168033477,1.838446098840322,0.090197235943279
mead_part0,20260920,4,10,W014,98.2378816089049,95.33022398232536,97.20201739085874,2.9076576265795353,1.0358642180461572
mead_part0,20260920,4,10,W016,95.73913872881361,92.3208187022829,94.79348463996317,3.418320026530708,0.9456540888504463
mead_part0,20260920,4,10,W025,96.92453656148061,94.75250195666115,96.24032339355598,2.1720346048194585,0.684213167924625
mead_part0,20260920,4,10,W028,98.20396200841765,97.40547123068012,97.34826225317366,0.798490777737527,0.8556997552439896
mead_part0,20260920,4,10,W035,96.85432062340311,93.33865788699268,96.769305858737,3.515662736410434,0.0850147646661128
mead_part0,20260921,0,1,M009,89.7229504953638,84.741076897415,87.02468646076638,4.981873597948805,2.698264034597429
mead_part0,20260921,0,1,M019,85.57920933028231,84.32927499968726,85.60337752991522,1.2499343305950532,0.024168199632910614
mead_part0,20260921,0,1,M024,90.32116844241652,82.47155528987187,88.10779385866165,7.849613152544649,2.21337458375487
mead_part0,20260921,0,1,M025,89.08869112429113,82.28148802713122,86.01797224719161,6.807203097159913,3.070718877099523
mead_part0,20260921,0,1,M029,92.38493282744241,82.00091879359047,86.50877402743984,10.38401403385194,5.876158800002571
mead_part0,20260921,0,1,M032,85.99146459963409,86.33097020924846,87.02798153877316,0.3395056096143776,1.0365169391390765
mead_part0,20260921,0,1,W015,93.35469914863063,93.56385474445628,94.19235115014817,0.20915559582564924,0.8376520015175402
mead_part0,20260921,0,1,W019,95.70982514092525,92.28558106740888,93.78565500623031,3.4242440735163626,1.9241701346949327
mead_part0,20260921,0,1,W023,97.50540814334016,92.05339467906421,94.94469823162201,5.45201346427595,2.560709911718149
mead_part0,20260921,0,1,W037,96.88460561750034,97.13515410117759,96.79061062785728,0.2505484836772496,0.09399498964306474
mead_part0,20260921,0,2,M009,91.01499720084695,84.741076897415,87.02468646076638,6.27392030343195,3.9903107400805737
mead_part0,20260921,0,2,M019,85.24738879836077,84.32927499968726,85.60337752991522,0.9181137986735166,0.3559887315544472
mead_part0,20260921,0,2,M024,89.0130129753176,82.47155528987187,88.10779385866165,6.541457685445721,0.9052191166559425
mead_part0,20260921,0,2,M025,86.21864638584485,82.28148802713122,86.01797224719161,3.9371583587136314,0.20067413865324113
mead_part0,20260921,0,2,M029,89.43126847680341,82.00091879359047,86.50877402743984,7.430349683212938,2.922494449363569
mead_part0,20260921,0,2,M032,87.55676695473468,86.33097020924846,87.02798153877316,1.225796745486221,0.5287854159615222
mead_part0,20260921,0,2,W015,93.90126326147622,93.56385474445628,94.19235115014817,0.3374085170199379,0.291087888671953
mead_part0,20260921,0,2,W019,93.36156579802856,92.28558106740888,93.78565500623031,1.0759847306196804,0.42408920820174956
mead_part0,20260921,0,2,W023,96.22790732138319,92.05339467906421,94.94469823162201,4.174512642318973,1.283209089761172
mead_part0,20260921,0,2,W037,95.82958820358621,97.13515410117759,96.79061062785728,1.3055658975913786,0.9610224242710643
mead_part0,20260921,0,5,M009,87.42284019214782,84.741076897415,87.02468646076638,2.681763294732818,0.3981537313814414
mead_part0,20260921,0,5,M019,84.11710297836386,84.32927499968726,85.60337752991522,0.21217202132339708,1.486274551551361
mead_part0,20260921,0,5,M024,89.96579593186347,82.47155528987187,88.10779385866165,7.4942406419915955,1.858002073201817
mead_part0,20260921,0,5,M025,85.21209337988357,82.28148802713122,86.01797224719161,2.9306053527523517,0.8058788673080386
mead_part0,20260921,0,5,M029,88.23003395076094,82.00091879359047,86.50877402743984,6.229115157170469,1.7212599233210994
mead_part0,20260921,0,5,M032,88.24842540808396,86.33097020924846,87.02798153877316,1.9174551988354978,1.2204438693107988
mead_part0,20260921,0,5,W015,93.84738330928357,93.56385474445628,94.19235115014817,0.28352856482729294,0.344967840864598
mead_part0,20260921,0,5,W019,94.42740529108809,92.28558106740888,93.78565500623031,2.141824223679208,0.6417502848577783
mead_part0,20260921,0,5,W023,96.66746444033498,92.05339467906421,94.94469823162201,4.61406976127077,1.7227662087129687
mead_part0,20260921,0,5,W037,97.06191883252671,97.13515410117759,96.79061062785728,0.07323526865087615,0.27130820466943817
mead_part0,20260921,0,10,M009,86.60607482983761,84.741076897415,87.02468646076638,1.864997932422611,0.4186116309287655
mead_part0,20260921,0,10,M019,87.01969198298896,84.32927499968726,85.60337752991522,2.690416983301702,1.4163144530737384
mead_part0,20260921,0,10,M024,87.27541224542257,82.47155528987187,88.10779385866165,4.8038569555507,0.8323816132390789
mead_part0,20260921,0,10,M025,87.31800263920789,82.28148802713122,86.01797224719161,5.036514612076672,1.3000303920162821
mead_part0,20260921,0,10,M029,87.52924552556941,82.00091879359047,86.50877402743984,5.528326731978936,1.0204714981295666
mead_part0,20260921,0,10,M032,86.67233343577786,86.33097020924846,87.02798153877316,0.34136322652939555,0.35564810299530336
mead_part0,20260921,0,10,W015,93.85605236986481,93.56385474445628,94.19235115014817,0.29219762540853367,0.33629878028335725
mead_part0,20260921,0,10,W019,95.35884239765032,92.28558106740888,93.78565500623031,3.0732613302414364,1.5731873914200065
mead_part0,20260921,0,10,W023,94.78853472203309,92.05339467906421,94.94469823162201,2.7351400429688795,0.15616350958892156
mead_part0,20260921,0,10,W037,97.11738840724863,97.13515410117759,96.79061062785728,0.017765693928964765,0.32677777939134955
mead_part0,20260921,1,1,M012,83.0738466960714,84.79584872717773,86.01889223779978,1.722002031106328,2.9450455417283763
mead_part0,20260921,1,1,M023,89.54340445943818,85.10223699860794,89.70729031731243,4.441167460830243,0.16388585787424859
mead_part0,20260921,1,1,M030,83.56269320227015,84.32518014722504,86.06813934087093,0.7624869449548868,2.5054461386007745
mead_part0,20260921,1,1,M034,83.87551654144318,84.63069124258833,86.0847038164703,0.7551747011451511,2.2091872750271193
mead_part0,20260921,1,1,M035,84.17921346175217,80.49502301246166,84.88620767012544,3.6841904492905115,0.7069942083732741
mead_part0,20260921,1,1,W016,94.43009000800241,92.3208187022829,94.79348463996317,2.1092713057195027,0.36339463196075883
mead_part0,20260921,1,1,W021,93.25296925671265,92.91193319579155,93.83518667851415,0.3410360609210983,0.5822174218015022
mead_part0,20260921,1,1,W026,99.97836150583237,97.74974758606186,100.08155837666664,2.2286139197705097,0.10319687083426743
mead_part0,20260921,1,1,W029,96.3117273507622,96.23545317266658,95.01559731468444,0.07627417809561621,1.2961300360777557
mead_part0,20260921,1,1,W036,91.91090729657684,91.17639412623764,93.38808482520729,0.7345131703391985,1.477177528630449
mead_part0,20260921,1,2,M012,85.80597239954037,84.79584872717773,86.01889223779978,1.0101236723626386,0.21291983825940974
mead_part0,20260921,1,2,M023,91.60034301754074,85.10223699860794,89.70729031731243,6.498106018932802,1.89305270022831
mead_part0,20260921,1,2,M030,86.66011953333496,84.32518014722504,86.06813934087093,2.334939386109923,0.5919801924640353
mead_part0,20260921,1,2,M034,85.92658822415957,84.63069124258833,86.0847038164703,1.2958969815712464,0.1581155923107218
mead_part0,20260921,1,2,M035,83.69904921160281,80.49502301246166,84.88620767012544,3.204026199141154,1.1871584585226316
mead_part0,20260921,1,2,W016,95.07058400624592,92.3208187022829,94.79348463996317,2.7497653039630165,0.277099366282755
mead_part0,20260921,1,2,W021,94.72003746985561,92.91193319579155,93.83518667851415,1.808104274064064,0.8848507913414636
mead_part0,20260921,1,2,W026,100.25037803486282,97.74974758606186,100.08155837666664,2.500630448800962,0.16881965819618472
mead_part0,20260921,1,2,W029,95.62479548494284,96.23545317266658,95.01559731468444,0.6106576877237444,0.6091981702583951
mead_part0,20260921,1,2,W036,92.46519483573032,91.17639412623764,93.38808482520729,1.2888007094926763,0.9228899894769711
mead_part0,20260921,1,5,M012,86.29618843981699,84.79584872717773,86.01889223779978,1.50033971263926,0.2772962020172116
mead_part0,20260921,1,5,M023,88.7095543635859,85.10223699860794,89.70729031731243,3.607317364977959,0.9977359537265329
mead_part0,20260921,1,5,M030,86.44070301408712,84.32518014722504,86.06813934087093,2.1155228668620794,0.37256367321619166
mead_part0,20260921,1,5,M034,86.37745334566378,84.63069124258833,86.0847038164703,1.7467621030754543,0.29274952919348607
mead_part0,20260921,1,5,M035,84.92476121532476,80.49502301246166,84.88620767012544,4.429738202863106,0.03855354519932064
mead_part0,20260921,1,5,W016,92.7317517970148,92.3208187022829,94.79348463996317,0.4109330947318881,2.0617328429483734
mead_part0,20260921,1,5,W021,93.5688357218501,92.91193319579155,93.83518667851415,0.656902526058559,0.2663509566640414
mead_part0,20260921,1,5,W026,100.54231664672747,97.74974758606186,100.08155837666664,2.7925690606656133,0.46075827006083614
mead_part0,20260921,1,5,W029,94.99565570906789,96.23545317266658,95.01559731468444,1.2397974635986913,0.019941605616551783
mead_part0,20260921,1,5,W036,92.4250269479345,91.17639412623764,93.38808482520729,1.2486328216968587,0.9630578772727887
mead_part0,20260921,1,10,M012,85.90551508189454,84.79584872717773,86.01889223779978,1.1096663547168077,0.11337715590524056
mead_part0,20260921,1,10,M023,89.68825974368809,85.10223699860794,89.70729031731243,4.586022745080157,0.01903057362433458
mead_part0,20260921,1,10,M030,86.69980019526167,84.32518014722504,86.06813934087093,2.3746200480366326,0.6316608543907449
mead_part0,20260921,1,10,M034,85.2137404433804,84.63069124258833,86.0847038164703,0.5830492007920753,0.8709633730898929
mead_part0,20260921,1,10,M035,83.95401771695131,80.49502301246166,84.88620767012544,3.4589947044896547,0.9321899531741309
mead_part0,20260921,1,10,W016,95.73913872881361,92.3208187022829,94.79348463996317,3.418320026530708,0.9456540888504463
mead_part0,20260921,1,10,W021,93.96882512091605,92.91193319579155,93.83518667851415,1.0568919251245035,0.13363844240190303
mead_part0,20260921,1,10,W026,99.45856115279427,97.74974758606186,100.08155837666664,1.7088135667324167,0.6229972238723605
mead_part0,20260921,1,10,W029,95.91675596063675,96.23545317266658,95.01559731468444,0.31869721202983214,0.9011586459523073
mead_part0,20260921,1,10,W036,95.65304275449955,91.17639412623764,93.38808482520729,4.476648628261913,2.2649579292922652
mead_part0,20260921,2,1,M003,86.49933928295286,83.66625275705506,85.47371582001973,2.833086525897798,1.025623462933126
mead_part0,20260921,2,1,M013,92.87986604848427,83.1067141246881,88.41352780384418,9.773151923796178,4.466338244640099
mead_part0,20260921,2,1,M026,86.41234169855808,84.32871409050246,86.36585865833466,2.0836276080556217,0.04648304022342131
mead_part0,20260921,2,1,M033,83.79323926955455,80.88627187921645,81.39188330985274,2.906967390338096,2.401355959701803
mead_part0,20260921,2,1,M037,85.31505676740271,86.52862412734684,86.50633145230027,1.2135673599441361,1.1912746848975644
mead_part0,20260921,2,1,M039,84.91330831603925,85.28150382443799,85.29620703299088,0.3681955083987418,0.3828987169516296
mead_part0,20260921,2,1,W009,100.31151433534748,92.01273940128858,92.51072005782746,8.298774934058898,7.800794277520026
mead_part0,20260921,2,1,W017,92.28477218413052,91.61842174424301,93.6165111717669,0.6663504398875091,1.3317389876363848
mead_part0,20260921,2,1,W018,94.30418106035675,94.22709352819862,96.94923741959,0.07708753215813147,2.6450563592332514
mead_part0,20260921,2,1,W028,97.54995455525392,97.40547123068012,97.34826225317366,0.1444833245737982,0.2016923020802608
mead_part0,20260921,2,2,M003,85.9918975223404,83.66625275705506,85.47371582001973,2.3256447652853325,0.5181817023206605
mead_part0,20260921,2,2,M013,91.40128122887776,83.1067141246881,88.41352780384418,8.294567104189667,2.9877534250335884
mead_part0,20260921,2,2,M026,86.86307379621611,84.32871409050246,86.36585865833466,2.534359705713655,0.49721513788145444
mead_part0,20260921,2,2,M033,80.55979490255845,80.88627187921645,81.39188330985274,0.32647697665800024,0.8320884072942931
mead_part0,20260921,2,2,M037,84.03618693717402,86.52862412734684,86.50633145230027,2.492437190172822,2.4701445151262504
mead_part0,20260921,2,2,M039,85.08661208767523,85.28150382443799,85.29620703299088,0.19489173676275584,0.2095949453156436
mead_part0,20260921,2,2,W009,92.26072755472428,92.01273940128858,92.51072005782746,0.24798815343569913,0.24999250310317223
mead_part0,20260921,2,2,W017,92.44261848306066,91.61842174424301,93.6165111717669,0.8241967388176477,1.1738926887062462
mead_part0,20260921,2,2,W018,93.71457319538857,94.22709352819862,96.94923741959,0.5125203328100554,3.2346642242014383
mead_part0,20260921,2,2,W028,97.42097386955442,97.40547123068012,97.34826225317366,0.015502638874295371,0.07271161638075796
mead_part0,20260921,2,5,M003,85.53174624894879,83.66625275705506,85.47371582001973,1.86549349189373,0.058030428929058075
mead_part0,20260921,2,5,M013,92.30497335617872,83.1067141246881,88.41352780384418,9.198259231490624,3.8914455523345453
mead_part0,20260921,2,5,M026,85.52292219185462,84.32871409050246,86.36585865833466,1.1942081013521602,0.8429364664800403
mead_part0,20260921,2,5,M033,81.53374003840148,80.88627187921645,81.39188330985274,0.6474681591850242,0.14185672854873133
mead_part0,20260921,2,5,M037,87.67154168048043,86.52862412734684,86.50633145230027,1.1429175531335858,1.1652102281801575
mead_part0,20260921,2,5,M039,86.21821725255322,85.28150382443799,85.29620703299088,0.9367134281152261,0.9220102195623383
mead_part0,20260921,2,5,W009,92.11145210121808,92.01273940128858,92.51072005782746,0.09871269992949294,0.3992679566093784
mead_part0,20260921,2,5,W017,93.61947498948946,91.61842174424301,93.6165111717669,2.001053245246453,0.00296381772255927
mead_part0,20260921,2,5,W018,98.5893248963586,94.22709352819862,96.94923741959,4.362231368159982,1.6400874767685991
mead_part0,20260921,2,5,W028,97.55351317050663,97.40547123068012,97.34826225317366,0.1480419398265127,0.2052509173329753
mead_part0,20260921,2,10,M003,85.53831685922906,83.66625275705506,85.47371582001973,1.8720641021739937,0.0646010392093217
mead_part0,20260921,2,10,M013,85.85072119987883,83.1067141246881,88.41352780384418,2.744007075190737,2.562806603965342
mead_part0,20260921,2,10,M026,86.36396817985587,84.32871409050246,86.36585865833466,2.0352540893534155,0.0018904784787849849
mead_part0,20260921,2,10,M033,81.61083675294758,80.88627187921645,81.39188330985274,0.7245648737311257,0.21895344309483278
mead_part0,20260921,2,10,M037,87.17216560073945,86.52862412734684,86.50633145230027,0.6435414733926024,0.6658341484391741
mead_part0,20260921,2,10,M039,84.95879973892455,85.28150382443799,85.29620703299088,0.3227040855134362,0.33740729406632397
mead_part0,20260921,2,10,W009,92.3148364187756,92.01273940128858,92.51072005782746,0.30209701748701434,0.19588363905185702
mead_part0,20260921,2,10,W017,94.73444453321342,91.61842174424301,93.6165111717669,3.1160227889704117,1.117933361446518
mead_part0,20260921,2,10,W018,95.75254096083331,94.22709352819862,96.94923741959,1.5254474326346923,1.1966964587566906
mead_part0,20260921,2,10,W028,98.20396200841765,97.40547123068012,97.34826225317366,0.798490777737527,0.8556997552439896
mead_part0,20260921,3,1,M007,86.3834788681905,84.12014883083455,87.1054627506969,2.263330037355942,0.7219838825064073
mead_part0,20260921,3,1,M011,92.46014359574914,90.25417138628642,91.58572540151481,2.205972209462729,0.8744181942343374
mead_part0,20260921,3,1,M022,91.58018109036416,83.35063478532012,84.60826778119176,8.229546305044039,6.9719133091724075
mead_part0,20260921,3,1,M028,84.26261130653575,86.50470555610043,86.02935250740414,2.242094249564687,1.7667412008683954
mead_part0,20260921,3,1,M031,86.16372532873457,80.80081839499007,83.52923257324136,5.3629069337444975,2.6344927554932127
mead_part0,20260921,3,1,W024,97.33070239125895,91.17261831412857,91.45236531916983,6.158084077130383,5.878337072089124
mead_part0,20260921,3,1,W025,97.52139500341107,94.75250195666115,96.24032339355598,2.7688930467499233,1.2810716098550898
mead_part0,20260921,3,1,W033,93.26011738284771,93.20128856359963,94.93805554419725,0.05882881924807748,1.6779381613495445
mead_part0,20260921,3,1,W035,97.92568675037855,93.33865788699268,96.769305858737,4.587028863385868,1.1563808916415468
mead_part0,20260921,3,2,M007,87.81872216367981,84.12014883083455,87.1054627506969,3.698573332845257,0.7132594129829073
mead_part0,20260921,3,2,M011,91.63879147479534,90.25417138628642,91.58572540151481,1.3846200885089246,0.05306607328053303
mead_part0,20260921,3,2,M022,84.74545389133462,83.35063478532012,84.60826778119176,1.394819106014495,0.13718611014286353
mead_part0,20260921,3,2,M028,84.73859781489955,86.50470555610043,86.02935250740414,1.7661077412008837,1.290754692504592
mead_part0,20260921,3,2,M031,84.29432554111656,80.80081839499007,83.52923257324136,3.4935071461264897,0.765092967875205
mead_part0,20260921,3,2,W024,93.87141929239834,91.17261831412857,91.45236531916983,2.698800978269773,2.4190539732285146
mead_part0,20260921,3,2,W025,98.14289711701302,94.75250195666115,96.24032339355598,3.390395160351872,1.9025737234570386
mead_part0,20260921,3,2,W033,93.8209943109969,93.20128856359963,94.93805554419725,0.619705747397262,1.11706123320036
mead_part0,20260921,3,2,W035,98.64306185381591,93.33865788699268,96.769305858737,5.30440396682323,1.873755995078909
mead_part0,20260921,3,5,M007,87.37150681624466,84.12014883083455,87.1054627506969,3.2513579854101096,0.26604406554776006
mead_part0,20260921,3,5,M011,91.5423423713963,90.25417138628642,91.58572540151481,1.2881709851098861,0.04338303011850542
mead_part0,20260921,3,5,M022,86.07823660572639,83.35063478532012,84.60826778119176,2.7276018204062638,1.4699688245346323
mead_part0,20260921,3,5,M028,83.8268016438972,86.50470555610043,86.02935250740414,2.6779039122032344,2.202550863506943
mead_part0,20260921,3,5,M031,85.42312273895617,80.80081839499007,83.52923257324136,4.622304343966093,1.893890165714808
mead_part0,20260921,3,5,W024,91.96134738143854,91.17261831412857,91.45236531916983,0.7887290673099727,0.5089820622687142
mead_part0,20260921,3,5,W025,95.73931681977453,94.75250195666115,96.24032339355598,0.9868148631133806,0.5010065737814529
mead_part0,20260921,3,5,W033,93.31681926433946,93.20128856359963,94.93805554419725,0.11553070073982497,1.621236279857797
mead_part0,20260921,3,5,W035,96.20527908362199,93.33865788699268,96.769305858737,2.8666211966293105,0.5640267751150105
mead_part0,20260921,3,10,M007,85.59187411606288,84.12014883083455,87.1054627506969,1.471725285228331,1.5135886346340186
mead_part0,20260921,3,10,M011,90.241208038798,90.25417138628642,91.58572540151481,0.012963347488408772,1.3445173627168003
mead_part0,20260921,3,10,M022,84.10497768123493,83.35063478532012,84.60826778119176,0.7543428959148031,0.5032900999568284
mead_part0,20260921,3,10,M028,86.60630865230732,86.50470555610043,86.02935250740414,0.10160309620688679,0.5769561449031784
mead_part0,20260921,3,10,M031,84.50642500630653,80.80081839499007,83.52923257324136,3.7056066113164547,0.97719243306517
mead_part0,20260921,3,10,W024,91.31836739393142,91.17261831412857,91.45236531916983,0.14574907980285445,0.13399792523840404
mead_part0,20260921,3,10,W025,96.92453656148061,94.75250195666115,96.24032339355598,2.1720346048194585,0.684213167924625
mead_part0,20260921,3,10,W033,93.8564083613226,93.20128856359963,94.93805554419725,0.6551197977229606,1.0816471828746614
mead_part0,20260921,3,10,W035,96.85432062340311,93.33865788699268,96.769305858737,3.515662736410434,0.0850147646661128
mead_part0,20260921,4,1,M005,89.23711354708553,83.6037544064126,86.3744236041646,5.633359140672923,2.862689942920923
mead_part0,20260921,4,1,M027,78.13091678591161,78.85073766873431,81.39791154096429,0.7198208828227024,3.2669947550526786
mead_part0,20260921,4,1,M040,85.13739118644831,84.76853678861889,86.4449889785281,0.3688543978294234,1.3075977920797897
mead_part0,20260921,4,1,M041,81.64553897824294,82.2224219063444,82.83807817413441,0.5768829281014547,1.1925391958914702
mead_part0,20260921,4,1,M042,87.19140930805709,82.47991834555117,84.40856168033477,4.71149096250592,2.782847627722319
mead_part0,20260921,4,1,W011,96.1322449615254,93.88692173326619,95.82238602026342,2.2453232282592097,0.30985894126197877
mead_part0,20260921,4,1,W014,95.6105000946494,95.33022398232536,97.20201739085874,0.2802761123240316,1.5915172962093465
mead_part0,20260921,4,1,W038,94.00747587346208,92.44698161510149,93.7690580445985,1.5604942583605919,0.23841782886358942
mead_part0,20260921,4,1,W040,95.80879643066562,94.5628262790304,95.90892964456506,1.2459701516352197,0.10013321389943997
mead_part0,20260921,4,2,M005,87.77411070134067,83.6037544064126,86.3744236041646,4.1703562949280695,1.39968709717607
mead_part0,20260921,4,2,M027,79.48360240479107,78.85073766873431,81.39791154096429,0.6328647360567601,1.914309136173216
mead_part0,20260921,4,2,M040,85.05301728258799,84.76853678861889,86.4449889785281,0.2844804939690988,1.3919716959401143
mead_part0,20260921,4,2,M041,82.39351757310287,82.2224219063444,82.83807817413441,0.17109566675847532,0.44456060103154016
mead_part0,20260921,4,2,M042,87.09059374803093,82.47991834555117,84.40856168033477,4.610675402479757,2.6820320676961558
mead_part0,20260921,4,2,W011,95.90177873988358,93.88692173326619,95.82238602026342,2.0148570066173903,0.07939271962015937
mead_part0,20260921,4,2,W014,97.88104903151415,95.33022398232536,97.20201739085874,2.550825049188788,0.6790316406554098
mead_part0,20260921,4,2,W038,93.26766861993855,92.44698161510149,93.7690580445985,0.8206870048370547,0.5013894246599477
mead_part0,20260921,4,2,W040,95.26217939526569,94.5628262790304,95.90892964456506,0.6993531162352866,0.6467502492993731
mead_part0,20260921,4,5,M005,91.50885922533885,83.6037544064126,86.3744236041646,7.905104818926247,5.134435621174248
mead_part0,20260921,4,5,M027,86.44462796021536,78.85073766873431,81.39791154096429,7.5938902914810456,5.046716419251069
mead_part0,20260921,4,5,M040,85.51045692643828,84.76853678861889,86.4449889785281,0.7419201378193918,0.9345320520898213
mead_part0,20260921,4,5,M041,83.67092029693016,82.2224219063444,82.83807817413441,1.448498390585769,0.8328421227957534
mead_part0,20260921,4,5,M042,84.39380692062365,82.47991834555117,84.40856168033477,1.9138885750724768,0.014754759711124166
mead_part0,20260921,4,5,W011,96.29978036010306,93.88692173326619,95.82238602026342,2.412858626836865,0.4773943398396341
mead_part0,20260921,4,5,W014,97.52562846224566,95.33022398232536,97.20201739085874,2.195404479920299,0.3236110713869209
mead_part0,20260921,4,5,W038,93.3198589231365,92.44698161510149,93.7690580445985,0.872877308035001,0.44919912146200147
mead_part0,20260921,4,5,W040,95.96574847172104,94.5628262790304,95.90892964456506,1.4029221926906388,0.05681882715597908
mead_part0,20260921,4,10,M005,86.67955600045117,83.6037544064126,86.3744236041646,3.075801594038566,0.30513239628656663
mead_part0,20260921,4,10,M027,84.4677157498858,78.85073766873431,81.39791154096429,5.616978081151487,3.0698042089215107
mead_part0,20260921,4,10,M040,86.06244045152579,84.76853678861889,86.4449889785281,1.2939036629068994,0.3825485270023137
mead_part0,20260921,4,10,M041,82.69236646870313,82.2224219063444,82.83807817413441,0.4699445623587337,0.14571170543128176
mead_part0,20260921,4,10,M042,84.31836444439149,82.47991834555117,84.40856168033477,1.838446098840322,0.090197235943279
mead_part0,20260921,4,10,W011,95.74319610754574,93.88692173326619,95.82238602026342,1.8562743742795504,0.0791899127176805
mead_part0,20260921,4,10,W014,98.2378816089049,95.33022398232536,97.20201739085874,2.9076576265795353,1.0358642180461572
mead_part0,20260921,4,10,W038,93.99331072013462,92.44698161510149,93.7690580445985,1.5463291050331236,0.22425267553612116
mead_part0,20260921,4,10,W040,95.90907128593739,94.5628262790304,95.90892964456506,1.3462450069069831,0.00014164137232342
mead_part0,20260922,0,1,M003,86.49933928295286,83.66625275705506,85.47371582001973,2.833086525897798,1.025623462933126
mead_part0,20260922,0,1,M019,85.57920933028231,84.32927499968726,85.60337752991522,1.2499343305950532,0.024168199632910614
mead_part0,20260922,0,1,M022,91.58018109036416,83.35063478532012,84.60826778119176,8.229546305044039,6.9719133091724075
mead_part0,20260922,0,1,M028,84.26261130653575,86.50470555610043,86.02935250740414,2.242094249564687,1.7667412008683954
mead_part0,20260922,0,1,M033,83.79323926955455,80.88627187921645,81.39188330985274,2.906967390338096,2.401355959701803
mead_part0,20260922,0,1,M039,84.91330831603925,85.28150382443799,85.29620703299088,0.3681955083987418,0.3828987169516296
mead_part0,20260922,0,1,W009,100.31151433534748,92.01273940128858,92.51072005782746,8.298774934058898,7.800794277520026
mead_part0,20260922,0,1,W018,94.30418106035675,94.22709352819862,96.94923741959,0.07708753215813147,2.6450563592332514
mead_part0,20260922,0,1,W029,96.3117273507622,96.23545317266658,95.01559731468444,0.07627417809561621,1.2961300360777557
mead_part0,20260922,0,1,W036,91.91090729657684,91.17639412623764,93.38808482520729,0.7345131703391985,1.477177528630449
mead_part0,20260922,0,2,M003,85.9918975223404,83.66625275705506,85.47371582001973,2.3256447652853325,0.5181817023206605
mead_part0,20260922,0,2,M019,85.24738879836077,84.32927499968726,85.60337752991522,0.9181137986735166,0.3559887315544472
mead_part0,20260922,0,2,M022,84.74545389133462,83.35063478532012,84.60826778119176,1.394819106014495,0.13718611014286353
mead_part0,20260922,0,2,M028,84.73859781489955,86.50470555610043,86.02935250740414,1.7661077412008837,1.290754692504592
mead_part0,20260922,0,2,M033,80.55979490255845,80.88627187921645,81.39188330985274,0.32647697665800024,0.8320884072942931
mead_part0,20260922,0,2,M039,85.08661208767523,85.28150382443799,85.29620703299088,0.19489173676275584,0.2095949453156436
mead_part0,20260922,0,2,W009,92.26072755472428,92.01273940128858,92.51072005782746,0.24798815343569913,0.24999250310317223
mead_part0,20260922,0,2,W018,93.71457319538857,94.22709352819862,96.94923741959,0.5125203328100554,3.2346642242014383
mead_part0,20260922,0,2,W029,95.62479548494284,96.23545317266658,95.01559731468444,0.6106576877237444,0.6091981702583951
mead_part0,20260922,0,2,W036,92.46519483573032,91.17639412623764,93.38808482520729,1.2888007094926763,0.9228899894769711
mead_part0,20260922,0,5,M003,85.53174624894879,83.66625275705506,85.47371582001973,1.86549349189373,0.058030428929058075
mead_part0,20260922,0,5,M019,84.11710297836386,84.32927499968726,85.60337752991522,0.21217202132339708,1.486274551551361
mead_part0,20260922,0,5,M022,86.07823660572639,83.35063478532012,84.60826778119176,2.7276018204062638,1.4699688245346323
mead_part0,20260922,0,5,M028,83.8268016438972,86.50470555610043,86.02935250740414,2.6779039122032344,2.202550863506943
mead_part0,20260922,0,5,M033,81.53374003840148,80.88627187921645,81.39188330985274,0.6474681591850242,0.14185672854873133
mead_part0,20260922,0,5,M039,86.21821725255322,85.28150382443799,85.29620703299088,0.9367134281152261,0.9220102195623383
mead_part0,20260922,0,5,W009,92.11145210121808,92.01273940128858,92.51072005782746,0.09871269992949294,0.3992679566093784
mead_part0,20260922,0,5,W018,98.5893248963586,94.22709352819862,96.94923741959,4.362231368159982,1.6400874767685991
mead_part0,20260922,0,5,W029,94.99565570906789,96.23545317266658,95.01559731468444,1.2397974635986913,0.019941605616551783
mead_part0,20260922,0,5,W036,92.4250269479345,91.17639412623764,93.38808482520729,1.2486328216968587,0.9630578772727887
mead_part0,20260922,0,10,M003,85.53831685922906,83.66625275705506,85.47371582001973,1.8720641021739937,0.0646010392093217
mead_part0,20260922,0,10,M019,87.01969198298896,84.32927499968726,85.60337752991522,2.690416983301702,1.4163144530737384
mead_part0,20260922,0,10,M022,84.10497768123493,83.35063478532012,84.60826778119176,0.7543428959148031,0.5032900999568284
mead_part0,20260922,0,10,M028,86.60630865230732,86.50470555610043,86.02935250740414,0.10160309620688679,0.5769561449031784
mead_part0,20260922,0,10,M033,81.61083675294758,80.88627187921645,81.39188330985274,0.7245648737311257,0.21895344309483278
mead_part0,20260922,0,10,M039,84.95879973892455,85.28150382443799,85.29620703299088,0.3227040855134362,0.33740729406632397
mead_part0,20260922,0,10,W009,92.3148364187756,92.01273940128858,92.51072005782746,0.30209701748701434,0.19588363905185702
mead_part0,20260922,0,10,W018,95.75254096083331,94.22709352819862,96.94923741959,1.5254474326346923,1.1966964587566906
mead_part0,20260922,0,10,W029,95.91675596063675,96.23545317266658,95.01559731468444,0.31869721202983214,0.9011586459523073
mead_part0,20260922,0,10,W036,95.65304275449955,91.17639412623764,93.38808482520729,4.476648628261913,2.2649579292922652
mead_part0,20260922,1,1,M005,89.23711354708553,83.6037544064126,86.3744236041646,5.633359140672923,2.862689942920923
mead_part0,20260922,1,1,M026,86.41234169855808,84.32871409050246,86.36585865833466,2.0836276080556217,0.04648304022342131
mead_part0,20260922,1,1,M035,84.17921346175217,80.49502301246166,84.88620767012544,3.6841904492905115,0.7069942083732741
mead_part0,20260922,1,1,M037,85.31505676740271,86.52862412734684,86.50633145230027,1.2135673599441361,1.1912746848975644
mead_part0,20260922,1,1,M042,87.19140930805709,82.47991834555117,84.40856168033477,4.71149096250592,2.782847627722319
mead_part0,20260922,1,1,W011,96.1322449615254,93.88692173326619,95.82238602026342,2.2453232282592097,0.30985894126197877
mead_part0,20260922,1,1,W015,93.35469914863063,93.56385474445628,94.19235115014817,0.20915559582564924,0.8376520015175402
mead_part0,20260922,1,1,W016,94.43009000800241,92.3208187022829,94.79348463996317,2.1092713057195027,0.36339463196075883
mead_part0,20260922,1,1,W026,99.97836150583237,97.74974758606186,100.08155837666664,2.2286139197705097,0.10319687083426743
mead_part0,20260922,1,1,W037,96.88460561750034,97.13515410117759,96.79061062785728,0.2505484836772496,0.09399498964306474
mead_part0,20260922,1,2,M005,87.77411070134067,83.6037544064126,86.3744236041646,4.1703562949280695,1.39968709717607
mead_part0,20260922,1,2,M026,86.86307379621611,84.32871409050246,86.36585865833466,2.534359705713655,0.49721513788145444
mead_part0,20260922,1,2,M035,83.69904921160281,80.49502301246166,84.88620767012544,3.204026199141154,1.1871584585226316
mead_part0,20260922,1,2,M037,84.03618693717402,86.52862412734684,86.50633145230027,2.492437190172822,2.4701445151262504
mead_part0,20260922,1,2,M042,87.09059374803093,82.47991834555117,84.40856168033477,4.610675402479757,2.6820320676961558
mead_part0,20260922,1,2,W011,95.90177873988358,93.88692173326619,95.82238602026342,2.0148570066173903,0.07939271962015937
mead_part0,20260922,1,2,W015,93.90126326147622,93.56385474445628,94.19235115014817,0.3374085170199379,0.291087888671953
mead_part0,20260922,1,2,W016,95.07058400624592,92.3208187022829,94.79348463996317,2.7497653039630165,0.277099366282755
mead_part0,20260922,1,2,W026,100.25037803486282,97.74974758606186,100.08155837666664,2.500630448800962,0.16881965819618472
mead_part0,20260922,1,2,W037,95.82958820358621,97.13515410117759,96.79061062785728,1.3055658975913786,0.9610224242710643
mead_part0,20260922,1,5,M005,91.50885922533885,83.6037544064126,86.3744236041646,7.905104818926247,5.134435621174248
mead_part0,20260922,1,5,M026,85.52292219185462,84.32871409050246,86.36585865833466,1.1942081013521602,0.8429364664800403
mead_part0,20260922,1,5,M035,84.92476121532476,80.49502301246166,84.88620767012544,4.429738202863106,0.03855354519932064
mead_part0,20260922,1,5,M037,87.67154168048043,86.52862412734684,86.50633145230027,1.1429175531335858,1.1652102281801575
mead_part0,20260922,1,5,M042,84.39380692062365,82.47991834555117,84.40856168033477,1.9138885750724768,0.014754759711124166
mead_part0,20260922,1,5,W011,96.29978036010306,93.88692173326619,95.82238602026342,2.412858626836865,0.4773943398396341
mead_part0,20260922,1,5,W015,93.84738330928357,93.56385474445628,94.19235115014817,0.28352856482729294,0.344967840864598
mead_part0,20260922,1,5,W016,92.7317517970148,92.3208187022829,94.79348463996317,0.4109330947318881,2.0617328429483734
mead_part0,20260922,1,5,W026,100.54231664672747,97.74974758606186,100.08155837666664,2.7925690606656133,0.46075827006083614
mead_part0,20260922,1,5,W037,97.06191883252671,97.13515410117759,96.79061062785728,0.07323526865087615,0.27130820466943817
mead_part0,20260922,1,10,M005,86.67955600045117,83.6037544064126,86.3744236041646,3.075801594038566,0.30513239628656663
mead_part0,20260922,1,10,M026,86.36396817985587,84.32871409050246,86.36585865833466,2.0352540893534155,0.0018904784787849849
mead_part0,20260922,1,10,M035,83.95401771695131,80.49502301246166,84.88620767012544,3.4589947044896547,0.9321899531741309
mead_part0,20260922,1,10,M037,87.17216560073945,86.52862412734684,86.50633145230027,0.6435414733926024,0.6658341484391741
mead_part0,20260922,1,10,M042,84.31836444439149,82.47991834555117,84.40856168033477,1.838446098840322,0.090197235943279
mead_part0,20260922,1,10,W011,95.74319610754574,93.88692173326619,95.82238602026342,1.8562743742795504,0.0791899127176805
mead_part0,20260922,1,10,W015,93.85605236986481,93.56385474445628,94.19235115014817,0.29219762540853367,0.33629878028335725
mead_part0,20260922,1,10,W016,95.73913872881361,92.3208187022829,94.79348463996317,3.418320026530708,0.9456540888504463
mead_part0,20260922,1,10,W026,99.45856115279427,97.74974758606186,100.08155837666664,1.7088135667324167,0.6229972238723605
mead_part0,20260922,1,10,W037,97.11738840724863,97.13515410117759,96.79061062785728,0.017765693928964765,0.32677777939134955
mead_part0,20260922,2,1,M009,89.7229504953638,84.741076897415,87.02468646076638,4.981873597948805,2.698264034597429
mead_part0,20260922,2,1,M012,83.0738466960714,84.79584872717773,86.01889223779978,1.722002031106328,2.9450455417283763
mead_part0,20260922,2,1,M013,92.87986604848427,83.1067141246881,88.41352780384418,9.773151923796178,4.466338244640099
mead_part0,20260922,2,1,M025,89.08869112429113,82.28148802713122,86.01797224719161,6.807203097159913,3.070718877099523
mead_part0,20260922,2,1,M027,78.13091678591161,78.85073766873431,81.39791154096429,0.7198208828227024,3.2669947550526786
mead_part0,20260922,2,1,M031,86.16372532873457,80.80081839499007,83.52923257324136,5.3629069337444975,2.6344927554932127
mead_part0,20260922,2,1,M040,85.13739118644831,84.76853678861889,86.4449889785281,0.3688543978294234,1.3075977920797897
mead_part0,20260922,2,1,W019,95.70982514092525,92.28558106740888,93.78565500623031,3.4242440735163626,1.9241701346949327
mead_part0,20260922,2,1,W024,97.33070239125895,91.17261831412857,91.45236531916983,6.158084077130383,5.878337072089124
mead_part0,20260922,2,1,W025,97.52139500341107,94.75250195666115,96.24032339355598,2.7688930467499233,1.2810716098550898
mead_part0,20260922,2,2,M009,91.01499720084695,84.741076897415,87.02468646076638,6.27392030343195,3.9903107400805737
mead_part0,20260922,2,2,M012,85.80597239954037,84.79584872717773,86.01889223779978,1.0101236723626386,0.21291983825940974
mead_part0,20260922,2,2,M013,91.40128122887776,83.1067141246881,88.41352780384418,8.294567104189667,2.9877534250335884
mead_part0,20260922,2,2,M025,86.21864638584485,82.28148802713122,86.01797224719161,3.9371583587136314,0.20067413865324113
mead_part0,20260922,2,2,M027,79.48360240479107,78.85073766873431,81.39791154096429,0.6328647360567601,1.914309136173216
mead_part0,20260922,2,2,M031,84.29432554111656,80.80081839499007,83.52923257324136,3.4935071461264897,0.765092967875205
mead_part0,20260922,2,2,M040,85.05301728258799,84.76853678861889,86.4449889785281,0.2844804939690988,1.3919716959401143
mead_part0,20260922,2,2,W019,93.36156579802856,92.28558106740888,93.78565500623031,1.0759847306196804,0.42408920820174956
mead_part0,20260922,2,2,W024,93.87141929239834,91.17261831412857,91.45236531916983,2.698800978269773,2.4190539732285146
mead_part0,20260922,2,2,W025,98.14289711701302,94.75250195666115,96.24032339355598,3.390395160351872,1.9025737234570386
mead_part0,20260922,2,5,M009,87.42284019214782,84.741076897415,87.02468646076638,2.681763294732818,0.3981537313814414
mead_part0,20260922,2,5,M012,86.29618843981699,84.79584872717773,86.01889223779978,1.50033971263926,0.2772962020172116
mead_part0,20260922,2,5,M013,92.30497335617872,83.1067141246881,88.41352780384418,9.198259231490624,3.8914455523345453
mead_part0,20260922,2,5,M025,85.21209337988357,82.28148802713122,86.01797224719161,2.9306053527523517,0.8058788673080386
mead_part0,20260922,2,5,M027,86.44462796021536,78.85073766873431,81.39791154096429,7.5938902914810456,5.046716419251069
mead_part0,20260922,2,5,M031,85.42312273895617,80.80081839499007,83.52923257324136,4.622304343966093,1.893890165714808
mead_part0,20260922,2,5,M040,85.51045692643828,84.76853678861889,86.4449889785281,0.7419201378193918,0.9345320520898213
mead_part0,20260922,2,5,W019,94.42740529108809,92.28558106740888,93.78565500623031,2.141824223679208,0.6417502848577783
mead_part0,20260922,2,5,W024,91.96134738143854,91.17261831412857,91.45236531916983,0.7887290673099727,0.5089820622687142
mead_part0,20260922,2,5,W025,95.73931681977453,94.75250195666115,96.24032339355598,0.9868148631133806,0.5010065737814529
mead_part0,20260922,2,10,M009,86.60607482983761,84.741076897415,87.02468646076638,1.864997932422611,0.4186116309287655
mead_part0,20260922,2,10,M012,85.90551508189454,84.79584872717773,86.01889223779978,1.1096663547168077,0.11337715590524056
mead_part0,20260922,2,10,M013,85.85072119987883,83.1067141246881,88.41352780384418,2.744007075190737,2.562806603965342
mead_part0,20260922,2,10,M025,87.31800263920789,82.28148802713122,86.01797224719161,5.036514612076672,1.3000303920162821
mead_part0,20260922,2,10,M027,84.4677157498858,78.85073766873431,81.39791154096429,5.616978081151487,3.0698042089215107
mead_part0,20260922,2,10,M031,84.50642500630653,80.80081839499007,83.52923257324136,3.7056066113164547,0.97719243306517
mead_part0,20260922,2,10,M040,86.06244045152579,84.76853678861889,86.4449889785281,1.2939036629068994,0.3825485270023137
mead_part0,20260922,2,10,W019,95.35884239765032,92.28558106740888,93.78565500623031,3.0732613302414364,1.5731873914200065
mead_part0,20260922,2,10,W024,91.31836739393142,91.17261831412857,91.45236531916983,0.14574907980285445,0.13399792523840404
mead_part0,20260922,2,10,W025,96.92453656148061,94.75250195666115,96.24032339355598,2.1720346048194585,0.684213167924625
mead_part0,20260922,3,1,M011,92.46014359574914,90.25417138628642,91.58572540151481,2.205972209462729,0.8744181942343374
mead_part0,20260922,3,1,M023,89.54340445943818,85.10223699860794,89.70729031731243,4.441167460830243,0.16388585787424859
mead_part0,20260922,3,1,M024,90.32116844241652,82.47155528987187,88.10779385866165,7.849613152544649,2.21337458375487
mead_part0,20260922,3,1,M029,92.38493282744241,82.00091879359047,86.50877402743984,10.38401403385194,5.876158800002571
mead_part0,20260922,3,1,M041,81.64553897824294,82.2224219063444,82.83807817413441,0.5768829281014547,1.1925391958914702
mead_part0,20260922,3,1,W023,97.50540814334016,92.05339467906421,94.94469823162201,5.45201346427595,2.560709911718149
mead_part0,20260922,3,1,W033,93.26011738284771,93.20128856359963,94.93805554419725,0.05882881924807748,1.6779381613495445
mead_part0,20260922,3,1,W035,97.92568675037855,93.33865788699268,96.769305858737,4.587028863385868,1.1563808916415468
mead_part0,20260922,3,1,W038,94.00747587346208,92.44698161510149,93.7690580445985,1.5604942583605919,0.23841782886358942
mead_part0,20260922,3,2,M011,91.63879147479534,90.25417138628642,91.58572540151481,1.3846200885089246,0.05306607328053303
mead_part0,20260922,3,2,M023,91.60034301754074,85.10223699860794,89.70729031731243,6.498106018932802,1.89305270022831
mead_part0,20260922,3,2,M024,89.0130129753176,82.47155528987187,88.10779385866165,6.541457685445721,0.9052191166559425
mead_part0,20260922,3,2,M029,89.43126847680341,82.00091879359047,86.50877402743984,7.430349683212938,2.922494449363569
mead_part0,20260922,3,2,M041,82.39351757310287,82.2224219063444,82.83807817413441,0.17109566675847532,0.44456060103154016
mead_part0,20260922,3,2,W023,96.22790732138319,92.05339467906421,94.94469823162201,4.174512642318973,1.283209089761172
mead_part0,20260922,3,2,W033,93.8209943109969,93.20128856359963,94.93805554419725,0.619705747397262,1.11706123320036
mead_part0,20260922,3,2,W035,98.64306185381591,93.33865788699268,96.769305858737,5.30440396682323,1.873755995078909
mead_part0,20260922,3,2,W038,93.26766861993855,92.44698161510149,93.7690580445985,0.8206870048370547,0.5013894246599477
mead_part0,20260922,3,5,M011,91.5423423713963,90.25417138628642,91.58572540151481,1.2881709851098861,0.04338303011850542
mead_part0,20260922,3,5,M023,88.7095543635859,85.10223699860794,89.70729031731243,3.607317364977959,0.9977359537265329
mead_part0,20260922,3,5,M024,89.96579593186347,82.47155528987187,88.10779385866165,7.4942406419915955,1.858002073201817
mead_part0,20260922,3,5,M029,88.23003395076094,82.00091879359047,86.50877402743984,6.229115157170469,1.7212599233210994
mead_part0,20260922,3,5,M041,83.67092029693016,82.2224219063444,82.83807817413441,1.448498390585769,0.8328421227957534
mead_part0,20260922,3,5,W023,96.66746444033498,92.05339467906421,94.94469823162201,4.61406976127077,1.7227662087129687
mead_part0,20260922,3,5,W033,93.31681926433946,93.20128856359963,94.93805554419725,0.11553070073982497,1.621236279857797
mead_part0,20260922,3,5,W035,96.20527908362199,93.33865788699268,96.769305858737,2.8666211966293105,0.5640267751150105
mead_part0,20260922,3,5,W038,93.3198589231365,92.44698161510149,93.7690580445985,0.872877308035001,0.44919912146200147
mead_part0,20260922,3,10,M011,90.241208038798,90.25417138628642,91.58572540151481,0.012963347488408772,1.3445173627168003
mead_part0,20260922,3,10,M023,89.68825974368809,85.10223699860794,89.70729031731243,4.586022745080157,0.01903057362433458
mead_part0,20260922,3,10,M024,87.27541224542257,82.47155528987187,88.10779385866165,4.8038569555507,0.8323816132390789
mead_part0,20260922,3,10,M029,87.52924552556941,82.00091879359047,86.50877402743984,5.528326731978936,1.0204714981295666
mead_part0,20260922,3,10,M041,82.69236646870313,82.2224219063444,82.83807817413441,0.4699445623587337,0.14571170543128176
mead_part0,20260922,3,10,W023,94.78853472203309,92.05339467906421,94.94469823162201,2.7351400429688795,0.15616350958892156
mead_part0,20260922,3,10,W033,93.8564083613226,93.20128856359963,94.93805554419725,0.6551197977229606,1.0816471828746614
mead_part0,20260922,3,10,W035,96.85432062340311,93.33865788699268,96.769305858737,3.515662736410434,0.0850147646661128
mead_part0,20260922,3,10,W038,93.99331072013462,92.44698161510149,93.7690580445985,1.5463291050331236,0.22425267553612116
mead_part0,20260922,4,1,M007,86.3834788681905,84.12014883083455,87.1054627506969,2.263330037355942,0.7219838825064073
mead_part0,20260922,4,1,M030,83.56269320227015,84.32518014722504,86.06813934087093,0.7624869449548868,2.5054461386007745
mead_part0,20260922,4,1,M032,85.99146459963409,86.33097020924846,87.02798153877316,0.3395056096143776,1.0365169391390765
mead_part0,20260922,4,1,M034,83.87551654144318,84.63069124258833,86.0847038164703,0.7551747011451511,2.2091872750271193
mead_part0,20260922,4,1,W014,95.6105000946494,95.33022398232536,97.20201739085874,0.2802761123240316,1.5915172962093465
mead_part0,20260922,4,1,W017,92.28477218413052,91.61842174424301,93.6165111717669,0.6663504398875091,1.3317389876363848
mead_part0,20260922,4,1,W021,93.25296925671265,92.91193319579155,93.83518667851415,0.3410360609210983,0.5822174218015022
mead_part0,20260922,4,1,W028,97.54995455525392,97.40547123068012,97.34826225317366,0.1444833245737982,0.2016923020802608
mead_part0,20260922,4,1,W040,95.80879643066562,94.5628262790304,95.90892964456506,1.2459701516352197,0.10013321389943997
mead_part0,20260922,4,2,M007,87.81872216367981,84.12014883083455,87.1054627506969,3.698573332845257,0.7132594129829073
mead_part0,20260922,4,2,M030,86.66011953333496,84.32518014722504,86.06813934087093,2.334939386109923,0.5919801924640353
mead_part0,20260922,4,2,M032,87.55676695473468,86.33097020924846,87.02798153877316,1.225796745486221,0.5287854159615222
mead_part0,20260922,4,2,M034,85.92658822415957,84.63069124258833,86.0847038164703,1.2958969815712464,0.1581155923107218
mead_part0,20260922,4,2,W014,97.88104903151415,95.33022398232536,97.20201739085874,2.550825049188788,0.6790316406554098
mead_part0,20260922,4,2,W017,92.44261848306066,91.61842174424301,93.6165111717669,0.8241967388176477,1.1738926887062462
mead_part0,20260922,4,2,W021,94.72003746985561,92.91193319579155,93.83518667851415,1.808104274064064,0.8848507913414636
mead_part0,20260922,4,2,W028,97.42097386955442,97.40547123068012,97.34826225317366,0.015502638874295371,0.07271161638075796
mead_part0,20260922,4,2,W040,95.26217939526569,94.5628262790304,95.90892964456506,0.6993531162352866,0.6467502492993731
mead_part0,20260922,4,5,M007,87.37150681624466,84.12014883083455,87.1054627506969,3.2513579854101096,0.26604406554776006
mead_part0,20260922,4,5,M030,86.44070301408712,84.32518014722504,86.06813934087093,2.1155228668620794,0.37256367321619166
mead_part0,20260922,4,5,M032,88.24842540808396,86.33097020924846,87.02798153877316,1.9174551988354978,1.2204438693107988
mead_part0,20260922,4,5,M034,86.37745334566378,84.63069124258833,86.0847038164703,1.7467621030754543,0.29274952919348607
mead_part0,20260922,4,5,W014,97.52562846224566,95.33022398232536,97.20201739085874,2.195404479920299,0.3236110713869209
mead_part0,20260922,4,5,W017,93.61947498948946,91.61842174424301,93.6165111717669,2.001053245246453,0.00296381772255927
mead_part0,20260922,4,5,W021,93.5688357218501,92.91193319579155,93.83518667851415,0.656902526058559,0.2663509566640414
mead_part0,20260922,4,5,W028,97.55351317050663,97.40547123068012,97.34826225317366,0.1480419398265127,0.2052509173329753
mead_part0,20260922,4,5,W040,95.96574847172104,94.5628262790304,95.90892964456506,1.4029221926906388,0.05681882715597908
mead_part0,20260922,4,10,M007,85.59187411606288,84.12014883083455,87.1054627506969,1.471725285228331,1.5135886346340186
mead_part0,20260922,4,10,M030,86.69980019526167,84.32518014722504,86.06813934087093,2.3746200480366326,0.6316608543907449
mead_part0,20260922,4,10,M032,86.67233343577786,86.33097020924846,87.02798153877316,0.34136322652939555,0.35564810299530336
mead_part0,20260922,4,10,M034,85.2137404433804,84.63069124258833,86.0847038164703,0.5830492007920753,0.8709633730898929
mead_part0,20260922,4,10,W014,98.2378816089049,95.33022398232536,97.20201739085874,2.9076576265795353,1.0358642180461572
mead_part0,20260922,4,10,W017,94.73444453321342,91.61842174424301,93.6165111717669,3.1160227889704117,1.117933361446518
mead_part0,20260922,4,10,W021,93.96882512091605,92.91193319579155,93.83518667851415,1.0568919251245035,0.13363844240190303
mead_part0,20260922,4,10,W028,98.20396200841765,97.40547123068012,97.34826225317366,0.798490777737527,0.8556997552439896
mead_part0,20260922,4,10,W040,95.90907128593739,94.5628262790304,95.90892964456506,1.3462450069069831,0.00014164137232342
ravdess_speech,20260920,0,1,Actor_08,92.1178257857211,92.03264145434721,94.87790525507063,0.08518433137388115,2.7600794693495345
ravdess_speech,20260920,0,1,Actor_11,94.54997071061165,82.2836872708221,89.16871681550012,12.266283439789547,5.381253895111527
ravdess_speech,20260920,0,1,Actor_14,98.69592557575561,92.65200550099199,98.69592557575561,6.043920074763619,0.0
ravdess_speech,20260920,0,1,Actor_18,105.57055153501491,91.5157905938538,95.19121825272174,14.05476094116112,10.379333282293175
ravdess_speech,20260920,0,1,Actor_20,103.72467336124714,93.14691588384035,97.07860731570943,10.577757477406792,6.646066045537708
ravdess_speech,20260920,0,2,Actor_08,92.07843267508653,92.03264145434721,94.87790525507063,0.04579122073931785,2.799472579984098
ravdess_speech,20260920,0,2,Actor_11,91.48060644013003,82.2836872708221,89.16871681550012,9.196919169307932,2.311889624629913
ravdess_speech,20260920,0,2,Actor_14,98.16993163969252,92.65200550099199,98.69592557575561,5.517926138700531,0.5259939360630881
ravdess_speech,20260920,0,2,Actor_18,100.12300358893751,91.5157905938538,95.19121825272174,8.607212995083714,4.931785336215768
ravdess_speech,20260920,0,2,Actor_20,100.84389780593094,93.14691588384035,97.07860731570943,7.696981922090586,3.7652904902215028
ravdess_speech,20260920,0,5,Actor_08,96.53069203720862,92.03264145434721,94.87790525507063,4.49805058286141,1.6527867821379942
ravdess_speech,20260920,0,5,Actor_11,82.18382597399767,82.2836872708221,89.16871681550012,0.09986129682442879,6.984890841502448
ravdess_speech,20260920,0,5,Actor_14,96.29677406537337,92.65200550099199,98.69592557575561,3.64476856438138,2.3991515103822394
ravdess_speech,20260920,0,5,Actor_18,95.153452492902,91.5157905938538,95.19121825272174,3.6376618990482115,0.03776575981973451
ravdess_speech,20260920,0,5,Actor_20,95.5882131204398,93.14691588384035,97.07860731570943,2.4412972365994534,1.49039419526963
ravdess_speech,20260920,0,10,Actor_08,94.06742569651519,92.03264145434721,94.87790525507063,2.034784242167973,0.8104795585554427
ravdess_speech,20260920,0,10,Actor_11,92.97048433389259,82.2836872708221,89.16871681550012,10.686797063070486,3.8017675183924666
ravdess_speech,20260920,0,10,Actor_14,97.93848714665681,92.65200550099199,98.69592557575561,5.286481645664821,0.7574384290987979
ravdess_speech,20260920,0,10,Actor_18,96.8157487859162,91.5157905938538,95.19121825272174,5.299958192062405,1.6245305331944593
ravdess_speech,20260920,0,10,Actor_20,95.30299140410466,93.14691588384035,97.07860731570943,2.1560755202643094,1.775615911604774
ravdess_speech,20260920,1,1,Actor_01,82.17400744014441,82.32319162419148,86.0762662392863,0.14918418404707268,3.90225879914189
ravdess_speech,20260920,1,1,Actor_04,93.50078821958816,92.44823299344586,98.0863245889827,1.052555226142303,4.585536369394546
ravdess_speech,20260920,1,1,Actor_05,91.64397903954656,82.31944346739613,88.4165111772223,9.324535572150438,3.2274678623242608
ravdess_speech,20260920,1,1,Actor_12,91.41481744809553,91.99601132004358,93.98298284568523,0.5811938719480452,2.568165397589695
ravdess_speech,20260920,1,1,Actor_15,85.79307692989198,83.25872792269496,85.7998966359546,2.5343490071970223,0.006819706062614728
ravdess_speech,20260920,1,2,Actor_01,83.33617161195141,82.32319162419148,86.0762662392863,1.012979987759934,2.7400946273348836
ravdess_speech,20260920,1,2,Actor_04,93.39079367144234,92.44823299344586,98.0863245889827,0.9425606779964824,4.695530917540367
ravdess_speech,20260920,1,2,Actor_05,86.61129897998431,82.31944346739613,88.4165111772223,4.291855512588185,1.8052121972379922
ravdess_speech,20260920,1,2,Actor_12,94.41047733473353,91.99601132004358,93.98298284568523,2.4144660146899497,0.4274944890482999
ravdess_speech,20260920,1,2,Actor_15,85.31197527761321,83.25872792269496,85.7998966359546,2.0532473549182555,0.4879213583413815
ravdess_speech,20260920,1,5,Actor_01,83.66334430913966,82.32319162419148,86.0762662392863,1.3401526849481797,2.412921930146638
ravdess_speech,20260920,1,5,Actor_04,95.91727161793253,92.44823299344586,98.0863245889827,3.4690386244866716,2.169052971050178
ravdess_speech,20260920,1,5,Actor_05,97.09822025154972,82.31944346739613,88.4165111772223,14.778776784153592,8.681709074327415
ravdess_speech,20260920,1,5,Actor_12,92.58221108540504,91.99601132004358,93.98298284568523,0.5861997653614566,1.4007717602801932
ravdess_speech,20260920,1,5,Actor_15,89.53880400171818,83.25872792269496,85.7998966359546,6.2800760790232175,3.7389073657635805
ravdess_speech,20260920,1,10,Actor_01,86.0762662392863,82.32319162419148,86.0762662392863,3.7530746150948175,0.0
ravdess_speech,20260920,1,10,Actor_04,97.3147587785058,92.44823299344586,98.0863245889827,4.866525785059949,0.7715658104769005
ravdess_speech,20260920,1,10,Actor_05,88.2796130004082,82.31944346739613,88.4165111772223,5.960169533012078,0.13689817681409977
ravdess_speech,20260920,1,10,Actor_12,94.0655216265292,91.99601132004358,93.98298284568523,2.0695103064856255,0.0825387808439757
ravdess_speech,20260920,1,10,Actor_15,85.56543880680242,83.25872792269496,85.7998966359546,2.30671088410746,0.23445782915217706
ravdess_speech,20260920,2,1,Actor_02,96.22190701298103,92.75571308606163,95.71406735910392,3.466193926919402,0.507839653877113
ravdess_speech,20260920,2,1,Actor_03,86.62297876744681,83.81114496084089,90.4185402255604,2.811833806605918,3.795561458113596
ravdess_speech,20260920,2,1,Actor_06,102.7979421077763,92.82939807775159,94.86341436677542,9.968544030024702,7.934527741000878
ravdess_speech,20260920,2,1,Actor_17,97.10899596707584,81.99081487815346,88.51086185987288,15.118181088922384,8.598134107202966
ravdess_speech,20260920,2,1,Actor_24,92.15429724813845,92.7748085716871,95.29622875778196,0.620511323548655,3.1419315096435128
ravdess_speech,20260920,2,2,Actor_02,98.82107872930249,92.75571308606163,95.71406735910392,6.0653656432408525,3.1070113701985633
ravdess_speech,20260920,2,2,Actor_03,85.65658348783253,83.81114496084089,90.4185402255604,1.845438526991643,4.761956737727871
ravdess_speech,20260920,2,2,Actor_06,95.08748736684825,92.82939807775159,94.86341436677542,2.2580892890966595,0.22407300007283482
ravdess_speech,20260920,2,2,Actor_17,89.260608085316,81.99081487815346,88.51086185987288,7.269793207162536,0.7497462254431184
ravdess_speech,20260920,2,2,Actor_24,94.37988363877724,92.7748085716871,95.29622875778196,1.6050750670901408,0.9163451190047169
ravdess_speech,20260920,2,5,Actor_02,95.02517770406777,92.75571308606163,95.71406735910392,2.2694646180061397,0.6888896550361494
ravdess_speech,20260920,2,5,Actor_03,88.97608194092571,83.81114496084089,90.4185402255604,5.164936980084818,1.4424582846346965
ravdess_speech,20260920,2,5,Actor_06,94.66348552388125,92.82939807775159,94.86341436677542,1.834087446129658,0.1999288428941668
ravdess_speech,20260920,2,5,Actor_17,83.11261953508355,81.99081487815346,88.51086185987288,1.1218046569300952,5.398242324789322
ravdess_speech,20260920,2,5,Actor_24,93.44143198719684,92.7748085716871,95.29622875778196,0.6666234155097328,1.854796770585125
ravdess_speech,20260920,2,10,Actor_02,95.77893744387873,92.75571308606163,95.71406735910392,3.0232243578170994,0.06487008477481027
ravdess_speech,20260920,2,10,Actor_03,88.97437148939656,83.81114496084089,90.4185402255604,5.163226528555668,1.4441687361638458
ravdess_speech,20260920,2,10,Actor_06,95.08170018098822,92.82939807775159,94.86341436677542,2.25230210323663,0.21828581421280546
ravdess_speech,20260920,2,10,Actor_17,85.3137942579693,81.99081487815346,88.51086185987288,3.3229793798158482,3.1970676019035693
ravdess_speech,20260920,2,10,Actor_24,95.01123245169359,92.7748085716871,95.29622875778196,2.236423880006484,0.2849963060883738
ravdess_speech,20260920,3,1,Actor_07,82.56751736422216,82.29529462982603,88.46347421848608,0.27222273439612366,5.895956854263929
ravdess_speech,20260920,3,1,Actor_10,100.29024391085923,92.62218373122901,94.7576733860039,7.668060179630217,5.5325705248553305
ravdess_speech,20260920,3,1,Actor_13,82.90651057043974,82.41106368264826,85.87146723490966,0.4954468877914735,2.9649566644699235
ravdess_speech,20260920,3,1,Actor_21,91.25136054868064,81.45267424711695,87.54343208019372,9.798686301563691,3.7079284684869123
ravdess_speech,20260920,3,1,Actor_23,87.70312807604432,83.87626898512809,93.44667446137267,3.82685909091623,5.743546385328344
ravdess_speech,20260920,3,2,Actor_07,85.5167133922416,82.29529462982603,88.46347421848608,3.221418762415567,2.9467608262444855
ravdess_speech,20260920,3,2,Actor_10,98.89523087761296,92.62218373122901,94.7576733860039,6.273047146383945,4.1375574916090585
ravdess_speech,20260920,3,2,Actor_13,81.68885397121713,82.41106368264826,85.87146723490966,0.7222097114311339,4.182613263692531
ravdess_speech,20260920,3,2,Actor_21,85.86432881779709,81.45267424711695,87.54343208019372,4.411654570680142,1.6791032623966373
ravdess_speech,20260920,3,2,Actor_23,88.27468233462392,83.87626898512809,93.44667446137267,4.398413349495826,5.171992126748748
ravdess_speech,20260920,3,5,Actor_07,86.85917207976678,82.29529462982603,88.46347421848608,4.5638774499407475,1.604302138719305
ravdess_speech,20260920,3,5,Actor_10,97.59749201604363,92.62218373122901,94.7576733860039,4.975308284814616,2.83981863003973
ravdess_speech,20260920,3,5,Actor_13,86.24027543733986,82.41106368264826,85.87146723490966,3.829211754691599,0.36880820243020196
ravdess_speech,20260920,3,5,Actor_21,81.21700735835759,81.45267424711695,87.54343208019372,0.23566688875935426,6.326424721836133
ravdess_speech,20260920,3,5,Actor_23,93.37029494667551,83.87626898512809,93.44667446137267,9.494025961547422,0.07637951469715176
ravdess_speech,20260920,3,10,Actor_07,87.78206864478278,82.29529462982603,88.46347421848608,5.486774014956751,0.6814055737033016
ravdess_speech,20260920,3,10,Actor_10,95.57715797863435,92.62218373122901,94.7576733860039,2.9549742474053318,0.8194845926304453
ravdess_speech,20260920,3,10,Actor_13,82.54651188854571,82.41106368264826,85.87146723490966,0.13544820589744688,3.32495534636395
ravdess_speech,20260920,3,10,Actor_21,86.50323953850372,81.45267424711695,87.54343208019372,5.050565291386775,1.0401925416900042
ravdess_speech,20260920,3,10,Actor_23,94.82308906510661,83.87626898512809,93.44667446137267,10.946820079978522,1.3764146037339486
ravdess_speech,20260920,4,1,Actor_09,88.1514599489429,81.01765945359242,84.10050766254287,7.133800495350485,4.050952286400033
ravdess_speech,20260920,4,1,Actor_16,96.19635412347519,91.96376818073654,94.95724266768059,4.232585942738652,1.2391114557945997
ravdess_speech,20260920,4,1,Actor_19,88.1122747917652,82.45595636280831,87.91102792157395,5.656318428956894,0.2012468701912553
ravdess_speech,20260920,4,1,Actor_22,91.04049582636627,91.84329883287656,92.39133958079714,0.8028030065102882,1.3508437544308691
ravdess_speech,20260920,4,2,Actor_09,91.43601136662645,81.01765945359242,84.10050766254287,10.41835191303403,7.335503704083578
ravdess_speech,20260920,4,2,Actor_16,95.87744968848648,91.96376818073654,94.95724266768059,3.913681507749942,0.9202070208058899
ravdess_speech,20260920,4,2,Actor_19,85.26402866354344,82.45595636280831,87.91102792157395,2.808072300735134,2.6469992580305046
ravdess_speech,20260920,4,2,Actor_22,93.0650883093582,91.84329883287656,92.39133958079714,1.2217894764816464,0.6737487285610655
ravdess_speech,20260920,4,5,Actor_09,85.11046125610336,81.01765945359242,84.10050766254287,4.092801802510948,1.0099535935604962
ravdess_speech,20260920,4,5,Actor_16,93.36956341910498,91.96376818073654,94.95724266768059,1.405795238368441,1.5876792485756113
ravdess_speech,20260920,4,5,Actor_19,83.64919436108119,82.45595636280831,87.91102792157395,1.1932379982728776,4.261833560492761
ravdess_speech,20260920,4,5,Actor_22,89.9148141950454,91.84329883287656,92.39133958079714,1.9284846378311613,2.476525385751742
ravdess_speech,20260920,4,10,Actor_09,85.99409579423858,81.01765945359242,84.10050766254287,4.97643634064616,1.893588131695708
ravdess_speech,20260920,4,10,Actor_16,95.53886940937018,91.96376818073654,94.95724266768059,3.575101228633642,0.5816267416895897
ravdess_speech,20260920,4,10,Actor_19,87.24923649614271,82.45595636280831,87.91102792157395,4.793280133334406,0.6617914254312325
ravdess_speech,20260920,4,10,Actor_22,91.9972097561307,91.84329883287656,92.39133958079714,0.1539109232541449,0.394129824666436
ravdess_speech,20260921,0,1,Actor_05,91.64397903954656,82.31944346739613,88.4165111772223,9.324535572150438,3.2274678623242608
ravdess_speech,20260921,0,1,Actor_06,102.7979421077763,92.82939807775159,94.86341436677542,9.968544030024702,7.934527741000878
ravdess_speech,20260921,0,1,Actor_12,91.41481744809553,91.99601132004358,93.98298284568523,0.5811938719480452,2.568165397589695
ravdess_speech,20260921,0,1,Actor_14,98.69592557575561,92.65200550099199,98.69592557575561,6.043920074763619,0.0
ravdess_speech,20260921,0,1,Actor_23,87.70312807604432,83.87626898512809,93.44667446137267,3.82685909091623,5.743546385328344
ravdess_speech,20260921,0,2,Actor_05,86.61129897998431,82.31944346739613,88.4165111772223,4.291855512588185,1.8052121972379922
ravdess_speech,20260921,0,2,Actor_06,95.08748736684825,92.82939807775159,94.86341436677542,2.2580892890966595,0.22407300007283482
ravdess_speech,20260921,0,2,Actor_12,94.41047733473353,91.99601132004358,93.98298284568523,2.4144660146899497,0.4274944890482999
ravdess_speech,20260921,0,2,Actor_14,98.16993163969252,92.65200550099199,98.69592557575561,5.517926138700531,0.5259939360630881
ravdess_speech,20260921,0,2,Actor_23,88.27468233462392,83.87626898512809,93.44667446137267,4.398413349495826,5.171992126748748
ravdess_speech,20260921,0,5,Actor_05,97.09822025154972,82.31944346739613,88.4165111772223,14.778776784153592,8.681709074327415
ravdess_speech,20260921,0,5,Actor_06,94.66348552388125,92.82939807775159,94.86341436677542,1.834087446129658,0.1999288428941668
ravdess_speech,20260921,0,5,Actor_12,92.58221108540504,91.99601132004358,93.98298284568523,0.5861997653614566,1.4007717602801932
ravdess_speech,20260921,0,5,Actor_14,96.29677406537337,92.65200550099199,98.69592557575561,3.64476856438138,2.3991515103822394
ravdess_speech,20260921,0,5,Actor_23,93.37029494667551,83.87626898512809,93.44667446137267,9.494025961547422,0.07637951469715176
ravdess_speech,20260921,0,10,Actor_05,88.2796130004082,82.31944346739613,88.4165111772223,5.960169533012078,0.13689817681409977
ravdess_speech,20260921,0,10,Actor_06,95.08170018098822,92.82939807775159,94.86341436677542,2.25230210323663,0.21828581421280546
ravdess_speech,20260921,0,10,Actor_12,94.0655216265292,91.99601132004358,93.98298284568523,2.0695103064856255,0.0825387808439757
ravdess_speech,20260921,0,10,Actor_14,97.93848714665681,92.65200550099199,98.69592557575561,5.286481645664821,0.7574384290987979
ravdess_speech,20260921,0,10,Actor_23,94.82308906510661,83.87626898512809,93.44667446137267,10.946820079978522,1.3764146037339486
ravdess_speech,20260921,1,1,Actor_03,86.62297876744681,83.81114496084089,90.4185402255604,2.811833806605918,3.795561458113596
ravdess_speech,20260921,1,1,Actor_10,100.29024391085923,92.62218373122901,94.7576733860039,7.668060179630217,5.5325705248553305
ravdess_speech,20260921,1,1,Actor_17,97.10899596707584,81.99081487815346,88.51086185987288,15.118181088922384,8.598134107202966
ravdess_speech,20260921,1,1,Actor_21,91.25136054868064,81.45267424711695,87.54343208019372,9.798686301563691,3.7079284684869123
ravdess_speech,20260921,1,1,Actor_24,92.15429724813845,92.7748085716871,95.29622875778196,0.620511323548655,3.1419315096435128
ravdess_speech,20260921,1,2,Actor_03,85.65658348783253,83.81114496084089,90.4185402255604,1.845438526991643,4.761956737727871
ravdess_speech,20260921,1,2,Actor_10,98.89523087761296,92.62218373122901,94.7576733860039,6.273047146383945,4.1375574916090585
ravdess_speech,20260921,1,2,Actor_17,89.260608085316,81.99081487815346,88.51086185987288,7.269793207162536,0.7497462254431184
ravdess_speech,20260921,1,2,Actor_21,85.86432881779709,81.45267424711695,87.54343208019372,4.411654570680142,1.6791032623966373
ravdess_speech,20260921,1,2,Actor_24,94.37988363877724,92.7748085716871,95.29622875778196,1.6050750670901408,0.9163451190047169
ravdess_speech,20260921,1,5,Actor_03,88.97608194092571,83.81114496084089,90.4185402255604,5.164936980084818,1.4424582846346965
ravdess_speech,20260921,1,5,Actor_10,97.59749201604363,92.62218373122901,94.7576733860039,4.975308284814616,2.83981863003973
ravdess_speech,20260921,1,5,Actor_17,83.11261953508355,81.99081487815346,88.51086185987288,1.1218046569300952,5.398242324789322
ravdess_speech,20260921,1,5,Actor_21,81.21700735835759,81.45267424711695,87.54343208019372,0.23566688875935426,6.326424721836133
ravdess_speech,20260921,1,5,Actor_24,93.44143198719684,92.7748085716871,95.29622875778196,0.6666234155097328,1.854796770585125
ravdess_speech,20260921,1,10,Actor_03,88.97437148939656,83.81114496084089,90.4185402255604,5.163226528555668,1.4441687361638458
ravdess_speech,20260921,1,10,Actor_10,95.57715797863435,92.62218373122901,94.7576733860039,2.9549742474053318,0.8194845926304453
ravdess_speech,20260921,1,10,Actor_17,85.3137942579693,81.99081487815346,88.51086185987288,3.3229793798158482,3.1970676019035693
ravdess_speech,20260921,1,10,Actor_21,86.50323953850372,81.45267424711695,87.54343208019372,5.050565291386775,1.0401925416900042
ravdess_speech,20260921,1,10,Actor_24,95.01123245169359,92.7748085716871,95.29622875778196,2.236423880006484,0.2849963060883738
ravdess_speech,20260921,2,1,Actor_04,93.50078821958816,92.44823299344586,98.0863245889827,1.052555226142303,4.585536369394546
ravdess_speech,20260921,2,1,Actor_08,92.1178257857211,92.03264145434721,94.87790525507063,0.08518433137388115,2.7600794693495345
ravdess_speech,20260921,2,1,Actor_09,88.1514599489429,81.01765945359242,84.10050766254287,7.133800495350485,4.050952286400033
ravdess_speech,20260921,2,1,Actor_15,85.79307692989198,83.25872792269496,85.7998966359546,2.5343490071970223,0.006819706062614728
ravdess_speech,20260921,2,1,Actor_19,88.1122747917652,82.45595636280831,87.91102792157395,5.656318428956894,0.2012468701912553
ravdess_speech,20260921,2,2,Actor_04,93.39079367144234,92.44823299344586,98.0863245889827,0.9425606779964824,4.695530917540367
ravdess_speech,20260921,2,2,Actor_08,92.07843267508653,92.03264145434721,94.87790525507063,0.04579122073931785,2.799472579984098
ravdess_speech,20260921,2,2,Actor_09,91.43601136662645,81.01765945359242,84.10050766254287,10.41835191303403,7.335503704083578
ravdess_speech,20260921,2,2,Actor_15,85.31197527761321,83.25872792269496,85.7998966359546,2.0532473549182555,0.4879213583413815
ravdess_speech,20260921,2,2,Actor_19,85.26402866354344,82.45595636280831,87.91102792157395,2.808072300735134,2.6469992580305046
ravdess_speech,20260921,2,5,Actor_04,95.91727161793253,92.44823299344586,98.0863245889827,3.4690386244866716,2.169052971050178
ravdess_speech,20260921,2,5,Actor_08,96.53069203720862,92.03264145434721,94.87790525507063,4.49805058286141,1.6527867821379942
ravdess_speech,20260921,2,5,Actor_09,85.11046125610336,81.01765945359242,84.10050766254287,4.092801802510948,1.0099535935604962
ravdess_speech,20260921,2,5,Actor_15,89.53880400171818,83.25872792269496,85.7998966359546,6.2800760790232175,3.7389073657635805
ravdess_speech,20260921,2,5,Actor_19,83.64919436108119,82.45595636280831,87.91102792157395,1.1932379982728776,4.261833560492761
ravdess_speech,20260921,2,10,Actor_04,97.3147587785058,92.44823299344586,98.0863245889827,4.866525785059949,0.7715658104769005
ravdess_speech,20260921,2,10,Actor_08,94.06742569651519,92.03264145434721,94.87790525507063,2.034784242167973,0.8104795585554427
ravdess_speech,20260921,2,10,Actor_09,85.99409579423858,81.01765945359242,84.10050766254287,4.97643634064616,1.893588131695708
ravdess_speech,20260921,2,10,Actor_15,85.56543880680242,83.25872792269496,85.7998966359546,2.30671088410746,0.23445782915217706
ravdess_speech,20260921,2,10,Actor_19,87.24923649614271,82.45595636280831,87.91102792157395,4.793280133334406,0.6617914254312325
ravdess_speech,20260921,3,1,Actor_01,82.17400744014441,82.32319162419148,86.0762662392863,0.14918418404707268,3.90225879914189
ravdess_speech,20260921,3,1,Actor_02,96.22190701298103,92.75571308606163,95.71406735910392,3.466193926919402,0.507839653877113
ravdess_speech,20260921,3,1,Actor_07,82.56751736422216,82.29529462982603,88.46347421848608,0.27222273439612366,5.895956854263929
ravdess_speech,20260921,3,1,Actor_11,94.54997071061165,82.2836872708221,89.16871681550012,12.266283439789547,5.381253895111527
ravdess_speech,20260921,3,1,Actor_22,91.04049582636627,91.84329883287656,92.39133958079714,0.8028030065102882,1.3508437544308691
ravdess_speech,20260921,3,2,Actor_01,83.33617161195141,82.32319162419148,86.0762662392863,1.012979987759934,2.7400946273348836
ravdess_speech,20260921,3,2,Actor_02,98.82107872930249,92.75571308606163,95.71406735910392,6.0653656432408525,3.1070113701985633
ravdess_speech,20260921,3,2,Actor_07,85.5167133922416,82.29529462982603,88.46347421848608,3.221418762415567,2.9467608262444855
ravdess_speech,20260921,3,2,Actor_11,91.48060644013003,82.2836872708221,89.16871681550012,9.196919169307932,2.311889624629913
ravdess_speech,20260921,3,2,Actor_22,93.0650883093582,91.84329883287656,92.39133958079714,1.2217894764816464,0.6737487285610655
ravdess_speech,20260921,3,5,Actor_01,83.66334430913966,82.32319162419148,86.0762662392863,1.3401526849481797,2.412921930146638
ravdess_speech,20260921,3,5,Actor_02,95.02517770406777,92.75571308606163,95.71406735910392,2.2694646180061397,0.6888896550361494
ravdess_speech,20260921,3,5,Actor_07,86.85917207976678,82.29529462982603,88.46347421848608,4.5638774499407475,1.604302138719305
ravdess_speech,20260921,3,5,Actor_11,82.18382597399767,82.2836872708221,89.16871681550012,0.09986129682442879,6.984890841502448
ravdess_speech,20260921,3,5,Actor_22,89.9148141950454,91.84329883287656,92.39133958079714,1.9284846378311613,2.476525385751742
ravdess_speech,20260921,3,10,Actor_01,86.0762662392863,82.32319162419148,86.0762662392863,3.7530746150948175,0.0
ravdess_speech,20260921,3,10,Actor_02,95.77893744387873,92.75571308606163,95.71406735910392,3.0232243578170994,0.06487008477481027
ravdess_speech,20260921,3,10,Actor_07,87.78206864478278,82.29529462982603,88.46347421848608,5.486774014956751,0.6814055737033016
ravdess_speech,20260921,3,10,Actor_11,92.97048433389259,82.2836872708221,89.16871681550012,10.686797063070486,3.8017675183924666
ravdess_speech,20260921,3,10,Actor_22,91.9972097561307,91.84329883287656,92.39133958079714,0.1539109232541449,0.394129824666436
ravdess_speech,20260921,4,1,Actor_13,82.90651057043974,82.41106368264826,85.87146723490966,0.4954468877914735,2.9649566644699235
ravdess_speech,20260921,4,1,Actor_16,96.19635412347519,91.96376818073654,94.95724266768059,4.232585942738652,1.2391114557945997
ravdess_speech,20260921,4,1,Actor_18,105.57055153501491,91.5157905938538,95.19121825272174,14.05476094116112,10.379333282293175
ravdess_speech,20260921,4,1,Actor_20,103.72467336124714,93.14691588384035,97.07860731570943,10.577757477406792,6.646066045537708
ravdess_speech,20260921,4,2,Actor_13,81.68885397121713,82.41106368264826,85.87146723490966,0.7222097114311339,4.182613263692531
ravdess_speech,20260921,4,2,Actor_16,95.87744968848648,91.96376818073654,94.95724266768059,3.913681507749942,0.9202070208058899
ravdess_speech,20260921,4,2,Actor_18,100.12300358893751,91.5157905938538,95.19121825272174,8.607212995083714,4.931785336215768
ravdess_speech,20260921,4,2,Actor_20,100.84389780593094,93.14691588384035,97.07860731570943,7.696981922090586,3.7652904902215028
ravdess_speech,20260921,4,5,Actor_13,86.24027543733986,82.41106368264826,85.87146723490966,3.829211754691599,0.36880820243020196
ravdess_speech,20260921,4,5,Actor_16,93.36956341910498,91.96376818073654,94.95724266768059,1.405795238368441,1.5876792485756113
ravdess_speech,20260921,4,5,Actor_18,95.153452492902,91.5157905938538,95.19121825272174,3.6376618990482115,0.03776575981973451
ravdess_speech,20260921,4,5,Actor_20,95.5882131204398,93.14691588384035,97.07860731570943,2.4412972365994534,1.49039419526963
ravdess_speech,20260921,4,10,Actor_13,82.54651188854571,82.41106368264826,85.87146723490966,0.13544820589744688,3.32495534636395
ravdess_speech,20260921,4,10,Actor_16,95.53886940937018,91.96376818073654,94.95724266768059,3.575101228633642,0.5816267416895897
ravdess_speech,20260921,4,10,Actor_18,96.8157487859162,91.5157905938538,95.19121825272174,5.299958192062405,1.6245305331944593
ravdess_speech,20260921,4,10,Actor_20,95.30299140410466,93.14691588384035,97.07860731570943,2.1560755202643094,1.775615911604774
ravdess_speech,20260922,0,1,Actor_01,82.17400744014441,82.32319162419148,86.0762662392863,0.14918418404707268,3.90225879914189
ravdess_speech,20260922,0,1,Actor_03,86.62297876744681,83.81114496084089,90.4185402255604,2.811833806605918,3.795561458113596
ravdess_speech,20260922,0,1,Actor_14,98.69592557575561,92.65200550099199,98.69592557575561,6.043920074763619,0.0
ravdess_speech,20260922,0,1,Actor_17,97.10899596707584,81.99081487815346,88.51086185987288,15.118181088922384,8.598134107202966
ravdess_speech,20260922,0,1,Actor_24,92.15429724813845,92.7748085716871,95.29622875778196,0.620511323548655,3.1419315096435128
ravdess_speech,20260922,0,2,Actor_01,83.33617161195141,82.32319162419148,86.0762662392863,1.012979987759934,2.7400946273348836
ravdess_speech,20260922,0,2,Actor_03,85.65658348783253,83.81114496084089,90.4185402255604,1.845438526991643,4.761956737727871
ravdess_speech,20260922,0,2,Actor_14,98.16993163969252,92.65200550099199,98.69592557575561,5.517926138700531,0.5259939360630881
ravdess_speech,20260922,0,2,Actor_17,89.260608085316,81.99081487815346,88.51086185987288,7.269793207162536,0.7497462254431184
ravdess_speech,20260922,0,2,Actor_24,94.37988363877724,92.7748085716871,95.29622875778196,1.6050750670901408,0.9163451190047169
ravdess_speech,20260922,0,5,Actor_01,83.66334430913966,82.32319162419148,86.0762662392863,1.3401526849481797,2.412921930146638
ravdess_speech,20260922,0,5,Actor_03,88.97608194092571,83.81114496084089,90.4185402255604,5.164936980084818,1.4424582846346965
ravdess_speech,20260922,0,5,Actor_14,96.29677406537337,92.65200550099199,98.69592557575561,3.64476856438138,2.3991515103822394
ravdess_speech,20260922,0,5,Actor_17,83.11261953508355,81.99081487815346,88.51086185987288,1.1218046569300952,5.398242324789322
ravdess_speech,20260922,0,5,Actor_24,93.44143198719684,92.7748085716871,95.29622875778196,0.6666234155097328,1.854796770585125
ravdess_speech,20260922,0,10,Actor_01,86.0762662392863,82.32319162419148,86.0762662392863,3.7530746150948175,0.0
ravdess_speech,20260922,0,10,Actor_03,88.97437148939656,83.81114496084089,90.4185402255604,5.163226528555668,1.4441687361638458
ravdess_speech,20260922,0,10,Actor_14,97.93848714665681,92.65200550099199,98.69592557575561,5.286481645664821,0.7574384290987979
ravdess_speech,20260922,0,10,Actor_17,85.3137942579693,81.99081487815346,88.51086185987288,3.3229793798158482,3.1970676019035693
ravdess_speech,20260922,0,10,Actor_24,95.01123245169359,92.7748085716871,95.29622875778196,2.236423880006484,0.2849963060883738
ravdess_speech,20260922,1,1,Actor_02,96.22190701298103,92.75571308606163,95.71406735910392,3.466193926919402,0.507839653877113
ravdess_speech,20260922,1,1,Actor_07,82.56751736422216,82.29529462982603,88.46347421848608,0.27222273439612366,5.895956854263929
ravdess_speech,20260922,1,1,Actor_19,88.1122747917652,82.45595636280831,87.91102792157395,5.656318428956894,0.2012468701912553
ravdess_speech,20260922,1,1,Actor_20,103.72467336124714,93.14691588384035,97.07860731570943,10.577757477406792,6.646066045537708
ravdess_speech,20260922,1,1,Actor_22,91.04049582636627,91.84329883287656,92.39133958079714,0.8028030065102882,1.3508437544308691
ravdess_speech,20260922,1,2,Actor_02,98.82107872930249,92.75571308606163,95.71406735910392,6.0653656432408525,3.1070113701985633
ravdess_speech,20260922,1,2,Actor_07,85.5167133922416,82.29529462982603,88.46347421848608,3.221418762415567,2.9467608262444855
ravdess_speech,20260922,1,2,Actor_19,85.26402866354344,82.45595636280831,87.91102792157395,2.808072300735134,2.6469992580305046
ravdess_speech,20260922,1,2,Actor_20,100.84389780593094,93.14691588384035,97.07860731570943,7.696981922090586,3.7652904902215028
ravdess_speech,20260922,1,2,Actor_22,93.0650883093582,91.84329883287656,92.39133958079714,1.2217894764816464,0.6737487285610655
ravdess_speech,20260922,1,5,Actor_02,95.02517770406777,92.75571308606163,95.71406735910392,2.2694646180061397,0.6888896550361494
ravdess_speech,20260922,1,5,Actor_07,86.85917207976678,82.29529462982603,88.46347421848608,4.5638774499407475,1.604302138719305
ravdess_speech,20260922,1,5,Actor_19,83.64919436108119,82.45595636280831,87.91102792157395,1.1932379982728776,4.261833560492761
ravdess_speech,20260922,1,5,Actor_20,95.5882131204398,93.14691588384035,97.07860731570943,2.4412972365994534,1.49039419526963
ravdess_speech,20260922,1,5,Actor_22,89.9148141950454,91.84329883287656,92.39133958079714,1.9284846378311613,2.476525385751742
ravdess_speech,20260922,1,10,Actor_02,95.77893744387873,92.75571308606163,95.71406735910392,3.0232243578170994,0.06487008477481027
ravdess_speech,20260922,1,10,Actor_07,87.78206864478278,82.29529462982603,88.46347421848608,5.486774014956751,0.6814055737033016
ravdess_speech,20260922,1,10,Actor_19,87.24923649614271,82.45595636280831,87.91102792157395,4.793280133334406,0.6617914254312325
ravdess_speech,20260922,1,10,Actor_20,95.30299140410466,93.14691588384035,97.07860731570943,2.1560755202643094,1.775615911604774
ravdess_speech,20260922,1,10,Actor_22,91.9972097561307,91.84329883287656,92.39133958079714,0.1539109232541449,0.394129824666436
ravdess_speech,20260922,2,1,Actor_05,91.64397903954656,82.31944346739613,88.4165111772223,9.324535572150438,3.2274678623242608
ravdess_speech,20260922,2,1,Actor_08,92.1178257857211,92.03264145434721,94.87790525507063,0.08518433137388115,2.7600794693495345
ravdess_speech,20260922,2,1,Actor_11,94.54997071061165,82.2836872708221,89.16871681550012,12.266283439789547,5.381253895111527
ravdess_speech,20260922,2,1,Actor_21,91.25136054868064,81.45267424711695,87.54343208019372,9.798686301563691,3.7079284684869123
ravdess_speech,20260922,2,1,Actor_23,87.70312807604432,83.87626898512809,93.44667446137267,3.82685909091623,5.743546385328344
ravdess_speech,20260922,2,2,Actor_05,86.61129897998431,82.31944346739613,88.4165111772223,4.291855512588185,1.8052121972379922
ravdess_speech,20260922,2,2,Actor_08,92.07843267508653,92.03264145434721,94.87790525507063,0.04579122073931785,2.799472579984098
ravdess_speech,20260922,2,2,Actor_11,91.48060644013003,82.2836872708221,89.16871681550012,9.196919169307932,2.311889624629913
ravdess_speech,20260922,2,2,Actor_21,85.86432881779709,81.45267424711695,87.54343208019372,4.411654570680142,1.6791032623966373
ravdess_speech,20260922,2,2,Actor_23,88.27468233462392,83.87626898512809,93.44667446137267,4.398413349495826,5.171992126748748
ravdess_speech,20260922,2,5,Actor_05,97.09822025154972,82.31944346739613,88.4165111772223,14.778776784153592,8.681709074327415
ravdess_speech,20260922,2,5,Actor_08,96.53069203720862,92.03264145434721,94.87790525507063,4.49805058286141,1.6527867821379942
ravdess_speech,20260922,2,5,Actor_11,82.18382597399767,82.2836872708221,89.16871681550012,0.09986129682442879,6.984890841502448
ravdess_speech,20260922,2,5,Actor_21,81.21700735835759,81.45267424711695,87.54343208019372,0.23566688875935426,6.326424721836133
ravdess_speech,20260922,2,5,Actor_23,93.37029494667551,83.87626898512809,93.44667446137267,9.494025961547422,0.07637951469715176
ravdess_speech,20260922,2,10,Actor_05,88.2796130004082,82.31944346739613,88.4165111772223,5.960169533012078,0.13689817681409977
ravdess_speech,20260922,2,10,Actor_08,94.06742569651519,92.03264145434721,94.87790525507063,2.034784242167973,0.8104795585554427
ravdess_speech,20260922,2,10,Actor_11,92.97048433389259,82.2836872708221,89.16871681550012,10.686797063070486,3.8017675183924666
ravdess_speech,20260922,2,10,Actor_21,86.50323953850372,81.45267424711695,87.54343208019372,5.050565291386775,1.0401925416900042
ravdess_speech,20260922,2,10,Actor_23,94.82308906510661,83.87626898512809,93.44667446137267,10.946820079978522,1.3764146037339486
ravdess_speech,20260922,3,1,Actor_04,93.50078821958816,92.44823299344586,98.0863245889827,1.052555226142303,4.585536369394546
ravdess_speech,20260922,3,1,Actor_06,102.7979421077763,92.82939807775159,94.86341436677542,9.968544030024702,7.934527741000878
ravdess_speech,20260922,3,1,Actor_10,100.29024391085923,92.62218373122901,94.7576733860039,7.668060179630217,5.5325705248553305
ravdess_speech,20260922,3,1,Actor_12,91.41481744809553,91.99601132004358,93.98298284568523,0.5811938719480452,2.568165397589695
ravdess_speech,20260922,3,1,Actor_13,82.90651057043974,82.41106368264826,85.87146723490966,0.4954468877914735,2.9649566644699235
ravdess_speech,20260922,3,2,Actor_04,93.39079367144234,92.44823299344586,98.0863245889827,0.9425606779964824,4.695530917540367
ravdess_speech,20260922,3,2,Actor_06,95.08748736684825,92.82939807775159,94.86341436677542,2.2580892890966595,0.22407300007283482
ravdess_speech,20260922,3,2,Actor_10,98.89523087761296,92.62218373122901,94.7576733860039,6.273047146383945,4.1375574916090585
ravdess_speech,20260922,3,2,Actor_12,94.41047733473353,91.99601132004358,93.98298284568523,2.4144660146899497,0.4274944890482999
ravdess_speech,20260922,3,2,Actor_13,81.68885397121713,82.41106368264826,85.87146723490966,0.7222097114311339,4.182613263692531
ravdess_speech,20260922,3,5,Actor_04,95.91727161793253,92.44823299344586,98.0863245889827,3.4690386244866716,2.169052971050178
ravdess_speech,20260922,3,5,Actor_06,94.66348552388125,92.82939807775159,94.86341436677542,1.834087446129658,0.1999288428941668
ravdess_speech,20260922,3,5,Actor_10,97.59749201604363,92.62218373122901,94.7576733860039,4.975308284814616,2.83981863003973
ravdess_speech,20260922,3,5,Actor_12,92.58221108540504,91.99601132004358,93.98298284568523,0.5861997653614566,1.4007717602801932
ravdess_speech,20260922,3,5,Actor_13,86.24027543733986,82.41106368264826,85.87146723490966,3.829211754691599,0.36880820243020196
ravdess_speech,20260922,3,10,Actor_04,97.3147587785058,92.44823299344586,98.0863245889827,4.866525785059949,0.7715658104769005
ravdess_speech,20260922,3,10,Actor_06,95.08170018098822,92.82939807775159,94.86341436677542,2.25230210323663,0.21828581421280546
ravdess_speech,20260922,3,10,Actor_10,95.57715797863435,92.62218373122901,94.7576733860039,2.9549742474053318,0.8194845926304453
ravdess_speech,20260922,3,10,Actor_12,94.0655216265292,91.99601132004358,93.98298284568523,2.0695103064856255,0.0825387808439757
ravdess_speech,20260922,3,10,Actor_13,82.54651188854571,82.41106368264826,85.87146723490966,0.13544820589744688,3.32495534636395
ravdess_speech,20260922,4,1,Actor_09,88.1514599489429,81.01765945359242,84.10050766254287,7.133800495350485,4.050952286400033
ravdess_speech,20260922,4,1,Actor_15,85.79307692989198,83.25872792269496,85.7998966359546,2.5343490071970223,0.006819706062614728
ravdess_speech,20260922,4,1,Actor_16,96.19635412347519,91.96376818073654,94.95724266768059,4.232585942738652,1.2391114557945997
ravdess_speech,20260922,4,1,Actor_18,105.57055153501491,91.5157905938538,95.19121825272174,14.05476094116112,10.379333282293175
ravdess_speech,20260922,4,2,Actor_09,91.43601136662645,81.01765945359242,84.10050766254287,10.41835191303403,7.335503704083578
ravdess_speech,20260922,4,2,Actor_15,85.31197527761321,83.25872792269496,85.7998966359546,2.0532473549182555,0.4879213583413815
ravdess_speech,20260922,4,2,Actor_16,95.87744968848648,91.96376818073654,94.95724266768059,3.913681507749942,0.9202070208058899
ravdess_speech,20260922,4,2,Actor_18,100.12300358893751,91.5157905938538,95.19121825272174,8.607212995083714,4.931785336215768
ravdess_speech,20260922,4,5,Actor_09,85.11046125610336,81.01765945359242,84.10050766254287,4.092801802510948,1.0099535935604962
ravdess_speech,20260922,4,5,Actor_15,89.53880400171818,83.25872792269496,85.7998966359546,6.2800760790232175,3.7389073657635805
ravdess_speech,20260922,4,5,Actor_16,93.36956341910498,91.96376818073654,94.95724266768059,1.405795238368441,1.5876792485756113
ravdess_speech,20260922,4,5,Actor_18,95.153452492902,91.5157905938538,95.19121825272174,3.6376618990482115,0.03776575981973451
ravdess_speech,20260922,4,10,Actor_09,85.99409579423858,81.01765945359242,84.10050766254287,4.97643634064616,1.893588131695708
ravdess_speech,20260922,4,10,Actor_15,85.56543880680242,83.25872792269496,85.7998966359546,2.30671088410746,0.23445782915217706
ravdess_speech,20260922,4,10,Actor_16,95.53886940937018,91.96376818073654,94.95724266768059,3.575101228633642,0.5816267416895897
ravdess_speech,20260922,4,10,Actor_18,96.8157487859162,91.5157905938538,95.19121825272174,5.299958192062405,1.6245305331944593
