seed,fold,lambda,feature_set,model_family,target,representation,ccc
20260920,0,0.0,pitch,linear_ridge,valence,absolute,0.00048807698948976556
20260920,0,0.0,pitch,linear_ridge,arousal,absolute,0.18193573867041613
20260920,0,0.0,pitch,linear_ridge,dominance,absolute,0.07256292963690086
20260920,0,0.0,pitch,linear_ridge,valence,relative,0.0008769133328978822
20260920,0,0.0,pitch,linear_ridge,arousal,relative,0.33222185173805163
20260920,0,0.0,pitch,linear_ridge,dominance,relative,0.1313690302663315
20260920,0,0.0,pitch,linear_ridge,valence,hybrid,0.000878076726155815
20260920,0,0.0,pitch,linear_ridge,arousal,hybrid,0.33295474499270894
20260920,0,0.0,pitch,linear_ridge,dominance,hybrid,0.13159728173286506
20260920,0,0.0,pitch,quadratic_ridge,valence,absolute,0.007434599260146029
20260920,0,0.0,pitch,quadratic_ridge,arousal,absolute,0.19454766272788768
20260920,0,0.0,pitch,quadratic_ridge,dominance,absolute,0.07996819123712612
20260920,0,0.0,pitch,quadratic_ridge,valence,relative,-0.00016762926043665518
20260920,0,0.0,pitch,quadratic_ridge,arousal,relative,0.340669263824605
20260920,0,0.0,pitch,quadratic_ridge,dominance,relative,0.14707083114083253
20260920,0,0.0,pitch,quadratic_ridge,valence,hybrid,0.004011412467492663
20260920,0,0.0,pitch,quadratic_ridge,arousal,hybrid,0.3990942378337612
20260920,0,0.0,pitch,quadratic_ridge,dominance,hybrid,0.19652544567234084
20260920,0,0.0,rate,linear_ridge,valence,absolute,0.001008284223684588
20260920,0,0.0,rate,linear_ridge,arousal,absolute,0.18554314203762373
20260920,0,0.0,rate,linear_ridge,dominance,absolute,0.2111659176597977
20260920,0,0.0,rate,linear_ridge,valence,relative,0.0010451328975582433
20260920,0,0.0,rate,linear_ridge,arousal,relative,0.1918403494495533
20260920,0,0.0,rate,linear_ridge,dominance,relative,0.21799276216169866
20260920,0,0.0,rate,linear_ridge,valence,hybrid,0.0010454278802028082
20260920,0,0.0,rate,linear_ridge,arousal,hybrid,0.1918918774258319
20260920,0,0.0,rate,linear_ridge,dominance,hybrid,0.2180482994131675
20260920,0,0.0,rate,quadratic_ridge,valence,absolute,0.003981838720233581
20260920,0,0.0,rate,quadratic_ridge,arousal,absolute,0.1995919120745682
20260920,0,0.0,rate,quadratic_ridge,dominance,absolute,0.22005048080038153
20260920,0,0.0,rate,quadratic_ridge,valence,relative,0.004883897053882775
20260920,0,0.0,rate,quadratic_ridge,arousal,relative,0.20581852213697413
20260920,0,0.0,rate,quadratic_ridge,dominance,relative,0.2281193943251103
20260920,0,0.0,rate,quadratic_ridge,valence,hybrid,0.005283637350447916
20260920,0,0.0,rate,quadratic_ridge,arousal,hybrid,0.20532909909357544
20260920,0,0.0,rate,quadratic_ridge,dominance,hybrid,0.22785428938694535
20260920,0,0.0,pitch_rate,linear_ridge,valence,absolute,0.0011978413845509985
20260920,0,0.0,pitch_rate,linear_ridge,arousal,absolute,0.30694169622055406
20260920,0,0.0,pitch_rate,linear_ridge,dominance,absolute,0.24760485306990038
20260920,0,0.0,pitch_rate,linear_ridge,valence,relative,0.0007878487942708891
20260920,0,0.0,pitch_rate,linear_ridge,arousal,relative,0.4227892225616411
20260920,0,0.0,pitch_rate,linear_ridge,dominance,relative,0.2858009814280313
20260920,0,0.0,pitch_rate,linear_ridge,valence,hybrid,0.0007949056931474618
20260920,0,0.0,pitch_rate,linear_ridge,arousal,hybrid,0.42368889073625987
20260920,0,0.0,pitch_rate,linear_ridge,dominance,hybrid,0.2861949575027202
20260920,0,0.0,pitch_rate,quadratic_ridge,valence,absolute,0.01794422979962501
20260920,0,0.0,pitch_rate,quadratic_ridge,arousal,absolute,0.34141157564283575
20260920,0,0.0,pitch_rate,quadratic_ridge,dominance,absolute,0.2709400996545842
20260920,0,0.0,pitch_rate,quadratic_ridge,valence,relative,0.010877181535257158
20260920,0,0.0,pitch_rate,quadratic_ridge,arousal,relative,0.42725541734011263
20260920,0,0.0,pitch_rate,quadratic_ridge,dominance,relative,0.28642372657202564
20260920,0,0.0,pitch_rate,quadratic_ridge,valence,hybrid,0.016950841785489758
20260920,0,0.0,pitch_rate,quadratic_ridge,arousal,hybrid,0.46606475695011873
20260920,0,0.0,pitch_rate,quadratic_ridge,dominance,hybrid,0.3105685259284035
20260920,0,0.25,pitch,linear_ridge,valence,absolute,0.0008313873995518258
20260920,0,0.25,pitch,linear_ridge,arousal,absolute,0.18390836485942497
20260920,0,0.25,pitch,linear_ridge,dominance,absolute,0.07345154619000398
20260920,0,0.25,pitch,linear_ridge,valence,relative,0.0008709576057914188
20260920,0,0.25,pitch,linear_ridge,arousal,relative,0.33150876148016845
20260920,0,0.25,pitch,linear_ridge,dominance,relative,0.13178501867739892
20260920,0,0.25,pitch,linear_ridge,valence,hybrid,0.0009120034500721876
20260920,0,0.25,pitch,linear_ridge,arousal,hybrid,0.33248386371634064
20260920,0,0.25,pitch,linear_ridge,dominance,hybrid,0.13207758538813202
20260920,0,0.25,pitch,quadratic_ridge,valence,absolute,0.007841671420757576
20260920,0,0.25,pitch,quadratic_ridge,arousal,absolute,0.1987851682929422
20260920,0,0.25,pitch,quadratic_ridge,dominance,absolute,0.08303684803170164
20260920,0,0.25,pitch,quadratic_ridge,valence,relative,7.457990173922171e-05
20260920,0,0.25,pitch,quadratic_ridge,arousal,relative,0.34021853130912116
20260920,0,0.25,pitch,quadratic_ridge,dominance,relative,0.1479523458178125
20260920,0,0.25,pitch,quadratic_ridge,valence,hybrid,0.004198415817105956
20260920,0,0.25,pitch,quadratic_ridge,arousal,hybrid,0.399184400121538
20260920,0,0.25,pitch,quadratic_ridge,dominance,hybrid,0.1966622328285933
20260920,0,0.25,rate,linear_ridge,valence,absolute,0.00042885281476594354
20260920,0,0.25,rate,linear_ridge,arousal,absolute,0.18772423509094857
20260920,0,0.25,rate,linear_ridge,dominance,absolute,0.21401662086276255
20260920,0,0.25,rate,linear_ridge,valence,relative,0.000994557068445995
20260920,0,0.25,rate,linear_ridge,arousal,relative,0.19174240340007406
20260920,0,0.25,rate,linear_ridge,dominance,relative,0.21808542274609277
20260920,0,0.25,rate,linear_ridge,valence,hybrid,0.0011382519059556545
20260920,0,0.25,rate,linear_ridge,arousal,hybrid,0.19022041987744215
20260920,0,0.25,rate,linear_ridge,dominance,hybrid,0.21674743197282212
20260920,0,0.25,rate,quadratic_ridge,valence,absolute,0.0033668162486146093
20260920,0,0.25,rate,quadratic_ridge,arousal,absolute,0.20214190309502264
20260920,0,0.25,rate,quadratic_ridge,dominance,absolute,0.22337149911208823
20260920,0,0.25,rate,quadratic_ridge,valence,relative,0.005075942453646433
20260920,0,0.25,rate,quadratic_ridge,arousal,relative,0.20573585812215278
20260920,0,0.25,rate,quadratic_ridge,dominance,relative,0.22772857701036855
20260920,0,0.25,rate,quadratic_ridge,valence,hybrid,0.005752012846030242
20260920,0,0.25,rate,quadratic_ridge,arousal,hybrid,0.20318949149081947
20260920,0,0.25,rate,quadratic_ridge,dominance,hybrid,0.22631487719507806
20260920,0,0.25,pitch_rate,linear_ridge,valence,absolute,0.0009567232459361759
20260920,0,0.25,pitch_rate,linear_ridge,arousal,absolute,0.3113283653723816
20260920,0,0.25,pitch_rate,linear_ridge,dominance,absolute,0.25057791198119755
20260920,0,0.25,pitch_rate,linear_ridge,valence,relative,0.0007405661653550514
20260920,0,0.25,pitch_rate,linear_ridge,arousal,relative,0.4219946014565113
20260920,0,0.25,pitch_rate,linear_ridge,dominance,relative,0.2860019874020832
20260920,0,0.25,pitch_rate,linear_ridge,valence,hybrid,0.0008693206363572046
20260920,0,0.25,pitch_rate,linear_ridge,arousal,hybrid,0.4216933919182289
20260920,0,0.25,pitch_rate,linear_ridge,dominance,hybrid,0.2848207599415626
20260920,0,0.25,pitch_rate,quadratic_ridge,valence,absolute,0.017244650876149837
20260920,0,0.25,pitch_rate,quadratic_ridge,arousal,absolute,0.34880408765026516
20260920,0,0.25,pitch_rate,quadratic_ridge,dominance,absolute,0.27535678622143533
20260920,0,0.25,pitch_rate,quadratic_ridge,valence,relative,0.011437689375680543
20260920,0,0.25,pitch_rate,quadratic_ridge,arousal,relative,0.42669513596781966
20260920,0,0.25,pitch_rate,quadratic_ridge,dominance,relative,0.28663620023921976
20260920,0,0.25,pitch_rate,quadratic_ridge,valence,hybrid,0.01820614239837947
20260920,0,0.25,pitch_rate,quadratic_ridge,arousal,hybrid,0.44736275664754976
20260920,0,0.25,pitch_rate,quadratic_ridge,dominance,hybrid,0.30461900058329666
20260920,0,0.5,pitch,linear_ridge,valence,absolute,0.001184280484932986
20260920,0,0.5,pitch,linear_ridge,arousal,absolute,0.18567215131513748
20260920,0,0.5,pitch,linear_ridge,dominance,absolute,0.07431946726625283
20260920,0,0.5,pitch,linear_ridge,valence,relative,0.0008637880101738196
20260920,0,0.5,pitch,linear_ridge,arousal,relative,0.33037223479169103
20260920,0,0.5,pitch,linear_ridge,dominance,relative,0.1321471873267712
20260920,0,0.5,pitch,linear_ridge,valence,hybrid,0.0009762023838727664
20260920,0,0.5,pitch,linear_ridge,arousal,hybrid,0.3315478906774055
20260920,0,0.5,pitch,linear_ridge,dominance,hybrid,0.1325119997398855
20260920,0,0.5,pitch,quadratic_ridge,valence,absolute,0.008234958693829722
20260920,0,0.5,pitch,quadratic_ridge,arousal,absolute,0.20286886887755334
20260920,0,0.5,pitch,quadratic_ridge,dominance,absolute,0.08609337088593402
20260920,0,0.5,pitch,quadratic_ridge,valence,relative,0.00030864861627649096
20260920,0,0.5,pitch,quadratic_ridge,arousal,relative,0.3393256639016729
20260920,0,0.5,pitch,quadratic_ridge,dominance,relative,0.1487526956137433
20260920,0,0.5,pitch,quadratic_ridge,valence,hybrid,0.004271032879010544
20260920,0,0.5,pitch,quadratic_ridge,arousal,hybrid,0.3991947653751908
20260920,0,0.5,pitch,quadratic_ridge,dominance,hybrid,0.19607783294432934
20260920,0,0.5,rate,linear_ridge,valence,absolute,-0.00014202314028773975
20260920,0,0.5,rate,linear_ridge,arousal,absolute,0.18952279472448624
20260920,0,0.5,rate,linear_ridge,dominance,absolute,0.21667885854949118
20260920,0,0.5,rate,linear_ridge,valence,relative,0.0009429101782129475
20260920,0,0.5,rate,linear_ridge,arousal,relative,0.19136626704841184
20260920,0,0.5,rate,linear_ridge,dominance,relative,0.2180962938908028
20260920,0,0.5,rate,linear_ridge,valence,hybrid,0.0014082415664676746
20260920,0,0.5,rate,linear_ridge,arousal,hybrid,0.18561094959931604
20260920,0,0.5,rate,linear_ridge,dominance,hybrid,0.21315428946169657
20260920,0,0.5,rate,quadratic_ridge,valence,absolute,0.002756460042825975
20260920,0,0.5,rate,quadratic_ridge,arousal,absolute,0.20428045440852322
20260920,0,0.5,rate,quadratic_ridge,dominance,absolute,0.2264861615298837
20260920,0,0.5,rate,quadratic_ridge,valence,relative,0.005266211972227366
20260920,0,0.5,rate,quadratic_ridge,arousal,relative,0.2053186899070521
20260920,0,0.5,rate,quadratic_ridge,dominance,relative,0.2272216800932474
20260920,0,0.5,rate,quadratic_ridge,valence,hybrid,0.006903776435066731
20260920,0,0.5,rate,quadratic_ridge,arousal,hybrid,0.19678193373208644
20260920,0,0.5,rate,quadratic_ridge,dominance,hybrid,0.22178477273262898
20260920,0,0.5,pitch_rate,linear_ridge,valence,absolute,0.0007364735008235932
20260920,0,0.5,pitch_rate,linear_ridge,arousal,absolute,0.3152932930877975
20260920,0,0.5,pitch_rate,linear_ridge,dominance,absolute,0.25337208481625123
20260920,0,0.5,pitch_rate,linear_ridge,valence,relative,0.0006925445770017568
20260920,0,0.5,pitch_rate,linear_ridge,arousal,relative,0.42069108987608167
20260920,0,0.5,pitch_rate,linear_ridge,dominance,relative,0.2860997324808274
20260920,0,0.5,pitch_rate,linear_ridge,valence,hybrid,0.0010571029124157132
20260920,0,0.5,pitch_rate,linear_ridge,arousal,hybrid,0.41665729783858846
20260920,0,0.5,pitch_rate,linear_ridge,dominance,hybrid,0.280751485308687
20260920,0,0.5,pitch_rate,quadratic_ridge,valence,absolute,0.016518932937027
20260920,0,0.5,pitch_rate,quadratic_ridge,arousal,absolute,0.35575755892771993
20260920,0,0.5,pitch_rate,quadratic_ridge,dominance,absolute,0.2795437207641213
20260920,0,0.5,pitch_rate,quadratic_ridge,valence,relative,0.01197949609002816
20260920,0,0.5,pitch_rate,quadratic_ridge,arousal,relative,0.4255534638508812
20260920,0,0.5,pitch_rate,quadratic_ridge,dominance,relative,0.2866805400544018
20260920,0,0.5,pitch_rate,quadratic_ridge,valence,hybrid,0.019685908373447594
20260920,0,0.5,pitch_rate,quadratic_ridge,arousal,hybrid,0.3961401563563485
20260920,0,0.5,pitch_rate,quadratic_ridge,dominance,hybrid,0.2872830682433449
20260920,0,0.75,pitch,linear_ridge,valence,absolute,0.0015454448275444167
20260920,0,0.75,pitch,linear_ridge,arousal,absolute,0.18722640270434493
20260920,0,0.75,pitch,linear_ridge,dominance,absolute,0.0751627757568914
20260920,0,0.75,pitch,linear_ridge,valence,relative,0.0008554840762315573
20260920,0,0.75,pitch,linear_ridge,arousal,relative,0.32881583672390297
20260920,0,0.75,pitch,linear_ridge,dominance,relative,0.13245555653959606
20260920,0,0.75,pitch,linear_ridge,valence,hybrid,0.0010703660373222797
20260920,0,0.75,pitch,linear_ridge,arousal,hybrid,0.3301507413009433
20260920,0,0.75,pitch,linear_ridge,dominance,hybrid,0.13290040620678994
20260920,0,0.75,pitch,quadratic_ridge,valence,absolute,0.008613077590886352
20260920,0,0.75,pitch,quadratic_ridge,arousal,absolute,0.20679341246528415
20260920,0,0.75,pitch,quadratic_ridge,dominance,absolute,0.0891299575502553
20260920,0,0.75,pitch,quadratic_ridge,valence,relative,0.0005336634564290171
20260920,0,0.75,pitch,quadratic_ridge,arousal,relative,0.33799121009156724
20260920,0,0.75,pitch,quadratic_ridge,dominance,relative,0.14947180233301222
20260920,0,0.75,pitch,quadratic_ridge,valence,hybrid,0.004229522745162384
20260920,0,0.75,pitch,quadratic_ridge,arousal,hybrid,0.3991235675616362
20260920,0,0.75,pitch,quadratic_ridge,dominance,hybrid,0.1947966148529511
20260920,0,0.75,rate,linear_ridge,valence,absolute,-0.0007020457534935313
20260920,0,0.75,rate,linear_ridge,arousal,absolute,0.190934456515623
20260920,0,0.75,rate,linear_ridge,dominance,absolute,0.21915033381272994
20260920,0,0.75,rate,linear_ridge,valence,relative,0.0008904137058286295
20260920,0,0.75,rate,linear_ridge,arousal,relative,0.19071405255508603
20260920,0,0.75,rate,linear_ridge,dominance,relative,0.2180257051293675
20260920,0,0.75,rate,linear_ridge,valence,hybrid,0.0018531359747877205
20260920,0,0.75,rate,linear_ridge,arousal,hybrid,0.17813100269986398
20260920,0,0.75,rate,linear_ridge,dominance,hybrid,0.2073214229068014
20260920,0,0.75,rate,quadratic_ridge,valence,absolute,0.002153096732859215
20260920,0,0.75,rate,quadratic_ridge,arousal,absolute,0.2060015861110105
20260920,0,0.75,rate,quadratic_ridge,dominance,absolute,0.22939448570446463
20260920,0,0.75,rate,quadratic_ridge,valence,relative,0.0054540624904584585
20260920,0,0.75,rate,quadratic_ridge,arousal,relative,0.20456957544729568
20260920,0,0.75,rate,quadratic_ridge,dominance,relative,0.22659834089174233
20260920,0,0.75,rate,quadratic_ridge,valence,hybrid,0.008729685775514598
20260920,0,0.75,rate,quadratic_ridge,arousal,hybrid,0.18625229660515571
20260920,0,0.75,rate,quadratic_ridge,dominance,hybrid,0.2143551203368851
20260920,0,0.75,pitch_rate,linear_ridge,valence,absolute,0.0005377333512787477
20260920,0,0.75,pitch_rate,linear_ridge,arousal,absolute,0.31883263538105994
20260920,0,0.75,pitch_rate,linear_ridge,dominance,absolute,0.25597756070267225
20260920,0,0.75,pitch_rate,linear_ridge,valence,relative,0.0006439595451778638
20260920,0,0.75,pitch_rate,linear_ridge,arousal,relative,0.41888235903121834
20260920,0,0.75,pitch_rate,linear_ridge,dominance,relative,0.28609548729996903
20260920,0,0.75,pitch_rate,linear_ridge,valence,hybrid,0.0013571950457147135
20260920,0,0.75,pitch_rate,linear_ridge,arousal,hybrid,0.40865194285280004
20260920,0,0.75,pitch_rate,linear_ridge,dominance,hybrid,0.27408837298398664
20260920,0,0.75,pitch_rate,quadratic_ridge,valence,absolute,0.01576942505658866
20260920,0,0.75,pitch_rate,quadratic_ridge,arousal,absolute,0.3622650111859342
20260920,0,0.75,pitch_rate,quadratic_ridge,dominance,absolute,0.28349118633756953
20260920,0,0.75,pitch_rate,quadratic_ridge,valence,relative,0.012500560558353215
20260920,0,0.75,pitch_rate,quadratic_ridge,arousal,relative,0.42383373342799974
20260920,0,0.75,pitch_rate,quadratic_ridge,dominance,relative,0.28655767126403736
20260920,0,0.75,pitch_rate,quadratic_ridge,valence,hybrid,0.02138147442885923
20260920,0,0.75,pitch_rate,quadratic_ridge,arousal,hybrid,0.3257337596849746
20260920,0,0.75,pitch_rate,quadratic_ridge,dominance,hybrid,0.2608249723132262
20260920,0,1.0,pitch,linear_ridge,valence,absolute,0.0019135817217597827
20260920,0,1.0,pitch,linear_ridge,arousal,absolute,0.18853626111192442
20260920,0,1.0,pitch,linear_ridge,dominance,absolute,0.07597793545902606
20260920,0,1.0,pitch,linear_ridge,valence,relative,0.0008460763906706875
20260920,0,1.0,pitch,linear_ridge,arousal,relative,0.3268590767231756
20260920,0,1.0,pitch,linear_ridge,dominance,relative,0.13271106443277383
20260920,0,1.0,pitch,linear_ridge,valence,hybrid,0.001193988541899022
20260920,0,1.0,pitch,linear_ridge,arousal,hybrid,0.3283096052346699
20260920,0,1.0,pitch,linear_ridge,dominance,hybrid,0.1332428020650983
20260920,0,1.0,pitch,quadratic_ridge,valence,absolute,0.00897481185210073
20260920,0,1.0,pitch,quadratic_ridge,arousal,absolute,0.2105153933956703
20260920,0,1.0,pitch,quadratic_ridge,dominance,absolute,0.09213889062783569
20260920,0,1.0,pitch,quadratic_ridge,valence,relative,0.0007488155850288415
20260920,0,1.0,pitch,quadratic_ridge,arousal,relative,0.3362372708782031
20260920,0,1.0,pitch,quadratic_ridge,dominance,relative,0.15011071525365502
20260920,0,1.0,pitch,quadratic_ridge,valence,hybrid,0.004075193758989704
20260920,0,1.0,pitch,quadratic_ridge,arousal,hybrid,0.3989727046881286
20260920,0,1.0,pitch,quadratic_ridge,dominance,hybrid,0.19286208236172747
20260920,0,1.0,rate,linear_ridge,valence,absolute,-0.0012490348087026246
20260920,0,1.0,rate,linear_ridge,arousal,absolute,0.19196227526271648
20260920,0,1.0,rate,linear_ridge,dominance,absolute,0.2214308309612773
20260920,0,1.0,rate,linear_ridge,valence,relative,0.0008372935896451373
20260920,0,1.0,rate,linear_ridge,arousal,relative,0.1897939067930183
20260920,0,1.0,rate,linear_ridge,dominance,relative,0.21787282463707747
20260920,0,1.0,rate,linear_ridge,valence,hybrid,0.0024692875648334826
20260920,0,1.0,rate,linear_ridge,arousal,hybrid,0.16789287144030085
20260920,0,1.0,rate,linear_ridge,dominance,hybrid,0.1993338111353881
20260920,0,1.0,rate,quadratic_ridge,valence,absolute,0.001559234309201472
20260920,0,1.0,rate,quadratic_ridge,arousal,absolute,0.20730905625809568
20260920,0,1.0,rate,quadratic_ridge,dominance,absolute,0.23209381419294228
20260920,0,1.0,rate,quadratic_ridge,valence,relative,0.005638660706239983
20260920,0,1.0,rate,quadratic_ridge,arousal,relative,0.20349768792385675
20260920,0,1.0,rate,quadratic_ridge,dominance,relative,0.2258610805222056
20260920,0,1.0,rate,quadratic_ridge,valence,hybrid,0.011214224086144108
20260920,0,1.0,rate,quadratic_ridge,arousal,hybrid,0.17184323649208813
20260920,0,1.0,rate,quadratic_ridge,dominance,hybrid,0.20418206664565436
20260920,0,1.0,pitch_rate,linear_ridge,valence,absolute,0.0003610433400457471
20260920,0,1.0,pitch_rate,linear_ridge,arousal,absolute,0.3218918112568598
20260920,0,1.0,pitch_rate,linear_ridge,dominance,absolute,0.25838546910123317
20260920,0,1.0,pitch_rate,linear_ridge,valence,relative,0.0005950560335989867
20260920,0,1.0,pitch_rate,linear_ridge,arousal,relative,0.4165911390410664
20260920,0,1.0,pitch_rate,linear_ridge,dominance,relative,0.2859911704030578
20260920,0,1.0,pitch_rate,linear_ridge,valence,hybrid,0.0017679063781736576
20260920,0,1.0,pitch_rate,linear_ridge,arousal,hybrid,0.3977835079224991
20260920,0,1.0,pitch_rate,linear_ridge,dominance,hybrid,0.2649806243485613
20260920,0,1.0,pitch_rate,quadratic_ridge,valence,absolute,0.0149984346953104
20260920,0,1.0,pitch_rate,quadratic_ridge,arousal,absolute,0.3682622396612323
20260920,0,1.0,pitch_rate,quadratic_ridge,dominance,absolute,0.28718763828639926
20260920,0,1.0,pitch_rate,quadratic_ridge,valence,relative,0.012999022434291034
20260920,0,1.0,pitch_rate,quadratic_ridge,arousal,relative,0.4215600436661425
20260920,0,1.0,pitch_rate,quadratic_ridge,dominance,relative,0.2862714791551494
20260920,0,1.0,pitch_rate,quadratic_ridge,valence,hybrid,0.02328260506540333
20260920,0,1.0,pitch_rate,quadratic_ridge,arousal,hybrid,0.2498506242913175
20260920,0,1.0,pitch_rate,quadratic_ridge,dominance,hybrid,0.22829680671322683
20260920,1,0.0,pitch,linear_ridge,valence,absolute,-0.004814837806737781
20260920,1,0.0,pitch,linear_ridge,arousal,absolute,0.2118561595179464
20260920,1,0.0,pitch,linear_ridge,dominance,absolute,0.0839561690307622
20260920,1,0.0,pitch,linear_ridge,valence,relative,-0.01078279707572654
20260920,1,0.0,pitch,linear_ridge,arousal,relative,0.4146636591432052
20260920,1,0.0,pitch,linear_ridge,dominance,relative,0.1792589862783534
20260920,1,0.0,pitch,linear_ridge,valence,hybrid,-0.010817086221896838
20260920,1,0.0,pitch,linear_ridge,arousal,hybrid,0.41546055404128057
20260920,1,0.0,pitch,linear_ridge,dominance,hybrid,0.17974545165477882
20260920,1,0.0,pitch,quadratic_ridge,valence,absolute,0.0004366463584781381
20260920,1,0.0,pitch,quadratic_ridge,arousal,absolute,0.21070848804034095
20260920,1,0.0,pitch,quadratic_ridge,dominance,absolute,0.08218117853277282
20260920,1,0.0,pitch,quadratic_ridge,valence,relative,-0.006535529729377039
20260920,1,0.0,pitch,quadratic_ridge,arousal,relative,0.41516210156118394
20260920,1,0.0,pitch,quadratic_ridge,dominance,relative,0.18260113662295957
20260920,1,0.0,pitch,quadratic_ridge,valence,hybrid,-0.0039909463079824
20260920,1,0.0,pitch,quadratic_ridge,arousal,hybrid,0.4171697989233564
20260920,1,0.0,pitch,quadratic_ridge,dominance,hybrid,0.18118110738153959
20260920,1,0.0,rate,linear_ridge,valence,absolute,0.011781804167625594
20260920,1,0.0,rate,linear_ridge,arousal,absolute,0.14638612751525282
20260920,1,0.0,rate,linear_ridge,dominance,absolute,0.17071181074032082
20260920,1,0.0,rate,linear_ridge,valence,relative,0.012034565906154102
20260920,1,0.0,rate,linear_ridge,arousal,relative,0.15001627183019234
20260920,1,0.0,rate,linear_ridge,dominance,relative,0.17510901883195856
20260920,1,0.0,rate,linear_ridge,valence,hybrid,0.01203897173907683
20260920,1,0.0,rate,linear_ridge,arousal,hybrid,0.15005911437408498
20260920,1,0.0,rate,linear_ridge,dominance,hybrid,0.17515484996250563
20260920,1,0.0,rate,quadratic_ridge,valence,absolute,0.01066423745424392
20260920,1,0.0,rate,quadratic_ridge,arousal,absolute,0.14860381673695702
20260920,1,0.0,rate,quadratic_ridge,dominance,absolute,0.17075995899273957
20260920,1,0.0,rate,quadratic_ridge,valence,relative,0.01406135473164792
20260920,1,0.0,rate,quadratic_ridge,arousal,relative,0.16732414152803388
20260920,1,0.0,rate,quadratic_ridge,dominance,relative,0.1857414002218047
20260920,1,0.0,rate,quadratic_ridge,valence,hybrid,0.022272615595165433
20260920,1,0.0,rate,quadratic_ridge,arousal,hybrid,0.15510459359302456
20260920,1,0.0,rate,quadratic_ridge,dominance,hybrid,0.199479528165227
20260920,1,0.0,pitch_rate,linear_ridge,valence,absolute,0.007191322335985735
20260920,1,0.0,pitch_rate,linear_ridge,arousal,absolute,0.3170228440056184
20260920,1,0.0,pitch_rate,linear_ridge,dominance,absolute,0.231279833733883
20260920,1,0.0,pitch_rate,linear_ridge,valence,relative,0.002040059080118065
20260920,1,0.0,pitch_rate,linear_ridge,arousal,relative,0.4701306515387695
20260920,1,0.0,pitch_rate,linear_ridge,dominance,relative,0.29103945060201347
20260920,1,0.0,pitch_rate,linear_ridge,valence,hybrid,0.0019965746197133584
20260920,1,0.0,pitch_rate,linear_ridge,arousal,hybrid,0.4702633099895902
20260920,1,0.0,pitch_rate,linear_ridge,dominance,hybrid,0.29151919045584046
20260920,1,0.0,pitch_rate,quadratic_ridge,valence,absolute,0.02302984295347862
20260920,1,0.0,pitch_rate,quadratic_ridge,arousal,absolute,0.3205144879169121
20260920,1,0.0,pitch_rate,quadratic_ridge,dominance,absolute,0.23151671329335427
20260920,1,0.0,pitch_rate,quadratic_ridge,valence,relative,0.025807761544742385
20260920,1,0.0,pitch_rate,quadratic_ridge,arousal,relative,0.4945939405650658
20260920,1,0.0,pitch_rate,quadratic_ridge,dominance,relative,0.3062187381217572
20260920,1,0.0,pitch_rate,quadratic_ridge,valence,hybrid,0.02312306194098864
20260920,1,0.0,pitch_rate,quadratic_ridge,arousal,hybrid,0.4709171842322543
20260920,1,0.0,pitch_rate,quadratic_ridge,dominance,hybrid,0.3352556323263932
20260920,1,0.25,pitch,linear_ridge,valence,absolute,-0.005703591425000771
20260920,1,0.25,pitch,linear_ridge,arousal,absolute,0.21274352576441138
20260920,1,0.25,pitch,linear_ridge,dominance,absolute,0.08579593714862266
20260920,1,0.25,pitch,linear_ridge,valence,relative,-0.0106979951305573
20260920,1,0.25,pitch,linear_ridge,arousal,relative,0.4140827189770734
20260920,1,0.25,pitch,linear_ridge,dominance,relative,0.17791883895138988
20260920,1,0.25,pitch,linear_ridge,valence,hybrid,-0.010815097574702217
20260920,1,0.25,pitch,linear_ridge,arousal,hybrid,0.41507555197321666
20260920,1,0.25,pitch,linear_ridge,dominance,hybrid,0.17842464875884825
20260920,1,0.25,pitch,quadratic_ridge,valence,absolute,-0.000589162801345406
20260920,1,0.25,pitch,quadratic_ridge,arousal,absolute,0.21178293130816145
20260920,1,0.25,pitch,quadratic_ridge,dominance,absolute,0.0838458920990004
20260920,1,0.25,pitch,quadratic_ridge,valence,relative,-0.00647214016820594
20260920,1,0.25,pitch,quadratic_ridge,arousal,relative,0.414737570689711
20260920,1,0.25,pitch,quadratic_ridge,dominance,relative,0.18138473845674338
20260920,1,0.25,pitch,quadratic_ridge,valence,hybrid,-0.00379793878485329
20260920,1,0.25,pitch,quadratic_ridge,arousal,hybrid,0.41689530649659634
20260920,1,0.25,pitch,quadratic_ridge,dominance,hybrid,0.1797597828217743
20260920,1,0.25,rate,linear_ridge,valence,absolute,0.011453137908393946
20260920,1,0.25,rate,linear_ridge,arousal,absolute,0.14806962691715161
20260920,1,0.25,rate,linear_ridge,dominance,absolute,0.17008480197179252
20260920,1,0.25,rate,linear_ridge,valence,relative,0.01199391757532128
20260920,1,0.25,rate,linear_ridge,arousal,relative,0.14975395032369104
20260920,1,0.25,rate,linear_ridge,dominance,relative,0.17329288712278368
20260920,1,0.25,rate,linear_ridge,valence,hybrid,0.01205792277410738
20260920,1,0.25,rate,linear_ridge,arousal,hybrid,0.14987584688434583
20260920,1,0.25,rate,linear_ridge,dominance,hybrid,0.17330154857428354
20260920,1,0.25,rate,quadratic_ridge,valence,absolute,0.01033336706864968
20260920,1,0.25,rate,quadratic_ridge,arousal,absolute,0.150486473847755
20260920,1,0.25,rate,quadratic_ridge,dominance,absolute,0.170272384032451
20260920,1,0.25,rate,quadratic_ridge,valence,relative,0.01409119053589885
20260920,1,0.25,rate,quadratic_ridge,arousal,relative,0.166753747362561
20260920,1,0.25,rate,quadratic_ridge,dominance,relative,0.18355329449265181
20260920,1,0.25,rate,quadratic_ridge,valence,hybrid,0.02215161293228779
20260920,1,0.25,rate,quadratic_ridge,arousal,hybrid,0.15484671122422206
20260920,1,0.25,rate,quadratic_ridge,dominance,hybrid,0.1972341709255994
20260920,1,0.25,pitch_rate,linear_ridge,valence,absolute,0.005885311407135995
20260920,1,0.25,pitch_rate,linear_ridge,arousal,absolute,0.32068644704573623
20260920,1,0.25,pitch_rate,linear_ridge,dominance,absolute,0.23399704894424175
20260920,1,0.25,pitch_rate,linear_ridge,valence,relative,0.0020899877778856888
20260920,1,0.25,pitch_rate,linear_ridge,arousal,relative,0.4696629580275507
20260920,1,0.25,pitch_rate,linear_ridge,dominance,relative,0.28881979191082724
20260920,1,0.25,pitch_rate,linear_ridge,valence,hybrid,0.0021405903912193876
20260920,1,0.25,pitch_rate,linear_ridge,arousal,hybrid,0.4707784298352987
20260920,1,0.25,pitch_rate,linear_ridge,dominance,hybrid,0.2900925271340382
20260920,1,0.25,pitch_rate,quadratic_ridge,valence,absolute,0.021754381311035995
20260920,1,0.25,pitch_rate,quadratic_ridge,arousal,absolute,0.32493426116375945
20260920,1,0.25,pitch_rate,quadratic_ridge,dominance,absolute,0.234753729026257
20260920,1,0.25,pitch_rate,quadratic_ridge,valence,relative,0.0259590198512354
20260920,1,0.25,pitch_rate,quadratic_ridge,arousal,relative,0.4939904792305379
20260920,1,0.25,pitch_rate,quadratic_ridge,dominance,relative,0.3034309718274204
20260920,1,0.25,pitch_rate,quadratic_ridge,valence,hybrid,0.023361490733859486
20260920,1,0.25,pitch_rate,quadratic_ridge,arousal,hybrid,0.4728066314962506
20260920,1,0.25,pitch_rate,quadratic_ridge,dominance,hybrid,0.3263580920717695
20260920,1,0.5,pitch,linear_ridge,valence,absolute,-0.006570359481856569
20260920,1,0.5,pitch,linear_ridge,arousal,absolute,0.21266329350262186
20260920,1,0.5,pitch,linear_ridge,dominance,absolute,0.08531680371449257
20260920,1,0.5,pitch,linear_ridge,valence,relative,-0.010611967214512213
20260920,1,0.5,pitch,linear_ridge,arousal,relative,0.41186949932950007
20260920,1,0.5,pitch,linear_ridge,dominance,relative,0.17293409074693183
20260920,1,0.5,pitch,linear_ridge,valence,hybrid,-0.010776538967342998
20260920,1,0.5,pitch,linear_ridge,arousal,hybrid,0.4130689604851521
20260920,1,0.5,pitch,linear_ridge,dominance,hybrid,0.17277257477254454
20260920,1,0.5,pitch,quadratic_ridge,valence,absolute,-0.001593503197171619
20260920,1,0.5,pitch,quadratic_ridge,arousal,absolute,0.21190841649014963
20260920,1,0.5,pitch,quadratic_ridge,dominance,absolute,0.0832302998575815
20260920,1,0.5,pitch,quadratic_ridge,valence,relative,-0.006407952314234403
20260920,1,0.5,pitch,quadratic_ridge,arousal,relative,0.4126870573951333
20260920,1,0.5,pitch,quadratic_ridge,dominance,relative,0.1764596948568902
20260920,1,0.5,pitch,quadratic_ridge,valence,hybrid,-0.0035334710790957367
20260920,1,0.5,pitch,quadratic_ridge,arousal,hybrid,0.4160698428891048
20260920,1,0.5,pitch,quadratic_ridge,dominance,hybrid,0.17420808368039684
20260920,1,0.5,rate,linear_ridge,valence,absolute,0.011123886785935873
20260920,1,0.5,rate,linear_ridge,arousal,absolute,0.14910594439179706
20260920,1,0.5,rate,linear_ridge,dominance,absolute,0.16592492425393304
20260920,1,0.5,rate,linear_ridge,valence,relative,0.01195199431585099
20260920,1,0.5,rate,linear_ridge,arousal,relative,0.14883098210295445
20260920,1,0.5,rate,linear_ridge,dominance,relative,0.16802362625655182
20260920,1,0.5,rate,linear_ridge,valence,hybrid,0.012108079531903519
20260920,1,0.5,rate,linear_ridge,arousal,hybrid,0.14963898779184986
20260920,1,0.5,rate,linear_ridge,dominance,hybrid,0.16816117426017124
20260920,1,0.5,rate,quadratic_ridge,valence,absolute,0.01000206190678726
20260920,1,0.5,rate,quadratic_ridge,arousal,absolute,0.1517161183519931
20260920,1,0.5,rate,quadratic_ridge,dominance,absolute,0.16621779829317782
20260920,1,0.5,rate,quadratic_ridge,valence,relative,0.014119632902908115
20260920,1,0.5,rate,quadratic_ridge,arousal,relative,0.16546145274982432
20260920,1,0.5,rate,quadratic_ridge,dominance,relative,0.1777497161701557
20260920,1,0.5,rate,quadratic_ridge,valence,hybrid,0.02172786572989761
20260920,1,0.5,rate,quadratic_ridge,arousal,hybrid,0.15012388778292202
20260920,1,0.5,rate,quadratic_ridge,dominance,hybrid,0.19155574629568692
20260920,1,0.5,pitch_rate,linear_ridge,valence,absolute,0.004600407896092277
20260920,1,0.5,pitch_rate,linear_ridge,arousal,absolute,0.3230388193316264
20260920,1,0.5,pitch_rate,linear_ridge,dominance,absolute,0.23149770802131941
20260920,1,0.5,pitch_rate,linear_ridge,valence,relative,0.002139723902878661
20260920,1,0.5,pitch_rate,linear_ridge,arousal,relative,0.46741941584616614
20260920,1,0.5,pitch_rate,linear_ridge,dominance,relative,0.28108197589655753
20260920,1,0.5,pitch_rate,linear_ridge,valence,hybrid,0.002362133269126801
20260920,1,0.5,pitch_rate,linear_ridge,arousal,hybrid,0.47115184106532704
20260920,1,0.5,pitch_rate,linear_ridge,dominance,hybrid,0.2830807168770866
20260920,1,0.5,pitch_rate,quadratic_ridge,valence,absolute,0.02049612527408815
20260920,1,0.5,pitch_rate,quadratic_ridge,arousal,absolute,0.32807845988679074
20260920,1,0.5,pitch_rate,quadratic_ridge,dominance,absolute,0.232758942308226
20260920,1,0.5,pitch_rate,quadratic_ridge,valence,relative,0.02610739780199898
20260920,1,0.5,pitch_rate,quadratic_ridge,arousal,relative,0.4915616854896561
20260920,1,0.5,pitch_rate,quadratic_ridge,dominance,relative,0.29492225489901724
20260920,1,0.5,pitch_rate,quadratic_ridge,valence,hybrid,0.02361709631456525
20260920,1,0.5,pitch_rate,quadratic_ridge,arousal,hybrid,0.46458986708739314
20260920,1,0.5,pitch_rate,quadratic_ridge,dominance,hybrid,0.3034950045442734
20260920,1,0.75,pitch,linear_ridge,valence,absolute,-0.007414784095461699
20260920,1,0.75,pitch,linear_ridge,arousal,absolute,0.21161612779999253
20260920,1,0.75,pitch,linear_ridge,dominance,absolute,0.08272812089986951
20260920,1,0.75,pitch,linear_ridge,valence,relative,-0.010524741544903599
20260920,1,0.75,pitch,linear_ridge,arousal,relative,0.4080402788384351
20260920,1,0.75,pitch,linear_ridge,dominance,relative,0.16491259561036697
20260920,1,0.75,pitch,linear_ridge,valence,hybrid,-0.010701427259863894
20260920,1,0.75,pitch,linear_ridge,arousal,hybrid,0.4094568853858224
20260920,1,0.75,pitch,linear_ridge,dominance,hybrid,0.16350272281225073
20260920,1,0.75,pitch,quadratic_ridge,valence,absolute,-0.0025759208118045973
20260920,1,0.75,pitch,quadratic_ridge,arousal,absolute,0.2110873633195398
20260920,1,0.75,pitch,quadratic_ridge,dominance,absolute,0.08054161586958383
20260920,1,0.75,pitch,quadratic_ridge,valence,relative,-0.006343104047628638
20260920,1,0.75,pitch,quadratic_ridge,arousal,relative,0.40902604107754825
20260920,1,0.75,pitch,quadratic_ridge,dominance,relative,0.16841884316847983
20260920,1,0.75,pitch,quadratic_ridge,valence,hybrid,-0.0031988933673340763
20260920,1,0.75,pitch,quadratic_ridge,arousal,hybrid,0.4146831103041418
20260920,1,0.75,pitch,quadratic_ridge,dominance,hybrid,0.16506129971597067
20260920,1,0.75,rate,linear_ridge,valence,absolute,0.010794272770594786
20260920,1,0.75,rate,linear_ridge,arousal,absolute,0.14948294607906465
20260920,1,0.75,rate,linear_ridge,dominance,absolute,0.15864323268815408
20260920,1,0.75,rate,linear_ridge,valence,relative,0.0119087973932616
20260920,1,0.75,rate,linear_ridge,arousal,relative,0.14725810358360086
20260920,1,0.75,rate,linear_ridge,dominance,relative,0.15990092761371333
20260920,1,0.75,rate,linear_ridge,valence,hybrid,0.012188617112047464
20260920,1,0.75,rate,linear_ridge,arousal,hybrid,0.1493426528105712
20260920,1,0.75,rate,linear_ridge,dominance,hybrid,0.16019094190284167
20260920,1,0.75,rate,quadratic_ridge,valence,absolute,0.009670482051198434
20260920,1,0.75,rate,quadratic_ridge,arousal,absolute,0.15227653523632248
20260920,1,0.75,rate,quadratic_ridge,dominance,absolute,0.15899303810876136
20260920,1,0.75,rate,quadratic_ridge,valence,relative,0.014146673212875544
20260920,1,0.75,rate,quadratic_ridge,arousal,relative,0.16346130238027165
20260920,1,0.75,rate,quadratic_ridge,dominance,relative,0.16897638437463572
20260920,1,0.75,rate,quadratic_ridge,valence,hybrid,0.021009058508459647
20260920,1,0.75,rate,quadratic_ridge,arousal,hybrid,0.1417146456399688
20260920,1,0.75,rate,quadratic_ridge,dominance,hybrid,0.18291132968241972
20260920,1,0.75,pitch_rate,linear_ridge,valence,absolute,0.0033372539372898504
20260920,1,0.75,pitch_rate,linear_ridge,arousal,absolute,0.3240585470397146
20260920,1,0.75,pitch_rate,linear_ridge,dominance,absolute,0.2240950026926664
20260920,1,0.75,pitch_rate,linear_ridge,valence,relative,0.0021892587235922477
20260920,1,0.75,pitch_rate,linear_ridge,arousal,relative,0.4634163770717145
20260920,1,0.75,pitch_rate,linear_ridge,dominance,relative,0.2686894261866124
20260920,1,0.75,pitch_rate,linear_ridge,valence,hybrid,0.0026590575837483013
20260920,1,0.75,pitch_rate,linear_ridge,arousal,hybrid,0.4714017855522124
20260920,1,0.75,pitch_rate,linear_ridge,dominance,hybrid,0.27113704661274
20260920,1,0.75,pitch_rate,quadratic_ridge,valence,absolute,0.019255985647953368
20260920,1,0.75,pitch_rate,quadratic_ridge,arousal,absolute,0.32992118059933856
20260920,1,0.75,pitch_rate,quadratic_ridge,dominance,absolute,0.2257524999762826
20260920,1,0.75,pitch_rate,quadratic_ridge,valence,relative,0.026252648236429595
20260920,1,0.75,pitch_rate,quadratic_ridge,arousal,relative,0.48732305552988703
20260920,1,0.75,pitch_rate,quadratic_ridge,dominance,relative,0.28162552862480233
20260920,1,0.75,pitch_rate,quadratic_ridge,valence,hybrid,0.023886995265801663
20260920,1,0.75,pitch_rate,quadratic_ridge,arousal,hybrid,0.447269173885991
20260920,1,0.75,pitch_rate,quadratic_ridge,dominance,hybrid,0.26833659284785083
20260920,1,1.0,pitch,linear_ridge,valence,absolute,-0.008236587900172707
20260920,1,1.0,pitch,linear_ridge,arousal,absolute,0.209647658803762
20260920,1,1.0,pitch,linear_ridge,dominance,absolute,0.07846433561433906
20260920,1,1.0,pitch,linear_ridge,valence,relative,-0.010436385329074165
20260920,1,1.0,pitch,linear_ridge,arousal,relative,0.40271130945446776
20260920,1,1.0,pitch,linear_ridge,dominance,relative,0.15470963621595482
20260920,1,1.0,pitch,linear_ridge,valence,hybrid,-0.010589820921826941
20260920,1,1.0,pitch,linear_ridge,arousal,hybrid,0.4043471560210868
20260920,1,1.0,pitch,linear_ridge,dominance,hybrid,0.15163735539360637
20260920,1,1.0,pitch,quadratic_ridge,valence,absolute,-0.003535984971186566
20260920,1,1.0,pitch,quadratic_ridge,arousal,absolute,0.20935241926297243
20260920,1,1.0,pitch,quadratic_ridge,dominance,absolute,0.0762077501875816
20260920,1,1.0,pitch,quadratic_ridge,valence,relative,-0.00627761492588701
20260920,1,1.0,pitch,quadratic_ridge,arousal,relative,0.40386404083891886
20260920,1,1.0,pitch,quadratic_ridge,dominance,relative,0.15811736828724696
20260920,1,1.0,pitch,quadratic_ridge,valence,hybrid,-0.0027958952814690886
20260920,1,1.0,pitch,quadratic_ridge,arousal,hybrid,0.41276197027952444
20260920,1,1.0,pitch,quadratic_ridge,dominance,hybrid,0.15311975865488345
20260920,1,1.0,rate,linear_ridge,valence,absolute,0.01046435716315442
20260920,1,1.0,rate,linear_ridge,arousal,absolute,0.1492084355934977
20260920,1,1.0,rate,linear_ridge,dominance,absolute,0.14896728153119926
20260920,1,1.0,rate,linear_ridge,valence,relative,0.011864300523256485
20260920,1,1.0,rate,linear_ridge,arousal,relative,0.14509084988312812
20260920,1,1.0,rate,linear_ridge,dominance,relative,0.14975008187952507
20260920,1,1.0,rate,linear_ridge,valence,hybrid,0.01229830695320929
20260920,1,1.0,rate,linear_ridge,arousal,hybrid,0.1489940075886925
20260920,1,1.0,rate,linear_ridge,dominance,hybrid,0.1500323748522523
20260920,1,1.0,rate,quadratic_ridge,valence,absolute,0.009338755465815548
20260920,1,1.0,rate,quadratic_ridge,arousal,absolute,0.15216987066295834
20260920,1,1.0,rate,quadratic_ridge,dominance,absolute,0.14932317730055147
20260920,1,1.0,rate,quadratic_ridge,valence,relative,0.014172365591744967
20260920,1,1.0,rate,quadratic_ridge,arousal,relative,0.16081974880437047
20260920,1,1.0,rate,quadratic_ridge,dominance,relative,0.15810735128082445
20260920,1,1.0,rate,quadratic_ridge,valence,hybrid,0.020006978157766985
20260920,1,1.0,rate,quadratic_ridge,arousal,hybrid,0.13084482532383257
20260920,1,1.0,rate,quadratic_ridge,dominance,hybrid,0.17198132128578447
20260920,1,1.0,pitch_rate,linear_ridge,valence,absolute,0.0020964273107948773
20260920,1,1.0,pitch_rate,linear_ridge,arousal,absolute,0.3237293756286517
20260920,1,1.0,pitch_rate,linear_ridge,dominance,absolute,0.212644677062511
20260920,1,1.0,pitch_rate,linear_ridge,valence,relative,0.0022385647807642685
20260920,1,1.0,pitch_rate,linear_ridge,arousal,relative,0.4577718468157899
20260920,1,1.0,pitch_rate,linear_ridge,dominance,relative,0.25287641954425827
20260920,1,1.0,pitch_rate,linear_ridge,valence,hybrid,0.0030282920433030483
20260920,1,1.0,pitch_rate,linear_ridge,arousal,hybrid,0.4715161149549998
20260920,1,1.0,pitch_rate,linear_ridge,dominance,hybrid,0.2552811333126662
20260920,1,1.0,pitch_rate,quadratic_ridge,valence,absolute,0.018034596404791266
20260920,1,1.0,pitch_rate,quadratic_ridge,arousal,absolute,0.33041185174109494
20260920,1,1.0,pitch_rate,quadratic_ridge,dominance,absolute,0.21452488468966097
20260920,1,1.0,pitch_rate,quadratic_ridge,valence,relative,0.02639481958638744
20260920,1,1.0,pitch_rate,quadratic_ridge,arousal,relative,0.4814076809000387
20260920,1,1.0,pitch_rate,quadratic_ridge,dominance,relative,0.2648405102868399
20260920,1,1.0,pitch_rate,quadratic_ridge,valence,hybrid,0.024167700679432334
20260920,1,1.0,pitch_rate,quadratic_ridge,arousal,hybrid,0.4228554653814122
20260920,1,1.0,pitch_rate,quadratic_ridge,dominance,hybrid,0.22320736538487249
20260920,2,0.0,pitch,linear_ridge,valence,absolute,0.0004242019178907045
20260920,2,0.0,pitch,linear_ridge,arousal,absolute,0.18743096522551542
20260920,2,0.0,pitch,linear_ridge,dominance,absolute,0.07936438480853406
20260920,2,0.0,pitch,linear_ridge,valence,relative,0.0008199798938273903
20260920,2,0.0,pitch,linear_ridge,arousal,relative,0.34349985559564616
20260920,2,0.0,pitch,linear_ridge,dominance,relative,0.15050226250494897
20260920,2,0.0,pitch,linear_ridge,valence,hybrid,0.0008223444351548165
20260920,2,0.0,pitch,linear_ridge,arousal,hybrid,0.3440824648657153
20260920,2,0.0,pitch,linear_ridge,dominance,hybrid,0.1508727404027685
20260920,2,0.0,pitch,quadratic_ridge,valence,absolute,0.002343557140095501
20260920,2,0.0,pitch,quadratic_ridge,arousal,absolute,0.19570089967645118
20260920,2,0.0,pitch,quadratic_ridge,dominance,absolute,0.08004746253122032
20260920,2,0.0,pitch,quadratic_ridge,valence,relative,0.0019660214663288636
20260920,2,0.0,pitch,quadratic_ridge,arousal,relative,0.34364379432618336
20260920,2,0.0,pitch,quadratic_ridge,dominance,relative,0.15254247579410576
20260920,2,0.0,pitch,quadratic_ridge,valence,hybrid,0.0030110404980912115
20260920,2,0.0,pitch,quadratic_ridge,arousal,hybrid,0.3568175491876391
20260920,2,0.0,pitch,quadratic_ridge,dominance,hybrid,0.16016775652419699
20260920,2,0.0,rate,linear_ridge,valence,absolute,0.00942980679108832
20260920,2,0.0,rate,linear_ridge,arousal,absolute,0.12930914729098997
20260920,2,0.0,rate,linear_ridge,dominance,absolute,0.15255232104941396
20260920,2,0.0,rate,linear_ridge,valence,relative,0.00978195313328118
20260920,2,0.0,rate,linear_ridge,arousal,relative,0.133707818214785
20260920,2,0.0,rate,linear_ridge,dominance,relative,0.15764645592783041
20260920,2,0.0,rate,linear_ridge,valence,hybrid,0.009784851529815855
20260920,2,0.0,rate,linear_ridge,arousal,hybrid,0.13374367708350252
20260920,2,0.0,rate,linear_ridge,dominance,hybrid,0.15768800189484025
20260920,2,0.0,rate,quadratic_ridge,valence,absolute,0.01320105515649688
20260920,2,0.0,rate,quadratic_ridge,arousal,absolute,0.14769299868885208
20260920,2,0.0,rate,quadratic_ridge,dominance,absolute,0.15978695268512122
20260920,2,0.0,rate,quadratic_ridge,valence,relative,0.013694939457235636
20260920,2,0.0,rate,quadratic_ridge,arousal,relative,0.14730202063201098
20260920,2,0.0,rate,quadratic_ridge,dominance,relative,0.1599115044602926
20260920,2,0.0,rate,quadratic_ridge,valence,hybrid,0.011231845410597789
20260920,2,0.0,rate,quadratic_ridge,arousal,hybrid,0.14956282804541451
20260920,2,0.0,rate,quadratic_ridge,dominance,hybrid,0.15837574799661255
20260920,2,0.0,pitch_rate,linear_ridge,valence,absolute,0.009403566004062164
20260920,2,0.0,pitch_rate,linear_ridge,arousal,absolute,0.2738132272436692
20260920,2,0.0,pitch_rate,linear_ridge,dominance,absolute,0.2064283735768651
20260920,2,0.0,pitch_rate,linear_ridge,valence,relative,0.009429394378259891
20260920,2,0.0,pitch_rate,linear_ridge,arousal,relative,0.39623134759379575
20260920,2,0.0,pitch_rate,linear_ridge,dominance,relative,0.2533631559780518
20260920,2,0.0,pitch_rate,linear_ridge,valence,hybrid,0.009433620457635154
20260920,2,0.0,pitch_rate,linear_ridge,arousal,hybrid,0.3968728207746574
20260920,2,0.0,pitch_rate,linear_ridge,dominance,hybrid,0.2537604966794077
20260920,2,0.0,pitch_rate,quadratic_ridge,valence,absolute,0.025722662175403085
20260920,2,0.0,pitch_rate,quadratic_ridge,arousal,absolute,0.3021526717530752
20260920,2,0.0,pitch_rate,quadratic_ridge,dominance,absolute,0.21985253796429283
20260920,2,0.0,pitch_rate,quadratic_ridge,valence,relative,0.026652744425655277
20260920,2,0.0,pitch_rate,quadratic_ridge,arousal,relative,0.4083210296228132
20260920,2,0.0,pitch_rate,quadratic_ridge,dominance,relative,0.25538210082001894
20260920,2,0.0,pitch_rate,quadratic_ridge,valence,hybrid,0.028432655974573354
20260920,2,0.0,pitch_rate,quadratic_ridge,arousal,hybrid,0.41268051273563233
20260920,2,0.0,pitch_rate,quadratic_ridge,dominance,hybrid,0.24176631339990604
20260920,2,0.25,pitch,linear_ridge,valence,absolute,0.0009533711494676881
20260920,2,0.25,pitch,linear_ridge,arousal,absolute,0.21299776482300742
20260920,2,0.25,pitch,linear_ridge,dominance,absolute,0.08700453546833763
20260920,2,0.25,pitch,linear_ridge,valence,relative,0.0007781196916118078
20260920,2,0.25,pitch,linear_ridge,arousal,relative,0.34124375043443433
20260920,2,0.25,pitch,linear_ridge,dominance,relative,0.15014322529000107
20260920,2,0.25,pitch,linear_ridge,valence,hybrid,0.0006120643068757534
20260920,2,0.25,pitch,linear_ridge,arousal,hybrid,0.343193699357999
20260920,2,0.25,pitch,linear_ridge,dominance,hybrid,0.15080796293325807
20260920,2,0.25,pitch,quadratic_ridge,valence,absolute,0.0027229558142170375
20260920,2,0.25,pitch,quadratic_ridge,arousal,absolute,0.22257149147677435
20260920,2,0.25,pitch,quadratic_ridge,dominance,absolute,0.08911440524852647
20260920,2,0.25,pitch,quadratic_ridge,valence,relative,0.0019829730748084644
20260920,2,0.25,pitch,quadratic_ridge,arousal,relative,0.341470954981954
20260920,2,0.25,pitch,quadratic_ridge,dominance,relative,0.15236528776191963
20260920,2,0.25,pitch,quadratic_ridge,valence,hybrid,0.002803884616406049
20260920,2,0.25,pitch,quadratic_ridge,arousal,hybrid,0.35630177956264
20260920,2,0.25,pitch,quadratic_ridge,dominance,hybrid,0.16062960638763213
20260920,2,0.25,rate,linear_ridge,valence,absolute,0.009256462774303809
20260920,2,0.25,rate,linear_ridge,arousal,absolute,0.12941917845400747
20260920,2,0.25,rate,linear_ridge,dominance,absolute,0.15381113100059113
20260920,2,0.25,rate,linear_ridge,valence,relative,0.00978857840957271
20260920,2,0.25,rate,linear_ridge,arousal,relative,0.13201310203580485
20260920,2,0.25,rate,linear_ridge,dominance,relative,0.15633746319484984
20260920,2,0.25,rate,linear_ridge,valence,hybrid,0.009803229082602588
20260920,2,0.25,rate,linear_ridge,arousal,hybrid,0.13187838183203618
20260920,2,0.25,rate,linear_ridge,dominance,hybrid,0.1564045371322451
20260920,2,0.25,rate,quadratic_ridge,valence,absolute,0.013026013197560178
20260920,2,0.25,rate,quadratic_ridge,arousal,absolute,0.14832099324154854
20260920,2,0.25,rate,quadratic_ridge,dominance,absolute,0.16130425805207876
20260920,2,0.25,rate,quadratic_ridge,valence,relative,0.01386871799220244
20260920,2,0.25,rate,quadratic_ridge,arousal,relative,0.14545633860193186
20260920,2,0.25,rate,quadratic_ridge,dominance,relative,0.15848910684363743
20260920,2,0.25,rate,quadratic_ridge,valence,hybrid,0.01128760373415885
20260920,2,0.25,rate,quadratic_ridge,arousal,hybrid,0.1477456659428732
20260920,2,0.25,rate,quadratic_ridge,dominance,hybrid,0.1570547950212284
20260920,2,0.25,pitch_rate,linear_ridge,valence,absolute,0.009747180067780447
20260920,2,0.25,pitch_rate,linear_ridge,arousal,absolute,0.2973995235900494
20260920,2,0.25,pitch_rate,linear_ridge,dominance,absolute,0.21456457060592682
20260920,2,0.25,pitch_rate,linear_ridge,valence,relative,0.009403539435984253
20260920,2,0.25,pitch_rate,linear_ridge,arousal,relative,0.3931539318252386
20260920,2,0.25,pitch_rate,linear_ridge,dominance,relative,0.2520169392092452
20260920,2,0.25,pitch_rate,linear_ridge,valence,hybrid,0.009262410554009833
20260920,2,0.25,pitch_rate,linear_ridge,arousal,hybrid,0.39579331591336825
20260920,2,0.25,pitch_rate,linear_ridge,dominance,hybrid,0.2533967083428787
20260920,2,0.25,pitch_rate,quadratic_ridge,valence,absolute,0.025962127396547276
20260920,2,0.25,pitch_rate,quadratic_ridge,arousal,absolute,0.3276041086482602
20260920,2,0.25,pitch_rate,quadratic_ridge,dominance,absolute,0.22990475004426691
20260920,2,0.25,pitch_rate,quadratic_ridge,valence,relative,0.026903450425201397
20260920,2,0.25,pitch_rate,quadratic_ridge,arousal,relative,0.40481205079796656
20260920,2,0.25,pitch_rate,quadratic_ridge,dominance,relative,0.2536178025266442
20260920,2,0.25,pitch_rate,quadratic_ridge,valence,hybrid,0.028454346905298446
20260920,2,0.25,pitch_rate,quadratic_ridge,arousal,hybrid,0.4086241788541192
20260920,2,0.25,pitch_rate,quadratic_ridge,dominance,hybrid,0.23971350528461238
20260920,2,0.5,pitch,linear_ridge,valence,absolute,0.0012377786142386338
20260920,2,0.5,pitch,linear_ridge,arousal,absolute,0.23494215051737144
20260920,2,0.5,pitch,linear_ridge,dominance,absolute,0.09313034111375414
20260920,2,0.5,pitch,linear_ridge,valence,relative,0.000735759574509649
20260920,2,0.5,pitch,linear_ridge,arousal,relative,0.33613186719209576
20260920,2,0.5,pitch,linear_ridge,dominance,relative,0.14821325798275997
20260920,2,0.5,pitch,linear_ridge,valence,hybrid,-7.195795162658244e-05
20260920,2,0.5,pitch,linear_ridge,arousal,hybrid,0.33637837718001384
20260920,2,0.5,pitch,linear_ridge,dominance,hybrid,0.14803054685975942
20260920,2,0.5,pitch,quadratic_ridge,valence,absolute,0.0028558596747955563
20260920,2,0.5,pitch,quadratic_ridge,arousal,absolute,0.2458205597731288
20260920,2,0.5,pitch,quadratic_ridge,dominance,absolute,0.09671881092256794
20260920,2,0.5,pitch,quadratic_ridge,valence,relative,0.001998099715532526
20260920,2,0.5,pitch,quadratic_ridge,arousal,relative,0.3364209142588628
20260920,2,0.5,pitch,quadratic_ridge,dominance,relative,0.15057132597679415
20260920,2,0.5,pitch,quadratic_ridge,valence,hybrid,0.0021243994449768725
20260920,2,0.5,pitch,quadratic_ridge,arousal,hybrid,0.3519222167361913
20260920,2,0.5,pitch,quadratic_ridge,dominance,hybrid,0.16054879321553892
20260920,2,0.5,rate,linear_ridge,valence,absolute,0.009076552814969985
20260920,2,0.5,rate,linear_ridge,arousal,absolute,0.12827102723797976
20260920,2,0.5,rate,linear_ridge,dominance,absolute,0.15345802140587392
20260920,2,0.5,rate,linear_ridge,valence,relative,0.009790791878796152
20260920,2,0.5,rate,linear_ridge,arousal,relative,0.1291140989239717
20260920,2,0.5,rate,linear_ridge,dominance,relative,0.1534555245695511
20260920,2,0.5,rate,linear_ridge,valence,hybrid,0.009804768166040236
20260920,2,0.5,rate,linear_ridge,arousal,hybrid,0.12881932114365696
20260920,2,0.5,rate,linear_ridge,dominance,hybrid,0.15407785368554283
20260920,2,0.5,rate,quadratic_ridge,valence,absolute,0.012842756146486079
20260920,2,0.5,rate,quadratic_ridge,arousal,absolute,0.14752721750523706
20260920,2,0.5,rate,quadratic_ridge,dominance,absolute,0.16114800232492074
20260920,2,0.5,rate,quadratic_ridge,valence,relative,0.014035023688794855
20260920,2,0.5,rate,quadratic_ridge,arousal,relative,0.1422926446363392
20260920,2,0.5,rate,quadratic_ridge,dominance,relative,0.1554915189067839
20260920,2,0.5,rate,quadratic_ridge,valence,hybrid,0.011307184006106271
20260920,2,0.5,rate,quadratic_ridge,arousal,hybrid,0.14454286776700667
20260920,2,0.5,rate,quadratic_ridge,dominance,hybrid,0.1545914923638705
20260920,2,0.5,pitch_rate,linear_ridge,valence,absolute,0.009833478758326615
20260920,2,0.5,pitch_rate,linear_ridge,arousal,absolute,0.31666178227328795
20260920,2,0.5,pitch_rate,linear_ridge,dominance,absolute,0.2199566029096522
20260920,2,0.5,pitch_rate,linear_ridge,valence,relative,0.00937332965762764
20260920,2,0.5,pitch_rate,linear_ridge,arousal,relative,0.38690892219807665
20260920,2,0.5,pitch_rate,linear_ridge,dominance,relative,0.2482111827779749
20260920,2,0.5,pitch_rate,linear_ridge,valence,hybrid,0.008644168411593912
20260920,2,0.5,pitch_rate,linear_ridge,arousal,hybrid,0.389866921729883
20260920,2,0.5,pitch_rate,linear_ridge,dominance,hybrid,0.2509173532995578
20260920,2,0.5,pitch_rate,quadratic_ridge,valence,absolute,0.025926053257778338
20260920,2,0.5,pitch_rate,quadratic_ridge,arousal,absolute,0.3485020881320902
20260920,2,0.5,pitch_rate,quadratic_ridge,dominance,absolute,0.23702999593839963
20260920,2,0.5,pitch_rate,quadratic_ridge,valence,relative,0.02713957737308377
20260920,2,0.5,pitch_rate,quadratic_ridge,arousal,relative,0.39809135909592674
20260920,2,0.5,pitch_rate,quadratic_ridge,dominance,relative,0.2494038707099073
20260920,2,0.5,pitch_rate,quadratic_ridge,valence,hybrid,0.02819461357348818
20260920,2,0.5,pitch_rate,quadratic_ridge,arousal,hybrid,0.39871055762089674
20260920,2,0.5,pitch_rate,quadratic_ridge,dominance,hybrid,0.235696350405866
20260920,2,0.75,pitch,linear_ridge,valence,absolute,0.0012775993631419628
20260920,2,0.75,pitch,linear_ridge,arousal,absolute,0.25271273728973775
20260920,2,0.75,pitch,linear_ridge,dominance,absolute,0.09758665373235807
20260920,2,0.75,pitch,linear_ridge,valence,relative,0.000692930974110021
20260920,2,0.75,pitch,linear_ridge,arousal,relative,0.3284020717374703
20260920,2,0.75,pitch,linear_ridge,dominance,relative,0.14483873302592573
20260920,2,0.75,pitch,linear_ridge,valence,hybrid,-0.0012271427996958665
20260920,2,0.75,pitch,linear_ridge,arousal,hybrid,0.32403827949473046
20260920,2,0.75,pitch,linear_ridge,dominance,hybrid,0.1427522774400754
20260920,2,0.75,pitch,quadratic_ridge,valence,absolute,0.0027429261087677844
20260920,2,0.75,pitch,quadratic_ridge,arousal,absolute,0.26486927243026787
20260920,2,0.75,pitch,quadratic_ridge,dominance,absolute,0.10265544361739098
20260920,2,0.75,pitch,quadratic_ridge,valence,relative,0.0020114562783105105
20260920,2,0.75,pitch,quadratic_ridge,arousal,relative,0.32873266947829094
20260920,2,0.75,pitch,quadratic_ridge,dominance,relative,0.14728394810293338
20260920,2,0.75,pitch,quadratic_ridge,valence,hybrid,0.0009754198191789034
20260920,2,0.75,pitch,quadratic_ridge,arousal,hybrid,0.3439298338567815
20260920,2,0.75,pitch,quadratic_ridge,dominance,hybrid,0.15994543914842416
20260920,2,0.75,rate,linear_ridge,valence,absolute,0.00889029503765332
20260920,2,0.75,rate,linear_ridge,arousal,absolute,0.12594725835488219
20260920,2,0.75,rate,linear_ridge,dominance,absolute,0.15155610354353355
20260920,2,0.75,rate,linear_ridge,valence,relative,0.009788680395814769
20260920,2,0.75,rate,linear_ridge,arousal,relative,0.12514173746913293
20260920,2,0.75,rate,linear_ridge,dominance,relative,0.14914903294917384
20260920,2,0.75,rate,linear_ridge,valence,hybrid,0.009789621530976
20260920,2,0.75,rate,linear_ridge,arousal,hybrid,0.12467913908176612
20260920,2,0.75,rate,linear_ridge,dominance,hybrid,0.15077298339082398
20260920,2,0.75,rate,quadratic_ridge,valence,absolute,0.012651670881139313
20260920,2,0.75,rate,quadratic_ridge,arousal,absolute,0.1453934375837047
20260920,2,0.75,rate,quadratic_ridge,dominance,absolute,0.15938070805372495
20260920,2,0.75,rate,quadratic_ridge,valence,relative,0.014193878039931274
20260920,2,0.75,rate,quadratic_ridge,arousal,relative,0.13795373771105696
20260920,2,0.75,rate,quadratic_ridge,dominance,relative,0.15107205159042764
20260920,2,0.75,rate,quadratic_ridge,valence,hybrid,0.011290845601260983
20260920,2,0.75,rate,quadratic_ridge,arousal,hybrid,0.14007823146615495
20260920,2,0.75,rate,quadratic_ridge,dominance,hybrid,0.15106171613860295
20260920,2,0.75,pitch_rate,linear_ridge,valence,absolute,0.009662699478983001
20260920,2,0.75,pitch_rate,linear_ridge,arousal,absolute,0.3311592408190984
20260920,2,0.75,pitch_rate,linear_ridge,dominance,absolute,0.22250049805226368
20260920,2,0.75,pitch_rate,linear_ridge,valence,relative,0.00933887886807232
20260920,2,0.75,pitch_rate,linear_ridge,arousal,relative,0.37776597275839213
20260920,2,0.75,pitch_rate,linear_ridge,dominance,relative,0.24215255040107095
20260920,2,0.75,pitch_rate,linear_ridge,valence,hybrid,0.007581825478594288
20260920,2,0.75,pitch_rate,linear_ridge,arousal,hybrid,0.3793644828006456
20260920,2,0.75,pitch_rate,linear_ridge,dominance,hybrid,0.24641667163663827
20260920,2,0.75,pitch_rate,quadratic_ridge,valence,absolute,0.025615445246757337
20260920,2,0.75,pitch_rate,quadratic_ridge,arousal,absolute,0.3643910737727255
20260920,2,0.75,pitch_rate,quadratic_ridge,dominance,absolute,0.24108449296375395
20260920,2,0.75,pitch_rate,quadratic_ridge,valence,relative,0.027361215195082403
20260920,2,0.75,pitch_rate,quadratic_ridge,arousal,relative,0.3884460768114114
20260920,2,0.75,pitch_rate,quadratic_ridge,dominance,relative,0.24296356041544795
20260920,2,0.75,pitch_rate,quadratic_ridge,valence,hybrid,0.027654671217572625
20260920,2,0.75,pitch_rate,quadratic_ridge,arousal,hybrid,0.38337394515867246
20260920,2,0.75,pitch_rate,quadratic_ridge,dominance,hybrid,0.22991531038008625
20260920,2,1.0,pitch,linear_ridge,valence,absolute,0.0010737183005800114
20260920,2,1.0,pitch,linear_ridge,arousal,absolute,0.26600360532930883
20260920,2,1.0,pitch,linear_ridge,dominance,absolute,0.10034306450411859
20260920,2,1.0,pitch,linear_ridge,valence,relative,0.0006496834078308638
20260920,2,1.0,pitch,linear_ridge,arousal,relative,0.31839510255829606
20260920,2,1.0,pitch,linear_ridge,dominance,relative,0.14023824727512504
20260920,2,1.0,pitch,linear_ridge,valence,hybrid,-0.0028491274765384427
20260920,2,1.0,pitch,linear_ridge,arousal,hybrid,0.3068252961355547
20260920,2,1.0,pitch,linear_ridge,dominance,hybrid,0.13534011428907633
20260920,2,1.0,pitch,quadratic_ridge,valence,absolute,0.002385448064823789
20260920,2,1.0,pitch,quadratic_ridge,arousal,absolute,0.27938660783450014
20260920,2,1.0,pitch,quadratic_ridge,dominance,absolute,0.10685074587586174
20260920,2,1.0,pitch,quadratic_ridge,valence,relative,0.0020230072620485567
20260920,2,1.0,pitch,quadratic_ridge,arousal,relative,0.31874824435071597
20260920,2,1.0,pitch,quadratic_ridge,dominance,relative,0.1427208959670261
20260920,2,1.0,pitch,quadratic_ridge,valence,hybrid,-0.0006385789721172158
20260920,2,1.0,pitch,quadratic_ridge,arousal,hybrid,0.3327276556346723
20260920,2,1.0,pitch,quadratic_ridge,dominance,hybrid,0.15888445585802263
20260920,2,1.0,rate,linear_ridge,valence,absolute,0.008697952358580617
20260920,2,1.0,rate,linear_ridge,arousal,absolute,0.12258582895234642
20260920,2,1.0,rate,linear_ridge,dominance,absolute,0.14826695928208977
20260920,2,1.0,rate,linear_ridge,valence,relative,0.009782210371928574
20260920,2,1.0,rate,linear_ridge,arousal,relative,0.12027021763871838
20260920,2,1.0,rate,linear_ridge,dominance,relative,0.14365442574287143
20260920,2,1.0,rate,linear_ridge,valence,hybrid,0.009757827720491413
20260920,2,1.0,rate,linear_ridge,arousal,hybrid,0.11961024117274854
20260920,2,1.0,rate,linear_ridge,dominance,hybrid,0.14659919546732025
20260920,2,1.0,rate,quadratic_ridge,valence,absolute,0.012452955938576015
20260920,2,1.0,rate,quadratic_ridge,arousal,absolute,0.14206359581118036
20260920,2,1.0,rate,quadratic_ridge,dominance,absolute,0.1561649920393474
20260920,2,1.0,rate,quadratic_ridge,valence,relative,0.014344962407728173
20260920,2,1.0,rate,quadratic_ridge,arousal,relative,0.13263007163862348
20260920,2,1.0,rate,quadratic_ridge,dominance,relative,0.14547041661632976
20260920,2,1.0,rate,quadratic_ridge,valence,hybrid,0.01123863409515327
20260920,2,1.0,rate,quadratic_ridge,arousal,hybrid,0.1345238026134533
20260920,2,1.0,rate,quadratic_ridge,dominance,hybrid,0.14659075568317428
20260920,2,1.0,pitch_rate,linear_ridge,valence,absolute,0.009235751876942882
20260920,2,1.0,pitch_rate,linear_ridge,arousal,absolute,0.34071790126467427
20260920,2,1.0,pitch_rate,linear_ridge,dominance,absolute,0.22227571724715117
20260920,2,1.0,pitch_rate,linear_ridge,valence,relative,0.009300190359904084
20260920,2,1.0,pitch_rate,linear_ridge,arousal,relative,0.3661033480290537
20260920,2,1.0,pitch_rate,linear_ridge,dominance,relative,0.23418411809414583
20260920,2,1.0,pitch_rate,linear_ridge,valence,hybrid,0.0060802357601281295
20260920,2,1.0,pitch_rate,linear_ridge,arousal,hybrid,0.36472727743677447
20260920,2,1.0,pitch_rate,linear_ridge,dominance,hybrid,0.24007546011857522
20260920,2,1.0,pitch_rate,quadratic_ridge,valence,absolute,0.02503188768171823
20260920,2,1.0,pitch_rate,quadratic_ridge,arousal,absolute,0.37509085604842185
20260920,2,1.0,pitch_rate,quadratic_ridge,dominance,absolute,0.2421272848301787
20260920,2,1.0,pitch_rate,quadratic_ridge,valence,relative,0.027567854462604607
20260920,2,1.0,pitch_rate,quadratic_ridge,arousal,relative,0.37626659300172793
20260920,2,1.0,pitch_rate,quadratic_ridge,dominance,relative,0.2346519467829034
20260920,2,1.0,pitch_rate,quadratic_ridge,valence,hybrid,0.026835881060479627
20260920,2,1.0,pitch_rate,quadratic_ridge,arousal,hybrid,0.3632505927803988
20260920,2,1.0,pitch_rate,quadratic_ridge,dominance,hybrid,0.22268003526905758
20260920,3,0.0,pitch,linear_ridge,valence,absolute,0.00011978626657893022
20260920,3,0.0,pitch,linear_ridge,arousal,absolute,0.23725508395979542
20260920,3,0.0,pitch,linear_ridge,dominance,absolute,0.09177252629361717
20260920,3,0.0,pitch,linear_ridge,valence,relative,0.00024909958628394844
20260920,3,0.0,pitch,linear_ridge,arousal,relative,0.42535036708424845
20260920,3,0.0,pitch,linear_ridge,dominance,relative,0.1807021751741759
20260920,3,0.0,pitch,linear_ridge,valence,hybrid,0.0002492617251898612
20260920,3,0.0,pitch,linear_ridge,arousal,hybrid,0.4260697093853854
20260920,3,0.0,pitch,linear_ridge,dominance,hybrid,0.1808958516983843
20260920,3,0.0,pitch,quadratic_ridge,valence,absolute,0.003946107609095185
20260920,3,0.0,pitch,quadratic_ridge,arousal,absolute,0.23904122814258144
20260920,3,0.0,pitch,quadratic_ridge,dominance,absolute,0.09131017875884687
20260920,3,0.0,pitch,quadratic_ridge,valence,relative,0.005748486122478627
20260920,3,0.0,pitch,quadratic_ridge,arousal,relative,0.4253834396553931
20260920,3,0.0,pitch,quadratic_ridge,dominance,relative,0.17714818987602962
20260920,3,0.0,pitch,quadratic_ridge,valence,hybrid,0.005648825049223129
20260920,3,0.0,pitch,quadratic_ridge,arousal,hybrid,0.4205836995491723
20260920,3,0.0,pitch,quadratic_ridge,dominance,hybrid,0.17166415686773318
20260920,3,0.0,rate,linear_ridge,valence,absolute,0.014669648740868874
20260920,3,0.0,rate,linear_ridge,arousal,absolute,0.1250353671106902
20260920,3,0.0,rate,linear_ridge,dominance,absolute,0.19629912087238532
20260920,3,0.0,rate,linear_ridge,valence,relative,0.015267997208825346
20260920,3,0.0,rate,linear_ridge,arousal,relative,0.12927073926752058
20260920,3,0.0,rate,linear_ridge,dominance,relative,0.2029857144900047
20260920,3,0.0,rate,linear_ridge,valence,hybrid,0.015271944536633369
20260920,3,0.0,rate,linear_ridge,arousal,hybrid,0.1293026118515191
20260920,3,0.0,rate,linear_ridge,dominance,hybrid,0.20303639143174354
20260920,3,0.0,rate,quadratic_ridge,valence,absolute,0.017352561314798565
20260920,3,0.0,rate,quadratic_ridge,arousal,absolute,0.13074876254980744
20260920,3,0.0,rate,quadratic_ridge,dominance,absolute,0.1992958462441619
20260920,3,0.0,rate,quadratic_ridge,valence,relative,0.019350702872396347
20260920,3,0.0,rate,quadratic_ridge,arousal,relative,0.13858048031547204
20260920,3,0.0,rate,quadratic_ridge,dominance,relative,0.20956561192798087
20260920,3,0.0,rate,quadratic_ridge,valence,hybrid,0.02053553513367141
20260920,3,0.0,rate,quadratic_ridge,arousal,hybrid,0.13949638302559378
20260920,3,0.0,rate,quadratic_ridge,dominance,hybrid,0.21108094001114702
20260920,3,0.0,pitch_rate,linear_ridge,valence,absolute,0.014303708767974339
20260920,3,0.0,pitch_rate,linear_ridge,arousal,absolute,0.30837828122374694
20260920,3,0.0,pitch_rate,linear_ridge,dominance,absolute,0.25475986641696535
20260920,3,0.0,pitch_rate,linear_ridge,valence,relative,0.014185855940220602
20260920,3,0.0,pitch_rate,linear_ridge,arousal,relative,0.4614522592295804
20260920,3,0.0,pitch_rate,linear_ridge,dominance,relative,0.3079310046114331
20260920,3,0.0,pitch_rate,linear_ridge,valence,hybrid,0.014193509358114418
20260920,3,0.0,pitch_rate,linear_ridge,arousal,hybrid,0.4620980324909548
20260920,3,0.0,pitch_rate,linear_ridge,dominance,hybrid,0.3082625634472821
20260920,3,0.0,pitch_rate,quadratic_ridge,valence,absolute,0.033077497795344524
20260920,3,0.0,pitch_rate,quadratic_ridge,arousal,absolute,0.3181245856238299
20260920,3,0.0,pitch_rate,quadratic_ridge,dominance,absolute,0.25893601601396354
20260920,3,0.0,pitch_rate,quadratic_ridge,valence,relative,0.04407421154851578
20260920,3,0.0,pitch_rate,quadratic_ridge,arousal,relative,0.4842921465762602
20260920,3,0.0,pitch_rate,quadratic_ridge,dominance,relative,0.32607579007225956
20260920,3,0.0,pitch_rate,quadratic_ridge,valence,hybrid,0.04073175730370558
20260920,3,0.0,pitch_rate,quadratic_ridge,arousal,hybrid,0.48521212005670333
20260920,3,0.0,pitch_rate,quadratic_ridge,dominance,hybrid,0.3299986338052032
20260920,3,0.25,pitch,linear_ridge,valence,absolute,0.0008995160387467689
20260920,3,0.25,pitch,linear_ridge,arousal,absolute,0.22428350751052453
20260920,3,0.25,pitch,linear_ridge,dominance,absolute,0.08379888062927643
20260920,3,0.25,pitch,linear_ridge,valence,relative,0.00020164489323392515
20260920,3,0.25,pitch,linear_ridge,arousal,relative,0.4253540250326058
20260920,3,0.25,pitch,linear_ridge,dominance,relative,0.18322349585621828
20260920,3,0.25,pitch,linear_ridge,valence,hybrid,0.00037382205861525534
20260920,3,0.25,pitch,linear_ridge,arousal,hybrid,0.4251764067430277
20260920,3,0.25,pitch,linear_ridge,dominance,hybrid,0.18194067895419005
20260920,3,0.25,pitch,quadratic_ridge,valence,absolute,0.004520837523626258
20260920,3,0.25,pitch,quadratic_ridge,arousal,absolute,0.22676467817940668
20260920,3,0.25,pitch,quadratic_ridge,dominance,absolute,0.08365769836219229
20260920,3,0.25,pitch,quadratic_ridge,valence,relative,0.005550898455725574
20260920,3,0.25,pitch,quadratic_ridge,arousal,relative,0.4247022935354059
20260920,3,0.25,pitch,quadratic_ridge,dominance,relative,0.17832917161310943
20260920,3,0.25,pitch,quadratic_ridge,valence,hybrid,0.005773642528851363
20260920,3,0.25,pitch,quadratic_ridge,arousal,hybrid,0.41943265975218685
20260920,3,0.25,pitch,quadratic_ridge,dominance,hybrid,0.1732722138308196
20260920,3,0.25,rate,linear_ridge,valence,absolute,0.014362252807635178
20260920,3,0.25,rate,linear_ridge,arousal,absolute,0.12607755259164563
20260920,3,0.25,rate,linear_ridge,dominance,absolute,0.1991261267231897
20260920,3,0.25,rate,linear_ridge,valence,relative,0.015219353973496908
20260920,3,0.25,rate,linear_ridge,arousal,relative,0.12926333018396804
20260920,3,0.25,rate,linear_ridge,dominance,relative,0.2032325925847639
20260920,3,0.25,rate,linear_ridge,valence,hybrid,0.015229969685613787
20260920,3,0.25,rate,linear_ridge,arousal,hybrid,0.12897830713488462
20260920,3,0.25,rate,linear_ridge,dominance,hybrid,0.20238389885628097
20260920,3,0.25,rate,quadratic_ridge,valence,absolute,0.01707538021784924
20260920,3,0.25,rate,quadratic_ridge,arousal,absolute,0.13163590602304945
20260920,3,0.25,rate,quadratic_ridge,dominance,absolute,0.20207512047024398
20260920,3,0.25,rate,quadratic_ridge,valence,relative,0.01949008424616323
20260920,3,0.25,rate,quadratic_ridge,arousal,relative,0.13815763166108602
20260920,3,0.25,rate,quadratic_ridge,dominance,relative,0.20935693608316852
20260920,3,0.25,rate,quadratic_ridge,valence,hybrid,0.02059344607569262
20260920,3,0.25,rate,quadratic_ridge,arousal,hybrid,0.13880503193151836
20260920,3,0.25,rate,quadratic_ridge,dominance,hybrid,0.21030285957875464
20260920,3,0.25,pitch_rate,linear_ridge,valence,absolute,0.014580178654113894
20260920,3,0.25,pitch_rate,linear_ridge,arousal,absolute,0.2982984332277618
20260920,3,0.25,pitch_rate,linear_ridge,dominance,absolute,0.25046465196387
20260920,3,0.25,pitch_rate,linear_ridge,valence,relative,0.014124932185758396
20260920,3,0.25,pitch_rate,linear_ridge,arousal,relative,0.4616521015836791
20260920,3,0.25,pitch_rate,linear_ridge,dominance,relative,0.31006948459783756
20260920,3,0.25,pitch_rate,linear_ridge,valence,hybrid,0.01432498235146241
20260920,3,0.25,pitch_rate,linear_ridge,arousal,hybrid,0.46179357963047085
20260920,3,0.25,pitch_rate,linear_ridge,dominance,hybrid,0.3074645331316006
20260920,3,0.25,pitch_rate,quadratic_ridge,valence,absolute,0.033382910749983556
20260920,3,0.25,pitch_rate,quadratic_ridge,arousal,absolute,0.30910880841624633
20260920,3,0.25,pitch_rate,quadratic_ridge,dominance,absolute,0.25562171350023577
20260920,3,0.25,pitch_rate,quadratic_ridge,valence,relative,0.04418667955903298
20260920,3,0.25,pitch_rate,quadratic_ridge,arousal,relative,0.483921577340986
20260920,3,0.25,pitch_rate,quadratic_ridge,dominance,relative,0.32722007084716853
20260920,3,0.25,pitch_rate,quadratic_ridge,valence,hybrid,0.04138289814234517
20260920,3,0.25,pitch_rate,quadratic_ridge,arousal,hybrid,0.48293331452952093
20260920,3,0.25,pitch_rate,quadratic_ridge,dominance,hybrid,0.31858219116433
20260920,3,0.5,pitch,linear_ridge,valence,absolute,0.0018061550937705445
20260920,3,0.5,pitch,linear_ridge,arousal,absolute,0.20899951939783115
20260920,3,0.5,pitch,linear_ridge,dominance,absolute,0.07440858693824112
20260920,3,0.5,pitch,linear_ridge,valence,relative,0.0001551217054099352
20260920,3,0.5,pitch,linear_ridge,arousal,relative,0.4225319017457387
20260920,3,0.5,pitch,linear_ridge,dominance,relative,0.18507710445951006
20260920,3,0.5,pitch,linear_ridge,valence,hybrid,0.0007674965641011029
20260920,3,0.5,pitch,linear_ridge,arousal,hybrid,0.41995989248536975
20260920,3,0.5,pitch,linear_ridge,dominance,hybrid,0.17997014030712624
20260920,3,0.5,pitch,quadratic_ridge,valence,absolute,0.0052242823702802026
20260920,3,0.5,pitch,quadratic_ridge,arousal,absolute,0.21222245725821604
20260920,3,0.5,pitch,quadratic_ridge,dominance,absolute,0.07471771551704329
20260920,3,0.5,pitch,quadratic_ridge,valence,relative,0.005353590559771569
20260920,3,0.5,pitch,quadratic_ridge,arousal,relative,0.4211008467166909
20260920,3,0.5,pitch,quadratic_ridge,dominance,relative,0.17864385217322626
20260920,3,0.5,pitch,quadratic_ridge,valence,hybrid,0.006253337804185534
20260920,3,0.5,pitch,quadratic_ridge,arousal,hybrid,0.41582158861941
20260920,3,0.5,pitch,quadratic_ridge,dominance,hybrid,0.17576065966983692
20260920,3,0.5,rate,linear_ridge,valence,absolute,0.014051748522728991
20260920,3,0.5,rate,linear_ridge,arousal,absolute,0.12611076947437413
20260920,3,0.5,rate,linear_ridge,dominance,absolute,0.20117672051321348
20260920,3,0.5,rate,linear_ridge,valence,relative,0.015168006091946467
20260920,3,0.5,rate,linear_ridge,arousal,relative,0.12824036408666542
20260920,3,0.5,rate,linear_ridge,dominance,relative,0.2027617064907849
20260920,3,0.5,rate,linear_ridge,valence,hybrid,0.015151731617444007
20260920,3,0.5,rate,linear_ridge,arousal,hybrid,0.1272394655302991
20260920,3,0.5,rate,linear_ridge,dominance,hybrid,0.19979615869918885
20260920,3,0.5,rate,quadratic_ridge,valence,absolute,0.01679468295488794
20260920,3,0.5,rate,quadratic_ridge,arousal,absolute,0.13144084813873597
20260920,3,0.5,rate,quadratic_ridge,dominance,absolute,0.20403243229646056
20260920,3,0.5,rate,quadratic_ridge,valence,relative,0.01962715257573432
20260920,3,0.5,rate,quadratic_ridge,arousal,relative,0.13666222627255292
20260920,3,0.5,rate,quadratic_ridge,dominance,relative,0.20842288980083756
20260920,3,0.5,rate,quadratic_ridge,valence,hybrid,0.02064466876643692
20260920,3,0.5,rate,quadratic_ridge,arousal,hybrid,0.13620146561198906
20260920,3,0.5,rate,quadratic_ridge,dominance,hybrid,0.20754896295821038
20260920,3,0.5,pitch_rate,linear_ridge,valence,absolute,0.014982477039417384
20260920,3,0.5,pitch_rate,linear_ridge,arousal,absolute,0.28544170120699563
20260920,3,0.5,pitch_rate,linear_ridge,dominance,absolute,0.24427471538357762
20260920,3,0.5,pitch_rate,linear_ridge,valence,relative,0.014062364707172724
20260920,3,0.5,pitch_rate,linear_ridge,arousal,relative,0.45880327951934796
20260920,3,0.5,pitch_rate,linear_ridge,dominance,relative,0.3111433148553335
20260920,3,0.5,pitch_rate,linear_ridge,valence,hybrid,0.014667891671935367
20260920,3,0.5,pitch_rate,linear_ridge,arousal,hybrid,0.45614382263860337
20260920,3,0.5,pitch_rate,linear_ridge,dominance,hybrid,0.2999414533444632
20260920,3,0.5,pitch_rate,quadratic_ridge,valence,absolute,0.03381396895604152
20260920,3,0.5,pitch_rate,quadratic_ridge,arousal,absolute,0.29727906583046887
20260920,3,0.5,pitch_rate,quadratic_ridge,dominance,absolute,0.2504985136706153
20260920,3,0.5,pitch_rate,quadratic_ridge,valence,relative,0.04429503544228854
20260920,3,0.5,pitch_rate,quadratic_ridge,arousal,relative,0.4803463308478205
20260920,3,0.5,pitch_rate,quadratic_ridge,dominance,relative,0.32704706536137285
20260920,3,0.5,pitch_rate,quadratic_ridge,valence,hybrid,0.04314465262748909
20260920,3,0.5,pitch_rate,quadratic_ridge,arousal,hybrid,0.46392435704057483
20260920,3,0.5,pitch_rate,quadratic_ridge,dominance,hybrid,0.27686718332184435
20260920,3,0.75,pitch,linear_ridge,valence,absolute,0.0028387795711045907
20260920,3,0.75,pitch,linear_ridge,arousal,absolute,0.19186524006215255
20260920,3,0.75,pitch,linear_ridge,dominance,absolute,0.06375351513380653
20260920,3,0.75,pitch,linear_ridge,valence,relative,0.00010959191798771171
20260920,3,0.75,pitch,linear_ridge,arousal,relative,0.4170695274141288
20260920,3,0.75,pitch,linear_ridge,dominance,relative,0.18625239812518968
20260920,3,0.75,pitch,linear_ridge,valence,hybrid,0.0014293893067331043
20260920,3,0.75,pitch,linear_ridge,arousal,hybrid,0.41070335893466897
20260920,3,0.75,pitch,linear_ridge,dominance,hybrid,0.1750583444733087
20260920,3,0.75,pitch,quadratic_ridge,valence,absolute,0.006055813749273419
20260920,3,0.75,pitch,quadratic_ridge,arousal,absolute,0.19586007184233886
20260920,3,0.75,pitch,quadratic_ridge,dominance,absolute,0.06463263024021429
20260920,3,0.75,pitch,quadratic_ridge,valence,relative,0.005156706511230868
20260920,3,0.75,pitch,quadratic_ridge,arousal,relative,0.41476746286839405
20260920,3,0.75,pitch,quadratic_ridge,dominance,relative,0.17810030588997827
20260920,3,0.75,pitch,quadratic_ridge,valence,hybrid,0.007086578490318071
20260920,3,0.75,pitch,quadratic_ridge,arousal,hybrid,0.4099449956417349
20260920,3,0.75,pitch,quadratic_ridge,dominance,hybrid,0.1790824272463627
20260920,3,0.75,rate,linear_ridge,valence,absolute,0.013738360140118025
20260920,3,0.75,rate,linear_ridge,arousal,absolute,0.12516713179691266
20260920,3,0.75,rate,linear_ridge,dominance,absolute,0.20245318634234621
20260920,3,0.75,rate,linear_ridge,valence,relative,0.015113978148659307
20260920,3,0.75,rate,linear_ridge,arousal,relative,0.1262591245165825
20260920,3,0.75,rate,linear_ridge,dominance,relative,0.20159025483800208
20260920,3,0.75,rate,linear_ridge,valence,hybrid,0.015037283458487673
20260920,3,0.75,rate,linear_ridge,arousal,hybrid,0.12414649873864822
20260920,3,0.75,rate,linear_ridge,dominance,hybrid,0.19533752344132696
20260920,3,0.75,rate,quadratic_ridge,valence,absolute,0.016510702250905375
20260920,3,0.75,rate,quadratic_ridge,arousal,absolute,0.13020260829395972
20260920,3,0.75,rate,quadratic_ridge,dominance,absolute,0.20517265188834352
20260920,3,0.75,rate,quadratic_ridge,valence,relative,0.019761780263894867
20260920,3,0.75,rate,quadratic_ridge,arousal,relative,0.13416596061545083
20260920,3,0.75,rate,quadratic_ridge,dominance,relative,0.20678597434705484
20260920,3,0.75,rate,quadratic_ridge,valence,hybrid,0.020688937609791416
20260920,3,0.75,rate,quadratic_ridge,arousal,hybrid,0.13180729756055284
20260920,3,0.75,rate,quadratic_ridge,dominance,hybrid,0.20289318047004856
20260920,3,0.75,pitch_rate,linear_ridge,valence,absolute,0.015510197422100174
20260920,3,0.75,pitch_rate,linear_ridge,arousal,absolute,0.27019397877962315
20260920,3,0.75,pitch_rate,linear_ridge,dominance,absolute,0.2363257696114672
20260920,3,0.75,pitch_rate,linear_ridge,valence,relative,0.013998211047693295
20260920,3,0.75,pitch_rate,linear_ridge,arousal,relative,0.4530897126526534
20260920,3,0.75,pitch_rate,linear_ridge,dominance,relative,0.3111573717057689
20260920,3,0.75,pitch_rate,linear_ridge,valence,hybrid,0.015221671316908915
20260920,3,0.75,pitch_rate,linear_ridge,arousal,hybrid,0.44536593300001515
20260920,3,0.75,pitch_rate,linear_ridge,dominance,hybrid,0.28596245524245834
20260920,3,0.75,pitch_rate,quadratic_ridge,valence,absolute,0.034370283770011424
20260920,3,0.75,pitch_rate,quadratic_ridge,arousal,absolute,0.2830037592270762
20260920,3,0.75,pitch_rate,quadratic_ridge,dominance,absolute,0.24368938655989608
20260920,3,0.75,pitch_rate,quadratic_ridge,valence,relative,0.04439940819319291
20260920,3,0.75,pitch_rate,quadratic_ridge,arousal,relative,0.4737451674970071
20260920,3,0.75,pitch_rate,quadratic_ridge,dominance,relative,0.32557339611983505
20260920,3,0.75,pitch_rate,quadratic_ridge,valence,hybrid,0.04597873617105397
20260920,3,0.75,pitch_rate,quadratic_ridge,arousal,hybrid,0.42964944809147754
20260920,3,0.75,pitch_rate,quadratic_ridge,dominance,hybrid,0.21342410876074355
20260920,3,1.0,pitch,linear_ridge,valence,absolute,0.003996317960465123
20260920,3,1.0,pitch,linear_ridge,arousal,absolute,0.17336888344132126
20260920,3,1.0,pitch,linear_ridge,dominance,absolute,0.05200750704257391
20260920,3,1.0,pitch,linear_ridge,valence,relative,6.505942786846444e-05
20260920,3,1.0,pitch,linear_ridge,arousal,relative,0.40918604763615035
20260920,3,1.0,pitch,linear_ridge,dominance,relative,0.1867549416843862
20260920,3,1.0,pitch,linear_ridge,valence,hybrid,0.0023579719845674375
20260920,3,1.0,pitch,linear_ridge,arousal,hybrid,0.3977740176430832
20260920,3,1.0,pitch,linear_ridge,dominance,hybrid,0.1673452799580671
20260920,3,1.0,pitch,quadratic_ridge,valence,absolute,0.007014479987782323
20260920,3,1.0,pitch,quadratic_ridge,arousal,absolute,0.17814727595359647
20260920,3,1.0,pitch,quadratic_ridge,dominance,absolute,0.05356418419677744
20260920,3,1.0,pitch,quadratic_ridge,valence,relative,0.004960391141145207
20260920,3,1.0,pitch,quadratic_ridge,arousal,relative,0.40593115487246273
20260920,3,1.0,pitch,quadratic_ridge,dominance,relative,0.17672336332955565
20260920,3,1.0,pitch,quadratic_ridge,valence,hybrid,0.008270663041037758
20260920,3,1.0,pitch,quadratic_ridge,arousal,hybrid,0.4020247535787227
20260920,3,1.0,pitch,quadratic_ridge,dominance,hybrid,0.18316996790909598
20260920,3,1.0,rate,linear_ridge,valence,absolute,0.013422149489088991
20260920,3,1.0,rate,linear_ridge,arousal,absolute,0.12331026772274359
20260920,3,1.0,rate,linear_ridge,dominance,absolute,0.20297133794418135
20260920,3,1.0,rate,linear_ridge,valence,relative,0.015057199511932087
20260920,3,1.0,rate,linear_ridge,arousal,relative,0.12340241195187772
20260920,3,1.0,rate,linear_ridge,dominance,relative,0.19974722811869736
20260920,3,1.0,rate,linear_ridge,valence,hybrid,0.01488668054765619
20260920,3,1.0,rate,linear_ridge,arousal,hybrid,0.11979074917181139
20260920,3,1.0,rate,linear_ridge,dominance,hybrid,0.1891143978736747
20260920,3,1.0,rate,quadratic_ridge,valence,absolute,0.01622354646226878
20260920,3,1.0,rate,quadratic_ridge,arousal,absolute,0.12799366398040216
20260920,3,1.0,rate,quadratic_ridge,dominance,absolute,0.20551331829129005
20260920,3,1.0,rate,quadratic_ridge,valence,relative,0.019893889584785492
20260920,3,1.0,rate,quadratic_ridge,arousal,relative,0.13076551063771186
20260920,3,1.0,rate,quadratic_ridge,dominance,relative,0.20447967394441668
20260920,3,1.0,rate,quadratic_ridge,valence,hybrid,0.02072658810522937
20260920,3,1.0,rate,quadratic_ridge,arousal,hybrid,0.12580230219360208
20260920,3,1.0,rate,quadratic_ridge,dominance,hybrid,0.19645324594158795
20260920,3,1.0,pitch_rate,linear_ridge,valence,absolute,0.016162637768160508
20260920,3,1.0,pitch_rate,linear_ridge,arousal,absolute,0.2529933165462755
20260920,3,1.0,pitch_rate,linear_ridge,dominance,absolute,0.22678158424020345
20260920,3,1.0,pitch_rate,linear_ridge,valence,relative,0.013932435720592856
20260920,3,1.0,pitch_rate,linear_ridge,arousal,relative,0.44473758838177513
20260920,3,1.0,pitch_rate,linear_ridge,dominance,relative,0.31013745463693665
20260920,3,1.0,pitch_rate,linear_ridge,valence,hybrid,0.01598540326294024
20260920,3,1.0,pitch_rate,linear_ridge,arousal,hybrid,0.42978031811647216
20260920,3,1.0,pitch_rate,linear_ridge,dominance,hybrid,0.26601268676650835
20260920,3,1.0,pitch_rate,quadratic_ridge,valence,absolute,0.035051062177204065
20260920,3,1.0,pitch_rate,quadratic_ridge,arousal,absolute,0.266705458876028
20260920,3,1.0,pitch_rate,quadratic_ridge,dominance,absolute,0.23534267665365027
20260920,3,1.0,pitch_rate,quadratic_ridge,valence,relative,0.04449951867128067
20260920,3,1.0,pitch_rate,quadratic_ridge,arousal,relative,0.46434390145012544
20260920,3,1.0,pitch_rate,quadratic_ridge,dominance,relative,0.32283854836064607
20260920,3,1.0,pitch_rate,quadratic_ridge,valence,hybrid,0.04982434488374327
20260920,3,1.0,pitch_rate,quadratic_ridge,arousal,hybrid,0.38262839189959635
20260920,3,1.0,pitch_rate,quadratic_ridge,dominance,hybrid,0.13904865067344865
20260920,4,0.0,pitch,linear_ridge,valence,absolute,-1.55467594717198e-05
20260920,4,0.0,pitch,linear_ridge,arousal,absolute,0.21901089294614062
20260920,4,0.0,pitch,linear_ridge,dominance,absolute,0.053117756057699785
20260920,4,0.0,pitch,linear_ridge,valence,relative,-2.926543858683514e-05
20260920,4,0.0,pitch,linear_ridge,arousal,relative,0.3947073526294768
20260920,4,0.0,pitch,linear_ridge,dominance,relative,0.09845823047029961
20260920,4,0.0,pitch,linear_ridge,valence,hybrid,-2.9370256301355788e-05
20260920,4,0.0,pitch,linear_ridge,arousal,hybrid,0.3948703193881716
20260920,4,0.0,pitch,linear_ridge,dominance,hybrid,0.09870783912772657
20260920,4,0.0,pitch,quadratic_ridge,valence,absolute,0.005046208569988877
20260920,4,0.0,pitch,quadratic_ridge,arousal,absolute,0.15677515698323197
20260920,4,0.0,pitch,quadratic_ridge,dominance,absolute,0.046287153245665305
20260920,4,0.0,pitch,quadratic_ridge,valence,relative,0.003612894005291237
20260920,4,0.0,pitch,quadratic_ridge,arousal,relative,0.39419995905116184
20260920,4,0.0,pitch,quadratic_ridge,dominance,relative,0.09984005456122089
20260920,4,0.0,pitch,quadratic_ridge,valence,hybrid,0.0057556418897964385
20260920,4,0.0,pitch,quadratic_ridge,arousal,hybrid,0.35616641501565083
20260920,4,0.0,pitch,quadratic_ridge,dominance,hybrid,0.09318829840996332
20260920,4,0.0,rate,linear_ridge,valence,absolute,0.007000050207561098
20260920,4,0.0,rate,linear_ridge,arousal,absolute,0.13795819575054585
20260920,4,0.0,rate,linear_ridge,dominance,absolute,0.12948777234775014
20260920,4,0.0,rate,linear_ridge,valence,relative,0.007192994372224255
20260920,4,0.0,rate,linear_ridge,arousal,relative,0.14208987119278613
20260920,4,0.0,rate,linear_ridge,dominance,relative,0.1333451430080431
20260920,4,0.0,rate,linear_ridge,valence,hybrid,0.007194020577010523
20260920,4,0.0,rate,linear_ridge,arousal,hybrid,0.14211836639930575
20260920,4,0.0,rate,linear_ridge,dominance,hybrid,0.13337177569744518
20260920,4,0.0,rate,quadratic_ridge,valence,absolute,0.006942112470832978
20260920,4,0.0,rate,quadratic_ridge,arousal,absolute,0.16025492524943283
20260920,4,0.0,rate,quadratic_ridge,dominance,absolute,0.1385410045931095
20260920,4,0.0,rate,quadratic_ridge,valence,relative,0.005517953778439176
20260920,4,0.0,rate,quadratic_ridge,arousal,relative,0.15357376824004162
20260920,4,0.0,rate,quadratic_ridge,dominance,relative,0.13426661153456868
20260920,4,0.0,rate,quadratic_ridge,valence,hybrid,0.0031768456941905572
20260920,4,0.0,rate,quadratic_ridge,arousal,hybrid,0.16063672988625727
20260920,4,0.0,rate,quadratic_ridge,dominance,hybrid,0.13347656412701414
20260920,4,0.0,pitch_rate,linear_ridge,valence,absolute,0.006915784758316735
20260920,4,0.0,pitch_rate,linear_ridge,arousal,absolute,0.3048930613459759
20260920,4,0.0,pitch_rate,linear_ridge,dominance,absolute,0.15968903155845007
20260920,4,0.0,pitch_rate,linear_ridge,valence,relative,0.007019202693443596
20260920,4,0.0,pitch_rate,linear_ridge,arousal,relative,0.4438472927868556
20260920,4,0.0,pitch_rate,linear_ridge,dominance,relative,0.18923363973309562
20260920,4,0.0,pitch_rate,linear_ridge,valence,hybrid,0.007020589190790344
20260920,4,0.0,pitch_rate,linear_ridge,arousal,hybrid,0.4437091652725637
20260920,4,0.0,pitch_rate,linear_ridge,dominance,hybrid,0.18941114585026939
20260920,4,0.0,pitch_rate,quadratic_ridge,valence,absolute,0.015458953758934664
20260920,4,0.0,pitch_rate,quadratic_ridge,arousal,absolute,0.24841834075128605
20260920,4,0.0,pitch_rate,quadratic_ridge,dominance,absolute,0.15870795611556043
20260920,4,0.0,pitch_rate,quadratic_ridge,valence,relative,0.0236893708407092
20260920,4,0.0,pitch_rate,quadratic_ridge,arousal,relative,0.45444087315981796
20260920,4,0.0,pitch_rate,quadratic_ridge,dominance,relative,0.19265237320217904
20260920,4,0.0,pitch_rate,quadratic_ridge,valence,hybrid,0.020834340109974883
20260920,4,0.0,pitch_rate,quadratic_ridge,arousal,hybrid,0.40921488538281753
20260920,4,0.0,pitch_rate,quadratic_ridge,dominance,hybrid,0.18311967450665842
20260920,4,0.25,pitch,linear_ridge,valence,absolute,9.073907376174603e-05
20260920,4,0.25,pitch,linear_ridge,arousal,absolute,0.21837764313242372
20260920,4,0.25,pitch,linear_ridge,dominance,absolute,0.055474610289255155
20260920,4,0.25,pitch,linear_ridge,valence,relative,-3.10189356476212e-05
20260920,4,0.25,pitch,linear_ridge,arousal,relative,0.3926068533969519
20260920,4,0.25,pitch,linear_ridge,dominance,relative,0.09863261417057846
20260920,4,0.25,pitch,linear_ridge,valence,hybrid,5.242446839115256e-06
20260920,4,0.25,pitch,linear_ridge,arousal,hybrid,0.3902949066865188
20260920,4,0.25,pitch,linear_ridge,dominance,hybrid,0.09890157300405798
20260920,4,0.25,pitch,quadratic_ridge,valence,absolute,0.004787604802090664
20260920,4,0.25,pitch,quadratic_ridge,arousal,absolute,0.15518296332175435
20260920,4,0.25,pitch,quadratic_ridge,dominance,absolute,0.04726440292804128
20260920,4,0.25,pitch,quadratic_ridge,valence,relative,0.0035416723316720354
20260920,4,0.25,pitch,quadratic_ridge,arousal,relative,0.392202477698896
20260920,4,0.25,pitch,quadratic_ridge,dominance,relative,0.10012729043374421
20260920,4,0.25,pitch,quadratic_ridge,valence,hybrid,0.005643711608287114
20260920,4,0.25,pitch,quadratic_ridge,arousal,hybrid,0.3511936148057378
20260920,4,0.25,pitch,quadratic_ridge,dominance,hybrid,0.09264271330075288
20260920,4,0.25,rate,linear_ridge,valence,absolute,0.006944506495650512
20260920,4,0.25,rate,linear_ridge,arousal,absolute,0.13886798213064838
20260920,4,0.25,rate,linear_ridge,dominance,absolute,0.1313849064029018
20260920,4,0.25,rate,linear_ridge,valence,relative,0.0071499952398240765
20260920,4,0.25,rate,linear_ridge,arousal,relative,0.14091301914597226
20260920,4,0.25,rate,linear_ridge,dominance,relative,0.13308525668466814
20260920,4,0.25,rate,linear_ridge,valence,hybrid,0.007151561753147842
20260920,4,0.25,rate,linear_ridge,arousal,hybrid,0.14105686922630026
20260920,4,0.25,rate,linear_ridge,dominance,hybrid,0.13308090647722687
20260920,4,0.25,rate,quadratic_ridge,valence,absolute,0.0069476233405978225
20260920,4,0.25,rate,quadratic_ridge,arousal,absolute,0.16207732021565735
20260920,4,0.25,rate,quadratic_ridge,dominance,absolute,0.14081623959332776
20260920,4,0.25,rate,quadratic_ridge,valence,relative,0.005555818217497431
20260920,4,0.25,rate,quadratic_ridge,arousal,relative,0.15251534863970378
20260920,4,0.25,rate,quadratic_ridge,dominance,relative,0.13402788147184477
20260920,4,0.25,rate,quadratic_ridge,valence,hybrid,0.003269261515680495
20260920,4,0.25,rate,quadratic_ridge,arousal,hybrid,0.15959836875836897
20260920,4,0.25,rate,quadratic_ridge,dominance,hybrid,0.13312446158085972
20260920,4,0.25,pitch_rate,linear_ridge,valence,absolute,0.006884133386690916
20260920,4,0.25,pitch_rate,linear_ridge,arousal,absolute,0.30222505853453874
20260920,4,0.25,pitch_rate,linear_ridge,dominance,absolute,0.16149208446655602
20260920,4,0.25,pitch_rate,linear_ridge,valence,relative,0.006981846729240839
20260920,4,0.25,pitch_rate,linear_ridge,arousal,relative,0.4416301194614063
20260920,4,0.25,pitch_rate,linear_ridge,dominance,relative,0.18915046395038626
20260920,4,0.25,pitch_rate,linear_ridge,valence,hybrid,0.007027983475937744
20260920,4,0.25,pitch_rate,linear_ridge,arousal,hybrid,0.43972859555576316
20260920,4,0.25,pitch_rate,linear_ridge,dominance,hybrid,0.1895355556478247
20260920,4,0.25,pitch_rate,quadratic_ridge,valence,absolute,0.015355159545045138
20260920,4,0.25,pitch_rate,quadratic_ridge,arousal,absolute,0.24430977977965268
20260920,4,0.25,pitch_rate,quadratic_ridge,dominance,absolute,0.15992264651701368
20260920,4,0.25,pitch_rate,quadratic_ridge,valence,relative,0.023818924103337597
20260920,4,0.25,pitch_rate,quadratic_ridge,arousal,relative,0.4523503785636243
20260920,4,0.25,pitch_rate,quadratic_ridge,dominance,relative,0.19253568048183287
20260920,4,0.25,pitch_rate,quadratic_ridge,valence,hybrid,0.02085544838649968
20260920,4,0.25,pitch_rate,quadratic_ridge,arousal,hybrid,0.40647805100299084
20260920,4,0.25,pitch_rate,quadratic_ridge,dominance,hybrid,0.18076137429857037
20260920,4,0.5,pitch,linear_ridge,valence,absolute,0.00022096124445555607
20260920,4,0.5,pitch,linear_ridge,arousal,absolute,0.21539223677841143
20260920,4,0.5,pitch,linear_ridge,dominance,absolute,0.05750666332310628
20260920,4,0.5,pitch,linear_ridge,valence,relative,-3.264333826244625e-05
20260920,4,0.5,pitch,linear_ridge,arousal,relative,0.3865380772461977
20260920,4,0.5,pitch,linear_ridge,dominance,relative,0.09843335612046292
20260920,4,0.5,pitch,linear_ridge,valence,hybrid,9.068070753909355e-05
20260920,4,0.5,pitch,linear_ridge,arousal,hybrid,0.38022728368373127
20260920,4,0.5,pitch,linear_ridge,dominance,hybrid,0.09859843278340827
20260920,4,0.5,pitch,quadratic_ridge,valence,absolute,0.0045364052603127265
20260920,4,0.5,pitch,quadratic_ridge,arousal,absolute,0.15191449383086025
20260920,4,0.5,pitch,quadratic_ridge,dominance,absolute,0.047970706744686745
20260920,4,0.5,pitch,quadratic_ridge,valence,relative,0.0034649201247846564
20260920,4,0.5,pitch,quadratic_ridge,arousal,relative,0.38624758446468294
20260920,4,0.5,pitch,quadratic_ridge,dominance,relative,0.10003714774772307
20260920,4,0.5,pitch,quadratic_ridge,valence,hybrid,0.005316697169278806
20260920,4,0.5,pitch,quadratic_ridge,arousal,hybrid,0.3370405820561824
20260920,4,0.5,pitch,quadratic_ridge,dominance,hybrid,0.08916991043074658
20260920,4,0.5,rate,linear_ridge,valence,absolute,0.0068767800010470885
20260920,4,0.5,rate,linear_ridge,arousal,absolute,0.13804218725247502
20260920,4,0.5,rate,linear_ridge,dominance,absolute,0.132791568656267
20260920,4,0.5,rate,linear_ridge,valence,relative,0.0070943720212353345
20260920,4,0.5,rate,linear_ridge,arousal,relative,0.13801567709279083
20260920,4,0.5,rate,linear_ridge,dominance,relative,0.1323150357078177
20260920,4,0.5,rate,linear_ridge,valence,hybrid,0.007095507210308265
20260920,4,0.5,rate,linear_ridge,arousal,hybrid,0.13886648868947454
20260920,4,0.5,rate,linear_ridge,dominance,hybrid,0.13265654806438706
20260920,4,0.5,rate,quadratic_ridge,valence,absolute,0.006941799573284807
20260920,4,0.5,rate,quadratic_ridge,arousal,absolute,0.16194818217023377
20260920,4,0.5,rate,quadratic_ridge,dominance,absolute,0.1425840986808574
20260920,4,0.5,rate,quadratic_ridge,valence,relative,0.005585469797744842
20260920,4,0.5,rate,quadratic_ridge,arousal,relative,0.14962122968905148
20260920,4,0.5,rate,quadratic_ridge,dominance,relative,0.13327830673327634
20260920,4,0.5,rate,quadratic_ridge,valence,hybrid,0.0034017506542705946
20260920,4,0.5,rate,quadratic_ridge,arousal,hybrid,0.15725814918669653
20260920,4,0.5,rate,quadratic_ridge,dominance,hybrid,0.1326358847485417
20260920,4,0.5,pitch_rate,linear_ridge,valence,absolute,0.0068664862141053495
20260920,4,0.5,pitch_rate,linear_ridge,arousal,absolute,0.2962064167062421
20260920,4,0.5,pitch_rate,linear_ridge,dominance,absolute,0.16247676346958037
20260920,4,0.5,pitch_rate,linear_ridge,valence,relative,0.006932189563031437
20260920,4,0.5,pitch_rate,linear_ridge,arousal,relative,0.43501947809258146
20260920,4,0.5,pitch_rate,linear_ridge,dominance,relative,0.1883812061414975
20260920,4,0.5,pitch_rate,linear_ridge,valence,hybrid,0.007079395540672845
20260920,4,0.5,pitch_rate,linear_ridge,arousal,hybrid,0.43174484014858344
20260920,4,0.5,pitch_rate,linear_ridge,dominance,hybrid,0.18955186130962923
20260920,4,0.5,pitch_rate,quadratic_ridge,valence,absolute,0.015234891271515515
20260920,4,0.5,pitch_rate,quadratic_ridge,arousal,absolute,0.23740944785573098
20260920,4,0.5,pitch_rate,quadratic_ridge,dominance,absolute,0.16032342431645474
20260920,4,0.5,pitch_rate,quadratic_ridge,valence,relative,0.023908771126801086
20260920,4,0.5,pitch_rate,quadratic_ridge,arousal,relative,0.4458989027884491
20260920,4,0.5,pitch_rate,quadratic_ridge,dominance,relative,0.19173039885682408
20260920,4,0.5,pitch_rate,quadratic_ridge,valence,hybrid,0.020081577832143985
20260920,4,0.5,pitch_rate,quadratic_ridge,arousal,hybrid,0.3923167455801055
20260920,4,0.5,pitch_rate,quadratic_ridge,dominance,hybrid,0.1688620716910865
20260920,4,0.75,pitch,linear_ridge,valence,absolute,0.0003743783256433222
20260920,4,0.75,pitch,linear_ridge,arousal,absolute,0.21064677779675972
20260920,4,0.75,pitch,linear_ridge,dominance,absolute,0.059209530732659756
20260920,4,0.75,pitch,linear_ridge,valence,relative,-3.413520743358687e-05
20260920,4,0.75,pitch,linear_ridge,arousal,relative,0.37686772587010436
20260920,4,0.75,pitch,linear_ridge,dominance,relative,0.09786829683527176
20260920,4,0.75,pitch,linear_ridge,valence,hybrid,0.00022627324472243173
20260920,4,0.75,pitch,linear_ridge,arousal,hybrid,0.3656580200992426
20260920,4,0.75,pitch,linear_ridge,dominance,hybrid,0.09782353353802145
20260920,4,0.75,pitch,quadratic_ridge,valence,absolute,0.004293835163391762
20260920,4,0.75,pitch,quadratic_ridge,arousal,absolute,0.1474242374444708
20260920,4,0.75,pitch,quadratic_ridge,dominance,absolute,0.04841694252411122
20260920,4,0.75,pitch,quadratic_ridge,valence,relative,0.0033831869948692055
20260920,4,0.75,pitch,quadratic_ridge,arousal,relative,0.3766946183223639
20260920,4,0.75,pitch,quadratic_ridge,dominance,relative,0.09957649692441607
20260920,4,0.75,pitch,quadratic_ridge,valence,hybrid,0.004777762407531652
20260920,4,0.75,pitch,quadratic_ridge,arousal,hybrid,0.31482097919093904
20260920,4,0.75,pitch,quadratic_ridge,dominance,hybrid,0.08289184193260746
20260920,4,0.75,rate,linear_ridge,valence,absolute,0.006797613519314261
20260920,4,0.75,rate,linear_ridge,arousal,absolute,0.13556037058968254
20260920,4,0.75,rate,linear_ridge,dominance,absolute,0.13369140867870768
20260920,4,0.75,rate,linear_ridge,valence,relative,0.007026730204999903
20260920,4,0.75,rate,linear_ridge,arousal,relative,0.13359424000625522
20260920,4,0.75,rate,linear_ridge,dominance,relative,0.13104873727783323
20260920,4,0.75,rate,linear_ridge,valence,hybrid,0.007026424044868123
20260920,4,0.75,rate,linear_ridge,arousal,hybrid,0.1356335950762853
20260920,4,0.75,rate,linear_ridge,dominance,hybrid,0.13209965201788318
20260920,4,0.75,rate,quadratic_ridge,valence,absolute,0.006925010768471191
20260920,4,0.75,rate,quadratic_ridge,arousal,absolute,0.15992059527502042
20260920,4,0.75,rate,quadratic_ridge,dominance,absolute,0.1438257974414685
20260920,4,0.75,rate,quadratic_ridge,valence,relative,0.005606898280712245
20260920,4,0.75,rate,quadratic_ridge,arousal,relative,0.14509720727805803
20260920,4,0.75,rate,quadratic_ridge,dominance,relative,0.13203195682346924
20260920,4,0.75,rate,quadratic_ridge,valence,hybrid,0.003573798297117573
20260920,4,0.75,rate,quadratic_ridge,arousal,hybrid,0.15371801402261548
20260920,4,0.75,rate,quadratic_ridge,dominance,hybrid,0.13201142996196555
20260920,4,0.75,pitch_rate,linear_ridge,valence,absolute,0.006862982765731862
20260920,4,0.75,pitch_rate,linear_ridge,arousal,absolute,0.28765677531859324
20260920,4,0.75,pitch_rate,linear_ridge,dominance,absolute,0.16267518194503627
20260920,4,0.75,pitch_rate,linear_ridge,valence,relative,0.00687075425197054
20260920,4,0.75,pitch_rate,linear_ridge,arousal,relative,0.4244012827015908
20260920,4,0.75,pitch_rate,linear_ridge,dominance,relative,0.1869423140708794
20260920,4,0.75,pitch_rate,linear_ridge,valence,hybrid,0.007174484271523839
20260920,4,0.75,pitch_rate,linear_ridge,arousal,hybrid,0.4202802185633336
20260920,4,0.75,pitch_rate,linear_ridge,dominance,hybrid,0.18945991141571958
20260920,4,0.75,pitch_rate,quadratic_ridge,valence,absolute,0.015099189477571192
20260920,4,0.75,pitch_rate,quadratic_ridge,arousal,absolute,0.2284332654023616
20260920,4,0.75,pitch_rate,quadratic_ridge,dominance,absolute,0.15994246223569267
20260920,4,0.75,pitch_rate,quadratic_ridge,valence,relative,0.023959111737837754
20260920,4,0.75,pitch_rate,quadratic_ridge,arousal,relative,0.43547283579841406
20260920,4,0.75,pitch_rate,quadratic_ridge,dominance,relative,0.1902535210333231
20260920,4,0.75,pitch_rate,quadratic_ridge,valence,hybrid,0.01854566021192751
20260920,4,0.75,pitch_rate,quadratic_ridge,arousal,hybrid,0.3676952465958736
20260920,4,0.75,pitch_rate,quadratic_ridge,dominance,hybrid,0.1492988050920632
20260920,4,1.0,pitch,linear_ridge,valence,absolute,0.000550062625652533
20260920,4,1.0,pitch,linear_ridge,arousal,absolute,0.20465193321461958
20260920,4,1.0,pitch,linear_ridge,dominance,absolute,0.0605926919835053
20260920,4,1.0,pitch,linear_ridge,valence,relative,-3.549531971912054e-05
20260920,4,1.0,pitch,linear_ridge,arousal,relative,0.3641283495171198
20260920,4,1.0,pitch,linear_ridge,dominance,relative,0.09695496858091716
20260920,4,1.0,pitch,linear_ridge,valence,hybrid,0.0004109572741743623
20260920,4,1.0,pitch,linear_ridge,arousal,hybrid,0.3478071313879302
20260920,4,1.0,pitch,linear_ridge,dominance,hybrid,0.09662279831628913
20260920,4,1.0,pitch,quadratic_ridge,valence,absolute,0.004060861790788874
20260920,4,1.0,pitch,quadratic_ridge,arousal,absolute,0.14210179386902466
20260920,4,1.0,pitch,quadratic_ridge,dominance,absolute,0.0486229135568168
20260920,4,1.0,pitch,quadratic_ridge,valence,relative,0.0032968821199556315
20260920,4,1.0,pitch,quadratic_ridge,arousal,relative,0.3640708808053895
20260920,4,1.0,pitch,quadratic_ridge,dominance,relative,0.0987622752697103
20260920,4,1.0,pitch,quadratic_ridge,valence,hybrid,0.0040319159828085946
20260920,4,1.0,pitch,quadratic_ridge,arousal,hybrid,0.2860595719503539
20260920,4,1.0,pitch,quadratic_ridge,dominance,hybrid,0.07400698057723264
20260920,4,1.0,rate,linear_ridge,valence,absolute,0.006707332352507239
20260920,4,1.0,rate,linear_ridge,arousal,absolute,0.13161295288561853
20260920,4,1.0,rate,linear_ridge,dominance,absolute,0.13408209376804864
20260920,4,1.0,rate,linear_ridge,valence,relative,0.006947421848500963
20260920,4,1.0,rate,linear_ridge,arousal,relative,0.12792719815841702
20260920,4,1.0,rate,linear_ridge,dominance,relative,0.12931504418234369
20260920,4,1.0,rate,linear_ridge,valence,hybrid,0.00694471213354362
20260920,4,1.0,rate,linear_ridge,arousal,hybrid,0.13148067066479158
20260920,4,1.0,rate,linear_ridge,dominance,hybrid,0.13141172465808013
20260920,4,1.0,rate,quadratic_ridge,valence,absolute,0.006897306049630408
20260920,4,1.0,rate,quadratic_ridge,arousal,absolute,0.15617304680902006
20260920,4,1.0,rate,quadratic_ridge,dominance,absolute,0.14453460682663472
20260920,4,1.0,rate,quadratic_ridge,valence,relative,0.0056199663733789195
20260920,4,1.0,rate,quadratic_ridge,arousal,relative,0.13923474669250427
20260920,4,1.0,rate,quadratic_ridge,dominance,relative,0.13031697629252778
20260920,4,1.0,rate,quadratic_ridge,valence,hybrid,0.0037844596864993023
20260920,4,1.0,rate,quadratic_ridge,arousal,hybrid,0.14912567899032864
20260920,4,1.0,rate,quadratic_ridge,dominance,hybrid,0.13125185894768
20260920,4,1.0,pitch_rate,linear_ridge,valence,absolute,0.006873266515950934
20260920,4,1.0,pitch_rate,linear_ridge,arousal,absolute,0.2773321875907112
20260920,4,1.0,pitch_rate,linear_ridge,dominance,absolute,0.16214734380463555
20260920,4,1.0,pitch_rate,linear_ridge,valence,relative,0.006797837278471924
20260920,4,1.0,pitch_rate,linear_ridge,arousal,relative,0.4103472876511411
20260920,4,1.0,pitch_rate,linear_ridge,dominance,relative,0.18486816313502447
20260920,4,1.0,pitch_rate,linear_ridge,valence,hybrid,0.007312338024705691
20260920,4,1.0,pitch_rate,linear_ridge,arousal,hybrid,0.40598312434273587
20260920,4,1.0,pitch_rate,linear_ridge,dominance,hybrid,0.18926235648949422
20260920,4,1.0,pitch_rate,quadratic_ridge,valence,absolute,0.014948522900925179
20260920,4,1.0,pitch_rate,quadratic_ridge,arousal,absolute,0.21805897017273912
20260920,4,1.0,pitch_rate,quadratic_ridge,dominance,absolute,0.1588370477834022
20260920,4,1.0,pitch_rate,quadratic_ridge,valence,relative,0.023969642405921164
20260920,4,1.0,pitch_rate,quadratic_ridge,arousal,relative,0.42163359245629944
20260920,4,1.0,pitch_rate,quadratic_ridge,dominance,relative,0.18813989967485856
20260920,4,1.0,pitch_rate,quadratic_ridge,valence,hybrid,0.016302768020482333
20260920,4,1.0,pitch_rate,quadratic_ridge,arousal,hybrid,0.3341130292049822
20260920,4,1.0,pitch_rate,quadratic_ridge,dominance,hybrid,0.12475627049584655
20260921,0,0.0,pitch,linear_ridge,valence,absolute,0.00015538644718464829
20260921,0,0.0,pitch,linear_ridge,arousal,absolute,0.17994295894147241
20260921,0,0.0,pitch,linear_ridge,dominance,absolute,0.07611277570079787
20260921,0,0.0,pitch,linear_ridge,valence,relative,0.0002904764941508645
20260921,0,0.0,pitch,linear_ridge,arousal,relative,0.3304910183936826
20260921,0,0.0,pitch,linear_ridge,dominance,relative,0.14133351671013736
20260921,0,0.0,pitch,linear_ridge,valence,hybrid,0.00029099943672801124
20260921,0,0.0,pitch,linear_ridge,arousal,hybrid,0.33118672676476407
20260921,0,0.0,pitch,linear_ridge,dominance,hybrid,0.14160249972103314
20260921,0,0.0,pitch,quadratic_ridge,valence,absolute,0.008305805616825002
20260921,0,0.0,pitch,quadratic_ridge,arousal,absolute,0.18528651645542912
20260921,0,0.0,pitch,quadratic_ridge,dominance,absolute,0.0750124037840781
20260921,0,0.0,pitch,quadratic_ridge,valence,relative,0.0003420304508587638
20260921,0,0.0,pitch,quadratic_ridge,arousal,relative,0.3353883677046786
20260921,0,0.0,pitch,quadratic_ridge,dominance,relative,0.15212270785674098
20260921,0,0.0,pitch,quadratic_ridge,valence,hybrid,0.003248474870305897
20260921,0,0.0,pitch,quadratic_ridge,arousal,hybrid,0.388250760164094
20260921,0,0.0,pitch,quadratic_ridge,dominance,hybrid,0.19117077391543671
20260921,0,0.0,rate,linear_ridge,valence,absolute,0.013825636671080298
20260921,0,0.0,rate,linear_ridge,arousal,absolute,0.1840795731064138
20260921,0,0.0,rate,linear_ridge,dominance,absolute,0.2248319261147564
20260921,0,0.0,rate,linear_ridge,valence,relative,0.01440717291695974
20260921,0,0.0,rate,linear_ridge,arousal,relative,0.19075830094674798
20260921,0,0.0,rate,linear_ridge,dominance,relative,0.23274291684791354
20260921,0,0.0,rate,linear_ridge,valence,hybrid,0.014411254552928325
20260921,0,0.0,rate,linear_ridge,arousal,hybrid,0.19080853139997317
20260921,0,0.0,rate,linear_ridge,dominance,hybrid,0.23280294054611572
20260921,0,0.0,rate,quadratic_ridge,valence,absolute,0.01655712861599636
20260921,0,0.0,rate,quadratic_ridge,arousal,absolute,0.19413697149898507
20260921,0,0.0,rate,quadratic_ridge,dominance,absolute,0.22961345113656437
20260921,0,0.0,rate,quadratic_ridge,valence,relative,0.018557011696040425
20260921,0,0.0,rate,quadratic_ridge,arousal,relative,0.2071191247940973
20260921,0,0.0,rate,quadratic_ridge,dominance,relative,0.2418328131207431
20260921,0,0.0,rate,quadratic_ridge,valence,hybrid,0.019665069077769194
20260921,0,0.0,rate,quadratic_ridge,arousal,hybrid,0.20422493293925217
20260921,0,0.0,rate,quadratic_ridge,dominance,hybrid,0.24210608220613256
20260921,0,0.0,pitch_rate,linear_ridge,valence,absolute,0.013368758828806103
20260921,0,0.0,pitch_rate,linear_ridge,arousal,absolute,0.3050585323269697
20260921,0,0.0,pitch_rate,linear_ridge,dominance,absolute,0.26629963843119114
20260921,0,0.0,pitch_rate,linear_ridge,valence,relative,0.013421560903043982
20260921,0,0.0,pitch_rate,linear_ridge,arousal,relative,0.4168594156653416
20260921,0,0.0,pitch_rate,linear_ridge,dominance,relative,0.307193703336611
20260921,0,0.0,pitch_rate,linear_ridge,valence,hybrid,0.01342799070994773
20260921,0,0.0,pitch_rate,linear_ridge,arousal,hybrid,0.4176887300970102
20260921,0,0.0,pitch_rate,linear_ridge,dominance,hybrid,0.30759400360599715
20260921,0,0.0,pitch_rate,quadratic_ridge,valence,absolute,0.04352656742189612
20260921,0,0.0,pitch_rate,quadratic_ridge,arousal,absolute,0.32939239265097925
20260921,0,0.0,pitch_rate,quadratic_ridge,dominance,absolute,0.27525741383936175
20260921,0,0.0,pitch_rate,quadratic_ridge,valence,relative,0.0332279202363348
20260921,0,0.0,pitch_rate,quadratic_ridge,arousal,relative,0.4283544630412434
20260921,0,0.0,pitch_rate,quadratic_ridge,dominance,relative,0.3117447174187116
20260921,0,0.0,pitch_rate,quadratic_ridge,valence,hybrid,0.03627543773678148
20260921,0,0.0,pitch_rate,quadratic_ridge,arousal,hybrid,0.46803970864053973
20260921,0,0.0,pitch_rate,quadratic_ridge,dominance,hybrid,0.3262867450907928
20260921,0,0.25,pitch,linear_ridge,valence,absolute,0.0003458790783774974
20260921,0,0.25,pitch,linear_ridge,arousal,absolute,0.18274495033821087
20260921,0,0.25,pitch,linear_ridge,dominance,absolute,0.07877949374423925
20260921,0,0.25,pitch,linear_ridge,valence,relative,0.00030785279105346883
20260921,0,0.25,pitch,linear_ridge,arousal,relative,0.32839423662076456
20260921,0,0.25,pitch,linear_ridge,dominance,relative,0.14132146520311417
20260921,0,0.25,pitch,linear_ridge,valence,hybrid,0.00033156516939031083
20260921,0,0.25,pitch,linear_ridge,arousal,hybrid,0.3291643549858515
20260921,0,0.25,pitch,linear_ridge,dominance,hybrid,0.14178337973571567
20260921,0,0.25,pitch,quadratic_ridge,valence,absolute,0.008345197950371594
20260921,0,0.25,pitch,quadratic_ridge,arousal,absolute,0.18987413780297155
20260921,0,0.25,pitch,quadratic_ridge,dominance,absolute,0.08012320272568126
20260921,0,0.25,pitch,quadratic_ridge,valence,relative,0.0004806683029213093
20260921,0,0.25,pitch,quadratic_ridge,arousal,relative,0.33310356135464436
20260921,0,0.25,pitch,quadratic_ridge,dominance,relative,0.15230090354587464
20260921,0,0.25,pitch,quadratic_ridge,valence,hybrid,0.0032897243052486
20260921,0,0.25,pitch,quadratic_ridge,arousal,hybrid,0.3861832312960713
20260921,0,0.25,pitch,quadratic_ridge,dominance,hybrid,0.1914412066744375
20260921,0,0.25,rate,linear_ridge,valence,absolute,0.01368140932207408
20260921,0,0.25,rate,linear_ridge,arousal,absolute,0.18625684796899825
20260921,0,0.25,rate,linear_ridge,dominance,absolute,0.22869177667980803
20260921,0,0.25,rate,linear_ridge,valence,relative,0.01441380033429714
20260921,0,0.25,rate,linear_ridge,arousal,relative,0.1906455829908331
20260921,0,0.25,rate,linear_ridge,dominance,relative,0.23296720758117895
20260921,0,0.25,rate,linear_ridge,valence,hybrid,0.014442874613469771
20260921,0,0.25,rate,linear_ridge,arousal,hybrid,0.19000689855527395
20260921,0,0.25,rate,linear_ridge,dominance,hybrid,0.2323584552897248
20260921,0,0.25,rate,quadratic_ridge,valence,absolute,0.016393487593119732
20260921,0,0.25,rate,quadratic_ridge,arousal,absolute,0.19670449981760568
20260921,0,0.25,rate,quadratic_ridge,dominance,absolute,0.23382405914991555
20260921,0,0.25,rate,quadratic_ridge,valence,relative,0.018631474555218505
20260921,0,0.25,rate,quadratic_ridge,arousal,relative,0.20676699375980415
20260921,0,0.25,rate,quadratic_ridge,dominance,relative,0.2415310206515078
20260921,0,0.25,rate,quadratic_ridge,valence,hybrid,0.019727101427267458
20260921,0,0.25,rate,quadratic_ridge,arousal,hybrid,0.20375909639641235
20260921,0,0.25,rate,quadratic_ridge,dominance,hybrid,0.24177051266675628
20260921,0,0.25,pitch_rate,linear_ridge,valence,absolute,0.01337157405473435
20260921,0,0.25,pitch_rate,linear_ridge,arousal,absolute,0.30696336971250276
20260921,0,0.25,pitch_rate,linear_ridge,dominance,absolute,0.27021554931118796
20260921,0,0.25,pitch_rate,linear_ridge,valence,relative,0.013451691342405191
20260921,0,0.25,pitch_rate,linear_ridge,arousal,relative,0.4152334454155826
20260921,0,0.25,pitch_rate,linear_ridge,dominance,relative,0.30735697226279135
20260921,0,0.25,pitch_rate,linear_ridge,valence,hybrid,0.01350973752017075
20260921,0,0.25,pitch_rate,linear_ridge,arousal,hybrid,0.415674699935665
20260921,0,0.25,pitch_rate,linear_ridge,dominance,hybrid,0.3073695066529156
20260921,0,0.25,pitch_rate,quadratic_ridge,valence,absolute,0.043564730544984206
20260921,0,0.25,pitch_rate,quadratic_ridge,arousal,absolute,0.33359852161066444
20260921,0,0.25,pitch_rate,quadratic_ridge,dominance,absolute,0.2809698692695179
20260921,0,0.25,pitch_rate,quadratic_ridge,valence,relative,0.033640387811895184
20260921,0,0.25,pitch_rate,quadratic_ridge,arousal,relative,0.42690695461986
20260921,0,0.25,pitch_rate,quadratic_ridge,dominance,relative,0.31178298723604836
20260921,0,0.25,pitch_rate,quadratic_ridge,valence,hybrid,0.03665177416916091
20260921,0,0.25,pitch_rate,quadratic_ridge,arousal,hybrid,0.46391074125289505
20260921,0,0.25,pitch_rate,quadratic_ridge,dominance,hybrid,0.3190283732100879
20260921,0,0.5,pitch,linear_ridge,valence,absolute,0.0005429745634273378
20260921,0,0.5,pitch,linear_ridge,arousal,absolute,0.18424016496912646
20260921,0,0.5,pitch,linear_ridge,dominance,absolute,0.08121608677705042
20260921,0,0.5,pitch,linear_ridge,valence,relative,0.000324425940315818
20260921,0,0.5,pitch,linear_ridge,arousal,relative,0.3241440809500025
20260921,0,0.5,pitch,linear_ridge,dominance,relative,0.1409300819219245
20260921,0,0.5,pitch,linear_ridge,valence,hybrid,0.00038871303725505896
20260921,0,0.5,pitch,linear_ridge,arousal,hybrid,0.3248707554359925
20260921,0,0.5,pitch,linear_ridge,dominance,hybrid,0.14161575676204047
20260921,0,0.5,pitch,quadratic_ridge,valence,absolute,0.00835952285849491
20260921,0,0.5,pitch,quadratic_ridge,arousal,absolute,0.19311565762389474
20260921,0,0.5,pitch,quadratic_ridge,dominance,absolute,0.08506424802564655
20260921,0,0.5,pitch,quadratic_ridge,valence,relative,0.0006162838765258003
20260921,0,0.5,pitch,quadratic_ridge,arousal,relative,0.3285994949556751
20260921,0,0.5,pitch,quadratic_ridge,dominance,relative,0.1520233082692279
20260921,0,0.5,pitch,quadratic_ridge,valence,hybrid,0.003121844679933249
20260921,0,0.5,pitch,quadratic_ridge,arousal,hybrid,0.3834204282009406
20260921,0,0.5,pitch,quadratic_ridge,dominance,hybrid,0.19341631552876315
20260921,0,0.5,rate,linear_ridge,valence,absolute,0.013511724509553177
20260921,0,0.5,rate,linear_ridge,arousal,absolute,0.18703504389078493
20260921,0,0.5,rate,linear_ridge,dominance,absolute,0.23190974856930088
20260921,0,0.5,rate,linear_ridge,valence,relative,0.014392411946836213
20260921,0,0.5,rate,linear_ridge,arousal,relative,0.1891503243481826
20260921,0,0.5,rate,linear_ridge,dominance,relative,0.23259914134699508
20260921,0,0.5,rate,linear_ridge,valence,hybrid,0.014468233196729161
20260921,0,0.5,rate,linear_ridge,arousal,hybrid,0.18693282674802097
20260921,0,0.5,rate,linear_ridge,dominance,hybrid,0.23072948084235126
20260921,0,0.5,rate,quadratic_ridge,valence,absolute,0.01619918743198965
20260921,0,0.5,rate,quadratic_ridge,arousal,absolute,0.19778393710419423
20260921,0,0.5,rate,quadratic_ridge,dominance,absolute,0.23737491806915717
20260921,0,0.5,rate,quadratic_ridge,valence,relative,0.018670108490511133
20260921,0,0.5,rate,quadratic_ridge,arousal,relative,0.20491286986220428
20260921,0,0.5,rate,quadratic_ridge,dominance,relative,0.2406100219145024
20260921,0,0.5,rate,quadratic_ridge,valence,hybrid,0.01976598562000966
20260921,0,0.5,rate,quadratic_ridge,arousal,hybrid,0.20086780954372585
20260921,0,0.5,rate,quadratic_ridge,dominance,hybrid,0.24021898268407768
20260921,0,0.5,pitch_rate,linear_ridge,valence,absolute,0.013359413607986516
20260921,0,0.5,pitch_rate,linear_ridge,arousal,absolute,0.3068147703458599
20260921,0,0.5,pitch_rate,linear_ridge,dominance,absolute,0.2733300443855596
20260921,0,0.5,pitch_rate,linear_ridge,valence,relative,0.013455368405565228
20260921,0,0.5,pitch_rate,linear_ridge,arousal,relative,0.4110205507455229
20260921,0,0.5,pitch_rate,linear_ridge,dominance,relative,0.30676836575800775
20260921,0,0.5,pitch_rate,linear_ridge,valence,hybrid,0.013608596586946294
20260921,0,0.5,pitch_rate,linear_ridge,arousal,hybrid,0.41053557289361087
20260921,0,0.5,pitch_rate,linear_ridge,dominance,hybrid,0.3059639186162179
20260921,0,0.5,pitch_rate,quadratic_ridge,valence,absolute,0.043517378253587875
20260921,0,0.5,pitch_rate,quadratic_ridge,arousal,absolute,0.33557672460058746
20260921,0,0.5,pitch_rate,quadratic_ridge,dominance,absolute,0.28588169511650874
20260921,0,0.5,pitch_rate,quadratic_ridge,valence,relative,0.033986857850073875
20260921,0,0.5,pitch_rate,quadratic_ridge,arousal,relative,0.4226684307797384
20260921,0,0.5,pitch_rate,quadratic_ridge,dominance,relative,0.31096364037956004
20260921,0,0.5,pitch_rate,quadratic_ridge,valence,hybrid,0.03666057974778253
20260921,0,0.5,pitch_rate,quadratic_ridge,arousal,hybrid,0.45186056961437226
20260921,0,0.5,pitch_rate,quadratic_ridge,dominance,hybrid,0.29998790765987216
20260921,0,0.75,pitch,linear_ridge,valence,absolute,0.0007455547812074194
20260921,0,0.75,pitch,linear_ridge,arousal,absolute,0.1845501211515207
20260921,0,0.75,pitch,linear_ridge,dominance,absolute,0.0834004303112402
20260921,0,0.75,pitch,linear_ridge,valence,relative,0.0003400443612344072
20260921,0,0.75,pitch,linear_ridge,arousal,relative,0.317887153131641
20260921,0,0.75,pitch,linear_ridge,dominance,relative,0.14016748550270083
20260921,0,0.75,pitch,linear_ridge,valence,hybrid,0.0004620517286186407
20260921,0,0.75,pitch,linear_ridge,arousal,hybrid,0.3185047355273956
20260921,0,0.75,pitch,linear_ridge,dominance,hybrid,0.14110588690807765
20260921,0,0.75,pitch,quadratic_ridge,valence,absolute,0.008348764126073441
20260921,0,0.75,pitch,quadratic_ridge,arousal,absolute,0.1951063398270435
20260921,0,0.75,pitch,quadratic_ridge,dominance,absolute,0.08978528239080723
20260921,0,0.75,pitch,quadratic_ridge,valence,relative,0.0007481059966458107
20260921,0,0.75,pitch,quadratic_ridge,arousal,relative,0.3220370187055074
20260921,0,0.75,pitch,quadratic_ridge,dominance,relative,0.15129975103482027
20260921,0,0.75,pitch,quadratic_ridge,valence,hybrid,0.002747422181793894
20260921,0,0.75,pitch,quadratic_ridge,arousal,hybrid,0.38007394727307725
20260921,0,0.75,pitch,quadratic_ridge,dominance,hybrid,0.19701311429765933
20260921,0,0.75,rate,linear_ridge,valence,absolute,0.013317464246411777
20260921,0,0.75,rate,linear_ridge,arousal,absolute,0.18645116900651273
20260921,0,0.75,rate,linear_ridge,dominance,absolute,0.23447771979169854
20260921,0,0.75,rate,linear_ridge,valence,relative,0.014343094254400033
20260921,0,0.75,rate,linear_ridge,arousal,relative,0.18635332044439398
20260921,0,0.75,rate,linear_ridge,dominance,relative,0.23164693586817717
20260921,0,0.75,rate,linear_ridge,valence,hybrid,0.014486980250770868
20260921,0,0.75,rate,linear_ridge,arousal,hybrid,0.18170352796531308
20260921,0,0.75,rate,linear_ridge,dominance,hybrid,0.22793468932101377
20260921,0,0.75,rate,quadratic_ridge,valence,absolute,0.015975189395126592
20260921,0,0.75,rate,quadratic_ridge,arousal,absolute,0.19741013778693015
20260921,0,0.75,rate,quadratic_ridge,dominance,absolute,0.24025525029467318
20260921,0,0.75,rate,quadratic_ridge,valence,relative,0.018672672190963798
20260921,0,0.75,rate,quadratic_ridge,arousal,relative,0.20165188642623885
20260921,0,0.75,rate,quadratic_ridge,dominance,relative,0.23908106712534394
20260921,0,0.75,rate,quadratic_ridge,valence,hybrid,0.019781463059091824
20260921,0,0.75,rate,quadratic_ridge,arousal,hybrid,0.19567728990310387
20260921,0,0.75,rate,quadratic_ridge,dominance,hybrid,0.23746827820922067
20260921,0,0.75,pitch_rate,linear_ridge,valence,absolute,0.013332164652177176
20260921,0,0.75,pitch_rate,linear_ridge,arousal,absolute,0.3048360447198573
20260921,0,0.75,pitch_rate,linear_ridge,dominance,absolute,0.2756282469404031
20260921,0,0.75,pitch_rate,linear_ridge,valence,relative,0.0134325365031349
20260921,0,0.75,pitch_rate,linear_ridge,arousal,relative,0.4043653549794708
20260921,0,0.75,pitch_rate,linear_ridge,dominance,relative,0.30544148863995907
20260921,0,0.75,pitch_rate,linear_ridge,valence,hybrid,0.013723777465018959
20260921,0,0.75,pitch_rate,linear_ridge,arousal,hybrid,0.40245723319866966
20260921,0,0.75,pitch_rate,linear_ridge,dominance,hybrid,0.3033968544794055
20260921,0,0.75,pitch_rate,quadratic_ridge,valence,absolute,0.04338441260798865
20260921,0,0.75,pitch_rate,quadratic_ridge,arousal,absolute,0.3355407843160325
20260921,0,0.75,pitch_rate,quadratic_ridge,dominance,absolute,0.2899612768326852
20260921,0,0.75,pitch_rate,quadratic_ridge,valence,relative,0.034265306123391
20260921,0,0.75,pitch_rate,quadratic_ridge,arousal,relative,0.41580635148862555
20260921,0,0.75,pitch_rate,quadratic_ridge,dominance,relative,0.3093040995329289
20260921,0,0.75,pitch_rate,quadratic_ridge,valence,hybrid,0.03630200257659992
20260921,0,0.75,pitch_rate,quadratic_ridge,arousal,hybrid,0.43336519572289856
20260921,0,0.75,pitch_rate,quadratic_ridge,dominance,hybrid,0.27433085229583964
20260921,0,1.0,pitch,linear_ridge,valence,absolute,0.0009524932901768647
20260921,0,1.0,pitch,linear_ridge,arousal,absolute,0.18371633466313853
20260921,0,1.0,pitch,linear_ridge,dominance,absolute,0.08531822397234838
20260921,0,1.0,pitch,linear_ridge,valence,relative,0.00035466698956195284
20260921,0,1.0,pitch,linear_ridge,arousal,relative,0.3098159754957392
20260921,0,1.0,pitch,linear_ridge,dominance,relative,0.13904283665146225
20260921,0,1.0,pitch,linear_ridge,valence,hybrid,0.0005510462817063921
20260921,0,1.0,pitch,linear_ridge,arousal,hybrid,0.31029785669293414
20260921,0,1.0,pitch,linear_ridge,dominance,hybrid,0.14026234757110737
20260921,0,1.0,pitch,quadratic_ridge,valence,absolute,0.008313344211580226
20260921,0,1.0,pitch,quadratic_ridge,arousal,absolute,0.19586254092798755
20260921,0,1.0,pitch,quadratic_ridge,dominance,absolute,0.09424422918419981
20260921,0,1.0,pitch,quadratic_ridge,valence,relative,0.0008754588508380489
20260921,0,1.0,pitch,quadratic_ridge,arousal,relative,0.31362516986970346
20260921,0,1.0,pitch,quadratic_ridge,dominance,relative,0.15014226821374532
20260921,0,1.0,pitch,quadratic_ridge,valence,hybrid,0.002171641561116767
20260921,0,1.0,pitch,quadratic_ridge,arousal,hybrid,0.3762185195475871
20260921,0,1.0,pitch,quadratic_ridge,dominance,hybrid,0.20208106917837462
20260921,0,1.0,rate,linear_ridge,valence,absolute,0.013100411468734795
20260921,0,1.0,rate,linear_ridge,arousal,absolute,0.18458633377103298
20260921,0,1.0,rate,linear_ridge,dominance,absolute,0.2363900468145379
20260921,0,1.0,rate,linear_ridge,valence,relative,0.014266771807976465
20260921,0,1.0,rate,linear_ridge,arousal,relative,0.1823643785920723
20260921,0,1.0,rate,linear_ridge,dominance,relative,0.23012141553309964
20260921,0,1.0,rate,linear_ridge,valence,hybrid,0.014499332945496705
20260921,0,1.0,rate,linear_ridge,arousal,hybrid,0.17450165569430126
20260921,0,1.0,rate,linear_ridge,dominance,hybrid,0.22400502822126855
20260921,0,1.0,rate,quadratic_ridge,valence,absolute,0.015723693076205844
20260921,0,1.0,rate,quadratic_ridge,arousal,absolute,0.19566320088289985
20260921,0,1.0,rate,quadratic_ridge,dominance,absolute,0.24245553249198293
20260921,0,1.0,rate,quadratic_ridge,valence,relative,0.018639923962327342
20260921,0,1.0,rate,quadratic_ridge,arousal,relative,0.19710638516000792
20260921,0,1.0,rate,quadratic_ridge,dominance,relative,0.23696028202247682
20260921,0,1.0,rate,quadratic_ridge,valence,hybrid,0.019773881242528872
20260921,0,1.0,rate,quadratic_ridge,arousal,hybrid,0.1883772865451704
20260921,0,1.0,rate,quadratic_ridge,dominance,hybrid,0.23354948255423863
20260921,0,1.0,pitch_rate,linear_ridge,valence,absolute,0.013290444011851917
20260921,0,1.0,pitch_rate,linear_ridge,arousal,absolute,0.3011387371014817
20260921,0,1.0,pitch_rate,linear_ridge,dominance,absolute,0.27711427228395347
20260921,0,1.0,pitch_rate,linear_ridge,valence,relative,0.013383960049461607
20260921,0,1.0,pitch_rate,linear_ridge,arousal,relative,0.3954737209055915
20260921,0,1.0,pitch_rate,linear_ridge,dominance,relative,0.3033918266677394
20260921,0,1.0,pitch_rate,linear_ridge,valence,hybrid,0.013854793430919478
20260921,0,1.0,pitch_rate,linear_ridge,arousal,hybrid,0.39168603362136906
20260921,0,1.0,pitch_rate,linear_ridge,dominance,hybrid,0.2996978593156569
20260921,0,1.0,pitch_rate,quadratic_ridge,valence,absolute,0.04316862835603248
20260921,0,1.0,pitch_rate,quadratic_ridge,arousal,absolute,0.33358226260576684
20260921,0,1.0,pitch_rate,quadratic_ridge,dominance,absolute,0.293196506413961
20260921,0,1.0,pitch_rate,quadratic_ridge,valence,relative,0.03447573883720428
20260921,0,1.0,pitch_rate,quadratic_ridge,arousal,relative,0.4065470936120755
20260921,0,1.0,pitch_rate,quadratic_ridge,dominance,relative,0.3068264496481087
20260921,0,1.0,pitch_rate,quadratic_ridge,valence,hybrid,0.035576674529630876
20260921,0,1.0,pitch_rate,quadratic_ridge,arousal,hybrid,0.41026211303252413
20260921,0,1.0,pitch_rate,quadratic_ridge,dominance,hybrid,0.24713929509928323
20260921,1,0.0,pitch,linear_ridge,valence,absolute,-0.004150704970850429
20260921,1,0.0,pitch,linear_ridge,arousal,absolute,0.23152120151417205
20260921,1,0.0,pitch,linear_ridge,dominance,absolute,0.07449202159473631
20260921,1,0.0,pitch,linear_ridge,valence,relative,-0.008042755856369651
20260921,1,0.0,pitch,linear_ridge,arousal,relative,0.4186813974796339
20260921,1,0.0,pitch,linear_ridge,dominance,relative,0.1404950942434376
20260921,1,0.0,pitch,linear_ridge,valence,hybrid,-0.008075450591667631
20260921,1,0.0,pitch,linear_ridge,arousal,hybrid,0.41905159575025364
20260921,1,0.0,pitch,linear_ridge,dominance,hybrid,0.14088702073418036
20260921,1,0.0,pitch,quadratic_ridge,valence,absolute,0.0031674806727766546
20260921,1,0.0,pitch,quadratic_ridge,arousal,absolute,0.15510677413024718
20260921,1,0.0,pitch,quadratic_ridge,dominance,absolute,0.0658515458993096
20260921,1,0.0,pitch,quadratic_ridge,valence,relative,-0.0030408519109986405
20260921,1,0.0,pitch,quadratic_ridge,arousal,relative,0.4187353755114533
20260921,1,0.0,pitch,quadratic_ridge,dominance,relative,0.14078560917414676
20260921,1,0.0,pitch,quadratic_ridge,valence,hybrid,-0.0006258779542323337
20260921,1,0.0,pitch,quadratic_ridge,arousal,hybrid,0.3706316068292778
20260921,1,0.0,pitch,quadratic_ridge,dominance,hybrid,0.1306015110327861
20260921,1,0.0,rate,linear_ridge,valence,absolute,0.008261998426177865
20260921,1,0.0,rate,linear_ridge,arousal,absolute,0.14697557405875045
20260921,1,0.0,rate,linear_ridge,dominance,absolute,0.14558154454151337
20260921,1,0.0,rate,linear_ridge,valence,relative,0.008524465534799573
20260921,1,0.0,rate,linear_ridge,arousal,relative,0.15149664290838427
20260921,1,0.0,rate,linear_ridge,dominance,relative,0.150033495929621
20260921,1,0.0,rate,linear_ridge,valence,hybrid,0.008526099964638979
20260921,1,0.0,rate,linear_ridge,arousal,hybrid,0.1515279830909938
20260921,1,0.0,rate,linear_ridge,dominance,hybrid,0.1500650798388486
20260921,1,0.0,rate,quadratic_ridge,valence,absolute,0.005119587325834181
20260921,1,0.0,rate,quadratic_ridge,arousal,absolute,0.16048543715240793
20260921,1,0.0,rate,quadratic_ridge,dominance,absolute,0.15202685891226214
20260921,1,0.0,rate,quadratic_ridge,valence,relative,0.005410518366055212
20260921,1,0.0,rate,quadratic_ridge,arousal,relative,0.16784203698618533
20260921,1,0.0,rate,quadratic_ridge,dominance,relative,0.15899068565236096
20260921,1,0.0,rate,quadratic_ridge,valence,hybrid,0.005891509548735524
20260921,1,0.0,rate,quadratic_ridge,arousal,hybrid,0.16738062874126064
20260921,1,0.0,rate,quadratic_ridge,dominance,hybrid,0.15860291871733825
20260921,1,0.0,pitch_rate,linear_ridge,valence,absolute,0.0047810947837768625
20260921,1,0.0,pitch_rate,linear_ridge,arousal,absolute,0.32435363723858973
20260921,1,0.0,pitch_rate,linear_ridge,dominance,absolute,0.19332087646070872
20260921,1,0.0,pitch_rate,linear_ridge,valence,relative,0.00199138737325811
20260921,1,0.0,pitch_rate,linear_ridge,arousal,relative,0.47407396037985094
20260921,1,0.0,pitch_rate,linear_ridge,dominance,relative,0.23695350670388976
20260921,1,0.0,pitch_rate,linear_ridge,valence,hybrid,0.0019600369876255426
20260921,1,0.0,pitch_rate,linear_ridge,arousal,hybrid,0.4744708344911678
20260921,1,0.0,pitch_rate,linear_ridge,dominance,hybrid,0.23731243687807704
20260921,1,0.0,pitch_rate,quadratic_ridge,valence,absolute,0.015771506088416026
20260921,1,0.0,pitch_rate,quadratic_ridge,arousal,absolute,0.2515422468925473
20260921,1,0.0,pitch_rate,quadratic_ridge,dominance,absolute,0.18925230156224943
20260921,1,0.0,pitch_rate,quadratic_ridge,valence,relative,0.020916020337312755
20260921,1,0.0,pitch_rate,quadratic_ridge,arousal,relative,0.49275254566466326
20260921,1,0.0,pitch_rate,quadratic_ridge,dominance,relative,0.2517046000126312
20260921,1,0.0,pitch_rate,quadratic_ridge,valence,hybrid,0.025751195224314936
20260921,1,0.0,pitch_rate,quadratic_ridge,arousal,hybrid,0.44313781432362426
20260921,1,0.0,pitch_rate,quadratic_ridge,dominance,hybrid,0.24702120764607274
20260921,1,0.25,pitch,linear_ridge,valence,absolute,-0.004179884146781698
20260921,1,0.25,pitch,linear_ridge,arousal,absolute,0.2313363150918011
20260921,1,0.25,pitch,linear_ridge,dominance,absolute,0.06759589008301864
20260921,1,0.25,pitch,linear_ridge,valence,relative,-0.0079887523276626
20260921,1,0.25,pitch,linear_ridge,arousal,relative,0.4185403214297791
20260921,1,0.25,pitch,linear_ridge,dominance,relative,0.14020650266916893
20260921,1,0.25,pitch,linear_ridge,valence,hybrid,-0.008007283890073276
20260921,1,0.25,pitch,linear_ridge,arousal,hybrid,0.41918086968494467
20260921,1,0.25,pitch,linear_ridge,dominance,hybrid,0.14026525903344633
20260921,1,0.25,pitch,quadratic_ridge,valence,absolute,0.003122272323492346
20260921,1,0.25,pitch,quadratic_ridge,arousal,absolute,0.15134687574618455
20260921,1,0.25,pitch,quadratic_ridge,dominance,absolute,0.05813861941598415
20260921,1,0.25,pitch,quadratic_ridge,valence,relative,-0.0029645518953751024
20260921,1,0.25,pitch,quadratic_ridge,arousal,relative,0.4186875681756926
20260921,1,0.25,pitch,quadratic_ridge,dominance,relative,0.14069630121211094
20260921,1,0.25,pitch,quadratic_ridge,valence,hybrid,-0.0004427890961474229
20260921,1,0.25,pitch,quadratic_ridge,arousal,hybrid,0.37044230599806044
20260921,1,0.25,pitch,quadratic_ridge,dominance,hybrid,0.13224816885230858
20260921,1,0.25,rate,linear_ridge,valence,absolute,0.007778388429697191
20260921,1,0.25,rate,linear_ridge,arousal,absolute,0.151190039523306
20260921,1,0.25,rate,linear_ridge,dominance,absolute,0.1533297241188339
20260921,1,0.25,rate,linear_ridge,valence,relative,0.008464096555447897
20260921,1,0.25,rate,linear_ridge,arousal,relative,0.15167556756471628
20260921,1,0.25,rate,linear_ridge,dominance,relative,0.14954647222638948
20260921,1,0.25,rate,linear_ridge,valence,hybrid,0.008582719870302812
20260921,1,0.25,rate,linear_ridge,arousal,hybrid,0.152413533064591
20260921,1,0.25,rate,linear_ridge,dominance,hybrid,0.15146911683764167
20260921,1,0.25,rate,quadratic_ridge,valence,absolute,0.004515671861555528
20260921,1,0.25,rate,quadratic_ridge,arousal,absolute,0.165251812410604
20260921,1,0.25,rate,quadratic_ridge,dominance,absolute,0.16040249184825112
20260921,1,0.25,rate,quadratic_ridge,valence,relative,0.005506066817211058
20260921,1,0.25,rate,quadratic_ridge,arousal,relative,0.16735270367224356
20260921,1,0.25,rate,quadratic_ridge,dominance,relative,0.15734981614581278
20260921,1,0.25,rate,quadratic_ridge,valence,hybrid,0.00618959007749578
20260921,1,0.25,rate,quadratic_ridge,arousal,hybrid,0.16844202581380852
20260921,1,0.25,rate,quadratic_ridge,dominance,hybrid,0.1591026821703501
20260921,1,0.25,pitch_rate,linear_ridge,valence,absolute,0.004224858676655428
20260921,1,0.25,pitch_rate,linear_ridge,arousal,absolute,0.32837621271612305
20260921,1,0.25,pitch_rate,linear_ridge,dominance,absolute,0.19769426107527174
20260921,1,0.25,pitch_rate,linear_ridge,valence,relative,0.002002380705024294
20260921,1,0.25,pitch_rate,linear_ridge,arousal,relative,0.47402161040586704
20260921,1,0.25,pitch_rate,linear_ridge,dominance,relative,0.23634283006991277
20260921,1,0.25,pitch_rate,linear_ridge,valence,hybrid,0.0020923711978690254
20260921,1,0.25,pitch_rate,linear_ridge,arousal,hybrid,0.47552360943015015
20260921,1,0.25,pitch_rate,linear_ridge,dominance,hybrid,0.23870218371922527
20260921,1,0.25,pitch_rate,quadratic_ridge,valence,absolute,0.015520458648727125
20260921,1,0.25,pitch_rate,quadratic_ridge,arousal,absolute,0.25315439159885866
20260921,1,0.25,pitch_rate,quadratic_ridge,dominance,absolute,0.19561061122589404
20260921,1,0.25,pitch_rate,quadratic_ridge,valence,relative,0.021282647726236035
20260921,1,0.25,pitch_rate,quadratic_ridge,arousal,relative,0.49242252730491687
20260921,1,0.25,pitch_rate,quadratic_ridge,dominance,relative,0.24970743951693108
20260921,1,0.25,pitch_rate,quadratic_ridge,valence,hybrid,0.02646503950366064
20260921,1,0.25,pitch_rate,quadratic_ridge,arousal,hybrid,0.4397773120038141
20260921,1,0.25,pitch_rate,quadratic_ridge,dominance,hybrid,0.2526310185516158
20260921,1,0.5,pitch,linear_ridge,valence,absolute,-0.004179071404655594
20260921,1,0.5,pitch,linear_ridge,arousal,absolute,0.23069883756481124
20260921,1,0.5,pitch,linear_ridge,dominance,absolute,0.05951438931975393
20260921,1,0.5,pitch,linear_ridge,valence,relative,-0.007918766826795704
20260921,1,0.5,pitch,linear_ridge,arousal,relative,0.4176760241202813
20260921,1,0.5,pitch,linear_ridge,dominance,relative,0.13738081563395885
20260921,1,0.5,pitch,linear_ridge,valence,hybrid,-0.00787787917163955
20260921,1,0.5,pitch,linear_ridge,arousal,hybrid,0.41858224236733116
20260921,1,0.5,pitch,linear_ridge,dominance,hybrid,0.13739696381165056
20260921,1,0.5,pitch,quadratic_ridge,valence,absolute,0.0030848842935552023
20260921,1,0.5,pitch,quadratic_ridge,arousal,absolute,0.14726444993322813
20260921,1,0.5,pitch,quadratic_ridge,dominance,absolute,0.049752710475320885
20260921,1,0.5,pitch,quadratic_ridge,valence,relative,-0.002882292324904749
20260921,1,0.5,pitch,quadratic_ridge,arousal,relative,0.4179204760517945
20260921,1,0.5,pitch,quadratic_ridge,dominance,relative,0.13805071229541777
20260921,1,0.5,pitch,quadratic_ridge,valence,hybrid,-0.0004350353491695302
20260921,1,0.5,pitch,quadratic_ridge,arousal,hybrid,0.3709465308449067
20260921,1,0.5,pitch,quadratic_ridge,dominance,hybrid,0.13876002644649632
20260921,1,0.5,rate,linear_ridge,valence,absolute,0.007285951550478646
20260921,1,0.5,rate,linear_ridge,arousal,absolute,0.15512529736651862
20260921,1,0.5,rate,linear_ridge,dominance,absolute,0.15809258002453253
20260921,1,0.5,rate,linear_ridge,valence,relative,0.008387167062872186
20260921,1,0.5,rate,linear_ridge,arousal,relative,0.1515432690723525
20260921,1,0.5,rate,linear_ridge,dominance,relative,0.14632640952997011
20260921,1,0.5,rate,linear_ridge,valence,hybrid,0.008781824279345334
20260921,1,0.5,rate,linear_ridge,arousal,hybrid,0.1551187516515198
20260921,1,0.5,rate,linear_ridge,dominance,hybrid,0.15509635822755882
20260921,1,0.5,rate,quadratic_ridge,valence,absolute,0.0039092659899209094
20260921,1,0.5,rate,quadratic_ridge,arousal,absolute,0.16971908081346332
20260921,1,0.5,rate,quadratic_ridge,dominance,absolute,0.16567454756215105
20260921,1,0.5,rate,quadratic_ridge,valence,relative,0.0055946553795551465
20260921,1,0.5,rate,quadratic_ridge,arousal,relative,0.1665389610647586
20260921,1,0.5,rate,quadratic_ridge,dominance,relative,0.15293701959279252
20260921,1,0.5,rate,quadratic_ridge,valence,hybrid,0.007065621842977677
20260921,1,0.5,rate,quadratic_ridge,arousal,hybrid,0.17152655180759477
20260921,1,0.5,rate,quadratic_ridge,dominance,hybrid,0.16060200483575557
20260921,1,0.5,pitch_rate,linear_ridge,valence,absolute,0.003691564658537738
20260921,1,0.5,pitch_rate,linear_ridge,arousal,absolute,0.3319018167403989
20260921,1,0.5,pitch_rate,linear_ridge,dominance,absolute,0.19863784583597144
20260921,1,0.5,pitch_rate,linear_ridge,valence,relative,0.002009571923047252
20260921,1,0.5,pitch_rate,linear_ridge,arousal,relative,0.47316636312570426
20260921,1,0.5,pitch_rate,linear_ridge,dominance,relative,0.23164887246374258
20260921,1,0.5,pitch_rate,linear_ridge,valence,hybrid,0.0024170121004519485
20260921,1,0.5,pitch_rate,linear_ridge,arousal,hybrid,0.4771509146680215
20260921,1,0.5,pitch_rate,linear_ridge,dominance,hybrid,0.24033724448162075
20260921,1,0.5,pitch_rate,quadratic_ridge,valence,absolute,0.015255653496165913
20260921,1,0.5,pitch_rate,quadratic_ridge,arousal,absolute,0.25443788204785817
20260921,1,0.5,pitch_rate,quadratic_ridge,dominance,absolute,0.19895471020921632
20260921,1,0.5,pitch_rate,quadratic_ridge,valence,relative,0.021611075267505615
20260921,1,0.5,pitch_rate,quadratic_ridge,arousal,relative,0.4912794545474002
20260921,1,0.5,pitch_rate,quadratic_ridge,dominance,relative,0.24352351162275246
20260921,1,0.5,pitch_rate,quadratic_ridge,valence,hybrid,0.026312703380971254
20260921,1,0.5,pitch_rate,quadratic_ridge,arousal,hybrid,0.4262012615169988
20260921,1,0.5,pitch_rate,quadratic_ridge,dominance,hybrid,0.26744974313218994
20260921,1,0.75,pitch,linear_ridge,valence,absolute,-0.004148339189989014
20260921,1,0.75,pitch,linear_ridge,arousal,absolute,0.22962696286720533
20260921,1,0.75,pitch,linear_ridge,dominance,absolute,0.05076688865518566
20260921,1,0.75,pitch,linear_ridge,valence,relative,-0.007833380134372833
20260921,1,0.75,pitch,linear_ridge,arousal,relative,0.4160894032491196
20260921,1,0.75,pitch,linear_ridge,dominance,relative,0.13237318424417333
20260921,1,0.75,pitch,linear_ridge,valence,hybrid,-0.007688318439714845
20260921,1,0.75,pitch,linear_ridge,arousal,hybrid,0.41725899006253375
20260921,1,0.75,pitch,linear_ridge,dominance,hybrid,0.13265380996281104
20260921,1,0.75,pitch,quadratic_ridge,valence,absolute,0.003055510646105874
20260921,1,0.75,pitch,quadratic_ridge,arousal,absolute,0.14289215995988347
20260921,1,0.75,pitch,quadratic_ridge,dominance,absolute,0.04124895395674203
20260921,1,0.75,pitch,quadratic_ridge,valence,relative,-0.002794642964983365
20260921,1,0.75,pitch,quadratic_ridge,arousal,relative,0.4164345069014034
20260921,1,0.75,pitch,quadratic_ridge,dominance,relative,0.1331928889109499
20260921,1,0.75,pitch,quadratic_ridge,valence,hybrid,-0.0006014153440337452
20260921,1,0.75,pitch,quadratic_ridge,arousal,hybrid,0.3721263634321867
20260921,1,0.75,pitch,quadratic_ridge,dominance,hybrid,0.14913309441642103
20260921,1,0.75,rate,linear_ridge,valence,absolute,0.006787757499699409
20260921,1,0.75,rate,linear_ridge,arousal,absolute,0.15875555481325238
20260921,1,0.75,rate,linear_ridge,dominance,absolute,0.1598916421580926
20260921,1,0.75,rate,linear_ridge,valence,relative,0.008294348061047861
20260921,1,0.75,rate,linear_ridge,arousal,relative,0.15109828463099106
20260921,1,0.75,rate,linear_ridge,dominance,relative,0.14077577719372164
20260921,1,0.75,rate,linear_ridge,valence,hybrid,0.009121011494515078
20260921,1,0.75,rate,linear_ridge,arousal,hybrid,0.15957710187566168
20260921,1,0.75,rate,linear_ridge,dominance,hybrid,0.16055978755953154
20260921,1,0.75,rate,quadratic_ridge,valence,absolute,0.0033039929066545734
20260921,1,0.75,rate,quadratic_ridge,arousal,absolute,0.17385940394626048
20260921,1,0.75,rate,quadratic_ridge,dominance,absolute,0.16784658746019582
20260921,1,0.75,rate,quadratic_ridge,valence,relative,0.005675879269566662
20260921,1,0.75,rate,quadratic_ridge,arousal,relative,0.16540444621222566
20260921,1,0.75,rate,quadratic_ridge,dominance,relative,0.14621184271048288
20260921,1,0.75,rate,quadratic_ridge,valence,hybrid,0.008509619598107592
20260921,1,0.75,rate,quadratic_ridge,arousal,hybrid,0.17655149190795136
20260921,1,0.75,rate,quadratic_ridge,dominance,hybrid,0.16294536230266396
20260921,1,0.75,pitch_rate,linear_ridge,valence,absolute,0.0031839647549446438
20260921,1,0.75,pitch_rate,linear_ridge,arousal,absolute,0.3349329370947718
20260921,1,0.75,pitch_rate,linear_ridge,dominance,absolute,0.19618531252028956
20260921,1,0.75,pitch_rate,linear_ridge,valence,relative,0.002012951744412114
20260921,1,0.75,pitch_rate,linear_ridge,arousal,relative,0.47150844023177546
20260921,1,0.75,pitch_rate,linear_ridge,dominance,relative,0.22343598618763472
20260921,1,0.75,pitch_rate,linear_ridge,valence,hybrid,0.0029310400418399744
20260921,1,0.75,pitch_rate,linear_ridge,arousal,hybrid,0.47933046765144766
20260921,1,0.75,pitch_rate,linear_ridge,dominance,hybrid,0.24210790459339174
20260921,1,0.75,pitch_rate,quadratic_ridge,valence,absolute,0.014978702433196243
20260921,1,0.75,pitch_rate,quadratic_ridge,arousal,absolute,0.25539983886756473
20260921,1,0.75,pitch_rate,quadratic_ridge,dominance,absolute,0.1991920633097697
20260921,1,0.75,pitch_rate,quadratic_ridge,valence,relative,0.021899920176300103
20260921,1,0.75,pitch_rate,quadratic_ridge,arousal,relative,0.4893248131197162
20260921,1,0.75,pitch_rate,quadratic_ridge,dominance,relative,0.23378733761307055
20260921,1,0.75,pitch_rate,quadratic_ridge,valence,hybrid,0.025300843406509645
20260921,1,0.75,pitch_rate,quadratic_ridge,arousal,hybrid,0.4061749088853781
20260921,1,0.75,pitch_rate,quadratic_ridge,dominance,hybrid,0.28866239246165143
20260921,1,1.0,pitch,linear_ridge,valence,absolute,-0.004088117133590133
20260921,1,1.0,pitch,linear_ridge,arousal,absolute,0.2280819560398701
20260921,1,1.0,pitch,linear_ridge,dominance,absolute,0.04193012525564455
20260921,1,1.0,pitch,linear_ridge,valence,relative,-0.007733278665013251
20260921,1,1.0,pitch,linear_ridge,arousal,relative,0.4138057326281752
20260921,1,1.0,pitch,linear_ridge,dominance,relative,0.12568948446584635
20260921,1,1.0,pitch,linear_ridge,valence,hybrid,-0.007440105418518483
20260921,1,1.0,pitch,linear_ridge,arousal,hybrid,0.415223787916683
20260921,1,1.0,pitch,linear_ridge,dominance,hybrid,0.1265553387368585
20260921,1,1.0,pitch,quadratic_ridge,valence,absolute,0.003034212324771475
20260921,1,1.0,pitch,quadratic_ridge,arousal,absolute,0.1382316903369193
20260921,1,1.0,pitch,quadratic_ridge,dominance,absolute,0.03316906732440531
20260921,1,1.0,pitch,quadratic_ridge,valence,relative,-0.00270219944189537
20260921,1,1.0,pitch,quadratic_ridge,arousal,relative,0.4142526489080346
20260921,1,1.0,pitch,quadratic_ridge,dominance,relative,0.1266241855220615
20260921,1,1.0,pitch,quadratic_ridge,valence,hybrid,-0.0009389576760823883
20260921,1,1.0,pitch,quadratic_ridge,arousal,hybrid,0.37395530293149937
20260921,1,1.0,pitch,quadratic_ridge,dominance,hybrid,0.16195673132454075
20260921,1,1.0,rate,linear_ridge,valence,absolute,0.006286756413132289
20260921,1,1.0,rate,linear_ridge,arousal,absolute,0.16207105296198793
20260921,1,1.0,rate,linear_ridge,dominance,absolute,0.1590148472399993
20260921,1,1.0,rate,linear_ridge,valence,relative,0.008186318057250643
20260921,1,1.0,rate,linear_ridge,arousal,relative,0.15035362736460633
20260921,1,1.0,rate,linear_ridge,dominance,relative,0.1334536490335615
20260921,1,1.0,rate,linear_ridge,valence,hybrid,0.00959616056263431
20260921,1,1.0,rate,linear_ridge,arousal,hybrid,0.16569540739705274
20260921,1,1.0,rate,linear_ridge,dominance,hybrid,0.16731387110836257
20260921,1,1.0,rate,quadratic_ridge,valence,absolute,0.0027033538495652124
20260921,1,1.0,rate,quadratic_ridge,arousal,absolute,0.17766072179235404
20260921,1,1.0,rate,quadratic_ridge,dominance,absolute,0.16720447476888445
20260921,1,1.0,rate,quadratic_ridge,valence,relative,0.005749318530289898
20260921,1,1.0,rate,quadratic_ridge,arousal,relative,0.1639632820810423
20260921,1,1.0,rate,quadratic_ridge,dominance,relative,0.13778424438541428
20260921,1,1.0,rate,quadratic_ridge,valence,hybrid,0.010504982629590879
20260921,1,1.0,rate,quadratic_ridge,arousal,hybrid,0.1833958395217454
20260921,1,1.0,rate,quadratic_ridge,dominance,hybrid,0.16589223592504185
20260921,1,1.0,pitch_rate,linear_ridge,valence,absolute,0.0027044978890001345
20260921,1,1.0,pitch_rate,linear_ridge,arousal,absolute,0.3374037904413607
20260921,1,1.0,pitch_rate,linear_ridge,dominance,absolute,0.19075123764536497
20260921,1,1.0,pitch_rate,linear_ridge,valence,relative,0.0020125362930479024
20260921,1,1.0,pitch_rate,linear_ridge,arousal,relative,0.46907537043851
20260921,1,1.0,pitch_rate,linear_ridge,dominance,relative,0.2124989035125319
20260921,1,1.0,pitch_rate,linear_ridge,valence,hybrid,0.003629816627626374
20260921,1,1.0,pitch_rate,linear_ridge,arousal,hybrid,0.48203552420156137
20260921,1,1.0,pitch_rate,linear_ridge,dominance,hybrid,0.24387427865442265
20260921,1,1.0,pitch_rate,quadratic_ridge,valence,absolute,0.014691065203661138
20260921,1,1.0,pitch_rate,quadratic_ridge,arousal,absolute,0.2560030689363534
20260921,1,1.0,pitch_rate,quadratic_ridge,dominance,absolute,0.19659299901330898
20260921,1,1.0,pitch_rate,quadratic_ridge,valence,relative,0.022147843197558394
20260921,1,1.0,pitch_rate,quadratic_ridge,arousal,relative,0.4865855409832637
20260921,1,1.0,pitch_rate,quadratic_ridge,dominance,relative,0.2213588743219809
20260921,1,1.0,pitch_rate,quadratic_ridge,valence,hybrid,0.023447240948971416
20260921,1,1.0,pitch_rate,quadratic_ridge,arousal,hybrid,0.38389094463501916
20260921,1,1.0,pitch_rate,quadratic_ridge,dominance,hybrid,0.3128768868019031
20260921,2,0.0,pitch,linear_ridge,valence,absolute,0.00031498303511557805
20260921,2,0.0,pitch,linear_ridge,arousal,absolute,0.26271472388734896
20260921,2,0.0,pitch,linear_ridge,dominance,absolute,0.08700233733934983
20260921,2,0.0,pitch,linear_ridge,valence,relative,0.0006539188490483961
20260921,2,0.0,pitch,linear_ridge,arousal,relative,0.4621168162326987
20260921,2,0.0,pitch,linear_ridge,dominance,relative,0.1711461940128158
20260921,2,0.0,pitch,linear_ridge,valence,hybrid,0.00065426942911327
20260921,2,0.0,pitch,linear_ridge,arousal,hybrid,0.4630192244326456
20260921,2,0.0,pitch,linear_ridge,dominance,hybrid,0.1713230934665925
20260921,2,0.0,pitch,quadratic_ridge,valence,absolute,-0.0005577925681598087
20260921,2,0.0,pitch,quadratic_ridge,arousal,absolute,0.2173565110110275
20260921,2,0.0,pitch,quadratic_ridge,dominance,absolute,0.06396267263115953
20260921,2,0.0,pitch,quadratic_ridge,valence,relative,0.006211228458815477
20260921,2,0.0,pitch,quadratic_ridge,arousal,relative,0.463893665011356
20260921,2,0.0,pitch,quadratic_ridge,dominance,relative,0.1695115673623919
20260921,2,0.0,pitch,quadratic_ridge,valence,hybrid,-0.0005509430957990211
20260921,2,0.0,pitch,quadratic_ridge,arousal,hybrid,0.436940760033773
20260921,2,0.0,pitch,quadratic_ridge,dominance,hybrid,0.13600264136916723
20260921,2,0.0,rate,linear_ridge,valence,absolute,0.01033623362253705
20260921,2,0.0,rate,linear_ridge,arousal,absolute,0.125124024851449
20260921,2,0.0,rate,linear_ridge,dominance,absolute,0.16118123970011003
20260921,2,0.0,rate,linear_ridge,valence,relative,0.010708375387905771
20260921,2,0.0,rate,linear_ridge,arousal,relative,0.12909572937483618
20260921,2,0.0,rate,linear_ridge,dominance,relative,0.1664063115479942
20260921,2,0.0,rate,linear_ridge,valence,hybrid,0.010711770029698982
20260921,2,0.0,rate,linear_ridge,arousal,hybrid,0.12912943622290898
20260921,2,0.0,rate,linear_ridge,dominance,hybrid,0.1664516289802037
20260921,2,0.0,rate,quadratic_ridge,valence,absolute,0.013457798501347517
20260921,2,0.0,rate,quadratic_ridge,arousal,absolute,0.13490382132283624
20260921,2,0.0,rate,quadratic_ridge,dominance,absolute,0.16656533050877517
20260921,2,0.0,rate,quadratic_ridge,valence,relative,0.014221261537136569
20260921,2,0.0,rate,quadratic_ridge,arousal,relative,0.13544326789721461
20260921,2,0.0,rate,quadratic_ridge,dominance,relative,0.16986895763714244
20260921,2,0.0,rate,quadratic_ridge,valence,hybrid,0.01361328832660228
20260921,2,0.0,rate,quadratic_ridge,arousal,hybrid,0.1357878032830296
20260921,2,0.0,rate,quadratic_ridge,dominance,hybrid,0.16755799432573296
20260921,2,0.0,pitch_rate,linear_ridge,valence,absolute,0.010056860976962964
20260921,2,0.0,pitch_rate,linear_ridge,arousal,absolute,0.3295387283822193
20260921,2,0.0,pitch_rate,linear_ridge,dominance,absolute,0.2185826032603031
20260921,2,0.0,pitch_rate,linear_ridge,valence,relative,0.009737392871552458
20260921,2,0.0,pitch_rate,linear_ridge,arousal,relative,0.4933977778469044
20260921,2,0.0,pitch_rate,linear_ridge,dominance,relative,0.27190756589147946
20260921,2,0.0,pitch_rate,linear_ridge,valence,hybrid,0.009747588415425478
20260921,2,0.0,pitch_rate,linear_ridge,arousal,hybrid,0.49427135342465917
20260921,2,0.0,pitch_rate,linear_ridge,dominance,hybrid,0.2722549598744719
20260921,2,0.0,pitch_rate,quadratic_ridge,valence,absolute,0.011549215630211489
20260921,2,0.0,pitch_rate,quadratic_ridge,arousal,absolute,0.29114080626444466
20260921,2,0.0,pitch_rate,quadratic_ridge,dominance,absolute,0.20020811470712355
20260921,2,0.0,pitch_rate,quadratic_ridge,valence,relative,0.034754999279167885
20260921,2,0.0,pitch_rate,quadratic_ridge,arousal,relative,0.5109216246622396
20260921,2,0.0,pitch_rate,quadratic_ridge,dominance,relative,0.28619683321792866
20260921,2,0.0,pitch_rate,quadratic_ridge,valence,hybrid,0.025361120250869323
20260921,2,0.0,pitch_rate,quadratic_ridge,arousal,hybrid,0.49224029053178514
20260921,2,0.0,pitch_rate,quadratic_ridge,dominance,hybrid,0.26070083836542685
20260921,2,0.25,pitch,linear_ridge,valence,absolute,0.0009993872629084275
20260921,2,0.25,pitch,linear_ridge,arousal,absolute,0.2607680850634761
20260921,2,0.25,pitch,linear_ridge,dominance,absolute,0.09009289582946876
20260921,2,0.25,pitch,linear_ridge,valence,relative,0.0006172171324776987
20260921,2,0.25,pitch,linear_ridge,arousal,relative,0.45845923247576875
20260921,2,0.25,pitch,linear_ridge,dominance,relative,0.17103510325534957
20260921,2,0.25,pitch,linear_ridge,valence,hybrid,0.000647842210435506
20260921,2,0.25,pitch,linear_ridge,arousal,hybrid,0.4592070198651807
20260921,2,0.25,pitch,linear_ridge,dominance,hybrid,0.17110221816537946
20260921,2,0.25,pitch,quadratic_ridge,valence,absolute,0.00015612324316070813
20260921,2,0.25,pitch,quadratic_ridge,arousal,absolute,0.21292785499453562
20260921,2,0.25,pitch,quadratic_ridge,dominance,absolute,0.06564339492958095
20260921,2,0.25,pitch,quadratic_ridge,valence,relative,0.0061325187135390195
20260921,2,0.25,pitch,quadratic_ridge,arousal,relative,0.46003185415634856
20260921,2,0.25,pitch,quadratic_ridge,dominance,relative,0.16893480664879615
20260921,2,0.25,pitch,quadratic_ridge,valence,hybrid,-0.0004884517710646571
20260921,2,0.25,pitch,quadratic_ridge,arousal,hybrid,0.4296105737270848
20260921,2,0.25,pitch,quadratic_ridge,dominance,hybrid,0.13536031681468355
20260921,2,0.25,rate,linear_ridge,valence,absolute,0.010137364112598713
20260921,2,0.25,rate,linear_ridge,arousal,absolute,0.130595650604881
20260921,2,0.25,rate,linear_ridge,dominance,absolute,0.1640960272826089
20260921,2,0.25,rate,linear_ridge,valence,relative,0.010678234667963929
20260921,2,0.25,rate,linear_ridge,arousal,relative,0.1287174367265332
20260921,2,0.25,rate,linear_ridge,dominance,relative,0.16611972051765023
20260921,2,0.25,rate,linear_ridge,valence,hybrid,0.010705359663256218
20260921,2,0.25,rate,linear_ridge,arousal,hybrid,0.12971197622432815
20260921,2,0.25,rate,linear_ridge,dominance,hybrid,0.16619546707299016
20260921,2,0.25,rate,quadratic_ridge,valence,absolute,0.013264382358144106
20260921,2,0.25,rate,quadratic_ridge,arousal,absolute,0.14152895218279163
20260921,2,0.25,rate,quadratic_ridge,dominance,absolute,0.16972921106288558
20260921,2,0.25,rate,quadratic_ridge,valence,relative,0.014320723904101938
20260921,2,0.25,rate,quadratic_ridge,arousal,relative,0.13451660148348765
20260921,2,0.25,rate,quadratic_ridge,dominance,relative,0.16941940181801035
20260921,2,0.25,rate,quadratic_ridge,valence,hybrid,0.01366104149125647
20260921,2,0.25,rate,quadratic_ridge,arousal,hybrid,0.1365609376964198
20260921,2,0.25,rate,quadratic_ridge,dominance,hybrid,0.167243585152515
20260921,2,0.25,pitch_rate,linear_ridge,valence,absolute,0.010457996662529872
20260921,2,0.25,pitch_rate,linear_ridge,arousal,absolute,0.3298895634550062
20260921,2,0.25,pitch_rate,linear_ridge,dominance,absolute,0.22122923618396484
20260921,2,0.25,pitch_rate,linear_ridge,valence,relative,0.009679686187545347
20260921,2,0.25,pitch_rate,linear_ridge,arousal,relative,0.490137363127861
20260921,2,0.25,pitch_rate,linear_ridge,dominance,relative,0.2719102440439988
20260921,2,0.25,pitch_rate,linear_ridge,valence,hybrid,0.009761301101674419
20260921,2,0.25,pitch_rate,linear_ridge,arousal,hybrid,0.49180544126216835
20260921,2,0.25,pitch_rate,linear_ridge,dominance,hybrid,0.2719120123236038
20260921,2,0.25,pitch_rate,quadratic_ridge,valence,absolute,0.011933587345283122
20260921,2,0.25,pitch_rate,quadratic_ridge,arousal,absolute,0.29007043720083614
20260921,2,0.25,pitch_rate,quadratic_ridge,dominance,absolute,0.2028473890590666
20260921,2,0.25,pitch_rate,quadratic_ridge,valence,relative,0.034826942294702484
20260921,2,0.25,pitch_rate,quadratic_ridge,arousal,relative,0.5075364803736149
20260921,2,0.25,pitch_rate,quadratic_ridge,dominance,relative,0.28566537630119626
20260921,2,0.25,pitch_rate,quadratic_ridge,valence,hybrid,0.02541240038618896
20260921,2,0.25,pitch_rate,quadratic_ridge,arousal,hybrid,0.48084129696666833
20260921,2,0.25,pitch_rate,quadratic_ridge,dominance,hybrid,0.2591245471760177
20260921,2,0.5,pitch,linear_ridge,valence,absolute,0.0016826315653008894
20260921,2,0.5,pitch,linear_ridge,arousal,absolute,0.25600083471348695
20260921,2,0.5,pitch,linear_ridge,dominance,absolute,0.09228037009598
20260921,2,0.5,pitch,linear_ridge,valence,relative,0.0005804500327677062
20260921,2,0.5,pitch,linear_ridge,arousal,relative,0.45066471824809207
20260921,2,0.5,pitch,linear_ridge,dominance,relative,0.169952713413176
20260921,2,0.5,pitch,linear_ridge,valence,hybrid,0.0006373895112574364
20260921,2,0.5,pitch,linear_ridge,arousal,hybrid,0.44971087224113465
20260921,2,0.5,pitch,linear_ridge,dominance,hybrid,0.16914251439497374
20260921,2,0.5,pitch,quadratic_ridge,valence,absolute,0.0008690098886892837
20260921,2,0.5,pitch,quadratic_ridge,arousal,absolute,0.20623559382966056
20260921,2,0.5,pitch,quadratic_ridge,dominance,absolute,0.06669142897870958
20260921,2,0.5,pitch,quadratic_ridge,valence,relative,0.006053395450904933
20260921,2,0.5,pitch,quadratic_ridge,arousal,relative,0.4520752659660743
20260921,2,0.5,pitch,quadratic_ridge,dominance,relative,0.16737768335843634
20260921,2,0.5,pitch,quadratic_ridge,valence,hybrid,-0.00043532321488498426
20260921,2,0.5,pitch,quadratic_ridge,arousal,hybrid,0.41346745120530287
20260921,2,0.5,pitch,quadratic_ridge,dominance,hybrid,0.13290626293136446
20260921,2,0.5,rate,linear_ridge,valence,absolute,0.009938477278920685
20260921,2,0.5,rate,linear_ridge,arousal,absolute,0.13455406563396358
20260921,2,0.5,rate,linear_ridge,dominance,absolute,0.16604689998664157
20260921,2,0.5,rate,linear_ridge,valence,relative,0.010647704798209808
20260921,2,0.5,rate,linear_ridge,arousal,relative,0.12689126726920386
20260921,2,0.5,rate,linear_ridge,dominance,relative,0.16488375327616375
20260921,2,0.5,rate,linear_ridge,valence,hybrid,0.01070975900508411
20260921,2,0.5,rate,linear_ridge,arousal,hybrid,0.13190155160650022
20260921,2,0.5,rate,linear_ridge,dominance,hybrid,0.16568967721938513
20260921,2,0.5,rate,quadratic_ridge,valence,absolute,0.013070819650193693
20260921,2,0.5,rate,quadratic_ridge,arousal,absolute,0.14654629728080745
20260921,2,0.5,rate,quadratic_ridge,dominance,absolute,0.17190420685067556
20260921,2,0.5,rate,quadratic_ridge,valence,relative,0.014419628432553152
20260921,2,0.5,rate,quadratic_ridge,arousal,relative,0.1321163004534202
20260921,2,0.5,rate,quadratic_ridge,dominance,relative,0.1680089975038498
20260921,2,0.5,rate,quadratic_ridge,valence,hybrid,0.01373754994863661
20260921,2,0.5,rate,quadratic_ridge,arousal,hybrid,0.13849337211253038
20260921,2,0.5,rate,quadratic_ridge,dominance,hybrid,0.16669581583201498
20260921,2,0.5,pitch_rate,linear_ridge,valence,absolute,0.010858172600431213
20260921,2,0.5,pitch_rate,linear_ridge,arousal,absolute,0.32657990487704325
20260921,2,0.5,pitch_rate,linear_ridge,dominance,absolute,0.2220873201595306
20260921,2,0.5,pitch_rate,linear_ridge,valence,relative,0.00962156351267293
20260921,2,0.5,pitch_rate,linear_ridge,arousal,relative,0.4824980648785015
20260921,2,0.5,pitch_rate,linear_ridge,dominance,relative,0.27042816857645585
20260921,2,0.5,pitch_rate,linear_ridge,valence,hybrid,0.009779295672497612
20260921,2,0.5,pitch_rate,linear_ridge,arousal,hybrid,0.48588825483931686
20260921,2,0.5,pitch_rate,linear_ridge,dominance,hybrid,0.2692074226835265
20260921,2,0.5,pitch_rate,quadratic_ridge,valence,absolute,0.012316195500498017
20260921,2,0.5,pitch_rate,quadratic_ridge,arousal,absolute,0.28570703896706273
20260921,2,0.5,pitch_rate,quadratic_ridge,dominance,absolute,0.2038623914880295
20260921,2,0.5,pitch_rate,quadratic_ridge,valence,relative,0.03489710757914612
20260921,2,0.5,pitch_rate,quadratic_ridge,arousal,relative,0.49988476838795853
20260921,2,0.5,pitch_rate,quadratic_ridge,dominance,relative,0.2835737215436246
20260921,2,0.5,pitch_rate,quadratic_ridge,valence,hybrid,0.025430621909424335
20260921,2,0.5,pitch_rate,quadratic_ridge,arousal,hybrid,0.45339109726508814
20260921,2,0.5,pitch_rate,quadratic_ridge,dominance,hybrid,0.2516393240128144
20260921,2,0.75,pitch,linear_ridge,valence,absolute,0.0023645760356761133
20260921,2,0.75,pitch,linear_ridge,arousal,absolute,0.2490385612849291
20260921,2,0.75,pitch,linear_ridge,dominance,absolute,0.09360320861638895
20260921,2,0.75,pitch,linear_ridge,valence,relative,0.0005435922777515313
20260921,2,0.75,pitch,linear_ridge,arousal,relative,0.4390140435835682
20260921,2,0.75,pitch,linear_ridge,dominance,relative,0.16792684771674768
20260921,2,0.75,pitch,linear_ridge,valence,hybrid,0.0006229076451289453
20260921,2,0.75,pitch,linear_ridge,arousal,hybrid,0.4351163107370246
20260921,2,0.75,pitch,linear_ridge,dominance,hybrid,0.16556153686065167
20260921,2,0.75,pitch,quadratic_ridge,valence,absolute,0.0015807021082417307
20260921,2,0.75,pitch,quadratic_ridge,arousal,absolute,0.1978712326838693
20260921,2,0.75,pitch,quadratic_ridge,dominance,absolute,0.0671423551429236
20260921,2,0.75,pitch,quadratic_ridge,valence,relative,0.005973845693041386
20260921,2,0.75,pitch,quadratic_ridge,arousal,relative,0.4402888609633001
20260921,2,0.75,pitch,quadratic_ridge,dominance,relative,0.1648742391293547
20260921,2,0.75,pitch,quadratic_ridge,valence,hybrid,-0.0003915974268917688
20260921,2,0.75,pitch,quadratic_ridge,arousal,hybrid,0.3894863618652849
20260921,2,0.75,pitch,quadratic_ridge,dominance,hybrid,0.12876807395567894
20260921,2,0.75,rate,linear_ridge,valence,absolute,0.009739557995808033
20260921,2,0.75,rate,linear_ridge,arousal,absolute,0.13694181827788737
20260921,2,0.75,rate,linear_ridge,dominance,absolute,0.16702645732237786
20260921,2,0.75,rate,linear_ridge,valence,relative,0.010616774747895288
20260921,2,0.75,rate,linear_ridge,arousal,relative,0.12374681155765277
20260921,2,0.75,rate,linear_ridge,dominance,relative,0.1627407470074391
20260921,2,0.75,rate,linear_ridge,valence,hybrid,0.010724954166673108
20260921,2,0.75,rate,linear_ridge,arousal,hybrid,0.13555016962747565
20260921,2,0.75,rate,linear_ridge,dominance,hybrid,0.16494619462914534
20260921,2,0.75,rate,quadratic_ridge,valence,absolute,0.012877070386730574
20260921,2,0.75,rate,quadratic_ridge,arousal,absolute,0.14987057039506574
20260921,2,0.75,rate,quadratic_ridge,dominance,absolute,0.17308182571662367
20260921,2,0.75,rate,quadratic_ridge,valence,relative,0.014518056343364533
20260921,2,0.75,rate,quadratic_ridge,arousal,relative,0.12839062963265074
20260921,2,0.75,rate,quadratic_ridge,dominance,relative,0.16568148878523611
20260921,2,0.75,rate,quadratic_ridge,valence,hybrid,0.013842728801921543
20260921,2,0.75,rate,quadratic_ridge,arousal,hybrid,0.14146829750312903
20260921,2,0.75,rate,quadratic_ridge,dominance,hybrid,0.1659278091328372
20260921,2,0.75,pitch_rate,linear_ridge,valence,absolute,0.011257285498177548
20260921,2,0.75,pitch_rate,linear_ridge,arousal,absolute,0.32026382980967716
20260921,2,0.75,pitch_rate,linear_ridge,dominance,absolute,0.2212952039856164
20260921,2,0.75,pitch_rate,linear_ridge,valence,relative,0.009563021404113706
20260921,2,0.75,pitch_rate,linear_ridge,arousal,relative,0.4707654293496861
20260921,2,0.75,pitch_rate,linear_ridge,dominance,relative,0.26750288181447657
20260921,2,0.75,pitch_rate,linear_ridge,valence,hybrid,0.00980158032093265
20260921,2,0.75,pitch_rate,linear_ridge,arousal,hybrid,0.4768834921662475
20260921,2,0.75,pitch_rate,linear_ridge,dominance,hybrid,0.26432274320032
20260921,2,0.75,pitch_rate,quadratic_ridge,valence,absolute,0.012696904468186745
20260921,2,0.75,pitch_rate,quadratic_ridge,arousal,absolute,0.2786501657001679
20260921,2,0.75,pitch_rate,quadratic_ridge,dominance,absolute,0.20336781201859516
20260921,2,0.75,pitch_rate,quadratic_ridge,valence,relative,0.034965632389895876
20260921,2,0.75,pitch_rate,quadratic_ridge,arousal,relative,0.48821645663112145
20260921,2,0.75,pitch_rate,quadratic_ridge,dominance,relative,0.27996382361963457
20260921,2,0.75,pitch_rate,quadratic_ridge,valence,hybrid,0.025416367855773288
20260921,2,0.75,pitch_rate,quadratic_ridge,arousal,hybrid,0.41204101822734435
20260921,2,0.75,pitch_rate,quadratic_ridge,dominance,hybrid,0.23956433634559524
20260921,2,1.0,pitch,linear_ridge,valence,absolute,0.003045086217365258
20260921,2,1.0,pitch,linear_ridge,arousal,absolute,0.2404967204846038
20260921,2,1.0,pitch,linear_ridge,dominance,absolute,0.09413466788498895
20260921,2,1.0,pitch,linear_ridge,valence,relative,0.0005066884718590642
20260921,2,1.0,pitch,linear_ridge,arousal,relative,0.4239877920401705
20260921,2,1.0,pitch,linear_ridge,dominance,relative,0.165019782940593
20260921,2,1.0,pitch,linear_ridge,valence,hybrid,0.0006044281970192234
20260921,2,1.0,pitch,linear_ridge,arousal,hybrid,0.4163644826233094
20260921,2,1.0,pitch,linear_ridge,dominance,hybrid,0.16057217581858546
20260921,2,1.0,pitch,quadratic_ridge,valence,absolute,0.00229101120978534
20260921,2,1.0,pitch,quadratic_ridge,arousal,absolute,0.1883965099528
20260921,2,1.0,pitch,quadratic_ridge,dominance,absolute,0.06705462297436254
20260921,2,1.0,pitch,quadratic_ridge,valence,relative,0.005893868896971444
20260921,2,1.0,pitch,quadratic_ridge,arousal,relative,0.4251366842589794
20260921,2,1.0,pitch,quadratic_ridge,dominance,relative,0.16149497528898524
20260921,2,1.0,pitch,quadratic_ridge,valence,hybrid,-0.000357366855597548
20260921,2,1.0,pitch,quadratic_ridge,arousal,hybrid,0.35912697381634684
20260921,2,1.0,pitch,quadratic_ridge,dominance,hybrid,0.12315933358496235
20260921,2,1.0,rate,linear_ridge,valence,absolute,0.009540695130657837
20260921,2,1.0,rate,linear_ridge,arousal,absolute,0.13780953892194883
20260921,2,1.0,rate,linear_ridge,dominance,absolute,0.16706443327762258
20260921,2,1.0,rate,linear_ridge,valence,relative,0.010585454199247744
20260921,2,1.0,rate,linear_ridge,arousal,relative,0.11948856823125263
20260921,2,1.0,rate,linear_ridge,dominance,relative,0.1597646636964701
20260921,2,1.0,rate,linear_ridge,valence,hybrid,0.010750953984696974
20260921,2,1.0,rate,linear_ridge,arousal,hybrid,0.14043356487704486
20260921,2,1.0,rate,linear_ridge,dominance,hybrid,0.16398762729644495
20260921,2,1.0,rate,quadratic_ridge,valence,absolute,0.012683239775259595
20260921,2,1.0,rate,quadratic_ridge,arousal,absolute,0.15153248125563762
20260921,2,1.0,rate,quadratic_ridge,dominance,absolute,0.1732889783994287
20260921,2,1.0,rate,quadratic_ridge,valence,relative,0.014615971139211653
20260921,2,1.0,rate,quadratic_ridge,arousal,relative,0.12356027955437592
20260921,2,1.0,rate,quadratic_ridge,dominance,relative,0.16251479491611825
20260921,2,1.0,rate,quadratic_ridge,valence,hybrid,0.013976226432657756
20260921,2,1.0,rate,quadratic_ridge,arousal,hybrid,0.14531722649956783
20260921,2,1.0,rate,quadratic_ridge,dominance,hybrid,0.1649657617249621
20260921,2,1.0,pitch_rate,linear_ridge,valence,absolute,0.01165526663416447
20260921,2,1.0,pitch_rate,linear_ridge,arousal,absolute,0.3116352664933812
20260921,2,1.0,pitch_rate,linear_ridge,dominance,absolute,0.21904773428099966
20260921,2,1.0,pitch_rate,linear_ridge,valence,relative,0.009504097217227926
20260921,2,1.0,pitch_rate,linear_ridge,arousal,relative,0.45543470129628794
20260921,2,1.0,pitch_rate,linear_ridge,dominance,relative,0.26322668885481415
20260921,2,1.0,pitch_rate,linear_ridge,valence,hybrid,0.009828067711029034
20260921,2,1.0,pitch_rate,linear_ridge,arousal,hybrid,0.46537743246959756
20260921,2,1.0,pitch_rate,linear_ridge,dominance,hybrid,0.2575777313897599
20260921,2,1.0,pitch_rate,quadratic_ridge,valence,absolute,0.013075598568236575
20260921,2,1.0,pitch_rate,quadratic_ridge,arousal,absolute,0.2695417137212486
20260921,2,1.0,pitch_rate,quadratic_ridge,dominance,absolute,0.20152926308128408
20260921,2,1.0,pitch_rate,quadratic_ridge,valence,relative,0.035032515700083776
20260921,2,1.0,pitch_rate,quadratic_ridge,arousal,relative,0.4729813625235028
20260921,2,1.0,pitch_rate,quadratic_ridge,dominance,relative,0.27493407277821996
20260921,2,1.0,pitch_rate,quadratic_ridge,valence,hybrid,0.025369354388025598
20260921,2,1.0,pitch_rate,quadratic_ridge,arousal,hybrid,0.35985350343852807
20260921,2,1.0,pitch_rate,quadratic_ridge,dominance,hybrid,0.22470120260573923
20260921,3,0.0,pitch,linear_ridge,valence,absolute,0.00036487651101326646
20260921,3,0.0,pitch,linear_ridge,arousal,absolute,0.17083494362968527
20260921,3,0.0,pitch,linear_ridge,dominance,absolute,0.07711973843591668
20260921,3,0.0,pitch,linear_ridge,valence,relative,0.0006433091844669638
20260921,3,0.0,pitch,linear_ridge,arousal,relative,0.3155895553633117
20260921,3,0.0,pitch,linear_ridge,dominance,relative,0.13872648152057993
20260921,3,0.0,pitch,linear_ridge,valence,hybrid,0.0006448709074509354
20260921,3,0.0,pitch,linear_ridge,arousal,hybrid,0.31620196869158834
20260921,3,0.0,pitch,linear_ridge,dominance,hybrid,0.13903333857228978
20260921,3,0.0,pitch,quadratic_ridge,valence,absolute,0.001642559650064504
20260921,3,0.0,pitch,quadratic_ridge,arousal,absolute,0.16291417412711598
20260921,3,0.0,pitch,quadratic_ridge,dominance,absolute,0.07257620171609393
20260921,3,0.0,pitch,quadratic_ridge,valence,relative,-0.0019124182502275008
20260921,3,0.0,pitch,quadratic_ridge,arousal,relative,0.3177283934872709
20260921,3,0.0,pitch,quadratic_ridge,dominance,relative,0.14527490077293806
20260921,3,0.0,pitch,quadratic_ridge,valence,hybrid,0.0005062821454082482
20260921,3,0.0,pitch,quadratic_ridge,arousal,hybrid,0.3445337927803915
20260921,3,0.0,pitch,quadratic_ridge,dominance,hybrid,0.1682245402605411
20260921,3,0.0,rate,linear_ridge,valence,absolute,0.004980909164682379
20260921,3,0.0,rate,linear_ridge,arousal,absolute,0.13816634163417016
20260921,3,0.0,rate,linear_ridge,dominance,absolute,0.16063095657070642
20260921,3,0.0,rate,linear_ridge,valence,relative,0.005157910176833369
20260921,3,0.0,rate,linear_ridge,arousal,relative,0.1428048558148671
20260921,3,0.0,rate,linear_ridge,dominance,relative,0.1658727577679768
20260921,3,0.0,rate,linear_ridge,valence,hybrid,0.0051599061554473595
20260921,3,0.0,rate,linear_ridge,arousal,hybrid,0.1428504496067405
20260921,3,0.0,rate,linear_ridge,dominance,hybrid,0.16592040227525673
20260921,3,0.0,rate,quadratic_ridge,valence,absolute,0.008027753585684359
20260921,3,0.0,rate,quadratic_ridge,arousal,absolute,0.15387306478086327
20260921,3,0.0,rate,quadratic_ridge,dominance,absolute,0.1704777759383171
20260921,3,0.0,rate,quadratic_ridge,valence,relative,0.008380460105989614
20260921,3,0.0,rate,quadratic_ridge,arousal,relative,0.14994201316582473
20260921,3,0.0,rate,quadratic_ridge,dominance,relative,0.16996260136590868
20260921,3,0.0,rate,quadratic_ridge,valence,hybrid,0.007900970985565551
20260921,3,0.0,rate,quadratic_ridge,arousal,hybrid,0.14286241426457064
20260921,3,0.0,rate,quadratic_ridge,dominance,hybrid,0.16686832644907965
20260921,3,0.0,pitch_rate,linear_ridge,valence,absolute,0.005245504786952167
20260921,3,0.0,pitch_rate,linear_ridge,arousal,absolute,0.2632468956611189
20260921,3,0.0,pitch_rate,linear_ridge,dominance,absolute,0.20985639275792636
20260921,3,0.0,pitch_rate,linear_ridge,valence,relative,0.005293469964340672
20260921,3,0.0,pitch_rate,linear_ridge,arousal,relative,0.3814761690141354
20260921,3,0.0,pitch_rate,linear_ridge,dominance,relative,0.2526037205863616
20260921,3,0.0,pitch_rate,linear_ridge,valence,hybrid,0.00529851119036451
20260921,3,0.0,pitch_rate,linear_ridge,arousal,hybrid,0.3819078685000257
20260921,3,0.0,pitch_rate,linear_ridge,dominance,hybrid,0.25293108357374927
20260921,3,0.0,pitch_rate,quadratic_ridge,valence,absolute,0.02226932621369732
20260921,3,0.0,pitch_rate,quadratic_ridge,arousal,absolute,0.29234875361483315
20260921,3,0.0,pitch_rate,quadratic_ridge,dominance,absolute,0.23549288240804803
20260921,3,0.0,pitch_rate,quadratic_ridge,valence,relative,0.015524256878267254
20260921,3,0.0,pitch_rate,quadratic_ridge,arousal,relative,0.38680881820595514
20260921,3,0.0,pitch_rate,quadratic_ridge,dominance,relative,0.2527570203970198
20260921,3,0.0,pitch_rate,quadratic_ridge,valence,hybrid,0.022894170344552028
20260921,3,0.0,pitch_rate,quadratic_ridge,arousal,hybrid,0.3823626130761233
20260921,3,0.0,pitch_rate,quadratic_ridge,dominance,hybrid,0.2533571041829465
20260921,3,0.25,pitch,linear_ridge,valence,absolute,0.000673811895664431
20260921,3,0.25,pitch,linear_ridge,arousal,absolute,0.1732132264792683
20260921,3,0.25,pitch,linear_ridge,dominance,absolute,0.07644185041984534
20260921,3,0.25,pitch,linear_ridge,valence,relative,0.0006265030554262194
20260921,3,0.25,pitch,linear_ridge,arousal,relative,0.3146907193982775
20260921,3,0.25,pitch,linear_ridge,dominance,relative,0.1391747696135791
20260921,3,0.25,pitch,linear_ridge,valence,hybrid,0.0006580615702792785
20260921,3,0.25,pitch,linear_ridge,arousal,hybrid,0.3156334071049088
20260921,3,0.25,pitch,linear_ridge,dominance,hybrid,0.13926961531523202
20260921,3,0.25,pitch,quadratic_ridge,valence,absolute,0.0019659871909981906
20260921,3,0.25,pitch,quadratic_ridge,arousal,absolute,0.16732396554421336
20260921,3,0.25,pitch,quadratic_ridge,dominance,absolute,0.07399240908658873
20260921,3,0.25,pitch,quadratic_ridge,valence,relative,-0.0019097720927069093
20260921,3,0.25,pitch,quadratic_ridge,arousal,relative,0.31688828084412013
20260921,3,0.25,pitch,quadratic_ridge,dominance,relative,0.14579328057092553
20260921,3,0.25,pitch,quadratic_ridge,valence,hybrid,0.0004960321501905898
20260921,3,0.25,pitch,quadratic_ridge,arousal,hybrid,0.34401299624234044
20260921,3,0.25,pitch,quadratic_ridge,dominance,hybrid,0.16819451541840208
20260921,3,0.25,rate,linear_ridge,valence,absolute,0.004884857136950499
20260921,3,0.25,rate,linear_ridge,arousal,absolute,0.13865970561230767
20260921,3,0.25,rate,linear_ridge,dominance,absolute,0.16134481850609203
20260921,3,0.25,rate,linear_ridge,valence,relative,0.005133379396446865
20260921,3,0.25,rate,linear_ridge,arousal,relative,0.14187027064885444
20260921,3,0.25,rate,linear_ridge,dominance,relative,0.16469679984012833
20260921,3,0.25,rate,linear_ridge,valence,hybrid,0.0051515192613174774
20260921,3,0.25,rate,linear_ridge,arousal,hybrid,0.14154317892280283
20260921,3,0.25,rate,linear_ridge,dominance,hybrid,0.16426124046667068
20260921,3,0.25,rate,quadratic_ridge,valence,absolute,0.007940859734290219
20260921,3,0.25,rate,quadratic_ridge,arousal,absolute,0.15456116707006182
20260921,3,0.25,rate,quadratic_ridge,dominance,absolute,0.17138950606386047
20260921,3,0.25,rate,quadratic_ridge,valence,relative,0.008479397079100252
20260921,3,0.25,rate,quadratic_ridge,arousal,relative,0.14887754880233903
20260921,3,0.25,rate,quadratic_ridge,dominance,relative,0.1686221597495712
20260921,3,0.25,rate,quadratic_ridge,valence,hybrid,0.007974178814277574
20260921,3,0.25,rate,quadratic_ridge,arousal,hybrid,0.1408734230223795
20260921,3,0.25,rate,quadratic_ridge,dominance,hybrid,0.16481342778429883
20260921,3,0.25,pitch_rate,linear_ridge,valence,absolute,0.005436163303615266
20260921,3,0.25,pitch_rate,linear_ridge,arousal,absolute,0.269095403669816
20260921,3,0.25,pitch_rate,linear_ridge,dominance,absolute,0.21305247154353235
20260921,3,0.25,pitch_rate,linear_ridge,valence,relative,0.005255290748583395
20260921,3,0.25,pitch_rate,linear_ridge,arousal,relative,0.3799543278440502
20260921,3,0.25,pitch_rate,linear_ridge,dominance,relative,0.2518076751611317
20260921,3,0.25,pitch_rate,linear_ridge,valence,hybrid,0.005295190203811668
20260921,3,0.25,pitch_rate,linear_ridge,arousal,hybrid,0.3812410948980238
20260921,3,0.25,pitch_rate,linear_ridge,dominance,hybrid,0.25208578310365287
20260921,3,0.25,pitch_rate,quadratic_ridge,valence,absolute,0.022742092869701303
20260921,3,0.25,pitch_rate,quadratic_ridge,arousal,absolute,0.30129583242173613
20260921,3,0.25,pitch_rate,quadratic_ridge,dominance,absolute,0.24061629656964062
20260921,3,0.25,pitch_rate,quadratic_ridge,valence,relative,0.01568122276392776
20260921,3,0.25,pitch_rate,quadratic_ridge,arousal,relative,0.3847062338775831
20260921,3,0.25,pitch_rate,quadratic_ridge,dominance,relative,0.2514633903462303
20260921,3,0.25,pitch_rate,quadratic_ridge,valence,hybrid,0.02298874728457667
20260921,3,0.25,pitch_rate,quadratic_ridge,arousal,hybrid,0.3587903143117994
20260921,3,0.25,pitch_rate,quadratic_ridge,dominance,hybrid,0.23465475058912985
20260921,3,0.5,pitch,linear_ridge,valence,absolute,0.0009841274161082032
20260921,3,0.5,pitch,linear_ridge,arousal,absolute,0.17412669943190015
20260921,3,0.5,pitch,linear_ridge,dominance,absolute,0.0748998432974333
20260921,3,0.5,pitch,linear_ridge,valence,relative,0.0006095337343536323
20260921,3,0.5,pitch,linear_ridge,arousal,relative,0.3114698082271854
20260921,3,0.5,pitch,linear_ridge,dominance,relative,0.13839133578356502
20260921,3,0.5,pitch,linear_ridge,valence,hybrid,0.000671538615885634
20260921,3,0.5,pitch,linear_ridge,arousal,hybrid,0.31177928176421316
20260921,3,0.5,pitch,linear_ridge,dominance,hybrid,0.13768747334358952
20260921,3,0.5,pitch,quadratic_ridge,valence,absolute,0.002289637381196487
20260921,3,0.5,pitch,quadratic_ridge,arousal,absolute,0.17044762536172214
20260921,3,0.5,pitch,quadratic_ridge,dominance,absolute,0.07465619512513474
20260921,3,0.5,pitch,quadratic_ridge,valence,relative,-0.001906804574510241
20260921,3,0.5,pitch,quadratic_ridge,arousal,relative,0.31370120628142223
20260921,3,0.5,pitch,quadratic_ridge,dominance,relative,0.14501958921719368
20260921,3,0.5,pitch,quadratic_ridge,valence,hybrid,0.00048644537563387
20260921,3,0.5,pitch,quadratic_ridge,arousal,hybrid,0.3410114993338763
20260921,3,0.5,pitch,quadratic_ridge,dominance,hybrid,0.1670011644446026
20260921,3,0.5,rate,linear_ridge,valence,absolute,0.004789152650679472
20260921,3,0.5,rate,linear_ridge,arousal,absolute,0.13801053954550518
20260921,3,0.5,rate,linear_ridge,dominance,absolute,0.16062410540108712
20260921,3,0.5,rate,linear_ridge,valence,relative,0.005108410402150015
20260921,3,0.5,rate,linear_ridge,arousal,relative,0.139830309071165
20260921,3,0.5,rate,linear_ridge,dominance,relative,0.1621418503678349
20260921,3,0.5,rate,linear_ridge,valence,hybrid,0.005157445978372643
20260921,3,0.5,rate,linear_ridge,arousal,hybrid,0.1386559513890041
20260921,3,0.5,rate,linear_ridge,dominance,hybrid,0.16057515549113635
20260921,3,0.5,rate,quadratic_ridge,valence,absolute,0.007853917519879431
20260921,3,0.5,rate,quadratic_ridge,arousal,absolute,0.15397970494378255
20260921,3,0.5,rate,quadratic_ridge,dominance,absolute,0.17077602679407616
20260921,3,0.5,rate,quadratic_ridge,valence,relative,0.008577693969055354
20260921,3,0.5,rate,quadratic_ridge,arousal,relative,0.14666381740781104
20260921,3,0.5,rate,quadratic_ridge,dominance,relative,0.1658805040657178
20260921,3,0.5,rate,quadratic_ridge,valence,hybrid,0.00812996863664633
20260921,3,0.5,rate,quadratic_ridge,arousal,hybrid,0.13653570141682275
20260921,3,0.5,rate,quadratic_ridge,dominance,hybrid,0.16009453416965633
20260921,3,0.5,pitch_rate,linear_ridge,valence,absolute,0.005627074047110731
20260921,3,0.5,pitch_rate,linear_ridge,arousal,absolute,0.272965648637277
20260921,3,0.5,pitch_rate,linear_ridge,dominance,absolute,0.21424079352787834
20260921,3,0.5,pitch_rate,linear_ridge,valence,relative,0.005216513079696077
20260921,3,0.5,pitch_rate,linear_ridge,arousal,relative,0.3757740255437067
20260921,3,0.5,pitch_rate,linear_ridge,dominance,relative,0.24898397093465457
20260921,3,0.5,pitch_rate,linear_ridge,valence,hybrid,0.005278237280113281
20260921,3,0.5,pitch_rate,linear_ridge,arousal,hybrid,0.37809010435848567
20260921,3,0.5,pitch_rate,linear_ridge,dominance,hybrid,0.2488896687005793
20260921,3,0.5,pitch_rate,quadratic_ridge,valence,absolute,0.02320008129896988
20260921,3,0.5,pitch_rate,quadratic_ridge,arousal,absolute,0.30826357994898296
20260921,3,0.5,pitch_rate,quadratic_ridge,dominance,absolute,0.24365218578115133
20260921,3,0.5,pitch_rate,quadratic_ridge,valence,relative,0.015836509175514515
20260921,3,0.5,pitch_rate,quadratic_ridge,arousal,relative,0.3799033866194426
20260921,3,0.5,pitch_rate,quadratic_ridge,dominance,relative,0.24815216905167775
20260921,3,0.5,pitch_rate,quadratic_ridge,valence,hybrid,0.023242783999273563
20260921,3,0.5,pitch_rate,quadratic_ridge,arousal,hybrid,0.24730887948038743
20260921,3,0.5,pitch_rate,quadratic_ridge,dominance,hybrid,0.18114355203906388
20260921,3,0.75,pitch,linear_ridge,valence,absolute,0.0012953489345863371
20260921,3,0.75,pitch,linear_ridge,arousal,absolute,0.17348484143587303
20260921,3,0.75,pitch,linear_ridge,dominance,absolute,0.07251686653950985
20260921,3,0.75,pitch,linear_ridge,valence,relative,0.0005923984963791068
20260921,3,0.75,pitch,linear_ridge,arousal,relative,0.3060684456198937
20260921,3,0.75,pitch,linear_ridge,dominance,relative,0.13644971446433032
20260921,3,0.75,pitch,linear_ridge,valence,hybrid,0.0006852233885942841
20260921,3,0.75,pitch,linear_ridge,arousal,hybrid,0.3048729610769285
20260921,3,0.75,pitch,linear_ridge,dominance,hybrid,0.13444354419138607
20260921,3,0.75,pitch,quadratic_ridge,valence,absolute,0.002613039863941636
20260921,3,0.75,pitch,quadratic_ridge,arousal,absolute,0.17215174909591605
20260921,3,0.75,pitch,quadratic_ridge,dominance,absolute,0.07452555439927293
20260921,3,0.75,pitch,quadratic_ridge,valence,relative,-0.001903490723967388
20260921,3,0.75,pitch,quadratic_ridge,arousal,relative,0.3083053135455979
20260921,3,0.75,pitch,quadratic_ridge,dominance,relative,0.14302701283281194
20260921,3,0.75,pitch,quadratic_ridge,valence,hybrid,0.0004775676303056739
20260921,3,0.75,pitch,quadratic_ridge,arousal,hybrid,0.33565398949473013
20260921,3,0.75,pitch,quadratic_ridge,dominance,hybrid,0.16470656616311796
20260921,3,0.75,rate,linear_ridge,valence,absolute,0.004693836051361033
20260921,3,0.75,rate,linear_ridge,arousal,absolute,0.13626506838232938
20260921,3,0.75,rate,linear_ridge,dominance,absolute,0.15853310477948973
20260921,3,0.75,rate,linear_ridge,valence,relative,0.005082954828672717
20260921,3,0.75,rate,linear_ridge,arousal,relative,0.13676576724974884
20260921,3,0.75,rate,linear_ridge,dominance,relative,0.1583255419781304
20260921,3,0.75,rate,linear_ridge,valence,hybrid,0.00517769248308511
20260921,3,0.75,rate,linear_ridge,arousal,hybrid,0.13426587551215602
20260921,3,0.75,rate,linear_ridge,dominance,hybrid,0.15496283338971534
20260921,3,0.75,rate,quadratic_ridge,valence,absolute,0.007767038200546728
20260921,3,0.75,rate,quadratic_ridge,arousal,absolute,0.15217580467097166
20260921,3,0.75,rate,quadratic_ridge,dominance,absolute,0.16870340085814278
20260921,3,0.75,rate,quadratic_ridge,valence,relative,0.008675232584811956
20260921,3,0.75,rate,quadratic_ridge,arousal,relative,0.1433884111146167
20260921,3,0.75,rate,quadratic_ridge,dominance,relative,0.16186119144628705
20260921,3,0.75,rate,quadratic_ridge,valence,hybrid,0.008368165739981203
20260921,3,0.75,rate,quadratic_ridge,arousal,hybrid,0.1299696871427474
20260921,3,0.75,rate,quadratic_ridge,dominance,hybrid,0.15284433082305016
20260921,3,0.75,pitch_rate,linear_ridge,valence,absolute,0.005817927047672109
20260921,3,0.75,pitch_rate,linear_ridge,arousal,absolute,0.27468683121826626
20260921,3,0.75,pitch_rate,linear_ridge,dominance,absolute,0.21332529254007387
20260921,3,0.75,pitch_rate,linear_ridge,valence,relative,0.005177166446689339
20260921,3,0.75,pitch_rate,linear_ridge,arousal,relative,0.36909777858387777
20260921,3,0.75,pitch_rate,linear_ridge,dominance,relative,0.24428290622064577
20260921,3,0.75,pitch_rate,linear_ridge,valence,hybrid,0.005247829764570402
20260921,3,0.75,pitch_rate,linear_ridge,arousal,hybrid,0.37253808777930986
20260921,3,0.75,pitch_rate,linear_ridge,dominance,hybrid,0.24343274324591763
20260921,3,0.75,pitch_rate,quadratic_ridge,valence,absolute,0.023642660318452913
20260921,3,0.75,pitch_rate,quadratic_ridge,arousal,absolute,0.3130282882819766
20260921,3,0.75,pitch_rate,quadratic_ridge,dominance,absolute,0.2444461755232451
20260921,3,0.75,pitch_rate,quadratic_ridge,valence,relative,0.015990119535061298
20260921,3,0.75,pitch_rate,quadratic_ridge,arousal,relative,0.37258069853081444
20260921,3,0.75,pitch_rate,quadratic_ridge,dominance,relative,0.2429892537046149
20260921,3,0.75,pitch_rate,quadratic_ridge,valence,hybrid,0.02365046881501494
20260921,3,0.75,pitch_rate,quadratic_ridge,arousal,hybrid,0.14662506658816993
20260921,3,0.75,pitch_rate,quadratic_ridge,dominance,hybrid,0.12104331476072805
20260921,3,1.0,pitch,linear_ridge,valence,absolute,0.001606984486766274
20260921,3,1.0,pitch,linear_ridge,arousal,absolute,0.17120538456789433
20260921,3,1.0,pitch,linear_ridge,dominance,absolute,0.06936946921881336
20260921,3,1.0,pitch,linear_ridge,valence,relative,0.000575108439944521
20260921,3,1.0,pitch,linear_ridge,arousal,relative,0.2987574830427274
20260921,3,1.0,pitch,linear_ridge,dominance,relative,0.13348577760118055
20260921,3,1.0,pitch,linear_ridge,valence,hybrid,0.0006990486308078895
20260921,3,1.0,pitch,linear_ridge,arousal,hybrid,0.2953588871102718
20260921,3,1.0,pitch,linear_ridge,dominance,hybrid,0.12981186589457627
20260921,3,1.0,pitch,quadratic_ridge,valence,absolute,0.00293563844397201
20260921,3,1.0,pitch,quadratic_ridge,arousal,absolute,0.1723025585580103
20260921,3,1.0,pitch,quadratic_ridge,dominance,absolute,0.07360840744393864
20260921,3,1.0,pitch,quadratic_ridge,valence,relative,-0.0018998694703960745
20260921,3,1.0,pitch,quadratic_ridge,arousal,relative,0.3009710720920947
20260921,3,1.0,pitch,quadratic_ridge,dominance,relative,0.13995407185095185
20260921,3,1.0,pitch,quadratic_ridge,valence,hybrid,0.000469379359297614
20260921,3,1.0,pitch,quadratic_ridge,arousal,hybrid,0.32819568706151353
20260921,3,1.0,pitch,quadratic_ridge,dominance,hybrid,0.16142518528142635
20260921,3,1.0,rate,linear_ridge,valence,absolute,0.004598898314560829
20260921,3,1.0,rate,linear_ridge,arousal,absolute,0.13352752221582678
20260921,3,1.0,rate,linear_ridge,dominance,absolute,0.15520611459960124
20260921,3,1.0,rate,linear_ridge,valence,relative,0.005057069976621121
20260921,3,1.0,rate,linear_ridge,arousal,relative,0.13281713392366437
20260921,3,1.0,rate,linear_ridge,dominance,relative,0.15342861520937534
20260921,3,1.0,rate,linear_ridge,valence,hybrid,0.00521223200416488
20260921,3,1.0,rate,linear_ridge,arousal,hybrid,0.1285025461031135
20260921,3,1.0,rate,linear_ridge,dominance,hybrid,0.1475800913697288
20260921,3,1.0,rate,quadratic_ridge,valence,absolute,0.007680101477528374
20260921,3,1.0,rate,quadratic_ridge,arousal,absolute,0.149262507317968
20260921,3,1.0,rate,quadratic_ridge,dominance,absolute,0.16530997461524027
20260921,3,1.0,rate,quadratic_ridge,valence,relative,0.008772061867823006
20260921,3,1.0,rate,quadratic_ridge,arousal,relative,0.13920015864665705
20260921,3,1.0,rate,quadratic_ridge,dominance,relative,0.15675078022638553
20260921,3,1.0,rate,quadratic_ridge,valence,hybrid,0.008688758061611393
20260921,3,1.0,rate,quadratic_ridge,arousal,hybrid,0.12136225241034942
20260921,3,1.0,rate,quadratic_ridge,dominance,hybrid,0.14326633453583618
20260921,3,1.0,pitch_rate,linear_ridge,valence,absolute,0.006008352720647634
20260921,3,1.0,pitch_rate,linear_ridge,arousal,absolute,0.27406907962656046
20260921,3,1.0,pitch_rate,linear_ridge,dominance,absolute,0.21032232755128233
20260921,3,1.0,pitch_rate,linear_ridge,valence,relative,0.005137214692275572
20260921,3,1.0,pitch_rate,linear_ridge,arousal,relative,0.36023618350312303
20260921,3,1.0,pitch_rate,linear_ridge,dominance,relative,0.23794758831154308
20260921,3,1.0,pitch_rate,linear_ridge,valence,hybrid,0.00520417799509656
20260921,3,1.0,pitch_rate,linear_ridge,arousal,hybrid,0.3647313434920573
20260921,3,1.0,pitch_rate,linear_ridge,dominance,hybrid,0.235860816546768
20260921,3,1.0,pitch_rate,quadratic_ridge,valence,absolute,0.024068487250322516
20260921,3,1.0,pitch_rate,quadratic_ridge,arousal,absolute,0.3153274051401482
20260921,3,1.0,pitch_rate,quadratic_ridge,dominance,absolute,0.2429570163865276
20260921,3,1.0,pitch_rate,quadratic_ridge,valence,relative,0.016142011620463602
20260921,3,1.0,pitch_rate,quadratic_ridge,arousal,relative,0.3630686288009815
20260921,3,1.0,pitch_rate,quadratic_ridge,dominance,relative,0.23623054666929155
20260921,3,1.0,pitch_rate,quadratic_ridge,valence,hybrid,0.02420251642219764
20260921,3,1.0,pitch_rate,quadratic_ridge,arousal,hybrid,0.08093262984254851
20260921,3,1.0,pitch_rate,quadratic_ridge,dominance,hybrid,0.07067650114961352
20260921,4,0.0,pitch,linear_ridge,valence,absolute,-0.00031619189636955655
20260921,4,0.0,pitch,linear_ridge,arousal,absolute,0.21271584664316237
20260921,4,0.0,pitch,linear_ridge,dominance,absolute,0.0800832301353103
20260921,4,0.0,pitch,linear_ridge,valence,relative,-0.0006878354478414815
20260921,4,0.0,pitch,linear_ridge,arousal,relative,0.4001333533052344
20260921,4,0.0,pitch,linear_ridge,dominance,relative,0.16450272799592217
20260921,4,0.0,pitch,linear_ridge,valence,hybrid,-0.0006897289338383761
20260921,4,0.0,pitch,linear_ridge,arousal,hybrid,0.40082401417358554
20260921,4,0.0,pitch,linear_ridge,dominance,hybrid,0.1648862469861831
20260921,4,0.0,pitch,quadratic_ridge,valence,absolute,-0.0005474813837823637
20260921,4,0.0,pitch,quadratic_ridge,arousal,absolute,0.21672436369306855
20260921,4,0.0,pitch,quadratic_ridge,dominance,absolute,0.08051457035646316
20260921,4,0.0,pitch,quadratic_ridge,valence,relative,0.003689420086697775
20260921,4,0.0,pitch,quadratic_ridge,arousal,relative,0.3998133291006353
20260921,4,0.0,pitch,quadratic_ridge,dominance,relative,0.16680665190381086
20260921,4,0.0,pitch,quadratic_ridge,valence,hybrid,0.0003275368298343166
20260921,4,0.0,pitch,quadratic_ridge,arousal,hybrid,0.40613510653028556
20260921,4,0.0,pitch,quadratic_ridge,dominance,hybrid,0.16934011588323727
20260921,4,0.0,rate,linear_ridge,valence,absolute,0.011414127570008235
20260921,4,0.0,rate,linear_ridge,arousal,absolute,0.1374010056551904
20260921,4,0.0,rate,linear_ridge,dominance,absolute,0.1632305685984117
20260921,4,0.0,rate,linear_ridge,valence,relative,0.011697241611249293
20260921,4,0.0,rate,linear_ridge,arousal,relative,0.141062629903484
20260921,4,0.0,rate,linear_ridge,dominance,relative,0.16765723364527946
20260921,4,0.0,rate,linear_ridge,valence,hybrid,0.011699734940683751
20260921,4,0.0,rate,linear_ridge,arousal,hybrid,0.14109240917500587
20260921,4,0.0,rate,linear_ridge,dominance,hybrid,0.16769232279625784
20260921,4,0.0,rate,quadratic_ridge,valence,absolute,0.013100890293856278
20260921,4,0.0,rate,quadratic_ridge,arousal,absolute,0.14653789964671995
20260921,4,0.0,rate,quadratic_ridge,dominance,absolute,0.1630803811662571
20260921,4,0.0,rate,quadratic_ridge,valence,relative,0.015489996522777248
20260921,4,0.0,rate,quadratic_ridge,arousal,relative,0.158615960347202
20260921,4,0.0,rate,quadratic_ridge,dominance,relative,0.17404218568185598
20260921,4,0.0,rate,quadratic_ridge,valence,hybrid,0.019254490252466484
20260921,4,0.0,rate,quadratic_ridge,arousal,hybrid,0.15762013999292498
20260921,4,0.0,rate,quadratic_ridge,dominance,hybrid,0.18175768886737853
20260921,4,0.0,pitch_rate,linear_ridge,valence,absolute,0.011052449038153729
20260921,4,0.0,pitch_rate,linear_ridge,arousal,absolute,0.3049360039005908
20260921,4,0.0,pitch_rate,linear_ridge,dominance,absolute,0.21679106904078357
20260921,4,0.0,pitch_rate,linear_ridge,valence,relative,0.010919288179286342
20260921,4,0.0,pitch_rate,linear_ridge,arousal,relative,0.4489514909602474
20260921,4,0.0,pitch_rate,linear_ridge,dominance,relative,0.2701703858138519
20260921,4,0.0,pitch_rate,linear_ridge,valence,hybrid,0.010920753282115933
20260921,4,0.0,pitch_rate,linear_ridge,arousal,hybrid,0.449624865947125
20260921,4,0.0,pitch_rate,linear_ridge,dominance,hybrid,0.27057860554928265
20260921,4,0.0,pitch_rate,quadratic_ridge,valence,absolute,0.022566494882578638
20260921,4,0.0,pitch_rate,quadratic_ridge,arousal,absolute,0.31997386912980835
20260921,4,0.0,pitch_rate,quadratic_ridge,dominance,absolute,0.2191704991292547
20260921,4,0.0,pitch_rate,quadratic_ridge,valence,relative,0.03492326511269272
20260921,4,0.0,pitch_rate,quadratic_ridge,arousal,relative,0.47052878845333
20260921,4,0.0,pitch_rate,quadratic_ridge,dominance,relative,0.2789456767518576
20260921,4,0.0,pitch_rate,quadratic_ridge,valence,hybrid,0.03525145107324217
20260921,4,0.0,pitch_rate,quadratic_ridge,arousal,hybrid,0.4708986684346267
20260921,4,0.0,pitch_rate,quadratic_ridge,dominance,hybrid,0.30087032349424714
20260921,4,0.25,pitch,linear_ridge,valence,absolute,-0.0007405786542544282
20260921,4,0.25,pitch,linear_ridge,arousal,absolute,0.21329505403012378
20260921,4,0.25,pitch,linear_ridge,dominance,absolute,0.07776362634993957
20260921,4,0.25,pitch,linear_ridge,valence,relative,-0.0006575281992466007
20260921,4,0.25,pitch,linear_ridge,arousal,relative,0.3994765014468238
20260921,4,0.25,pitch,linear_ridge,dominance,relative,0.16544561972959052
20260921,4,0.25,pitch,linear_ridge,valence,hybrid,-0.000855934488885069
20260921,4,0.25,pitch,linear_ridge,arousal,hybrid,0.40036385371126376
20260921,4,0.25,pitch,linear_ridge,dominance,hybrid,0.16540012720812577
20260921,4,0.25,pitch,quadratic_ridge,valence,absolute,-0.0008864671547693522
20260921,4,0.25,pitch,quadratic_ridge,arousal,absolute,0.21774955433616025
20260921,4,0.25,pitch,quadratic_ridge,dominance,absolute,0.07838145936594415
20260921,4,0.25,pitch,quadratic_ridge,valence,relative,0.0036199763281495405
20260921,4,0.25,pitch,quadratic_ridge,arousal,relative,0.39918318467155345
20260921,4,0.25,pitch,quadratic_ridge,dominance,relative,0.16798544204718333
20260921,4,0.25,pitch,quadratic_ridge,valence,hybrid,4.321380914840027e-05
20260921,4,0.25,pitch,quadratic_ridge,arousal,hybrid,0.4057043221907772
20260921,4,0.25,pitch,quadratic_ridge,dominance,hybrid,0.17057249523542647
20260921,4,0.25,rate,linear_ridge,valence,absolute,0.011549128166496949
20260921,4,0.25,rate,linear_ridge,arousal,absolute,0.1395811192294038
20260921,4,0.25,rate,linear_ridge,dominance,absolute,0.16922330991284373
20260921,4,0.25,rate,linear_ridge,valence,relative,0.011703298803971503
20260921,4,0.25,rate,linear_ridge,arousal,relative,0.14087050201732051
20260921,4,0.25,rate,linear_ridge,dominance,relative,0.16812427322401652
20260921,4,0.25,rate,linear_ridge,valence,hybrid,0.01129466743913765
20260921,4,0.25,rate,linear_ridge,arousal,hybrid,0.14097298267506686
20260921,4,0.25,rate,linear_ridge,dominance,hybrid,0.1696972759720639
20260921,4,0.25,rate,quadratic_ridge,valence,absolute,0.01330410962076006
20260921,4,0.25,rate,quadratic_ridge,arousal,absolute,0.14903525439929904
20260921,4,0.25,rate,quadratic_ridge,dominance,absolute,0.1693272567753277
20260921,4,0.25,rate,quadratic_ridge,valence,relative,0.015545469343234343
20260921,4,0.25,rate,quadratic_ridge,arousal,relative,0.15796324681712096
20260921,4,0.25,rate,quadratic_ridge,dominance,relative,0.1739573235361715
20260921,4,0.25,rate,quadratic_ridge,valence,hybrid,0.020202181116872227
20260921,4,0.25,rate,quadratic_ridge,arousal,hybrid,0.1576895222658157
20260921,4,0.25,rate,quadratic_ridge,dominance,hybrid,0.1802622709156301
20260921,4,0.25,pitch_rate,linear_ridge,valence,absolute,0.010676211482617002
20260921,4,0.25,pitch_rate,linear_ridge,arousal,absolute,0.3080640377880779
20260921,4,0.25,pitch_rate,linear_ridge,dominance,absolute,0.22049183839042738
20260921,4,0.25,pitch_rate,linear_ridge,valence,relative,0.010953934207245409
20260921,4,0.25,pitch_rate,linear_ridge,arousal,relative,0.4481993156957212
20260921,4,0.25,pitch_rate,linear_ridge,dominance,relative,0.271266440279927
20260921,4,0.25,pitch_rate,linear_ridge,valence,hybrid,0.01038320266886434
20260921,4,0.25,pitch_rate,linear_ridge,arousal,hybrid,0.44919373138178087
20260921,4,0.25,pitch_rate,linear_ridge,dominance,hybrid,0.2728705859333405
20260921,4,0.25,pitch_rate,quadratic_ridge,valence,absolute,0.022497992549143295
20260921,4,0.25,pitch_rate,quadratic_ridge,arousal,absolute,0.3244650213561143
20260921,4,0.25,pitch_rate,quadratic_ridge,dominance,absolute,0.2241216161402515
20260921,4,0.25,pitch_rate,quadratic_ridge,valence,relative,0.034913489351885166
20260921,4,0.25,pitch_rate,quadratic_ridge,arousal,relative,0.46953262567553045
20260921,4,0.25,pitch_rate,quadratic_ridge,dominance,relative,0.27937902508992196
20260921,4,0.25,pitch_rate,quadratic_ridge,valence,hybrid,0.03654201339389056
20260921,4,0.25,pitch_rate,quadratic_ridge,arousal,hybrid,0.47173227857408473
20260921,4,0.25,pitch_rate,quadratic_ridge,dominance,hybrid,0.28592868931643833
20260921,4,0.5,pitch,linear_ridge,valence,absolute,-0.0013412667943636233
20260921,4,0.5,pitch,linear_ridge,arousal,absolute,0.2128397583774162
20260921,4,0.5,pitch,linear_ridge,dominance,absolute,0.07509487050860243
20260921,4,0.5,pitch,linear_ridge,valence,relative,-0.0006275856225113977
20260921,4,0.5,pitch,linear_ridge,arousal,relative,0.3971584862230725
20260921,4,0.5,pitch,linear_ridge,dominance,relative,0.16612861357909878
20260921,4,0.5,pitch,linear_ridge,valence,hybrid,-0.0013446253960739767
20260921,4,0.5,pitch,linear_ridge,arousal,hybrid,0.3982529789478728
20260921,4,0.5,pitch,linear_ridge,dominance,hybrid,0.16533984752994269
20260921,4,0.5,pitch,quadratic_ridge,valence,absolute,-0.0014011123191189996
20260921,4,0.5,pitch,quadratic_ridge,arousal,absolute,0.2177446707840985
20260921,4,0.5,pitch,quadratic_ridge,dominance,absolute,0.07592907980401041
20260921,4,0.5,pitch,quadratic_ridge,valence,relative,0.003549292722081061
20260921,4,0.5,pitch,quadratic_ridge,arousal,relative,0.39689941990989314
20260921,4,0.5,pitch,quadratic_ridge,dominance,relative,0.16891090461727168
20260921,4,0.5,pitch,quadratic_ridge,valence,hybrid,-0.000682826655416043
20260921,4,0.5,pitch,quadratic_ridge,arousal,hybrid,0.40480281061431606
20260921,4,0.5,pitch,quadratic_ridge,dominance,hybrid,0.17311823289698566
20260921,4,0.5,rate,linear_ridge,valence,absolute,0.011656836287269783
20260921,4,0.5,rate,linear_ridge,arousal,absolute,0.14109786642342884
20260921,4,0.5,rate,linear_ridge,dominance,absolute,0.17502247451400593
20260921,4,0.5,rate,linear_ridge,valence,relative,0.011703546410690444
20260921,4,0.5,rate,linear_ridge,arousal,relative,0.14000748113212094
20260921,4,0.5,rate,linear_ridge,dominance,relative,0.168330403309254
20260921,4,0.5,rate,linear_ridge,valence,hybrid,0.01009310245327917
20260921,4,0.5,rate,linear_ridge,arousal,hybrid,0.14077931302827817
20260921,4,0.5,rate,linear_ridge,dominance,hybrid,0.17552392085826582
20260921,4,0.5,rate,quadratic_ridge,valence,absolute,0.013479434847789556
20260921,4,0.5,rate,quadratic_ridge,arousal,absolute,0.15083051175418255
20260921,4,0.5,rate,quadratic_ridge,dominance,absolute,0.1753943669506867
20260921,4,0.5,rate,quadratic_ridge,valence,relative,0.015584918526716266
20260921,4,0.5,rate,quadratic_ridge,arousal,relative,0.15657112075236554
20260921,4,0.5,rate,quadratic_ridge,dominance,relative,0.17362872471141633
20260921,4,0.5,rate,quadratic_ridge,valence,hybrid,0.02264466457117114
20260921,4,0.5,rate,quadratic_ridge,arousal,hybrid,0.15754406560285142
20260921,4,0.5,rate,quadratic_ridge,dominance,hybrid,0.17869825276690798
20260921,4,0.5,pitch_rate,linear_ridge,valence,absolute,0.010079695850369488
20260921,4,0.5,pitch_rate,linear_ridge,arousal,absolute,0.30981828245583765
20260921,4,0.5,pitch_rate,linear_ridge,dominance,absolute,0.22373049491994268
20260921,4,0.5,pitch_rate,linear_ridge,valence,relative,0.010982600752050129
20260921,4,0.5,pitch_rate,linear_ridge,arousal,relative,0.4456499559713031
20260921,4,0.5,pitch_rate,linear_ridge,dominance,relative,0.2719644125382083
20260921,4,0.5,pitch_rate,linear_ridge,valence,hybrid,0.00874259543483364
20260921,4,0.5,pitch_rate,linear_ridge,arousal,hybrid,0.44768071710466445
20260921,4,0.5,pitch_rate,linear_ridge,dominance,hybrid,0.2779054374265663
20260921,4,0.5,pitch_rate,quadratic_ridge,valence,absolute,0.022192660827811742
20260921,4,0.5,pitch_rate,quadratic_ridge,arousal,absolute,0.32757959693485394
20260921,4,0.5,pitch_rate,quadratic_ridge,dominance,absolute,0.2286730017523604
20260921,4,0.5,pitch_rate,quadratic_ridge,valence,relative,0.034879515053857474
20260921,4,0.5,pitch_rate,quadratic_ridge,arousal,relative,0.46669337292799495
20260921,4,0.5,pitch_rate,quadratic_ridge,dominance,relative,0.27944069274962235
20260921,4,0.5,pitch_rate,quadratic_ridge,valence,hybrid,0.03712126588752202
20260921,4,0.5,pitch_rate,quadratic_ridge,arousal,hybrid,0.4711512338266835
20260921,4,0.5,pitch_rate,quadratic_ridge,dominance,hybrid,0.2500407758947799
20260921,4,0.75,pitch,linear_ridge,valence,absolute,-0.0021163181047384985
20260921,4,0.75,pitch,linear_ridge,arousal,absolute,0.21135555179414192
20260921,4,0.75,pitch,linear_ridge,dominance,absolute,0.07209588558681118
20260921,4,0.75,pitch,linear_ridge,valence,relative,-0.0005980232568369671
20260921,4,0.75,pitch,linear_ridge,arousal,relative,0.39322863582810585
20260921,4,0.75,pitch,linear_ridge,dominance,relative,0.1665516208701235
20260921,4,0.75,pitch,linear_ridge,valence,hybrid,-0.0021536414116828393
20260921,4,0.75,pitch,linear_ridge,arousal,hybrid,0.3945330539609983
20260921,4,0.75,pitch,linear_ridge,dominance,hybrid,0.16471184728251217
20260921,4,0.75,pitch,quadratic_ridge,valence,absolute,-0.002089466620338354
20260921,4,0.75,pitch,quadratic_ridge,arousal,absolute,0.21670620641422494
20260921,4,0.75,pitch,quadratic_ridge,dominance,absolute,0.07317467318404278
20260921,4,0.75,pitch,quadratic_ridge,valence,relative,0.0034774223188487286
20260921,4,0.75,pitch,quadratic_ridge,arousal,relative,0.3930102368902353
20260921,4,0.75,pitch,quadratic_ridge,dominance,relative,0.1695806613256039
20260921,4,0.75,pitch,quadratic_ridge,valence,hybrid,-0.001847803235856108
20260921,4,0.75,pitch,quadratic_ridge,arousal,hybrid,0.4034337051933731
20260921,4,0.75,pitch,quadratic_ridge,dominance,hybrid,0.17686265011210758
20260921,4,0.75,rate,linear_ridge,valence,absolute,0.01173698649733181
20260921,4,0.75,rate,linear_ridge,arousal,absolute,0.14193893319053713
20260921,4,0.75,rate,linear_ridge,dominance,absolute,0.18060696873224108
20260921,4,0.75,rate,linear_ridge,valence,relative,0.011697860116450978
20260921,4,0.75,rate,linear_ridge,arousal,relative,0.13849771820877632
20260921,4,0.75,rate,linear_ridge,dominance,relative,0.1682768982763418
20260921,4,0.75,rate,linear_ridge,valence,hybrid,0.008100975237388749
20260921,4,0.75,rate,linear_ridge,arousal,hybrid,0.14051315898608388
20260921,4,0.75,rate,linear_ridge,dominance,hybrid,0.1849460694886322
20260921,4,0.75,rate,quadratic_ridge,valence,absolute,0.013626459070927925
20260921,4,0.75,rate,quadratic_ridge,arousal,absolute,0.15190795211606084
20260921,4,0.75,rate,quadratic_ridge,dominance,absolute,0.1812601338555862
20260921,4,0.75,rate,quadratic_ridge,valence,relative,0.015608073360812845
20260921,4,0.75,rate,quadratic_ridge,arousal,relative,0.15447045332857096
20260921,4,0.75,rate,quadratic_ridge,dominance,relative,0.17305967952042986
20260921,4,0.75,rate,quadratic_ridge,valence,hybrid,0.026494891872274953
20260921,4,0.75,rate,quadratic_ridge,arousal,hybrid,0.1571923361821554
20260921,4,0.75,rate,quadratic_ridge,dominance,hybrid,0.17744002904459302
20260921,4,0.75,pitch_rate,linear_ridge,valence,absolute,0.00926465610980116
20260921,4,0.75,pitch_rate,linear_ridge,arousal,absolute,0.31017185178053164
20260921,4,0.75,pitch_rate,linear_ridge,dominance,absolute,0.226507392004417
20260921,4,0.75,pitch_rate,linear_ridge,valence,relative,0.011005192760467101
20260921,4,0.75,pitch_rate,linear_ridge,arousal,relative,0.4413551918650943
20260921,4,0.75,pitch_rate,linear_ridge,dominance,relative,0.27226463119402644
20260921,4,0.75,pitch_rate,linear_ridge,valence,hybrid,0.006012472756207047
20260921,4,0.75,pitch_rate,linear_ridge,arousal,hybrid,0.445114181482574
20260921,4,0.75,pitch_rate,linear_ridge,dominance,hybrid,0.2855095544840056
20260921,4,0.75,pitch_rate,quadratic_ridge,valence,absolute,0.021651657036080834
20260921,4,0.75,pitch_rate,quadratic_ridge,arousal,absolute,0.329267242777106
20260921,4,0.75,pitch_rate,quadratic_ridge,dominance,absolute,0.23282135118181987
20260921,4,0.75,pitch_rate,quadratic_ridge,valence,relative,0.03482098792286627
20260921,4,0.75,pitch_rate,quadratic_ridge,arousal,relative,0.46206732365734215
20260921,4,0.75,pitch_rate,quadratic_ridge,dominance,relative,0.27913252639092784
20260921,4,0.75,pitch_rate,quadratic_ridge,valence,hybrid,0.03698596778929429
20260921,4,0.75,pitch_rate,quadratic_ridge,arousal,hybrid,0.4691706061376553
20260921,4,0.75,pitch_rate,quadratic_ridge,dominance,hybrid,0.2152913998394946
20260921,4,1.0,pitch,linear_ridge,valence,absolute,-0.003063198407295225
20260921,4,1.0,pitch,linear_ridge,arousal,absolute,0.20888777242774803
20260921,4,1.0,pitch,linear_ridge,dominance,absolute,0.06878549133665303
20260921,4,1.0,pitch,linear_ridge,valence,relative,-0.0005688828982149525
20260921,4,1.0,pitch,linear_ridge,arousal,relative,0.3878036323674814
20260921,4,1.0,pitch,linear_ridge,dominance,relative,0.16671748057164884
20260921,4,1.0,pitch,linear_ridge,valence,hybrid,-0.00327949675249535
20260921,4,1.0,pitch,linear_ridge,arousal,hybrid,0.3893144338722557
20260921,4,1.0,pitch,linear_ridge,dominance,hybrid,0.1635271233568639
20260921,4,1.0,pitch,quadratic_ridge,valence,absolute,-0.0029489968111136096
20260921,4,1.0,pitch,quadratic_ridge,arousal,absolute,0.21466671980512345
20260921,4,1.0,pitch,quadratic_ridge,dominance,absolute,0.07013605038860628
20260921,4,1.0,pitch,quadratic_ridge,valence,relative,0.0034044920926514493
20260921,4,1.0,pitch,quadratic_ridge,arousal,relative,0.3876308279434789
20260921,4,1.0,pitch,quadratic_ridge,dominance,relative,0.16999630449614087
20260921,4,1.0,pitch,quadratic_ridge,valence,hybrid,-0.0034472640494859754
20260921,4,1.0,pitch,quadratic_ridge,arousal,hybrid,0.4016202446771861
20260921,4,1.0,pitch,quadratic_ridge,dominance,hybrid,0.1816406191444343
20260921,4,1.0,rate,linear_ridge,valence,absolute,0.011789692287484294
20260921,4,1.0,rate,linear_ridge,arousal,absolute,0.14212300652161594
20260921,4,1.0,rate,linear_ridge,dominance,absolute,0.1859554207285169
20260921,4,1.0,rate,linear_ridge,valence,relative,0.011686413939723436
20260921,4,1.0,rate,linear_ridge,arousal,relative,0.13639701786441014
20260921,4,1.0,rate,linear_ridge,dominance,relative,0.16796745390662732
20260921,4,1.0,rate,linear_ridge,valence,hybrid,0.005328173029050333
20260921,4,1.0,rate,linear_ridge,arousal,hybrid,0.14018628929915122
20260921,4,1.0,rate,linear_ridge,dominance,hybrid,0.19761034838428354
20260921,4,1.0,rate,quadratic_ridge,valence,absolute,0.013745357941318153
20260921,4,1.0,rate,quadratic_ridge,arousal,absolute,0.15228210849130722
20260921,4,1.0,rate,quadratic_ridge,dominance,absolute,0.18690050814940964
20260921,4,1.0,rate,quadratic_ridge,valence,relative,0.015615122334696366
20260921,4,1.0,rate,quadratic_ridge,arousal,relative,0.15172765983599587
20260921,4,1.0,rate,quadratic_ridge,dominance,relative,0.17225529836203124
20260921,4,1.0,rate,quadratic_ridge,valence,hybrid,0.03162310098643221
20260921,4,1.0,rate,quadratic_ridge,arousal,hybrid,0.15665303113267096
20260921,4,1.0,rate,quadratic_ridge,dominance,hybrid,0.17656127421320958
20260921,4,1.0,pitch_rate,linear_ridge,valence,absolute,0.008233995118655415
20260921,4,1.0,pitch_rate,linear_ridge,arousal,absolute,0.30914576446252057
20260921,4,1.0,pitch_rate,linear_ridge,dominance,absolute,0.2288177521682368
20260921,4,1.0,pitch_rate,linear_ridge,valence,relative,0.011021787048798177
20260921,4,1.0,pitch_rate,linear_ridge,arousal,relative,0.43544273457629495
20260921,4,1.0,pitch_rate,linear_ridge,dominance,relative,0.27217192877695695
20260921,4,1.0,pitch_rate,linear_ridge,valence,hybrid,0.0022152997974850294
20260921,4,1.0,pitch_rate,linear_ridge,arousal,hybrid,0.441558774188275
20260921,4,1.0,pitch_rate,linear_ridge,dominance,hybrid,0.29542783819319685
20260921,4,1.0,pitch_rate,quadratic_ridge,valence,absolute,0.0208784298437454
20260921,4,1.0,pitch_rate,quadratic_ridge,arousal,absolute,0.3295179999972918
20260921,4,1.0,pitch_rate,quadratic_ridge,dominance,absolute,0.23655415309922795
20260921,4,1.0,pitch_rate,quadratic_ridge,valence,relative,0.0347385036330921
20260921,4,1.0,pitch_rate,quadratic_ridge,arousal,relative,0.4557859810447771
20260921,4,1.0,pitch_rate,quadratic_ridge,dominance,relative,0.2784608635396696
20260921,4,1.0,pitch_rate,quadratic_ridge,valence,hybrid,0.036139499055258366
20260921,4,1.0,pitch_rate,quadratic_ridge,arousal,hybrid,0.46586261765037423
20260921,4,1.0,pitch_rate,quadratic_ridge,dominance,hybrid,0.18936055668120813
20260922,0,0.0,pitch,linear_ridge,valence,absolute,-0.0003481936236425488
20260922,0,0.0,pitch,linear_ridge,arousal,absolute,0.1926110312675401
20260922,0,0.0,pitch,linear_ridge,dominance,absolute,0.07791951022552081
20260922,0,0.0,pitch,linear_ridge,valence,relative,-0.0007339140846506076
20260922,0,0.0,pitch,linear_ridge,arousal,relative,0.3688252898914976
20260922,0,0.0,pitch,linear_ridge,dominance,relative,0.15833409447581176
20260922,0,0.0,pitch,linear_ridge,valence,hybrid,-0.0007358067658270129
20260922,0,0.0,pitch,linear_ridge,arousal,hybrid,0.36955244086008965
20260922,0,0.0,pitch,linear_ridge,dominance,hybrid,0.15870431743313215
20260922,0,0.0,pitch,quadratic_ridge,valence,absolute,0.0023622785181967535
20260922,0,0.0,pitch,quadratic_ridge,arousal,absolute,0.18279842825902978
20260922,0,0.0,pitch,quadratic_ridge,dominance,absolute,0.07259532483818976
20260922,0,0.0,pitch,quadratic_ridge,valence,relative,0.0010580344802064397
20260922,0,0.0,pitch,quadratic_ridge,arousal,relative,0.3677442351096037
20260922,0,0.0,pitch,quadratic_ridge,dominance,relative,0.16290850107896138
20260922,0,0.0,pitch,quadratic_ridge,valence,hybrid,0.002439002658799253
20260922,0,0.0,pitch,quadratic_ridge,arousal,hybrid,0.390896800530089
20260922,0,0.0,pitch,quadratic_ridge,dominance,hybrid,0.1781575145770377
20260922,0,0.0,rate,linear_ridge,valence,absolute,0.014629467147128736
20260922,0,0.0,rate,linear_ridge,arousal,absolute,0.13912981642307545
20260922,0,0.0,rate,linear_ridge,dominance,absolute,0.1887821568462312
20260922,0,0.0,rate,linear_ridge,valence,relative,0.015006706574336007
20260922,0,0.0,rate,linear_ridge,arousal,relative,0.14297225721266973
20260922,0,0.0,rate,linear_ridge,dominance,relative,0.19405149963158444
20260922,0,0.0,rate,linear_ridge,valence,hybrid,0.015009695667930494
20260922,0,0.0,rate,linear_ridge,arousal,hybrid,0.1430050475462162
20260922,0,0.0,rate,linear_ridge,dominance,hybrid,0.19409691679691773
20260922,0,0.0,rate,quadratic_ridge,valence,absolute,0.01583509230135229
20260922,0,0.0,rate,quadratic_ridge,arousal,absolute,0.14323641571925072
20260922,0,0.0,rate,quadratic_ridge,dominance,absolute,0.18853257194098696
20260922,0,0.0,rate,quadratic_ridge,valence,relative,0.01855564186777079
20260922,0,0.0,rate,quadratic_ridge,arousal,relative,0.15729089221079376
20260922,0,0.0,rate,quadratic_ridge,dominance,relative,0.20155446710418573
20260922,0,0.0,rate,quadratic_ridge,valence,hybrid,0.02183897669021507
20260922,0,0.0,rate,quadratic_ridge,arousal,hybrid,0.15994323312304373
20260922,0,0.0,rate,quadratic_ridge,dominance,hybrid,0.2132678583111793
20260922,0,0.0,pitch_rate,linear_ridge,valence,absolute,0.014045688574502928
20260922,0,0.0,pitch_rate,linear_ridge,arousal,absolute,0.2883090828321322
20260922,0,0.0,pitch_rate,linear_ridge,dominance,absolute,0.2390342236484449
20260922,0,0.0,pitch_rate,linear_ridge,valence,relative,0.013728224899494487
20260922,0,0.0,pitch_rate,linear_ridge,arousal,relative,0.4223161064565385
20260922,0,0.0,pitch_rate,linear_ridge,dominance,relative,0.2886587019799349
20260922,0,0.0,pitch_rate,linear_ridge,valence,hybrid,0.013729685601622786
20260922,0,0.0,pitch_rate,linear_ridge,arousal,hybrid,0.4230540704113345
20260922,0,0.0,pitch_rate,linear_ridge,dominance,hybrid,0.28906667551963566
20260922,0,0.0,pitch_rate,quadratic_ridge,valence,absolute,0.03470101354913461
20260922,0,0.0,pitch_rate,quadratic_ridge,arousal,absolute,0.30116564495475967
20260922,0,0.0,pitch_rate,quadratic_ridge,dominance,absolute,0.2457517216747373
20260922,0,0.0,pitch_rate,quadratic_ridge,valence,relative,0.03883890785341164
20260922,0,0.0,pitch_rate,quadratic_ridge,arousal,relative,0.44444295495534053
20260922,0,0.0,pitch_rate,quadratic_ridge,dominance,relative,0.30027256262768526
20260922,0,0.0,pitch_rate,quadratic_ridge,valence,hybrid,0.042644748330436744
20260922,0,0.0,pitch_rate,quadratic_ridge,arousal,hybrid,0.46540991801368714
20260922,0,0.0,pitch_rate,quadratic_ridge,dominance,hybrid,0.3367003096651232
20260922,0,0.25,pitch,linear_ridge,valence,absolute,-0.00039458140979612116
20260922,0,0.25,pitch,linear_ridge,arousal,absolute,0.19149948883487647
20260922,0,0.25,pitch,linear_ridge,dominance,absolute,0.07987022573408176
20260922,0,0.25,pitch,linear_ridge,valence,relative,-0.0007204667261508521
20260922,0,0.25,pitch,linear_ridge,arousal,relative,0.3673818098752935
20260922,0,0.25,pitch,linear_ridge,dominance,relative,0.15863458570662414
20260922,0,0.25,pitch,linear_ridge,valence,hybrid,-0.0006965669261768001
20260922,0,0.25,pitch,linear_ridge,arousal,hybrid,0.36698416632480124
20260922,0,0.25,pitch,linear_ridge,dominance,hybrid,0.1589351964089109
20260922,0,0.25,pitch,quadratic_ridge,valence,absolute,0.0023635234813258435
20260922,0,0.25,pitch,quadratic_ridge,arousal,absolute,0.18252300141427769
20260922,0,0.25,pitch,quadratic_ridge,dominance,absolute,0.07581349304004548
20260922,0,0.25,pitch,quadratic_ridge,valence,relative,0.0009779122394576961
20260922,0,0.25,pitch,quadratic_ridge,arousal,relative,0.36597276895468556
20260922,0,0.25,pitch,quadratic_ridge,dominance,relative,0.16329639366791257
20260922,0,0.25,pitch,quadratic_ridge,valence,hybrid,0.0023267697900198796
20260922,0,0.25,pitch,quadratic_ridge,arousal,hybrid,0.38767652401168945
20260922,0,0.25,pitch,quadratic_ridge,dominance,hybrid,0.17796488798194382
20260922,0,0.25,rate,linear_ridge,valence,absolute,0.014378550693691266
20260922,0,0.25,rate,linear_ridge,arousal,absolute,0.13950452305270947
20260922,0,0.25,rate,linear_ridge,dominance,absolute,0.19141754616712145
20260922,0,0.25,rate,linear_ridge,valence,relative,0.014960966150098984
20260922,0,0.25,rate,linear_ridge,arousal,relative,0.14238230333053242
20260922,0,0.25,rate,linear_ridge,dominance,relative,0.19383324361352325
20260922,0,0.25,rate,linear_ridge,valence,hybrid,0.014864607287549582
20260922,0,0.25,rate,linear_ridge,arousal,hybrid,0.14223733961938784
20260922,0,0.25,rate,linear_ridge,dominance,hybrid,0.1935537325850394
20260922,0,0.25,rate,quadratic_ridge,valence,absolute,0.015626871991553846
20260922,0,0.25,rate,quadratic_ridge,arousal,absolute,0.14363383438800914
20260922,0,0.25,rate,quadratic_ridge,dominance,absolute,0.1911872163167949
20260922,0,0.25,rate,quadratic_ridge,valence,relative,0.018636338957178065
20260922,0,0.25,rate,quadratic_ridge,arousal,relative,0.1564810063426289
20260922,0,0.25,rate,quadratic_ridge,dominance,relative,0.20099047490438812
20260922,0,0.25,rate,quadratic_ridge,valence,hybrid,0.022763152542068302
20260922,0,0.25,rate,quadratic_ridge,arousal,hybrid,0.15674257101910305
20260922,0,0.25,rate,quadratic_ridge,dominance,hybrid,0.19428892271648282
20260922,0,0.25,pitch_rate,linear_ridge,valence,absolute,0.013560144744556713
20260922,0,0.25,pitch_rate,linear_ridge,arousal,absolute,0.286817749879777
20260922,0,0.25,pitch_rate,linear_ridge,dominance,absolute,0.24189677870971676
20260922,0,0.25,pitch_rate,linear_ridge,valence,relative,0.01370875932288768
20260922,0,0.25,pitch_rate,linear_ridge,arousal,relative,0.42126668803024164
20260922,0,0.25,pitch_rate,linear_ridge,dominance,relative,0.2889012692475439
20260922,0,0.25,pitch_rate,linear_ridge,valence,hybrid,0.013662756843236576
20260922,0,0.25,pitch_rate,linear_ridge,arousal,hybrid,0.42148622898627075
20260922,0,0.25,pitch_rate,linear_ridge,dominance,hybrid,0.2890770245472235
20260922,0,0.25,pitch_rate,quadratic_ridge,valence,absolute,0.03459387243975396
20260922,0,0.25,pitch_rate,quadratic_ridge,arousal,absolute,0.3003182486155304
20260922,0,0.25,pitch_rate,quadratic_ridge,dominance,absolute,0.2496337890090695
20260922,0,0.25,pitch_rate,quadratic_ridge,valence,relative,0.03889171021620793
20260922,0,0.25,pitch_rate,quadratic_ridge,arousal,relative,0.4430886312584437
20260922,0,0.25,pitch_rate,quadratic_ridge,dominance,relative,0.3000604229355693
20260922,0,0.25,pitch_rate,quadratic_ridge,valence,hybrid,0.04347086792126418
20260922,0,0.25,pitch_rate,quadratic_ridge,arousal,hybrid,0.4644626494322779
20260922,0,0.25,pitch_rate,quadratic_ridge,dominance,hybrid,0.3140418343068571
20260922,0,0.5,pitch,linear_ridge,valence,absolute,-0.00040302397746910763
20260922,0,0.5,pitch,linear_ridge,arousal,absolute,0.18817571955451734
20260922,0,0.5,pitch,linear_ridge,dominance,absolute,0.08125825952027561
20260922,0,0.5,pitch,linear_ridge,valence,relative,-0.000706994365572796
20260922,0,0.5,pitch,linear_ridge,arousal,relative,0.36253042433183447
20260922,0,0.5,pitch,linear_ridge,dominance,relative,0.15818339209075813
20260922,0,0.5,pitch,linear_ridge,valence,hybrid,-0.000591912593904641
20260922,0,0.5,pitch,linear_ridge,arousal,hybrid,0.359812615807497
20260922,0,0.5,pitch,linear_ridge,dominance,hybrid,0.1581225232506058
20260922,0,0.5,pitch,quadratic_ridge,valence,absolute,0.002402022832640388
20260922,0,0.5,pitch,quadratic_ridge,arousal,absolute,0.1800841659923105
20260922,0,0.5,pitch,quadratic_ridge,dominance,absolute,0.07845255386436577
20260922,0,0.5,pitch,quadratic_ridge,valence,relative,0.0008976208097322165
20260922,0,0.5,pitch,quadratic_ridge,arousal,relative,0.36081459706346
20260922,0,0.5,pitch,quadratic_ridge,dominance,relative,0.16290357468936997
20260922,0,0.5,pitch,quadratic_ridge,valence,hybrid,0.0021629852282105616
20260922,0,0.5,pitch,quadratic_ridge,arousal,hybrid,0.38033863107255833
20260922,0,0.5,pitch,quadratic_ridge,dominance,hybrid,0.1770853030201938
20260922,0,0.5,rate,linear_ridge,valence,absolute,0.01412039914829865
20260922,0,0.5,rate,linear_ridge,arousal,absolute,0.13846688270940327
20260922,0,0.5,rate,linear_ridge,dominance,absolute,0.19320369489553538
20260922,0,0.5,rate,linear_ridge,valence,relative,0.014912679326354586
20260922,0,0.5,rate,linear_ridge,arousal,relative,0.140374302501513
20260922,0,0.5,rate,linear_ridge,dominance,relative,0.19273818028662446
20260922,0,0.5,rate,linear_ridge,valence,hybrid,0.014477993005190364
20260922,0,0.5,rate,linear_ridge,arousal,hybrid,0.1398948976584537
20260922,0,0.5,rate,linear_ridge,dominance,hybrid,0.19209767605789416
20260922,0,0.5,rate,quadratic_ridge,valence,absolute,0.015411416932838783
20260922,0,0.5,rate,quadratic_ridge,arousal,absolute,0.142558660379271
20260922,0,0.5,rate,quadratic_ridge,dominance,absolute,0.19299115913094958
20260922,0,0.5,rate,quadratic_ridge,valence,relative,0.018713665081175876
20260922,0,0.5,rate,quadratic_ridge,arousal,relative,0.154124954765433
20260922,0,0.5,rate,quadratic_ridge,dominance,relative,0.19952707363657926
20260922,0,0.5,rate,quadratic_ridge,valence,hybrid,0.025272382477542474
20260922,0,0.5,rate,quadratic_ridge,arousal,hybrid,0.14741393936734393
20260922,0,0.5,rate,quadratic_ridge,dominance,hybrid,0.15306313470023097
20260922,0,0.5,pitch_rate,linear_ridge,valence,absolute,0.013104197029202585
20260922,0,0.5,pitch_rate,linear_ridge,arousal,absolute,0.28215571194277356
20260922,0,0.5,pitch_rate,linear_ridge,dominance,absolute,0.2434200338813437
20260922,0,0.5,pitch_rate,linear_ridge,valence,relative,0.013686830120269387
20260922,0,0.5,pitch_rate,linear_ridge,arousal,relative,0.416465155028683
20260922,0,0.5,pitch_rate,linear_ridge,dominance,relative,0.28787814176290527
20260922,0,0.5,pitch_rate,linear_ridge,valence,hybrid,0.013417547196669063
20260922,0,0.5,pitch_rate,linear_ridge,arousal,hybrid,0.4161365884521497
20260922,0,0.5,pitch_rate,linear_ridge,dominance,hybrid,0.28787830863407327
20260922,0,0.5,pitch_rate,quadratic_ridge,valence,absolute,0.03451165642860921
20260922,0,0.5,pitch_rate,quadratic_ridge,arousal,absolute,0.2961171820251323
20260922,0,0.5,pitch_rate,quadratic_ridge,dominance,absolute,0.25214496204300807
20260922,0,0.5,pitch_rate,quadratic_ridge,valence,relative,0.03893717085973917
20260922,0,0.5,pitch_rate,quadratic_ridge,arousal,relative,0.4377940910743834
20260922,0,0.5,pitch_rate,quadratic_ridge,dominance,relative,0.2985266517091475
20260922,0,0.5,pitch_rate,quadratic_ridge,valence,hybrid,0.04548533116325551
20260922,0,0.5,pitch_rate,quadratic_ridge,arousal,hybrid,0.4577120340055976
20260922,0,0.5,pitch_rate,quadratic_ridge,dominance,hybrid,0.2510786054923777
20260922,0,0.75,pitch,linear_ridge,valence,absolute,-0.00037356386586056254
20260922,0,0.75,pitch,linear_ridge,arousal,absolute,0.18301097336816835
20260922,0,0.75,pitch,linear_ridge,dominance,absolute,0.08209428932813607
20260922,0,0.75,pitch,linear_ridge,valence,relative,-0.0006935257129608809
20260922,0,0.75,pitch,linear_ridge,arousal,relative,0.3545237330882887
20260922,0,0.75,pitch,linear_ridge,dominance,relative,0.15700162908116402
20260922,0,0.75,pitch,linear_ridge,valence,hybrid,-0.00042192808979397734
20260922,0,0.75,pitch,linear_ridge,arousal,hybrid,0.3485416524645952
20260922,0,0.75,pitch,linear_ridge,dominance,hybrid,0.15631187992105441
20260922,0,0.75,pitch,quadratic_ridge,valence,absolute,0.0024777004459061347
20260922,0,0.75,pitch,quadratic_ridge,arousal,absolute,0.17581955034703464
20260922,0,0.75,pitch,quadratic_ridge,dominance,absolute,0.08050434083681869
20260922,0,0.75,pitch,quadratic_ridge,valence,relative,0.0008172104700362905
20260922,0,0.75,pitch,quadratic_ridge,arousal,relative,0.3525391088269071
20260922,0,0.75,pitch,quadratic_ridge,dominance,relative,0.16175192378334483
20260922,0,0.75,pitch,quadratic_ridge,valence,hybrid,0.001947985916629652
20260922,0,0.75,pitch,quadratic_ridge,arousal,hybrid,0.3693091685789186
20260922,0,0.75,pitch,quadratic_ridge,dominance,hybrid,0.17552665032991896
20260922,0,0.75,rate,linear_ridge,valence,absolute,0.013855090147653263
20260922,0,0.75,rate,linear_ridge,arousal,absolute,0.13607548926070775
20260922,0,0.75,rate,linear_ridge,dominance,absolute,0.1941219307420834
20260922,0,0.75,rate,linear_ridge,valence,relative,0.014861787252515007
20260922,0,0.75,rate,linear_ridge,arousal,relative,0.13706453670955582
20260922,0,0.75,rate,linear_ridge,dominance,relative,0.19079527358917034
20260922,0,0.75,rate,linear_ridge,valence,hybrid,0.013850671849413151
20260922,0,0.75,rate,linear_ridge,arousal,hybrid,0.13604623862316725
20260922,0,0.75,rate,linear_ridge,dominance,hybrid,0.18973900227698146
20260922,0,0.75,rate,quadratic_ridge,valence,absolute,0.015188712444326092
20260922,0,0.75,rate,quadratic_ridge,arousal,absolute,0.14006940993200404
20260922,0,0.75,rate,quadratic_ridge,dominance,absolute,0.19392258261848655
20260922,0,0.75,rate,quadratic_ridge,valence,relative,0.018787344159382824
20260922,0,0.75,rate,quadratic_ridge,arousal,relative,0.15035902562463563
20260922,0,0.75,rate,quadratic_ridge,dominance,relative,0.19720130098310254
20260922,0,0.75,rate,quadratic_ridge,valence,hybrid,0.02921449072596971
20260922,0,0.75,rate,quadratic_ridge,arousal,hybrid,0.13257738363166088
20260922,0,0.75,rate,quadratic_ridge,dominance,hybrid,0.10997350955203988
20260922,0,0.75,pitch_rate,linear_ridge,valence,absolute,0.012678016030411073
20260922,0,0.75,pitch_rate,linear_ridge,arousal,absolute,0.2747472877550693
20260922,0,0.75,pitch_rate,linear_ridge,dominance,absolute,0.2436275267183598
20260922,0,0.75,pitch_rate,linear_ridge,valence,relative,0.013662376495009572
20260922,0,0.75,pitch_rate,linear_ridge,arousal,relative,0.4081527399569316
20260922,0,0.75,pitch_rate,linear_ridge,dominance,relative,0.2856213407817164
20260922,0,0.75,pitch_rate,linear_ridge,valence,hybrid,0.012994978258305501
20260922,0,0.75,pitch_rate,linear_ridge,arousal,hybrid,0.40721669819396966
20260922,0,0.75,pitch_rate,linear_ridge,dominance,hybrid,0.28548884047670214
20260922,0,0.75,pitch_rate,quadratic_ridge,valence,absolute,0.03445394830786732
20260922,0,0.75,pitch_rate,quadratic_ridge,arousal,absolute,0.2889783121909992
20260922,0,0.75,pitch_rate,quadratic_ridge,dominance,absolute,0.2532901339527702
20260922,0,0.75,pitch_rate,quadratic_ridge,valence,relative,0.03897489797062911
20260922,0,0.75,pitch_rate,quadratic_ridge,arousal,relative,0.428831239193985
20260922,0,0.75,pitch_rate,quadratic_ridge,dominance,relative,0.2957118531744543
20260922,0,0.75,pitch_rate,quadratic_ridge,valence,hybrid,0.04863050708690102
20260922,0,0.75,pitch_rate,quadratic_ridge,arousal,hybrid,0.4455276051312882
20260922,0,0.75,pitch_rate,quadratic_ridge,dominance,hybrid,0.18365648646982535
20260922,0,1.0,pitch,linear_ridge,valence,absolute,-0.00030625548400823916
20260922,0,1.0,pitch,linear_ridge,arousal,absolute,0.17644118063293013
20260922,0,1.0,pitch,linear_ridge,dominance,absolute,0.0824067802103254
20260922,0,1.0,pitch,linear_ridge,valence,relative,-0.0006800403615356609
20260922,0,1.0,pitch,linear_ridge,arousal,relative,0.34378610874431487
20260922,0,1.0,pitch,linear_ridge,dominance,relative,0.15513248076073788
20260922,0,1.0,pitch,linear_ridge,valence,hybrid,-0.000186739083673651
20260922,0,1.0,pitch,linear_ridge,arousal,hybrid,0.3339280699695826
20260922,0,1.0,pitch,linear_ridge,dominance,hybrid,0.15358508705066218
20260922,0,1.0,pitch,quadratic_ridge,valence,absolute,0.0025904206118299695
20260922,0,1.0,pitch,quadratic_ridge,arousal,absolute,0.1701376251575233
20260922,0,1.0,pitch,quadratic_ridge,dominance,absolute,0.08198081440067918
20260922,0,1.0,pitch,quadratic_ridge,valence,relative,0.0007367115552025775
20260922,0,1.0,pitch,quadratic_ridge,arousal,relative,0.34157825268548403
20260922,0,1.0,pitch,quadratic_ridge,dominance,relative,0.1598867937842333
20260922,0,1.0,pitch,quadratic_ridge,valence,hybrid,0.0016821486573400802
20260922,0,1.0,pitch,quadratic_ridge,arousal,hybrid,0.3552046878281361
20260922,0,1.0,pitch,quadratic_ridge,dominance,hybrid,0.17330179488127562
20260922,0,1.0,rate,linear_ridge,valence,absolute,0.013582794321870156
20260922,0,1.0,rate,linear_ridge,arousal,absolute,0.13247046426714235
20260922,0,1.0,rate,linear_ridge,dominance,absolute,0.19417815211135453
20260922,0,1.0,rate,linear_ridge,valence,relative,0.014808413750261089
20260922,0,1.0,rate,linear_ridge,arousal,relative,0.13264119759958368
20260922,0,1.0,rate,linear_ridge,dominance,relative,0.18805803142364125
20260922,0,1.0,rate,linear_ridge,valence,hybrid,0.012983921066299862
20260922,0,1.0,rate,linear_ridge,arousal,hybrid,0.13080829576905173
20260922,0,1.0,rate,linear_ridge,dominance,hybrid,0.18649618607958465
20260922,0,1.0,rate,quadratic_ridge,valence,absolute,0.01495888276765293
20260922,0,1.0,rate,quadratic_ridge,arousal,absolute,0.13630862549170336
20260922,0,1.0,rate,quadratic_ridge,dominance,absolute,0.1939862594419094
20260922,0,1.0,rate,quadratic_ridge,valence,relative,0.01885753529189814
20260922,0,1.0,rate,quadratic_ridge,arousal,relative,0.14539608195822176
20260922,0,1.0,rate,quadratic_ridge,dominance,relative,0.1940726987546198
20260922,0,1.0,rate,quadratic_ridge,valence,hybrid,0.03436655269622164
20260922,0,1.0,rate,quadratic_ridge,arousal,hybrid,0.11315009177203134
20260922,0,1.0,rate,quadratic_ridge,dominance,hybrid,0.07481628543584232
20260922,0,1.0,pitch_rate,linear_ridge,valence,absolute,0.01228181300126219
20260922,0,1.0,pitch_rate,linear_ridge,arousal,absolute,0.26514633917526553
20260922,0,1.0,pitch_rate,linear_ridge,dominance,absolute,0.2425844969206114
20260922,0,1.0,pitch_rate,linear_ridge,valence,relative,0.013635462732634758
20260922,0,1.0,pitch_rate,linear_ridge,arousal,relative,0.3967555535299049
20260922,0,1.0,pitch_rate,linear_ridge,dominance,relative,0.28219817846991585
20260922,0,1.0,pitch_rate,linear_ridge,valence,hybrid,0.012396343603486775
20260922,0,1.0,pitch_rate,linear_ridge,arousal,hybrid,0.39508332734510493
20260922,0,1.0,pitch_rate,linear_ridge,dominance,hybrid,0.28194106965957194
20260922,0,1.0,pitch_rate,quadratic_ridge,valence,absolute,0.034421079498211
20260922,0,1.0,pitch_rate,quadratic_ridge,arousal,absolute,0.2794614662095419
20260922,0,1.0,pitch_rate,quadratic_ridge,dominance,absolute,0.25311779174709303
20260922,0,1.0,pitch_rate,quadratic_ridge,valence,relative,0.03900501720809187
20260922,0,1.0,pitch_rate,quadratic_ridge,arousal,relative,0.41665969284046356
20260922,0,1.0,pitch_rate,quadratic_ridge,dominance,relative,0.2916920047035665
20260922,0,1.0,pitch_rate,quadratic_ridge,valence,hybrid,0.05282427474369642
20260922,0,1.0,pitch_rate,quadratic_ridge,arousal,hybrid,0.4285198662539161
20260922,0,1.0,pitch_rate,quadratic_ridge,dominance,hybrid,0.12933228894474924
20260922,1,0.0,pitch,linear_ridge,valence,absolute,0.00036487651101326646
20260922,1,0.0,pitch,linear_ridge,arousal,absolute,0.17083494362968527
20260922,1,0.0,pitch,linear_ridge,dominance,absolute,0.07711973843591668
20260922,1,0.0,pitch,linear_ridge,valence,relative,0.0006433091844669638
20260922,1,0.0,pitch,linear_ridge,arousal,relative,0.3155895553633117
20260922,1,0.0,pitch,linear_ridge,dominance,relative,0.13872648152057993
20260922,1,0.0,pitch,linear_ridge,valence,hybrid,0.0006448709074509354
20260922,1,0.0,pitch,linear_ridge,arousal,hybrid,0.31620196869158834
20260922,1,0.0,pitch,linear_ridge,dominance,hybrid,0.13903333857228978
20260922,1,0.0,pitch,quadratic_ridge,valence,absolute,0.001642559650064504
20260922,1,0.0,pitch,quadratic_ridge,arousal,absolute,0.16291417412711598
20260922,1,0.0,pitch,quadratic_ridge,dominance,absolute,0.07257620171609393
20260922,1,0.0,pitch,quadratic_ridge,valence,relative,-0.0019124182502275008
20260922,1,0.0,pitch,quadratic_ridge,arousal,relative,0.3177283934872709
20260922,1,0.0,pitch,quadratic_ridge,dominance,relative,0.14527490077293806
20260922,1,0.0,pitch,quadratic_ridge,valence,hybrid,0.0005062821454082482
20260922,1,0.0,pitch,quadratic_ridge,arousal,hybrid,0.3445337927803915
20260922,1,0.0,pitch,quadratic_ridge,dominance,hybrid,0.1682245402605411
20260922,1,0.0,rate,linear_ridge,valence,absolute,0.004980909164682379
20260922,1,0.0,rate,linear_ridge,arousal,absolute,0.13816634163417016
20260922,1,0.0,rate,linear_ridge,dominance,absolute,0.16063095657070642
20260922,1,0.0,rate,linear_ridge,valence,relative,0.005157910176833369
20260922,1,0.0,rate,linear_ridge,arousal,relative,0.1428048558148671
20260922,1,0.0,rate,linear_ridge,dominance,relative,0.1658727577679768
20260922,1,0.0,rate,linear_ridge,valence,hybrid,0.0051599061554473595
20260922,1,0.0,rate,linear_ridge,arousal,hybrid,0.1428504496067405
20260922,1,0.0,rate,linear_ridge,dominance,hybrid,0.16592040227525673
20260922,1,0.0,rate,quadratic_ridge,valence,absolute,0.008027753585684359
20260922,1,0.0,rate,quadratic_ridge,arousal,absolute,0.15387306478086327
20260922,1,0.0,rate,quadratic_ridge,dominance,absolute,0.1704777759383171
20260922,1,0.0,rate,quadratic_ridge,valence,relative,0.008380460105989614
20260922,1,0.0,rate,quadratic_ridge,arousal,relative,0.14994201316582473
20260922,1,0.0,rate,quadratic_ridge,dominance,relative,0.16996260136590868
20260922,1,0.0,rate,quadratic_ridge,valence,hybrid,0.007900970985565551
20260922,1,0.0,rate,quadratic_ridge,arousal,hybrid,0.14286241426457064
20260922,1,0.0,rate,quadratic_ridge,dominance,hybrid,0.16686832644907965
20260922,1,0.0,pitch_rate,linear_ridge,valence,absolute,0.005245504786952167
20260922,1,0.0,pitch_rate,linear_ridge,arousal,absolute,0.2632468956611189
20260922,1,0.0,pitch_rate,linear_ridge,dominance,absolute,0.20985639275792636
20260922,1,0.0,pitch_rate,linear_ridge,valence,relative,0.005293469964340672
20260922,1,0.0,pitch_rate,linear_ridge,arousal,relative,0.3814761690141354
20260922,1,0.0,pitch_rate,linear_ridge,dominance,relative,0.2526037205863616
20260922,1,0.0,pitch_rate,linear_ridge,valence,hybrid,0.00529851119036451
20260922,1,0.0,pitch_rate,linear_ridge,arousal,hybrid,0.3819078685000257
20260922,1,0.0,pitch_rate,linear_ridge,dominance,hybrid,0.25293108357374927
20260922,1,0.0,pitch_rate,quadratic_ridge,valence,absolute,0.02226932621369732
20260922,1,0.0,pitch_rate,quadratic_ridge,arousal,absolute,0.29234875361483315
20260922,1,0.0,pitch_rate,quadratic_ridge,dominance,absolute,0.23549288240804803
20260922,1,0.0,pitch_rate,quadratic_ridge,valence,relative,0.015524256878267254
20260922,1,0.0,pitch_rate,quadratic_ridge,arousal,relative,0.38680881820595514
20260922,1,0.0,pitch_rate,quadratic_ridge,dominance,relative,0.2527570203970198
20260922,1,0.0,pitch_rate,quadratic_ridge,valence,hybrid,0.022894170344552028
20260922,1,0.0,pitch_rate,quadratic_ridge,arousal,hybrid,0.3823626130761233
20260922,1,0.0,pitch_rate,quadratic_ridge,dominance,hybrid,0.2533571041829465
20260922,1,0.25,pitch,linear_ridge,valence,absolute,0.000673811895664431
20260922,1,0.25,pitch,linear_ridge,arousal,absolute,0.1732132264792683
20260922,1,0.25,pitch,linear_ridge,dominance,absolute,0.07644185041984534
20260922,1,0.25,pitch,linear_ridge,valence,relative,0.0006265030554262194
20260922,1,0.25,pitch,linear_ridge,arousal,relative,0.3146907193982775
20260922,1,0.25,pitch,linear_ridge,dominance,relative,0.1391747696135791
20260922,1,0.25,pitch,linear_ridge,valence,hybrid,0.0006580615702792785
20260922,1,0.25,pitch,linear_ridge,arousal,hybrid,0.3156334071049088
20260922,1,0.25,pitch,linear_ridge,dominance,hybrid,0.13926961531523202
20260922,1,0.25,pitch,quadratic_ridge,valence,absolute,0.0019659871909981906
20260922,1,0.25,pitch,quadratic_ridge,arousal,absolute,0.16732396554421336
20260922,1,0.25,pitch,quadratic_ridge,dominance,absolute,0.07399240908658873
20260922,1,0.25,pitch,quadratic_ridge,valence,relative,-0.0019097720927069093
20260922,1,0.25,pitch,quadratic_ridge,arousal,relative,0.31688828084412013
20260922,1,0.25,pitch,quadratic_ridge,dominance,relative,0.14579328057092553
20260922,1,0.25,pitch,quadratic_ridge,valence,hybrid,0.0004960321501905898
20260922,1,0.25,pitch,quadratic_ridge,arousal,hybrid,0.34401299624234044
20260922,1,0.25,pitch,quadratic_ridge,dominance,hybrid,0.16819451541840208
20260922,1,0.25,rate,linear_ridge,valence,absolute,0.004884857136950499
20260922,1,0.25,rate,linear_ridge,arousal,absolute,0.13865970561230767
20260922,1,0.25,rate,linear_ridge,dominance,absolute,0.16134481850609203
20260922,1,0.25,rate,linear_ridge,valence,relative,0.005133379396446865
20260922,1,0.25,rate,linear_ridge,arousal,relative,0.14187027064885444
20260922,1,0.25,rate,linear_ridge,dominance,relative,0.16469679984012833
20260922,1,0.25,rate,linear_ridge,valence,hybrid,0.0051515192613174774
20260922,1,0.25,rate,linear_ridge,arousal,hybrid,0.14154317892280283
20260922,1,0.25,rate,linear_ridge,dominance,hybrid,0.16426124046667068
20260922,1,0.25,rate,quadratic_ridge,valence,absolute,0.007940859734290219
20260922,1,0.25,rate,quadratic_ridge,arousal,absolute,0.15456116707006182
20260922,1,0.25,rate,quadratic_ridge,dominance,absolute,0.17138950606386047
20260922,1,0.25,rate,quadratic_ridge,valence,relative,0.008479397079100252
20260922,1,0.25,rate,quadratic_ridge,arousal,relative,0.14887754880233903
20260922,1,0.25,rate,quadratic_ridge,dominance,relative,0.1686221597495712
20260922,1,0.25,rate,quadratic_ridge,valence,hybrid,0.007974178814277574
20260922,1,0.25,rate,quadratic_ridge,arousal,hybrid,0.1408734230223795
20260922,1,0.25,rate,quadratic_ridge,dominance,hybrid,0.16481342778429883
20260922,1,0.25,pitch_rate,linear_ridge,valence,absolute,0.005436163303615266
20260922,1,0.25,pitch_rate,linear_ridge,arousal,absolute,0.269095403669816
20260922,1,0.25,pitch_rate,linear_ridge,dominance,absolute,0.21305247154353235
20260922,1,0.25,pitch_rate,linear_ridge,valence,relative,0.005255290748583395
20260922,1,0.25,pitch_rate,linear_ridge,arousal,relative,0.3799543278440502
20260922,1,0.25,pitch_rate,linear_ridge,dominance,relative,0.2518076751611317
20260922,1,0.25,pitch_rate,linear_ridge,valence,hybrid,0.005295190203811668
20260922,1,0.25,pitch_rate,linear_ridge,arousal,hybrid,0.3812410948980238
20260922,1,0.25,pitch_rate,linear_ridge,dominance,hybrid,0.25208578310365287
20260922,1,0.25,pitch_rate,quadratic_ridge,valence,absolute,0.022742092869701303
20260922,1,0.25,pitch_rate,quadratic_ridge,arousal,absolute,0.30129583242173613
20260922,1,0.25,pitch_rate,quadratic_ridge,dominance,absolute,0.24061629656964062
20260922,1,0.25,pitch_rate,quadratic_ridge,valence,relative,0.01568122276392776
20260922,1,0.25,pitch_rate,quadratic_ridge,arousal,relative,0.3847062338775831
20260922,1,0.25,pitch_rate,quadratic_ridge,dominance,relative,0.2514633903462303
20260922,1,0.25,pitch_rate,quadratic_ridge,valence,hybrid,0.02298874728457667
20260922,1,0.25,pitch_rate,quadratic_ridge,arousal,hybrid,0.3587903143117994
20260922,1,0.25,pitch_rate,quadratic_ridge,dominance,hybrid,0.23465475058912985
20260922,1,0.5,pitch,linear_ridge,valence,absolute,0.0009841274161082032
20260922,1,0.5,pitch,linear_ridge,arousal,absolute,0.17412669943190015
20260922,1,0.5,pitch,linear_ridge,dominance,absolute,0.0748998432974333
20260922,1,0.5,pitch,linear_ridge,valence,relative,0.0006095337343536323
20260922,1,0.5,pitch,linear_ridge,arousal,relative,0.3114698082271854
20260922,1,0.5,pitch,linear_ridge,dominance,relative,0.13839133578356502
20260922,1,0.5,pitch,linear_ridge,valence,hybrid,0.000671538615885634
20260922,1,0.5,pitch,linear_ridge,arousal,hybrid,0.31177928176421316
20260922,1,0.5,pitch,linear_ridge,dominance,hybrid,0.13768747334358952
20260922,1,0.5,pitch,quadratic_ridge,valence,absolute,0.002289637381196487
20260922,1,0.5,pitch,quadratic_ridge,arousal,absolute,0.17044762536172214
20260922,1,0.5,pitch,quadratic_ridge,dominance,absolute,0.07465619512513474
20260922,1,0.5,pitch,quadratic_ridge,valence,relative,-0.001906804574510241
20260922,1,0.5,pitch,quadratic_ridge,arousal,relative,0.31370120628142223
20260922,1,0.5,pitch,quadratic_ridge,dominance,relative,0.14501958921719368
20260922,1,0.5,pitch,quadratic_ridge,valence,hybrid,0.00048644537563387
20260922,1,0.5,pitch,quadratic_ridge,arousal,hybrid,0.3410114993338763
20260922,1,0.5,pitch,quadratic_ridge,dominance,hybrid,0.1670011644446026
20260922,1,0.5,rate,linear_ridge,valence,absolute,0.004789152650679472
20260922,1,0.5,rate,linear_ridge,arousal,absolute,0.13801053954550518
20260922,1,0.5,rate,linear_ridge,dominance,absolute,0.16062410540108712
20260922,1,0.5,rate,linear_ridge,valence,relative,0.005108410402150015
20260922,1,0.5,rate,linear_ridge,arousal,relative,0.139830309071165
20260922,1,0.5,rate,linear_ridge,dominance,relative,0.1621418503678349
20260922,1,0.5,rate,linear_ridge,valence,hybrid,0.005157445978372643
20260922,1,0.5,rate,linear_ridge,arousal,hybrid,0.1386559513890041
20260922,1,0.5,rate,linear_ridge,dominance,hybrid,0.16057515549113635
20260922,1,0.5,rate,quadratic_ridge,valence,absolute,0.007853917519879431
20260922,1,0.5,rate,quadratic_ridge,arousal,absolute,0.15397970494378255
20260922,1,0.5,rate,quadratic_ridge,dominance,absolute,0.17077602679407616
20260922,1,0.5,rate,quadratic_ridge,valence,relative,0.008577693969055354
20260922,1,0.5,rate,quadratic_ridge,arousal,relative,0.14666381740781104
20260922,1,0.5,rate,quadratic_ridge,dominance,relative,0.1658805040657178
20260922,1,0.5,rate,quadratic_ridge,valence,hybrid,0.00812996863664633
20260922,1,0.5,rate,quadratic_ridge,arousal,hybrid,0.13653570141682275
20260922,1,0.5,rate,quadratic_ridge,dominance,hybrid,0.16009453416965633
20260922,1,0.5,pitch_rate,linear_ridge,valence,absolute,0.005627074047110731
20260922,1,0.5,pitch_rate,linear_ridge,arousal,absolute,0.272965648637277
20260922,1,0.5,pitch_rate,linear_ridge,dominance,absolute,0.21424079352787834
20260922,1,0.5,pitch_rate,linear_ridge,valence,relative,0.005216513079696077
20260922,1,0.5,pitch_rate,linear_ridge,arousal,relative,0.3757740255437067
20260922,1,0.5,pitch_rate,linear_ridge,dominance,relative,0.24898397093465457
20260922,1,0.5,pitch_rate,linear_ridge,valence,hybrid,0.005278237280113281
20260922,1,0.5,pitch_rate,linear_ridge,arousal,hybrid,0.37809010435848567
20260922,1,0.5,pitch_rate,linear_ridge,dominance,hybrid,0.2488896687005793
20260922,1,0.5,pitch_rate,quadratic_ridge,valence,absolute,0.02320008129896988
20260922,1,0.5,pitch_rate,quadratic_ridge,arousal,absolute,0.30826357994898296
20260922,1,0.5,pitch_rate,quadratic_ridge,dominance,absolute,0.24365218578115133
20260922,1,0.5,pitch_rate,quadratic_ridge,valence,relative,0.015836509175514515
20260922,1,0.5,pitch_rate,quadratic_ridge,arousal,relative,0.3799033866194426
20260922,1,0.5,pitch_rate,quadratic_ridge,dominance,relative,0.24815216905167775
20260922,1,0.5,pitch_rate,quadratic_ridge,valence,hybrid,0.023242783999273563
20260922,1,0.5,pitch_rate,quadratic_ridge,arousal,hybrid,0.24730887948038743
20260922,1,0.5,pitch_rate,quadratic_ridge,dominance,hybrid,0.18114355203906388
20260922,1,0.75,pitch,linear_ridge,valence,absolute,0.0012953489345863371
20260922,1,0.75,pitch,linear_ridge,arousal,absolute,0.17348484143587303
20260922,1,0.75,pitch,linear_ridge,dominance,absolute,0.07251686653950985
20260922,1,0.75,pitch,linear_ridge,valence,relative,0.0005923984963791068
20260922,1,0.75,pitch,linear_ridge,arousal,relative,0.3060684456198937
20260922,1,0.75,pitch,linear_ridge,dominance,relative,0.13644971446433032
20260922,1,0.75,pitch,linear_ridge,valence,hybrid,0.0006852233885942841
20260922,1,0.75,pitch,linear_ridge,arousal,hybrid,0.3048729610769285
20260922,1,0.75,pitch,linear_ridge,dominance,hybrid,0.13444354419138607
20260922,1,0.75,pitch,quadratic_ridge,valence,absolute,0.002613039863941636
20260922,1,0.75,pitch,quadratic_ridge,arousal,absolute,0.17215174909591605
20260922,1,0.75,pitch,quadratic_ridge,dominance,absolute,0.07452555439927293
20260922,1,0.75,pitch,quadratic_ridge,valence,relative,-0.001903490723967388
20260922,1,0.75,pitch,quadratic_ridge,arousal,relative,0.3083053135455979
20260922,1,0.75,pitch,quadratic_ridge,dominance,relative,0.14302701283281194
20260922,1,0.75,pitch,quadratic_ridge,valence,hybrid,0.0004775676303056739
20260922,1,0.75,pitch,quadratic_ridge,arousal,hybrid,0.33565398949473013
20260922,1,0.75,pitch,quadratic_ridge,dominance,hybrid,0.16470656616311796
20260922,1,0.75,rate,linear_ridge,valence,absolute,0.004693836051361033
20260922,1,0.75,rate,linear_ridge,arousal,absolute,0.13626506838232938
20260922,1,0.75,rate,linear_ridge,dominance,absolute,0.15853310477948973
20260922,1,0.75,rate,linear_ridge,valence,relative,0.005082954828672717
20260922,1,0.75,rate,linear_ridge,arousal,relative,0.13676576724974884
20260922,1,0.75,rate,linear_ridge,dominance,relative,0.1583255419781304
20260922,1,0.75,rate,linear_ridge,valence,hybrid,0.00517769248308511
20260922,1,0.75,rate,linear_ridge,arousal,hybrid,0.13426587551215602
20260922,1,0.75,rate,linear_ridge,dominance,hybrid,0.15496283338971534
20260922,1,0.75,rate,quadratic_ridge,valence,absolute,0.007767038200546728
20260922,1,0.75,rate,quadratic_ridge,arousal,absolute,0.15217580467097166
20260922,1,0.75,rate,quadratic_ridge,dominance,absolute,0.16870340085814278
20260922,1,0.75,rate,quadratic_ridge,valence,relative,0.008675232584811956
20260922,1,0.75,rate,quadratic_ridge,arousal,relative,0.1433884111146167
20260922,1,0.75,rate,quadratic_ridge,dominance,relative,0.16186119144628705
20260922,1,0.75,rate,quadratic_ridge,valence,hybrid,0.008368165739981203
20260922,1,0.75,rate,quadratic_ridge,arousal,hybrid,0.1299696871427474
20260922,1,0.75,rate,quadratic_ridge,dominance,hybrid,0.15284433082305016
20260922,1,0.75,pitch_rate,linear_ridge,valence,absolute,0.005817927047672109
20260922,1,0.75,pitch_rate,linear_ridge,arousal,absolute,0.27468683121826626
20260922,1,0.75,pitch_rate,linear_ridge,dominance,absolute,0.21332529254007387
20260922,1,0.75,pitch_rate,linear_ridge,valence,relative,0.005177166446689339
20260922,1,0.75,pitch_rate,linear_ridge,arousal,relative,0.36909777858387777
20260922,1,0.75,pitch_rate,linear_ridge,dominance,relative,0.24428290622064577
20260922,1,0.75,pitch_rate,linear_ridge,valence,hybrid,0.005247829764570402
20260922,1,0.75,pitch_rate,linear_ridge,arousal,hybrid,0.37253808777930986
20260922,1,0.75,pitch_rate,linear_ridge,dominance,hybrid,0.24343274324591763
20260922,1,0.75,pitch_rate,quadratic_ridge,valence,absolute,0.023642660318452913
20260922,1,0.75,pitch_rate,quadratic_ridge,arousal,absolute,0.3130282882819766
20260922,1,0.75,pitch_rate,quadratic_ridge,dominance,absolute,0.2444461755232451
20260922,1,0.75,pitch_rate,quadratic_ridge,valence,relative,0.015990119535061298
20260922,1,0.75,pitch_rate,quadratic_ridge,arousal,relative,0.37258069853081444
20260922,1,0.75,pitch_rate,quadratic_ridge,dominance,relative,0.2429892537046149
20260922,1,0.75,pitch_rate,quadratic_ridge,valence,hybrid,0.02365046881501494
20260922,1,0.75,pitch_rate,quadratic_ridge,arousal,hybrid,0.14662506658816993
20260922,1,0.75,pitch_rate,quadratic_ridge,dominance,hybrid,0.12104331476072805
20260922,1,1.0,pitch,linear_ridge,valence,absolute,0.001606984486766274
20260922,1,1.0,pitch,linear_ridge,arousal,absolute,0.17120538456789433
20260922,1,1.0,pitch,linear_ridge,dominance,absolute,0.06936946921881336
20260922,1,1.0,pitch,linear_ridge,valence,relative,0.000575108439944521
20260922,1,1.0,pitch,linear_ridge,arousal,relative,0.2987574830427274
20260922,1,1.0,pitch,linear_ridge,dominance,relative,0.13348577760118055
20260922,1,1.0,pitch,linear_ridge,valence,hybrid,0.0006990486308078895
20260922,1,1.0,pitch,linear_ridge,arousal,hybrid,0.2953588871102718
20260922,1,1.0,pitch,linear_ridge,dominance,hybrid,0.12981186589457627
20260922,1,1.0,pitch,quadratic_ridge,valence,absolute,0.00293563844397201
20260922,1,1.0,pitch,quadratic_ridge,arousal,absolute,0.1723025585580103
20260922,1,1.0,pitch,quadratic_ridge,dominance,absolute,0.07360840744393864
20260922,1,1.0,pitch,quadratic_ridge,valence,relative,-0.0018998694703960745
20260922,1,1.0,pitch,quadratic_ridge,arousal,relative,0.3009710720920947
20260922,1,1.0,pitch,quadratic_ridge,dominance,relative,0.13995407185095185
20260922,1,1.0,pitch,quadratic_ridge,valence,hybrid,0.000469379359297614
20260922,1,1.0,pitch,quadratic_ridge,arousal,hybrid,0.32819568706151353
20260922,1,1.0,pitch,quadratic_ridge,dominance,hybrid,0.16142518528142635
20260922,1,1.0,rate,linear_ridge,valence,absolute,0.004598898314560829
20260922,1,1.0,rate,linear_ridge,arousal,absolute,0.13352752221582678
20260922,1,1.0,rate,linear_ridge,dominance,absolute,0.15520611459960124
20260922,1,1.0,rate,linear_ridge,valence,relative,0.005057069976621121
20260922,1,1.0,rate,linear_ridge,arousal,relative,0.13281713392366437
20260922,1,1.0,rate,linear_ridge,dominance,relative,0.15342861520937534
20260922,1,1.0,rate,linear_ridge,valence,hybrid,0.00521223200416488
20260922,1,1.0,rate,linear_ridge,arousal,hybrid,0.1285025461031135
20260922,1,1.0,rate,linear_ridge,dominance,hybrid,0.1475800913697288
20260922,1,1.0,rate,quadratic_ridge,valence,absolute,0.007680101477528374
20260922,1,1.0,rate,quadratic_ridge,arousal,absolute,0.149262507317968
20260922,1,1.0,rate,quadratic_ridge,dominance,absolute,0.16530997461524027
20260922,1,1.0,rate,quadratic_ridge,valence,relative,0.008772061867823006
20260922,1,1.0,rate,quadratic_ridge,arousal,relative,0.13920015864665705
20260922,1,1.0,rate,quadratic_ridge,dominance,relative,0.15675078022638553
20260922,1,1.0,rate,quadratic_ridge,valence,hybrid,0.008688758061611393
20260922,1,1.0,rate,quadratic_ridge,arousal,hybrid,0.12136225241034942
20260922,1,1.0,rate,quadratic_ridge,dominance,hybrid,0.14326633453583618
20260922,1,1.0,pitch_rate,linear_ridge,valence,absolute,0.006008352720647634
20260922,1,1.0,pitch_rate,linear_ridge,arousal,absolute,0.27406907962656046
20260922,1,1.0,pitch_rate,linear_ridge,dominance,absolute,0.21032232755128233
20260922,1,1.0,pitch_rate,linear_ridge,valence,relative,0.005137214692275572
20260922,1,1.0,pitch_rate,linear_ridge,arousal,relative,0.36023618350312303
20260922,1,1.0,pitch_rate,linear_ridge,dominance,relative,0.23794758831154308
20260922,1,1.0,pitch_rate,linear_ridge,valence,hybrid,0.00520417799509656
20260922,1,1.0,pitch_rate,linear_ridge,arousal,hybrid,0.3647313434920573
20260922,1,1.0,pitch_rate,linear_ridge,dominance,hybrid,0.235860816546768
20260922,1,1.0,pitch_rate,quadratic_ridge,valence,absolute,0.024068487250322516
20260922,1,1.0,pitch_rate,quadratic_ridge,arousal,absolute,0.3153274051401482
20260922,1,1.0,pitch_rate,quadratic_ridge,dominance,absolute,0.2429570163865276
20260922,1,1.0,pitch_rate,quadratic_ridge,valence,relative,0.016142011620463602
20260922,1,1.0,pitch_rate,quadratic_ridge,arousal,relative,0.3630686288009815
20260922,1,1.0,pitch_rate,quadratic_ridge,dominance,relative,0.23623054666929155
20260922,1,1.0,pitch_rate,quadratic_ridge,valence,hybrid,0.02420251642219764
20260922,1,1.0,pitch_rate,quadratic_ridge,arousal,hybrid,0.08093262984254851
20260922,1,1.0,pitch_rate,quadratic_ridge,dominance,hybrid,0.07067650114961352
20260922,2,0.0,pitch,linear_ridge,valence,absolute,-1.55467594717198e-05
20260922,2,0.0,pitch,linear_ridge,arousal,absolute,0.21901089294614062
20260922,2,0.0,pitch,linear_ridge,dominance,absolute,0.053117756057699785
20260922,2,0.0,pitch,linear_ridge,valence,relative,-2.926543858683514e-05
20260922,2,0.0,pitch,linear_ridge,arousal,relative,0.3947073526294768
20260922,2,0.0,pitch,linear_ridge,dominance,relative,0.09845823047029961
20260922,2,0.0,pitch,linear_ridge,valence,hybrid,-2.9370256301355788e-05
20260922,2,0.0,pitch,linear_ridge,arousal,hybrid,0.3948703193881716
20260922,2,0.0,pitch,linear_ridge,dominance,hybrid,0.09870783912772657
20260922,2,0.0,pitch,quadratic_ridge,valence,absolute,0.005046208569988877
20260922,2,0.0,pitch,quadratic_ridge,arousal,absolute,0.15677515698323197
20260922,2,0.0,pitch,quadratic_ridge,dominance,absolute,0.046287153245665305
20260922,2,0.0,pitch,quadratic_ridge,valence,relative,0.003612894005291237
20260922,2,0.0,pitch,quadratic_ridge,arousal,relative,0.39419995905116184
20260922,2,0.0,pitch,quadratic_ridge,dominance,relative,0.09984005456122089
20260922,2,0.0,pitch,quadratic_ridge,valence,hybrid,0.0057556418897964385
20260922,2,0.0,pitch,quadratic_ridge,arousal,hybrid,0.35616641501565083
20260922,2,0.0,pitch,quadratic_ridge,dominance,hybrid,0.09318829840996332
20260922,2,0.0,rate,linear_ridge,valence,absolute,0.007000050207561098
20260922,2,0.0,rate,linear_ridge,arousal,absolute,0.13795819575054585
20260922,2,0.0,rate,linear_ridge,dominance,absolute,0.12948777234775014
20260922,2,0.0,rate,linear_ridge,valence,relative,0.007192994372224255
20260922,2,0.0,rate,linear_ridge,arousal,relative,0.14208987119278613
20260922,2,0.0,rate,linear_ridge,dominance,relative,0.1333451430080431
20260922,2,0.0,rate,linear_ridge,valence,hybrid,0.007194020577010523
20260922,2,0.0,rate,linear_ridge,arousal,hybrid,0.14211836639930575
20260922,2,0.0,rate,linear_ridge,dominance,hybrid,0.13337177569744518
20260922,2,0.0,rate,quadratic_ridge,valence,absolute,0.006942112470832978
20260922,2,0.0,rate,quadratic_ridge,arousal,absolute,0.16025492524943283
20260922,2,0.0,rate,quadratic_ridge,dominance,absolute,0.1385410045931095
20260922,2,0.0,rate,quadratic_ridge,valence,relative,0.005517953778439176
20260922,2,0.0,rate,quadratic_ridge,arousal,relative,0.15357376824004162
20260922,2,0.0,rate,quadratic_ridge,dominance,relative,0.13426661153456868
20260922,2,0.0,rate,quadratic_ridge,valence,hybrid,0.0031768456941905572
20260922,2,0.0,rate,quadratic_ridge,arousal,hybrid,0.16063672988625727
20260922,2,0.0,rate,quadratic_ridge,dominance,hybrid,0.13347656412701414
20260922,2,0.0,pitch_rate,linear_ridge,valence,absolute,0.006915784758316735
20260922,2,0.0,pitch_rate,linear_ridge,arousal,absolute,0.3048930613459759
20260922,2,0.0,pitch_rate,linear_ridge,dominance,absolute,0.15968903155845007
20260922,2,0.0,pitch_rate,linear_ridge,valence,relative,0.007019202693443596
20260922,2,0.0,pitch_rate,linear_ridge,arousal,relative,0.4438472927868556
20260922,2,0.0,pitch_rate,linear_ridge,dominance,relative,0.18923363973309562
20260922,2,0.0,pitch_rate,linear_ridge,valence,hybrid,0.007020589190790344
20260922,2,0.0,pitch_rate,linear_ridge,arousal,hybrid,0.4437091652725637
20260922,2,0.0,pitch_rate,linear_ridge,dominance,hybrid,0.18941114585026939
20260922,2,0.0,pitch_rate,quadratic_ridge,valence,absolute,0.015458953758934664
20260922,2,0.0,pitch_rate,quadratic_ridge,arousal,absolute,0.24841834075128605
20260922,2,0.0,pitch_rate,quadratic_ridge,dominance,absolute,0.15870795611556043
20260922,2,0.0,pitch_rate,quadratic_ridge,valence,relative,0.0236893708407092
20260922,2,0.0,pitch_rate,quadratic_ridge,arousal,relative,0.45444087315981796
20260922,2,0.0,pitch_rate,quadratic_ridge,dominance,relative,0.19265237320217904
20260922,2,0.0,pitch_rate,quadratic_ridge,valence,hybrid,0.020834340109974883
20260922,2,0.0,pitch_rate,quadratic_ridge,arousal,hybrid,0.40921488538281753
20260922,2,0.0,pitch_rate,quadratic_ridge,dominance,hybrid,0.18311967450665842
20260922,2,0.25,pitch,linear_ridge,valence,absolute,9.073907376174603e-05
20260922,2,0.25,pitch,linear_ridge,arousal,absolute,0.21837764313242372
20260922,2,0.25,pitch,linear_ridge,dominance,absolute,0.055474610289255155
20260922,2,0.25,pitch,linear_ridge,valence,relative,-3.10189356476212e-05
20260922,2,0.25,pitch,linear_ridge,arousal,relative,0.3926068533969519
20260922,2,0.25,pitch,linear_ridge,dominance,relative,0.09863261417057846
20260922,2,0.25,pitch,linear_ridge,valence,hybrid,5.242446839115256e-06
20260922,2,0.25,pitch,linear_ridge,arousal,hybrid,0.3902949066865188
20260922,2,0.25,pitch,linear_ridge,dominance,hybrid,0.09890157300405798
20260922,2,0.25,pitch,quadratic_ridge,valence,absolute,0.004787604802090664
20260922,2,0.25,pitch,quadratic_ridge,arousal,absolute,0.15518296332175435
20260922,2,0.25,pitch,quadratic_ridge,dominance,absolute,0.04726440292804128
20260922,2,0.25,pitch,quadratic_ridge,valence,relative,0.0035416723316720354
20260922,2,0.25,pitch,quadratic_ridge,arousal,relative,0.392202477698896
20260922,2,0.25,pitch,quadratic_ridge,dominance,relative,0.10012729043374421
20260922,2,0.25,pitch,quadratic_ridge,valence,hybrid,0.005643711608287114
20260922,2,0.25,pitch,quadratic_ridge,arousal,hybrid,0.3511936148057378
20260922,2,0.25,pitch,quadratic_ridge,dominance,hybrid,0.09264271330075288
20260922,2,0.25,rate,linear_ridge,valence,absolute,0.006944506495650512
20260922,2,0.25,rate,linear_ridge,arousal,absolute,0.13886798213064838
20260922,2,0.25,rate,linear_ridge,dominance,absolute,0.1313849064029018
20260922,2,0.25,rate,linear_ridge,valence,relative,0.0071499952398240765
20260922,2,0.25,rate,linear_ridge,arousal,relative,0.14091301914597226
20260922,2,0.25,rate,linear_ridge,dominance,relative,0.13308525668466814
20260922,2,0.25,rate,linear_ridge,valence,hybrid,0.007151561753147842
20260922,2,0.25,rate,linear_ridge,arousal,hybrid,0.14105686922630026
20260922,2,0.25,rate,linear_ridge,dominance,hybrid,0.13308090647722687
20260922,2,0.25,rate,quadratic_ridge,valence,absolute,0.0069476233405978225
20260922,2,0.25,rate,quadratic_ridge,arousal,absolute,0.16207732021565735
20260922,2,0.25,rate,quadratic_ridge,dominance,absolute,0.14081623959332776
20260922,2,0.25,rate,quadratic_ridge,valence,relative,0.005555818217497431
20260922,2,0.25,rate,quadratic_ridge,arousal,relative,0.15251534863970378
20260922,2,0.25,rate,quadratic_ridge,dominance,relative,0.13402788147184477
20260922,2,0.25,rate,quadratic_ridge,valence,hybrid,0.003269261515680495
20260922,2,0.25,rate,quadratic_ridge,arousal,hybrid,0.15959836875836897
20260922,2,0.25,rate,quadratic_ridge,dominance,hybrid,0.13312446158085972
20260922,2,0.25,pitch_rate,linear_ridge,valence,absolute,0.006884133386690916
20260922,2,0.25,pitch_rate,linear_ridge,arousal,absolute,0.30222505853453874
20260922,2,0.25,pitch_rate,linear_ridge,dominance,absolute,0.16149208446655602
20260922,2,0.25,pitch_rate,linear_ridge,valence,relative,0.006981846729240839
20260922,2,0.25,pitch_rate,linear_ridge,arousal,relative,0.4416301194614063
20260922,2,0.25,pitch_rate,linear_ridge,dominance,relative,0.18915046395038626
20260922,2,0.25,pitch_rate,linear_ridge,valence,hybrid,0.007027983475937744
20260922,2,0.25,pitch_rate,linear_ridge,arousal,hybrid,0.43972859555576316
20260922,2,0.25,pitch_rate,linear_ridge,dominance,hybrid,0.1895355556478247
20260922,2,0.25,pitch_rate,quadratic_ridge,valence,absolute,0.015355159545045138
20260922,2,0.25,pitch_rate,quadratic_ridge,arousal,absolute,0.24430977977965268
20260922,2,0.25,pitch_rate,quadratic_ridge,dominance,absolute,0.15992264651701368
20260922,2,0.25,pitch_rate,quadratic_ridge,valence,relative,0.023818924103337597
20260922,2,0.25,pitch_rate,quadratic_ridge,arousal,relative,0.4523503785636243
20260922,2,0.25,pitch_rate,quadratic_ridge,dominance,relative,0.19253568048183287
20260922,2,0.25,pitch_rate,quadratic_ridge,valence,hybrid,0.02085544838649968
20260922,2,0.25,pitch_rate,quadratic_ridge,arousal,hybrid,0.40647805100299084
20260922,2,0.25,pitch_rate,quadratic_ridge,dominance,hybrid,0.18076137429857037
20260922,2,0.5,pitch,linear_ridge,valence,absolute,0.00022096124445555607
20260922,2,0.5,pitch,linear_ridge,arousal,absolute,0.21539223677841143
20260922,2,0.5,pitch,linear_ridge,dominance,absolute,0.05750666332310628
20260922,2,0.5,pitch,linear_ridge,valence,relative,-3.264333826244625e-05
20260922,2,0.5,pitch,linear_ridge,arousal,relative,0.3865380772461977
20260922,2,0.5,pitch,linear_ridge,dominance,relative,0.09843335612046292
20260922,2,0.5,pitch,linear_ridge,valence,hybrid,9.068070753909355e-05
20260922,2,0.5,pitch,linear_ridge,arousal,hybrid,0.38022728368373127
20260922,2,0.5,pitch,linear_ridge,dominance,hybrid,0.09859843278340827
20260922,2,0.5,pitch,quadratic_ridge,valence,absolute,0.0045364052603127265
20260922,2,0.5,pitch,quadratic_ridge,arousal,absolute,0.15191449383086025
20260922,2,0.5,pitch,quadratic_ridge,dominance,absolute,0.047970706744686745
20260922,2,0.5,pitch,quadratic_ridge,valence,relative,0.0034649201247846564
20260922,2,0.5,pitch,quadratic_ridge,arousal,relative,0.38624758446468294
20260922,2,0.5,pitch,quadratic_ridge,dominance,relative,0.10003714774772307
20260922,2,0.5,pitch,quadratic_ridge,valence,hybrid,0.005316697169278806
20260922,2,0.5,pitch,quadratic_ridge,arousal,hybrid,0.3370405820561824
20260922,2,0.5,pitch,quadratic_ridge,dominance,hybrid,0.08916991043074658
20260922,2,0.5,rate,linear_ridge,valence,absolute,0.0068767800010470885
20260922,2,0.5,rate,linear_ridge,arousal,absolute,0.13804218725247502
20260922,2,0.5,rate,linear_ridge,dominance,absolute,0.132791568656267
20260922,2,0.5,rate,linear_ridge,valence,relative,0.0070943720212353345
20260922,2,0.5,rate,linear_ridge,arousal,relative,0.13801567709279083
20260922,2,0.5,rate,linear_ridge,dominance,relative,0.1323150357078177
20260922,2,0.5,rate,linear_ridge,valence,hybrid,0.007095507210308265
20260922,2,0.5,rate,linear_ridge,arousal,hybrid,0.13886648868947454
20260922,2,0.5,rate,linear_ridge,dominance,hybrid,0.13265654806438706
20260922,2,0.5,rate,quadratic_ridge,valence,absolute,0.006941799573284807
20260922,2,0.5,rate,quadratic_ridge,arousal,absolute,0.16194818217023377
20260922,2,0.5,rate,quadratic_ridge,dominance,absolute,0.1425840986808574
20260922,2,0.5,rate,quadratic_ridge,valence,relative,0.005585469797744842
20260922,2,0.5,rate,quadratic_ridge,arousal,relative,0.14962122968905148
20260922,2,0.5,rate,quadratic_ridge,dominance,relative,0.13327830673327634
20260922,2,0.5,rate,quadratic_ridge,valence,hybrid,0.0034017506542705946
20260922,2,0.5,rate,quadratic_ridge,arousal,hybrid,0.15725814918669653
20260922,2,0.5,rate,quadratic_ridge,dominance,hybrid,0.1326358847485417
20260922,2,0.5,pitch_rate,linear_ridge,valence,absolute,0.0068664862141053495
20260922,2,0.5,pitch_rate,linear_ridge,arousal,absolute,0.2962064167062421
20260922,2,0.5,pitch_rate,linear_ridge,dominance,absolute,0.16247676346958037
20260922,2,0.5,pitch_rate,linear_ridge,valence,relative,0.006932189563031437
20260922,2,0.5,pitch_rate,linear_ridge,arousal,relative,0.43501947809258146
20260922,2,0.5,pitch_rate,linear_ridge,dominance,relative,0.1883812061414975
20260922,2,0.5,pitch_rate,linear_ridge,valence,hybrid,0.007079395540672845
20260922,2,0.5,pitch_rate,linear_ridge,arousal,hybrid,0.43174484014858344
20260922,2,0.5,pitch_rate,linear_ridge,dominance,hybrid,0.18955186130962923
20260922,2,0.5,pitch_rate,quadratic_ridge,valence,absolute,0.015234891271515515
20260922,2,0.5,pitch_rate,quadratic_ridge,arousal,absolute,0.23740944785573098
20260922,2,0.5,pitch_rate,quadratic_ridge,dominance,absolute,0.16032342431645474
20260922,2,0.5,pitch_rate,quadratic_ridge,valence,relative,0.023908771126801086
20260922,2,0.5,pitch_rate,quadratic_ridge,arousal,relative,0.4458989027884491
20260922,2,0.5,pitch_rate,quadratic_ridge,dominance,relative,0.19173039885682408
20260922,2,0.5,pitch_rate,quadratic_ridge,valence,hybrid,0.020081577832143985
20260922,2,0.5,pitch_rate,quadratic_ridge,arousal,hybrid,0.3923167455801055
20260922,2,0.5,pitch_rate,quadratic_ridge,dominance,hybrid,0.1688620716910865
20260922,2,0.75,pitch,linear_ridge,valence,absolute,0.0003743783256433222
20260922,2,0.75,pitch,linear_ridge,arousal,absolute,0.21064677779675972
20260922,2,0.75,pitch,linear_ridge,dominance,absolute,0.059209530732659756
20260922,2,0.75,pitch,linear_ridge,valence,relative,-3.413520743358687e-05
20260922,2,0.75,pitch,linear_ridge,arousal,relative,0.37686772587010436
20260922,2,0.75,pitch,linear_ridge,dominance,relative,0.09786829683527176
20260922,2,0.75,pitch,linear_ridge,valence,hybrid,0.00022627324472243173
20260922,2,0.75,pitch,linear_ridge,arousal,hybrid,0.3656580200992426
20260922,2,0.75,pitch,linear_ridge,dominance,hybrid,0.09782353353802145
20260922,2,0.75,pitch,quadratic_ridge,valence,absolute,0.004293835163391762
20260922,2,0.75,pitch,quadratic_ridge,arousal,absolute,0.1474242374444708
20260922,2,0.75,pitch,quadratic_ridge,dominance,absolute,0.04841694252411122
20260922,2,0.75,pitch,quadratic_ridge,valence,relative,0.0033831869948692055
20260922,2,0.75,pitch,quadratic_ridge,arousal,relative,0.3766946183223639
20260922,2,0.75,pitch,quadratic_ridge,dominance,relative,0.09957649692441607
20260922,2,0.75,pitch,quadratic_ridge,valence,hybrid,0.004777762407531652
20260922,2,0.75,pitch,quadratic_ridge,arousal,hybrid,0.31482097919093904
20260922,2,0.75,pitch,quadratic_ridge,dominance,hybrid,0.08289184193260746
20260922,2,0.75,rate,linear_ridge,valence,absolute,0.006797613519314261
20260922,2,0.75,rate,linear_ridge,arousal,absolute,0.13556037058968254
20260922,2,0.75,rate,linear_ridge,dominance,absolute,0.13369140867870768
20260922,2,0.75,rate,linear_ridge,valence,relative,0.007026730204999903
20260922,2,0.75,rate,linear_ridge,arousal,relative,0.13359424000625522
20260922,2,0.75,rate,linear_ridge,dominance,relative,0.13104873727783323
20260922,2,0.75,rate,linear_ridge,valence,hybrid,0.007026424044868123
20260922,2,0.75,rate,linear_ridge,arousal,hybrid,0.1356335950762853
20260922,2,0.75,rate,linear_ridge,dominance,hybrid,0.13209965201788318
20260922,2,0.75,rate,quadratic_ridge,valence,absolute,0.006925010768471191
20260922,2,0.75,rate,quadratic_ridge,arousal,absolute,0.15992059527502042
20260922,2,0.75,rate,quadratic_ridge,dominance,absolute,0.1438257974414685
20260922,2,0.75,rate,quadratic_ridge,valence,relative,0.005606898280712245
20260922,2,0.75,rate,quadratic_ridge,arousal,relative,0.14509720727805803
20260922,2,0.75,rate,quadratic_ridge,dominance,relative,0.13203195682346924
20260922,2,0.75,rate,quadratic_ridge,valence,hybrid,0.003573798297117573
20260922,2,0.75,rate,quadratic_ridge,arousal,hybrid,0.15371801402261548
20260922,2,0.75,rate,quadratic_ridge,dominance,hybrid,0.13201142996196555
20260922,2,0.75,pitch_rate,linear_ridge,valence,absolute,0.006862982765731862
20260922,2,0.75,pitch_rate,linear_ridge,arousal,absolute,0.28765677531859324
20260922,2,0.75,pitch_rate,linear_ridge,dominance,absolute,0.16267518194503627
20260922,2,0.75,pitch_rate,linear_ridge,valence,relative,0.00687075425197054
20260922,2,0.75,pitch_rate,linear_ridge,arousal,relative,0.4244012827015908
20260922,2,0.75,pitch_rate,linear_ridge,dominance,relative,0.1869423140708794
20260922,2,0.75,pitch_rate,linear_ridge,valence,hybrid,0.007174484271523839
20260922,2,0.75,pitch_rate,linear_ridge,arousal,hybrid,0.4202802185633336
20260922,2,0.75,pitch_rate,linear_ridge,dominance,hybrid,0.18945991141571958
20260922,2,0.75,pitch_rate,quadratic_ridge,valence,absolute,0.015099189477571192
20260922,2,0.75,pitch_rate,quadratic_ridge,arousal,absolute,0.2284332654023616
20260922,2,0.75,pitch_rate,quadratic_ridge,dominance,absolute,0.15994246223569267
20260922,2,0.75,pitch_rate,quadratic_ridge,valence,relative,0.023959111737837754
20260922,2,0.75,pitch_rate,quadratic_ridge,arousal,relative,0.43547283579841406
20260922,2,0.75,pitch_rate,quadratic_ridge,dominance,relative,0.1902535210333231
20260922,2,0.75,pitch_rate,quadratic_ridge,valence,hybrid,0.01854566021192751
20260922,2,0.75,pitch_rate,quadratic_ridge,arousal,hybrid,0.3676952465958736
20260922,2,0.75,pitch_rate,quadratic_ridge,dominance,hybrid,0.1492988050920632
20260922,2,1.0,pitch,linear_ridge,valence,absolute,0.000550062625652533
20260922,2,1.0,pitch,linear_ridge,arousal,absolute,0.20465193321461958
20260922,2,1.0,pitch,linear_ridge,dominance,absolute,0.0605926919835053
20260922,2,1.0,pitch,linear_ridge,valence,relative,-3.549531971912054e-05
20260922,2,1.0,pitch,linear_ridge,arousal,relative,0.3641283495171198
20260922,2,1.0,pitch,linear_ridge,dominance,relative,0.09695496858091716
20260922,2,1.0,pitch,linear_ridge,valence,hybrid,0.0004109572741743623
20260922,2,1.0,pitch,linear_ridge,arousal,hybrid,0.3478071313879302
20260922,2,1.0,pitch,linear_ridge,dominance,hybrid,0.09662279831628913
20260922,2,1.0,pitch,quadratic_ridge,valence,absolute,0.004060861790788874
20260922,2,1.0,pitch,quadratic_ridge,arousal,absolute,0.14210179386902466
20260922,2,1.0,pitch,quadratic_ridge,dominance,absolute,0.0486229135568168
20260922,2,1.0,pitch,quadratic_ridge,valence,relative,0.0032968821199556315
20260922,2,1.0,pitch,quadratic_ridge,arousal,relative,0.3640708808053895
20260922,2,1.0,pitch,quadratic_ridge,dominance,relative,0.0987622752697103
20260922,2,1.0,pitch,quadratic_ridge,valence,hybrid,0.0040319159828085946
20260922,2,1.0,pitch,quadratic_ridge,arousal,hybrid,0.2860595719503539
20260922,2,1.0,pitch,quadratic_ridge,dominance,hybrid,0.07400698057723264
20260922,2,1.0,rate,linear_ridge,valence,absolute,0.006707332352507239
20260922,2,1.0,rate,linear_ridge,arousal,absolute,0.13161295288561853
20260922,2,1.0,rate,linear_ridge,dominance,absolute,0.13408209376804864
20260922,2,1.0,rate,linear_ridge,valence,relative,0.006947421848500963
20260922,2,1.0,rate,linear_ridge,arousal,relative,0.12792719815841702
20260922,2,1.0,rate,linear_ridge,dominance,relative,0.12931504418234369
20260922,2,1.0,rate,linear_ridge,valence,hybrid,0.00694471213354362
20260922,2,1.0,rate,linear_ridge,arousal,hybrid,0.13148067066479158
20260922,2,1.0,rate,linear_ridge,dominance,hybrid,0.13141172465808013
20260922,2,1.0,rate,quadratic_ridge,valence,absolute,0.006897306049630408
20260922,2,1.0,rate,quadratic_ridge,arousal,absolute,0.15617304680902006
20260922,2,1.0,rate,quadratic_ridge,dominance,absolute,0.14453460682663472
20260922,2,1.0,rate,quadratic_ridge,valence,relative,0.0056199663733789195
20260922,2,1.0,rate,quadratic_ridge,arousal,relative,0.13923474669250427
20260922,2,1.0,rate,quadratic_ridge,dominance,relative,0.13031697629252778
20260922,2,1.0,rate,quadratic_ridge,valence,hybrid,0.0037844596864993023
20260922,2,1.0,rate,quadratic_ridge,arousal,hybrid,0.14912567899032864
20260922,2,1.0,rate,quadratic_ridge,dominance,hybrid,0.13125185894768
20260922,2,1.0,pitch_rate,linear_ridge,valence,absolute,0.006873266515950934
20260922,2,1.0,pitch_rate,linear_ridge,arousal,absolute,0.2773321875907112
20260922,2,1.0,pitch_rate,linear_ridge,dominance,absolute,0.16214734380463555
20260922,2,1.0,pitch_rate,linear_ridge,valence,relative,0.006797837278471924
20260922,2,1.0,pitch_rate,linear_ridge,arousal,relative,0.4103472876511411
20260922,2,1.0,pitch_rate,linear_ridge,dominance,relative,0.18486816313502447
20260922,2,1.0,pitch_rate,linear_ridge,valence,hybrid,0.007312338024705691
20260922,2,1.0,pitch_rate,linear_ridge,arousal,hybrid,0.40598312434273587
20260922,2,1.0,pitch_rate,linear_ridge,dominance,hybrid,0.18926235648949422
20260922,2,1.0,pitch_rate,quadratic_ridge,valence,absolute,0.014948522900925179
20260922,2,1.0,pitch_rate,quadratic_ridge,arousal,absolute,0.21805897017273912
20260922,2,1.0,pitch_rate,quadratic_ridge,dominance,absolute,0.1588370477834022
20260922,2,1.0,pitch_rate,quadratic_ridge,valence,relative,0.023969642405921164
20260922,2,1.0,pitch_rate,quadratic_ridge,arousal,relative,0.42163359245629944
20260922,2,1.0,pitch_rate,quadratic_ridge,dominance,relative,0.18813989967485856
20260922,2,1.0,pitch_rate,quadratic_ridge,valence,hybrid,0.016302768020482333
20260922,2,1.0,pitch_rate,quadratic_ridge,arousal,hybrid,0.3341130292049822
20260922,2,1.0,pitch_rate,quadratic_ridge,dominance,hybrid,0.12475627049584655
20260922,3,0.0,pitch,linear_ridge,valence,absolute,9.821472350050283e-05
20260922,3,0.0,pitch,linear_ridge,arousal,absolute,0.20107805677824034
20260922,3,0.0,pitch,linear_ridge,dominance,absolute,0.07580985824667161
20260922,3,0.0,pitch,linear_ridge,valence,relative,0.0001944910914551158
20260922,3,0.0,pitch,linear_ridge,arousal,relative,0.3588051864600028
20260922,3,0.0,pitch,linear_ridge,dominance,relative,0.1440992192417975
20260922,3,0.0,pitch,linear_ridge,valence,hybrid,0.0001948789817417314
20260922,3,0.0,pitch,linear_ridge,arousal,hybrid,0.35947552334241745
20260922,3,0.0,pitch,linear_ridge,dominance,hybrid,0.14437852898609652
20260922,3,0.0,pitch,quadratic_ridge,valence,absolute,0.00867352739645291
20260922,3,0.0,pitch,quadratic_ridge,arousal,absolute,0.21126316840704334
20260922,3,0.0,pitch,quadratic_ridge,dominance,absolute,0.07893539440453089
20260922,3,0.0,pitch,quadratic_ridge,valence,relative,0.0036886781599261603
20260922,3,0.0,pitch,quadratic_ridge,arousal,relative,0.36210127199163655
20260922,3,0.0,pitch,quadratic_ridge,dominance,relative,0.15208027316043407
20260922,3,0.0,pitch,quadratic_ridge,valence,hybrid,0.008426916294793758
20260922,3,0.0,pitch,quadratic_ridge,arousal,hybrid,0.3798486910756924
20260922,3,0.0,pitch,quadratic_ridge,dominance,hybrid,0.16574992574527664
20260922,3,0.0,rate,linear_ridge,valence,absolute,0.00702573963228119
20260922,3,0.0,rate,linear_ridge,arousal,absolute,0.18852767308467003
20260922,3,0.0,rate,linear_ridge,dominance,absolute,0.20355674117555833
20260922,3,0.0,rate,linear_ridge,valence,relative,0.007293832851056635
20260922,3,0.0,rate,linear_ridge,arousal,relative,0.19497108342388345
20260922,3,0.0,rate,linear_ridge,dominance,relative,0.21030060129115039
20260922,3,0.0,rate,linear_ridge,valence,hybrid,0.00729553170724299
20260922,3,0.0,rate,linear_ridge,arousal,hybrid,0.1950159499764351
20260922,3,0.0,rate,linear_ridge,dominance,hybrid,0.21034842224623365
20260922,3,0.0,rate,quadratic_ridge,valence,absolute,0.01086345816783503
20260922,3,0.0,rate,quadratic_ridge,arousal,absolute,0.2052725141137428
20260922,3,0.0,rate,quadratic_ridge,dominance,absolute,0.21082993463413838
20260922,3,0.0,rate,quadratic_ridge,valence,relative,0.012107650603911098
20260922,3,0.0,rate,quadratic_ridge,arousal,relative,0.21544889729527816
20260922,3,0.0,rate,quadratic_ridge,dominance,relative,0.22002059878500252
20260922,3,0.0,rate,quadratic_ridge,valence,hybrid,0.011855288730140134
20260922,3,0.0,rate,quadratic_ridge,arousal,hybrid,0.21434497075314227
20260922,3,0.0,rate,quadratic_ridge,dominance,hybrid,0.22009812315401486
20260922,3,0.0,pitch_rate,linear_ridge,valence,absolute,0.006078465268529037
20260922,3,0.0,pitch_rate,linear_ridge,arousal,absolute,0.3300162773645715
20260922,3,0.0,pitch_rate,linear_ridge,dominance,absolute,0.2478462349724886
20260922,3,0.0,pitch_rate,linear_ridge,valence,relative,0.0051071584905090775
20260922,3,0.0,pitch_rate,linear_ridge,arousal,relative,0.44070100529718237
20260922,3,0.0,pitch_rate,linear_ridge,dominance,relative,0.2879328022433426
20260922,3,0.0,pitch_rate,linear_ridge,valence,hybrid,0.005112798967480601
20260922,3,0.0,pitch_rate,linear_ridge,arousal,hybrid,0.44144673949908436
20260922,3,0.0,pitch_rate,linear_ridge,dominance,hybrid,0.288298432449704
20260922,3,0.0,pitch_rate,quadratic_ridge,valence,absolute,0.020965053055770316
20260922,3,0.0,pitch_rate,quadratic_ridge,arousal,absolute,0.35474105590215155
20260922,3,0.0,pitch_rate,quadratic_ridge,dominance,absolute,0.25953353451388184
20260922,3,0.0,pitch_rate,quadratic_ridge,valence,relative,0.022135140526804663
20260922,3,0.0,pitch_rate,quadratic_ridge,arousal,relative,0.44846792155039905
20260922,3,0.0,pitch_rate,quadratic_ridge,dominance,relative,0.2888465030833418
20260922,3,0.0,pitch_rate,quadratic_ridge,valence,hybrid,0.027491694072997105
20260922,3,0.0,pitch_rate,quadratic_ridge,arousal,hybrid,0.4602252031525422
20260922,3,0.0,pitch_rate,quadratic_ridge,dominance,hybrid,0.293636867290408
20260922,3,0.25,pitch,linear_ridge,valence,absolute,0.0009362503917471729
20260922,3,0.25,pitch,linear_ridge,arousal,absolute,0.21815462266984137
20260922,3,0.25,pitch,linear_ridge,dominance,absolute,0.07602983496675625
20260922,3,0.25,pitch,linear_ridge,valence,relative,0.000198143160035142
20260922,3,0.25,pitch,linear_ridge,arousal,relative,0.3568921329694556
20260922,3,0.25,pitch,linear_ridge,dominance,relative,0.14466163829673562
20260922,3,0.25,pitch,linear_ridge,valence,hybrid,0.00040884283773906884
20260922,3,0.25,pitch,linear_ridge,arousal,hybrid,0.35856965439531197
20260922,3,0.25,pitch,linear_ridge,dominance,hybrid,0.14493547140402602
20260922,3,0.25,pitch,quadratic_ridge,valence,absolute,0.00951313285406813
20260922,3,0.25,pitch,quadratic_ridge,arousal,absolute,0.22969134288345783
20260922,3,0.25,pitch,quadratic_ridge,dominance,absolute,0.0797314068068037
20260922,3,0.25,pitch,quadratic_ridge,valence,relative,0.003680115036808103
20260922,3,0.25,pitch,quadratic_ridge,arousal,relative,0.36035563109385
20260922,3,0.25,pitch,quadratic_ridge,dominance,relative,0.15294588668551984
20260922,3,0.25,pitch,quadratic_ridge,valence,hybrid,0.008705544485629133
20260922,3,0.25,pitch,quadratic_ridge,arousal,hybrid,0.3792719154318298
20260922,3,0.25,pitch,quadratic_ridge,dominance,hybrid,0.1658957177082229
20260922,3,0.25,rate,linear_ridge,valence,absolute,0.006694262979753789
20260922,3,0.25,rate,linear_ridge,arousal,absolute,0.18941380215403547
20260922,3,0.25,rate,linear_ridge,dominance,absolute,0.2072915948666336
20260922,3,0.25,rate,linear_ridge,valence,relative,0.007214006035802199
20260922,3,0.25,rate,linear_ridge,arousal,relative,0.19443925654953514
20260922,3,0.25,rate,linear_ridge,dominance,relative,0.21043200911666815
20260922,3,0.25,rate,linear_ridge,valence,hybrid,0.007301157124618648
20260922,3,0.25,rate,linear_ridge,arousal,hybrid,0.19257289863244964
20260922,3,0.25,rate,linear_ridge,dominance,hybrid,0.210107060070546
20260922,3,0.25,rate,quadratic_ridge,valence,absolute,0.010522169705608746
20260922,3,0.25,rate,quadratic_ridge,arousal,absolute,0.20675348333697938
20260922,3,0.25,rate,quadratic_ridge,dominance,absolute,0.2148960020052669
20260922,3,0.25,rate,quadratic_ridge,valence,relative,0.012237838377406145
20260922,3,0.25,rate,quadratic_ridge,arousal,relative,0.2148681870869992
20260922,3,0.25,rate,quadratic_ridge,dominance,relative,0.21965613915945317
20260922,3,0.25,rate,quadratic_ridge,valence,hybrid,0.012020408261102442
20260922,3,0.25,rate,quadratic_ridge,arousal,hybrid,0.2122251432202449
20260922,3,0.25,rate,quadratic_ridge,dominance,hybrid,0.21983161653326583
20260922,3,0.25,pitch_rate,linear_ridge,valence,absolute,0.006455201565522678
20260922,3,0.25,pitch_rate,linear_ridge,arousal,absolute,0.34625907832622516
20260922,3,0.25,pitch_rate,linear_ridge,dominance,absolute,0.2514289364558608
20260922,3,0.25,pitch_rate,linear_ridge,valence,relative,0.00505441932627954
20260922,3,0.25,pitch_rate,linear_ridge,arousal,relative,0.4386447732127248
20260922,3,0.25,pitch_rate,linear_ridge,dominance,relative,0.28828453978169494
20260922,3,0.25,pitch_rate,linear_ridge,valence,hybrid,0.005365795698252522
20260922,3,0.25,pitch_rate,linear_ridge,arousal,hybrid,0.43855275628773693
20260922,3,0.25,pitch_rate,linear_ridge,dominance,hybrid,0.28843622479265135
20260922,3,0.25,pitch_rate,quadratic_ridge,valence,absolute,0.02146054150313067
20260922,3,0.25,pitch_rate,quadratic_ridge,arousal,absolute,0.37289926161020676
20260922,3,0.25,pitch_rate,quadratic_ridge,dominance,absolute,0.26381600280635387
20260922,3,0.25,pitch_rate,quadratic_ridge,valence,relative,0.02238977413683363
20260922,3,0.25,pitch_rate,quadratic_ridge,arousal,relative,0.4466448142722261
20260922,3,0.25,pitch_rate,quadratic_ridge,dominance,relative,0.2890025823137358
20260922,3,0.25,pitch_rate,quadratic_ridge,valence,hybrid,0.02821352566150656
20260922,3,0.25,pitch_rate,quadratic_ridge,arousal,hybrid,0.4539363204600021
20260922,3,0.25,pitch_rate,quadratic_ridge,dominance,hybrid,0.2934915895492197
20260922,3,0.5,pitch,linear_ridge,valence,absolute,0.0019169851774035601
20260922,3,0.5,pitch,linear_ridge,arousal,absolute,0.23423377629580674
20260922,3,0.5,pitch,linear_ridge,dominance,absolute,0.07615286496196691
20260922,3,0.5,pitch,linear_ridge,valence,relative,0.00020118226581979955
20260922,3,0.5,pitch,linear_ridge,arousal,relative,0.35414873241334577
20260922,3,0.5,pitch,linear_ridge,dominance,relative,0.14507109774774266
20260922,3,0.5,pitch,linear_ridge,valence,hybrid,0.0009100282363844798
20260922,3,0.5,pitch,linear_ridge,arousal,hybrid,0.3560145655964255
20260922,3,0.5,pitch,linear_ridge,dominance,hybrid,0.14532780441036663
20260922,3,0.5,pitch,quadratic_ridge,valence,absolute,0.010456389064718507
20260922,3,0.5,pitch,quadratic_ridge,arousal,absolute,0.24718618069470202
20260922,3,0.5,pitch,quadratic_ridge,dominance,absolute,0.08040484909436281
20260922,3,0.5,pitch,quadratic_ridge,valence,relative,0.003659834711174658
20260922,3,0.5,pitch,quadratic_ridge,arousal,relative,0.3577629408701751
20260922,3,0.5,pitch,quadratic_ridge,dominance,relative,0.15364786307209774
20260922,3,0.5,pitch,quadratic_ridge,valence,hybrid,0.009044043841139575
20260922,3,0.5,pitch,quadratic_ridge,arousal,hybrid,0.37907256739925604
20260922,3,0.5,pitch,quadratic_ridge,dominance,hybrid,0.16529668240724818
20260922,3,0.5,rate,linear_ridge,valence,absolute,0.006351817266874608
20260922,3,0.5,rate,linear_ridge,arousal,absolute,0.18960759017330522
20260922,3,0.5,rate,linear_ridge,dominance,absolute,0.21077301065063403
20260922,3,0.5,rate,linear_ridge,valence,relative,0.007114302175565632
20260922,3,0.5,rate,linear_ridge,arousal,relative,0.19336685835625128
20260922,3,0.5,rate,linear_ridge,dominance,relative,0.21034757413441166
20260922,3,0.5,rate,linear_ridge,valence,hybrid,0.007411398213463708
20260922,3,0.5,rate,linear_ridge,arousal,hybrid,0.18614102530101756
20260922,3,0.5,rate,linear_ridge,dominance,hybrid,0.20962254646162193
20260922,3,0.5,rate,quadratic_ridge,valence,absolute,0.01015880942530951
20260922,3,0.5,rate,quadratic_ridge,arousal,absolute,0.2074926077095376
20260922,3,0.5,rate,quadratic_ridge,dominance,absolute,0.2186941889664155
20260922,3,0.5,rate,quadratic_ridge,valence,relative,0.012337468945363497
20260922,3,0.5,rate,quadratic_ridge,arousal,relative,0.2136207670918809
20260922,3,0.5,rate,quadratic_ridge,dominance,relative,0.21906345731075857
20260922,3,0.5,rate,quadratic_ridge,valence,hybrid,0.012364252086133301
20260922,3,0.5,rate,quadratic_ridge,arousal,hybrid,0.20562093797304956
20260922,3,0.5,rate,quadratic_ridge,dominance,hybrid,0.2191905061357736
20260922,3,0.5,pitch_rate,linear_ridge,valence,absolute,0.0069746511034855544
20260922,3,0.5,pitch_rate,linear_ridge,arousal,absolute,0.3609018874351048
20260922,3,0.5,pitch_rate,linear_ridge,dominance,absolute,0.2547191337293981
20260922,3,0.5,pitch_rate,linear_ridge,valence,relative,0.004987683314321936
20260922,3,0.5,pitch_rate,linear_ridge,arousal,relative,0.43561287221706924
20260922,3,0.5,pitch_rate,linear_ridge,dominance,relative,0.2883583245617603
20260922,3,0.5,pitch_rate,linear_ridge,valence,hybrid,0.006022316604250614
20260922,3,0.5,pitch_rate,linear_ridge,arousal,hybrid,0.4306134475185525
20260922,3,0.5,pitch_rate,linear_ridge,dominance,hybrid,0.28822414033392263
20260922,3,0.5,pitch_rate,quadratic_ridge,valence,absolute,0.02204332518927411
20260922,3,0.5,pitch_rate,quadratic_ridge,arousal,absolute,0.3894837914725209
20260922,3,0.5,pitch_rate,quadratic_ridge,dominance,absolute,0.26774852477156924
20260922,3,0.5,pitch_rate,quadratic_ridge,valence,relative,0.022584528152224972
20260922,3,0.5,pitch_rate,quadratic_ridge,arousal,relative,0.4437402511911236
20260922,3,0.5,pitch_rate,quadratic_ridge,dominance,relative,0.2888635097357852
20260922,3,0.5,pitch_rate,quadratic_ridge,valence,hybrid,0.02897668065793393
20260922,3,0.5,pitch_rate,quadratic_ridge,arousal,hybrid,0.43664685440531703
20260922,3,0.5,pitch_rate,quadratic_ridge,dominance,hybrid,0.29259948057054913
20260922,3,0.75,pitch,linear_ridge,valence,absolute,0.0030304053921933346
20260922,3,0.75,pitch,linear_ridge,arousal,absolute,0.24919592032786608
20260922,3,0.75,pitch,linear_ridge,dominance,absolute,0.07618021327705557
20260922,3,0.75,pitch,linear_ridge,valence,relative,0.00020354495210105148
20260922,3,0.75,pitch,linear_ridge,arousal,relative,0.3506014870212952
20260922,3,0.75,pitch,linear_ridge,dominance,relative,0.1453317859091796
20260922,3,0.75,pitch,linear_ridge,valence,hybrid,0.001690846847424988
20260922,3,0.75,pitch,linear_ridge,arousal,hybrid,0.35184581125435677
20260922,3,0.75,pitch,linear_ridge,dominance,hybrid,0.14555939120142744
20260922,3,0.75,pitch,quadratic_ridge,valence,absolute,0.011494129563127455
20260922,3,0.75,pitch,quadratic_ridge,arousal,absolute,0.2636233117998434
20260922,3,0.75,pitch,quadratic_ridge,dominance,absolute,0.08095443092129849
20260922,3,0.75,pitch,quadratic_ridge,valence,relative,0.003628164405398071
20260922,3,0.75,pitch,quadratic_ridge,arousal,relative,0.3543513108331772
20260922,3,0.75,pitch,quadratic_ridge,dominance,relative,0.1541901993757377
20260922,3,0.75,pitch,quadratic_ridge,valence,hybrid,0.009438669291960283
20260922,3,0.75,pitch,quadratic_ridge,arousal,hybrid,0.3792472152513902
20260922,3,0.75,pitch,quadratic_ridge,dominance,hybrid,0.16396778409185672
20260922,3,0.75,rate,linear_ridge,valence,absolute,0.0060015222342531165
20260922,3,0.75,rate,linear_ridge,arousal,absolute,0.18912318208611192
20260922,3,0.75,rate,linear_ridge,dominance,absolute,0.21399694866658528
20260922,3,0.75,rate,linear_ridge,valence,relative,0.006995813338939182
20260922,3,0.75,rate,linear_ridge,arousal,relative,0.19177114920431115
20260922,3,0.75,rate,linear_ridge,dominance,relative,0.2100523581257467
20260922,3,0.75,rate,linear_ridge,valence,hybrid,0.007624039868513839
20260922,3,0.75,rate,linear_ridge,arousal,hybrid,0.17586109271922815
20260922,3,0.75,rate,linear_ridge,dominance,hybrid,0.20890374995622152
20260922,3,0.75,rate,quadratic_ridge,valence,absolute,0.009776847058833232
20260922,3,0.75,rate,quadratic_ridge,arousal,absolute,0.2075022092855014
20260922,3,0.75,rate,quadratic_ridge,dominance,absolute,0.22222066228900839
20260922,3,0.75,rate,quadratic_ridge,valence,relative,0.012406071911308336
20260922,3,0.75,rate,quadratic_ridge,arousal,relative,0.21172795523361
20260922,3,0.75,rate,quadratic_ridge,dominance,relative,0.21824809629673628
20260922,3,0.75,rate,quadratic_ridge,valence,hybrid,0.012882902257403817
20260922,3,0.75,rate,quadratic_ridge,arousal,hybrid,0.19468830813742852
20260922,3,0.75,rate,quadratic_ridge,dominance,hybrid,0.21818675085867462
20260922,3,0.75,pitch_rate,linear_ridge,valence,absolute,0.007630871747551915
20260922,3,0.75,pitch_rate,linear_ridge,arousal,absolute,0.3738564261625082
20260922,3,0.75,pitch_rate,linear_ridge,dominance,absolute,0.2577123067279543
20260922,3,0.75,pitch_rate,linear_ridge,valence,relative,0.0049077040145160305
20260922,3,0.75,pitch_rate,linear_ridge,arousal,relative,0.4316352877234749
20260922,3,0.75,pitch_rate,linear_ridge,dominance,relative,0.28816225224285447
20260922,3,0.75,pitch_rate,linear_ridge,valence,hybrid,0.0070719960065319075
20260922,3,0.75,pitch_rate,linear_ridge,arousal,hybrid,0.41780233247022325
20260922,3,0.75,pitch_rate,linear_ridge,dominance,hybrid,0.2876728178680648
20260922,3,0.75,pitch_rate,quadratic_ridge,valence,absolute,0.022707668212502283
20260922,3,0.75,pitch_rate,quadratic_ridge,arousal,absolute,0.40440080973728554
20260922,3,0.75,pitch_rate,quadratic_ridge,dominance,absolute,0.27132540689493756
20260922,3,0.75,pitch_rate,quadratic_ridge,valence,relative,0.022718463209002417
20260922,3,0.75,pitch_rate,quadratic_ridge,arousal,relative,0.43978876378643933
20260922,3,0.75,pitch_rate,quadratic_ridge,dominance,relative,0.2884371284687036
20260922,3,0.75,pitch_rate,quadratic_ridge,valence,hybrid,0.029776031913416316
20260922,3,0.75,pitch_rate,quadratic_ridge,arousal,hybrid,0.40928938265653503
20260922,3,0.75,pitch_rate,quadratic_ridge,dominance,hybrid,0.29097177532521684
20260922,3,1.0,pitch,linear_ridge,valence,absolute,0.0042645025202009594
20260922,3,1.0,pitch,linear_ridge,arousal,absolute,0.26293305053676813
20260922,3,1.0,pitch,linear_ridge,dominance,absolute,0.0761129327335908
20260922,3,1.0,pitch,linear_ridge,valence,relative,0.00020523395351979964
20260922,3,1.0,pitch,linear_ridge,arousal,relative,0.3462906989240218
20260922,3,1.0,pitch,linear_ridge,dominance,relative,0.14544413012000929
20260922,3,1.0,pitch,linear_ridge,valence,hybrid,0.0027393847354709737
20260922,3,1.0,pitch,linear_ridge,arousal,hybrid,0.3461233804789169
20260922,3,1.0,pitch,linear_ridge,dominance,hybrid,0.14563079905904217
20260922,3,1.0,pitch,quadratic_ridge,valence,absolute,0.012615863531501084
20260922,3,1.0,pitch,quadratic_ridge,arousal,absolute,0.27888723723503256
20260922,3,1.0,pitch,quadratic_ridge,dominance,absolute,0.08138034353346366
20260922,3,1.0,pitch,quadratic_ridge,valence,relative,0.0035856417132329814
20260922,3,1.0,pitch,quadratic_ridge,arousal,relative,0.3501631767331683
20260922,3,1.0,pitch,quadratic_ridge,dominance,relative,0.15457226745186944
20260922,3,1.0,pitch,quadratic_ridge,valence,hybrid,0.009884922399589614
20260922,3,1.0,pitch,quadratic_ridge,arousal,hybrid,0.37978871536426745
20260922,3,1.0,pitch,quadratic_ridge,dominance,hybrid,0.16193260553906508
20260922,3,1.0,rate,linear_ridge,valence,absolute,0.005646499299496833
20260922,3,1.0,rate,linear_ridge,arousal,absolute,0.1879874735745342
20260922,3,1.0,rate,linear_ridge,dominance,absolute,0.21695869799687306
20260922,3,1.0,rate,linear_ridge,valence,relative,0.006859933743658928
20260922,3,1.0,rate,linear_ridge,arousal,relative,0.1896755013069884
20260922,3,1.0,rate,linear_ridge,dominance,relative,0.2095493670116099
20260922,3,1.0,rate,linear_ridge,valence,hybrid,0.007935225540592016
20260922,3,1.0,rate,linear_ridge,arousal,hybrid,0.16195378090708037
20260922,3,1.0,rate,linear_ridge,dominance,hybrid,0.20795814994150058
20260922,3,1.0,rate,quadratic_ridge,valence,absolute,0.009379796980261857
20260922,3,1.0,rate,quadratic_ridge,arousal,absolute,0.20680558223498124
20260922,3,1.0,rate,quadratic_ridge,dominance,absolute,0.22546924318142827
20260922,3,1.0,rate,quadratic_ridge,valence,relative,0.012443666961126983
20260922,3,1.0,rate,quadratic_ridge,arousal,relative,0.2092148757354043
20260922,3,1.0,rate,quadratic_ridge,dominance,relative,0.21721469246072833
20260922,3,1.0,rate,quadratic_ridge,valence,hybrid,0.01357015098458617
20260922,3,1.0,rate,quadratic_ridge,arousal,hybrid,0.17967600181215665
20260922,3,1.0,rate,quadratic_ridge,dominance,hybrid,0.21683486510814004
20260922,3,1.0,pitch_rate,linear_ridge,valence,absolute,0.008415810867578854
20260922,3,1.0,pitch_rate,linear_ridge,arousal,absolute,0.3850522196598197
20260922,3,1.0,pitch_rate,linear_ridge,dominance,absolute,0.2604060249924226
20260922,3,1.0,pitch_rate,linear_ridge,valence,relative,0.004815443341901014
20260922,3,1.0,pitch_rate,linear_ridge,arousal,relative,0.42675626388828797
20260922,3,1.0,pitch_rate,linear_ridge,dominance,relative,0.28769888606091143
20260922,3,1.0,pitch_rate,linear_ridge,valence,hybrid,0.008498091837538701
20260922,3,1.0,pitch_rate,linear_ridge,arousal,hybrid,0.40039193356844827
20260922,3,1.0,pitch_rate,linear_ridge,dominance,hybrid,0.286789918001039
20260922,3,1.0,pitch_rate,quadratic_ridge,valence,absolute,0.023446490831090225
20260922,3,1.0,pitch_rate,quadratic_ridge,arousal,absolute,0.4175709006864898
20260922,3,1.0,pitch_rate,quadratic_ridge,dominance,absolute,0.2745447824868554
20260922,3,1.0,pitch_rate,quadratic_ridge,valence,relative,0.022791514382169795
20260922,3,1.0,pitch_rate,quadratic_ridge,arousal,relative,0.43483617021745075
20260922,3,1.0,pitch_rate,quadratic_ridge,dominance,relative,0.2877276905083634
20260922,3,1.0,pitch_rate,quadratic_ridge,valence,hybrid,0.030606522104439312
20260922,3,1.0,pitch_rate,quadratic_ridge,arousal,hybrid,0.37325316723483065
20260922,3,1.0,pitch_rate,quadratic_ridge,dominance,hybrid,0.2886273366350234
20260922,4,0.0,pitch,linear_ridge,valence,absolute,-0.00026500621096464395
20260922,4,0.0,pitch,linear_ridge,arousal,absolute,0.2609570665102327
20260922,4,0.0,pitch,linear_ridge,dominance,absolute,0.10088401579263463
20260922,4,0.0,pitch,linear_ridge,valence,relative,-0.0005674228769512253
20260922,4,0.0,pitch,linear_ridge,arousal,relative,0.47420200872539303
20260922,4,0.0,pitch,linear_ridge,dominance,relative,0.20388302115249426
20260922,4,0.0,pitch,linear_ridge,valence,hybrid,-0.0005678365753526525
20260922,4,0.0,pitch,linear_ridge,arousal,hybrid,0.4750137746040255
20260922,4,0.0,pitch,linear_ridge,dominance,hybrid,0.20410497570087427
20260922,4,0.0,pitch,quadratic_ridge,valence,absolute,0.005782580181068962
20260922,4,0.0,pitch,quadratic_ridge,arousal,absolute,0.20364762846257095
20260922,4,0.0,pitch,quadratic_ridge,dominance,absolute,0.0739952314912154
20260922,4,0.0,pitch,quadratic_ridge,valence,relative,0.00590648059014906
20260922,4,0.0,pitch,quadratic_ridge,arousal,relative,0.4753155621089488
20260922,4,0.0,pitch,quadratic_ridge,dominance,relative,0.19836254055023841
20260922,4,0.0,pitch,quadratic_ridge,valence,hybrid,0.0070162186501628206
20260922,4,0.0,pitch,quadratic_ridge,arousal,hybrid,0.43600757935562534
20260922,4,0.0,pitch,quadratic_ridge,dominance,hybrid,0.15336462867863168
20260922,4,0.0,rate,linear_ridge,valence,absolute,0.011525908355098181
20260922,4,0.0,rate,linear_ridge,arousal,absolute,0.1388441933554372
20260922,4,0.0,rate,linear_ridge,dominance,absolute,0.1756143472816738
20260922,4,0.0,rate,linear_ridge,valence,relative,0.011948165951488616
20260922,4,0.0,rate,linear_ridge,arousal,relative,0.1434776414448998
20260922,4,0.0,rate,linear_ridge,dominance,relative,0.1814444841665723
20260922,4,0.0,rate,linear_ridge,valence,hybrid,0.011952275331494608
20260922,4,0.0,rate,linear_ridge,arousal,hybrid,0.14351900557001412
20260922,4,0.0,rate,linear_ridge,dominance,hybrid,0.18149641118477514
20260922,4,0.0,rate,quadratic_ridge,valence,absolute,0.012956190456805834
20260922,4,0.0,rate,quadratic_ridge,arousal,absolute,0.14209160460490583
20260922,4,0.0,rate,quadratic_ridge,dominance,absolute,0.1788858342453982
20260922,4,0.0,rate,quadratic_ridge,valence,relative,0.015170573808478928
20260922,4,0.0,rate,quadratic_ridge,arousal,relative,0.1558734889171592
20260922,4,0.0,rate,quadratic_ridge,dominance,relative,0.19130502651775788
20260922,4,0.0,rate,quadratic_ridge,valence,hybrid,0.01759744951792971
20260922,4,0.0,rate,quadratic_ridge,arousal,hybrid,0.15673650709411405
20260922,4,0.0,rate,quadratic_ridge,dominance,hybrid,0.1933155014258561
20260922,4,0.0,pitch_rate,linear_ridge,valence,absolute,0.011172105227797713
20260922,4,0.0,pitch_rate,linear_ridge,arousal,absolute,0.34265884610610836
20260922,4,0.0,pitch_rate,linear_ridge,dominance,absolute,0.24637010592605801
20260922,4,0.0,pitch_rate,linear_ridge,valence,relative,0.011177253983227553
20260922,4,0.0,pitch_rate,linear_ridge,arousal,relative,0.514700066751611
20260922,4,0.0,pitch_rate,linear_ridge,dominance,relative,0.30938043207072935
20260922,4,0.0,pitch_rate,linear_ridge,valence,hybrid,0.011183580718624369
20260922,4,0.0,pitch_rate,linear_ridge,arousal,hybrid,0.5154741105884209
20260922,4,0.0,pitch_rate,linear_ridge,dominance,hybrid,0.30976389695786655
20260922,4,0.0,pitch_rate,quadratic_ridge,valence,absolute,0.020704008738641217
20260922,4,0.0,pitch_rate,quadratic_ridge,arousal,absolute,0.292213021862233
20260922,4,0.0,pitch_rate,quadratic_ridge,dominance,absolute,0.22549581850183564
20260922,4,0.0,pitch_rate,quadratic_ridge,valence,relative,0.0387622173711822
20260922,4,0.0,pitch_rate,quadratic_ridge,arousal,relative,0.5385079872132708
20260922,4,0.0,pitch_rate,quadratic_ridge,dominance,relative,0.33092051988708904
20260922,4,0.0,pitch_rate,quadratic_ridge,valence,hybrid,0.045478093289170525
20260922,4,0.0,pitch_rate,quadratic_ridge,arousal,hybrid,0.5093017266512214
20260922,4,0.0,pitch_rate,quadratic_ridge,dominance,hybrid,0.30608205831788465
20260922,4,0.25,pitch,linear_ridge,valence,absolute,-0.0003736950495921733
20260922,4,0.25,pitch,linear_ridge,arousal,absolute,0.26227450232249433
20260922,4,0.25,pitch,linear_ridge,dominance,absolute,0.09634263118975632
20260922,4,0.25,pitch,linear_ridge,valence,relative,-0.0005453005261118999
20260922,4,0.25,pitch,linear_ridge,arousal,relative,0.47427228654232645
20260922,4,0.25,pitch,linear_ridge,dominance,relative,0.20628479825238336
20260922,4,0.25,pitch,linear_ridge,valence,hybrid,-0.0005627583505600771
20260922,4,0.25,pitch,linear_ridge,arousal,hybrid,0.47517497163463146
20260922,4,0.25,pitch,linear_ridge,dominance,hybrid,0.20629840477704886
20260922,4,0.25,pitch,quadratic_ridge,valence,absolute,0.005509467809552617
20260922,4,0.25,pitch,quadratic_ridge,arousal,absolute,0.2018518910621289
20260922,4,0.25,pitch,quadratic_ridge,dominance,absolute,0.06951166356398468
20260922,4,0.25,pitch,quadratic_ridge,valence,relative,0.005912853273231674
20260922,4,0.25,pitch,quadratic_ridge,arousal,relative,0.47528303935328065
20260922,4,0.25,pitch,quadratic_ridge,dominance,relative,0.20024793415840922
20260922,4,0.25,pitch,quadratic_ridge,valence,hybrid,0.007071482894946029
20260922,4,0.25,pitch,quadratic_ridge,arousal,hybrid,0.43584140991126946
20260922,4,0.25,pitch,quadratic_ridge,dominance,hybrid,0.15708206378231881
20260922,4,0.25,rate,linear_ridge,valence,absolute,0.011264927235234113
20260922,4,0.25,rate,linear_ridge,arousal,absolute,0.14100678683214357
20260922,4,0.25,rate,linear_ridge,dominance,absolute,0.17786823549939063
20260922,4,0.25,rate,linear_ridge,valence,relative,0.011911146506919072
20260922,4,0.25,rate,linear_ridge,arousal,relative,0.14338892688983892
20260922,4,0.25,rate,linear_ridge,dominance,relative,0.17982949016936453
20260922,4,0.25,rate,linear_ridge,valence,hybrid,0.01193225693578415
20260922,4,0.25,rate,linear_ridge,arousal,hybrid,0.14341733163898382
20260922,4,0.25,rate,linear_ridge,dominance,hybrid,0.18025954677271191
20260922,4,0.25,rate,quadratic_ridge,valence,absolute,0.012695576399137962
20260922,4,0.25,rate,quadratic_ridge,arousal,absolute,0.14441204509943642
20260922,4,0.25,rate,quadratic_ridge,dominance,absolute,0.18135125820234657
20260922,4,0.25,rate,quadratic_ridge,valence,relative,0.015247711191273194
20260922,4,0.25,rate,quadratic_ridge,arousal,relative,0.1555047347991972
20260922,4,0.25,rate,quadratic_ridge,dominance,relative,0.18907738532400511
20260922,4,0.25,rate,quadratic_ridge,valence,hybrid,0.0176233902259524
20260922,4,0.25,rate,quadratic_ridge,arousal,hybrid,0.15693932217471204
20260922,4,0.25,rate,quadratic_ridge,dominance,hybrid,0.19219573332747739
20260922,4,0.25,pitch_rate,linear_ridge,valence,absolute,0.01073618749093907
20260922,4,0.25,pitch_rate,linear_ridge,arousal,absolute,0.34653746480441755
20260922,4,0.25,pitch_rate,linear_ridge,dominance,absolute,0.24717470694147445
20260922,4,0.25,pitch_rate,linear_ridge,valence,relative,0.011161977101185345
20260922,4,0.25,pitch_rate,linear_ridge,arousal,relative,0.5146531566472001
20260922,4,0.25,pitch_rate,linear_ridge,dominance,relative,0.3097940911822534
20260922,4,0.25,pitch_rate,linear_ridge,valence,hybrid,0.011185851042462539
20260922,4,0.25,pitch_rate,linear_ridge,arousal,hybrid,0.5168360033849683
20260922,4,0.25,pitch_rate,linear_ridge,dominance,hybrid,0.31084065820083745
20260922,4,0.25,pitch_rate,quadratic_ridge,valence,absolute,0.020047799350038076
20260922,4,0.25,pitch_rate,quadratic_ridge,arousal,absolute,0.29370681872496934
20260922,4,0.25,pitch_rate,quadratic_ridge,dominance,absolute,0.2276137423221694
20260922,4,0.25,pitch_rate,quadratic_ridge,valence,relative,0.03884531872508363
20260922,4,0.25,pitch_rate,quadratic_ridge,arousal,relative,0.5382112842394864
20260922,4,0.25,pitch_rate,quadratic_ridge,dominance,relative,0.3304922991130888
20260922,4,0.25,pitch_rate,quadratic_ridge,valence,hybrid,0.0455091347252323
20260922,4,0.25,pitch_rate,quadratic_ridge,arousal,hybrid,0.4793463077424168
20260922,4,0.25,pitch_rate,quadratic_ridge,dominance,hybrid,0.30636197352723776
20260922,4,0.5,pitch,linear_ridge,valence,absolute,-0.0004888631595564327
20260922,4,0.5,pitch,linear_ridge,arousal,absolute,0.2630686318481462
20260922,4,0.5,pitch,linear_ridge,dominance,absolute,0.08996910704876009
20260922,4,0.5,pitch,linear_ridge,valence,relative,-0.0005234737662295969
20260922,4,0.5,pitch,linear_ridge,arousal,relative,0.4735050848328756
20260922,4,0.5,pitch,linear_ridge,dominance,relative,0.20489059851680008
20260922,4,0.5,pitch,linear_ridge,valence,hybrid,-0.0005798760156662722
20260922,4,0.5,pitch,linear_ridge,arousal,hybrid,0.4744417427053154
20260922,4,0.5,pitch,linear_ridge,dominance,hybrid,0.2048126908008539
20260922,4,0.5,pitch,quadratic_ridge,valence,absolute,0.00522633619189797
20260922,4,0.5,pitch,quadratic_ridge,arousal,absolute,0.1996143011767301
20260922,4,0.5,pitch,quadratic_ridge,dominance,absolute,0.06395305588203358
20260922,4,0.5,pitch,quadratic_ridge,valence,relative,0.005918046388857647
20260922,4,0.5,pitch,quadratic_ridge,arousal,relative,0.4744192693182891
20260922,4,0.5,pitch,quadratic_ridge,dominance,relative,0.1983988756839106
20260922,4,0.5,pitch,quadratic_ridge,valence,hybrid,0.007066511053651116
20260922,4,0.5,pitch,quadratic_ridge,arousal,hybrid,0.4357171971478516
20260922,4,0.5,pitch,quadratic_ridge,dominance,hybrid,0.16244801986619822
20260922,4,0.5,rate,linear_ridge,valence,absolute,0.011002094805156059
20260922,4,0.5,rate,linear_ridge,arousal,absolute,0.14287094266611025
20260922,4,0.5,rate,linear_ridge,dominance,absolute,0.176818629962615
20260922,4,0.5,rate,linear_ridge,valence,relative,0.0118728132589053
20260922,4,0.5,rate,linear_ridge,arousal,relative,0.14299069565134478
20260922,4,0.5,rate,linear_ridge,dominance,relative,0.17499320303937865
20260922,4,0.5,rate,linear_ridge,valence,hybrid,0.011895401351424145
20260922,4,0.5,rate,linear_ridge,arousal,hybrid,0.14344043683204424
20260922,4,0.5,rate,linear_ridge,dominance,hybrid,0.17727252020179687
20260922,4,0.5,rate,quadratic_ridge,valence,absolute,0.012432953636160217
20260922,4,0.5,rate,quadratic_ridge,arousal,absolute,0.14643260069428676
20260922,4,0.5,rate,quadratic_ridge,dominance,absolute,0.18043949085722194
20260922,4,0.5,rate,quadratic_ridge,valence,relative,0.015322762141242894
20260922,4,0.5,rate,quadratic_ridge,arousal,relative,0.15480650997550272
20260922,4,0.5,rate,quadratic_ridge,dominance,relative,0.1835056184429814
20260922,4,0.5,rate,quadratic_ridge,valence,hybrid,0.017629990105633504
20260922,4,0.5,rate,quadratic_ridge,arousal,hybrid,0.1572214566745389
20260922,4,0.5,rate,quadratic_ridge,dominance,hybrid,0.18920410635768709
20260922,4,0.5,pitch_rate,linear_ridge,valence,absolute,0.010292244521414192
20260922,4,0.5,pitch_rate,linear_ridge,arousal,absolute,0.3498427286759705
20260922,4,0.5,pitch_rate,linear_ridge,dominance,absolute,0.24346416737077928
20260922,4,0.5,pitch_rate,linear_ridge,valence,relative,0.011145201663386457
20260922,4,0.5,pitch_rate,linear_ridge,arousal,relative,0.5137089495651388
20260922,4,0.5,pitch_rate,linear_ridge,dominance,relative,0.3048650078811017
20260922,4,0.5,pitch_rate,linear_ridge,valence,hybrid,0.011163069635707729
20260922,4,0.5,pitch_rate,linear_ridge,arousal,hybrid,0.5179137636720743
20260922,4,0.5,pitch_rate,linear_ridge,dominance,hybrid,0.3083792189906979
20260922,4,0.5,pitch_rate,quadratic_ridge,valence,absolute,0.01937706564767592
20260922,4,0.5,pitch_rate,quadratic_ridge,arousal,absolute,0.2947033704941991
20260922,4,0.5,pitch_rate,quadratic_ridge,dominance,absolute,0.22576128339912732
20260922,4,0.5,pitch_rate,quadratic_ridge,valence,relative,0.03892255226334707
20260922,4,0.5,pitch_rate,quadratic_ridge,arousal,relative,0.5370173005490132
20260922,4,0.5,pitch_rate,quadratic_ridge,dominance,relative,0.32446972024439474
20260922,4,0.5,pitch_rate,quadratic_ridge,valence,hybrid,0.04545914844915752
20260922,4,0.5,pitch_rate,quadratic_ridge,arousal,hybrid,0.3901553750550338
20260922,4,0.5,pitch_rate,quadratic_ridge,dominance,hybrid,0.3031231870869639
20260922,4,0.75,pitch,linear_ridge,valence,absolute,-0.0006104862562446458
20260922,4,0.75,pitch,linear_ridge,arousal,absolute,0.263262243549248
20260922,4,0.75,pitch,linear_ridge,dominance,absolute,0.08222375106977699
20260922,4,0.75,pitch,linear_ridge,valence,relative,-0.0005019237427174854
20260922,4,0.75,pitch,linear_ridge,arousal,relative,0.47196521286002036
20260922,4,0.75,pitch,linear_ridge,dominance,relative,0.20009981249043293
20260922,4,0.75,pitch,linear_ridge,valence,hybrid,-0.0006191997638909823
20260922,4,0.75,pitch,linear_ridge,arousal,hybrid,0.47287430610588976
20260922,4,0.75,pitch,linear_ridge,dominance,hybrid,0.20006733087913495
20260922,4,0.75,pitch,quadratic_ridge,valence,absolute,0.004933213007954644
20260922,4,0.75,pitch,quadratic_ridge,arousal,absolute,0.1968986003825014
20260922,4,0.75,pitch,quadratic_ridge,dominance,absolute,0.05770844801337721
20260922,4,0.75,pitch,quadratic_ridge,valence,relative,0.005922133454913242
20260922,4,0.75,pitch,quadratic_ridge,arousal,relative,0.47278725598094834
20260922,4,0.75,pitch,quadratic_ridge,dominance,relative,0.19322372134298618
20260922,4,0.75,pitch,quadratic_ridge,valence,hybrid,0.007001364192529041
20260922,4,0.75,pitch,quadratic_ridge,arousal,hybrid,0.43567550065944527
20260922,4,0.75,pitch,quadratic_ridge,dominance,hybrid,0.1689775150471952
20260922,4,0.75,rate,linear_ridge,valence,absolute,0.010737547657809845
20260922,4,0.75,rate,linear_ridge,arousal,absolute,0.14442787125917175
20260922,4,0.75,rate,linear_ridge,dominance,absolute,0.17275592772647994
20260922,4,0.75,rate,linear_ridge,valence,relative,0.011833278748545733
20260922,4,0.75,rate,linear_ridge,arousal,relative,0.14229727438115788
20260922,4,0.75,rate,linear_ridge,dominance,relative,0.16744123086257462
20260922,4,0.75,rate,linear_ridge,valence,hybrid,0.01184185685572696
20260922,4,0.75,rate,linear_ridge,arousal,hybrid,0.14358967615756071
20260922,4,0.75,rate,linear_ridge,dominance,hybrid,0.1727748693493738
20260922,4,0.75,rate,quadratic_ridge,valence,absolute,0.012168385691648324
20260922,4,0.75,rate,quadratic_ridge,arousal,absolute,0.14814201950860595
20260922,4,0.75,rate,quadratic_ridge,dominance,absolute,0.17643268796303735
20260922,4,0.75,rate,quadratic_ridge,valence,relative,0.015395858557441145
20260922,4,0.75,rate,quadratic_ridge,arousal,relative,0.1537961002742972
20260922,4,0.75,rate,quadratic_ridge,dominance,relative,0.17514099785384557
20260922,4,0.75,rate,quadratic_ridge,valence,hybrid,0.017617661944527244
20260922,4,0.75,rate,quadratic_ridge,arousal,hybrid,0.1575814637193959
20260922,4,0.75,rate,quadratic_ridge,dominance,hybrid,0.18459194521855227
20260922,4,0.75,pitch_rate,linear_ridge,valence,absolute,0.009840329647360367
20260922,4,0.75,pitch_rate,linear_ridge,arousal,absolute,0.3524601307299753
20260922,4,0.75,pitch_rate,linear_ridge,dominance,absolute,0.23559750839237653
20260922,4,0.75,pitch_rate,linear_ridge,valence,relative,0.011126974671948904
20260922,4,0.75,pitch_rate,linear_ridge,arousal,relative,0.5119329367549732
20260922,4,0.75,pitch_rate,linear_ridge,dominance,relative,0.2952701363160408
20260922,4,0.75,pitch_rate,linear_ridge,valence,hybrid,0.011115277461785169
20260922,4,0.75,pitch_rate,linear_ridge,arousal,hybrid,0.5187138529347366
20260922,4,0.75,pitch_rate,linear_ridge,dominance,hybrid,0.3026924901616205
20260922,4,0.75,pitch_rate,quadratic_ridge,valence,absolute,0.018691915974505684
20260922,4,0.75,pitch_rate,quadratic_ridge,arousal,absolute,0.2951151832446974
20260922,4,0.75,pitch_rate,quadratic_ridge,dominance,absolute,0.22018911562892396
20260922,4,0.75,pitch_rate,quadratic_ridge,valence,relative,0.038994170106356134
20260922,4,0.75,pitch_rate,quadratic_ridge,arousal,relative,0.5349973291107819
20260922,4,0.75,pitch_rate,quadratic_ridge,dominance,relative,0.3135912663259902
20260922,4,0.75,pitch_rate,quadratic_ridge,valence,hybrid,0.045329705204835175
20260922,4,0.75,pitch_rate,quadratic_ridge,arousal,hybrid,0.2932047909560138
20260922,4,0.75,pitch_rate,quadratic_ridge,dominance,hybrid,0.29666493700084445
20260922,4,1.0,pitch,linear_ridge,valence,absolute,-0.0007385110744250298
20260922,4,1.0,pitch,linear_ridge,arousal,absolute,0.26290291736482974
20260922,4,1.0,pitch,linear_ridge,dominance,absolute,0.07367287646254234
20260922,4,1.0,pitch,linear_ridge,valence,relative,-0.0004806939140592708
20260922,4,1.0,pitch,linear_ridge,arousal,relative,0.4696174492592092
20260922,4,1.0,pitch,linear_ridge,dominance,relative,0.19257261692599872
20260922,4,1.0,pitch,linear_ridge,valence,hybrid,-0.0006807071102131783
20260922,4,1.0,pitch,linear_ridge,arousal,hybrid,0.47044542854018345
20260922,4,1.0,pitch,linear_ridge,dominance,hybrid,0.19274520693607547
20260922,4,1.0,pitch,quadratic_ridge,valence,absolute,0.004630252344241994
20260922,4,1.0,pitch,quadratic_ridge,arousal,absolute,0.19375833143326185
20260922,4,1.0,pitch,quadratic_ridge,dominance,absolute,0.05120197823783918
20260922,4,1.0,pitch,quadratic_ridge,valence,relative,0.005925019635054647
20260922,4,1.0,pitch,quadratic_ridge,arousal,relative,0.47035243100965163
20260922,4,1.0,pitch,quadratic_ridge,dominance,relative,0.1853894482763386
20260922,4,1.0,pitch,quadratic_ridge,valence,hybrid,0.0068759991033378945
20260922,4,1.0,pitch,quadratic_ridge,arousal,hybrid,0.4356646294372215
20260922,4,1.0,pitch,quadratic_ridge,dominance,hybrid,0.17612113222087064
20260922,4,1.0,rate,linear_ridge,valence,absolute,0.010471328005740141
20260922,4,1.0,rate,linear_ridge,arousal,absolute,0.14567141615630325
20260922,4,1.0,rate,linear_ridge,dominance,absolute,0.16622004668183066
20260922,4,1.0,rate,linear_ridge,valence,relative,0.011792442296759839
20260922,4,1.0,rate,linear_ridge,arousal,relative,0.14130650963907185
20260922,4,1.0,rate,linear_ridge,dominance,relative,0.1578683870531751
20260922,4,1.0,rate,linear_ridge,valence,hybrid,0.011771645569204615
20260922,4,1.0,rate,linear_ridge,arousal,hybrid,0.14386194618098963
20260922,4,1.0,rate,linear_ridge,dominance,hybrid,0.16709504721384713
20260922,4,1.0,rate,quadratic_ridge,valence,absolute,0.011901958841538694
20260922,4,1.0,rate,quadratic_ridge,arousal,absolute,0.14953403631039924
20260922,4,1.0,rate,quadratic_ridge,dominance,absolute,0.16987465118373374
20260922,4,1.0,rate,quadratic_ridge,valence,relative,0.015466803367634414
20260922,4,1.0,rate,quadratic_ridge,arousal,relative,0.1524729161876805
20260922,4,1.0,rate,quadratic_ridge,dominance,relative,0.16472582257436819
20260922,4,1.0,rate,quadratic_ridge,valence,hybrid,0.017586282077489634
20260922,4,1.0,rate,quadratic_ridge,arousal,hybrid,0.1580187993336856
20260922,4,1.0,rate,quadratic_ridge,dominance,hybrid,0.17870835621920111
20260922,4,1.0,pitch_rate,linear_ridge,valence,absolute,0.009380578769644462
20260922,4,1.0,pitch_rate,linear_ridge,arousal,absolute,0.35445042968866314
20260922,4,1.0,pitch_rate,linear_ridge,dominance,absolute,0.22431638868770953
20260922,4,1.0,pitch_rate,linear_ridge,valence,relative,0.011107230049423135
20260922,4,1.0,pitch_rate,linear_ridge,arousal,relative,0.5092920670825771
20260922,4,1.0,pitch_rate,linear_ridge,dominance,relative,0.28201333865725636
20260922,4,1.0,pitch_rate,linear_ridge,valence,hybrid,0.01104244533012655
20260922,4,1.0,pitch_rate,linear_ridge,arousal,hybrid,0.5192262981645782
20260922,4,1.0,pitch_rate,linear_ridge,dominance,hybrid,0.2942920427651005
20260922,4,1.0,pitch_rate,quadratic_ridge,valence,absolute,0.017992631539229188
20260922,4,1.0,pitch_rate,quadratic_ridge,arousal,absolute,0.29500344503888853
20260922,4,1.0,pitch_rate,quadratic_ridge,dominance,absolute,0.2114987640604202
20260922,4,1.0,pitch_rate,quadratic_ridge,valence,relative,0.03905985928221388
20260922,4,1.0,pitch_rate,quadratic_ridge,arousal,relative,0.532111550824322
20260922,4,1.0,pitch_rate,quadratic_ridge,dominance,relative,0.29892573304886455
20260922,4,1.0,pitch_rate,quadratic_ridge,valence,hybrid,0.04512095464971094
20260922,4,1.0,pitch_rate,quadratic_ridge,arousal,hybrid,0.21482009107545302
20260922,4,1.0,pitch_rate,quadratic_ridge,dominance,hybrid,0.2874667615149101
