definition,analysis_set,seed,fold,lambda,target,representation,ccc
source_relative_db,all,20260920,0,0.0,valence,absolute,0.0277466072968182
source_relative_db,all,20260920,0,0.0,arousal,absolute,0.39172514277390147
source_relative_db,all,20260920,0,0.0,dominance,absolute,0.3238436641038937
source_relative_db,all,20260920,0,0.0,valence,relative,0.029139604675441015
source_relative_db,all,20260920,0,0.0,arousal,relative,0.4800156256549522
source_relative_db,all,20260920,0,0.0,dominance,relative,0.3492753771622764
source_relative_db,loudness,20260920,0,0.0,valence,absolute,0.023651546066702757
source_relative_db,loudness,20260920,0,0.0,arousal,absolute,0.09005698434061654
source_relative_db,loudness,20260920,0,0.0,dominance,absolute,0.06971311516116345
source_relative_db,loudness,20260920,0,0.0,valence,relative,0.025620335130540312
source_relative_db,loudness,20260920,0,0.0,arousal,relative,0.09761642880084545
source_relative_db,loudness,20260920,0,0.0,dominance,relative,0.07556135578025319
source_relative_db,all,20260920,0,0.25,valence,absolute,0.02873533408608277
source_relative_db,all,20260920,0,0.25,arousal,absolute,0.400245079233048
source_relative_db,all,20260920,0,0.25,dominance,absolute,0.3293859787257004
source_relative_db,all,20260920,0,0.25,valence,relative,0.028980199906074297
source_relative_db,all,20260920,0,0.25,arousal,relative,0.4790087610190025
source_relative_db,all,20260920,0,0.25,dominance,relative,0.349309111299053
source_relative_db,loudness,20260920,0,0.25,valence,absolute,0.024916442755817954
source_relative_db,loudness,20260920,0,0.25,arousal,absolute,0.09500465532803103
source_relative_db,loudness,20260920,0,0.25,dominance,absolute,0.07308133686743577
source_relative_db,loudness,20260920,0,0.25,valence,relative,0.025525158233494476
source_relative_db,loudness,20260920,0,0.25,arousal,relative,0.09747157301907051
source_relative_db,loudness,20260920,0,0.25,dominance,relative,0.07559252909072248
source_relative_db,all,20260920,0,0.5,valence,absolute,0.02972109998798808
source_relative_db,all,20260920,0,0.5,arousal,absolute,0.40827170686588593
source_relative_db,all,20260920,0,0.5,dominance,absolute,0.33471203909864344
source_relative_db,all,20260920,0,0.5,valence,relative,0.02878212443375498
source_relative_db,all,20260920,0,0.5,arousal,relative,0.47746096740236027
source_relative_db,all,20260920,0,0.5,dominance,relative,0.349224557468164
source_relative_db,loudness,20260920,0,0.5,valence,absolute,0.02616169357713378
source_relative_db,loudness,20260920,0,0.5,arousal,absolute,0.09989157247739586
source_relative_db,loudness,20260920,0,0.5,dominance,absolute,0.07647830617839137
source_relative_db,loudness,20260920,0,0.5,valence,relative,0.025395291885188055
source_relative_db,loudness,20260920,0,0.5,arousal,relative,0.0971808509943807
source_relative_db,loudness,20260920,0,0.5,dominance,relative,0.07559278246019872
source_relative_db,all,20260920,0,0.75,valence,absolute,0.030700111515853005
source_relative_db,all,20260920,0,0.75,arousal,absolute,0.4157854578342603
source_relative_db,all,20260920,0,0.75,dominance,absolute,0.3398105044972838
source_relative_db,all,20260920,0,0.75,valence,relative,0.028546052066851266
source_relative_db,all,20260920,0,0.75,arousal,relative,0.47537598987880514
source_relative_db,all,20260920,0,0.75,dominance,relative,0.3490239225114047
source_relative_db,loudness,20260920,0,0.75,valence,absolute,0.02738192397495306
source_relative_db,loudness,20260920,0,0.75,arousal,absolute,0.10469232854374382
source_relative_db,loudness,20260920,0,0.75,dominance,absolute,0.07989866803674965
source_relative_db,loudness,20260920,0,0.75,valence,relative,0.025231116088434095
source_relative_db,loudness,20260920,0,0.75,arousal,relative,0.09674530257811673
source_relative_db,loudness,20260920,0,0.75,dominance,relative,0.07556210511253877
source_relative_db,all,20260920,0,1.0,valence,absolute,0.03167022700223993
source_relative_db,all,20260920,0,1.0,arousal,absolute,0.42271798314352854
source_relative_db,all,20260920,0,1.0,dominance,absolute,0.344671537441178
source_relative_db,all,20260920,0,1.0,valence,relative,0.0282741455838144
source_relative_db,all,20260920,0,1.0,arousal,relative,0.47277932699221414
source_relative_db,all,20260920,0,1.0,dominance,relative,0.34871004753785245
source_relative_db,loudness,20260920,0,1.0,valence,absolute,0.028573503581486075
source_relative_db,loudness,20260920,0,1.0,arousal,absolute,0.10938954152605802
source_relative_db,loudness,20260920,0,1.0,dominance,absolute,0.08333887694644786
source_relative_db,loudness,20260920,0,1.0,valence,relative,0.02503446017606212
source_relative_db,loudness,20260920,0,1.0,arousal,relative,0.09617083310232026
source_relative_db,loudness,20260920,0,1.0,dominance,relative,0.07550130895799913
source_relative_db,all,20260920,1,0.0,valence,absolute,0.028916054276218156
source_relative_db,all,20260920,1,0.0,arousal,absolute,0.4082456679466249
source_relative_db,all,20260920,1,0.0,dominance,absolute,0.31565652151988993
source_relative_db,all,20260920,1,0.0,valence,relative,0.028707170337815474
source_relative_db,all,20260920,1,0.0,arousal,relative,0.5248091094624231
source_relative_db,all,20260920,1,0.0,dominance,relative,0.35854554784272397
source_relative_db,loudness,20260920,1,0.0,valence,absolute,0.01714768900630183
source_relative_db,loudness,20260920,1,0.0,arousal,absolute,0.09002807444229335
source_relative_db,loudness,20260920,1,0.0,dominance,absolute,0.07154447468464352
source_relative_db,loudness,20260920,1,0.0,valence,relative,0.019010974250139107
source_relative_db,loudness,20260920,1,0.0,arousal,relative,0.09959070215347689
source_relative_db,loudness,20260920,1,0.0,dominance,relative,0.07921422973902764
source_relative_db,all,20260920,1,0.25,valence,absolute,0.02796293675965701
source_relative_db,all,20260920,1,0.25,arousal,absolute,0.4141486079350376
source_relative_db,all,20260920,1,0.25,dominance,absolute,0.32248790833940544
source_relative_db,all,20260920,1,0.25,valence,relative,0.02869051571814742
source_relative_db,all,20260920,1,0.25,arousal,relative,0.5243900296194883
source_relative_db,all,20260920,1,0.25,dominance,relative,0.3558165910455785
source_relative_db,loudness,20260920,1,0.25,valence,absolute,0.01748972660067695
source_relative_db,loudness,20260920,1,0.25,arousal,absolute,0.09422914485108448
source_relative_db,loudness,20260920,1,0.25,dominance,absolute,0.0765377198310219
source_relative_db,loudness,20260920,1,0.25,valence,relative,0.018955725191749987
source_relative_db,loudness,20260920,1,0.25,arousal,relative,0.09929240211242298
source_relative_db,loudness,20260920,1,0.25,dominance,relative,0.07825730028487796
source_relative_db,all,20260920,1,0.5,valence,absolute,0.027030145902566017
source_relative_db,all,20260920,1,0.5,arousal,absolute,0.4181801445821653
source_relative_db,all,20260920,1,0.5,dominance,absolute,0.322506195834719
source_relative_db,all,20260920,1,0.5,valence,relative,0.028670825355983802
source_relative_db,all,20260920,1,0.5,arousal,relative,0.5220636364096334
source_relative_db,all,20260920,1,0.5,dominance,relative,0.3465865942014617
source_relative_db,loudness,20260920,1,0.5,valence,absolute,0.017831080802737955
source_relative_db,loudness,20260920,1,0.5,arousal,absolute,0.09783738443279542
source_relative_db,loudness,20260920,1,0.5,dominance,absolute,0.079736926136927
source_relative_db,loudness,20260920,1,0.5,valence,relative,0.01889853426622257
source_relative_db,loudness,20260920,1,0.5,arousal,relative,0.09854168292603842
source_relative_db,loudness,20260920,1,0.5,dominance,relative,0.07565157693958795
source_relative_db,all,20260920,1,0.75,valence,absolute,0.02611809914418119
source_relative_db,all,20260920,1,0.75,arousal,absolute,0.42032240798404225
source_relative_db,all,20260920,1,0.75,dominance,absolute,0.3161339711224424
source_relative_db,all,20260920,1,0.75,valence,relative,0.028648086665682127
source_relative_db,all,20260920,1,0.75,arousal,relative,0.5178447108266371
source_relative_db,all,20260920,1,0.75,dominance,relative,0.33183326999178153
source_relative_db,loudness,20260920,1,0.75,valence,absolute,0.018171592389462247
source_relative_db,loudness,20260920,1,0.75,arousal,absolute,0.10080801044552104
source_relative_db,loudness,20260920,1,0.75,dominance,absolute,0.08115798002751722
source_relative_db,loudness,20260920,1,0.75,valence,relative,0.01883928545400255
source_relative_db,loudness,20260920,1,0.75,arousal,relative,0.09734735139084706
source_relative_db,loudness,20260920,1,0.75,dominance,relative,0.07170768772217727
source_relative_db,all,20260920,1,1.0,valence,absolute,0.025227217483769906
source_relative_db,all,20260920,1,1.0,arousal,absolute,0.4206135356831011
source_relative_db,all,20260920,1,1.0,dominance,absolute,0.3044492627038624
source_relative_db,all,20260920,1,1.0,valence,relative,0.028622362307621642
source_relative_db,all,20260920,1,1.0,arousal,relative,0.5118543907646798
source_relative_db,all,20260920,1,1.0,dominance,relative,0.3129636820181852
source_relative_db,loudness,20260920,1,1.0,valence,absolute,0.018511121521678605
source_relative_db,loudness,20260920,1,1.0,arousal,absolute,0.10314786980136399
source_relative_db,loudness,20260920,1,1.0,dominance,absolute,0.08101842888077658
source_relative_db,loudness,20260920,1,1.0,valence,relative,0.01877810843625954
source_relative_db,loudness,20260920,1,1.0,arousal,relative,0.09575110467367133
source_relative_db,loudness,20260920,1,1.0,dominance,relative,0.06684343718114623
source_relative_db,all,20260920,2,0.0,valence,absolute,0.029817970018444006
source_relative_db,all,20260920,2,0.0,arousal,absolute,0.2997928112671846
source_relative_db,all,20260920,2,0.0,dominance,absolute,0.23963714026084787
source_relative_db,all,20260920,2,0.0,valence,relative,0.030049299140569783
source_relative_db,all,20260920,2,0.0,arousal,relative,0.41223624139577875
source_relative_db,all,20260920,2,0.0,dominance,relative,0.27714891707415584
source_relative_db,loudness,20260920,2,0.0,valence,absolute,0.01825426303910007
source_relative_db,loudness,20260920,2,0.0,arousal,absolute,0.034975115691904445
source_relative_db,loudness,20260920,2,0.0,dominance,absolute,0.031910998262150325
source_relative_db,loudness,20260920,2,0.0,valence,relative,0.020081016136853737
source_relative_db,loudness,20260920,2,0.0,arousal,relative,0.03832982110253889
source_relative_db,loudness,20260920,2,0.0,dominance,relative,0.035014172464410596
source_relative_db,all,20260920,2,0.25,valence,absolute,0.030221319289613666
source_relative_db,all,20260920,2,0.25,arousal,absolute,0.3249873075275221
source_relative_db,all,20260920,2,0.25,dominance,absolute,0.25069203967254555
source_relative_db,all,20260920,2,0.25,valence,relative,0.02997473994271458
source_relative_db,all,20260920,2,0.25,arousal,relative,0.4091234070440575
source_relative_db,all,20260920,2,0.25,dominance,relative,0.27567794046017774
source_relative_db,loudness,20260920,2,0.25,valence,absolute,0.01832212522104414
source_relative_db,loudness,20260920,2,0.25,arousal,absolute,0.03692398730420848
source_relative_db,loudness,20260920,2,0.25,dominance,absolute,0.032830717451359515
source_relative_db,loudness,20260920,2,0.25,valence,relative,0.020025003429992163
source_relative_db,loudness,20260920,2,0.25,arousal,relative,0.03825831632379445
source_relative_db,loudness,20260920,2,0.25,dominance,relative,0.03492490666322755
source_relative_db,all,20260920,2,0.5,valence,absolute,0.030359434068502986
source_relative_db,all,20260920,2,0.5,arousal,absolute,0.3460509082498487
source_relative_db,all,20260920,2,0.5,dominance,absolute,0.2589130248459886
source_relative_db,all,20260920,2,0.5,valence,relative,0.029887737600841166
source_relative_db,all,20260920,2,0.5,arousal,relative,0.40269647252108787
source_relative_db,all,20260920,2,0.5,dominance,relative,0.2715172103705632
source_relative_db,loudness,20260920,2,0.5,valence,absolute,0.018381368233783578
source_relative_db,loudness,20260920,2,0.5,arousal,absolute,0.0385518874957176
source_relative_db,loudness,20260920,2,0.5,dominance,absolute,0.03340148647741928
source_relative_db,loudness,20260920,2,0.5,valence,relative,0.0199610617953147
source_relative_db,loudness,20260920,2,0.5,arousal,relative,0.03782947141591037
source_relative_db,loudness,20260920,2,0.5,dominance,relative,0.03446826829986403
source_relative_db,all,20260920,2,0.75,valence,absolute,0.030231859356412014
source_relative_db,all,20260920,2,0.75,arousal,absolute,0.36246436020211553
source_relative_db,all,20260920,2,0.75,dominance,absolute,0.26404316541625056
source_relative_db,all,20260920,2,0.75,valence,relative,0.029788594222197554
source_relative_db,all,20260920,2,0.75,arousal,relative,0.393237364742353
source_relative_db,all,20260920,2,0.75,dominance,relative,0.26489410446104367
source_relative_db,loudness,20260920,2,0.75,valence,absolute,0.018431863089413948
source_relative_db,loudness,20260920,2,0.75,arousal,absolute,0.039823946208928554
source_relative_db,loudness,20260920,2,0.75,dominance,absolute,0.03361244903615502
source_relative_db,loudness,20260920,2,0.75,valence,relative,0.019889439450751577
source_relative_db,loudness,20260920,2,0.75,arousal,relative,0.037070730711742085
source_relative_db,loudness,20260920,2,0.75,dominance,relative,0.033673908945166205
source_relative_db,all,20260920,2,1.0,valence,absolute,0.029839308001297304
source_relative_db,all,20260920,2,1.0,arousal,absolute,0.37397098995505457
source_relative_db,all,20260920,2,1.0,dominance,absolute,0.2660018662741448
source_relative_db,all,20260920,2,1.0,valence,relative,0.02967731052304227
source_relative_db,all,20260920,2,1.0,arousal,relative,0.38114142072742235
source_relative_db,all,20260920,2,1.0,dominance,relative,0.2561854042354047
source_relative_db,loudness,20260920,2,1.0,valence,absolute,0.018473603274188777
source_relative_db,loudness,20260920,2,1.0,arousal,absolute,0.04072756823261182
source_relative_db,loudness,20260920,2,1.0,dominance,absolute,0.03347682714822572
source_relative_db,loudness,20260920,2,1.0,valence,relative,0.019810089413402066
source_relative_db,loudness,20260920,2,1.0,arousal,relative,0.036023664749165955
source_relative_db,loudness,20260920,2,1.0,dominance,relative,0.03259364019386585
source_relative_db,all,20260920,3,0.0,valence,absolute,0.03826925758744826
source_relative_db,all,20260920,3,0.0,arousal,absolute,0.4080078006787715
source_relative_db,all,20260920,3,0.0,dominance,absolute,0.34242634847619446
source_relative_db,all,20260920,3,0.0,valence,relative,0.038761318831010576
source_relative_db,all,20260920,3,0.0,arousal,relative,0.5249507177451483
source_relative_db,all,20260920,3,0.0,dominance,relative,0.3817068755205646
source_relative_db,loudness,20260920,3,0.0,valence,absolute,0.018767616182499346
source_relative_db,loudness,20260920,3,0.0,arousal,absolute,0.11142775826550133
source_relative_db,loudness,20260920,3,0.0,dominance,absolute,0.07912655799613252
source_relative_db,loudness,20260920,3,0.0,valence,relative,0.020438076836539126
source_relative_db,loudness,20260920,3,0.0,arousal,relative,0.1212790660332882
source_relative_db,loudness,20260920,3,0.0,dominance,relative,0.08613884228140468
source_relative_db,all,20260920,3,0.25,valence,absolute,0.03831602982138092
source_relative_db,all,20260920,3,0.25,arousal,absolute,0.40506451321489334
source_relative_db,all,20260920,3,0.25,dominance,absolute,0.34421690034838937
source_relative_db,all,20260920,3,0.25,valence,relative,0.03860346559699568
source_relative_db,all,20260920,3,0.25,arousal,relative,0.5247038386589755
source_relative_db,all,20260920,3,0.25,dominance,relative,0.38387070913164895
source_relative_db,loudness,20260920,3,0.25,valence,absolute,0.018679320352457555
source_relative_db,loudness,20260920,3,0.25,arousal,absolute,0.11708685791107515
source_relative_db,loudness,20260920,3,0.25,dominance,absolute,0.08464622499013671
source_relative_db,loudness,20260920,3,0.25,valence,relative,0.0203349326345701
source_relative_db,loudness,20260920,3,0.25,arousal,relative,0.12122417217725201
source_relative_db,loudness,20260920,3,0.25,dominance,relative,0.08640062816175507
source_relative_db,all,20260920,3,0.5,valence,absolute,0.038460107436412844
source_relative_db,all,20260920,3,0.5,arousal,absolute,0.3986518436000303
source_relative_db,all,20260920,3,0.5,dominance,absolute,0.3438893361623204
source_relative_db,all,20260920,3,0.5,valence,relative,0.03843966012922108
source_relative_db,all,20260920,3,0.5,arousal,relative,0.5211649625018651
source_relative_db,all,20260920,3,0.5,dominance,relative,0.38477552610434135
source_relative_db,loudness,20260920,3,0.5,valence,absolute,0.018564725330498646
source_relative_db,loudness,20260920,3,0.5,arousal,absolute,0.12179052234037975
source_relative_db,loudness,20260920,3,0.5,dominance,absolute,0.08992629085973441
source_relative_db,loudness,20260920,3,0.5,valence,relative,0.020228239023731154
source_relative_db,loudness,20260920,3,0.5,arousal,relative,0.1201461675869366
source_relative_db,loudness,20260920,3,0.5,dominance,relative,0.08632856803501583
source_relative_db,all,20260920,3,0.75,valence,absolute,0.038701289028163145
source_relative_db,all,20260920,3,0.75,arousal,absolute,0.38900577470222253
source_relative_db,all,20260920,3,0.75,dominance,absolute,0.34152818352453257
source_relative_db,all,20260920,3,0.75,valence,relative,0.03827006118358559
source_relative_db,all,20260920,3,0.75,arousal,relative,0.5145385590769938
source_relative_db,all,20260920,3,0.75,dominance,relative,0.38442987903751485
source_relative_db,loudness,20260920,3,0.75,valence,absolute,0.01842412865330751
source_relative_db,loudness,20260920,3,0.75,arousal,absolute,0.12545208036740818
source_relative_db,loudness,20260920,3,0.75,dominance,absolute,0.09491132463609402
source_relative_db,loudness,20260920,3,0.75,valence,relative,0.02011812641477447
source_relative_db,loudness,20260920,3,0.75,arousal,relative,0.11811597406163193
source_relative_db,loudness,20260920,3,0.75,dominance,relative,0.08592940998880132
source_relative_db,all,20260920,3,1.0,valence,absolute,0.039038563874782675
source_relative_db,all,20260920,3,1.0,arousal,absolute,0.37645680518313757
source_relative_db,all,20260920,3,1.0,dominance,absolute,0.3372501831102673
source_relative_db,all,20260920,3,1.0,valence,relative,0.038094603343759775
source_relative_db,all,20260920,3,1.0,arousal,relative,0.5050669657958148
source_relative_db,all,20260920,3,1.0,dominance,relative,0.3828662803207984
source_relative_db,loudness,20260920,3,1.0,valence,absolute,0.018257465599649345
source_relative_db,loudness,20260920,3,1.0,arousal,absolute,0.12802655743497227
source_relative_db,loudness,20260920,3,1.0,dominance,absolute,0.09955359854436631
source_relative_db,loudness,20260920,3,1.0,valence,relative,0.020004721907903523
source_relative_db,loudness,20260920,3,1.0,arousal,relative,0.11522978684842365
source_relative_db,loudness,20260920,3,1.0,dominance,relative,0.08521639209300996
source_relative_db,all,20260920,4,0.0,valence,absolute,0.03057244633794505
source_relative_db,all,20260920,4,0.0,arousal,absolute,0.3206082666860903
source_relative_db,all,20260920,4,0.0,dominance,absolute,0.19040051147538847
source_relative_db,all,20260920,4,0.0,valence,relative,0.03334429330937963
source_relative_db,all,20260920,4,0.0,arousal,relative,0.45290934793036897
source_relative_db,all,20260920,4,0.0,dominance,relative,0.21331172066314688
source_relative_db,loudness,20260920,4,0.0,valence,absolute,0.0209257108246212
source_relative_db,loudness,20260920,4,0.0,arousal,absolute,0.025329917199738143
source_relative_db,loudness,20260920,4,0.0,dominance,absolute,0.02593110239937664
source_relative_db,loudness,20260920,4,0.0,valence,relative,0.023150380403388564
source_relative_db,loudness,20260920,4,0.0,arousal,relative,0.02783151823425675
source_relative_db,loudness,20260920,4,0.0,dominance,relative,0.028595098765355823
source_relative_db,all,20260920,4,0.25,valence,absolute,0.03127416277236823
source_relative_db,all,20260920,4,0.25,arousal,absolute,0.32130677954811093
source_relative_db,all,20260920,4,0.25,dominance,absolute,0.19361855263248148
source_relative_db,all,20260920,4,0.25,valence,relative,0.03326402711991691
source_relative_db,all,20260920,4,0.25,arousal,relative,0.45094295184652394
source_relative_db,all,20260920,4,0.25,dominance,relative,0.2133028985984267
source_relative_db,loudness,20260920,4,0.25,valence,absolute,0.021655601814633826
source_relative_db,loudness,20260920,4,0.25,arousal,absolute,0.031020939178612764
source_relative_db,loudness,20260920,4,0.25,dominance,absolute,0.028048200552469146
source_relative_db,loudness,20260920,4,0.25,valence,relative,0.023108145415387252
source_relative_db,loudness,20260920,4,0.25,arousal,relative,0.027856665725068938
source_relative_db,loudness,20260920,4,0.25,dominance,relative,0.028614821591127413
source_relative_db,all,20260920,4,0.5,valence,absolute,0.03194941262859198
source_relative_db,all,20260920,4,0.5,arousal,absolute,0.3183686257766068
source_relative_db,all,20260920,4,0.5,dominance,absolute,0.1958704358885836
source_relative_db,all,20260920,4,0.5,valence,relative,0.033125440721415815
source_relative_db,all,20260920,4,0.5,arousal,relative,0.4443936109896021
source_relative_db,all,20260920,4,0.5,dominance,relative,0.2125184052882962
source_relative_db,loudness,20260920,4,0.5,valence,absolute,0.02234669706866287
source_relative_db,loudness,20260920,4,0.5,arousal,absolute,0.03635544947142794
source_relative_db,loudness,20260920,4,0.5,dominance,absolute,0.030102939907339324
source_relative_db,loudness,20260920,4,0.5,valence,relative,0.023025155584449963
source_relative_db,loudness,20260920,4,0.5,arousal,relative,0.02753173304752439
source_relative_db,loudness,20260920,4,0.5,dominance,relative,0.028520529773274458
source_relative_db,all,20260920,4,0.75,valence,absolute,0.032595998982530794
source_relative_db,all,20260920,4,0.75,arousal,absolute,0.3125523184363407
source_relative_db,all,20260920,4,0.75,dominance,absolute,0.19718271323680275
source_relative_db,all,20260920,4,0.75,valence,relative,0.03293050887123217
source_relative_db,all,20260920,4,0.75,arousal,relative,0.4336546541477882
source_relative_db,all,20260920,4,0.75,dominance,relative,0.21097497108751073
source_relative_db,loudness,20260920,4,0.75,valence,absolute,0.02299578954344737
source_relative_db,loudness,20260920,4,0.75,arousal,absolute,0.04116582319316056
source_relative_db,loudness,20260920,4,0.75,dominance,absolute,0.032071226190146
source_relative_db,loudness,20260920,4,0.75,valence,relative,0.0229025961558213
source_relative_db,loudness,20260920,4,0.75,arousal,relative,0.026887990870886284
source_relative_db,loudness,20260920,4,0.75,dominance,relative,0.028314758042939345
source_relative_db,all,20260920,4,1.0,valence,absolute,0.03321056558631032
source_relative_db,all,20260920,4,1.0,arousal,absolute,0.3045795547985173
source_relative_db,all,20260920,4,1.0,dominance,absolute,0.1976157817191261
source_relative_db,all,20260920,4,1.0,valence,relative,0.03268021352492847
source_relative_db,all,20260920,4,1.0,arousal,relative,0.41932000333638003
source_relative_db,all,20260920,4,1.0,dominance,relative,0.2087096092660464
source_relative_db,loudness,20260920,4,1.0,valence,absolute,0.02359971417966907
source_relative_db,loudness,20260920,4,1.0,arousal,absolute,0.045338705602150475
source_relative_db,loudness,20260920,4,1.0,dominance,absolute,0.033933444312828714
source_relative_db,loudness,20260920,4,1.0,valence,relative,0.0227410505741588
source_relative_db,loudness,20260920,4,1.0,arousal,relative,0.025974990628844778
source_relative_db,loudness,20260920,4,1.0,dominance,relative,0.02800315129973863
source_relative_db,all,20260921,0,0.0,valence,absolute,0.04377354325999168
source_relative_db,all,20260921,0,0.0,arousal,absolute,0.409391144069128
source_relative_db,all,20260921,0,0.0,dominance,absolute,0.3564745417422363
source_relative_db,all,20260921,0,0.0,valence,relative,0.044885274735011575
source_relative_db,all,20260921,0,0.0,arousal,relative,0.486808492196649
source_relative_db,all,20260921,0,0.0,dominance,relative,0.38172047978202733
source_relative_db,loudness,20260921,0,0.0,valence,absolute,0.02364894129566554
source_relative_db,loudness,20260921,0,0.0,arousal,absolute,0.1037124631166071
source_relative_db,loudness,20260921,0,0.0,dominance,absolute,0.07478561230899865
source_relative_db,loudness,20260921,0,0.0,valence,relative,0.025771986215143435
source_relative_db,loudness,20260921,0,0.0,arousal,relative,0.11299289738095224
source_relative_db,loudness,20260921,0,0.0,dominance,relative,0.08148108504524153
source_relative_db,all,20260921,0,0.25,valence,absolute,0.04485022849320015
source_relative_db,all,20260921,0,0.25,arousal,absolute,0.41551944233781224
source_relative_db,all,20260921,0,0.25,dominance,absolute,0.36379212837023445
source_relative_db,all,20260921,0,0.25,valence,relative,0.044793464923455865
source_relative_db,all,20260921,0,0.25,arousal,relative,0.48492713920728064
source_relative_db,all,20260921,0,0.25,dominance,relative,0.3816412810587794
source_relative_db,loudness,20260921,0,0.25,valence,absolute,0.024710411667148203
source_relative_db,loudness,20260921,0,0.25,arousal,absolute,0.10943130604585995
source_relative_db,loudness,20260921,0,0.25,dominance,absolute,0.07865059948343722
source_relative_db,loudness,20260921,0,0.25,valence,relative,0.02566272524277657
source_relative_db,loudness,20260921,0,0.25,arousal,relative,0.11207182961338905
source_relative_db,loudness,20260921,0,0.25,dominance,relative,0.08121821466929822
source_relative_db,all,20260921,0,0.5,valence,absolute,0.04586761664969632
source_relative_db,all,20260921,0,0.5,arousal,absolute,0.41892075725194944
source_relative_db,all,20260921,0,0.5,dominance,absolute,0.3701251300918646
source_relative_db,all,20260921,0,0.5,valence,relative,0.044616317069358646
source_relative_db,all,20260921,0,0.5,arousal,relative,0.4802419642839661
source_relative_db,all,20260921,0,0.5,dominance,relative,0.3806938833025043
source_relative_db,loudness,20260921,0,0.5,valence,absolute,0.02573991812935847
source_relative_db,loudness,20260921,0,0.5,arousal,absolute,0.11434200536024276
source_relative_db,loudness,20260921,0,0.5,dominance,absolute,0.08237686403715817
source_relative_db,loudness,20260921,0,0.5,valence,relative,0.025504465760834833
source_relative_db,loudness,20260921,0,0.5,arousal,relative,0.11029766583739693
source_relative_db,loudness,20260921,0,0.5,dominance,relative,0.08073048581812993
source_relative_db,all,20260921,0,0.75,valence,absolute,0.04681944245334444
source_relative_db,all,20260921,0,0.75,arousal,absolute,0.4197897495333493
source_relative_db,all,20260921,0,0.75,dominance,absolute,0.37544795048015256
source_relative_db,all,20260921,0,0.75,valence,relative,0.04435467388520829
source_relative_db,all,20260921,0,0.75,arousal,relative,0.4728994678866508
source_relative_db,all,20260921,0,0.75,dominance,relative,0.3788962174394144
source_relative_db,loudness,20260921,0,0.75,valence,absolute,0.026731141327470266
source_relative_db,loudness,20260921,0,0.75,arousal,absolute,0.11835827683075567
source_relative_db,loudness,20260921,0,0.75,dominance,absolute,0.08593729997075905
source_relative_db,loudness,20260921,0,0.75,valence,relative,0.025297877396339204
source_relative_db,loudness,20260921,0,0.75,arousal,relative,0.10774404184090723
source_relative_db,loudness,20260921,0,0.75,dominance,relative,0.08002459443259911
source_relative_db,all,20260921,0,1.0,valence,absolute,0.04770354960934841
source_relative_db,all,20260921,0,1.0,arousal,absolute,0.41822578406264665
source_relative_db,all,20260921,0,1.0,dominance,absolute,0.37975088215587055
source_relative_db,all,20260921,0,1.0,valence,relative,0.04401211120054644
source_relative_db,all,20260921,0,1.0,arousal,relative,0.4631101617276741
source_relative_db,all,20260921,0,1.0,dominance,relative,0.37626683676542594
source_relative_db,loudness,20260921,0,1.0,valence,absolute,0.027679529688581474
source_relative_db,loudness,20260921,0,1.0,arousal,absolute,0.12143284454712505
source_relative_db,loudness,20260921,0,1.0,dominance,absolute,0.08930456943104163
source_relative_db,loudness,20260921,0,1.0,valence,relative,0.025045469136695003
source_relative_db,loudness,20260921,0,1.0,arousal,relative,0.10450100666811592
source_relative_db,loudness,20260921,0,1.0,dominance,relative,0.07910817672998646
source_relative_db,all,20260921,1,0.0,valence,absolute,0.020293847921156585
source_relative_db,all,20260921,1,0.0,arousal,absolute,0.367658220936641
source_relative_db,all,20260921,1,0.0,dominance,absolute,0.25437173129933616
source_relative_db,all,20260921,1,0.0,valence,relative,0.02302008471156133
source_relative_db,all,20260921,1,0.0,arousal,relative,0.49952023914949817
source_relative_db,all,20260921,1,0.0,dominance,relative,0.28565474734076846
source_relative_db,loudness,20260921,1,0.0,valence,absolute,0.012200123447506726
source_relative_db,loudness,20260921,1,0.0,arousal,absolute,0.05764230109316515
source_relative_db,loudness,20260921,1,0.0,dominance,absolute,0.05443993457587035
source_relative_db,loudness,20260921,1,0.0,valence,relative,0.013544124020536943
source_relative_db,loudness,20260921,1,0.0,arousal,relative,0.06365785091361145
source_relative_db,loudness,20260921,1,0.0,dominance,relative,0.06029629284271815
source_relative_db,all,20260921,1,0.25,valence,absolute,0.020338976921146522
source_relative_db,all,20260921,1,0.25,arousal,absolute,0.37131798302810637
source_relative_db,all,20260921,1,0.25,dominance,absolute,0.25757002094983683
source_relative_db,all,20260921,1,0.25,valence,relative,0.022977401857657002
source_relative_db,all,20260921,1,0.25,arousal,relative,0.4993929872487549
source_relative_db,all,20260921,1,0.25,dominance,relative,0.28457432268308497
source_relative_db,loudness,20260921,1,0.25,valence,absolute,0.012830302718917235
source_relative_db,loudness,20260921,1,0.25,arousal,absolute,0.057554092714470366
source_relative_db,loudness,20260921,1,0.25,dominance,absolute,0.0515748055661363
source_relative_db,loudness,20260921,1,0.25,valence,relative,0.013508565838045241
source_relative_db,loudness,20260921,1,0.25,arousal,relative,0.06356903408507047
source_relative_db,loudness,20260921,1,0.25,dominance,relative,0.0597652608854875
source_relative_db,all,20260921,1,0.5,valence,absolute,0.020377132447166737
source_relative_db,all,20260921,1,0.5,arousal,absolute,0.3743106150295714
source_relative_db,all,20260921,1,0.5,dominance,absolute,0.25611905022287174
source_relative_db,all,20260921,1,0.5,valence,relative,0.02289054163795156
source_relative_db,all,20260921,1,0.5,arousal,relative,0.4984297392640691
source_relative_db,all,20260921,1,0.5,dominance,relative,0.2787229092187937
source_relative_db,loudness,20260921,1,0.5,valence,absolute,0.013434272819795168
source_relative_db,loudness,20260921,1,0.5,arousal,absolute,0.057222230008368485
source_relative_db,loudness,20260921,1,0.5,dominance,absolute,0.04746092231625451
source_relative_db,loudness,20260921,1,0.5,valence,relative,0.013446607889447251
source_relative_db,loudness,20260921,1,0.5,arousal,relative,0.06334852222294897
source_relative_db,loudness,20260921,1,0.5,dominance,relative,0.05810496540751286
source_relative_db,all,20260921,1,0.75,valence,absolute,0.020408104296436406
source_relative_db,all,20260921,1,0.75,arousal,absolute,0.37665298241355305
source_relative_db,all,20260921,1,0.75,dominance,absolute,0.2502075773513524
source_relative_db,all,20260921,1,0.75,valence,relative,0.022760528171766898
source_relative_db,all,20260921,1,0.75,arousal,relative,0.49663076781922166
source_relative_db,all,20260921,1,0.75,dominance,relative,0.2687646877152871
source_relative_db,loudness,20260921,1,0.75,valence,absolute,0.014008708620475614
source_relative_db,loudness,20260921,1,0.75,arousal,absolute,0.0566516547980353
source_relative_db,loudness,20260921,1,0.75,dominance,absolute,0.042425167630983356
source_relative_db,loudness,20260921,1,0.75,valence,relative,0.013358927872321574
source_relative_db,loudness,20260921,1,0.75,arousal,relative,0.0629972208747058
source_relative_db,loudness,20260921,1,0.75,dominance,relative,0.05550410726079429
source_relative_db,all,20260921,1,1.0,valence,absolute,0.02043174769015712
source_relative_db,all,20260921,1,1.0,arousal,absolute,0.3782816093924177
source_relative_db,all,20260921,1,1.0,dominance,absolute,0.2404913100597774
source_relative_db,all,20260921,1,1.0,valence,relative,0.022588568008749317
source_relative_db,all,20260921,1,1.0,arousal,relative,0.4940257393508056
source_relative_db,all,20260921,1,1.0,dominance,relative,0.2556230512273494
source_relative_db,loudness,20260921,1,1.0,valence,absolute,0.014550456986845511
source_relative_db,loudness,20260921,1,1.0,arousal,absolute,0.05585108533643358
source_relative_db,loudness,20260921,1,1.0,dominance,absolute,0.03684115761459921
source_relative_db,loudness,20260921,1,1.0,valence,relative,0.013246325292022151
source_relative_db,loudness,20260921,1,1.0,arousal,relative,0.06252110115596896
source_relative_db,loudness,20260921,1,1.0,dominance,relative,0.05221459932030157
source_relative_db,all,20260921,2,0.0,valence,absolute,0.03288980278492863
source_relative_db,all,20260921,2,0.0,arousal,absolute,0.4240021183896062
source_relative_db,all,20260921,2,0.0,dominance,absolute,0.2853487535780664
source_relative_db,all,20260921,2,0.0,valence,relative,0.03384887290704338
source_relative_db,all,20260921,2,0.0,arousal,relative,0.5506900079655164
source_relative_db,all,20260921,2,0.0,dominance,relative,0.3255165545400222
source_relative_db,loudness,20260921,2,0.0,valence,absolute,0.02013301723725005
source_relative_db,loudness,20260921,2,0.0,arousal,absolute,0.10904735475412354
source_relative_db,loudness,20260921,2,0.0,dominance,absolute,0.06115523476863845
source_relative_db,loudness,20260921,2,0.0,valence,relative,0.022506359997753723
source_relative_db,loudness,20260921,2,0.0,arousal,relative,0.12111113630446028
source_relative_db,loudness,20260921,2,0.0,dominance,relative,0.06811596672471856
source_relative_db,all,20260921,2,0.25,valence,absolute,0.03353949393481005
source_relative_db,all,20260921,2,0.25,arousal,absolute,0.4244963555797953
source_relative_db,all,20260921,2,0.25,dominance,absolute,0.28899683307538826
source_relative_db,all,20260921,2,0.25,valence,relative,0.03374650579188954
source_relative_db,all,20260921,2,0.25,arousal,relative,0.5476993174863917
source_relative_db,all,20260921,2,0.25,dominance,relative,0.32566196064709696
source_relative_db,loudness,20260921,2,0.25,valence,absolute,0.020460476324627695
source_relative_db,loudness,20260921,2,0.25,arousal,absolute,0.11119806417623684
source_relative_db,loudness,20260921,2,0.25,dominance,absolute,0.06246340085238862
source_relative_db,loudness,20260921,2,0.25,valence,relative,0.02246028921417668
source_relative_db,loudness,20260921,2,0.25,arousal,relative,0.11973054853902163
source_relative_db,loudness,20260921,2,0.25,dominance,relative,0.06777802759211127
source_relative_db,all,20260921,2,0.5,valence,absolute,0.034186175098081424
source_relative_db,all,20260921,2,0.5,arousal,absolute,0.42033017773033754
source_relative_db,all,20260921,2,0.5,dominance,absolute,0.2903839100963502
source_relative_db,all,20260921,2,0.5,valence,relative,0.03364284016018198
source_relative_db,all,20260921,2,0.5,arousal,relative,0.5398796754764608
source_relative_db,all,20260921,2,0.5,dominance,relative,0.3240549766016667
source_relative_db,loudness,20260921,2,0.5,valence,absolute,0.020786697155459152
source_relative_db,loudness,20260921,2,0.5,arousal,absolute,0.11196197623389327
source_relative_db,loudness,20260921,2,0.5,dominance,absolute,0.06338554893954695
source_relative_db,loudness,20260921,2,0.5,valence,relative,0.02241337706645638
source_relative_db,loudness,20260921,2,0.5,arousal,relative,0.11694205514729106
source_relative_db,loudness,20260921,2,0.5,dominance,relative,0.0670307116854729
source_relative_db,all,20260921,2,0.75,valence,absolute,0.03482961707518669
source_relative_db,all,20260921,2,0.75,arousal,absolute,0.41226947972674544
source_relative_db,all,20260921,2,0.75,dominance,absolute,0.28964860150948885
source_relative_db,all,20260921,2,0.75,valence,relative,0.033537808314838706
source_relative_db,all,20260921,2,0.75,arousal,relative,0.5275124494937484
source_relative_db,all,20260921,2,0.75,dominance,relative,0.3207366216470637
source_relative_db,loudness,20260921,2,0.75,valence,absolute,0.02111146228983926
source_relative_db,loudness,20260921,2,0.75,arousal,absolute,0.11137164841201351
source_relative_db,loudness,20260921,2,0.75,dominance,absolute,0.0639111439704553
source_relative_db,loudness,20260921,2,0.75,valence,relative,0.022365545039151682
source_relative_db,loudness,20260921,2,0.75,arousal,relative,0.11290779765867628
source_relative_db,loudness,20260921,2,0.75,dominance,relative,0.06589530174418994
source_relative_db,all,20260921,2,1.0,valence,absolute,0.035469953788427246
source_relative_db,all,20260921,2,1.0,arousal,absolute,0.4011606018983316
source_relative_db,all,20260921,2,1.0,dominance,absolute,0.2870079662319962
source_relative_db,all,20260921,2,1.0,valence,relative,0.033431570040450186
source_relative_db,all,20260921,2,1.0,arousal,relative,0.5111124601151525
source_relative_db,all,20260921,2,1.0,dominance,relative,0.3158078326744578
source_relative_db,loudness,20260921,2,1.0,valence,absolute,0.021435025647441677
source_relative_db,loudness,20260921,2,1.0,arousal,absolute,0.10955065163247775
source_relative_db,loudness,20260921,2,1.0,dominance,absolute,0.0640459666235959
source_relative_db,loudness,20260921,2,1.0,valence,relative,0.02231697080465553
source_relative_db,loudness,20260921,2,1.0,arousal,relative,0.1078625496632299
source_relative_db,loudness,20260921,2,1.0,dominance,relative,0.06440788686946217
source_relative_db,all,20260921,3,0.0,valence,absolute,0.025299476228730883
source_relative_db,all,20260921,3,0.0,arousal,absolute,0.30057525244025535
source_relative_db,all,20260921,3,0.0,dominance,absolute,0.2435375661878915
source_relative_db,all,20260921,3,0.0,valence,relative,0.02642088280710729
source_relative_db,all,20260921,3,0.0,arousal,relative,0.4026812654663683
source_relative_db,all,20260921,3,0.0,dominance,relative,0.2778521059995975
source_relative_db,loudness,20260921,3,0.0,valence,absolute,0.018567127060687083
source_relative_db,loudness,20260921,3,0.0,arousal,absolute,0.042039607176882515
source_relative_db,loudness,20260921,3,0.0,dominance,absolute,0.03137251400837387
source_relative_db,loudness,20260921,3,0.0,valence,relative,0.019915876676139418
source_relative_db,loudness,20260921,3,0.0,arousal,relative,0.045216496346365244
source_relative_db,loudness,20260921,3,0.0,dominance,relative,0.033732343881767726
source_relative_db,all,20260921,3,0.25,valence,absolute,0.025855745093333295
source_relative_db,all,20260921,3,0.25,arousal,absolute,0.31435379869429647
source_relative_db,all,20260921,3,0.25,dominance,absolute,0.2549728209775133
source_relative_db,all,20260921,3,0.25,valence,relative,0.02632980291824767
source_relative_db,all,20260921,3,0.25,arousal,relative,0.40108910759512506
source_relative_db,all,20260921,3,0.25,dominance,relative,0.2769540044043517
source_relative_db,loudness,20260921,3,0.25,valence,absolute,0.0190068023637579
source_relative_db,loudness,20260921,3,0.25,arousal,absolute,0.05055544684937539
source_relative_db,loudness,20260921,3,0.25,dominance,absolute,0.039681795996490375
source_relative_db,loudness,20260921,3,0.25,valence,relative,0.01985962496360603
source_relative_db,loudness,20260921,3,0.25,arousal,relative,0.04519582645785141
source_relative_db,loudness,20260921,3,0.25,dominance,relative,0.033790761211227725
source_relative_db,all,20260921,3,0.5,valence,absolute,0.026404573624870566
source_relative_db,all,20260921,3,0.5,arousal,absolute,0.32633881702779916
source_relative_db,all,20260921,3,0.5,dominance,absolute,0.26439424576078135
source_relative_db,all,20260921,3,0.5,valence,relative,0.026235933307395588
source_relative_db,all,20260921,3,0.5,arousal,relative,0.3967508799023963
source_relative_db,all,20260921,3,0.5,dominance,relative,0.27385726280667805
source_relative_db,loudness,20260921,3,0.5,valence,absolute,0.01944940331459214
source_relative_db,loudness,20260921,3,0.5,arousal,absolute,0.058685981476466434
source_relative_db,loudness,20260921,3,0.5,dominance,absolute,0.04761228968280584
source_relative_db,loudness,20260921,3,0.5,valence,relative,0.019801384453578524
source_relative_db,loudness,20260921,3,0.5,arousal,relative,0.04481299973237763
source_relative_db,loudness,20260921,3,0.5,dominance,relative,0.03354722469714829
source_relative_db,all,20260921,3,0.75,valence,absolute,0.026945182480262238
source_relative_db,all,20260921,3,0.75,arousal,absolute,0.33619414639305395
source_relative_db,all,20260921,3,0.75,dominance,absolute,0.2714928126107484
source_relative_db,all,20260921,3,0.75,valence,relative,0.02613933237184251
source_relative_db,all,20260921,3,0.75,arousal,relative,0.38983163807774734
source_relative_db,all,20260921,3,0.75,dominance,relative,0.2687252972227323
source_relative_db,loudness,20260921,3,0.75,valence,absolute,0.01989474721083384
source_relative_db,loudness,20260921,3,0.75,arousal,absolute,0.06625276793093811
source_relative_db,loudness,20260921,3,0.75,dominance,absolute,0.05497522627430323
source_relative_db,loudness,20260921,3,0.75,valence,relative,0.019741119879585628
source_relative_db,loudness,20260921,3,0.75,arousal,relative,0.044087667812262754
source_relative_db,loudness,20260921,3,0.75,dominance,relative,0.03302028881483738
source_relative_db,all,20260921,3,1.0,valence,absolute,0.027476501484775973
source_relative_db,all,20260921,3,1.0,arousal,absolute,0.34355147933523555
source_relative_db,all,20260921,3,1.0,dominance,absolute,0.27608416957804244
source_relative_db,all,20260921,3,1.0,valence,relative,0.02603992878573733
source_relative_db,all,20260921,3,1.0,arousal,relative,0.3806492481249773
source_relative_db,all,20260921,3,1.0,dominance,relative,0.2618210716389334
source_relative_db,loudness,20260921,3,1.0,valence,absolute,0.020342691129619686
source_relative_db,loudness,20260921,3,1.0,arousal,absolute,0.07312854265552736
source_relative_db,loudness,20260921,3,1.0,dominance,absolute,0.061630740550350845
source_relative_db,loudness,20260921,3,1.0,valence,relative,0.019678701560383236
source_relative_db,loudness,20260921,3,1.0,arousal,relative,0.04306109262651146
source_relative_db,loudness,20260921,3,1.0,dominance,relative,0.032243943569217975
source_relative_db,all,20260921,4,0.0,valence,absolute,0.037984564227077695
source_relative_db,all,20260921,4,0.0,arousal,absolute,0.37447290385144255
source_relative_db,all,20260921,4,0.0,dominance,absolute,0.28717282149231527
source_relative_db,all,20260921,4,0.0,valence,relative,0.04086369054879278
source_relative_db,all,20260921,4,0.0,arousal,relative,0.4896075660666549
source_relative_db,all,20260921,4,0.0,dominance,relative,0.32555386828760535
source_relative_db,loudness,20260921,4,0.0,valence,absolute,0.02310337698304211
source_relative_db,loudness,20260921,4,0.0,arousal,absolute,0.07597816628486904
source_relative_db,loudness,20260921,4,0.0,dominance,absolute,0.06525342205591109
source_relative_db,loudness,20260921,4,0.0,valence,relative,0.02536977496978653
source_relative_db,loudness,20260921,4,0.0,arousal,relative,0.08325570642284963
source_relative_db,loudness,20260921,4,0.0,dominance,relative,0.07155791893013368
source_relative_db,all,20260921,4,0.25,valence,absolute,0.037699800829636254
source_relative_db,all,20260921,4,0.25,arousal,absolute,0.3774046995534525
source_relative_db,all,20260921,4,0.25,dominance,absolute,0.2921607450235061
source_relative_db,all,20260921,4,0.25,valence,relative,0.040846070616721214
source_relative_db,all,20260921,4,0.25,arousal,relative,0.48890571071079064
source_relative_db,all,20260921,4,0.25,dominance,relative,0.32662725060519443
source_relative_db,loudness,20260921,4,0.25,valence,absolute,0.023178460502861407
source_relative_db,loudness,20260921,4,0.25,arousal,absolute,0.07873533678274651
source_relative_db,loudness,20260921,4,0.25,dominance,absolute,0.06704152370776743
source_relative_db,loudness,20260921,4,0.25,valence,relative,0.0253187283483488
source_relative_db,loudness,20260921,4,0.25,arousal,relative,0.08299267589511676
source_relative_db,loudness,20260921,4,0.25,dominance,relative,0.07161382023602982
source_relative_db,all,20260921,4,0.5,valence,absolute,0.03717922576132649
source_relative_db,all,20260921,4,0.5,arousal,absolute,0.3783134241790673
source_relative_db,all,20260921,4,0.5,dominance,absolute,0.2964929163016012
source_relative_db,all,20260921,4,0.5,valence,relative,0.04080924075819554
source_relative_db,all,20260921,4,0.5,arousal,relative,0.48626743460085364
source_relative_db,all,20260921,4,0.5,dominance,relative,0.32723195748074807
source_relative_db,loudness,20260921,4,0.5,valence,absolute,0.02324039000924055
source_relative_db,loudness,20260921,4,0.5,arousal,absolute,0.08092961507512102
source_relative_db,loudness,20260921,4,0.5,dominance,absolute,0.06863972879308777
source_relative_db,loudness,20260921,4,0.5,valence,relative,0.025256279589549176
source_relative_db,loudness,20260921,4,0.5,arousal,relative,0.08232411929462916
source_relative_db,loudness,20260921,4,0.5,dominance,relative,0.07155226397811341
source_relative_db,all,20260921,4,0.75,valence,absolute,0.03642392778469214
source_relative_db,all,20260921,4,0.75,arousal,absolute,0.37725092188788334
source_relative_db,all,20260921,4,0.75,dominance,absolute,0.3001642953769373
source_relative_db,all,20260921,4,0.75,valence,relative,0.04075298579703091
source_relative_db,all,20260921,4,0.75,arousal,relative,0.481744805024182
source_relative_db,all,20260921,4,0.75,dominance,relative,0.32736976803943646
source_relative_db,loudness,20260921,4,0.75,valence,absolute,0.023289068562450412
source_relative_db,loudness,20260921,4,0.75,arousal,absolute,0.08255478588088266
source_relative_db,loudness,20260921,4,0.75,dominance,absolute,0.07004072711282455
source_relative_db,loudness,20260921,4,0.75,valence,relative,0.025182433542476818
source_relative_db,loudness,20260921,4,0.75,arousal,relative,0.08126600722624011
source_relative_db,loudness,20260921,4,0.75,dominance,relative,0.07137430322808573
source_relative_db,all,20260921,4,1.0,valence,absolute,0.03543581638356497
source_relative_db,all,20260921,4,1.0,arousal,absolute,0.37435722634764407
source_relative_db,all,20260921,4,1.0,dominance,absolute,0.303177828582859
source_relative_db,all,20260921,4,1.0,valence,relative,0.040677873890637525
source_relative_db,all,20260921,4,1.0,arousal,relative,0.4754705470140845
source_relative_db,all,20260921,4,1.0,dominance,relative,0.3270468734019885
source_relative_db,loudness,20260921,4,1.0,valence,absolute,0.023324305855641672
source_relative_db,loudness,20260921,4,1.0,arousal,absolute,0.08363569492223348
source_relative_db,loudness,20260921,4,1.0,dominance,absolute,0.07124273023074482
source_relative_db,loudness,20260921,4,1.0,valence,relative,0.025097530706888166
source_relative_db,loudness,20260921,4,1.0,arousal,relative,0.07985227694694819
source_relative_db,loudness,20260921,4,1.0,dominance,relative,0.07108251994365425
source_relative_db,all,20260922,0,0.0,valence,absolute,0.04221762564829237
source_relative_db,all,20260922,0,0.0,arousal,absolute,0.3753354693580435
source_relative_db,all,20260922,0,0.0,dominance,absolute,0.31948057988287126
source_relative_db,all,20260922,0,0.0,valence,relative,0.04383500522749694
source_relative_db,all,20260922,0,0.0,arousal,relative,0.4772144269416502
source_relative_db,all,20260922,0,0.0,dominance,relative,0.354997662279265
source_relative_db,loudness,20260922,0,0.0,valence,absolute,0.022068007249486366
source_relative_db,loudness,20260922,0,0.0,arousal,absolute,0.08802817080269935
source_relative_db,loudness,20260922,0,0.0,dominance,absolute,0.06981854316850271
source_relative_db,loudness,20260922,0,0.0,valence,relative,0.023777566174714968
source_relative_db,loudness,20260922,0,0.0,arousal,relative,0.09491913495827363
source_relative_db,loudness,20260922,0,0.0,dominance,relative,0.07526895073634415
source_relative_db,all,20260922,0,0.25,valence,absolute,0.04163089295276448
source_relative_db,all,20260922,0,0.25,arousal,absolute,0.37703222751306126
source_relative_db,all,20260922,0,0.25,dominance,absolute,0.3248733077328489
source_relative_db,all,20260922,0,0.25,valence,relative,0.04375534012485466
source_relative_db,all,20260922,0,0.25,arousal,relative,0.4761834563464589
source_relative_db,all,20260922,0,0.25,dominance,relative,0.3552191295347894
source_relative_db,loudness,20260922,0,0.25,valence,absolute,0.022010563998533336
source_relative_db,loudness,20260922,0,0.25,arousal,absolute,0.09181271197794126
source_relative_db,loudness,20260922,0,0.25,dominance,absolute,0.07243558561124985
source_relative_db,loudness,20260922,0,0.25,valence,relative,0.023730482886446694
source_relative_db,loudness,20260922,0,0.25,arousal,relative,0.09429026463993281
source_relative_db,loudness,20260922,0,0.25,dominance,relative,0.07514580562974942
source_relative_db,all,20260922,0,0.5,valence,absolute,0.04104457793247945
source_relative_db,all,20260922,0,0.5,arousal,absolute,0.37471834877553417
source_relative_db,all,20260922,0,0.5,dominance,absolute,0.3286031690327029
source_relative_db,all,20260922,0,0.5,valence,relative,0.043667935242366514
source_relative_db,all,20260922,0,0.5,arousal,relative,0.4711067957396399
source_relative_db,all,20260922,0,0.5,dominance,relative,0.3539585553495417
source_relative_db,loudness,20260922,0,0.5,valence,absolute,0.02191895661776559
source_relative_db,loudness,20260922,0,0.5,arousal,absolute,0.09465133050172714
source_relative_db,loudness,20260922,0,0.5,dominance,absolute,0.07471770522358184
source_relative_db,loudness,20260922,0,0.5,valence,relative,0.02367910381115472
source_relative_db,loudness,20260922,0,0.5,arousal,relative,0.09267640913934924
source_relative_db,loudness,20260922,0,0.5,dominance,relative,0.0746555765454704
source_relative_db,all,20260922,0,0.75,valence,absolute,0.040458538155739084
source_relative_db,all,20260922,0,0.75,arousal,absolute,0.3687787921832197
source_relative_db,all,20260922,0,0.75,dominance,absolute,0.3306701357556877
source_relative_db,all,20260922,0,0.75,valence,relative,0.04357256710001162
source_relative_db,all,20260922,0,0.75,arousal,relative,0.4622276483121171
source_relative_db,all,20260922,0,0.75,dominance,relative,0.35125213133258054
source_relative_db,loudness,20260922,0,0.75,valence,absolute,0.021793246680962473
source_relative_db,loudness,20260922,0,0.75,arousal,absolute,0.09649993518121468
source_relative_db,loudness,20260922,0,0.75,dominance,absolute,0.07663923489667124
source_relative_db,loudness,20260922,0,0.75,valence,relative,0.02362340670366559
source_relative_db,loudness,20260922,0,0.75,arousal,relative,0.09017403724617928
source_relative_db,loudness,20260922,0,0.75,dominance,relative,0.07381322117431603
source_relative_db,all,20260922,0,1.0,valence,absolute,0.03987336715303617
source_relative_db,all,20260922,0,1.0,arousal,absolute,0.3597846814303135
source_relative_db,all,20260922,0,1.0,dominance,absolute,0.33112609424321904
source_relative_db,all,20260922,0,1.0,valence,relative,0.04346946759597656
source_relative_db,all,20260922,0,1.0,arousal,relative,0.4499824108142912
source_relative_db,all,20260922,0,1.0,dominance,relative,0.34717572224663856
source_relative_db,loudness,20260922,0,1.0,valence,absolute,0.021633650253997275
source_relative_db,loudness,20260922,0,1.0,arousal,absolute,0.09738321781704591
source_relative_db,loudness,20260922,0,1.0,dominance,absolute,0.07818718388376587
source_relative_db,loudness,20260922,0,1.0,valence,relative,0.023563370492895707
source_relative_db,loudness,20260922,0,1.0,arousal,relative,0.08693043623791928
source_relative_db,loudness,20260922,0,1.0,dominance,relative,0.07264461483227196
source_relative_db,all,20260922,1,0.0,valence,absolute,0.025299476228730883
source_relative_db,all,20260922,1,0.0,arousal,absolute,0.30057525244025535
source_relative_db,all,20260922,1,0.0,dominance,absolute,0.2435375661878915
source_relative_db,all,20260922,1,0.0,valence,relative,0.02642088280710729
source_relative_db,all,20260922,1,0.0,arousal,relative,0.4026812654663683
source_relative_db,all,20260922,1,0.0,dominance,relative,0.2778521059995975
source_relative_db,loudness,20260922,1,0.0,valence,absolute,0.018567127060687083
source_relative_db,loudness,20260922,1,0.0,arousal,absolute,0.042039607176882515
source_relative_db,loudness,20260922,1,0.0,dominance,absolute,0.03137251400837387
source_relative_db,loudness,20260922,1,0.0,valence,relative,0.019915876676139418
source_relative_db,loudness,20260922,1,0.0,arousal,relative,0.045216496346365244
source_relative_db,loudness,20260922,1,0.0,dominance,relative,0.033732343881767726
source_relative_db,all,20260922,1,0.25,valence,absolute,0.025855745093333295
source_relative_db,all,20260922,1,0.25,arousal,absolute,0.31435379869429647
source_relative_db,all,20260922,1,0.25,dominance,absolute,0.2549728209775133
source_relative_db,all,20260922,1,0.25,valence,relative,0.02632980291824767
source_relative_db,all,20260922,1,0.25,arousal,relative,0.40108910759512506
source_relative_db,all,20260922,1,0.25,dominance,relative,0.2769540044043517
source_relative_db,loudness,20260922,1,0.25,valence,absolute,0.0190068023637579
source_relative_db,loudness,20260922,1,0.25,arousal,absolute,0.05055544684937539
source_relative_db,loudness,20260922,1,0.25,dominance,absolute,0.039681795996490375
source_relative_db,loudness,20260922,1,0.25,valence,relative,0.01985962496360603
source_relative_db,loudness,20260922,1,0.25,arousal,relative,0.04519582645785141
source_relative_db,loudness,20260922,1,0.25,dominance,relative,0.033790761211227725
source_relative_db,all,20260922,1,0.5,valence,absolute,0.026404573624870566
source_relative_db,all,20260922,1,0.5,arousal,absolute,0.32633881702779916
source_relative_db,all,20260922,1,0.5,dominance,absolute,0.26439424576078135
source_relative_db,all,20260922,1,0.5,valence,relative,0.026235933307395588
source_relative_db,all,20260922,1,0.5,arousal,relative,0.3967508799023963
source_relative_db,all,20260922,1,0.5,dominance,relative,0.27385726280667805
source_relative_db,loudness,20260922,1,0.5,valence,absolute,0.01944940331459214
source_relative_db,loudness,20260922,1,0.5,arousal,absolute,0.058685981476466434
source_relative_db,loudness,20260922,1,0.5,dominance,absolute,0.04761228968280584
source_relative_db,loudness,20260922,1,0.5,valence,relative,0.019801384453578524
source_relative_db,loudness,20260922,1,0.5,arousal,relative,0.04481299973237763
source_relative_db,loudness,20260922,1,0.5,dominance,relative,0.03354722469714829
source_relative_db,all,20260922,1,0.75,valence,absolute,0.026945182480262238
source_relative_db,all,20260922,1,0.75,arousal,absolute,0.33619414639305395
source_relative_db,all,20260922,1,0.75,dominance,absolute,0.2714928126107484
source_relative_db,all,20260922,1,0.75,valence,relative,0.02613933237184251
source_relative_db,all,20260922,1,0.75,arousal,relative,0.38983163807774734
source_relative_db,all,20260922,1,0.75,dominance,relative,0.2687252972227323
source_relative_db,loudness,20260922,1,0.75,valence,absolute,0.01989474721083384
source_relative_db,loudness,20260922,1,0.75,arousal,absolute,0.06625276793093811
source_relative_db,loudness,20260922,1,0.75,dominance,absolute,0.05497522627430323
source_relative_db,loudness,20260922,1,0.75,valence,relative,0.019741119879585628
source_relative_db,loudness,20260922,1,0.75,arousal,relative,0.044087667812262754
source_relative_db,loudness,20260922,1,0.75,dominance,relative,0.03302028881483738
source_relative_db,all,20260922,1,1.0,valence,absolute,0.027476501484775973
source_relative_db,all,20260922,1,1.0,arousal,absolute,0.34355147933523555
source_relative_db,all,20260922,1,1.0,dominance,absolute,0.27608416957804244
source_relative_db,all,20260922,1,1.0,valence,relative,0.02603992878573733
source_relative_db,all,20260922,1,1.0,arousal,relative,0.3806492481249773
source_relative_db,all,20260922,1,1.0,dominance,relative,0.2618210716389334
source_relative_db,loudness,20260922,1,1.0,valence,absolute,0.020342691129619686
source_relative_db,loudness,20260922,1,1.0,arousal,absolute,0.07312854265552736
source_relative_db,loudness,20260922,1,1.0,dominance,absolute,0.061630740550350845
source_relative_db,loudness,20260922,1,1.0,valence,relative,0.019678701560383236
source_relative_db,loudness,20260922,1,1.0,arousal,relative,0.04306109262651146
source_relative_db,loudness,20260922,1,1.0,dominance,relative,0.032243943569217975
source_relative_db,all,20260922,2,0.0,valence,absolute,0.03057244633794505
source_relative_db,all,20260922,2,0.0,arousal,absolute,0.3206082666860903
source_relative_db,all,20260922,2,0.0,dominance,absolute,0.19040051147538847
source_relative_db,all,20260922,2,0.0,valence,relative,0.03334429330937963
source_relative_db,all,20260922,2,0.0,arousal,relative,0.45290934793036897
source_relative_db,all,20260922,2,0.0,dominance,relative,0.21331172066314688
source_relative_db,loudness,20260922,2,0.0,valence,absolute,0.0209257108246212
source_relative_db,loudness,20260922,2,0.0,arousal,absolute,0.025329917199738143
source_relative_db,loudness,20260922,2,0.0,dominance,absolute,0.02593110239937664
source_relative_db,loudness,20260922,2,0.0,valence,relative,0.023150380403388564
source_relative_db,loudness,20260922,2,0.0,arousal,relative,0.02783151823425675
source_relative_db,loudness,20260922,2,0.0,dominance,relative,0.028595098765355823
source_relative_db,all,20260922,2,0.25,valence,absolute,0.03127416277236823
source_relative_db,all,20260922,2,0.25,arousal,absolute,0.32130677954811093
source_relative_db,all,20260922,2,0.25,dominance,absolute,0.19361855263248148
source_relative_db,all,20260922,2,0.25,valence,relative,0.03326402711991691
source_relative_db,all,20260922,2,0.25,arousal,relative,0.45094295184652394
source_relative_db,all,20260922,2,0.25,dominance,relative,0.2133028985984267
source_relative_db,loudness,20260922,2,0.25,valence,absolute,0.021655601814633826
source_relative_db,loudness,20260922,2,0.25,arousal,absolute,0.031020939178612764
source_relative_db,loudness,20260922,2,0.25,dominance,absolute,0.028048200552469146
source_relative_db,loudness,20260922,2,0.25,valence,relative,0.023108145415387252
source_relative_db,loudness,20260922,2,0.25,arousal,relative,0.027856665725068938
source_relative_db,loudness,20260922,2,0.25,dominance,relative,0.028614821591127413
source_relative_db,all,20260922,2,0.5,valence,absolute,0.03194941262859198
source_relative_db,all,20260922,2,0.5,arousal,absolute,0.3183686257766068
source_relative_db,all,20260922,2,0.5,dominance,absolute,0.1958704358885836
source_relative_db,all,20260922,2,0.5,valence,relative,0.033125440721415815
source_relative_db,all,20260922,2,0.5,arousal,relative,0.4443936109896021
source_relative_db,all,20260922,2,0.5,dominance,relative,0.2125184052882962
source_relative_db,loudness,20260922,2,0.5,valence,absolute,0.02234669706866287
source_relative_db,loudness,20260922,2,0.5,arousal,absolute,0.03635544947142794
source_relative_db,loudness,20260922,2,0.5,dominance,absolute,0.030102939907339324
source_relative_db,loudness,20260922,2,0.5,valence,relative,0.023025155584449963
source_relative_db,loudness,20260922,2,0.5,arousal,relative,0.02753173304752439
source_relative_db,loudness,20260922,2,0.5,dominance,relative,0.028520529773274458
source_relative_db,all,20260922,2,0.75,valence,absolute,0.032595998982530794
source_relative_db,all,20260922,2,0.75,arousal,absolute,0.3125523184363407
source_relative_db,all,20260922,2,0.75,dominance,absolute,0.19718271323680275
source_relative_db,all,20260922,2,0.75,valence,relative,0.03293050887123217
source_relative_db,all,20260922,2,0.75,arousal,relative,0.4336546541477882
source_relative_db,all,20260922,2,0.75,dominance,relative,0.21097497108751073
source_relative_db,loudness,20260922,2,0.75,valence,absolute,0.02299578954344737
source_relative_db,loudness,20260922,2,0.75,arousal,absolute,0.04116582319316056
source_relative_db,loudness,20260922,2,0.75,dominance,absolute,0.032071226190146
source_relative_db,loudness,20260922,2,0.75,valence,relative,0.0229025961558213
source_relative_db,loudness,20260922,2,0.75,arousal,relative,0.026887990870886284
source_relative_db,loudness,20260922,2,0.75,dominance,relative,0.028314758042939345
source_relative_db,all,20260922,2,1.0,valence,absolute,0.03321056558631032
source_relative_db,all,20260922,2,1.0,arousal,absolute,0.3045795547985173
source_relative_db,all,20260922,2,1.0,dominance,absolute,0.1976157817191261
source_relative_db,all,20260922,2,1.0,valence,relative,0.03268021352492847
source_relative_db,all,20260922,2,1.0,arousal,relative,0.41932000333638003
source_relative_db,all,20260922,2,1.0,dominance,relative,0.2087096092660464
source_relative_db,loudness,20260922,2,1.0,valence,absolute,0.02359971417966907
source_relative_db,loudness,20260922,2,1.0,arousal,absolute,0.045338705602150475
source_relative_db,loudness,20260922,2,1.0,dominance,absolute,0.033933444312828714
source_relative_db,loudness,20260922,2,1.0,valence,relative,0.0227410505741588
source_relative_db,loudness,20260922,2,1.0,arousal,relative,0.025974990628844778
source_relative_db,loudness,20260922,2,1.0,dominance,relative,0.02800315129973863
source_relative_db,all,20260922,3,0.0,valence,absolute,0.03510910540689248
source_relative_db,all,20260922,3,0.0,arousal,absolute,0.41782665928518326
source_relative_db,all,20260922,3,0.0,dominance,absolute,0.32650158610008234
source_relative_db,all,20260922,3,0.0,valence,relative,0.03504612324280777
source_relative_db,all,20260922,3,0.0,arousal,relative,0.49736244874853014
source_relative_db,all,20260922,3,0.0,dominance,relative,0.3523989959027942
source_relative_db,loudness,20260922,3,0.0,valence,absolute,0.025230887406810076
source_relative_db,loudness,20260922,3,0.0,arousal,absolute,0.09538822556478235
source_relative_db,loudness,20260922,3,0.0,dominance,absolute,0.07043736938186643
source_relative_db,loudness,20260922,3,0.0,valence,relative,0.02818497146683257
source_relative_db,loudness,20260922,3,0.0,arousal,relative,0.10594836176581642
source_relative_db,loudness,20260922,3,0.0,dominance,relative,0.0783891752197277
source_relative_db,all,20260922,3,0.25,valence,absolute,0.0352442877163536
source_relative_db,all,20260922,3,0.25,arousal,absolute,0.43327152608110586
source_relative_db,all,20260922,3,0.25,dominance,absolute,0.33193404582105035
source_relative_db,all,20260922,3,0.25,valence,relative,0.03490479489584073
source_relative_db,all,20260922,3,0.25,arousal,relative,0.4951167065319697
source_relative_db,all,20260922,3,0.25,dominance,relative,0.3526193972847666
source_relative_db,loudness,20260922,3,0.25,valence,absolute,0.025177409881300634
source_relative_db,loudness,20260922,3,0.25,arousal,absolute,0.09724053951813692
source_relative_db,loudness,20260922,3,0.25,dominance,absolute,0.07262009145849922
source_relative_db,loudness,20260922,3,0.25,valence,relative,0.028101866392553576
source_relative_db,loudness,20260922,3,0.25,arousal,relative,0.1055156139078484
source_relative_db,loudness,20260922,3,0.25,dominance,relative,0.07851005575456489
source_relative_db,all,20260922,3,0.5,valence,absolute,0.035440533096305814
source_relative_db,all,20260922,3,0.5,arousal,absolute,0.44661686488238567
source_relative_db,all,20260922,3,0.5,dominance,absolute,0.33698559327239297
source_relative_db,all,20260922,3,0.5,valence,relative,0.034666674294188425
source_relative_db,all,20260922,3,0.5,arousal,relative,0.49181224448654637
source_relative_db,all,20260922,3,0.5,dominance,relative,0.3525148999556178
source_relative_db,loudness,20260922,3,0.5,valence,absolute,0.025050186501530392
source_relative_db,loudness,20260922,3,0.5,arousal,absolute,0.09865250192459797
source_relative_db,loudness,20260922,3,0.5,dominance,absolute,0.07472222021623981
source_relative_db,loudness,20260922,3,0.5,valence,relative,0.02793959123385311
source_relative_db,loudness,20260922,3,0.5,arousal,relative,0.10478208951809086
source_relative_db,loudness,20260922,3,0.5,dominance,relative,0.0785448652013475
source_relative_db,all,20260922,3,0.75,valence,absolute,0.035695721699321836
source_relative_db,all,20260922,3,0.75,arousal,absolute,0.45782334981850287
source_relative_db,all,20260922,3,0.75,dominance,absolute,0.3416462305993732
source_relative_db,all,20260922,3,0.75,valence,relative,0.034335109035953326
source_relative_db,all,20260922,3,0.75,arousal,relative,0.48747966916614216
source_relative_db,all,20260922,3,0.75,dominance,relative,0.35209653177800154
source_relative_db,loudness,20260922,3,0.75,valence,absolute,0.024850958586238387
source_relative_db,loudness,20260922,3,0.75,arousal,absolute,0.09962255608195822
source_relative_db,loudness,20260922,3,0.75,dominance,absolute,0.07673855430599881
source_relative_db,loudness,20260922,3,0.75,valence,relative,0.02770057434037824
source_relative_db,loudness,20260922,3,0.75,arousal,relative,0.10375762904690015
source_relative_db,loudness,20260922,3,0.75,dominance,relative,0.07849620938567875
source_relative_db,all,20260922,3,1.0,valence,absolute,0.03600699029570822
source_relative_db,all,20260922,3,1.0,arousal,absolute,0.4668671555297364
source_relative_db,all,20260922,3,1.0,dominance,absolute,0.3459153917013077
source_relative_db,all,20260922,3,1.0,valence,relative,0.03391485143160082
source_relative_db,all,20260922,3,1.0,arousal,relative,0.48216611576209
source_relative_db,all,20260922,3,1.0,dominance,relative,0.3513674069730125
source_relative_db,loudness,20260922,3,1.0,valence,absolute,0.024582733320247747
source_relative_db,loudness,20260922,3,1.0,arousal,absolute,0.10015565815398109
source_relative_db,loudness,20260922,3,1.0,dominance,absolute,0.078663999584508
source_relative_db,loudness,20260922,3,1.0,valence,relative,0.027388707543337405
source_relative_db,loudness,20260922,3,1.0,arousal,relative,0.10245727457264028
source_relative_db,loudness,20260922,3,1.0,dominance,relative,0.07836473470236921
source_relative_db,all,20260922,4,0.0,valence,absolute,0.027366242132495826
source_relative_db,all,20260922,4,0.0,arousal,absolute,0.4423270785586676
source_relative_db,all,20260922,4,0.0,dominance,absolute,0.3357533125455501
source_relative_db,all,20260922,4,0.0,valence,relative,0.029484951439251696
source_relative_db,all,20260922,4,0.0,arousal,relative,0.5765444230141522
source_relative_db,all,20260922,4,0.0,dominance,relative,0.3833056756515521
source_relative_db,loudness,20260922,4,0.0,valence,absolute,0.01223136215347644
source_relative_db,loudness,20260922,4,0.0,arousal,absolute,0.11066259306014674
source_relative_db,loudness,20260922,4,0.0,dominance,absolute,0.07945167681884667
source_relative_db,loudness,20260922,4,0.0,valence,relative,0.013736110763648673
source_relative_db,loudness,20260922,4,0.0,arousal,relative,0.12380322040998568
source_relative_db,loudness,20260922,4,0.0,dominance,relative,0.08905456872300266
source_relative_db,all,20260922,4,0.25,valence,absolute,0.027131063107477465
source_relative_db,all,20260922,4,0.25,arousal,absolute,0.4501461154626356
source_relative_db,all,20260922,4,0.25,dominance,absolute,0.34097977812747376
source_relative_db,all,20260922,4,0.25,valence,relative,0.029450753395666187
source_relative_db,all,20260922,4,0.25,arousal,relative,0.5762903529210066
source_relative_db,all,20260922,4,0.25,dominance,relative,0.38318950592499224
source_relative_db,loudness,20260922,4,0.25,valence,absolute,0.012434743099416716
source_relative_db,loudness,20260922,4,0.25,arousal,absolute,0.11545666924313962
source_relative_db,loudness,20260922,4,0.25,dominance,absolute,0.08319245736781837
source_relative_db,loudness,20260922,4,0.25,valence,relative,0.013730504563112103
source_relative_db,loudness,20260922,4,0.25,arousal,relative,0.12388724614093438
source_relative_db,loudness,20260922,4,0.25,dominance,relative,0.08902367941998238
source_relative_db,all,20260922,4,0.5,valence,absolute,0.02688742109897572
source_relative_db,all,20260922,4,0.5,arousal,absolute,0.45714872362964065
source_relative_db,all,20260922,4,0.5,dominance,absolute,0.3401818736745748
source_relative_db,all,20260922,4,0.5,valence,relative,0.02941310407917611
source_relative_db,all,20260922,4,0.5,arousal,relative,0.57506827403805
source_relative_db,all,20260922,4,0.5,dominance,relative,0.376754898697964
source_relative_db,loudness,20260922,4,0.5,valence,absolute,0.01263718194857378
source_relative_db,loudness,20260922,4,0.5,arousal,absolute,0.11992683347026084
source_relative_db,loudness,20260922,4,0.5,dominance,absolute,0.08523203372769561
source_relative_db,loudness,20260922,4,0.5,valence,relative,0.013723379326229142
source_relative_db,loudness,20260922,4,0.5,arousal,relative,0.12368903747949603
source_relative_db,loudness,20260922,4,0.5,dominance,relative,0.08726905308415481
source_relative_db,all,20260922,4,0.75,valence,absolute,0.026635349568202016
source_relative_db,all,20260922,4,0.75,arousal,absolute,0.4631972001487325
source_relative_db,all,20260922,4,0.75,dominance,absolute,0.3336988676159443
source_relative_db,all,20260922,4,0.75,valence,relative,0.02937214007693197
source_relative_db,all,20260922,4,0.75,arousal,relative,0.5729530976941977
source_relative_db,all,20260922,4,0.75,dominance,relative,0.36481040309752694
source_relative_db,loudness,20260922,4,0.75,valence,absolute,0.012838750080984273
source_relative_db,loudness,20260922,4,0.75,arousal,absolute,0.12405873527816759
source_relative_db,loudness,20260922,4,0.75,dominance,absolute,0.08561888522459522
source_relative_db,loudness,20260922,4,0.75,valence,relative,0.013714713622977513
source_relative_db,loudness,20260922,4,0.75,arousal,relative,0.12322269348223132
source_relative_db,loudness,20260922,4,0.75,dominance,relative,0.0840362528202188
source_relative_db,all,20260922,4,1.0,valence,absolute,0.026374963387622085
source_relative_db,all,20260922,4,1.0,arousal,absolute,0.4683446998175574
source_relative_db,all,20260922,4,1.0,dominance,absolute,0.32237726100969694
source_relative_db,all,20260922,4,1.0,valence,relative,0.029327706661990843
source_relative_db,all,20260922,4,1.0,arousal,relative,0.5699062721767575
source_relative_db,all,20260922,4,1.0,dominance,relative,0.3485324748078908
source_relative_db,loudness,20260922,4,1.0,valence,absolute,0.013039228409077877
source_relative_db,loudness,20260922,4,1.0,arousal,absolute,0.12781806251375807
source_relative_db,loudness,20260922,4,1.0,dominance,absolute,0.08456007141688943
source_relative_db,loudness,20260922,4,1.0,valence,relative,0.013704496983663701
source_relative_db,loudness,20260922,4,1.0,arousal,relative,0.12248452022453242
source_relative_db,loudness,20260922,4,1.0,dominance,relative,0.0796826202529726
rms_db,all,20260920,0,0.0,valence,absolute,0.003684896005025736
rms_db,all,20260920,0,0.0,arousal,absolute,0.5474292223513538
rms_db,all,20260920,0,0.0,dominance,absolute,0.35981636933843925
rms_db,all,20260920,0,0.0,valence,relative,0.005664700574613903
rms_db,all,20260920,0,0.0,arousal,relative,0.6236279078275091
rms_db,all,20260920,0,0.0,dominance,relative,0.41045364148904623
rms_db,loudness,20260920,0,0.0,valence,absolute,-0.00021973482675491203
rms_db,loudness,20260920,0,0.0,arousal,absolute,0.4960108386412181
rms_db,loudness,20260920,0,0.0,dominance,absolute,0.31647622064169767
rms_db,loudness,20260920,0,0.0,valence,relative,-0.00026269752017080763
rms_db,loudness,20260920,0,0.0,arousal,relative,0.6095323123687948
rms_db,loudness,20260920,0,0.0,dominance,relative,0.3873234035069494
rms_db,all,20260920,0,0.25,valence,absolute,0.004423290698155012
rms_db,all,20260920,0,0.25,arousal,absolute,0.5390178405797024
rms_db,all,20260920,0,0.25,dominance,absolute,0.3582471886556804
rms_db,all,20260920,0,0.25,valence,relative,0.0054475931838192035
rms_db,all,20260920,0,0.25,arousal,relative,0.6240249566652895
rms_db,all,20260920,0,0.25,dominance,relative,0.4113241648445456
rms_db,loudness,20260920,0,0.25,valence,absolute,-0.0002808980858474564
rms_db,loudness,20260920,0,0.25,arousal,absolute,0.48490952594577225
rms_db,loudness,20260920,0,0.25,dominance,absolute,0.3088477296263183
rms_db,loudness,20260920,0,0.25,valence,relative,-0.00023742005815749085
rms_db,loudness,20260920,0,0.25,arousal,relative,0.6102061209657539
rms_db,loudness,20260920,0,0.25,dominance,relative,0.3877265393933768
rms_db,all,20260920,0,0.5,valence,absolute,0.005329997535971045
rms_db,all,20260920,0,0.5,arousal,absolute,0.5300268849354546
rms_db,all,20260920,0,0.5,dominance,absolute,0.35644887011313475
rms_db,all,20260920,0,0.5,valence,relative,0.0052234427806204355
rms_db,all,20260920,0,0.5,arousal,relative,0.6236967046703928
rms_db,all,20260920,0,0.5,dominance,relative,0.4120425636394582
rms_db,loudness,20260920,0,0.5,valence,absolute,-0.00029363430671167296
rms_db,loudness,20260920,0,0.5,arousal,absolute,0.4734395123586282
rms_db,loudness,20260920,0,0.5,dominance,absolute,0.3011327821787517
rms_db,loudness,20260920,0,0.5,valence,relative,-0.0002123232841780855
rms_db,loudness,20260920,0,0.5,arousal,relative,0.6101967308775491
rms_db,loudness,20260920,0,0.5,dominance,relative,0.38800417242760143
rms_db,all,20260920,0,0.75,valence,absolute,0.0064015784049716775
rms_db,all,20260920,0,0.75,arousal,absolute,0.5204870101300397
rms_db,all,20260920,0,0.75,dominance,absolute,0.3544332179312787
rms_db,all,20260920,0,0.75,valence,relative,0.004993130942935395
rms_db,all,20260920,0,0.75,arousal,relative,0.6226409539653489
rms_db,all,20260920,0,0.75,dominance,relative,0.412607576576529
rms_db,loudness,20260920,0,0.75,valence,absolute,-0.00025819352835708566
rms_db,loudness,20260920,0,0.75,arousal,absolute,0.46162439287998747
rms_db,loudness,20260920,0,0.75,dominance,absolute,0.2933510133070836
rms_db,loudness,20260920,0,0.75,valence,relative,-0.00018749996124214042
rms_db,loudness,20260920,0,0.75,arousal,relative,0.6095012033005657
rms_db,loudness,20260920,0,0.75,dominance,relative,0.3881557733531401
rms_db,all,20260920,0,1.0,valence,absolute,0.007633480403568682
rms_db,all,20260920,0,1.0,arousal,absolute,0.5104753404225537
rms_db,all,20260920,0,1.0,dominance,absolute,0.3522096451846755
rms_db,all,20260920,0,1.0,valence,relative,0.004757805461406453
rms_db,all,20260920,0,1.0,arousal,relative,0.62087629826384
rms_db,all,20260920,0,1.0,dominance,relative,0.41301887353106
rms_db,loudness,20260920,0,1.0,valence,absolute,-0.00017520891155128237
rms_db,loudness,20260920,0,1.0,arousal,absolute,0.44955752135957416
rms_db,loudness,20260920,0,1.0,dominance,absolute,0.2855207978707333
rms_db,loudness,20260920,0,1.0,valence,relative,-0.0001630792050164482
rms_db,loudness,20260920,0,1.0,arousal,relative,0.6081331995208673
rms_db,loudness,20260920,0,1.0,dominance,relative,0.38818116275044445
rms_db,all,20260920,1,0.0,valence,absolute,0.009478739793200007
rms_db,all,20260920,1,0.0,arousal,absolute,0.5935502443557216
rms_db,all,20260920,1,0.0,dominance,absolute,0.44480698718980655
rms_db,all,20260920,1,0.0,valence,relative,0.0010686869130434858
rms_db,all,20260920,1,0.0,arousal,relative,0.6838330945294425
rms_db,all,20260920,1,0.0,dominance,relative,0.508472962140437
rms_db,loudness,20260920,1,0.0,valence,absolute,-0.00016978392659177318
rms_db,loudness,20260920,1,0.0,arousal,absolute,0.5554142312642957
rms_db,loudness,20260920,1,0.0,dominance,absolute,0.41575927969146664
rms_db,loudness,20260920,1,0.0,valence,relative,-0.00020311088506486032
rms_db,loudness,20260920,1,0.0,arousal,relative,0.6758720563733124
rms_db,loudness,20260920,1,0.0,dominance,relative,0.5036636354582368
rms_db,all,20260920,1,0.25,valence,absolute,0.008603864693460766
rms_db,all,20260920,1,0.25,arousal,absolute,0.5813528849643178
rms_db,all,20260920,1,0.25,dominance,absolute,0.42987211919301865
rms_db,all,20260920,1,0.25,valence,relative,0.0011221292420827585
rms_db,all,20260920,1,0.25,arousal,relative,0.6817285242831411
rms_db,all,20260920,1,0.25,dominance,relative,0.5032794747590495
rms_db,loudness,20260920,1,0.25,valence,absolute,-5.4399077771246615e-05
rms_db,loudness,20260920,1,0.25,arousal,absolute,0.5417272138199016
rms_db,loudness,20260920,1,0.25,dominance,absolute,0.3977928646810539
rms_db,loudness,20260920,1,0.25,valence,relative,-0.0002124723181486237
rms_db,loudness,20260920,1,0.25,arousal,relative,0.6731863312830637
rms_db,loudness,20260920,1,0.25,dominance,relative,0.4983510938023484
rms_db,all,20260920,1,0.5,valence,absolute,0.007749452383394773
rms_db,all,20260920,1,0.5,arousal,absolute,0.5678137010067204
rms_db,all,20260920,1,0.5,dominance,absolute,0.4084189843141032
rms_db,all,20260920,1,0.5,valence,relative,0.0011758769765811358
rms_db,all,20260920,1,0.5,arousal,relative,0.6775197855112741
rms_db,all,20260920,1,0.5,dominance,relative,0.4898311416435238
rms_db,loudness,20260920,1,0.5,valence,absolute,5.771561449799037e-05
rms_db,loudness,20260920,1,0.5,arousal,absolute,0.5271766374697684
rms_db,loudness,20260920,1,0.5,dominance,absolute,0.37570208111423814
rms_db,loudness,20260920,1,0.5,valence,relative,-0.00022169827939982675
rms_db,loudness,20260920,1,0.5,arousal,relative,0.6683893198598504
rms_db,loudness,20260920,1,0.5,dominance,relative,0.4848377971036963
rms_db,all,20260920,1,0.75,valence,absolute,0.006915823810092326
rms_db,all,20260920,1,0.75,arousal,absolute,0.5529994539600965
rms_db,all,20260920,1,0.75,dominance,absolute,0.38267277118715587
rms_db,all,20260920,1,0.75,valence,relative,0.0012299230486344087
rms_db,all,20260920,1,0.75,arousal,relative,0.6712220047679579
rms_db,all,20260920,1,0.75,dominance,relative,0.46945356019502643
rms_db,loudness,20260920,1,0.75,valence,absolute,0.00016652306272758578
rms_db,loudness,20260920,1,0.75,arousal,absolute,0.5117780165251797
rms_db,loudness,20260920,1,0.75,dominance,absolute,0.35129580288848566
rms_db,loudness,20260920,1,0.75,valence,relative,-0.00023077725059984555
rms_db,loudness,20260920,1,0.75,arousal,relative,0.6615000009094121
rms_db,loudness,20260920,1,0.75,dominance,relative,0.46446562257185126
rms_db,all,20260920,1,1.0,valence,absolute,0.006103108734758883
rms_db,all,20260920,1,1.0,arousal,absolute,0.5373568982395457
rms_db,all,20260920,1,1.0,dominance,absolute,0.3547129600997546
rms_db,all,20260920,1,1.0,valence,relative,0.001284237148324637
rms_db,all,20260920,1,1.0,arousal,relative,0.6630084251462454
rms_db,all,20260920,1,1.0,dominance,relative,0.44392513542719897
rms_db,loudness,20260920,1,1.0,valence,absolute,0.0002719952255630971
rms_db,loudness,20260920,1,1.0,arousal,absolute,0.49595427931692265
rms_db,loudness,20260920,1,1.0,dominance,absolute,0.32608236803612217
rms_db,loudness,20260920,1,1.0,valence,relative,-0.00023973421044813965
rms_db,loudness,20260920,1,1.0,arousal,relative,0.6527135057389467
rms_db,loudness,20260920,1,1.0,dominance,relative,0.4390226325613064
rms_db,all,20260920,2,0.0,valence,absolute,0.011135197968148734
rms_db,all,20260920,2,0.0,arousal,absolute,0.5057302219804892
rms_db,all,20260920,2,0.0,dominance,absolute,0.393335258544596
rms_db,all,20260920,2,0.0,valence,relative,0.013952192768348434
rms_db,all,20260920,2,0.0,arousal,relative,0.5856137591344658
rms_db,all,20260920,2,0.0,dominance,relative,0.45370028471858026
rms_db,loudness,20260920,2,0.0,valence,absolute,-1.6425955046040505e-05
rms_db,loudness,20260920,2,0.0,arousal,absolute,0.49149003143266723
rms_db,loudness,20260920,2,0.0,dominance,absolute,0.3720359802441604
rms_db,loudness,20260920,2,0.0,valence,relative,-2.1083332025676794e-05
rms_db,loudness,20260920,2,0.0,arousal,relative,0.57338719934762
rms_db,loudness,20260920,2,0.0,dominance,relative,0.44799187654969114
rms_db,all,20260920,2,0.25,valence,absolute,0.012059106586342593
rms_db,all,20260920,2,0.25,arousal,absolute,0.5270002991440388
rms_db,all,20260920,2,0.25,dominance,absolute,0.3969867430690814
rms_db,all,20260920,2,0.25,valence,relative,0.013800102443229854
rms_db,all,20260920,2,0.25,arousal,relative,0.5821509958940421
rms_db,all,20260920,2,0.25,dominance,relative,0.44993354832781346
rms_db,loudness,20260920,2,0.25,valence,absolute,1.298522489757604e-05
rms_db,loudness,20260920,2,0.25,arousal,absolute,0.5004192338384489
rms_db,loudness,20260920,2,0.25,dominance,absolute,0.3713814676468087
rms_db,loudness,20260920,2,0.25,valence,relative,-2.339603234086802e-05
rms_db,loudness,20260920,2,0.25,arousal,relative,0.5701284768358678
rms_db,loudness,20260920,2,0.25,dominance,relative,0.44431102815154166
rms_db,all,20260920,2,0.5,valence,absolute,0.012723247440308297
rms_db,all,20260920,2,0.5,arousal,absolute,0.5430375283098241
rms_db,all,20260920,2,0.5,dominance,absolute,0.3960449346440792
rms_db,all,20260920,2,0.5,valence,relative,0.013640815409484225
rms_db,all,20260920,2,0.5,arousal,relative,0.5746059033115964
rms_db,all,20260920,2,0.5,dominance,relative,0.44229276099472475
rms_db,loudness,20260920,2,0.5,valence,absolute,7.528644124469796e-05
rms_db,loudness,20260920,2,0.5,arousal,absolute,0.5050654894628489
rms_db,loudness,20260920,2,0.5,dominance,absolute,0.3662931603956381
rms_db,loudness,20260920,2,0.5,valence,relative,-2.5716035955574847e-05
rms_db,loudness,20260920,2,0.5,arousal,relative,0.5628590223931024
rms_db,loudness,20260920,2,0.5,dominance,relative,0.436767505167888
rms_db,all,20260920,2,0.75,valence,absolute,0.01312704149478159
rms_db,all,20260920,2,0.75,arousal,absolute,0.5533869578288929
rms_db,all,20260920,2,0.75,dominance,absolute,0.3904636507331285
rms_db,all,20260920,2,0.75,valence,relative,0.013474605990313363
rms_db,all,20260920,2,0.75,arousal,relative,0.5632935418329649
rms_db,all,20260920,2,0.75,dominance,relative,0.43113658108331043
rms_db,loudness,20260920,2,0.75,valence,absolute,0.00017031341063272778
rms_db,loudness,20260920,2,0.75,arousal,absolute,0.505298152117308
rms_db,loudness,20260920,2,0.75,dominance,absolute,0.3568590897146303
rms_db,loudness,20260920,2,0.75,valence,relative,-2.8049877514671616e-05
rms_db,loudness,20260920,2,0.75,arousal,relative,0.5518905981828168
rms_db,loudness,20260920,2,0.75,dominance,relative,0.42572618915021077
rms_db,all,20260920,2,1.0,valence,absolute,0.013270659355116041
rms_db,all,20260920,2,1.0,arousal,absolute,0.5578897107010011
rms_db,all,20260920,2,1.0,dominance,absolute,0.38048357611974853
rms_db,all,20260920,2,1.0,valence,relative,0.013301631754017173
rms_db,all,20260920,2,1.0,arousal,relative,0.5486395382176511
rms_db,all,20260920,2,1.0,dominance,relative,0.41702453384486465
rms_db,loudness,20260920,2,1.0,valence,absolute,0.0002978113893037445
rms_db,loudness,20260920,2,1.0,arousal,absolute,0.5012265307369237
rms_db,loudness,20260920,2,1.0,dominance,absolute,0.34345960097878364
rms_db,loudness,20260920,2,1.0,valence,relative,-3.0357074492837457e-05
rms_db,loudness,20260920,2,1.0,arousal,relative,0.5376422865226272
rms_db,loudness,20260920,2,1.0,dominance,relative,0.4117526369645045
rms_db,all,20260920,3,0.0,valence,absolute,0.014146410694975577
rms_db,all,20260920,3,0.0,arousal,absolute,0.5428067460590547
rms_db,all,20260920,3,0.0,dominance,absolute,0.45059225795785923
rms_db,all,20260920,3,0.0,valence,relative,0.01660863496844625
rms_db,all,20260920,3,0.0,arousal,relative,0.6445175810535952
rms_db,all,20260920,3,0.0,dominance,relative,0.5199315674685064
rms_db,loudness,20260920,3,0.0,valence,absolute,-0.0016015299151911665
rms_db,loudness,20260920,3,0.0,arousal,absolute,0.5171248881258068
rms_db,loudness,20260920,3,0.0,dominance,absolute,0.41647455970784863
rms_db,loudness,20260920,3,0.0,valence,relative,-0.0019658310336858127
rms_db,loudness,20260920,3,0.0,arousal,relative,0.624793129162921
rms_db,loudness,20260920,3,0.0,dominance,relative,0.5059687032499628
rms_db,all,20260920,3,0.25,valence,absolute,0.014398411947645517
rms_db,all,20260920,3,0.25,arousal,absolute,0.5411038168611885
rms_db,all,20260920,3,0.25,dominance,absolute,0.44008229463436943
rms_db,all,20260920,3,0.25,valence,relative,0.01648751722921319
rms_db,all,20260920,3,0.25,arousal,relative,0.6427467047141272
rms_db,all,20260920,3,0.25,dominance,relative,0.5197987057298213
rms_db,loudness,20260920,3,0.25,valence,absolute,-0.0022512454440616627
rms_db,loudness,20260920,3,0.25,arousal,absolute,0.521763071915939
rms_db,loudness,20260920,3,0.25,dominance,absolute,0.4067546756942293
rms_db,loudness,20260920,3,0.25,valence,relative,-0.0019140798548262197
rms_db,loudness,20260920,3,0.25,arousal,relative,0.622849762423222
rms_db,loudness,20260920,3,0.25,dominance,relative,0.5058351488511456
rms_db,all,20260920,3,0.5,valence,absolute,0.014777855849796231
rms_db,all,20260920,3,0.5,arousal,absolute,0.5347964096133163
rms_db,all,20260920,3,0.5,dominance,absolute,0.4269538349512359
rms_db,all,20260920,3,0.5,valence,relative,0.016365059332308016
rms_db,all,20260920,3,0.5,arousal,relative,0.6373213191595191
rms_db,all,20260920,3,0.5,dominance,relative,0.5180857079210246
rms_db,loudness,20260920,3,0.5,valence,absolute,-0.002924961805345656
rms_db,loudness,20260920,3,0.5,arousal,absolute,0.5230657040933643
rms_db,loudness,20260920,3,0.5,dominance,absolute,0.3956903238971526
rms_db,loudness,20260920,3,0.5,valence,relative,-0.0018623509703842467
rms_db,loudness,20260920,3,0.5,arousal,relative,0.6173073905187763
rms_db,loudness,20260920,3,0.5,dominance,relative,0.5041414189321503
rms_db,all,20260920,3,0.75,valence,absolute,0.015284354336194758
rms_db,all,20260920,3,0.75,arousal,absolute,0.5238074193822552
rms_db,all,20260920,3,0.75,dominance,absolute,0.41137746161691985
rms_db,all,20260920,3,0.75,valence,relative,0.01624136141433161
rms_db,all,20260920,3,0.75,arousal,relative,0.6284619285324085
rms_db,all,20260920,3,0.75,dominance,relative,0.514823561522677
rms_db,loudness,20260920,3,0.75,valence,absolute,-0.0036223005483845758
rms_db,loudness,20260920,3,0.75,arousal,absolute,0.5207611340531515
rms_db,loudness,20260920,3,0.75,dominance,absolute,0.3833952164937056
rms_db,loudness,20260920,3,0.75,valence,relative,-0.0018107015382543014
rms_db,loudness,20260920,3,0.75,arousal,relative,0.6083789549766506
rms_db,loudness,20260920,3,0.75,dominance,relative,0.5009166526355067
rms_db,all,20260920,3,1.0,valence,absolute,0.01591739320875188
rms_db,all,20260920,3,1.0,arousal,absolute,0.5082716971951566
rms_db,all,20260920,3,1.0,dominance,absolute,0.3935578168342237
rms_db,all,20260920,3,1.0,valence,relative,0.01611642900655887
rms_db,all,20260920,3,1.0,arousal,relative,0.6164256487169223
rms_db,all,20260920,3,1.0,dominance,relative,0.5100709967837563
rms_db,loudness,20260920,3,1.0,valence,absolute,-0.00434285559035622
rms_db,loudness,20260920,3,1.0,arousal,absolute,0.5147350965500859
rms_db,loudness,20260920,3,1.0,dominance,absolute,0.3699946713883815
rms_db,loudness,20260920,3,1.0,valence,relative,-0.0017591272792705512
rms_db,loudness,20260920,3,1.0,arousal,relative,0.5963203300175427
rms_db,loudness,20260920,3,1.0,dominance,relative,0.49621983755401966
rms_db,all,20260920,4,0.0,valence,absolute,0.008696559639537388
rms_db,all,20260920,4,0.0,arousal,absolute,0.5394545626175357
rms_db,all,20260920,4,0.0,dominance,absolute,0.28004631039805505
rms_db,all,20260920,4,0.0,valence,relative,0.010858826990940146
rms_db,all,20260920,4,0.0,arousal,relative,0.5961942673097836
rms_db,all,20260920,4,0.0,dominance,relative,0.3155048043144419
rms_db,loudness,20260920,4,0.0,valence,absolute,-0.00031168605879838135
rms_db,loudness,20260920,4,0.0,arousal,absolute,0.5026168272584461
rms_db,loudness,20260920,4,0.0,dominance,absolute,0.2501465299543571
rms_db,loudness,20260920,4,0.0,valence,relative,-0.0004044538926294203
rms_db,loudness,20260920,4,0.0,arousal,relative,0.5747463236335897
rms_db,loudness,20260920,4,0.0,dominance,relative,0.3016801427434457
rms_db,all,20260920,4,0.25,valence,absolute,0.009190331206903489
rms_db,all,20260920,4,0.25,arousal,absolute,0.5298935718611426
rms_db,all,20260920,4,0.25,dominance,absolute,0.27720870815784776
rms_db,all,20260920,4,0.25,valence,relative,0.010765069841350889
rms_db,all,20260920,4,0.25,arousal,relative,0.5923893916946229
rms_db,all,20260920,4,0.25,dominance,relative,0.3144547780407443
rms_db,loudness,20260920,4,0.25,valence,absolute,-0.00014096404131345766
rms_db,loudness,20260920,4,0.25,arousal,absolute,0.4997468078759846
rms_db,loudness,20260920,4,0.25,dominance,absolute,0.24593881695900346
rms_db,loudness,20260920,4,0.25,valence,relative,-0.00041044821390896546
rms_db,loudness,20260920,4,0.25,arousal,relative,0.5707426895854311
rms_db,loudness,20260920,4,0.25,dominance,relative,0.30065733795893856
rms_db,all,20260920,4,0.5,valence,absolute,0.009730050727020125
rms_db,all,20260920,4,0.5,arousal,absolute,0.5141273557051208
rms_db,all,20260920,4,0.5,dominance,absolute,0.2728294272155026
rms_db,all,20260920,4,0.5,valence,relative,0.010652787941489415
rms_db,all,20260920,4,0.5,arousal,relative,0.58324931609795
rms_db,all,20260920,4,0.5,dominance,relative,0.31235252058416135
rms_db,loudness,20260920,4,0.5,valence,absolute,4.100934527580999e-05
rms_db,loudness,20260920,4,0.5,arousal,absolute,0.49144968455140714
rms_db,loudness,20260920,4,0.5,dominance,absolute,0.2407446635439573
rms_db,loudness,20260920,4,0.5,valence,relative,-0.00041568747664006567
rms_db,loudness,20260920,4,0.5,arousal,relative,0.5614739840424541
rms_db,loudness,20260920,4,0.5,dominance,relative,0.29862321399091807
rms_db,all,20260920,4,0.75,valence,absolute,0.010313299216309966
rms_db,all,20260920,4,0.75,arousal,absolute,0.4934667775783181
rms_db,all,20260920,4,0.75,dominance,absolute,0.2670169269151957
rms_db,all,20260920,4,0.75,valence,relative,0.010522996308206222
rms_db,all,20260920,4,0.75,arousal,relative,0.5692720370287454
rms_db,all,20260920,4,0.75,dominance,relative,0.3092323816133616
rms_db,loudness,20260920,4,0.75,valence,absolute,0.00023319772971852883
rms_db,loudness,20260920,4,0.75,arousal,absolute,0.4781095391508428
rms_db,loudness,20260920,4,0.75,dominance,absolute,0.2346153451430774
rms_db,loudness,20260920,4,0.75,valence,relative,-0.0004201522046711267
rms_db,loudness,20260920,4,0.75,arousal,relative,0.5474586460191105
rms_db,loudness,20260920,4,0.75,dominance,relative,0.295611879331356
rms_db,all,20260920,4,1.0,valence,absolute,0.010936937492659022
rms_db,all,20260920,4,1.0,arousal,absolute,0.4693285787214187
rms_db,all,20260920,4,1.0,dominance,absolute,0.2599359343121113
rms_db,all,20260920,4,1.0,valence,relative,0.010376331434548565
rms_db,all,20260920,4,1.0,arousal,relative,0.5511451668457825
rms_db,all,20260920,4,1.0,dominance,relative,0.3051547134885432
rms_db,loudness,20260920,4,1.0,valence,absolute,0.0004344476055826874
rms_db,loudness,20260920,4,1.0,arousal,absolute,0.46040561431163946
rms_db,loudness,20260920,4,1.0,dominance,absolute,0.22762740980238108
rms_db,loudness,20260920,4,1.0,valence,relative,-0.0004238372135026887
rms_db,loudness,20260920,4,1.0,arousal,relative,0.5294009212617098
rms_db,loudness,20260920,4,1.0,dominance,relative,0.2916822161973212
rms_db,all,20260921,0,0.0,valence,absolute,0.016299087635627506
rms_db,all,20260921,0,0.0,arousal,absolute,0.5339237105978328
rms_db,all,20260921,0,0.0,dominance,absolute,0.4102443912717654
rms_db,all,20260921,0,0.0,valence,relative,0.019463137691211666
rms_db,all,20260921,0,0.0,arousal,relative,0.630721787870707
rms_db,all,20260921,0,0.0,dominance,relative,0.4885498333152987
rms_db,loudness,20260921,0,0.0,valence,absolute,-2.4096656235892443e-06
rms_db,loudness,20260921,0,0.0,arousal,absolute,0.49174992757552344
rms_db,loudness,20260921,0,0.0,dominance,absolute,0.37726874036438535
rms_db,loudness,20260921,0,0.0,valence,relative,-2.818872182078786e-06
rms_db,loudness,20260921,0,0.0,arousal,relative,0.6171827459683948
rms_db,loudness,20260921,0,0.0,dominance,relative,0.46456977097276475
rms_db,all,20260921,0,0.25,valence,absolute,0.016699208183280738
rms_db,all,20260921,0,0.25,arousal,absolute,0.5325922555215412
rms_db,all,20260921,0,0.25,dominance,absolute,0.41293906818243337
rms_db,all,20260921,0,0.25,valence,relative,0.01945987648168654
rms_db,all,20260921,0,0.25,arousal,relative,0.6296304271708275
rms_db,all,20260921,0,0.25,dominance,relative,0.48853401741980845
rms_db,loudness,20260921,0,0.25,valence,absolute,-8.777487777452013e-06
rms_db,loudness,20260921,0,0.25,arousal,absolute,0.48491506467635503
rms_db,loudness,20260921,0,0.25,dominance,absolute,0.37018992347532864
rms_db,loudness,20260921,0,0.25,valence,relative,-3.5978679043233908e-06
rms_db,loudness,20260921,0,0.25,arousal,relative,0.616380422701245
rms_db,loudness,20260921,0,0.25,dominance,relative,0.46420370395861044
rms_db,all,20260921,0,0.5,valence,absolute,0.017102166814857888
rms_db,all,20260921,0,0.5,arousal,absolute,0.5277878514340282
rms_db,all,20260921,0,0.5,dominance,absolute,0.4138945355561638
rms_db,all,20260921,0,0.5,valence,relative,0.019418416823278578
rms_db,all,20260921,0,0.5,arousal,relative,0.6250015756744081
rms_db,all,20260921,0,0.5,dominance,relative,0.48745078395287067
rms_db,loudness,20260921,0,0.5,valence,absolute,-1.085512063599772e-05
rms_db,loudness,20260921,0,0.5,arousal,absolute,0.47534911795634344
rms_db,loudness,20260921,0,0.5,dominance,absolute,0.3619784298555441
rms_db,loudness,20260921,0,0.5,valence,relative,-4.400597232896341e-06
rms_db,loudness,20260921,0,0.5,arousal,relative,0.6122019537555112
rms_db,loudness,20260921,0,0.5,dominance,relative,0.46281824206481603
rms_db,all,20260921,0,0.75,valence,absolute,0.01750587446073598
rms_db,all,20260921,0,0.75,arousal,absolute,0.5194508227339102
rms_db,all,20260921,0,0.75,dominance,absolute,0.41301159285116157
rms_db,all,20260921,0,0.75,valence,relative,0.019338968784731462
rms_db,all,20260921,0,0.75,arousal,relative,0.6170160997871624
rms_db,all,20260921,0,0.75,dominance,relative,0.48530588869057245
rms_db,loudness,20260921,0,0.75,valence,absolute,-8.652162290753449e-06
rms_db,loudness,20260921,0,0.75,arousal,absolute,0.46306376322936704
rms_db,loudness,20260921,0,0.75,dominance,absolute,0.35270994751109214
rms_db,loudness,20260921,0,0.75,valence,relative,-5.2244074168662785e-06
rms_db,loudness,20260921,0,0.75,arousal,relative,0.6048222853740756
rms_db,loudness,20260921,0,0.75,dominance,relative,0.460423467896567
rms_db,all,20260921,0,1.0,valence,absolute,0.01790856215930121
rms_db,all,20260921,0,1.0,arousal,absolute,0.5078255530214961
rms_db,all,20260921,0,1.0,dominance,absolute,0.41018948059092936
rms_db,all,20260921,0,1.0,valence,relative,0.019222923830449618
rms_db,all,20260921,0,1.0,arousal,relative,0.6058904628489531
rms_db,all,20260921,0,1.0,dominance,relative,0.4821127184182104
rms_db,loudness,20260921,0,1.0,valence,absolute,-2.2538563736102014e-06
rms_db,loudness,20260921,0,1.0,arousal,absolute,0.4483638392506603
rms_db,loudness,20260921,0,1.0,dominance,absolute,0.34243218136099424
rms_db,loudness,20260921,0,1.0,valence,relative,-6.0627954732625995e-06
rms_db,loudness,20260921,0,1.0,arousal,relative,0.5944340630411378
rms_db,loudness,20260921,0,1.0,dominance,relative,0.45703820317984933
rms_db,all,20260921,1,0.0,valence,absolute,0.007389792590995872
rms_db,all,20260921,1,0.0,arousal,absolute,0.5627500681363755
rms_db,all,20260921,1,0.0,dominance,absolute,0.3524340045910485
rms_db,all,20260921,1,0.0,valence,relative,0.0056442258045396425
rms_db,all,20260921,1,0.0,arousal,relative,0.6200942471289883
rms_db,all,20260921,1,0.0,dominance,relative,0.39942806614951953
rms_db,loudness,20260921,1,0.0,valence,absolute,-0.0018969146743256615
rms_db,loudness,20260921,1,0.0,arousal,absolute,0.5119787982638769
rms_db,loudness,20260921,1,0.0,dominance,absolute,0.32331112896366143
rms_db,loudness,20260921,1,0.0,valence,relative,-0.0024009274998632994
rms_db,loudness,20260921,1,0.0,arousal,relative,0.6038573622272243
rms_db,loudness,20260921,1,0.0,dominance,relative,0.39022051341542663
rms_db,all,20260921,1,0.25,valence,absolute,0.0072687822841775015
rms_db,all,20260921,1,0.25,arousal,absolute,0.5577328432203862
rms_db,all,20260921,1,0.25,dominance,absolute,0.3384922963533418
rms_db,all,20260921,1,0.25,valence,relative,0.005560314630251056
rms_db,all,20260921,1,0.25,arousal,relative,0.6193811435335946
rms_db,all,20260921,1,0.25,dominance,relative,0.3953529954012679
rms_db,loudness,20260921,1,0.25,valence,absolute,-0.0013970500977901772
rms_db,loudness,20260921,1,0.25,arousal,absolute,0.503626844359006
rms_db,loudness,20260921,1,0.25,dominance,absolute,0.3034575358374971
rms_db,loudness,20260921,1,0.25,valence,relative,-0.0024132672065814045
rms_db,loudness,20260921,1,0.25,arousal,relative,0.6028847090083407
rms_db,loudness,20260921,1,0.25,dominance,relative,0.3859074651246415
rms_db,all,20260921,1,0.5,valence,absolute,0.007107607901819432
rms_db,all,20260921,1,0.5,arousal,absolute,0.5519297724548505
rms_db,all,20260921,1,0.5,dominance,absolute,0.31982511166115835
rms_db,all,20260921,1,0.5,valence,relative,0.005467078308853893
rms_db,all,20260921,1,0.5,arousal,relative,0.6177721853937417
rms_db,all,20260921,1,0.5,dominance,relative,0.3852072023805386
rms_db,loudness,20260921,1,0.5,valence,absolute,-0.000938135239669359
rms_db,loudness,20260921,1,0.5,arousal,absolute,0.4946337311373498
rms_db,loudness,20260921,1,0.5,dominance,absolute,0.2801986680037822
rms_db,loudness,20260921,1,0.5,valence,relative,-0.0024205389123517014
rms_db,loudness,20260921,1,0.5,arousal,relative,0.600994393244188
rms_db,loudness,20260921,1,0.5,dominance,relative,0.37559995466289803
rms_db,all,20260921,1,0.75,valence,absolute,0.006907015785531734
rms_db,all,20260921,1,0.75,arousal,absolute,0.5453584309345636
rms_db,all,20260921,1,0.75,dominance,absolute,0.29792914586000463
rms_db,all,20260921,1,0.75,valence,relative,0.005365180089787231
rms_db,all,20260921,1,0.75,arousal,relative,0.6152684609860398
rms_db,all,20260921,1,0.75,dominance,relative,0.36987942578905036
rms_db,loudness,20260921,1,0.75,valence,absolute,-0.0005223234933483478
rms_db,loudness,20260921,1,0.75,arousal,absolute,0.48501010510560505
rms_db,loudness,20260921,1,0.75,dominance,absolute,0.2550274186517153
rms_db,loudness,20260921,1,0.75,valence,relative,-0.0024227753712415933
rms_db,loudness,20260921,1,0.75,arousal,relative,0.5981889479203386
rms_db,loudness,20260921,1,0.75,dominance,relative,0.36018210255506566
rms_db,all,20260921,1,1.0,valence,absolute,0.006668065519786692
rms_db,all,20260921,1,1.0,arousal,absolute,0.5380886207513662
rms_db,all,20260921,1,1.0,dominance,absolute,0.2742928490004482
rms_db,all,20260921,1,1.0,valence,relative,0.005255319180179418
rms_db,all,20260921,1,1.0,arousal,relative,0.6118977098098121
rms_db,all,20260921,1,1.0,dominance,relative,0.3505617821566786
rms_db,loudness,20260921,1,1.0,valence,absolute,-0.00015127838528321974
rms_db,loudness,20260921,1,1.0,arousal,absolute,0.4748798748461868
rms_db,loudness,20260921,1,1.0,dominance,absolute,0.22926774243940154
rms_db,loudness,20260921,1,1.0,valence,relative,-0.002420009428104778
rms_db,loudness,20260921,1,1.0,arousal,relative,0.5944993782637991
rms_db,loudness,20260921,1,1.0,dominance,relative,0.34084583811232966
rms_db,all,20260921,2,0.0,valence,absolute,0.0028701482413129613
rms_db,all,20260921,2,0.0,arousal,absolute,0.5328580619761911
rms_db,all,20260921,2,0.0,dominance,absolute,0.3844688297949671
rms_db,all,20260921,2,0.0,valence,relative,0.0008823804503098862
rms_db,all,20260921,2,0.0,arousal,relative,0.6394317847617815
rms_db,all,20260921,2,0.0,dominance,relative,0.4396180305801156
rms_db,loudness,20260921,2,0.0,valence,absolute,-0.004624152258824095
rms_db,loudness,20260921,2,0.0,arousal,absolute,0.5208619168934677
rms_db,loudness,20260921,2,0.0,dominance,absolute,0.3551663410993739
rms_db,loudness,20260921,2,0.0,valence,relative,-0.005767710374413959
rms_db,loudness,20260921,2,0.0,arousal,relative,0.6143423543929547
rms_db,loudness,20260921,2,0.0,dominance,relative,0.42900979473782364
rms_db,all,20260921,2,0.25,valence,absolute,0.0022940180970919327
rms_db,all,20260921,2,0.25,arousal,absolute,0.5283170673174441
rms_db,all,20260921,2,0.25,dominance,absolute,0.37678740403514827
rms_db,all,20260921,2,0.25,valence,relative,0.0009131525307668299
rms_db,all,20260921,2,0.25,arousal,relative,0.6356435648577191
rms_db,all,20260921,2,0.25,dominance,relative,0.4384022757113165
rms_db,loudness,20260921,2,0.25,valence,absolute,-0.005707562742699574
rms_db,loudness,20260921,2,0.25,arousal,absolute,0.5232074462191036
rms_db,loudness,20260921,2,0.25,dominance,absolute,0.34754562639087067
rms_db,loudness,20260921,2,0.25,valence,relative,-0.0056996203549588495
rms_db,loudness,20260921,2,0.25,arousal,relative,0.6103437557651402
rms_db,loudness,20260921,2,0.25,dominance,relative,0.42775562323215477
rms_db,all,20260921,2,0.5,valence,absolute,0.00172198901448925
rms_db,all,20260921,2,0.5,arousal,absolute,0.5195477450976312
rms_db,all,20260921,2,0.5,dominance,absolute,0.36714899382993255
rms_db,all,20260921,2,0.5,valence,relative,0.0009438388390818437
rms_db,all,20260921,2,0.5,arousal,relative,0.6268245894538812
rms_db,all,20260921,2,0.5,dominance,relative,0.43500839858327295
rms_db,loudness,20260921,2,0.5,valence,absolute,-0.00678533164297778
rms_db,loudness,20260921,2,0.5,arousal,absolute,0.5209719177967541
rms_db,loudness,20260921,2,0.5,dominance,absolute,0.3384603718335784
rms_db,loudness,20260921,2,0.5,valence,relative,-0.005631273207907313
rms_db,loudness,20260921,2,0.5,arousal,relative,0.6013698414946878
rms_db,loudness,20260921,2,0.5,dominance,relative,0.42435938731810746
rms_db,all,20260921,2,0.75,valence,absolute,0.0011541865064200899
rms_db,all,20260921,2,0.75,arousal,absolute,0.5073406658857458
rms_db,all,20260921,2,0.75,dominance,absolute,0.35589437923562783
rms_db,all,20260921,2,0.75,valence,relative,0.0009744286434994481
rms_db,all,20260921,2,0.75,arousal,relative,0.6132925890523184
rms_db,all,20260921,2,0.75,dominance,relative,0.42951539043266995
rms_db,loudness,20260921,2,0.75,valence,absolute,-0.0078569713625419
rms_db,loudness,20260921,2,0.75,arousal,absolute,0.5146155336881716
rms_db,loudness,20260921,2,0.75,dominance,absolute,0.32811337772934174
rms_db,loudness,20260921,2,0.75,valence,relative,-0.0055626922391986055
rms_db,loudness,20260921,2,0.75,arousal,relative,0.5877750799078667
rms_db,loudness,20260921,2,0.75,dominance,relative,0.41889630891667606
rms_db,all,20260921,2,1.0,valence,absolute,0.0005907535371715097
rms_db,all,20260921,2,1.0,arousal,absolute,0.49248035313978455
rms_db,all,20260921,2,1.0,dominance,absolute,0.34338438403889066
rms_db,all,20260921,2,1.0,valence,relative,0.0010049278481882864
rms_db,all,20260921,2,1.0,arousal,relative,0.595577329180433
rms_db,all,20260921,2,1.0,dominance,relative,0.4220695728432051
rms_db,loudness,20260921,2,1.0,valence,absolute,-0.008922216854963866
rms_db,loudness,20260921,2,1.0,arousal,absolute,0.5047163789850954
rms_db,loudness,20260921,2,1.0,dominance,absolute,0.3167299265284243
rms_db,loudness,20260921,2,1.0,valence,relative,-0.0054938837278430816
rms_db,loudness,20260921,2,1.0,arousal,relative,0.5701223448786081
rms_db,loudness,20260921,2,1.0,dominance,relative,0.4115109976512574
rms_db,all,20260921,3,0.0,valence,absolute,0.006918209928542717
rms_db,all,20260921,3,0.0,arousal,absolute,0.502784525502335
rms_db,all,20260921,3,0.0,dominance,absolute,0.37469471875097216
rms_db,all,20260921,3,0.0,valence,relative,0.009121146816205761
rms_db,all,20260921,3,0.0,arousal,relative,0.6034180413493248
rms_db,all,20260921,3,0.0,dominance,relative,0.43132282336470407
rms_db,loudness,20260921,3,0.0,valence,absolute,-0.001597812732671768
rms_db,loudness,20260921,3,0.0,arousal,absolute,0.503132861225239
rms_db,loudness,20260921,3,0.0,dominance,absolute,0.3516081068774953
rms_db,loudness,20260921,3,0.0,valence,relative,-0.002055487354097445
rms_db,loudness,20260921,3,0.0,arousal,relative,0.5930220032623933
rms_db,loudness,20260921,3,0.0,dominance,relative,0.42155383115876177
rms_db,all,20260921,3,0.25,valence,absolute,0.008169795727195148
rms_db,all,20260921,3,0.25,arousal,absolute,0.5159396993020399
rms_db,all,20260921,3,0.25,dominance,absolute,0.3790810056112593
rms_db,all,20260921,3,0.25,valence,relative,0.008955170759549116
rms_db,all,20260921,3,0.25,arousal,relative,0.6000742124456303
rms_db,all,20260921,3,0.25,dominance,relative,0.42866732580040673
rms_db,loudness,20260921,3,0.25,valence,absolute,-0.0011298116494664976
rms_db,loudness,20260921,3,0.25,arousal,absolute,0.5100292126218527
rms_db,loudness,20260921,3,0.25,dominance,absolute,0.35321300047785553
rms_db,loudness,20260921,3,0.25,valence,relative,-0.0020712322740167573
rms_db,loudness,20260921,3,0.25,arousal,relative,0.5896735864579346
rms_db,loudness,20260921,3,0.25,dominance,relative,0.4190234668726462
rms_db,all,20260921,3,0.5,valence,absolute,0.009392993910818171
rms_db,all,20260921,3,0.5,arousal,absolute,0.5255309360509542
rms_db,all,20260921,3,0.5,dominance,absolute,0.37960847473968135
rms_db,all,20260921,3,0.5,valence,relative,0.008788367595587581
rms_db,all,20260921,3,0.5,arousal,relative,0.5930303249134253
rms_db,all,20260921,3,0.5,dominance,relative,0.4229839130996903
rms_db,loudness,20260921,3,0.5,valence,absolute,-0.0006738337288714943
rms_db,loudness,20260921,3,0.5,arousal,absolute,0.5131031050162398
rms_db,loudness,20260921,3,0.5,dominance,absolute,0.3512345205911405
rms_db,loudness,20260921,3,0.5,valence,relative,-0.0020867379683868906
rms_db,loudness,20260921,3,0.5,arousal,relative,0.5827411631341657
rms_db,loudness,20260921,3,0.5,dominance,relative,0.4134836073892416
rms_db,all,20260921,3,0.75,valence,absolute,0.010585800704113543
rms_db,all,20260921,3,0.75,arousal,absolute,0.5312225776711585
rms_db,all,20260921,3,0.75,dominance,absolute,0.3761326063151075
rms_db,all,20260921,3,0.75,valence,relative,0.00862074618854465
rms_db,all,20260921,3,0.75,arousal,relative,0.5825150460707395
rms_db,all,20260921,3,0.75,dominance,relative,0.41450974082550107
rms_db,loudness,20260921,3,0.75,valence,absolute,-0.0002300162332989778
rms_db,loudness,20260921,3,0.75,arousal,absolute,0.5122723455439545
rms_db,loudness,20260921,3,0.75,dominance,absolute,0.34567322930914574
rms_db,loudness,20260921,3,0.75,valence,relative,-0.0021019942662664983
rms_db,loudness,20260921,3,0.75,arousal,relative,0.5724448978633846
rms_db,loudness,20260921,3,0.75,dominance,relative,0.40517526472112975
rms_db,all,20260921,3,1.0,valence,absolute,0.011746142035898804
rms_db,all,20260921,3,1.0,arousal,absolute,0.5326733307830281
rms_db,all,20260921,3,1.0,dominance,absolute,0.3687144831387125
rms_db,all,20260921,3,1.0,valence,relative,0.008452366730339706
rms_db,all,20260921,3,1.0,arousal,relative,0.5689679567862168
rms_db,all,20260921,3,1.0,dominance,relative,0.4036091167901654
rms_db,loudness,20260921,3,1.0,valence,absolute,0.00020150481169610296
rms_db,loudness,20260921,3,1.0,arousal,absolute,0.5076025993676684
rms_db,loudness,20260921,3,1.0,dominance,absolute,0.3367301828680995
rms_db,loudness,20260921,3,1.0,valence,relative,-0.0021170021032236737
rms_db,loudness,20260921,3,1.0,arousal,relative,0.5592096245288312
rms_db,loudness,20260921,3,1.0,dominance,relative,0.3944692422015494
rms_db,all,20260921,4,0.0,valence,absolute,0.01239037994134289
rms_db,all,20260921,4,0.0,arousal,absolute,0.5823010326681975
rms_db,all,20260921,4,0.0,dominance,absolute,0.4155879904130934
rms_db,all,20260921,4,0.0,valence,relative,0.012133683176636904
rms_db,all,20260921,4,0.0,arousal,relative,0.6619079430642157
rms_db,all,20260921,4,0.0,dominance,relative,0.4738009725011673
rms_db,loudness,20260921,4,0.0,valence,absolute,1.7030422447179575e-05
rms_db,loudness,20260921,4,0.0,arousal,absolute,0.5512681917645091
rms_db,loudness,20260921,4,0.0,dominance,absolute,0.3885688969188893
rms_db,loudness,20260921,4,0.0,valence,relative,2.1180758420187493e-05
rms_db,loudness,20260921,4,0.0,arousal,relative,0.6552843660040614
rms_db,loudness,20260921,4,0.0,dominance,relative,0.46725597835578714
rms_db,all,20260921,4,0.25,valence,absolute,0.012674926706823148
rms_db,all,20260921,4,0.25,arousal,absolute,0.5740903154857162
rms_db,all,20260921,4,0.25,dominance,absolute,0.40735004380431944
rms_db,all,20260921,4,0.25,valence,relative,0.012286686156993598
rms_db,all,20260921,4,0.25,arousal,relative,0.6601182572831416
rms_db,all,20260921,4,0.25,dominance,relative,0.4720084453673645
rms_db,loudness,20260921,4,0.25,valence,absolute,-5.169635892872819e-05
rms_db,loudness,20260921,4,0.25,arousal,absolute,0.5400703313951559
rms_db,loudness,20260921,4,0.25,dominance,absolute,0.377055035937677
rms_db,loudness,20260921,4,0.25,valence,relative,2.8858014383021335e-05
rms_db,loudness,20260921,4,0.25,arousal,relative,0.6532509969351247
rms_db,loudness,20260921,4,0.25,dominance,relative,0.4652350998186039
rms_db,all,20260921,4,0.5,valence,absolute,0.012869178997807117
rms_db,all,20260921,4,0.5,arousal,absolute,0.5641552250725295
rms_db,all,20260921,4,0.5,dominance,absolute,0.398849271993076
rms_db,all,20260921,4,0.5,valence,relative,0.012426856663471935
rms_db,all,20260921,4,0.5,arousal,relative,0.6560743799726411
rms_db,all,20260921,4,0.5,dominance,relative,0.4696305093800128
rms_db,loudness,20260921,4,0.5,valence,absolute,-3.503940070354744e-05
rms_db,loudness,20260921,4,0.5,arousal,absolute,0.5274090554456908
rms_db,loudness,20260921,4,0.5,dominance,absolute,0.36523288598780584
rms_db,loudness,20260921,4,0.5,valence,relative,3.501834561479407e-05
rms_db,loudness,20260921,4,0.5,arousal,relative,0.6489392495853702
rms_db,loudness,20260921,4,0.5,dominance,relative,0.46262095329544656
rms_db,all,20260921,4,0.75,valence,absolute,0.012973008725610862
rms_db,all,20260921,4,0.75,arousal,absolute,0.5526734155171945
rms_db,all,20260921,4,0.75,dominance,absolute,0.39009195787879036
rms_db,all,20260921,4,0.75,valence,relative,0.012553928118158269
rms_db,all,20260921,4,0.75,arousal,relative,0.6498400299264728
rms_db,all,20260921,4,0.75,dominance,relative,0.4666775813961205
rms_db,loudness,20260921,4,0.75,valence,absolute,6.672445653766696e-05
rms_db,loudness,20260921,4,0.75,arousal,absolute,0.5135043548201607
rms_db,loudness,20260921,4,0.75,dominance,absolute,0.3531080370848335
rms_db,loudness,20260921,4,0.75,valence,relative,3.96377465349295e-05
rms_db,loudness,20260921,4,0.75,arousal,relative,0.6424199891129466
rms_db,loudness,20260921,4,0.75,dominance,relative,0.4594243779205481
rms_db,all,20260921,4,1.0,valence,absolute,0.012987420446215339
rms_db,all,20260921,4,1.0,arousal,absolute,0.5399229339498468
rms_db,all,20260921,4,1.0,dominance,absolute,0.3811193071125074
rms_db,all,20260921,4,1.0,valence,relative,0.012667894418946586
rms_db,all,20260921,4,1.0,arousal,relative,0.6415700303079279
rms_db,all,20260921,4,1.0,dominance,relative,0.463168353754618
rms_db,loudness,20260921,4,1.0,valence,absolute,0.0002530158801481253
rms_db,loudness,20260921,4,1.0,arousal,absolute,0.4986769556621543
rms_db,loudness,20260921,4,1.0,dominance,absolute,0.3407354273672938
rms_db,loudness,20260921,4,1.0,valence,relative,4.2730230317482086e-05
rms_db,loudness,20260921,4,1.0,arousal,relative,0.6338559026383862
rms_db,loudness,20260921,4,1.0,dominance,relative,0.45566536157164733
rms_db,all,20260922,0,0.0,valence,absolute,0.017045709875258247
rms_db,all,20260922,0,0.0,arousal,absolute,0.5929034014519409
rms_db,all,20260922,0,0.0,dominance,absolute,0.45295592301165466
rms_db,all,20260922,0,0.0,valence,relative,0.019034947034612604
rms_db,all,20260922,0,0.0,arousal,relative,0.6770792018622072
rms_db,all,20260922,0,0.0,dominance,relative,0.5171512468880175
rms_db,loudness,20260922,0,0.0,valence,absolute,-0.00032366780570864415
rms_db,loudness,20260922,0,0.0,arousal,absolute,0.5682339965227288
rms_db,loudness,20260922,0,0.0,dominance,absolute,0.4222949017521982
rms_db,loudness,20260922,0,0.0,valence,relative,-0.00040227188468622103
rms_db,loudness,20260922,0,0.0,arousal,relative,0.6713808252982681
rms_db,loudness,20260922,0,0.0,dominance,relative,0.5055974608268242
rms_db,all,20260922,0,0.25,valence,absolute,0.017854204663511206
rms_db,all,20260922,0,0.25,arousal,absolute,0.5844761170766837
rms_db,all,20260922,0,0.25,dominance,absolute,0.4474519567765658
rms_db,all,20260922,0,0.25,valence,relative,0.01891906540723853
rms_db,all,20260922,0,0.25,arousal,relative,0.6737695054215312
rms_db,all,20260922,0,0.25,dominance,relative,0.5153562937027176
rms_db,loudness,20260922,0,0.25,valence,absolute,-0.00017277039846759284
rms_db,loudness,20260922,0,0.25,arousal,absolute,0.563989847439147
rms_db,loudness,20260922,0,0.25,dominance,absolute,0.4152987663856665
rms_db,loudness,20260922,0,0.25,valence,relative,-0.00042294393592463256
rms_db,loudness,20260922,0,0.25,arousal,relative,0.6674116406171707
rms_db,loudness,20260922,0,0.25,dominance,relative,0.5036831462187846
rms_db,all,20260922,0,0.5,valence,absolute,0.018825624794384863
rms_db,all,20260922,0,0.5,arousal,absolute,0.571161452320326
rms_db,all,20260922,0,0.5,dominance,absolute,0.43974382498043557
rms_db,all,20260922,0,0.5,valence,relative,0.018798525537284075
rms_db,all,20260922,0,0.5,arousal,relative,0.665387451233753
rms_db,all,20260922,0,0.5,dominance,relative,0.5116067725760852
rms_db,loudness,20260922,0,0.5,valence,absolute,4.7488610212310243e-05
rms_db,loudness,20260922,0,0.5,arousal,absolute,0.5555622749346932
rms_db,loudness,20260922,0,0.5,dominance,absolute,0.40669386690901843
rms_db,loudness,20260922,0,0.5,valence,relative,-0.00044395943289762384
rms_db,loudness,20260922,0,0.5,arousal,relative,0.6585132920097307
rms_db,loudness,20260922,0,0.5,dominance,relative,0.4998480709805508
rms_db,all,20260922,0,0.75,valence,absolute,0.019958685187613227
rms_db,all,20260922,0,0.75,arousal,absolute,0.5537273087273795
rms_db,all,20260922,0,0.75,dominance,absolute,0.4299861990052694
rms_db,all,20260922,0,0.75,valence,relative,0.01867327697480983
rms_db,all,20260922,0,0.75,arousal,relative,0.6523204269498647
rms_db,all,20260922,0,0.75,dominance,relative,0.5059838396702172
rms_db,loudness,20260922,0,0.75,valence,absolute,0.00033689108730441475
rms_db,loudness,20260922,0,0.75,arousal,absolute,0.5434292128706694
rms_db,loudness,20260922,0,0.75,dominance,absolute,0.3966131269939938
rms_db,loudness,20260922,0,0.75,valence,relative,-0.00046532532829936506
rms_db,loudness,20260922,0,0.75,arousal,relative,0.6450902268201677
rms_db,loudness,20260922,0,0.75,dominance,relative,0.4941778508890567
rms_db,all,20260922,0,1.0,valence,absolute,0.021252007607902197
rms_db,all,20260922,0,1.0,arousal,absolute,0.533086360768781
rms_db,all,20260922,0,1.0,dominance,absolute,0.41838749220865384
rms_db,all,20260922,0,1.0,valence,relative,0.0185434769732871
rms_db,all,20260922,0,1.0,arousal,relative,0.6351659747836893
rms_db,all,20260922,0,1.0,dominance,relative,0.498614501983725
rms_db,loudness,20260922,0,1.0,valence,absolute,0.0006951095856248307
rms_db,loudness,20260922,0,1.0,arousal,absolute,0.5282188892621673
rms_db,loudness,20260922,0,1.0,dominance,absolute,0.38522384713547236
rms_db,loudness,20260922,0,1.0,valence,relative,-0.00048701256004956563
rms_db,loudness,20260922,0,1.0,arousal,relative,0.627744330341935
rms_db,loudness,20260922,0,1.0,dominance,relative,0.4868035416134227
rms_db,all,20260922,1,0.0,valence,absolute,0.006918209928542717
rms_db,all,20260922,1,0.0,arousal,absolute,0.502784525502335
rms_db,all,20260922,1,0.0,dominance,absolute,0.37469471875097216
rms_db,all,20260922,1,0.0,valence,relative,0.009121146816205761
rms_db,all,20260922,1,0.0,arousal,relative,0.6034180413493248
rms_db,all,20260922,1,0.0,dominance,relative,0.43132282336470407
rms_db,loudness,20260922,1,0.0,valence,absolute,-0.001597812732671768
rms_db,loudness,20260922,1,0.0,arousal,absolute,0.503132861225239
rms_db,loudness,20260922,1,0.0,dominance,absolute,0.3516081068774953
rms_db,loudness,20260922,1,0.0,valence,relative,-0.002055487354097445
rms_db,loudness,20260922,1,0.0,arousal,relative,0.5930220032623933
rms_db,loudness,20260922,1,0.0,dominance,relative,0.42155383115876177
rms_db,all,20260922,1,0.25,valence,absolute,0.008169795727195148
rms_db,all,20260922,1,0.25,arousal,absolute,0.5159396993020399
rms_db,all,20260922,1,0.25,dominance,absolute,0.3790810056112593
rms_db,all,20260922,1,0.25,valence,relative,0.008955170759549116
rms_db,all,20260922,1,0.25,arousal,relative,0.6000742124456303
rms_db,all,20260922,1,0.25,dominance,relative,0.42866732580040673
rms_db,loudness,20260922,1,0.25,valence,absolute,-0.0011298116494664976
rms_db,loudness,20260922,1,0.25,arousal,absolute,0.5100292126218527
rms_db,loudness,20260922,1,0.25,dominance,absolute,0.35321300047785553
rms_db,loudness,20260922,1,0.25,valence,relative,-0.0020712322740167573
rms_db,loudness,20260922,1,0.25,arousal,relative,0.5896735864579346
rms_db,loudness,20260922,1,0.25,dominance,relative,0.4190234668726462
rms_db,all,20260922,1,0.5,valence,absolute,0.009392993910818171
rms_db,all,20260922,1,0.5,arousal,absolute,0.5255309360509542
rms_db,all,20260922,1,0.5,dominance,absolute,0.37960847473968135
rms_db,all,20260922,1,0.5,valence,relative,0.008788367595587581
rms_db,all,20260922,1,0.5,arousal,relative,0.5930303249134253
rms_db,all,20260922,1,0.5,dominance,relative,0.4229839130996903
rms_db,loudness,20260922,1,0.5,valence,absolute,-0.0006738337288714943
rms_db,loudness,20260922,1,0.5,arousal,absolute,0.5131031050162398
rms_db,loudness,20260922,1,0.5,dominance,absolute,0.3512345205911405
rms_db,loudness,20260922,1,0.5,valence,relative,-0.0020867379683868906
rms_db,loudness,20260922,1,0.5,arousal,relative,0.5827411631341657
rms_db,loudness,20260922,1,0.5,dominance,relative,0.4134836073892416
rms_db,all,20260922,1,0.75,valence,absolute,0.010585800704113543
rms_db,all,20260922,1,0.75,arousal,absolute,0.5312225776711585
rms_db,all,20260922,1,0.75,dominance,absolute,0.3761326063151075
rms_db,all,20260922,1,0.75,valence,relative,0.00862074618854465
rms_db,all,20260922,1,0.75,arousal,relative,0.5825150460707395
rms_db,all,20260922,1,0.75,dominance,relative,0.41450974082550107
rms_db,loudness,20260922,1,0.75,valence,absolute,-0.0002300162332989778
rms_db,loudness,20260922,1,0.75,arousal,absolute,0.5122723455439545
rms_db,loudness,20260922,1,0.75,dominance,absolute,0.34567322930914574
rms_db,loudness,20260922,1,0.75,valence,relative,-0.0021019942662664983
rms_db,loudness,20260922,1,0.75,arousal,relative,0.5724448978633846
rms_db,loudness,20260922,1,0.75,dominance,relative,0.40517526472112975
rms_db,all,20260922,1,1.0,valence,absolute,0.011746142035898804
rms_db,all,20260922,1,1.0,arousal,absolute,0.5326733307830281
rms_db,all,20260922,1,1.0,dominance,absolute,0.3687144831387125
rms_db,all,20260922,1,1.0,valence,relative,0.008452366730339706
rms_db,all,20260922,1,1.0,arousal,relative,0.5689679567862168
rms_db,all,20260922,1,1.0,dominance,relative,0.4036091167901654
rms_db,loudness,20260922,1,1.0,valence,absolute,0.00020150481169610296
rms_db,loudness,20260922,1,1.0,arousal,absolute,0.5076025993676684
rms_db,loudness,20260922,1,1.0,dominance,absolute,0.3367301828680995
rms_db,loudness,20260922,1,1.0,valence,relative,-0.0021170021032236737
rms_db,loudness,20260922,1,1.0,arousal,relative,0.5592096245288312
rms_db,loudness,20260922,1,1.0,dominance,relative,0.3944692422015494
rms_db,all,20260922,2,0.0,valence,absolute,0.008696559639537388
rms_db,all,20260922,2,0.0,arousal,absolute,0.5394545626175357
rms_db,all,20260922,2,0.0,dominance,absolute,0.28004631039805505
rms_db,all,20260922,2,0.0,valence,relative,0.010858826990940146
rms_db,all,20260922,2,0.0,arousal,relative,0.5961942673097836
rms_db,all,20260922,2,0.0,dominance,relative,0.3155048043144419
rms_db,loudness,20260922,2,0.0,valence,absolute,-0.00031168605879838135
rms_db,loudness,20260922,2,0.0,arousal,absolute,0.5026168272584461
rms_db,loudness,20260922,2,0.0,dominance,absolute,0.2501465299543571
rms_db,loudness,20260922,2,0.0,valence,relative,-0.0004044538926294203
rms_db,loudness,20260922,2,0.0,arousal,relative,0.5747463236335897
rms_db,loudness,20260922,2,0.0,dominance,relative,0.3016801427434457
rms_db,all,20260922,2,0.25,valence,absolute,0.009190331206903489
rms_db,all,20260922,2,0.25,arousal,absolute,0.5298935718611426
rms_db,all,20260922,2,0.25,dominance,absolute,0.27720870815784776
rms_db,all,20260922,2,0.25,valence,relative,0.010765069841350889
rms_db,all,20260922,2,0.25,arousal,relative,0.5923893916946229
rms_db,all,20260922,2,0.25,dominance,relative,0.3144547780407443
rms_db,loudness,20260922,2,0.25,valence,absolute,-0.00014096404131345766
rms_db,loudness,20260922,2,0.25,arousal,absolute,0.4997468078759846
rms_db,loudness,20260922,2,0.25,dominance,absolute,0.24593881695900346
rms_db,loudness,20260922,2,0.25,valence,relative,-0.00041044821390896546
rms_db,loudness,20260922,2,0.25,arousal,relative,0.5707426895854311
rms_db,loudness,20260922,2,0.25,dominance,relative,0.30065733795893856
rms_db,all,20260922,2,0.5,valence,absolute,0.009730050727020125
rms_db,all,20260922,2,0.5,arousal,absolute,0.5141273557051208
rms_db,all,20260922,2,0.5,dominance,absolute,0.2728294272155026
rms_db,all,20260922,2,0.5,valence,relative,0.010652787941489415
rms_db,all,20260922,2,0.5,arousal,relative,0.58324931609795
rms_db,all,20260922,2,0.5,dominance,relative,0.31235252058416135
rms_db,loudness,20260922,2,0.5,valence,absolute,4.100934527580999e-05
rms_db,loudness,20260922,2,0.5,arousal,absolute,0.49144968455140714
rms_db,loudness,20260922,2,0.5,dominance,absolute,0.2407446635439573
rms_db,loudness,20260922,2,0.5,valence,relative,-0.00041568747664006567
rms_db,loudness,20260922,2,0.5,arousal,relative,0.5614739840424541
rms_db,loudness,20260922,2,0.5,dominance,relative,0.29862321399091807
rms_db,all,20260922,2,0.75,valence,absolute,0.010313299216309966
rms_db,all,20260922,2,0.75,arousal,absolute,0.4934667775783181
rms_db,all,20260922,2,0.75,dominance,absolute,0.2670169269151957
rms_db,all,20260922,2,0.75,valence,relative,0.010522996308206222
rms_db,all,20260922,2,0.75,arousal,relative,0.5692720370287454
rms_db,all,20260922,2,0.75,dominance,relative,0.3092323816133616
rms_db,loudness,20260922,2,0.75,valence,absolute,0.00023319772971852883
rms_db,loudness,20260922,2,0.75,arousal,absolute,0.4781095391508428
rms_db,loudness,20260922,2,0.75,dominance,absolute,0.2346153451430774
rms_db,loudness,20260922,2,0.75,valence,relative,-0.0004201522046711267
rms_db,loudness,20260922,2,0.75,arousal,relative,0.5474586460191105
rms_db,loudness,20260922,2,0.75,dominance,relative,0.295611879331356
rms_db,all,20260922,2,1.0,valence,absolute,0.010936937492659022
rms_db,all,20260922,2,1.0,arousal,absolute,0.4693285787214187
rms_db,all,20260922,2,1.0,dominance,absolute,0.2599359343121113
rms_db,all,20260922,2,1.0,valence,relative,0.010376331434548565
rms_db,all,20260922,2,1.0,arousal,relative,0.5511451668457825
rms_db,all,20260922,2,1.0,dominance,relative,0.3051547134885432
rms_db,loudness,20260922,2,1.0,valence,absolute,0.0004344476055826874
rms_db,loudness,20260922,2,1.0,arousal,absolute,0.46040561431163946
rms_db,loudness,20260922,2,1.0,dominance,absolute,0.22762740980238108
rms_db,loudness,20260922,2,1.0,valence,relative,-0.0004238372135026887
rms_db,loudness,20260922,2,1.0,arousal,relative,0.5294009212617098
rms_db,loudness,20260922,2,1.0,dominance,relative,0.2916822161973212
rms_db,all,20260922,3,0.0,valence,absolute,0.005344588869603283
rms_db,all,20260922,3,0.0,arousal,absolute,0.5282943006199426
rms_db,all,20260922,3,0.0,dominance,absolute,0.3818825671776067
rms_db,all,20260922,3,0.0,valence,relative,0.007190422109119415
rms_db,all,20260922,3,0.0,arousal,relative,0.6055485362149816
rms_db,all,20260922,3,0.0,dominance,relative,0.43807278273917505
rms_db,loudness,20260922,3,0.0,valence,absolute,-0.0007926230491295139
rms_db,loudness,20260922,3,0.0,arousal,absolute,0.47727193432461623
rms_db,loudness,20260922,3,0.0,dominance,absolute,0.3395884966199101
rms_db,loudness,20260922,3,0.0,valence,relative,-0.0009467167592731477
rms_db,loudness,20260922,3,0.0,arousal,relative,0.5898970838244294
rms_db,loudness,20260922,3,0.0,dominance,relative,0.4156692072066603
rms_db,all,20260922,3,0.25,valence,absolute,0.006348797228152617
rms_db,all,20260922,3,0.25,arousal,absolute,0.5186091348765758
rms_db,all,20260922,3,0.25,dominance,absolute,0.3808336936235671
rms_db,all,20260922,3,0.25,valence,relative,0.006999604045882224
rms_db,all,20260922,3,0.25,arousal,relative,0.6061971886268821
rms_db,all,20260922,3,0.25,dominance,relative,0.4377563219257115
rms_db,loudness,20260922,3,0.25,valence,absolute,-0.0008276999104328062
rms_db,loudness,20260922,3,0.25,arousal,absolute,0.4626726257043397
rms_db,loudness,20260922,3,0.25,dominance,absolute,0.334225702969997
rms_db,loudness,20260922,3,0.25,valence,relative,-0.0009408264860265553
rms_db,loudness,20260922,3,0.25,arousal,relative,0.5911228356087515
rms_db,loudness,20260922,3,0.25,dominance,relative,0.4150996960736903
rms_db,all,20260922,3,0.5,valence,absolute,0.007602826678171391
rms_db,all,20260922,3,0.5,arousal,absolute,0.5073292704815358
rms_db,all,20260922,3,0.5,dominance,absolute,0.37942841303742175
rms_db,all,20260922,3,0.5,valence,relative,0.00679152321241258
rms_db,all,20260922,3,0.5,arousal,relative,0.6055646053176418
rms_db,all,20260922,3,0.5,dominance,relative,0.4370533359192168
rms_db,loudness,20260922,3,0.5,valence,absolute,-0.0008415393064827968
rms_db,loudness,20260922,3,0.5,arousal,absolute,0.447199703021701
rms_db,loudness,20260922,3,0.5,dominance,absolute,0.32863394704971216
rms_db,loudness,20260922,3,0.5,valence,relative,-0.0009319556872871999
rms_db,loudness,20260922,3,0.5,arousal,relative,0.5911187237636266
rms_db,loudness,20260922,3,0.5,dominance,relative,0.41416650790353865
rms_db,all,20260922,3,0.75,valence,absolute,0.009095571815219574
rms_db,all,20260922,3,0.75,arousal,absolute,0.49452781137293206
rms_db,all,20260922,3,0.75,dominance,absolute,0.37769870496450575
rms_db,all,20260922,3,0.75,valence,relative,0.006568172046184748
rms_db,all,20260922,3,0.75,arousal,relative,0.6036632544416018
rms_db,all,20260922,3,0.75,dominance,relative,0.43597320644214316
rms_db,loudness,20260922,3,0.75,valence,absolute,-0.0008342877184597472
rms_db,loudness,20260922,3,0.75,arousal,absolute,0.4309208583267101
rms_db,loudness,20260922,3,0.75,dominance,absolute,0.32285572469278834
rms_db,loudness,20260922,3,0.75,valence,relative,-0.0009202445323872654
rms_db,loudness,20260922,3,0.75,arousal,relative,0.5898936478262188
rms_db,loudness,20260922,3,0.75,dominance,relative,0.4128804692237012
rms_db,all,20260922,3,1.0,valence,absolute,0.010812534238965712
rms_db,all,20260922,3,1.0,arousal,absolute,0.4803460109770963
rms_db,all,20260922,3,1.0,dominance,absolute,0.3756304431136192
rms_db,all,20260922,3,1.0,valence,relative,0.006331747623428526
rms_db,all,20260922,3,1.0,arousal,relative,0.6005213861778776
rms_db,all,20260922,3,1.0,dominance,relative,0.4345198597869834
rms_db,loudness,20260922,3,1.0,valence,absolute,-0.0008064155526993518
rms_db,loudness,20260922,3,1.0,arousal,absolute,0.4139651099379542
rms_db,loudness,20260922,3,1.0,dominance,absolute,0.31688536035534537
rms_db,loudness,20260922,3,1.0,valence,relative,-0.0009058330091065225
rms_db,loudness,20260922,3,1.0,arousal,relative,0.58746938125134
rms_db,loudness,20260922,3,1.0,dominance,relative,0.4112444825987544
rms_db,all,20260922,4,0.0,valence,absolute,0.006544625234542481
rms_db,all,20260922,4,0.0,arousal,absolute,0.5682442155750489
rms_db,all,20260922,4,0.0,dominance,absolute,0.44923745121602593
rms_db,all,20260922,4,0.0,valence,relative,0.001595109904982816
rms_db,all,20260922,4,0.0,arousal,relative,0.6546386386139302
rms_db,all,20260922,4,0.0,dominance,relative,0.5106195580263806
rms_db,loudness,20260922,4,0.0,valence,absolute,-0.0022177211706148636
rms_db,loudness,20260922,4,0.0,arousal,absolute,0.537861731758045
rms_db,loudness,20260922,4,0.0,dominance,absolute,0.42074270900814786
rms_db,loudness,20260922,4,0.0,valence,relative,-0.002718410946906231
rms_db,loudness,20260922,4,0.0,arousal,relative,0.6349773017462965
rms_db,loudness,20260922,4,0.0,dominance,relative,0.5033199999972194
rms_db,all,20260922,4,0.25,valence,absolute,0.005635521132898109
rms_db,all,20260922,4,0.25,arousal,absolute,0.5641626070676795
rms_db,all,20260922,4,0.25,dominance,absolute,0.42297365807712256
rms_db,all,20260922,4,0.25,valence,relative,0.001692304728601562
rms_db,all,20260922,4,0.25,arousal,relative,0.6538137135864908
rms_db,all,20260922,4,0.25,dominance,relative,0.5068917319149402
rms_db,loudness,20260922,4,0.25,valence,absolute,-0.0029001587510021063
rms_db,loudness,20260922,4,0.25,arousal,absolute,0.5291997984165933
rms_db,loudness,20260922,4,0.25,dominance,absolute,0.38512787612071814
rms_db,loudness,20260922,4,0.25,valence,relative,-0.0026641070875664686
rms_db,loudness,20260922,4,0.25,arousal,relative,0.6340105458126266
rms_db,loudness,20260922,4,0.25,dominance,relative,0.4996209760674248
rms_db,all,20260922,4,0.5,valence,absolute,0.00476217375829973
rms_db,all,20260922,4,0.5,arousal,absolute,0.5592547248930537
rms_db,all,20260922,4,0.5,dominance,absolute,0.3900428338214421
rms_db,all,20260922,4,0.5,valence,relative,0.0017887859705575204
rms_db,all,20260922,4,0.5,arousal,relative,0.6520436806779962
rms_db,all,20260922,4,0.5,dominance,relative,0.495516833930291
rms_db,loudness,20260922,4,0.5,valence,absolute,-0.0035509148046488116
rms_db,loudness,20260922,4,0.5,arousal,absolute,0.5196966634188291
rms_db,loudness,20260922,4,0.5,dominance,absolute,0.3441641735387405
rms_db,loudness,20260922,4,0.5,valence,relative,-0.002609394819562683
rms_db,loudness,20260922,4,0.5,arousal,relative,0.6320719920736475
rms_db,loudness,20260922,4,0.5,dominance,relative,0.48832160776049427
rms_db,all,20260922,4,0.75,valence,absolute,0.003924725970568403
rms_db,all,20260922,4,0.75,arousal,absolute,0.5534687398825326
rms_db,all,20260922,4,0.75,dominance,absolute,0.3523038718047382
rms_db,all,20260922,4,0.75,valence,relative,0.00188452253640735
rms_db,all,20260922,4,0.75,arousal,relative,0.6493966153441125
rms_db,all,20260922,4,0.75,dominance,relative,0.477539793655353
rms_db,loudness,20260922,4,0.75,valence,absolute,-0.0041697465295396354
rms_db,loudness,20260922,4,0.75,arousal,absolute,0.5094039516783024
rms_db,loudness,20260922,4,0.75,dominance,absolute,0.3000878704097342
rms_db,loudness,20260922,4,0.75,valence,relative,-0.002554326138204555
rms_db,loudness,20260922,4,0.75,arousal,relative,0.629224008121912
rms_db,loudness,20260922,4,0.75,dominance,relative,0.4704643348588083
rms_db,all,20260922,4,1.0,valence,absolute,0.003123392836139496
rms_db,all,20260922,4,1.0,arousal,absolute,0.5468888529204563
rms_db,all,20260922,4,1.0,dominance,absolute,0.311863604263168
rms_db,all,20260922,4,1.0,valence,relative,0.0019794832396499806
rms_db,all,20260922,4,1.0,arousal,relative,0.645835129556755
rms_db,all,20260922,4,1.0,dominance,relative,0.4544127048524617
rms_db,loudness,20260922,4,1.0,valence,absolute,-0.004756263157437634
rms_db,loudness,20260922,4,1.0,arousal,absolute,0.49836658763016356
rms_db,loudness,20260922,4,1.0,dominance,absolute,0.25513967361114315
rms_db,loudness,20260922,4,1.0,valence,relative,-0.002498875337910635
rms_db,loudness,20260922,4,1.0,arousal,relative,0.6254370759565019
rms_db,loudness,20260922,4,1.0,dominance,relative,0.44749547185824645
