seed,fold,speaker_id,nearest
20260920,0,1011,391
20260920,0,1015,607
20260920,0,1033,2908
20260920,0,108,653
20260920,0,1084,3670
20260920,0,1093,860
20260920,0,1107,3638
20260920,0,1116,3596
20260920,0,1117,498
20260920,0,1121,134
20260920,0,1127,3219
20260920,0,1135,793
20260920,0,1136,3017
20260920,0,1139,1550
20260920,0,1141,1831
20260920,0,1144,1134
20260920,0,1149,1147
20260920,0,1150,1146
20260920,0,1168,743
20260920,0,117,562
20260920,0,1170,2965
20260920,0,1171,1942
20260920,0,1172,688
20260920,0,1174,513
20260920,0,1178,2308
20260920,0,118,505
20260920,0,1182,1542
20260920,0,1186,1381
20260920,0,1187,1449
20260920,0,119,469
20260920,0,1191,376
20260920,0,1193,1192
20260920,0,1196,2983
20260920,0,1197,854
20260920,0,1210,1161
20260920,0,1221,783
20260920,0,1232,3376
20260920,0,1235,143
20260920,0,1242,1713
20260920,0,1247,906
20260920,0,1248,439
20260920,0,1251,920
20260920,0,127,1115
20260920,0,128,1865
20260920,0,129,2809
20260920,0,1304,1164
20260920,0,1311,3728
20260920,0,1312,764
20260920,0,1317,1226
20260920,0,132,1209
20260920,0,1330,287
20260920,0,1331,1410
20260920,0,1333,1337
20260920,0,1336,3219
20260920,0,1338,134
20260920,0,1341,985
20260920,0,1345,1433
20260920,0,1353,605
20260920,0,1355,122
20260920,0,1379,78
20260920,0,1380,1129
20260920,0,1386,2298
20260920,0,1393,1436
20260920,0,1394,1787
20260920,0,1395,1436
20260920,0,140,696
20260920,0,1402,1465
20260920,0,1406,1142
20260920,0,1411,731
20260920,0,1421,522
20260920,0,1424,1836
20260920,0,1425,1233
20260920,0,1437,148
20260920,0,1444,286
20260920,0,1445,2561
20260920,0,1446,342
20260920,0,145,742
20260920,0,1453,3430
20260920,0,1455,3492
20260920,0,1473,624
20260920,0,1501,3028
20260920,0,1519,933
20260920,0,1530,2288
20260920,0,1533,669
20260920,0,1536,620
20260920,0,1546,1654
20260920,0,1548,272
20260920,0,1558,2165
20260920,0,1564,1561
20260920,0,1566,1372
20260920,0,1573,1603
20260920,0,1578,1329
20260920,0,1579,1577
20260920,0,1583,891
20260920,0,1589,904
20260920,0,1592,1162
20260920,0,1598,160
20260920,0,1606,2961
20260920,0,1608,864
20260920,0,1613,1612
20260920,0,1615,1026
20260920,0,1635,1636
20260920,0,1650,958
20260920,0,1662,3599
20260920,0,1664,2700
20260920,0,1668,3224
20260920,0,167,505
20260920,0,1673,3224
20260920,0,1678,45
20260920,0,1692,2861
20260920,0,1698,1768
20260920,0,17,527
20260920,0,1700,1244
20260920,0,1705,3656
20260920,0,1706,1591
20260920,0,1711,62
20260920,0,1775,289
20260920,0,1778,1779
20260920,0,1788,322
20260920,0,1794,58
20260920,0,1798,3637
20260920,0,1821,2955
20260920,0,1844,2102
20260920,0,1862,1697
20260920,0,1870,48
20260920,0,1878,743
20260920,0,1884,34
20260920,0,1902,790
20260920,0,1905,1770
20260920,0,1907,2032
20260920,0,1915,1843
20260920,0,1927,1113
20260920,0,1961,2053
20260920,0,1975,761
20260920,0,1980,1520
20260920,0,1981,20
20260920,0,1982,1836
20260920,0,2,2955
20260920,0,2012,1882
20260920,0,2027,2203
20260920,0,2030,1643
20260920,0,2031,2093
20260920,0,2055,952
20260920,0,2062,876
20260920,0,2081,2112
20260920,0,2084,3583
20260920,0,2088,3029
20260920,0,2097,2850
20260920,0,2099,2065
20260920,0,2100,1249
20260920,0,2115,800
20260920,0,2117,876
20260920,0,2126,2699
20260920,0,2128,2518
20260920,0,2133,363
20260920,0,2144,2682
20260920,0,215,80
20260920,0,2157,2518
20260920,0,2161,1113
20260920,0,2175,857
20260920,0,2181,1857
20260920,0,2182,1229
20260920,0,2198,2787
20260920,0,22,1405
20260920,0,2200,610
20260920,0,2205,1112
20260920,0,2218,2118
20260920,0,2229,2201
20260920,0,2255,2256
20260920,0,2257,3218
20260920,0,2261,3018
20260920,0,2267,661
20260920,0,227,1208
20260920,0,228,2123
20260920,0,2289,1959
20260920,0,229,2132
20260920,0,230,1556
20260920,0,231,1792
20260920,0,2349,2086
20260920,0,236,1641
20260920,0,2363,3917
20260920,0,2367,759
20260920,0,2375,1864
20260920,0,2389,1299
20260920,0,2391,2611
20260920,0,2397,995
20260920,0,2403,1458
20260920,0,2412,1526
20260920,0,2430,1328
20260920,0,2436,154
20260920,0,2438,2447
20260920,0,244,2441
20260920,0,2456,840
20260920,0,2464,1914
20260920,0,2490,1959
20260920,0,2496,1429
20260920,0,2520,2765
20260920,0,2523,1167
20260920,0,2539,1457
20260920,0,2550,1138
20260920,0,2554,3614
20260920,0,2557,3376
20260920,0,2592,144
20260920,0,2599,1963
20260920,0,2609,2119
20260920,0,263,2050
20260920,0,266,2989
20260920,0,2660,1526
20260920,0,2671,26
20260920,0,2716,2075
20260920,0,273,206
20260920,0,2742,2862
20260920,0,2746,1257
20260920,0,279,3856
20260920,0,2826,3193
20260920,0,2852,116
20260920,0,2864,1294
20260920,0,2866,1316
20260920,0,2875,731
20260920,0,2889,260
20260920,0,2929,2928
20260920,0,2931,2923
20260920,0,2935,2949
20260920,0,294,293
20260920,0,2944,1299
20260920,0,2951,410
20260920,0,2959,2197
20260920,0,2979,1014
20260920,0,298,2462
20260920,0,2987,1614
20260920,0,2988,457
20260920,0,2992,2794
20260920,0,3,3606
20260920,0,3003,3314
20260920,0,3009,4054
20260920,0,302,1836
20260920,0,3022,365
20260920,0,304,124
20260920,0,3042,121
20260920,0,309,1092
20260920,0,311,1241
20260920,0,3127,2656
20260920,0,314,934
20260920,0,318,771
20260920,0,3191,3249
20260920,0,3196,942
20260920,0,3197,164
20260920,0,3207,475
20260920,0,3214,2193
20260920,0,3220,1552
20260920,0,3225,1122
20260920,0,3228,921
20260920,0,3231,2966
20260920,0,3238,942
20260920,0,3245,3399
20260920,0,3253,1651
20260920,0,3258,2909
20260920,0,3283,346
20260920,0,3290,1087
20260920,0,3302,2996
20260920,0,3310,2264
20260920,0,3315,3044
20260920,0,334,351
20260920,0,3343,1137
20260920,0,3344,1467
20260920,0,337,15
20260920,0,3381,1456
20260920,0,3432,13
20260920,0,3438,1374
20260920,0,3440,951
20260920,0,35,1323
20260920,0,3513,1000
20260920,0,3586,1459
20260920,0,3589,3459
20260920,0,3594,3607
20260920,0,3597,2287
20260920,0,3605,1110
20260920,0,3613,1597
20260920,0,3621,1691
20260920,0,3634,1382
20260920,0,3635,3854
20260920,0,3636,68
20260920,0,3640,1585
20260920,0,3642,1561
20260920,0,3647,1430
20260920,0,366,973
20260920,0,3666,620
20260920,0,3668,1208
20260920,0,3675,3670
20260920,0,3686,2921
20260920,0,371,2499
20260920,0,3715,2278
20260920,0,3735,69
20260920,0,374,1189
20260920,0,382,350
20260920,0,3831,2561
20260920,0,384,1416
20260920,0,3847,1642
20260920,0,3853,3215
20260920,0,3871,2724
20260920,0,39,464
20260920,0,3916,653
20260920,0,399,171
20260920,0,40,497
20260920,0,400,3379
20260920,0,403,95
20260920,0,4053,911
20260920,0,417,3017
20260920,0,43,13
20260920,0,430,237
20260920,0,436,504
20260920,0,449,488
20260920,0,451,2272
20260920,0,482,3017
20260920,0,483,527
20260920,0,484,2125
20260920,0,490,3024
20260920,0,496,2060
20260920,0,499,1585
20260920,0,515,1200
20260920,0,531,520
20260920,0,55,1241
20260920,0,591,1667
20260920,0,60,1140
20260920,0,611,1914
20260920,0,614,1397
20260920,0,619,2597
20260920,0,64,62
20260920,0,640,349
20260920,0,663,1839
20260920,0,67,66
20260920,0,670,3728
20260920,0,680,3445
20260920,0,697,1523
20260920,0,71,7
20260920,0,718,2585
20260920,0,733,1236
20260920,0,736,109
20260920,0,74,527
20260920,0,746,804
20260920,0,76,133
20260920,0,769,2585
20260920,0,788,12
20260920,0,794,2701
20260920,0,798,3195
20260920,0,8,3612
20260920,0,803,1591
20260920,0,810,1375
20260920,0,816,1133
20260920,0,846,1103
20260920,0,85,765
20260920,0,853,3585
20260920,0,856,840
20260920,0,862,3600
20260920,0,867,2555
20260920,0,868,234
20260920,0,881,948
20260920,0,882,1539
20260920,0,883,865
20260920,0,885,3384
20260920,0,892,3337
20260920,0,894,897
20260920,0,896,438
20260920,0,900,940
20260920,0,91,1039
20260920,0,914,950
20260920,0,928,3200
20260920,0,936,1591
20260920,0,941,910
20260920,0,955,1464
20260920,0,956,3600
20260920,0,957,160
20260920,0,959,991
20260920,0,961,1155
20260920,0,962,2142
20260920,0,963,1599
20260920,0,968,876
20260920,0,972,1600
20260920,0,978,1523
20260920,0,979,471
20260920,0,980,1994
20260920,0,99,2593
20260920,0,992,1254
20260920,1,1007,1093
20260920,1,1026,1615
20260920,1,105,116
20260920,1,1059,2436
20260920,1,106,3359
20260920,1,107,2200
20260920,1,1094,777
20260920,1,1103,846
20260920,1,1110,1331
20260920,1,1111,1219
20260920,1,1114,2064
20260920,1,1118,1166
20260920,1,1119,69
20260920,1,1122,3225
20260920,1,1126,915
20260920,1,1128,2180
20260920,1,1129,1380
20260920,1,1130,1222
20260920,1,1138,1113
20260920,1,1145,1147
20260920,1,1146,1106
20260920,1,1173,3583
20260920,1,1179,771
20260920,1,1180,42
20260920,1,1185,1183
20260920,1,1192,1193
20260920,1,1209,132
20260920,1,121,3042
20260920,1,1214,3854
20260920,1,1215,799
20260920,1,1245,154
20260920,1,1254,992
20260920,1,1255,2820
20260920,1,1259,2931
20260920,1,1263,1239
20260920,1,1264,1091
20260920,1,1268,2217
20260920,1,1269,3861
20260920,1,1277,1455
20260920,1,1289,696
20260920,1,1294,2864
20260920,1,1295,399
20260920,1,1297,457
20260920,1,130,624
20260920,1,1313,3654
20260920,1,1320,1140
20260920,1,1323,35
20260920,1,1324,640
20260920,1,1327,1561
20260920,1,1332,2825
20260920,1,1343,1969
20260920,1,135,2217
20260920,1,136,2273
20260920,1,1360,169
20260920,1,1375,810
20260920,1,1376,1131
20260920,1,1381,1186
20260920,1,1383,2495
20260920,1,1390,1429
20260920,1,1403,1394
20260920,1,143,1235
20260920,1,1433,1345
20260920,1,1448,771
20260920,1,1456,3381
20260920,1,1458,2403
20260920,1,1459,3586
20260920,1,1468,3264
20260920,1,149,3333
20260920,1,1503,3588
20260920,1,151,2435
20260920,1,1514,1236
20260920,1,1515,3226
20260920,1,1516,2196
20260920,1,152,2398
20260920,1,1520,1676
20260920,1,1522,929
20260920,1,1539,2787
20260920,1,155,2119
20260920,1,1550,1139
20260920,1,1551,1139
20260920,1,1553,1107
20260920,1,1555,3652
20260920,1,1557,3
20260920,1,1568,3631
20260920,1,1569,968
20260920,1,1570,1460
20260920,1,1571,1580
20260920,1,1572,2909
20260920,1,1585,3640
20260920,1,1590,848
20260920,1,1599,963
20260920,1,160,54
20260920,1,1602,313
20260920,1,1603,313
20260920,1,1607,216
20260920,1,1612,1613
20260920,1,1614,2987
20260920,1,163,2968
20260920,1,1644,2820
20260920,1,165,3373
20260920,1,1652,234
20260920,1,1653,1401
20260920,1,1654,1787
20260920,1,1658,3919
20260920,1,1677,780
20260920,1,1682,1544
20260920,1,1693,1657
20260920,1,1717,3222
20260920,1,1718,1329
20260920,1,175,1508
20260920,1,177,3638
20260920,1,1781,158
20260920,1,1836,302
20260920,1,1839,1559
20260920,1,1860,2265
20260920,1,1871,1884
20260920,1,1874,2490
20260920,1,1877,2092
20260920,1,1883,374
20260920,1,1891,2309
20260920,1,190,2655
20260920,1,1906,1950
20260920,1,1913,93
20260920,1,1922,1992
20260920,1,1923,2177
20260920,1,1926,1357
20260920,1,1933,3796
20260920,1,1934,270
20260920,1,1936,639
20260920,1,1943,3455
20260920,1,1945,1948
20260920,1,1949,2087
20260920,1,1959,2490
20260920,1,1968,2309
20260920,1,1971,2101
20260920,1,199,438
20260920,1,1991,39
20260920,1,1994,2859
20260920,1,2028,1984
20260920,1,2037,208
20260920,1,2041,1093
20260920,1,2048,2213
20260920,1,2049,3714
20260920,1,2057,2499
20260920,1,206,273
20260920,1,2068,3719
20260920,1,207,1091
20260920,1,2070,1577
20260920,1,2078,58
20260920,1,2079,2419
20260920,1,2086,1831
20260920,1,2096,2919
20260920,1,2106,587
20260920,1,211,254
20260920,1,2110,3335
20260920,1,2112,2081
20260920,1,2116,2862
20260920,1,212,3649
20260920,1,2121,2202
20260920,1,2131,1142
20260920,1,2146,139
20260920,1,2164,880
20260920,1,2165,1558
20260920,1,2167,2042
20260920,1,2173,3025
20260920,1,219,2496
20260920,1,2223,2042
20260920,1,2226,2367
20260920,1,2260,58
20260920,1,2262,19
20260920,1,2287,3597
20260920,1,2311,2141
20260920,1,2313,129
20260920,1,2332,1142
20260920,1,2338,1633
20260920,1,2353,742
20260920,1,2355,1864
20260920,1,2358,2302
20260920,1,2362,3189
20260920,1,238,1359
20260920,1,239,3005
20260920,1,2394,988
20260920,1,240,984
20260920,1,242,881
20260920,1,2421,384
20260920,1,2441,244
20260920,1,2447,2072
20260920,1,245,3853
20260920,1,246,680
20260920,1,2461,16
20260920,1,247,3211
20260920,1,249,15
20260920,1,25,1042
20260920,1,2559,2765
20260920,1,2579,2557
20260920,1,2580,2824
20260920,1,2585,718
20260920,1,2587,492
20260920,1,2593,99
20260920,1,2598,2721
20260920,1,2646,2326
20260920,1,2661,3866
20260920,1,2668,2025
20260920,1,267,494
20260920,1,2682,2144
20260920,1,2701,1241
20260920,1,2719,3030
20260920,1,272,1466
20260920,1,2724,2119
20260920,1,277,1174
20260920,1,2779,2643
20260920,1,2780,3041
20260920,1,2784,1009
20260920,1,2794,2943
20260920,1,28,959
20260920,1,2827,1218
20260920,1,2833,1143
20260920,1,2846,2847
20260920,1,2849,2644
20260920,1,2863,1096
20260920,1,2865,1398
20260920,1,287,1330
20260920,1,2908,1033
20260920,1,291,1156
20260920,1,2911,3254
20260920,1,2914,2067
20260920,1,2917,253
20260920,1,2918,3310
20260920,1,2930,3676
20260920,1,2939,217
20260920,1,2948,2922
20260920,1,2953,112
20260920,1,2955,2
20260920,1,2964,3042
20260920,1,2983,1944
20260920,1,300,932
20260920,1,3004,2053
20260920,1,3006,214
20260920,1,3011,3254
20260920,1,3012,537
20260920,1,3017,482
20260920,1,3018,505
20260920,1,3024,490
20260920,1,3026,858
20260920,1,3034,3441
20260920,1,31,1228
20260920,1,3160,1241
20260920,1,3190,3853
20260920,1,3195,481
20260920,1,3200,928
20260920,1,3210,3847
20260920,1,322,1792
20260920,1,3229,2298
20260920,1,3250,3194
20260920,1,3257,100
20260920,1,3259,3264
20260920,1,3262,3249
20260920,1,3273,2611
20260920,1,3274,14
20260920,1,3279,1893
20260920,1,3284,1409
20260920,1,33,2494
20260920,1,3300,3264
20260920,1,3304,2601
20260920,1,3323,1356
20260920,1,3325,26
20260920,1,3326,95
20260920,1,3337,892
20260920,1,3349,1303
20260920,1,3351,253
20260920,1,3352,3032
20260920,1,3356,921
20260920,1,3360,184
20260920,1,3361,2824
20260920,1,3378,962
20260920,1,3386,1131
20260920,1,339,829
20260920,1,3430,1244
20260920,1,3431,2720
20260920,1,3446,1152
20260920,1,345,18
20260920,1,348,499
20260920,1,3492,1455
20260920,1,350,382
20260920,1,351,334
20260920,1,352,3066
20260920,1,353,308
20260920,1,3576,2996
20260920,1,3584,3601
20260920,1,3585,802
20260920,1,3591,1131
20260920,1,3596,3668
20260920,1,3598,3679
20260920,1,36,2118
20260920,1,3602,2920
20260920,1,3610,3227
20260920,1,3624,1256
20260920,1,3625,916
20260920,1,3633,608
20260920,1,3637,480
20260920,1,3639,1429
20260920,1,3669,928
20260920,1,367,133
20260920,1,368,2558
20260920,1,3713,3667
20260920,1,372,861
20260920,1,373,1408
20260920,1,3731,3601
20260920,1,3734,9
20260920,1,376,3612
20260920,1,3804,1401
20260920,1,3856,279
20260920,1,3862,988
20260920,1,3892,2894
20260920,1,3917,2363
20260920,1,4056,1270
20260920,1,4057,475
20260920,1,415,1983
20260920,1,418,1969
20260920,1,419,2160
20260920,1,450,2931
20260920,1,464,39
20260920,1,468,1776
20260920,1,469,119
20260920,1,472,1480
20260920,1,49,522
20260920,1,5,4
20260920,1,51,749
20260920,1,521,1345
20260920,1,553,16
20260920,1,56,55
20260920,1,57,275
20260920,1,589,1238
20260920,1,59,679
20260920,1,590,627
20260920,1,600,1694
20260920,1,605,1465
20260920,1,607,1015
20260920,1,623,2232
20260920,1,63,890
20260920,1,638,2229
20260920,1,656,2915
20260920,1,669,1533
20260920,1,68,2611
20260920,1,685,3023
20260920,1,686,2292
20260920,1,716,3303
20260920,1,731,1411
20260920,1,753,1511
20260920,1,761,309
20260920,1,766,1435
20260920,1,83,48
20260920,1,845,552
20260920,1,849,3204
20260920,1,854,541
20260920,1,857,2175
20260920,1,873,1464
20260920,1,875,142
20260920,1,877,1465
20260920,1,884,886
20260920,1,898,1339
20260920,1,901,1095
20260920,1,917,918
20260920,1,924,2915
20260920,1,926,984
20260920,1,931,806
20260920,1,935,1292
20260920,1,938,39
20260920,1,94,95
20260920,1,944,1776
20260920,1,947,147
20260920,1,948,881
20260920,1,949,942
20260920,1,950,3735
20260920,1,958,951
20260920,1,96,2671
20260920,1,971,1600
20260920,1,973,481
20260920,1,976,518
20260920,1,981,308
20260920,1,986,158
20260920,1,995,1062
20260920,1,997,3857
20260920,2,1,3445
20260920,2,10,3349
20260920,2,100,3257
20260920,2,1003,2067
20260920,2,101,750
20260920,2,1016,3675
20260920,2,1042,2338
20260920,2,1080,342
20260920,2,1082,2565
20260920,2,109,83
20260920,2,1106,19
20260920,2,1109,3190
20260920,2,1112,2205
20260920,2,1120,1291
20260920,2,1124,3017
20260920,2,1140,1660
20260920,2,1147,1149
20260920,2,1152,1508
20260920,2,1158,1157
20260920,2,1159,2593
20260920,2,116,2852
20260920,2,1164,2813
20260920,2,1166,606
20260920,2,1169,3214
20260920,2,1176,2557
20260920,2,1177,1566
20260920,2,1183,1185
20260920,2,1190,1192
20260920,2,1208,1521
20260920,2,1219,1111
20260920,2,1228,31
20260920,2,1229,2182
20260920,2,123,1424
20260920,2,1233,1425
20260920,2,1246,1807
20260920,2,1249,1467
20260920,2,1250,29
20260920,2,1253,2414
20260920,2,1257,2746
20260920,2,1290,3668
20260920,2,1296,2786
20260920,2,1302,2375
20260920,2,1319,1660
20260920,2,1325,223
20260920,2,1329,1578
20260920,2,1335,129
20260920,2,1373,2063
20260920,2,1385,224
20260920,2,1398,610
20260920,2,1399,1154
20260920,2,14,148
20260920,2,1401,3804
20260920,2,1404,1328
20260920,2,1408,373
20260920,2,1420,2557
20260920,2,1434,3582
20260920,2,1436,1185
20260920,2,1438,1715
20260920,2,144,1948
20260920,2,1451,3231
20260920,2,1472,3284
20260920,2,1474,1018
20260920,2,1505,1599
20260920,2,1507,1234
20260920,2,1510,1316
20260920,2,1523,978
20260920,2,1535,1947
20260920,2,1538,1787
20260920,2,1542,1182
20260920,2,1543,1223
20260920,2,1552,3220
20260920,2,156,1342
20260920,2,1565,561
20260920,2,1575,3234
20260920,2,1588,1587
20260920,2,1593,1468
20260920,2,1597,3613
20260920,2,16,2461
20260920,2,1601,3603
20260920,2,1609,1409
20260920,2,162,2662
20260920,2,1633,2338
20260920,2,1637,1128
20260920,2,1640,1935
20260920,2,1642,3225
20260920,2,1655,1008
20260920,2,1667,2273
20260920,2,1669,1778
20260920,2,1676,2172
20260920,2,1694,3747
20260920,2,1696,394
20260920,2,1701,3582
20260920,2,1704,929
20260920,2,171,3355
20260920,2,174,118
20260920,2,1768,1698
20260920,2,1774,1167
20260920,2,1776,944
20260920,2,1783,2828
20260920,2,1789,626
20260920,2,1792,1299
20260920,2,1829,605
20260920,2,1832,1660
20260920,2,1833,3066
20260920,2,184,3005
20260920,2,1868,2143
20260920,2,1925,2398
20260920,2,1940,2656
20260920,2,1960,211
20260920,2,1962,2470
20260920,2,1963,1167
20260920,2,1984,2028
20260920,2,1985,2322
20260920,2,1986,3606
20260920,2,1987,3662
20260920,2,1989,1180
20260920,2,1997,3066
20260920,2,2013,2121
20260920,2,2017,1816
20260920,2,2025,2059
20260920,2,2033,985
20260920,2,2034,753
20260920,2,2036,2163
20260920,2,2042,2167
20260920,2,2047,2222
20260920,2,2051,1245
20260920,2,2053,3004
20260920,2,2060,1924
20260920,2,2064,1114
20260920,2,2066,2233
20260920,2,2072,2447
20260920,2,2080,8
20260920,2,2089,2963
20260920,2,210,1038
20260920,2,2101,1971
20260920,2,2104,1767
20260920,2,2114,1919
20260920,2,2125,2016
20260920,2,2129,2989
20260920,2,2132,2020
20260920,2,214,3006
20260920,2,2142,2059
20260920,2,2150,880
20260920,2,2158,1013
20260920,2,2160,419
20260920,2,2162,2099
20260920,2,2169,856
20260920,2,217,2939
20260920,2,2170,2099
20260920,2,2176,2206
20260920,2,2184,970
20260920,2,2193,561
20260920,2,2199,1844
20260920,2,2202,2121
20260920,2,2213,2048
20260920,2,2216,517
20260920,2,2217,135
20260920,2,2224,115
20260920,2,2227,1572
20260920,2,2232,623
20260920,2,2236,1586
20260920,2,2264,3311
20260920,2,2265,1860
20260920,2,2274,1665
20260920,2,2288,1530
20260920,2,2302,2358
20260920,2,2308,1178
20260920,2,2309,1891
20260920,2,2319,989
20260920,2,2326,2646
20260920,2,233,1209
20260920,2,2341,19
20260920,2,2392,342
20260920,2,24,2928
20260920,2,2419,2061
20260920,2,243,98
20260920,2,2435,151
20260920,2,2460,1365
20260920,2,2462,2646
20260920,2,2517,2850
20260920,2,2537,1332
20260920,2,254,211
20260920,2,2551,1189
20260920,2,2555,867
20260920,2,2561,1445
20260920,2,2572,1769
20260920,2,2574,1326
20260920,2,2589,1775
20260920,2,2591,2488
20260920,2,2597,619
20260920,2,260,2889
20260920,2,2601,1273
20260920,2,2644,1009
20260920,2,265,1586
20260920,2,2655,3189
20260920,2,268,950
20260920,2,2681,769
20260920,2,2683,1645
20260920,2,2687,2450
20260920,2,2699,2126
20260920,2,271,301
20260920,2,2718,3333
20260920,2,2750,1596
20260920,2,276,345
20260920,2,2773,989
20260920,2,278,1801
20260920,2,2781,2968
20260920,2,2789,2656
20260920,2,2809,3312
20260920,2,2825,1332
20260920,2,283,2266
20260920,2,2836,1359
20260920,2,284,253
20260920,2,2845,3244
20260920,2,286,1394
20260920,2,2860,154
20260920,2,288,1931
20260920,2,2915,1581
20260920,2,2916,970
20260920,2,2919,2096
20260920,2,2921,3686
20260920,2,2923,2931
20260920,2,2938,891
20260920,2,2942,2992
20260920,2,2965,1170
20260920,2,2966,3231
20260920,2,299,3719
20260920,2,2997,2828
20260920,2,3008,2987
20260920,2,3025,212
20260920,2,3027,778
20260920,2,3028,1566
20260920,2,3032,3352
20260920,2,3037,3250
20260920,2,3039,804
20260920,2,3041,3193
20260920,2,3044,3315
20260920,2,305,2587
20260920,2,3086,1836
20260920,2,313,1603
20260920,2,3131,3233
20260920,2,315,1481
20260920,2,3192,2117
20260920,2,3194,3250
20260920,2,3198,758
20260920,2,3212,764
20260920,2,3215,3853
20260920,2,3222,1717
20260920,2,3223,1265
20260920,2,3224,1668
20260920,2,3226,905
20260920,2,3248,36
20260920,2,3249,2960
20260920,2,326,325
20260920,2,3264,2908
20260920,2,3266,336
20260920,2,3286,680
20260920,2,3288,1289
20260920,2,3303,716
20260920,2,3305,3193
20260920,2,3306,2960
20260920,2,3308,285
20260920,2,3318,1863
20260920,2,3340,2827
20260920,2,3348,793
20260920,2,335,173
20260920,2,3350,293
20260920,2,3353,1122
20260920,2,3358,2989
20260920,2,3373,2141
20260920,2,3383,142
20260920,2,3385,3011
20260920,2,341,3856
20260920,2,3441,3034
20260920,2,3459,3589
20260920,2,3587,1292
20260920,2,3595,1519
20260920,2,3600,2175
20260920,2,3601,3584
20260920,2,3604,3916
20260920,2,3609,2813
20260920,2,363,3586
20260920,2,3632,1788
20260920,2,3643,1422
20260920,2,365,54
20260920,2,3650,3857
20260920,2,3652,1259
20260920,2,3667,3713
20260920,2,3679,906
20260920,2,3724,1530
20260920,2,3728,1311
20260920,2,3766,758
20260920,2,3796,983
20260920,2,3818,3765
20260920,2,383,1615
20260920,2,3854,3635
20260920,2,3861,1087
20260920,2,3864,2471
20260920,2,3866,2661
20260920,2,3875,3220
20260920,2,4,5
20260920,2,4054,3009
20260920,2,4058,105
20260920,2,42,1180
20260920,2,420,1509
20260920,2,428,419
20260920,2,439,777
20260920,2,457,2988
20260920,2,46,3621
20260920,2,465,1794
20260920,2,47,1690
20260920,2,470,540
20260920,2,481,985
20260920,2,497,40
20260920,2,505,118
20260920,2,532,1927
20260920,2,535,1607
20260920,2,536,3676
20260920,2,537,908
20260920,2,556,1308
20260920,2,592,2222
20260920,2,598,32
20260920,2,603,1903
20260920,2,608,3633
20260920,2,609,2087
20260920,2,61,56
20260920,2,62,1711
20260920,2,620,3666
20260920,2,632,1554
20260920,2,634,991
20260920,2,637,337
20260920,2,639,1936
20260920,2,653,1521
20260920,2,662,1117
20260920,2,665,2439
20260920,2,671,1713
20260920,2,679,59
20260920,2,69,1540
20260920,2,696,2221
20260920,2,7,71
20260920,2,70,93
20260920,2,701,764
20260920,2,705,1384
20260920,2,72,40
20260920,2,730,1143
20260920,2,735,2218
20260920,2,742,2377
20260920,2,744,1976
20260920,2,749,51
20260920,2,75,1551
20260920,2,752,1292
20260920,2,754,1579
20260920,2,756,27
20260920,2,760,2200
20260920,2,768,3851
20260920,2,774,3513
20260920,2,780,1677
20260920,2,790,48
20260920,2,795,845
20260920,2,82,310
20260920,2,829,339
20260920,2,84,83
20260920,2,840,2456
20260920,2,850,3343
20260920,2,858,3026
20260920,2,860,1093
20260920,2,870,2950
20260920,2,872,3626
20260920,2,874,899
20260920,2,878,923
20260920,2,879,991
20260920,2,88,2988
20260920,2,910,358
20260920,2,915,1126
20260920,2,916,94
20260920,2,920,1251
20260920,2,934,314
20260920,2,943,883
20260920,2,945,1596
20260920,2,95,94
20260920,2,97,352
20260920,2,982,1584
20260920,2,988,2394
20260920,3,1000,3513
20260920,3,1008,1145
20260920,3,102,3592
20260920,3,1038,883
20260920,3,1051,1240
20260920,3,1081,860
20260920,3,1087,3290
20260920,3,1091,1264
20260920,3,11,3208
20260920,3,1105,2193
20260920,3,111,2216
20260920,3,1113,1927
20260920,3,1115,132
20260920,3,1125,2028
20260920,3,1131,1376
20260920,3,1132,1185
20260920,3,1133,816
20260920,3,1142,2131
20260920,3,1143,730
20260920,3,1148,2262
20260920,3,115,2224
20260920,3,1151,1106
20260920,3,1157,2265
20260920,3,1161,1210
20260920,3,1162,1592
20260920,3,1188,2082
20260920,3,1189,2551
20260920,3,1195,492
20260920,3,1198,131
20260920,3,1211,1342
20260920,3,1213,3306
20260920,3,1217,3214
20260920,3,1218,1526
20260920,3,1220,32
20260920,3,1225,1240
20260920,3,1226,1875
20260920,3,1230,1134
20260920,3,1234,325
20260920,3,1238,589
20260920,3,124,1969
20260920,3,1241,122
20260920,3,1243,2832
20260920,3,1256,285
20260920,3,1261,976
20260920,3,1272,1353
20260920,3,1273,2438
20260920,3,1286,1789
20260920,3,1287,918
20260920,3,1303,1089
20260920,3,1316,2866
20260920,3,133,76
20260920,3,1334,418
20260920,3,1337,1333
20260920,3,1339,898
20260920,3,134,1121
20260920,3,1340,3208
20260920,3,1357,1926
20260920,3,137,1864
20260920,3,1374,3438
20260920,3,138,160
20260920,3,1384,705
20260920,3,1389,1775
20260920,3,139,2146
20260920,3,1391,1186
20260920,3,1397,181
20260920,3,1409,2163
20260920,3,1410,1331
20260920,3,142,3383
20260920,3,1422,1332
20260920,3,1428,482
20260920,3,1432,1231
20260920,3,1435,766
20260920,3,1449,1185
20260920,3,1450,3686
20260920,3,1457,2539
20260920,3,146,2495
20260920,3,1460,1570
20260920,3,1464,955
20260920,3,1467,1249
20260920,3,1469,986
20260920,3,1475,2930
20260920,3,1476,3341
20260920,3,1478,2255
20260920,3,1479,955
20260920,3,1480,472
20260920,3,15,249
20260920,3,1509,84
20260920,3,1517,963
20260920,3,1521,653
20260920,3,1540,69
20260920,3,1544,42
20260920,3,1545,1089
20260920,3,1556,230
20260920,3,1559,1839
20260920,3,1560,1775
20260920,3,1561,1564
20260920,3,1562,1444
20260920,3,1563,3854
20260920,3,157,2537
20260920,3,1577,1579
20260920,3,1582,1259
20260920,3,1586,2236
20260920,3,1587,2597
20260920,3,159,3290
20260920,3,1594,479
20260920,3,1595,1452
20260920,3,1641,236
20260920,3,1648,1649
20260920,3,1657,136
20260920,3,1660,1140
20260920,3,1665,1341
20260920,3,1670,1154
20260920,3,169,352
20260920,3,1695,1662
20260920,3,1699,1924
20260920,3,170,105
20260920,3,1703,3117
20260920,3,1713,1242
20260920,3,1715,1438
20260920,3,1716,449
20260920,3,173,1255
20260920,3,1765,1240
20260920,3,1767,2104
20260920,3,1770,1905
20260920,3,1772,520
20260920,3,1773,1530
20260920,3,1790,2794
20260920,3,18,307
20260920,3,1801,1082
20260920,3,1802,3199
20260920,3,1803,1355
20260920,3,1807,182
20260920,3,1809,2236
20260920,3,1812,2721
20260920,3,1816,2517
20260920,3,183,984
20260920,3,1830,35
20260920,3,1831,1141
20260920,3,1841,391
20260920,3,1843,1915
20260920,3,1857,619
20260920,3,1863,3318
20260920,3,1893,3279
20260920,3,19,1106
20260920,3,1918,1408
20260920,3,1929,375
20260920,3,1931,288
20260920,3,1935,1640
20260920,3,1942,1171
20260920,3,1944,2983
20260920,3,1947,93
20260920,3,1948,144
20260920,3,1950,1906
20260920,3,1992,1922
20260920,3,20,1981
20260920,3,2010,1095
20260920,3,2011,757
20260920,3,2016,249
20260920,3,2020,2132
20260920,3,2032,1907
20260920,3,2050,263
20260920,3,2054,492
20260920,3,2058,487
20260920,3,2067,1003
20260920,3,2073,497
20260920,3,2074,2025
20260920,3,2087,1458
20260920,3,2102,2716
20260920,3,2108,208
20260920,3,2109,2361
20260920,3,2118,2218
20260920,3,2119,155
20260920,3,2120,1705
20260920,3,2123,228
20260920,3,2135,1046
20260920,3,2137,1210
20260920,3,2139,1881
20260920,3,2143,1868
20260920,3,2155,290
20260920,3,2159,1317
20260920,3,216,483
20260920,3,2172,1676
20260920,3,218,1319
20260920,3,2196,3128
20260920,3,2197,2169
20260920,3,2203,2027
20260920,3,2206,2176
20260920,3,2209,3594
20260920,3,2221,696
20260920,3,2233,2066
20260920,3,224,2061
20260920,3,2256,2255
20260920,3,2258,56
20260920,3,226,1819
20260920,3,2263,1124
20260920,3,2266,283
20260920,3,2273,136
20260920,3,2278,1983
20260920,3,2282,208
20260920,3,2290,2944
20260920,3,2292,339
20260920,3,2297,1331
20260920,3,2298,1386
20260920,3,23,959
20260920,3,2322,1677
20260920,3,235,856
20260920,3,237,430
20260920,3,2377,742
20260920,3,2379,1138
20260920,3,2411,2467
20260920,3,2439,665
20260920,3,2450,2687
20260920,3,2465,353
20260920,3,2470,1088
20260920,3,248,492
20260920,3,2484,1870
20260920,3,2488,2591
20260920,3,2494,33
20260920,3,251,123
20260920,3,2518,241
20260920,3,253,2917
20260920,3,2558,368
20260920,3,2565,158
20260920,3,2577,1452
20260920,3,2586,144
20260920,3,2590,2082
20260920,3,2606,2061
20260920,3,2611,3273
20260920,3,2643,165
20260920,3,2656,2789
20260920,3,269,2218
20260920,3,2700,1664
20260920,3,2702,2075
20260920,3,2747,1289
20260920,3,2765,2520
20260920,3,2786,1296
20260920,3,2787,948
20260920,3,2808,1252
20260920,3,2822,2742
20260920,3,2823,3027
20260920,3,2847,2846
20260920,3,2848,2217
20260920,3,2855,2169
20260920,3,2894,3892
20260920,3,29,3033
20260920,3,292,1150
20260920,3,2922,2948
20260920,3,293,3350
20260920,3,2943,2794
20260920,3,2945,2928
20260920,3,2949,2939
20260920,3,2952,54
20260920,3,2960,3249
20260920,3,2962,1407
20260920,3,2967,3131
20260920,3,2989,3358
20260920,3,30,1323
20260920,3,3005,239
20260920,3,301,74
20260920,3,3029,2088
20260920,3,303,90
20260920,3,3030,2719
20260920,3,3035,2789
20260920,3,3038,3007
20260920,3,3043,2781
20260920,3,308,981
20260920,3,310,82
20260920,3,3103,1466
20260920,3,3189,1799
20260920,3,319,988
20260920,3,3193,3305
20260920,3,3204,849
20260920,3,3211,3638
20260920,3,3218,2257
20260920,3,3221,3602
20260920,3,3233,3131
20260920,3,3234,1575
20260920,3,3239,3041
20260920,3,3244,2362
20260920,3,3254,3011
20260920,3,3312,1651
20260920,3,3317,2668
20260920,3,3335,2110
20260920,3,3336,1667
20260920,3,3338,2436
20260920,3,3359,106
20260920,3,3368,14
20260920,3,3376,2557
20260920,3,3379,32
20260920,3,3384,885
20260920,3,3391,3007
20260920,3,3399,1690
20260920,3,344,1920
20260920,3,3445,375
20260920,3,3455,1943
20260920,3,349,640
20260920,3,3599,1662
20260920,3,3606,1088
20260920,3,3631,1568
20260920,3,3649,212
20260920,3,3655,3594
20260920,3,3656,1705
20260920,3,3662,1987
20260920,3,3676,2930
20260920,3,3680,1137
20260920,3,3714,1240
20260920,3,3718,761
20260920,3,3729,3264
20260920,3,3764,2846
20260920,3,3851,768
20260920,3,3857,940
20260920,3,3888,1575
20260920,3,3919,1658
20260920,3,394,1696
20260920,3,401,2059
20260920,3,4055,1502
20260920,3,41,1192
20260920,3,410,2951
20260920,3,44,2177
20260920,3,45,275
20260920,3,467,3350
20260920,3,471,2813
20260920,3,48,988
20260920,3,488,449
20260920,3,493,480
20260920,3,494,1046
20260920,3,495,1799
20260920,3,498,1117
20260920,3,501,1789
20260920,3,502,749
20260920,3,510,490
20260920,3,513,1174
20260920,3,517,2216
20260920,3,518,976
20260920,3,527,17
20260920,3,53,1924
20260920,3,541,854
20260920,3,558,90
20260920,3,572,274
20260920,3,587,2106
20260920,3,606,1166
20260920,3,622,1568
20260920,3,624,1473
20260920,3,627,590
20260920,3,65,3266
20260920,3,66,3733
20260920,3,677,83
20260920,3,737,1016
20260920,3,750,1330
20260920,3,758,3198
20260920,3,762,1200
20260920,3,77,1507
20260920,3,773,961
20260920,3,78,1379
20260920,3,783,1221
20260920,3,793,3348
20260920,3,799,1215
20260920,3,80,215
20260920,3,802,3585
20260920,3,804,2264
20260920,3,806,931
20260920,3,811,1144
20260920,3,817,118
20260920,3,861,372
20260920,3,876,968
20260920,3,880,2150
20260920,3,886,884
20260920,3,89,3604
20260920,3,891,1583
20260920,3,9,3383
20260920,3,906,1247
20260920,3,908,537
20260920,3,919,1146
20260920,3,927,868
20260920,3,930,2553
20260920,3,932,300
20260920,3,933,3916
20260920,3,953,96
20260920,3,969,1417
20260920,3,98,243
20260920,3,983,3796
20260920,3,985,481
20260920,3,987,1018
20260920,4,1001,1000
20260920,4,1005,2750
20260920,4,1009,2644
20260920,4,1013,2158
20260920,4,1014,2979
20260920,4,1018,987
20260920,4,1039,590
20260920,4,1046,2135
20260920,4,1062,995
20260920,4,1083,3200
20260920,4,1086,1558
20260920,4,1088,3606
20260920,4,1089,1303
20260920,4,1090,3361
20260920,4,1092,309
20260920,4,1095,901
20260920,4,1096,2863
20260920,4,110,2358
20260920,4,1108,1214
20260920,4,112,2322
20260920,4,1123,3225
20260920,4,1134,1144
20260920,4,1137,1138
20260920,4,1154,1399
20260920,4,1155,961
20260920,4,1156,291
20260920,4,1163,2036
20260920,4,1167,2523
20260920,4,1181,947
20260920,4,1184,1449
20260920,4,12,1514
20260920,4,1200,762
20260920,4,122,1241
20260920,4,1222,1130
20260920,4,1223,1173
20260920,4,1231,2131
20260920,4,1236,1514
20260920,4,1237,947
20260920,4,1239,1263
20260920,4,1240,1456
20260920,4,1244,3430
20260920,4,1252,2808
20260920,4,126,65
20260920,4,1262,1711
20260920,4,1265,1233
20260920,4,1270,4056
20260920,4,1288,3279
20260920,4,1291,1120
20260920,4,1292,3587
20260920,4,1299,2944
20260920,4,13,1836
20260920,4,1308,556
20260920,4,131,1198
20260920,4,1315,2146
20260920,4,1322,531
20260920,4,1326,2574
20260920,4,1328,2430
20260920,4,1342,1211
20260920,4,1346,1565
20260920,4,1348,2064
20260920,4,1354,634
20260920,4,1356,3323
20260920,4,1359,238
20260920,4,1365,2460
20260920,4,1372,1381
20260920,4,1378,753
20260920,4,1382,769
20260920,4,1405,2919
20260920,4,1407,3305
20260920,4,141,2656
20260920,4,1416,384
20260920,4,1417,969
20260920,4,1418,31
20260920,4,1429,2496
20260920,4,1430,471
20260920,4,1431,983
20260920,4,1441,930
20260920,4,1443,1933
20260920,4,1447,1571
20260920,4,1452,1595
20260920,4,1462,1694
20260920,4,1463,1259
20260920,4,1465,605
20260920,4,1466,272
20260920,4,147,1695
20260920,4,148,14
20260920,4,1481,1959
20260920,4,1491,101
20260920,4,150,2945
20260920,4,1502,4055
20260920,4,1506,961
20260920,4,1508,175
20260920,4,1511,753
20260920,4,1518,1303
20260920,4,1524,1168
20260920,4,1526,1218
20260920,4,153,2196
20260920,4,1534,1360
20260920,4,154,2436
20260920,4,1554,2750
20260920,4,1567,669
20260920,4,1576,1783
20260920,4,158,986
20260920,4,1580,1778
20260920,4,1581,2915
20260920,4,1584,982
20260920,4,1591,936
20260920,4,1596,2750
20260920,4,1600,928
20260920,4,161,1673
20260920,4,1610,1038
20260920,4,1636,1635
20260920,4,1639,2938
20260920,4,164,3197
20260920,4,1643,2030
20260920,4,1645,2322
20260920,4,1649,1648
20260920,4,1651,3312
20260920,4,1656,132
20260920,4,1690,3399
20260920,4,1691,206
20260920,4,1697,2101
20260920,4,1712,62
20260920,4,1769,2580
20260920,4,1771,2143
20260920,4,1779,1778
20260920,4,1787,1394
20260920,4,1799,495
20260920,4,181,1397
20260920,4,1819,65
20260920,4,182,1807
20260920,4,1827,2054
20260920,4,1835,2355
20260920,4,1864,2355
20260920,4,1865,3440
20260920,4,1875,1118
20260920,4,1881,1332
20260920,4,1882,2966
20260920,4,1886,1114
20260920,4,1903,4055
20260920,4,191,793
20260920,4,1914,2464
20260920,4,1919,2114
20260920,4,192,1221
20260920,4,1920,2808
20260920,4,1924,53
20260920,4,1969,418
20260920,4,1976,260
20260920,4,1983,2278
20260920,4,2003,686
20260920,4,2018,2539
20260920,4,2039,2311
20260920,4,2045,1586
20260920,4,2059,2025
20260920,4,2061,2419
20260920,4,2063,1373
20260920,4,2065,2099
20260920,4,2071,457
20260920,4,2075,2716
20260920,4,208,2282
20260920,4,2082,1188
20260920,4,2092,856
20260920,4,2093,2031
20260920,4,2105,1918
20260920,4,2107,1961
20260920,4,2113,2439
20260920,4,2134,2131
20260920,4,2141,3373
20260920,4,2163,2036
20260920,4,2177,1923
20260920,4,2180,1128
20260920,4,2187,1473
20260920,4,2188,3197
20260920,4,2201,2229
20260920,4,2207,2302
20260920,4,2222,2520
20260920,4,223,1325
20260920,4,2272,451
20260920,4,2286,3207
20260920,4,234,1652
20260920,4,2357,2349
20260920,4,2361,2109
20260920,4,2398,1925
20260920,4,2402,151
20260920,4,241,2518
20260920,4,2410,2439
20260920,4,2414,1253
20260920,4,2457,20
20260920,4,2467,2411
20260920,4,2471,3864
20260920,4,2495,1383
20260920,4,2499,2750
20260920,4,2549,1893
20260920,4,2553,1700
20260920,4,2556,2143
20260920,4,2588,1332
20260920,4,26,2671
20260920,4,2603,1302
20260920,4,2662,162
20260920,4,2694,55
20260920,4,27,756
20260920,4,270,1677
20260920,4,2720,3431
20260920,4,2721,2598
20260920,4,2737,2450
20260920,4,274,806
20260920,4,275,57
20260920,4,2756,3233
20260920,4,2770,2742
20260920,4,2775,2523
20260920,4,2776,1422
20260920,4,2790,2079
20260920,4,2813,3609
20260920,4,2820,1255
20260920,4,2824,2580
20260920,4,2828,1783
20260920,4,2832,1243
20260920,4,285,3308
20260920,4,2850,2517
20260920,4,2859,1994
20260920,4,2861,1692
20260920,4,2862,2742
20260920,4,289,1775
20260920,4,290,1210
20260920,4,2909,3258
20260920,4,2910,2826
20260920,4,2912,3193
20260920,4,2920,3602
20260920,4,2928,24
20260920,4,2932,1718
20260920,4,2940,1582
20260920,4,2950,870
20260920,4,2961,3042
20260920,4,2963,2089
20260920,4,2968,2781
20260920,4,2978,2554
20260920,4,2996,3576
20260920,4,2998,2115
20260920,4,3007,3038
20260920,4,3020,1550
20260920,4,3023,685
20260920,4,3033,29
20260920,4,3066,352
20260920,4,307,18
20260920,4,3117,1703
20260920,4,3128,3004
20260920,4,316,2852
20260920,4,3199,1802
20260920,4,32,598
20260920,4,3208,11
20260920,4,3209,1696
20260920,4,3217,469
20260920,4,3219,1336
20260920,4,3227,3610
20260920,4,3243,2849
20260920,4,325,1234
20260920,4,3251,1572
20260920,4,3255,2846
20260920,4,3278,1248
20260920,4,3285,933
20260920,4,3294,84
20260920,4,3311,2264
20260920,4,3313,1986
20260920,4,3314,3003
20260920,4,3333,149
20260920,4,3341,1476
20260920,4,3355,2411
20260920,4,336,1715
20260920,4,34,531
20260920,4,3409,2411
20260920,4,342,1080
20260920,4,3435,1940
20260920,4,346,3283
20260920,4,355,2671
20260920,4,356,1016
20260920,4,357,322
20260920,4,358,2922
20260920,4,3582,1701
20260920,4,3583,2084
20260920,4,3588,3352
20260920,4,3590,2282
20260920,4,3592,102
20260920,4,3593,418
20260920,4,3603,2945
20260920,4,3607,3594
20260920,4,3611,2010
20260920,4,3612,8
20260920,4,3614,2554
20260920,4,3617,1303
20260920,4,3626,2863
20260920,4,3638,1107
20260920,4,3641,1394
20260920,4,3653,754
20260920,4,3654,1243
20260920,4,3670,3675
20260920,4,3716,1874
20260920,4,3719,2068
20260920,4,3720,230
20260920,4,3723,3724
20260920,4,3733,2367
20260920,4,3747,1694
20260920,4,375,1929
20260920,4,3765,3818
20260920,4,38,1287
20260920,4,3903,151
20260920,4,391,1841
20260920,4,426,436
20260920,4,438,199
20260920,4,475,4057
20260920,4,478,335
20260920,4,479,1594
20260920,4,480,493
20260920,4,485,926
20260920,4,487,1925
20260920,4,489,1124
20260920,4,491,1438
20260920,4,492,2587
20260920,4,504,436
20260920,4,520,531
20260920,4,522,49
20260920,4,54,365
20260920,4,540,470
20260920,4,549,1161
20260920,4,552,845
20260920,4,561,2193
20260920,4,562,1215
20260920,4,58,2078
20260920,4,6,1312
20260920,4,610,2200
20260920,4,626,1789
20260920,4,652,1389
20260920,4,661,750
20260920,4,666,2441
20260920,4,688,1172
20260920,4,711,2377
20260920,4,743,1168
20260920,4,755,272
20260920,4,757,2011
20260920,4,759,2367
20260920,4,764,3212
20260920,4,765,2110
20260920,4,767,3851
20260920,4,771,1179
20260920,4,772,947
20260920,4,775,2952
20260920,4,777,1094
20260920,4,778,3027
20260920,4,800,2115
20260920,4,81,3279
20260920,4,848,1590
20260920,4,852,1211
20260920,4,863,2987
20260920,4,864,883
20260920,4,865,883
20260920,4,871,3279
20260920,4,890,63
20260920,4,893,1944
20260920,4,897,894
20260920,4,899,874
20260920,4,90,303
20260920,4,904,1589
20260920,4,905,3226
20260920,4,909,10
20260920,4,911,4053
20260920,4,918,1287
20260920,4,921,344
20260920,4,923,2302
20260920,4,929,1704
20260920,4,93,1913
20260920,4,937,1558
20260920,4,939,1788
20260920,4,940,3857
20260920,4,942,3238
20260920,4,946,64
20260920,4,951,3440
20260920,4,952,155
20260920,4,960,1706
20260920,4,970,2184
20260920,4,984,240
20260920,4,989,3917
20260920,4,991,879
20260920,4,993,901
20260920,4,996,3037
20260921,0,1,3445
20260921,0,1000,927
20260921,0,1001,496
20260921,0,1013,2158
20260921,0,1015,607
20260921,0,102,3592
20260921,0,1026,1615
20260921,0,1033,2908
20260921,0,1039,91
20260921,0,1046,2135
20260921,0,105,116
20260921,0,106,3359
20260921,0,1095,2010
20260921,0,1096,2863
20260921,0,1110,766
20260921,0,1113,1927
20260921,0,1122,3225
20260921,0,1127,3219
20260921,0,1132,1183
20260921,0,1136,3017
20260921,0,1142,2131
20260921,0,1145,1147
20260921,0,1146,1106
20260921,0,1161,2137
20260921,0,1164,2813
20260921,0,1169,1593
20260921,0,1176,1420
20260921,0,1185,1183
20260921,0,1186,1381
20260921,0,119,469
20260921,0,1193,1192
20260921,0,1208,1521
20260921,0,1210,2137
20260921,0,1217,3214
20260921,0,1218,1526
20260921,0,1220,32
20260921,0,123,251
20260921,0,1233,1425
20260921,0,1246,243
20260921,0,1248,2137
20260921,0,1250,29
20260921,0,1252,2808
20260921,0,1255,2820
20260921,0,1256,285
20260921,0,1264,1091
20260921,0,1272,2775
20260921,0,128,1865
20260921,0,1288,81
20260921,0,1292,3587
20260921,0,1299,2944
20260921,0,13,1836
20260921,0,131,1198
20260921,0,1316,2866
20260921,0,1317,1226
20260921,0,133,76
20260921,0,1331,1410
20260921,0,1333,1337
20260921,0,1338,134
20260921,0,1339,850
20260921,0,1346,562
20260921,0,1348,1131
20260921,0,1354,475
20260921,0,136,2273
20260921,0,1360,169
20260921,0,1365,2460
20260921,0,137,1864
20260921,0,1380,1129
20260921,0,1383,2495
20260921,0,1386,2298
20260921,0,1389,1775
20260921,0,1397,614
20260921,0,1405,2919
20260921,0,141,2656
20260921,0,1421,522
20260921,0,1424,1836
20260921,0,1431,983
20260921,0,1449,1187
20260921,0,1455,3492
20260921,0,1456,3381
20260921,0,1462,1343
20260921,0,1472,3284
20260921,0,1479,955
20260921,0,148,14
20260921,0,1481,1959
20260921,0,150,2945
20260921,0,1505,1599
20260921,0,152,2398
20260921,0,1520,1676
20260921,0,1543,1223
20260921,0,1548,272
20260921,0,1555,3652
20260921,0,1565,1594
20260921,0,1571,1580
20260921,0,1576,2828
20260921,0,1579,1577
20260921,0,1584,982
20260921,0,1589,904
20260921,0,1596,2750
20260921,0,1598,957
20260921,0,1606,1213
20260921,0,1607,301
20260921,0,161,1673
20260921,0,1612,1602
20260921,0,1635,1636
20260921,0,1642,3225
20260921,0,1655,1701
20260921,0,1657,2273
20260921,0,1662,3599
20260921,0,1668,1673
20260921,0,1670,1154
20260921,0,1677,270
20260921,0,1690,3399
20260921,0,1693,2894
20260921,0,1694,3747
20260921,0,1698,144
20260921,0,1699,1924
20260921,0,1711,62
20260921,0,1768,144
20260921,0,1802,3199
20260921,0,181,614
20260921,0,1839,1559
20260921,0,1843,1915
20260921,0,1857,2597
20260921,0,1860,2265
20260921,0,1862,1697
20260921,0,1870,48
20260921,0,1874,1959
20260921,0,1875,1226
20260921,0,1883,374
20260921,0,1886,1114
20260921,0,1893,3279
20260921,0,19,1106
20260921,0,190,2655
20260921,0,1902,3191
20260921,0,1903,993
20260921,0,1906,1950
20260921,0,1919,1656
20260921,0,1923,2177
20260921,0,1925,2398
20260921,0,1934,270
20260921,0,1948,2586
20260921,0,1960,211
20260921,0,1962,2470
20260921,0,1968,2309
20260921,0,1976,260
20260921,0,1991,39
20260921,0,2003,32
20260921,0,2011,757
20260921,0,2025,2059
20260921,0,2028,1984
20260921,0,2032,1907
20260921,0,2048,1774
20260921,0,2049,2338
20260921,0,2058,487
20260921,0,2086,1831
20260921,0,2089,2963
20260921,0,2092,2598
20260921,0,2093,2031
20260921,0,2097,2850
20260921,0,210,1038
20260921,0,2105,1918
20260921,0,2112,1007
20260921,0,2117,2935
20260921,0,212,3649
20260921,0,2134,2131
20260921,0,2141,3373
20260921,0,2142,2059
20260921,0,2146,1313
20260921,0,2157,2128
20260921,0,216,483
20260921,0,2165,1558
20260921,0,2169,2197
20260921,0,2175,857
20260921,0,2182,1229
20260921,0,2184,970
20260921,0,2188,909
20260921,0,2193,561
20260921,0,2202,2121
20260921,0,2209,3594
20260921,0,2213,1774
20260921,0,2227,3194
20260921,0,2232,623
20260921,0,2258,65
20260921,0,2261,3018
20260921,0,2267,661
20260921,0,2274,1665
20260921,0,2278,1983
20260921,0,2289,1959
20260921,0,229,2132
20260921,0,2297,1410
20260921,0,2311,2039
20260921,0,2322,1983
20260921,0,2332,2131
20260921,0,236,769
20260921,0,2377,742
20260921,0,2379,1138
20260921,0,2394,2167
20260921,0,24,2928
20260921,0,2414,1253
20260921,0,244,1692
20260921,0,2441,666
20260921,0,2457,20
20260921,0,2467,2411
20260921,0,249,15
20260921,0,2523,1167
20260921,0,254,211
20260921,0,2553,1700
20260921,0,2556,2143
20260921,0,2580,2824
20260921,0,2587,492
20260921,0,2599,1963
20260921,0,2606,2061
20260921,0,2611,3273
20260921,0,265,1586
20260921,0,27,756
20260921,0,2701,1241
20260921,0,271,301
20260921,0,2737,2450
20260921,0,2780,2918
20260921,0,2787,1539
20260921,0,279,3856
20260921,0,2790,2079
20260921,0,2794,2943
20260921,0,2809,129
20260921,0,283,2266
20260921,0,2833,238
20260921,0,284,253
20260921,0,2864,484
20260921,0,2889,260
20260921,0,290,1356
20260921,0,2920,3602
20260921,0,2922,2948
20260921,0,2932,1718
20260921,0,2939,217
20260921,0,2949,2935
20260921,0,2961,121
20260921,0,2987,3283
20260921,0,2989,266
20260921,0,2996,3576
20260921,0,3003,3314
20260921,0,3008,1247
20260921,0,3009,4054
20260921,0,3011,2911
20260921,0,302,1836
20260921,0,3023,685
20260921,0,3024,351
20260921,0,3025,1997
20260921,0,3033,29
20260921,0,3042,121
20260921,0,3044,3315
20260921,0,305,1399
20260921,0,3117,1703
20260921,0,3128,3004
20260921,0,313,1603
20260921,0,316,2852
20260921,0,318,771
20260921,0,319,1594
20260921,0,3192,2935
20260921,0,3195,985
20260921,0,3200,928
20260921,0,3204,3383
20260921,0,3209,1696
20260921,0,322,1792
20260921,0,3223,1789
20260921,0,3226,905
20260921,0,3233,3131
20260921,0,3239,3041
20260921,0,3243,2849
20260921,0,3255,2846
20260921,0,326,325
20260921,0,3266,1715
20260921,0,3288,1289
20260921,0,3303,716
20260921,0,3310,2264
20260921,0,3311,2264
20260921,0,3312,1651
20260921,0,3317,2668
20260921,0,3325,26
20260921,0,3333,149
20260921,0,3343,850
20260921,0,3348,793
20260921,0,3352,3032
20260921,0,3355,2411
20260921,0,3356,1269
20260921,0,3358,3861
20260921,0,336,1715
20260921,0,3368,2050
20260921,0,337,15
20260921,0,355,3006
20260921,0,3583,2084
20260921,0,3607,3594
20260921,0,3612,376
20260921,0,3617,479
20260921,0,3626,2863
20260921,0,3636,68
20260921,0,3650,3857
20260921,0,3655,3594
20260921,0,3667,3713
20260921,0,3731,3584
20260921,0,3764,2846
20260921,0,3765,3818
20260921,0,3766,758
20260921,0,3804,1401
20260921,0,383,1615
20260921,0,3853,3215
20260921,0,3903,151
20260921,0,401,2059
20260921,0,4055,1502
20260921,0,410,2951
20260921,0,417,3017
20260921,0,426,311
20260921,0,436,239
20260921,0,439,70
20260921,0,471,2813
20260921,0,478,335
20260921,0,481,985
20260921,0,482,3017
20260921,0,5,4
20260921,0,513,1174
20260921,0,518,976
20260921,0,54,2952
20260921,0,540,470
20260921,0,541,854
20260921,0,55,1241
20260921,0,558,1357
20260921,0,591,1172
20260921,0,592,2222
20260921,0,603,3611
20260921,0,610,2200
20260921,0,619,2597
20260921,0,624,1473
20260921,0,626,1789
20260921,0,63,890
20260921,0,656,2915
20260921,0,67,1135
20260921,0,670,3728
20260921,0,701,3212
20260921,0,705,1384
20260921,0,711,742
20260921,0,72,40
20260921,0,731,1411
20260921,0,735,2218
20260921,0,746,3039
20260921,0,752,215
20260921,0,755,272
20260921,0,761,309
20260921,0,764,3212
20260921,0,772,1181
20260921,0,775,2952
20260921,0,794,1241
20260921,0,8,2080
20260921,0,804,2264
20260921,0,810,1375
20260921,0,846,1172
20260921,0,849,1173
20260921,0,856,840
20260921,0,861,372
20260921,0,868,234
20260921,0,872,1524
20260921,0,873,1464
20260921,0,877,1465
20260921,0,880,2150
20260921,0,882,1539
20260921,0,891,1583
20260921,0,894,897
20260921,0,898,2041
20260921,0,901,993
20260921,0,908,537
20260921,0,910,358
20260921,0,931,806
20260921,0,934,314
20260921,0,936,1591
20260921,0,947,147
20260921,0,951,3440
20260921,0,969,1105
20260921,0,972,928
20260921,0,980,1231
20260921,0,981,308
20260921,0,986,158
20260921,0,987,1018
20260921,0,991,1940
20260921,0,992,1254
20260921,0,996,3037
20260921,1,1003,2067
20260921,1,1008,1145
20260921,1,1009,2644
20260921,1,1011,391
20260921,1,1014,2979
20260921,1,1016,3675
20260921,1,1062,995
20260921,1,1087,3861
20260921,1,1089,1303
20260921,1,109,83
20260921,1,1091,1264
20260921,1,1092,3719
20260921,1,1093,860
20260921,1,11,520
20260921,1,1105,2193
20260921,1,1107,3211
20260921,1,111,517
20260921,1,1111,1219
20260921,1,1117,71
20260921,1,1119,69
20260921,1,1120,1291
20260921,1,1124,3017
20260921,1,1130,3647
20260921,1,1139,1550
20260921,1,1147,1149
20260921,1,1148,19
20260921,1,115,2465
20260921,1,1150,1146
20260921,1,116,2852
20260921,1,1168,743
20260921,1,117,562
20260921,1,1178,2461
20260921,1,1180,1380
20260921,1,1188,144
20260921,1,1192,206
20260921,1,121,3042
20260921,1,1213,3197
20260921,1,1222,3647
20260921,1,1228,31
20260921,1,1229,1176
20260921,1,1231,2131
20260921,1,1235,1176
20260921,1,1237,2457
20260921,1,1239,1263
20260921,1,1241,122
20260921,1,1244,3430
20260921,1,1245,154
20260921,1,1247,906
20260921,1,1253,2414
20260921,1,1262,2694
20260921,1,1265,1233
20260921,1,1269,3356
20260921,1,1270,4056
20260921,1,1277,1455
20260921,1,1287,918
20260921,1,1289,696
20260921,1,1296,2786
20260921,1,1304,1164
20260921,1,1320,1140
20260921,1,1328,2430
20260921,1,1335,2572
20260921,1,1340,3650
20260921,1,1342,1211
20260921,1,1343,418
20260921,1,1353,605
20260921,1,1357,558
20260921,1,1359,2833
20260921,1,1372,1381
20260921,1,1373,2063
20260921,1,1375,219
20260921,1,139,2146
20260921,1,1390,3639
20260921,1,1398,610
20260921,1,1402,3642
20260921,1,1404,2430
20260921,1,1416,2134
20260921,1,142,3383
20260921,1,1422,1332
20260921,1,143,1566
20260921,1,1430,471
20260921,1,1432,1984
20260921,1,1437,148
20260921,1,1438,1715
20260921,1,1444,286
20260921,1,1459,3586
20260921,1,146,1383
20260921,1,1460,1570
20260921,1,1466,272
20260921,1,1468,3862
20260921,1,1473,624
20260921,1,1474,1018
20260921,1,1480,472
20260921,1,149,3333
20260921,1,1491,661
20260921,1,15,2952
20260921,1,1506,961
20260921,1,1507,1234
20260921,1,1508,1152
20260921,1,151,2435
20260921,1,1514,1236
20260921,1,1515,3226
20260921,1,1526,1218
20260921,1,1535,70
20260921,1,1546,1395
20260921,1,1554,1005
20260921,1,1562,286
20260921,1,1564,1561
20260921,1,1573,1603
20260921,1,1587,619
20260921,1,1588,961
20260921,1,1595,1452
20260921,1,1597,1701
20260921,1,1601,24
20260921,1,162,2662
20260921,1,164,3197
20260921,1,1656,1919
20260921,1,1658,147
20260921,1,167,505
20260921,1,1692,169
20260921,1,17,1819
20260921,1,1703,3117
20260921,1,1718,1329
20260921,1,175,1151
20260921,1,1767,2027
20260921,1,1771,2143
20260921,1,1774,1167
20260921,1,1775,289
20260921,1,1781,986
20260921,1,1783,2828
20260921,1,1790,2794
20260921,1,1798,1
20260921,1,18,307
20260921,1,1829,605
20260921,1,1835,2355
20260921,1,184,3005
20260921,1,1864,2355
20260921,1,1877,2779
20260921,1,1882,3670
20260921,1,1907,2032
20260921,1,1920,1252
20260921,1,1929,3445
20260921,1,1935,1640
20260921,1,1947,93
20260921,1,1959,1257
20260921,1,1987,2112
20260921,1,1989,1544
20260921,1,1992,1922
20260921,1,2010,1095
20260921,1,2016,249
20260921,1,2017,1816
20260921,1,2018,2539
20260921,1,2034,1378
20260921,1,2037,208
20260921,1,2053,3004
20260921,1,2059,2025
20260921,1,2065,2099
20260921,1,207,1264
20260921,1,2075,2716
20260921,1,2081,2112
20260921,1,2082,2590
20260921,1,2100,1249
20260921,1,2104,1982
20260921,1,211,254
20260921,1,2115,800
20260921,1,2118,2218
20260921,1,2120,1705
20260921,1,2121,2202
20260921,1,2123,90
20260921,1,2133,1641
20260921,1,2135,1046
20260921,1,2137,1210
20260921,1,2160,419
20260921,1,217,2939
20260921,1,218,30
20260921,1,2180,1128
20260921,1,2197,2169
20260921,1,2200,610
20260921,1,2201,2229
20260921,1,2233,2066
20260921,1,2263,489
20260921,1,2264,3311
20260921,1,2266,283
20260921,1,228,1143
20260921,1,2286,3864
20260921,1,2287,3597
20260921,1,2292,339
20260921,1,2298,1386
20260921,1,230,1556
20260921,1,2308,2461
20260921,1,234,1652
20260921,1,2353,3378
20260921,1,237,430
20260921,1,238,2833
20260921,1,239,3005
20260921,1,2403,1458
20260921,1,2411,3718
20260921,1,2438,1273
20260921,1,2447,2072
20260921,1,245,3853
20260921,1,2456,840
20260921,1,2464,1914
20260921,1,2490,3609
20260921,1,2495,1383
20260921,1,2517,2850
20260921,1,2518,241
20260921,1,2549,1378
20260921,1,2551,1189
20260921,1,2554,3614
20260921,1,2558,368
20260921,1,2559,2765
20260921,1,2561,1445
20260921,1,2592,144
20260921,1,2597,619
20260921,1,2598,2721
20260921,1,2609,1844
20260921,1,2646,2326
20260921,1,2655,3189
20260921,1,2668,2025
20260921,1,267,494
20260921,1,2671,26
20260921,1,2682,2144
20260921,1,2687,2450
20260921,1,270,1677
20260921,1,2700,1664
20260921,1,2746,1257
20260921,1,2770,2742
20260921,1,28,959
20260921,1,2808,1252
20260921,1,2813,3609
20260921,1,2827,1218
20260921,1,2846,2847
20260921,1,2849,2644
20260921,1,2855,235
20260921,1,2861,2258
20260921,1,2866,1316
20260921,1,2875,731
20260921,1,2908,1033
20260921,1,2910,2826
20260921,1,2930,536
20260921,1,2938,891
20260921,1,2948,2922
20260921,1,2950,870
20260921,1,2955,2
20260921,1,2964,2918
20260921,1,2968,2781
20260921,1,299,3719
20260921,1,2998,2601
20260921,1,3006,214
20260921,1,3007,3038
20260921,1,3012,537
20260921,1,3022,2257
20260921,1,303,90
20260921,1,3030,2719
20260921,1,309,761
20260921,1,311,56
20260921,1,3193,3305
20260921,1,32,598
20260921,1,3207,3864
20260921,1,3208,3650
20260921,1,3212,701
20260921,1,3214,2193
20260921,1,3215,3853
20260921,1,3220,1552
20260921,1,3225,3847
20260921,1,3238,942
20260921,1,325,1234
20260921,1,3253,868
20260921,1,3278,153
20260921,1,3290,31
20260921,1,3302,2996
20260921,1,3306,3249
20260921,1,3314,3003
20260921,1,3318,1863
20260921,1,3340,2662
20260921,1,335,4
20260921,1,3350,293
20260921,1,3386,1131
20260921,1,3431,3373
20260921,1,344,315
20260921,1,3441,3034
20260921,1,349,640
20260921,1,3492,1455
20260921,1,352,3066
20260921,1,353,1933
20260921,1,3585,3713
20260921,1,3598,3679
20260921,1,3599,3656
20260921,1,3601,3584
20260921,1,3606,2470
20260921,1,3611,161
20260921,1,3613,1464
20260921,1,3624,1256
20260921,1,3625,916
20260921,1,3632,1788
20260921,1,3633,3245
20260921,1,3635,3854
20260921,1,3637,19
20260921,1,3638,3211
20260921,1,3652,1259
20260921,1,3662,911
20260921,1,3669,928
20260921,1,367,133
20260921,1,3676,1475
20260921,1,3686,2921
20260921,1,371,2499
20260921,1,3716,1874
20260921,1,3735,69
20260921,1,375,3445
20260921,1,384,2134
20260921,1,3857,3650
20260921,1,3888,1575
20260921,1,3892,2894
20260921,1,3917,2363
20260921,1,3919,147
20260921,1,4057,3325
20260921,1,42,1544
20260921,1,451,2272
20260921,1,468,1776
20260921,1,47,1690
20260921,1,470,540
20260921,1,475,1354
20260921,1,479,1594
20260921,1,480,19
20260921,1,483,75
20260921,1,487,1925
20260921,1,493,19
20260921,1,495,1799
20260921,1,497,40
20260921,1,502,749
20260921,1,527,74
20260921,1,532,1927
20260921,1,535,1109
20260921,1,549,1161
20260921,1,59,679
20260921,1,607,1015
20260921,1,608,1517
20260921,1,614,1397
20260921,1,622,3631
20260921,1,623,2232
20260921,1,634,1940
20260921,1,638,2229
20260921,1,64,2003
20260921,1,663,1839
20260921,1,665,2439
20260921,1,669,1417
20260921,1,685,3023
20260921,1,718,2585
20260921,1,737,1084
20260921,1,750,1330
20260921,1,753,1511
20260921,1,783,1221
20260921,1,795,845
20260921,1,806,931
20260921,1,848,1590
20260921,1,853,802
20260921,1,857,2175
20260921,1,864,883
20260921,1,874,899
20260921,1,875,3718
20260921,1,892,3337
20260921,1,896,231
20260921,1,897,894
20260921,1,900,3650
20260921,1,904,1589
20260921,1,909,2188
20260921,1,91,1934
20260921,1,919,1151
20260921,1,921,3325
20260921,1,923,2302
20260921,1,926,984
20260921,1,929,1704
20260921,1,932,300
20260921,1,939,1788
20260921,1,940,3650
20260921,1,948,242
20260921,1,956,2255
20260921,1,963,1599
20260921,1,970,2184
20260921,1,971,973
20260921,1,979,471
20260921,1,983,3796
20260921,1,988,319
20260921,1,997,319
20260921,2,100,3313
20260921,2,1005,1554
20260921,2,1051,1765
20260921,2,1059,2436
20260921,2,108,1521
20260921,2,1080,620
20260921,2,1081,1007
20260921,2,1082,2392
20260921,2,1084,3670
20260921,2,1088,3606
20260921,2,110,2358
20260921,2,1103,1667
20260921,2,1108,3326
20260921,2,1115,915
20260921,2,1123,3225
20260921,2,1129,1380
20260921,2,1133,1143
20260921,2,1134,1144
20260921,2,1137,619
20260921,2,1138,1113
20260921,2,1152,1508
20260921,2,1155,961
20260921,2,1159,46
20260921,2,1162,3853
20260921,2,1170,1211
20260921,2,1171,1942
20260921,2,1182,1542
20260921,2,1197,854
20260921,2,1214,3854
20260921,2,1225,130
20260921,2,1230,292
20260921,2,1236,1514
20260921,2,1238,589
20260921,2,1257,2718
20260921,2,126,307
20260921,2,1261,906
20260921,2,1263,1239
20260921,2,127,1829
20260921,2,1286,3606
20260921,2,1294,4056
20260921,2,1295,399
20260921,2,1303,1089
20260921,2,1315,2146
20260921,2,1319,1140
20260921,2,132,1209
20260921,2,1323,35
20260921,2,1327,1564
20260921,2,1330,287
20260921,2,1336,3219
20260921,2,135,2217
20260921,2,1355,122
20260921,2,1376,1131
20260921,2,1378,753
20260921,2,138,160
20260921,2,1385,224
20260921,2,1395,1393
20260921,2,140,2221
20260921,2,1401,3804
20260921,2,1418,31
20260921,2,1425,1233
20260921,2,1429,3639
20260921,2,1448,771
20260921,2,1451,3851
20260921,2,1457,2539
20260921,2,1458,2403
20260921,2,147,1695
20260921,2,1517,963
20260921,2,1523,697
20260921,2,1524,1168
20260921,2,1536,620
20260921,2,154,2436
20260921,2,1544,42
20260921,2,155,2119
20260921,2,1552,3875
20260921,2,1558,2165
20260921,2,1559,248
20260921,2,1563,2159
20260921,2,1567,1417
20260921,2,157,1332
20260921,2,1583,891
20260921,2,1585,499
20260921,2,1590,848
20260921,2,1591,936
20260921,2,1592,3857
20260921,2,1593,1169
20260921,2,1599,963
20260921,2,163,2968
20260921,2,1637,1128
20260921,2,1643,2030
20260921,2,1645,2322
20260921,2,1648,1650
20260921,2,1649,1650
20260921,2,1651,3312
20260921,2,1653,3804
20260921,2,1660,1140
20260921,2,1673,1668
20260921,2,1682,1180
20260921,2,1697,1862
20260921,2,1705,2120
20260921,2,1713,1242
20260921,2,1716,2609
20260921,2,174,118
20260921,2,1776,944
20260921,2,1778,1779
20260921,2,1789,626
20260921,2,1803,251
20260921,2,1807,182
20260921,2,1816,2702
20260921,2,1821,2955
20260921,2,1865,951
20260921,2,1868,1925
20260921,2,1881,1332
20260921,2,1884,34
20260921,2,1905,1770
20260921,2,191,793
20260921,2,192,1431
20260921,2,1924,53
20260921,2,1926,1357
20260921,2,1933,353
20260921,2,1940,634
20260921,2,1945,1948
20260921,2,1961,2053
20260921,2,1969,1343
20260921,2,1985,2322
20260921,2,199,1830
20260921,2,1997,3025
20260921,2,2036,2163
20260921,2,2051,1245
20260921,2,2054,492
20260921,2,206,1192
20260921,2,2062,2117
20260921,2,2064,1114
20260921,2,2066,2233
20260921,2,2070,1577
20260921,2,2071,457
20260921,2,2073,41
20260921,2,208,2282
20260921,2,2101,1971
20260921,2,2102,2716
20260921,2,2107,2053
20260921,2,2108,2072
20260921,2,2114,1919
20260921,2,2131,2332
20260921,2,2143,2556
20260921,2,2144,2682
20260921,2,2150,880
20260921,2,2162,2099
20260921,2,2172,1676
20260921,2,2176,2206
20260921,2,2177,1923
20260921,2,2196,3128
20260921,2,2207,923
20260921,2,2226,2367
20260921,2,2273,136
20260921,2,2290,1299
20260921,2,2302,2358
20260921,2,2338,1633
20260921,2,2341,1106
20260921,2,2349,2086
20260921,2,2375,1864
20260921,2,2391,2611
20260921,2,2397,995
20260921,2,2402,772
20260921,2,2410,2955
20260921,2,243,1246
20260921,2,2430,1328
20260921,2,2435,151
20260921,2,2439,665
20260921,2,246,680
20260921,2,2462,2326
20260921,2,2465,115
20260921,2,2494,2555
20260921,2,2496,219
20260921,2,253,2917
20260921,2,2537,2825
20260921,2,2557,3376
20260921,2,2572,1335
20260921,2,2585,718
20260921,2,2589,1775
20260921,2,2590,1188
20260921,2,2591,2488
20260921,2,2593,99
20260921,2,26,2671
20260921,2,260,2889
20260921,2,2644,1009
20260921,2,2661,771
20260921,2,2662,162
20260921,2,2681,2392
20260921,2,2694,1262
20260921,2,2724,2119
20260921,2,273,2265
20260921,2,276,345
20260921,2,2773,989
20260921,2,2776,1422
20260921,2,2779,165
20260921,2,278,1801
20260921,2,2784,1009
20260921,2,2789,2656
20260921,2,2820,1255
20260921,2,2823,3027
20260921,2,2836,1190
20260921,2,2845,2561
20260921,2,2848,2217
20260921,2,2850,2517
20260921,2,2852,116
20260921,2,2860,1188
20260921,2,2863,1096
20260921,2,289,1775
20260921,2,2909,3258
20260921,2,2911,3011
20260921,2,2912,3193
20260921,2,2916,970
20260921,2,2923,2931
20260921,2,2942,2992
20260921,2,2944,1299
20260921,2,2945,2928
20260921,2,2959,2197
20260921,2,2965,936
20260921,2,2967,3131
20260921,2,2979,1014
20260921,2,298,963
20260921,2,3,1136
20260921,2,3004,2053
20260921,2,3017,482
20260921,2,3034,3441
20260921,2,3037,996
20260921,2,3039,804
20260921,2,3066,352
20260921,2,308,981
20260921,2,3086,1836
20260921,2,3103,1466
20260921,2,314,934
20260921,2,315,1481
20260921,2,3190,3853
20260921,2,3194,2227
20260921,2,3196,3238
20260921,2,3197,164
20260921,2,3198,541
20260921,2,3199,1802
20260921,2,3217,3226
20260921,2,3218,2257
20260921,2,3221,3602
20260921,2,3231,2966
20260921,2,3234,1575
20260921,2,3244,2362
20260921,2,3245,2781
20260921,2,3248,36
20260921,2,3250,1572
20260921,2,3257,764
20260921,2,3274,14
20260921,2,3279,1893
20260921,2,33,2555
20260921,2,3308,285
20260921,2,3323,1356
20260921,2,3335,2110
20260921,2,3336,1667
20260921,2,3338,2436
20260921,2,3344,1467
20260921,2,3351,2917
20260921,2,3353,1122
20260921,2,3360,184
20260921,2,3379,32
20260921,2,3384,885
20260921,2,3385,3011
20260921,2,3391,3038
20260921,2,3399,1690
20260921,2,342,620
20260921,2,3445,1929
20260921,2,3446,755
20260921,2,3459,1944
20260921,2,357,322
20260921,2,3576,2770
20260921,2,3586,936
20260921,2,3587,1292
20260921,2,3589,1944
20260921,2,3593,1343
20260921,2,3594,3607
20260921,2,3595,1519
20260921,2,3600,858
20260921,2,3603,1575
20260921,2,3604,3916
20260921,2,3605,1110
20260921,2,3621,1691
20260921,2,3631,1568
20260921,2,3634,1382
20260921,2,3640,499
20260921,2,3656,3599
20260921,2,366,973
20260921,2,3666,620
20260921,2,3680,2379
20260921,2,3715,2278
20260921,2,3719,2068
20260921,2,3728,1311
20260921,2,38,307
20260921,2,3847,3225
20260921,2,3856,3222
20260921,2,3866,1179
20260921,2,391,1841
20260921,2,394,2120
20260921,2,40,497
20260921,2,403,95
20260921,2,4058,214
20260921,2,418,1343
20260921,2,419,2160
20260921,2,428,1584
20260921,2,43,3432
20260921,2,430,237
20260921,2,438,896
20260921,2,44,2467
20260921,2,449,136
20260921,2,450,2931
20260921,2,465,1794
20260921,2,467,1287
20260921,2,469,119
20260921,2,484,2864
20260921,2,488,2609
20260921,2,489,1124
20260921,2,496,2060
20260921,2,498,1117
20260921,2,501,992
20260921,2,505,118
20260921,2,51,3386
20260921,2,510,490
20260921,2,521,1433
20260921,2,531,520
20260921,2,536,3676
20260921,2,56,2258
20260921,2,561,2193
20260921,2,572,806
20260921,2,587,2106
20260921,2,590,627
20260921,2,6,3227
20260921,2,600,1694
20260921,2,606,1166
20260921,2,640,349
20260921,2,65,2258
20260921,2,653,1521
20260921,2,662,470
20260921,2,666,2441
20260921,2,679,59
20260921,2,68,2611
20260921,2,696,2221
20260921,2,7,71
20260921,2,75,1551
20260921,2,758,3766
20260921,2,762,2221
20260921,2,774,3513
20260921,2,777,1094
20260921,2,780,1677
20260921,2,790,1832
20260921,2,798,3195
20260921,2,816,1143
20260921,2,84,83
20260921,2,85,139
20260921,2,850,3343
20260921,2,860,1093
20260921,2,865,883
20260921,2,867,2555
20260921,2,871,1288
20260921,2,876,968
20260921,2,878,923
20260921,2,88,2988
20260921,2,89,3285
20260921,2,890,63
20260921,2,905,3226
20260921,2,911,4053
20260921,2,916,94
20260921,2,917,1124
20260921,2,918,1287
20260921,2,928,3200
20260921,2,933,3916
20260921,2,941,910
20260921,2,945,1596
20260921,2,946,64
20260921,2,955,1464
20260921,2,959,991
20260921,2,96,2671
20260921,2,962,1615
20260921,2,976,518
20260921,2,978,541
20260921,2,98,2121
20260921,2,982,1584
20260921,2,993,901
20260921,3,10,3306
20260921,3,101,750
20260921,3,1018,987
20260921,3,1038,883
20260921,3,1042,2338
20260921,3,107,2200
20260921,3,1083,3200
20260921,3,1086,1558
20260921,3,1090,1976
20260921,3,1106,19
20260921,3,1109,3190
20260921,3,1112,2205
20260921,3,1116,108
20260921,3,1121,1781
20260921,3,1125,3312
20260921,3,1126,1154
20260921,3,1135,67
20260921,3,1149,1147
20260921,3,1151,19
20260921,3,1156,492
20260921,3,1157,1330
20260921,3,1158,273
20260921,3,1166,606
20260921,3,1167,2523
20260921,3,1174,513
20260921,3,1177,1566
20260921,3,1183,1185
20260921,3,1190,1192
20260921,3,12,1236
20260921,3,1200,762
20260921,3,1209,132
20260921,3,1215,561
20260921,3,1219,1111
20260921,3,122,1241
20260921,3,1221,783
20260921,3,1223,1173
20260921,3,1226,1875
20260921,3,124,1969
20260921,3,1240,1051
20260921,3,1249,1467
20260921,3,1290,3676
20260921,3,1291,3603
20260921,3,130,624
20260921,3,1308,944
20260921,3,1322,531
20260921,3,1324,640
20260921,3,1326,155
20260921,3,1329,1503
20260921,3,1332,2537
20260921,3,134,1338
20260921,3,1341,531
20260921,3,1345,1433
20260921,3,1381,1186
20260921,3,1382,980
20260921,3,1399,1154
20260921,3,14,148
20260921,3,1406,3605
20260921,3,1409,2163
20260921,3,1410,2297
20260921,3,1417,1567
20260921,3,1420,1176
20260921,3,1428,482
20260921,3,1436,1185
20260921,3,1441,2553
20260921,3,1445,2561
20260921,3,1447,1571
20260921,3,145,742
20260921,3,1450,3686
20260921,3,1453,3430
20260921,3,1464,955
20260921,3,1469,986
20260921,3,1476,3576
20260921,3,1478,1636
20260921,3,1510,1316
20260921,3,1511,753
20260921,3,1516,2196
20260921,3,1521,653
20260921,3,1539,2787
20260921,3,1540,3238
20260921,3,1545,1089
20260921,3,1553,1107
20260921,3,1556,1287
20260921,3,156,1342
20260921,3,1570,1460
20260921,3,1577,1579
20260921,3,1578,1718
20260921,3,1581,2940
20260921,3,1582,1259
20260921,3,1586,2236
20260921,3,1600,928
20260921,3,1608,864
20260921,3,1610,9
20260921,3,1614,2987
20260921,3,1615,1026
20260921,3,1633,2338
20260921,3,1640,1812
20260921,3,165,2779
20260921,3,1654,1403
20260921,3,1664,2700
20260921,3,1669,1778
20260921,3,169,352
20260921,3,1691,206
20260921,3,1701,1655
20260921,3,1704,929
20260921,3,171,3355
20260921,3,173,1255
20260921,3,1779,1778
20260921,3,1787,1394
20260921,3,1788,322
20260921,3,1792,1299
20260921,3,1799,495
20260921,3,1801,1082
20260921,3,1809,1695
20260921,3,182,1807
20260921,3,1827,2054
20260921,3,183,2465
20260921,3,1830,3595
20260921,3,1833,3066
20260921,3,1891,207
20260921,3,1913,93
20260921,3,1914,2464
20260921,3,1918,1408
20260921,3,1922,1992
20260921,3,1927,2161
20260921,3,1942,1171
20260921,3,1963,1774
20260921,3,1971,2101
20260921,3,1983,2278
20260921,3,1984,2028
20260921,3,1994,2859
20260921,3,2,2955
20260921,3,20,1981
20260921,3,2012,1882
20260921,3,2020,1141
20260921,3,2027,2203
20260921,3,2031,2093
20260921,3,2033,985
20260921,3,2045,33
20260921,3,2072,2447
20260921,3,2074,2025
20260921,3,2080,8
20260921,3,2087,1458
20260921,3,2106,587
20260921,3,2109,2361
20260921,3,2113,2439
20260921,3,2119,155
20260921,3,2128,2157
20260921,3,2129,3358
20260921,3,2132,1831
20260921,3,215,80
20260921,3,2158,1013
20260921,3,2159,1563
20260921,3,2164,880
20260921,3,2167,2042
20260921,3,2170,2125
20260921,3,2187,1473
20260921,3,219,1375
20260921,3,22,1405
20260921,3,2206,2176
20260921,3,2217,135
20260921,3,2218,2118
20260921,3,2222,592
20260921,3,2223,2394
20260921,3,2229,2201
20260921,3,223,1325
20260921,3,2256,2255
20260921,3,2265,1860
20260921,3,2272,451
20260921,3,23,959
20260921,3,2309,207
20260921,3,2319,2773
20260921,3,2326,2646
20260921,3,233,132
20260921,3,2358,2302
20260921,3,2362,1473
20260921,3,2367,759
20260921,3,2398,1925
20260921,3,240,984
20260921,3,241,3590
20260921,3,2419,2061
20260921,3,242,948
20260921,3,2436,154
20260921,3,2450,2687
20260921,3,2470,3606
20260921,3,2471,3864
20260921,3,248,492
20260921,3,2484,1870
20260921,3,2488,2439
20260921,3,2499,2057
20260921,3,2520,2765
20260921,3,2539,1457
20260921,3,2574,155
20260921,3,2577,1452
20260921,3,2588,2585
20260921,3,263,1264
20260921,3,2643,3127
20260921,3,2656,2789
20260921,3,266,2989
20260921,3,2683,1645
20260921,3,269,2118
20260921,3,2699,2126
20260921,3,2719,3030
20260921,3,2720,3431
20260921,3,2721,2598
20260921,3,274,391
20260921,3,2747,908
20260921,3,275,57
20260921,3,2750,1596
20260921,3,2756,3233
20260921,3,2786,753
20260921,3,2824,2580
20260921,3,2825,2537
20260921,3,2828,1576
20260921,3,2832,1243
20260921,3,285,3308
20260921,3,286,1444
20260921,3,2862,2742
20260921,3,29,3033
20260921,3,291,1945
20260921,3,2915,656
20260921,3,2919,2096
20260921,3,292,1150
20260921,3,2935,2117
20260921,3,2943,1238
20260921,3,2952,15
20260921,3,2960,3249
20260921,3,2966,3231
20260921,3,2978,3614
20260921,3,2992,2794
20260921,3,2997,3766
20260921,3,30,1323
20260921,3,300,932
20260921,3,3005,239
20260921,3,301,271
20260921,3,3020,450
20260921,3,3026,3600
20260921,3,3027,778
20260921,3,3029,2088
20260921,3,3032,3352
20260921,3,3035,2789
20260921,3,304,1191
20260921,3,3041,3305
20260921,3,3043,2781
20260921,3,307,18
20260921,3,3131,3233
20260921,3,3160,1241
20260921,3,3189,495
20260921,3,3191,3249
20260921,3,3210,3847
20260921,3,3219,1336
20260921,3,3222,1717
20260921,3,3224,1668
20260921,3,3227,6
20260921,3,3228,3207
20260921,3,3254,3011
20260921,3,3258,2909
20260921,3,3259,3262
20260921,3,3273,2611
20260921,3,3284,971
20260921,3,3300,3264
20260921,3,3304,2601
20260921,3,3313,1986
20260921,3,3315,3044
20260921,3,3326,95
20260921,3,3337,892
20260921,3,334,351
20260921,3,3341,3576
20260921,3,3349,1303
20260921,3,3359,106
20260921,3,3361,2313
20260921,3,3378,2353
20260921,3,3383,142
20260921,3,3409,2411
20260921,3,3432,43
20260921,3,3438,1374
20260921,3,3455,1244
20260921,3,346,3283
20260921,3,348,1277
20260921,3,35,1323
20260921,3,356,1016
20260921,3,358,2922
20260921,3,3584,3601
20260921,3,3588,3352
20260921,3,3592,102
20260921,3,3596,1522
20260921,3,3610,9
20260921,3,3649,212
20260921,3,365,54
20260921,3,3653,1579
20260921,3,3654,1243
20260921,3,3668,1208
20260921,3,3670,1084
20260921,3,3675,1016
20260921,3,3679,3598
20260921,3,368,2558
20260921,3,3714,1457
20260921,3,3718,2411
20260921,3,372,861
20260921,3,3720,230
20260921,3,3723,1962
20260921,3,3724,1530
20260921,3,373,1408
20260921,3,3733,759
20260921,3,3734,1405
20260921,3,374,1189
20260921,3,3747,1694
20260921,3,382,350
20260921,3,3851,767
20260921,3,3861,1087
20260921,3,3875,1552
20260921,3,3916,653
20260921,3,399,875
20260921,3,4054,3009
20260921,3,472,2865
20260921,3,48,988
20260921,3,485,926
20260921,3,490,626
20260921,3,491,1697
20260921,3,494,1046
20260921,3,517,2216
20260921,3,53,1924
20260921,3,556,3011
20260921,3,562,117
20260921,3,58,2078
20260921,3,598,32
20260921,3,60,1140
20260921,3,605,1465
20260921,3,62,1711
20260921,3,620,3666
20260921,3,627,590
20260921,3,680,167
20260921,3,69,949
20260921,3,70,93
20260921,3,71,1117
20260921,3,736,109
20260921,3,74,527
20260921,3,749,51
20260921,3,754,1579
20260921,3,756,27
20260921,3,766,1110
20260921,3,768,1857
20260921,3,769,236
20260921,3,771,1179
20260921,3,793,3348
20260921,3,799,2288
20260921,3,800,2115
20260921,3,802,3585
20260921,3,803,1706
20260921,3,81,1288
20260921,3,811,1144
20260921,3,829,339
20260921,3,83,677
20260921,3,840,2456
20260921,3,854,541
20260921,3,858,3600
20260921,3,862,3234
20260921,3,863,2987
20260921,3,870,2950
20260921,3,879,991
20260921,3,881,948
20260921,3,884,991
20260921,3,885,3384
20260921,3,886,3583
20260921,3,893,1944
20260921,3,899,874
20260921,3,906,1247
20260921,3,915,1115
20260921,3,920,1251
20260921,3,924,1247
20260921,3,927,1000
20260921,3,930,2553
20260921,3,935,1292
20260921,3,937,1558
20260921,3,94,95
20260921,3,942,3238
20260921,3,943,883
20260921,3,950,949
20260921,3,958,951
20260921,3,960,1225
20260921,3,968,876
20260921,3,97,352
20260921,3,973,971
20260921,3,989,3917
20260921,4,1007,1093
20260921,4,1094,777
20260921,4,1114,2064
20260921,4,1118,1166
20260921,4,112,2322
20260921,4,1128,2180
20260921,4,1131,1376
20260921,4,1140,1660
20260921,4,1141,35
20260921,4,1143,1133
20260921,4,1144,1134
20260921,4,1154,1399
20260921,4,1163,2036
20260921,4,1172,591
20260921,4,1173,3583
20260921,4,1179,771
20260921,4,118,505
20260921,4,1181,772
20260921,4,1184,1449
20260921,4,1187,1449
20260921,4,1189,2551
20260921,4,1191,304
20260921,4,1195,2587
20260921,4,1196,3279
20260921,4,1198,131
20260921,4,1211,1342
20260921,4,1232,2557
20260921,4,1234,325
20260921,4,1242,1713
20260921,4,1243,2832
20260921,4,1251,920
20260921,4,1254,992
20260921,4,1259,1582
20260921,4,1268,135
20260921,4,1273,2438
20260921,4,129,2809
20260921,4,1297,249
20260921,4,1302,2375
20260921,4,1311,3728
20260921,4,1312,764
20260921,4,1313,2146
20260921,4,1325,223
20260921,4,1334,418
20260921,4,1337,1333
20260921,4,1356,290
20260921,4,1374,3438
20260921,4,1379,375
20260921,4,1384,705
20260921,4,1391,1051
20260921,4,1393,1395
20260921,4,1394,1787
20260921,4,1403,1787
20260921,4,1407,3193
20260921,4,1408,373
20260921,4,1411,731
20260921,4,1433,1345
20260921,4,1434,367
20260921,4,1435,766
20260921,4,144,1948
20260921,4,1443,1933
20260921,4,1446,342
20260921,4,1452,1595
20260921,4,1463,484
20260921,4,1465,605
20260921,4,1467,1249
20260921,4,1475,3676
20260921,4,1501,1209
20260921,4,1502,4055
20260921,4,1503,3588
20260921,4,1509,84
20260921,4,1518,1303
20260921,4,1519,933
20260921,4,1522,3596
20260921,4,153,3278
20260921,4,1530,3724
20260921,4,1533,969
20260921,4,1534,1360
20260921,4,1538,1787
20260921,4,1542,1182
20260921,4,1550,1139
20260921,4,1551,1139
20260921,4,1557,3
20260921,4,1560,1775
20260921,4,1561,1564
20260921,4,1566,1372
20260921,4,1568,3631
20260921,4,1569,1570
20260921,4,1572,3259
20260921,4,1575,3234
20260921,4,158,986
20260921,4,1580,1778
20260921,4,159,3290
20260921,4,1594,319
20260921,4,16,451
20260921,4,160,54
20260921,4,1602,1612
20260921,4,1603,313
20260921,4,1609,2036
20260921,4,1613,1612
20260921,4,1636,1635
20260921,4,1639,2938
20260921,4,1641,236
20260921,4,1644,2820
20260921,4,1650,958
20260921,4,1652,234
20260921,4,1665,1341
20260921,4,1667,2273
20260921,4,1676,2172
20260921,4,1678,419
20260921,4,1695,1809
20260921,4,1696,394
20260921,4,170,105
20260921,4,1700,1244
20260921,4,1706,1591
20260921,4,1712,62
20260921,4,1715,1438
20260921,4,1717,3222
20260921,4,1765,1051
20260921,4,1769,2580
20260921,4,177,3638
20260921,4,1770,1905
20260921,4,1772,1884
20260921,4,1773,1214
20260921,4,1794,465
20260921,4,1812,2721
20260921,4,1819,65
20260921,4,1831,1660
20260921,4,1832,790
20260921,4,1836,302
20260921,4,1841,391
20260921,4,1844,2102
20260921,4,1863,3318
20260921,4,1871,3284
20260921,4,1878,2662
20260921,4,1915,1843
20260921,4,1931,2101
20260921,4,1936,1156
20260921,4,1943,3455
20260921,4,1944,3589
20260921,4,1949,2087
20260921,4,1950,1906
20260921,4,1975,309
20260921,4,1980,1520
20260921,4,1981,20
20260921,4,1982,2104
20260921,4,1986,1962
20260921,4,2013,2202
20260921,4,2030,1643
20260921,4,2039,2311
20260921,4,2041,898
20260921,4,2042,2167
20260921,4,2047,2222
20260921,4,2050,3368
20260921,4,2055,154
20260921,4,2057,2499
20260921,4,2060,1924
20260921,4,2061,2419
20260921,4,2063,1373
20260921,4,2067,1003
20260921,4,2068,3719
20260921,4,2078,58
20260921,4,2079,2419
20260921,4,2084,3583
20260921,4,2088,3029
20260921,4,2096,2919
20260921,4,2099,2065
20260921,4,2110,3335
20260921,4,2116,2164
20260921,4,2125,2170
20260921,4,2126,2699
20260921,4,2139,1881
20260921,4,214,3006
20260921,4,2155,290
20260921,4,2161,1927
20260921,4,2163,2036
20260921,4,2173,3025
20260921,4,2181,1857
20260921,4,2198,2787
20260921,4,2199,2119
20260921,4,2203,2027
20260921,4,2205,1112
20260921,4,2216,517
20260921,4,2221,696
20260921,4,2224,115
20260921,4,2236,1586
20260921,4,224,2590
20260921,4,2255,956
20260921,4,2257,3218
20260921,4,226,2258
20260921,4,2260,931
20260921,4,2262,19
20260921,4,227,1208
20260921,4,2282,208
20260921,4,2288,230
20260921,4,231,896
20260921,4,2313,3361
20260921,4,235,2855
20260921,4,2355,1835
20260921,4,2357,2349
20260921,4,2361,2109
20260921,4,2363,3917
20260921,4,2389,2944
20260921,4,2392,1082
20260921,4,2412,1526
20260921,4,2421,384
20260921,4,2460,1365
20260921,4,2461,2308
20260921,4,247,2845
20260921,4,25,2338
20260921,4,251,123
20260921,4,2550,1138
20260921,4,2555,2699
20260921,4,2565,1082
20260921,4,2579,2557
20260921,4,2586,1948
20260921,4,2601,3304
20260921,4,2603,2375
20260921,4,2660,1948
20260921,4,268,950
20260921,4,2702,1816
20260921,4,2716,2075
20260921,4,2718,1257
20260921,4,272,1466
20260921,4,2742,2862
20260921,4,2765,2520
20260921,4,277,1174
20260921,4,2775,1167
20260921,4,2781,2968
20260921,4,2822,371
20260921,4,2826,3193
20260921,4,2847,2846
20260921,4,2859,1994
20260921,4,2865,1398
20260921,4,287,1330
20260921,4,288,2160
20260921,4,2894,1809
20260921,4,2914,948
20260921,4,2917,253
20260921,4,2918,2964
20260921,4,2921,3686
20260921,4,2928,24
20260921,4,2929,3234
20260921,4,293,3350
20260921,4,2931,2923
20260921,4,294,1151
20260921,4,2940,1581
20260921,4,2951,410
20260921,4,2953,270
20260921,4,2962,3310
20260921,4,2963,2089
20260921,4,2983,1453
20260921,4,2988,249
20260921,4,3018,505
20260921,4,3028,1113
20260921,4,3038,3007
20260921,4,31,1228
20260921,4,310,181
20260921,4,3127,165
20260921,4,3211,3638
20260921,4,3229,2298
20260921,4,3249,2960
20260921,4,3251,27
20260921,4,3262,2960
20260921,4,3264,2908
20260921,4,3283,2987
20260921,4,3285,933
20260921,4,3286,680
20260921,4,3294,84
20260921,4,3305,3041
20260921,4,3373,2141
20260921,4,3376,2557
20260921,4,3381,1456
20260921,4,339,829
20260921,4,34,531
20260921,4,341,3856
20260921,4,3430,1244
20260921,4,3435,1940
20260921,4,3440,951
20260921,4,345,307
20260921,4,350,382
20260921,4,351,334
20260921,4,3513,1000
20260921,4,3582,1701
20260921,4,3590,241
20260921,4,3591,219
20260921,4,3597,2287
20260921,4,36,2118
20260921,4,3602,2920
20260921,4,3609,2813
20260921,4,3614,2554
20260921,4,363,3586
20260921,4,3639,1429
20260921,4,3641,286
20260921,4,3642,1402
20260921,4,3643,1422
20260921,4,3647,1430
20260921,4,3713,3585
20260921,4,3729,83
20260921,4,376,3612
20260921,4,3796,983
20260921,4,3818,3765
20260921,4,3831,2539
20260921,4,3854,3635
20260921,4,3862,1468
20260921,4,3864,2471
20260921,4,3871,2724
20260921,4,39,1991
20260921,4,4,5
20260921,4,400,3379
20260921,4,4053,911
20260921,4,4056,1270
20260921,4,41,2073
20260921,4,415,1983
20260921,4,420,2944
20260921,4,45,497
20260921,4,457,243
20260921,4,46,1159
20260921,4,464,326
20260921,4,49,253
20260921,4,492,2587
20260921,4,499,3640
20260921,4,504,436
20260921,4,515,1200
20260921,4,520,531
20260921,4,522,301
20260921,4,537,908
20260921,4,552,133
20260921,4,553,102
20260921,4,57,275
20260921,4,589,1238
20260921,4,609,2087
20260921,4,61,56
20260921,4,611,1914
20260921,4,632,2750
20260921,4,637,337
20260921,4,639,1156
20260921,4,652,1389
20260921,4,66,793
20260921,4,661,750
20260921,4,671,1713
20260921,4,677,83
20260921,4,686,2292
20260921,4,688,867
20260921,4,697,1523
20260921,4,716,3303
20260921,4,730,1134
20260921,4,733,1236
20260921,4,742,2377
20260921,4,743,1168
20260921,4,744,260
20260921,4,757,2011
20260921,4,759,2367
20260921,4,76,133
20260921,4,760,2200
20260921,4,765,3335
20260921,4,767,3851
20260921,4,77,517
20260921,4,773,1506
20260921,4,778,3027
20260921,4,78,517
20260921,4,788,2944
20260921,4,80,215
20260921,4,817,97
20260921,4,82,1431
20260921,4,845,795
20260921,4,852,1342
20260921,4,883,865
20260921,4,9,864
20260921,4,90,303
20260921,4,914,3735
20260921,4,93,1913
20260921,4,938,2661
20260921,4,944,1776
20260921,4,949,950
20260921,4,95,94
20260921,4,952,155
20260921,4,953,96
20260921,4,957,1598
20260921,4,961,1155
20260921,4,984,240
20260921,4,985,481
20260921,4,99,2593
20260921,4,995,1062
20260922,0,100,3257
20260922,0,1018,987
20260922,0,1039,91
20260922,0,1046,2135
20260922,0,1051,1391
20260922,0,1059,1877
20260922,0,1089,1303
20260922,0,1091,263
20260922,0,1094,2058
20260922,0,1108,1214
20260922,0,1109,3190
20260922,0,1111,1219
20260922,0,1116,862
20260922,0,1120,1291
20260922,0,1121,134
20260922,0,1122,3225
20260922,0,1134,730
20260922,0,1143,1133
20260922,0,1144,730
20260922,0,1145,1008
20260922,0,1147,1149
20260922,0,1148,493
20260922,0,1151,1106
20260922,0,116,2852
20260922,0,1164,1430
20260922,0,1189,2551
20260922,0,1209,132
20260922,0,121,3042
20260922,0,1211,1342
20260922,0,1213,3306
20260922,0,1231,2131
20260922,0,1233,1425
20260922,0,1235,143
20260922,0,1237,947
20260922,0,1240,1456
20260922,0,1241,122
20260922,0,1245,2860
20260922,0,1247,906
20260922,0,1250,29
20260922,0,1253,3728
20260922,0,1257,2718
20260922,0,1261,906
20260922,0,1264,263
20260922,0,127,1115
20260922,0,1270,4056
20260922,0,1292,3587
20260922,0,1296,2786
20260922,0,1317,1226
20260922,0,1322,531
20260922,0,1325,223
20260922,0,1327,1561
20260922,0,1328,2430
20260922,0,1329,1578
20260922,0,1333,1337
20260922,0,1336,1127
20260922,0,136,2273
20260922,0,1365,2460
20260922,0,1372,1186
20260922,0,1375,219
20260922,0,138,160
20260922,0,1381,1186
20260922,0,1384,1196
20260922,0,139,2146
20260922,0,1397,181
20260922,0,1410,2297
20260922,0,1416,384
20260922,0,1418,31
20260922,0,1422,1332
20260922,0,1428,3017
20260922,0,1438,1715
20260922,0,1441,930
20260922,0,1452,1595
20260922,0,1455,1449
20260922,0,1457,2539
20260922,0,1460,1570
20260922,0,1468,3862
20260922,0,1472,3284
20260922,0,1473,624
20260922,0,1475,3676
20260922,0,15,2952
20260922,0,1502,4055
20260922,0,1503,3588
20260922,0,1508,1152
20260922,0,1516,2196
20260922,0,1517,963
20260922,0,1518,1303
20260922,0,152,2398
20260922,0,1520,1676
20260922,0,1522,3596
20260922,0,1533,669
20260922,0,1539,2787
20260922,0,154,2860
20260922,0,1557,3
20260922,0,1559,248
20260922,0,1580,1778
20260922,0,1587,2597
20260922,0,1588,961
20260922,0,1592,1162
20260922,0,1602,1612
20260922,0,1641,237
20260922,0,165,3373
20260922,0,1650,958
20260922,0,1668,1648
20260922,0,1669,1778
20260922,0,1673,161
20260922,0,1698,1768
20260922,0,1699,1924
20260922,0,17,527
20260922,0,1701,3582
20260922,0,1716,488
20260922,0,173,1255
20260922,0,175,1152
20260922,0,1765,1391
20260922,0,1772,34
20260922,0,1776,944
20260922,0,1783,1576
20260922,0,1788,322
20260922,0,1792,1299
20260922,0,1798,3637
20260922,0,1799,495
20260922,0,1809,2894
20260922,0,1816,2702
20260922,0,1831,1141
20260922,0,1835,2355
20260922,0,1860,1158
20260922,0,1864,2355
20260922,0,1865,951
20260922,0,1906,1950
20260922,0,1920,1252
20260922,0,1923,2177
20260922,0,1929,932
20260922,0,1933,353
20260922,0,1944,2983
20260922,0,1959,2490
20260922,0,1962,2470
20260922,0,1968,2177
20260922,0,1969,3593
20260922,0,1971,2101
20260922,0,1981,20
20260922,0,1982,1836
20260922,0,1992,1922
20260922,0,2027,2203
20260922,0,2036,2163
20260922,0,2041,898
20260922,0,2051,2832
20260922,0,2059,2025
20260922,0,2060,1924
20260922,0,2064,1114
20260922,0,2072,2447
20260922,0,2082,1188
20260922,0,2088,3029
20260922,0,2093,2031
20260922,0,2102,1844
20260922,0,2105,772
20260922,0,2109,3766
20260922,0,2113,2439
20260922,0,2116,2164
20260922,0,2117,2935
20260922,0,2118,2218
20260922,0,2129,3358
20260922,0,2132,2020
20260922,0,2139,1881
20260922,0,214,3006
20260922,0,2141,3373
20260922,0,2158,1013
20260922,0,2172,1676
20260922,0,2176,2206
20260922,0,218,30
20260922,0,2184,970
20260922,0,2198,2787
20260922,0,2202,2121
20260922,0,2224,115
20260922,0,2260,931
20260922,0,2262,19
20260922,0,2265,1157
20260922,0,2266,283
20260922,0,227,1519
20260922,0,2274,1665
20260922,0,228,2123
20260922,0,2298,1386
20260922,0,2309,1891
20260922,0,231,438
20260922,0,2311,2039
20260922,0,2313,3361
20260922,0,2319,989
20260922,0,2332,2131
20260922,0,2341,1106
20260922,0,2349,2086
20260922,0,235,2855
20260922,0,236,769
20260922,0,2361,882
20260922,0,2392,1082
20260922,0,24,2928
20260922,0,2403,1458
20260922,0,2414,2272
20260922,0,2421,384
20260922,0,2436,3338
20260922,0,2450,2687
20260922,0,2457,20
20260922,0,2484,1870
20260922,0,2496,1429
20260922,0,25,2338
20260922,0,251,123
20260922,0,2589,1775
20260922,0,2591,2488
20260922,0,2603,1302
20260922,0,2611,3273
20260922,0,2655,2165
20260922,0,2683,2080
20260922,0,270,1677
20260922,0,2720,3431
20260922,0,2724,2119
20260922,0,2747,1289
20260922,0,275,57
20260922,0,2770,2742
20260922,0,2775,1167
20260922,0,2779,1877
20260922,0,2813,1430
20260922,0,2827,1218
20260922,0,2828,1576
20260922,0,2848,2217
20260922,0,2849,2644
20260922,0,2859,1994
20260922,0,2889,260
20260922,0,2916,970
20260922,0,2929,2928
20260922,0,293,3350
20260922,0,2953,112
20260922,0,2978,81
20260922,0,2989,3358
20260922,0,3004,2053
20260922,0,3018,2701
20260922,0,3022,2257
20260922,0,3023,685
20260922,0,303,1357
20260922,0,3032,3352
20260922,0,3038,3007
20260922,0,305,2587
20260922,0,3066,1833
20260922,0,308,981
20260922,0,309,1092
20260922,0,3127,2656
20260922,0,3131,3233
20260922,0,3160,2701
20260922,0,3189,495
20260922,0,3193,3305
20260922,0,3196,3238
20260922,0,3204,3383
20260922,0,3209,1696
20260922,0,3210,3847
20260922,0,3212,701
20260922,0,3214,2193
20260922,0,3217,905
20260922,0,3219,1127
20260922,0,3224,1648
20260922,0,3229,1386
20260922,0,3245,3399
20260922,0,3248,3284
20260922,0,3249,2960
20260922,0,3258,2909
20260922,0,3262,2960
20260922,0,3264,2908
20260922,0,3279,1893
20260922,0,3285,89
20260922,0,3290,1087
20260922,0,3308,285
20260922,0,3310,2264
20260922,0,3313,1986
20260922,0,3318,1863
20260922,0,3325,26
20260922,0,3341,1476
20260922,0,3349,1303
20260922,0,3351,2070
20260922,0,3356,1269
20260922,0,3359,106
20260922,0,3368,2050
20260922,0,3384,885
20260922,0,339,829
20260922,0,3430,1244
20260922,0,3432,43
20260922,0,3435,1940
20260922,0,344,315
20260922,0,348,499
20260922,0,3492,7
20260922,0,35,1323
20260922,0,352,169
20260922,0,3597,2287
20260922,0,3599,3656
20260922,0,36,269
20260922,0,3605,1110
20260922,0,3607,3594
20260922,0,3617,1303
20260922,0,3625,916
20260922,0,3634,1382
20260922,0,3641,1394
20260922,0,3649,212
20260922,0,3653,754
20260922,0,366,11
20260922,0,3666,620
20260922,0,3667,3713
20260922,0,373,1408
20260922,0,3734,3610
20260922,0,376,3612
20260922,0,3831,2539
20260922,0,3854,3635
20260922,0,3857,940
20260922,0,3861,1087
20260922,0,39,1991
20260922,0,3903,151
20260922,0,3917,2363
20260922,0,401,2025
20260922,0,420,1509
20260922,0,426,311
20260922,0,436,239
20260922,0,449,488
20260922,0,464,326
20260922,0,471,1430
20260922,0,478,335
20260922,0,479,1594
20260922,0,481,985
20260922,0,482,3017
20260922,0,496,1924
20260922,0,505,118
20260922,0,520,531
20260922,0,521,1433
20260922,0,536,3676
20260922,0,537,3012
20260922,0,541,854
20260922,0,549,1161
20260922,0,558,1357
20260922,0,561,2193
20260922,0,587,2106
20260922,0,59,679
20260922,0,60,1140
20260922,0,619,2597
20260922,0,634,1940
20260922,0,64,2003
20260922,0,662,470
20260922,0,69,870
20260922,0,705,2032
20260922,0,716,3303
20260922,0,731,1411
20260922,0,736,109
20260922,0,752,215
20260922,0,76,133
20260922,0,760,2200
20260922,0,773,961
20260922,0,777,2716
20260922,0,793,3348
20260922,0,794,2701
20260922,0,795,845
20260922,0,80,215
20260922,0,811,1538
20260922,0,840,2456
20260922,0,848,1590
20260922,0,849,1173
20260922,0,85,765
20260922,0,850,3343
20260922,0,852,1342
20260922,0,871,1288
20260922,0,873,1464
20260922,0,876,968
20260922,0,879,991
20260922,0,88,2988
20260922,0,884,886
20260922,0,891,1583
20260922,0,896,438
20260922,0,90,375
20260922,0,900,940
20260922,0,908,3012
20260922,0,911,4053
20260922,0,915,1115
20260922,0,920,1251
20260922,0,921,4057
20260922,0,933,3916
20260922,0,942,3238
20260922,0,946,3379
20260922,0,95,94
20260922,0,96,2671
20260922,0,960,1225
20260922,0,973,971
20260922,0,978,1523
20260922,0,982,428
20260922,1,1,3445
20260922,1,1005,2750
20260922,1,1011,391
20260922,1,1038,883
20260922,1,107,2200
20260922,1,1084,3670
20260922,1,1086,1342
20260922,1,109,83
20260922,1,1096,2863
20260922,1,110,251
20260922,1,1112,2205
20260922,1,1113,1927
20260922,1,1118,1166
20260922,1,1123,3225
20260922,1,1128,2180
20260922,1,1146,1106
20260922,1,115,2465
20260922,1,1154,1399
20260922,1,1157,2265
20260922,1,1158,1860
20260922,1,1159,2593
20260922,1,1171,1942
20260922,1,1172,591
20260922,1,1174,513
20260922,1,1176,1420
20260922,1,1181,772
20260922,1,1191,304
20260922,1,1200,762
20260922,1,1218,2827
20260922,1,1221,783
20260922,1,1244,3430
20260922,1,1251,920
20260922,1,1252,2808
20260922,1,1254,16
20260922,1,126,307
20260922,1,1262,2694
20260922,1,1268,135
20260922,1,1269,3356
20260922,1,1273,2438
20260922,1,128,1865
20260922,1,1288,81
20260922,1,1289,696
20260922,1,1290,3668
20260922,1,1294,976
20260922,1,130,1225
20260922,1,1302,2375
20260922,1,1304,1164
20260922,1,131,1198
20260922,1,1312,1311
20260922,1,1313,2146
20260922,1,1319,1140
20260922,1,1323,35
20260922,1,133,76
20260922,1,1335,2572
20260922,1,1338,134
20260922,1,1339,898
20260922,1,1341,520
20260922,1,1348,1131
20260922,1,1360,169
20260922,1,137,1864
20260922,1,1376,1131
20260922,1,1383,2495
20260922,1,1385,2590
20260922,1,1386,2298
20260922,1,1401,3804
20260922,1,1405,3734
20260922,1,141,3033
20260922,1,1411,731
20260922,1,1424,1836
20260922,1,1425,1233
20260922,1,1430,2813
20260922,1,1431,983
20260922,1,1436,1183
20260922,1,1443,1933
20260922,1,1444,1562
20260922,1,1448,768
20260922,1,1459,3586
20260922,1,1462,3593
20260922,1,1469,986
20260922,1,1476,3341
20260922,1,148,14
20260922,1,1505,1599
20260922,1,1507,1234
20260922,1,1514,1236
20260922,1,1515,3226
20260922,1,1521,653
20260922,1,1526,144
20260922,1,1538,1787
20260922,1,1546,1395
20260922,1,1554,2750
20260922,1,1558,2165
20260922,1,1568,3631
20260922,1,1569,1570
20260922,1,1572,3259
20260922,1,1575,2928
20260922,1,1576,2828
20260922,1,1577,1669
20260922,1,1579,1669
20260922,1,1583,891
20260922,1,1584,982
20260922,1,1590,848
20260922,1,1591,2965
20260922,1,1597,3613
20260922,1,1606,2961
20260922,1,1607,216
20260922,1,161,1673
20260922,1,1612,1602
20260922,1,1614,346
20260922,1,162,2662
20260922,1,163,2968
20260922,1,1637,1121
20260922,1,1654,1787
20260922,1,1656,234
20260922,1,1676,2172
20260922,1,1694,600
20260922,1,1695,1809
20260922,1,1700,2553
20260922,1,1703,3117
20260922,1,1706,1456
20260922,1,171,3355
20260922,1,1713,1242
20260922,1,1767,2104
20260922,1,1773,1530
20260922,1,18,307
20260922,1,183,2465
20260922,1,1830,35
20260922,1,1833,97
20260922,1,1839,63
20260922,1,1841,391
20260922,1,1843,1915
20260922,1,1844,2102
20260922,1,1857,619
20260922,1,1868,1925
20260922,1,1870,48
20260922,1,1878,743
20260922,1,1881,1332
20260922,1,1891,2309
20260922,1,190,2655
20260922,1,1907,2032
20260922,1,1913,93
20260922,1,1919,2114
20260922,1,192,983
20260922,1,1945,1948
20260922,1,1976,1821
20260922,1,1997,3025
20260922,1,2,2955
20260922,1,2020,2132
20260922,1,2030,1643
20260922,1,2033,35
20260922,1,2042,2167
20260922,1,2048,1774
20260922,1,2058,487
20260922,1,206,1192
20260922,1,2062,876
20260922,1,2065,2099
20260922,1,2067,1003
20260922,1,2068,3719
20260922,1,2070,3351
20260922,1,2071,457
20260922,1,2078,58
20260922,1,2081,2112
20260922,1,2086,1831
20260922,1,2096,2989
20260922,1,2106,587
20260922,1,211,1960
20260922,1,2110,3335
20260922,1,2115,800
20260922,1,2119,155
20260922,1,2125,2170
20260922,1,2134,2131
20260922,1,2144,2682
20260922,1,2162,2099
20260922,1,2163,2036
20260922,1,2169,2855
20260922,1,217,2939
20260922,1,2173,3025
20260922,1,2181,2597
20260922,1,219,1375
20260922,1,2197,2187
20260922,1,22,783
20260922,1,2206,2176
20260922,1,2209,3655
20260922,1,2213,1774
20260922,1,2216,517
20260922,1,2222,2520
20260922,1,2232,623
20260922,1,224,2061
20260922,1,2256,2255
20260922,1,2261,3621
20260922,1,2263,1124
20260922,1,2286,3207
20260922,1,2353,3378
20260922,1,2358,2302
20260922,1,2363,3917
20260922,1,2367,759
20260922,1,2430,1328
20260922,1,244,1962
20260922,1,2441,666
20260922,1,2464,1914
20260922,1,2467,2411
20260922,1,248,2587
20260922,1,2488,2439
20260922,1,2499,2750
20260922,1,2518,241
20260922,1,2523,1167
20260922,1,2537,2825
20260922,1,254,1692
20260922,1,2577,1452
20260922,1,2579,2557
20260922,1,2588,1332
20260922,1,2599,1963
20260922,1,26,2671
20260922,1,260,2889
20260922,1,2606,2061
20260922,1,2646,2326
20260922,1,2668,2025
20260922,1,267,1922
20260922,1,2702,1950
20260922,1,2721,2598
20260922,1,273,2265
20260922,1,2742,2770
20260922,1,2746,1257
20260922,1,276,345
20260922,1,2773,989
20260922,1,2776,1422
20260922,1,278,1801
20260922,1,2784,1009
20260922,1,2809,3312
20260922,1,2822,371
20260922,1,2823,778
20260922,1,284,253
20260922,1,2847,2846
20260922,1,2850,2517
20260922,1,286,1394
20260922,1,2862,2116
20260922,1,2864,2170
20260922,1,2894,1809
20260922,1,2908,1033
20260922,1,2909,3258
20260922,1,2917,253
20260922,1,2919,3861
20260922,1,2920,3602
20260922,1,2921,3686
20260922,1,2932,1718
20260922,1,2935,2117
20260922,1,2938,891
20260922,1,2945,2928
20260922,1,2948,2922
20260922,1,2949,2939
20260922,1,2951,2470
20260922,1,298,963
20260922,1,2998,1613
20260922,1,3,1136
20260922,1,30,35
20260922,1,3003,3314
20260922,1,3006,214
20260922,1,3008,2987
20260922,1,3009,1225
20260922,1,3011,2911
20260922,1,3027,778
20260922,1,3030,2719
20260922,1,3041,3305
20260922,1,31,1228
20260922,1,311,1241
20260922,1,3128,3004
20260922,1,3194,3037
20260922,1,32,2003
20260922,1,3233,3131
20260922,1,3234,2928
20260922,1,3239,3305
20260922,1,3254,2911
20260922,1,3273,2611
20260922,1,3283,2987
20260922,1,3284,971
20260922,1,3286,680
20260922,1,3300,3264
20260922,1,3311,2264
20260922,1,3315,3044
20260922,1,3333,149
20260922,1,3343,1137
20260922,1,3344,1467
20260922,1,3348,793
20260922,1,3350,293
20260922,1,3353,1122
20260922,1,336,1715
20260922,1,3381,1456
20260922,1,3399,1690
20260922,1,34,520
20260922,1,341,3856
20260922,1,342,1080
20260922,1,3438,1374
20260922,1,3455,1943
20260922,1,356,1016
20260922,1,3583,2084
20260922,1,3585,3713
20260922,1,3594,3607
20260922,1,3598,3679
20260922,1,3603,1291
20260922,1,3610,3734
20260922,1,3612,8
20260922,1,3638,1107
20260922,1,3647,1130
20260922,1,3662,1987
20260922,1,3669,3200
20260922,1,367,76
20260922,1,3676,2930
20260922,1,368,2558
20260922,1,3680,2379
20260922,1,3715,2278
20260922,1,3729,3264
20260922,1,374,1189
20260922,1,3747,600
20260922,1,3853,3215
20260922,1,3871,2724
20260922,1,3888,1478
20260922,1,394,2120
20260922,1,403,95
20260922,1,4054,1249
20260922,1,410,4
20260922,1,44,2177
20260922,1,45,497
20260922,1,451,2272
20260922,1,468,3624
20260922,1,480,19
20260922,1,484,1463
20260922,1,490,3024
20260922,1,492,2587
20260922,1,493,19
20260922,1,494,1046
20260922,1,495,1799
20260922,1,51,3386
20260922,1,515,1256
20260922,1,518,976
20260922,1,531,520
20260922,1,532,1927
20260922,1,535,1109
20260922,1,553,16
20260922,1,57,275
20260922,1,598,3379
20260922,1,606,1166
20260922,1,614,1397
20260922,1,62,1711
20260922,1,624,1473
20260922,1,627,590
20260922,1,638,2229
20260922,1,65,2258
20260922,1,656,2915
20260922,1,67,1135
20260922,1,671,1242
20260922,1,72,40
20260922,1,74,527
20260922,1,744,316
20260922,1,754,3653
20260922,1,758,3198
20260922,1,761,309
20260922,1,764,3212
20260922,1,77,517
20260922,1,771,1179
20260922,1,790,1832
20260922,1,799,1215
20260922,1,802,3713
20260922,1,803,960
20260922,1,804,2264
20260922,1,845,552
20260922,1,853,3596
20260922,1,856,840
20260922,1,860,1093
20260922,1,867,2555
20260922,1,868,234
20260922,1,870,69
20260922,1,872,3626
20260922,1,878,923
20260922,1,918,917
20260922,1,928,3200
20260922,1,932,1929
20260922,1,936,3586
20260922,1,940,3857
20260922,1,953,96
20260922,1,956,2255
20260922,1,959,991
20260922,1,980,1231
20260922,1,985,481
20260922,1,992,1789
20260922,2,1009,2644
20260922,2,1014,2979
20260922,2,102,3592
20260922,2,108,653
20260922,2,1082,2392
20260922,2,1088,3606
20260922,2,1092,309
20260922,2,1093,860
20260922,2,11,520
20260922,2,1103,846
20260922,2,1106,19
20260922,2,111,2216
20260922,2,1119,69
20260922,2,1130,3647
20260922,2,1131,1376
20260922,2,1132,1185
20260922,2,1138,1113
20260922,2,1140,1660
20260922,2,1141,1831
20260922,2,1150,1146
20260922,2,1156,492
20260922,2,1168,743
20260922,2,1169,1593
20260922,2,117,562
20260922,2,1178,2308
20260922,2,1179,771
20260922,2,118,505
20260922,2,1180,1380
20260922,2,119,469
20260922,2,1190,1192
20260922,2,1195,492
20260922,2,1196,2983
20260922,2,1214,3854
20260922,2,1215,799
20260922,2,1217,3214
20260922,2,1219,1111
20260922,2,1222,3647
20260922,2,1223,1173
20260922,2,1226,1875
20260922,2,123,1424
20260922,2,1230,1134
20260922,2,1232,3376
20260922,2,1238,2943
20260922,2,1256,2922
20260922,2,1259,1247
20260922,2,1263,1239
20260922,2,1286,3606
20260922,2,1297,249
20260922,2,1311,3728
20260922,2,1320,1660
20260922,2,1326,1913
20260922,2,1330,287
20260922,2,134,1121
20260922,2,1340,3650
20260922,2,1345,1433
20260922,2,135,2217
20260922,2,1353,605
20260922,2,1355,122
20260922,2,1359,2833
20260922,2,1373,2063
20260922,2,1374,3438
20260922,2,1378,753
20260922,2,1393,1395
20260922,2,1394,1787
20260922,2,1398,610
20260922,2,140,1197
20260922,2,1402,1465
20260922,2,1407,3305
20260922,2,1432,1231
20260922,2,1434,3582
20260922,2,1445,2561
20260922,2,1447,1571
20260922,2,1449,1185
20260922,2,1466,272
20260922,2,1478,2255
20260922,2,1491,661
20260922,2,1510,1316
20260922,2,1524,743
20260922,2,1535,1015
20260922,2,1543,1173
20260922,2,155,2119
20260922,2,1551,1139
20260922,2,1555,656
20260922,2,1556,1287
20260922,2,1566,1372
20260922,2,1573,1603
20260922,2,1578,1329
20260922,2,1582,1329
20260922,2,1585,499
20260922,2,1586,867
20260922,2,159,3290
20260922,2,1595,1452
20260922,2,1596,2499
20260922,2,160,957
20260922,2,1601,24
20260922,2,1615,1026
20260922,2,1633,25
20260922,2,1636,1635
20260922,2,1642,3225
20260922,2,1644,2820
20260922,2,1648,1650
20260922,2,1649,1650
20260922,2,1651,3312
20260922,2,1653,1401
20260922,2,1657,136
20260922,2,1667,2273
20260922,2,1670,1154
20260922,2,1678,45
20260922,2,1682,1376
20260922,2,1693,136
20260922,2,1704,1083
20260922,2,1711,62
20260922,2,1715,1438
20260922,2,177,2770
20260922,2,1770,1905
20260922,2,1775,2589
20260922,2,1790,2794
20260922,2,1794,465
20260922,2,1801,2559
20260922,2,1803,251
20260922,2,1807,182
20260922,2,181,1397
20260922,2,1812,2721
20260922,2,1819,65
20260922,2,1821,1976
20260922,2,1829,605
20260922,2,1836,302
20260922,2,184,239
20260922,2,1862,1697
20260922,2,1882,3670
20260922,2,1893,3279
20260922,2,191,793
20260922,2,1915,1843
20260922,2,1924,53
20260922,2,1925,2398
20260922,2,1942,2450
20260922,2,1947,1913
20260922,2,1948,144
20260922,2,1975,1312
20260922,2,1991,39
20260922,2,1994,2859
20260922,2,2003,32
20260922,2,2010,1095
20260922,2,2012,2392
20260922,2,2018,2539
20260922,2,2031,2093
20260922,2,2032,1907
20260922,2,2039,2311
20260922,2,2047,2222
20260922,2,2049,2112
20260922,2,207,1264
20260922,2,2079,2419
20260922,2,208,2282
20260922,2,2080,2683
20260922,2,2084,3583
20260922,2,2107,1961
20260922,2,2108,2072
20260922,2,212,3649
20260922,2,2120,1705
20260922,2,2126,2699
20260922,2,2128,2157
20260922,2,2159,1563
20260922,2,2160,288
20260922,2,2164,150
20260922,2,2177,1923
20260922,2,2182,1229
20260922,2,2187,1473
20260922,2,2199,1844
20260922,2,2201,2229
20260922,2,2205,1112
20260922,2,2207,2302
20260922,2,2218,2118
20260922,2,2221,2979
20260922,2,2226,2349
20260922,2,223,1325
20260922,2,2236,1809
20260922,2,2289,1959
20260922,2,2292,339
20260922,2,2297,1410
20260922,2,2338,25
20260922,2,234,1656
20260922,2,2355,1864
20260922,2,2357,652
20260922,2,237,430
20260922,2,2379,3680
20260922,2,238,2833
20260922,2,2410,2439
20260922,2,2411,3718
20260922,2,242,948
20260922,2,2438,2447
20260922,2,2456,840
20260922,2,247,3211
20260922,2,2470,3606
20260922,2,2471,1107
20260922,2,2490,1959
20260922,2,2517,2850
20260922,2,2551,1189
20260922,2,2554,3614
20260922,2,2556,2143
20260922,2,2574,2055
20260922,2,2580,2824
20260922,2,2585,1420
20260922,2,2586,144
20260922,2,2587,492
20260922,2,2590,1188
20260922,2,2592,144
20260922,2,2609,1844
20260922,2,266,2989
20260922,2,2681,2392
20260922,2,269,2118
20260922,2,2716,2075
20260922,2,2718,1257
20260922,2,2750,2499
20260922,2,2765,2520
20260922,2,277,1174
20260922,2,2781,2968
20260922,2,28,959
20260922,2,2845,2561
20260922,2,285,3308
20260922,2,2852,116
20260922,2,2865,2894
20260922,2,289,2589
20260922,2,292,467
20260922,2,2928,24
20260922,2,2931,2923
20260922,2,2939,217
20260922,2,2940,1581
20260922,2,2950,870
20260922,2,2955,2
20260922,2,2959,2197
20260922,2,2965,1170
20260922,2,2967,3131
20260922,2,2987,3283
20260922,2,2988,457
20260922,2,299,2358
20260922,2,2997,2828
20260922,2,301,74
20260922,2,3025,1997
20260922,2,3026,620
20260922,2,3028,2550
20260922,2,3029,2088
20260922,2,3033,29
20260922,2,3034,2100
20260922,2,3037,3194
20260922,2,3043,2961
20260922,2,3044,3315
20260922,2,307,18
20260922,2,3103,626
20260922,2,3117,1703
20260922,2,3190,1599
20260922,2,3195,481
20260922,2,3200,928
20260922,2,3208,3650
20260922,2,3223,1233
20260922,2,3226,1515
20260922,2,3243,2849
20260922,2,3255,2846
20260922,2,3266,336
20260922,2,3274,14
20260922,2,3294,3285
20260922,2,33,2494
20260922,2,3302,2996
20260922,2,3303,716
20260922,2,3304,2601
20260922,2,3306,3249
20260922,2,3314,3003
20260922,2,3326,94
20260922,2,3335,2110
20260922,2,334,351
20260922,2,335,4
20260922,2,3378,2353
20260922,2,3383,142
20260922,2,3440,1865
20260922,2,3441,2175
20260922,2,3446,1152
20260922,2,345,18
20260922,2,3513,1000
20260922,2,358,2922
20260922,2,3586,1459
20260922,2,3589,3459
20260922,2,3595,1519
20260922,2,3604,653
20260922,2,3609,2813
20260922,2,3611,161
20260922,2,3621,2261
20260922,2,3624,468
20260922,2,3626,2863
20260922,2,363,1459
20260922,2,3633,608
20260922,2,3635,3854
20260922,2,3637,480
20260922,2,3642,1564
20260922,2,365,3022
20260922,2,3652,1247
20260922,2,3679,906
20260922,2,3714,1457
20260922,2,3716,1874
20260922,2,3719,2068
20260922,2,3720,230
20260922,2,3735,69
20260922,2,375,1929
20260922,2,3766,758
20260922,2,3818,3765
20260922,2,383,1026
20260922,2,3851,768
20260922,2,3864,3207
20260922,2,3875,1552
20260922,2,40,72
20260922,2,4057,3325
20260922,2,4058,214
20260922,2,419,288
20260922,2,42,1544
20260922,2,43,3432
20260922,2,438,199
20260922,2,439,777
20260922,2,47,1690
20260922,2,488,449
20260922,2,497,45
20260922,2,517,2216
20260922,2,54,2952
20260922,2,540,470
20260922,2,552,845
20260922,2,591,1172
20260922,2,600,1694
20260922,2,622,3631
20260922,2,63,890
20260922,2,632,1554
20260922,2,639,1936
20260922,2,640,349
20260922,2,663,1839
20260922,2,666,2441
20260922,2,669,1533
20260922,2,696,1289
20260922,2,70,1913
20260922,2,701,3212
20260922,2,711,2377
20260922,2,718,768
20260922,2,737,1016
20260922,2,759,2367
20260922,2,762,1200
20260922,2,766,1110
20260922,2,772,1181
20260922,2,778,3027
20260922,2,78,1379
20260922,2,806,931
20260922,2,81,2978
20260922,2,810,1375
20260922,2,829,339
20260922,2,84,83
20260922,2,854,541
20260922,2,857,2175
20260922,2,858,3600
20260922,2,862,3600
20260922,2,874,899
20260922,2,880,2150
20260922,2,881,948
20260922,2,883,865
20260922,2,885,3384
20260922,2,886,884
20260922,2,892,3337
20260922,2,893,1944
20260922,2,894,2836
20260922,2,897,485
20260922,2,898,2041
20260922,2,905,3217
20260922,2,927,1000
20260922,2,929,860
20260922,2,93,1913
20260922,2,938,464
20260922,2,945,3222
20260922,2,951,1865
20260922,2,955,1464
20260922,2,968,876
20260922,2,970,2184
20260922,2,971,3669
20260922,2,972,928
20260922,2,976,518
20260922,2,981,308
20260922,2,983,3796
20260922,2,986,158
20260922,2,987,1018
20260922,2,989,3917
20260922,2,991,879
20260922,3,10,3306
20260922,3,1000,927
20260922,3,1001,496
20260922,3,1007,1093
20260922,3,1026,1615
20260922,3,1042,2338
20260922,3,106,3359
20260922,3,1081,860
20260922,3,1083,1600
20260922,3,1115,915
20260922,3,1117,498
20260922,3,1124,3017
20260922,3,1126,915
20260922,3,1127,3219
20260922,3,1133,1143
20260922,3,1135,67
20260922,3,1142,2131
20260922,3,1149,1147
20260922,3,1155,961
20260922,3,1170,2965
20260922,3,1173,3583
20260922,3,1182,1121
20260922,3,1183,1132
20260922,3,1185,1132
20260922,3,1187,1449
20260922,3,1188,2082
20260922,3,1192,206
20260922,3,1197,140
20260922,3,1198,131
20260922,3,1229,1176
20260922,3,1236,1514
20260922,3,124,1969
20260922,3,1242,1713
20260922,3,1246,243
20260922,3,1248,439
20260922,3,1255,2820
20260922,3,1265,1233
20260922,3,1272,1353
20260922,3,1277,1455
20260922,3,1291,3603
20260922,3,13,1982
20260922,3,1308,944
20260922,3,1315,139
20260922,3,1316,2866
20260922,3,132,1209
20260922,3,1324,640
20260922,3,1331,1110
20260922,3,1343,418
20260922,3,1354,1090
20260922,3,1356,2430
20260922,3,1357,558
20260922,3,1379,78
20260922,3,1382,769
20260922,3,1389,1775
20260922,3,1390,1429
20260922,3,1391,1765
20260922,3,14,148
20260922,3,1404,1328
20260922,3,1408,373
20260922,3,1409,2163
20260922,3,1420,1176
20260922,3,144,1948
20260922,3,1446,342
20260922,3,145,2297
20260922,3,1453,3430
20260922,3,1456,3381
20260922,3,1458,2403
20260922,3,146,2495
20260922,3,1465,63
20260922,3,1467,1249
20260922,3,147,1695
20260922,3,1474,1018
20260922,3,1479,955
20260922,3,150,2945
20260922,3,1506,961
20260922,3,151,2435
20260922,3,1511,1378
20260922,3,1519,933
20260922,3,1523,978
20260922,3,1530,2288
20260922,3,1536,2765
20260922,3,1542,3642
20260922,3,1545,1089
20260922,3,1550,1139
20260922,3,156,1342
20260922,3,1560,1775
20260922,3,1563,2159
20260922,3,1564,1561
20260922,3,157,2537
20260922,3,1570,1460
20260922,3,1571,1580
20260922,3,1589,904
20260922,3,1593,1169
20260922,3,1594,479
20260922,3,1598,160
20260922,3,1599,3190
20260922,3,1608,864
20260922,3,1610,1038
20260922,3,1640,1925
20260922,3,1645,2322
20260922,3,1652,234
20260922,3,1655,1701
20260922,3,1658,1918
20260922,3,1662,3599
20260922,3,1664,1264
20260922,3,169,352
20260922,3,1691,275
20260922,3,1692,2861
20260922,3,1717,231
20260922,3,1718,1329
20260922,3,1768,1698
20260922,3,1778,1669
20260922,3,1779,1669
20260922,3,1787,1394
20260922,3,1802,1424
20260922,3,182,1807
20260922,3,1827,1195
20260922,3,1832,790
20260922,3,1874,1959
20260922,3,1884,1772
20260922,3,19,1106
20260922,3,1903,993
20260922,3,1905,1770
20260922,3,1914,2464
20260922,3,1922,1992
20260922,3,1926,590
20260922,3,1927,2161
20260922,3,1931,2101
20260922,3,1934,270
20260922,3,1935,1868
20260922,3,1936,639
20260922,3,1960,211
20260922,3,1963,1774
20260922,3,1983,302
20260922,3,1985,2322
20260922,3,1986,1962
20260922,3,1987,3662
20260922,3,1989,1180
20260922,3,199,438
20260922,3,20,1981
20260922,3,2013,2202
20260922,3,2016,2988
20260922,3,2017,1816
20260922,3,2025,2059
20260922,3,2045,1586
20260922,3,2053,3004
20260922,3,2054,492
20260922,3,2057,2499
20260922,3,2061,2721
20260922,3,2063,1373
20260922,3,2075,2716
20260922,3,2087,2403
20260922,3,2099,2065
20260922,3,210,1038
20260922,3,2100,1249
20260922,3,2112,2049
20260922,3,2121,2202
20260922,3,2123,228
20260922,3,2142,2059
20260922,3,2146,1313
20260922,3,2155,1670
20260922,3,2157,2128
20260922,3,2180,1128
20260922,3,2196,3128
20260922,3,2200,1398
20260922,3,2217,2848
20260922,3,2223,2394
20260922,3,2229,2201
20260922,3,2233,2066
20260922,3,2255,956
20260922,3,2264,3311
20260922,3,2278,3715
20260922,3,23,959
20260922,3,2302,2358
20260922,3,2308,1178
20260922,3,2326,2646
20260922,3,2375,1302
20260922,3,2377,711
20260922,3,2389,1299
20260922,3,2391,2611
20260922,3,2397,995
20260922,3,2398,1925
20260922,3,241,3590
20260922,3,2412,1526
20260922,3,2419,2079
20260922,3,2439,2488
20260922,3,2447,2072
20260922,3,246,2173
20260922,3,2460,1365
20260922,3,2461,16
20260922,3,2465,115
20260922,3,249,15
20260922,3,2494,33
20260922,3,2553,1700
20260922,3,2561,1445
20260922,3,2565,158
20260922,3,2593,206
20260922,3,2598,2721
20260922,3,263,1091
20260922,3,2643,2656
20260922,3,2644,1009
20260922,3,2660,2055
20260922,3,2671,26
20260922,3,268,3217
20260922,3,2700,2702
20260922,3,2701,1241
20260922,3,272,1466
20260922,3,2756,1554
20260922,3,2780,3041
20260922,3,2786,3035
20260922,3,2787,1539
20260922,3,279,3856
20260922,3,2790,2079
20260922,3,2826,3193
20260922,3,283,2266
20260922,3,2832,1243
20260922,3,2833,238
20260922,3,2855,235
20260922,3,2860,154
20260922,3,2863,1096
20260922,3,287,1330
20260922,3,2875,731
20260922,3,288,2160
20260922,3,29,3033
20260922,3,290,1210
20260922,3,291,1156
20260922,3,2912,3193
20260922,3,2915,1581
20260922,3,2918,2964
20260922,3,2922,2948
20260922,3,2923,2931
20260922,3,2943,2794
20260922,3,2944,1299
20260922,3,2961,121
20260922,3,2966,3675
20260922,3,2968,2781
20260922,3,2983,1943
20260922,3,3005,239
20260922,3,3012,537
20260922,3,3020,450
20260922,3,304,1191
20260922,3,3042,121
20260922,3,3086,1836
20260922,3,314,934
20260922,3,319,988
20260922,3,3191,3249
20260922,3,3199,2850
20260922,3,3207,2286
20260922,3,322,1792
20260922,3,3220,1552
20260922,3,3221,3308
20260922,3,3222,945
20260922,3,3225,1122
20260922,3,3231,1016
20260922,3,3244,2362
20260922,3,3253,868
20260922,3,3257,100
20260922,3,3259,3262
20260922,3,3305,3041
20260922,3,3312,1651
20260922,3,3317,2668
20260922,3,3323,1699
20260922,3,3337,892
20260922,3,3355,2411
20260922,3,3358,2989
20260922,3,3360,184
20260922,3,3373,2141
20260922,3,3376,2557
20260922,3,3379,32
20260922,3,3385,3011
20260922,3,3386,1131
20260922,3,3431,2720
20260922,3,3445,1929
20260922,3,3459,3589
20260922,3,346,1614
20260922,3,349,640
20260922,3,350,382
20260922,3,353,1933
20260922,3,355,3006
20260922,3,3584,3601
20260922,3,3587,75
20260922,3,3591,1131
20260922,3,3593,1969
20260922,3,3596,1522
20260922,3,3600,858
20260922,3,3602,2920
20260922,3,3613,1597
20260922,3,3631,1568
20260922,3,3636,3764
20260922,3,3639,1429
20260922,3,3643,1422
20260922,3,3655,2209
20260922,3,3656,1705
20260922,3,3670,3675
20260922,3,3686,2921
20260922,3,371,2499
20260922,3,3733,2367
20260922,3,3765,3818
20260922,3,3847,1642
20260922,3,3916,1521
20260922,3,3919,1918
20260922,3,399,171
20260922,3,400,57
20260922,3,4055,1502
20260922,3,415,1836
20260922,3,46,1159
20260922,3,465,1794
20260922,3,469,119
20260922,3,475,4057
20260922,3,483,17
20260922,3,487,1925
20260922,3,489,2263
20260922,3,491,1697
20260922,3,5,4
20260922,3,501,1789
20260922,3,510,490
20260922,3,513,1174
20260922,3,522,49
20260922,3,527,17
20260922,3,556,3610
20260922,3,562,117
20260922,3,572,806
20260922,3,6,3227
20260922,3,603,3611
20260922,3,605,63
20260922,3,610,1398
20260922,3,611,2464
20260922,3,620,3666
20260922,3,623,2232
20260922,3,626,1789
20260922,3,652,2357
20260922,3,653,1521
20260922,3,66,793
20260922,3,665,2488
20260922,3,677,48
20260922,3,679,59
20260922,3,68,2611
20260922,3,680,167
20260922,3,686,2292
20260922,3,688,1172
20260922,3,7,1132
20260922,3,71,1320
20260922,3,730,1143
20260922,3,742,711
20260922,3,746,804
20260922,3,750,1330
20260922,3,753,1378
20260922,3,755,216
20260922,3,756,27
20260922,3,757,2011
20260922,3,765,2110
20260922,3,767,3851
20260922,3,768,3851
20260922,3,774,3513
20260922,3,780,1677
20260922,3,798,3195
20260922,3,8,3612
20260922,3,816,1143
20260922,3,817,118
20260922,3,82,310
20260922,3,83,48
20260922,3,846,591
20260922,3,865,883
20260922,3,882,1539
20260922,3,89,3604
20260922,3,890,63
20260922,3,899,874
20260922,3,906,1247
20260922,3,91,1039
20260922,3,910,358
20260922,3,926,984
20260922,3,931,806
20260922,3,935,1292
20260922,3,939,1788
20260922,3,949,942
20260922,3,950,3735
20260922,3,952,155
20260922,3,957,160
20260922,3,969,1105
20260922,3,98,243
20260922,3,99,2207
20260922,3,996,3037
20260922,3,997,3857
20260922,4,1003,2067
20260922,4,1008,1145
20260922,4,101,750
20260922,4,1013,2158
20260922,4,1015,1535
20260922,4,1016,737
20260922,4,1033,2908
20260922,4,105,116
20260922,4,1062,3029
20260922,4,1080,620
20260922,4,1087,3290
20260922,4,1090,1976
20260922,4,1095,2010
20260922,4,1105,969
20260922,4,1107,3638
20260922,4,1110,766
20260922,4,1114,2064
20260922,4,112,1985
20260922,4,1125,3312
20260922,4,1129,1515
20260922,4,1136,482
20260922,4,1137,1138
20260922,4,1139,1550
20260922,4,1152,1508
20260922,4,1161,290
20260922,4,1162,1592
20260922,4,1163,2036
20260922,4,1166,606
20260922,4,1167,2523
20260922,4,1177,1566
20260922,4,1184,1449
20260922,4,1186,1381
20260922,4,1193,1192
20260922,4,12,1236
20260922,4,1208,1521
20260922,4,1210,290
20260922,4,122,1241
20260922,4,1220,32
20260922,4,1225,130
20260922,4,1228,31
20260922,4,1234,1507
20260922,4,1239,1263
20260922,4,1243,2832
20260922,4,1249,1467
20260922,4,1287,918
20260922,4,129,2809
20260922,4,1295,399
20260922,4,1299,2944
20260922,4,1303,1089
20260922,4,1332,2537
20260922,4,1334,1969
20260922,4,1337,1333
20260922,4,1342,1211
20260922,4,1346,562
20260922,4,1380,1180
20260922,4,1395,1393
20260922,4,1399,1154
20260922,4,1403,1394
20260922,4,1406,3605
20260922,4,1417,969
20260922,4,142,3383
20260922,4,1421,522
20260922,4,1429,2496
20260922,4,143,1235
20260922,4,1433,1345
20260922,4,1435,766
20260922,4,1437,148
20260922,4,1450,3686
20260922,4,1451,3231
20260922,4,1463,1259
20260922,4,1464,955
20260922,4,1480,2718
20260922,4,1481,1959
20260922,4,149,3333
20260922,4,1501,1209
20260922,4,1509,84
20260922,4,153,2997
20260922,4,1534,1360
20260922,4,1540,69
20260922,4,1544,42
20260922,4,1548,272
20260922,4,1552,3220
20260922,4,1553,3638
20260922,4,1561,1564
20260922,4,1562,1444
20260922,4,1565,1594
20260922,4,1567,669
20260922,4,158,986
20260922,4,1581,2915
20260922,4,16,2461
20260922,4,1600,928
20260922,4,1603,1573
20260922,4,1609,2036
20260922,4,1613,1612
20260922,4,1635,1636
20260922,4,1639,2938
20260922,4,164,1213
20260922,4,1643,2030
20260922,4,1660,1140
20260922,4,1665,1341
20260922,4,167,118
20260922,4,1677,780
20260922,4,1690,3399
20260922,4,1696,394
20260922,4,1697,1862
20260922,4,170,2030
20260922,4,1705,3656
20260922,4,1712,62
20260922,4,174,118
20260922,4,1769,2580
20260922,4,1771,1868
20260922,4,1774,1963
20260922,4,1781,986
20260922,4,1789,626
20260922,4,1863,3318
20260922,4,1871,3284
20260922,4,1875,1226
20260922,4,1877,2779
20260922,4,1883,374
20260922,4,1886,2467
20260922,4,1902,3191
20260922,4,1918,1408
20260922,4,1940,634
20260922,4,1943,2983
20260922,4,1949,2087
20260922,4,1950,1906
20260922,4,1961,2053
20260922,4,1980,1520
20260922,4,1984,1231
20260922,4,2011,757
20260922,4,2028,2809
20260922,4,2034,753
20260922,4,2037,208
20260922,4,2050,3368
20260922,4,2055,2660
20260922,4,2066,2233
20260922,4,2073,45
20260922,4,2074,2025
20260922,4,2089,880
20260922,4,2092,856
20260922,4,2097,2850
20260922,4,2101,1971
20260922,4,2104,1767
20260922,4,2114,1919
20260922,4,2131,2332
20260922,4,2133,1641
20260922,4,2135,1046
20260922,4,2137,2217
20260922,4,2143,1868
20260922,4,215,80
20260922,4,2150,880
20260922,4,216,483
20260922,4,2161,1927
20260922,4,2165,1558
20260922,4,2167,2042
20260922,4,2170,2125
20260922,4,2175,857
20260922,4,2188,10
20260922,4,2193,561
20260922,4,2203,2027
20260922,4,2227,3194
20260922,4,2257,3022
20260922,4,2258,65
20260922,4,226,1819
20260922,4,2267,2217
20260922,4,2272,451
20260922,4,2273,136
20260922,4,2282,208
20260922,4,2287,3597
20260922,4,2288,1530
20260922,4,229,2132
20260922,4,2290,2944
20260922,4,230,1556
20260922,4,2322,1983
20260922,4,233,1209
20260922,4,2362,3189
20260922,4,239,3005
20260922,4,2394,2042
20260922,4,240,115
20260922,4,2402,772
20260922,4,243,98
20260922,4,2435,151
20260922,4,245,3853
20260922,4,2462,2646
20260922,4,2495,1383
20260922,4,2520,2765
20260922,4,253,2917
20260922,4,2539,1457
20260922,4,2549,1378
20260922,4,2550,1138
20260922,4,2555,867
20260922,4,2557,3376
20260922,4,2558,368
20260922,4,2559,2765
20260922,4,2572,1335
20260922,4,2597,619
20260922,4,2601,1273
20260922,4,265,1586
20260922,4,2656,141
20260922,4,2661,771
20260922,4,2662,162
20260922,4,2682,2144
20260922,4,2687,2450
20260922,4,2694,1262
20260922,4,2699,2126
20260922,4,27,756
20260922,4,271,301
20260922,4,2719,3030
20260922,4,2737,2450
20260922,4,274,572
20260922,4,2789,141
20260922,4,2794,2943
20260922,4,2808,1252
20260922,4,2820,1255
20260922,4,2824,2580
20260922,4,2825,2537
20260922,4,2836,1190
20260922,4,2846,2847
20260922,4,2861,1692
20260922,4,2866,1316
20260922,4,2910,2826
20260922,4,2911,3011
20260922,4,2914,242
20260922,4,2930,3676
20260922,4,294,293
20260922,4,2942,518
20260922,4,2952,15
20260922,4,2960,3249
20260922,4,2962,1407
20260922,4,2963,2750
20260922,4,2964,2918
20260922,4,2979,1014
20260922,4,2992,1263
20260922,4,2996,3302
20260922,4,300,932
20260922,4,3007,3038
20260922,4,3017,482
20260922,4,302,1836
20260922,4,3024,490
20260922,4,3035,2786
20260922,4,3039,804
20260922,4,310,82
20260922,4,313,1602
20260922,4,315,552
20260922,4,316,2852
20260922,4,318,771
20260922,4,3192,2117
20260922,4,3197,3306
20260922,4,3198,758
20260922,4,3211,3638
20260922,4,3215,3853
20260922,4,3218,3022
20260922,4,3227,6
20260922,4,3228,921
20260922,4,3238,942
20260922,4,325,1340
20260922,4,3250,3194
20260922,4,3251,1572
20260922,4,326,464
20260922,4,3278,3128
20260922,4,3288,1289
20260922,4,3336,1667
20260922,4,3338,2436
20260922,4,3340,2827
20260922,4,3352,3032
20260922,4,3361,2313
20260922,4,337,15
20260922,4,3391,3038
20260922,4,3409,2411
20260922,4,351,334
20260922,4,357,322
20260922,4,3576,2770
20260922,4,3582,1701
20260922,4,3588,1503
20260922,4,3590,241
20260922,4,3592,102
20260922,4,3601,3584
20260922,4,3606,2470
20260922,4,3614,2554
20260922,4,3632,1788
20260922,4,3640,1585
20260922,4,3650,3857
20260922,4,3654,3337
20260922,4,3668,1290
20260922,4,3675,3670
20260922,4,3713,3585
20260922,4,3718,2411
20260922,4,372,3917
20260922,4,3723,1962
20260922,4,3724,1530
20260922,4,3728,1311
20260922,4,3731,3584
20260922,4,3764,3636
20260922,4,3796,983
20260922,4,38,307
20260922,4,3804,1401
20260922,4,382,350
20260922,4,384,1416
20260922,4,3856,3222
20260922,4,3862,1468
20260922,4,3866,1179
20260922,4,3892,2894
20260922,4,391,1841
20260922,4,4,5
20260922,4,4053,911
20260922,4,4056,1270
20260922,4,41,1192
20260922,4,417,191
20260922,4,418,1969
20260922,4,428,982
20260922,4,430,237
20260922,4,450,2931
20260922,4,457,2988
20260922,4,467,3350
20260922,4,470,540
20260922,4,472,2865
20260922,4,48,319
20260922,4,485,926
20260922,4,49,522
20260922,4,498,1117
20260922,4,499,1585
20260922,4,502,139
20260922,4,504,436
20260922,4,53,1924
20260922,4,55,1241
20260922,4,56,311
20260922,4,58,2078
20260922,4,589,1238
20260922,4,590,627
20260922,4,592,2222
20260922,4,607,1559
20260922,4,608,3633
20260922,4,609,2087
20260922,4,61,2441
20260922,4,637,15
20260922,4,661,750
20260922,4,670,1311
20260922,4,685,3023
20260922,4,697,1523
20260922,4,733,1236
20260922,4,735,2218
20260922,4,743,1168
20260922,4,749,51
20260922,4,75,1551
20260922,4,769,236
20260922,4,775,54
20260922,4,783,1221
20260922,4,788,2944
20260922,4,800,2115
20260922,4,861,3917
20260922,4,863,2987
20260922,4,864,883
20260922,4,875,399
20260922,4,877,1465
20260922,4,9,3383
20260922,4,901,3611
20260922,4,904,1589
20260922,4,909,10
20260922,4,914,3735
20260922,4,916,3625
20260922,4,917,918
20260922,4,919,1151
20260922,4,923,2302
20260922,4,924,2915
20260922,4,930,2553
20260922,4,934,314
20260922,4,937,1558
20260922,4,94,95
20260922,4,941,910
20260922,4,943,883
20260922,4,944,1776
20260922,4,947,147
20260922,4,948,242
20260922,4,958,951
20260922,4,961,1155
20260922,4,962,2397
20260922,4,963,1599
20260922,4,97,1833
20260922,4,979,3253
20260922,4,984,183
20260922,4,988,319
20260922,4,993,4055
20260922,4,995,2397
