seed,fold,K,lambda,target,representation,ccc
20260920,0,0,0.0,valence,absolute,0.027256075546980257
20260920,0,0,0.0,arousal,absolute,0.3943523780544444
20260920,0,0,0.0,dominance,absolute,0.3172987190057025
20260920,0,0,0.0,valence,oracle_relative,0.028475280101828378
20260920,0,0,0.0,arousal,oracle_relative,0.48190931468293907
20260920,0,0,0.0,dominance,oracle_relative,0.34176329123798166
20260920,0,0,0.0,valence,oracle_hybrid,0.028511171849352476
20260920,0,0,0.0,arousal,oracle_hybrid,0.48320529193663697
20260920,0,0,0.0,dominance,oracle_hybrid,0.3424501128590024
20260920,0,0,0.25,valence,absolute,0.028188345747310516
20260920,0,0,0.25,arousal,absolute,0.40308716864243316
20260920,0,0,0.25,dominance,absolute,0.3228652848170188
20260920,0,0,0.25,valence,oracle_relative,0.028317519591494093
20260920,0,0,0.25,arousal,oracle_relative,0.4811575574360386
20260920,0,0,0.25,dominance,oracle_relative,0.34196483556636437
20260920,0,0,0.25,valence,oracle_hybrid,0.028601313303463424
20260920,0,0,0.25,arousal,oracle_hybrid,0.4824532225101043
20260920,0,0,0.25,dominance,oracle_hybrid,0.34220779698667486
20260920,0,0,0.5,valence,absolute,0.029120225346701653
20260920,0,0,0.5,arousal,absolute,0.41132811073319947
20260920,0,0,0.5,dominance,absolute,0.3282146385828601
20260920,0,0,0.5,valence,oracle_relative,0.028122142014381558
20260920,0,0,0.5,arousal,oracle_relative,0.47985083279121404
20260920,0,0,0.5,dominance,oracle_relative,0.34204838277068683
20260920,0,0,0.5,valence,oracle_hybrid,0.028964415583538804
20260920,0,0,0.5,arousal,oracle_hybrid,0.4806761164278457
20260920,0,0,0.5,dominance,oracle_hybrid,0.3412752532092224
20260920,0,0,0.75,valence,absolute,0.030048174776637026
20260920,0,0,0.75,arousal,absolute,0.4189981146257337
20260920,0,0,0.75,dominance,absolute,0.3333185881079471
20260920,0,0,0.75,valence,oracle_relative,0.027889862253981264
20260920,0,0,0.75,arousal,oracle_relative,0.47801191598766996
20260920,0,0,0.75,dominance,oracle_relative,0.34201966315962473
20260920,0,0,0.75,valence,oracle_hybrid,0.0295982398462408
20260920,0,0,0.75,arousal,oracle_hybrid,0.4778992411645302
20260920,0,0,0.75,dominance,oracle_hybrid,0.33965671871958314
20260920,0,0,1.0,valence,absolute,0.03096946399908502
20260920,0,0,1.0,arousal,absolute,0.426126033188486
20260920,0,0,1.0,dominance,absolute,0.338193183976551
20260920,0,0,1.0,valence,oracle_relative,0.027622157524396
20260920,0,0,1.0,arousal,oracle_relative,0.4756325295672929
20260920,0,0,1.0,dominance,oracle_relative,0.3418759421525693
20260920,0,0,1.0,valence,oracle_hybrid,0.030498785779304212
20260920,0,0,1.0,arousal,oracle_hybrid,0.4741340834665036
20260920,0,0,1.0,dominance,oracle_hybrid,0.33736134257524725
20260920,1,0,0.0,valence,absolute,0.029417672780849353
20260920,1,0,0.0,arousal,absolute,0.4123862486586213
20260920,1,0,0.0,dominance,absolute,0.3143747729412172
20260920,1,0,0.0,valence,oracle_relative,0.029491032405175557
20260920,1,0,0.0,arousal,oracle_relative,0.5279499832164435
20260920,1,0,0.0,dominance,oracle_relative,0.35602663064768447
20260920,1,0,0.0,valence,oracle_hybrid,0.029377841788216463
20260920,1,0,0.0,arousal,oracle_hybrid,0.5276057059503865
20260920,1,0,0.0,dominance,oracle_hybrid,0.35666642354706857
20260920,1,0,0.25,valence,absolute,0.028407952909921107
20260920,1,0,0.25,arousal,absolute,0.4186763286036246
20260920,1,0,0.25,dominance,absolute,0.3219405675661647
20260920,1,0,0.25,valence,oracle_relative,0.029465841921739008
20260920,1,0,0.25,arousal,oracle_relative,0.5276598354615409
20260920,1,0,0.25,dominance,oracle_relative,0.3538452909746286
20260920,1,0,0.25,valence,oracle_hybrid,0.029273604020081265
20260920,1,0,0.25,arousal,oracle_hybrid,0.528854566076516
20260920,1,0,0.25,dominance,oracle_hybrid,0.3562605324321003
20260920,1,0,0.5,valence,absolute,0.027418455729480717
20260920,1,0,0.5,arousal,absolute,0.42310905271589233
20260920,1,0,0.5,dominance,absolute,0.32268845617382574
20260920,1,0,0.5,valence,oracle_relative,0.029437552466347057
20260920,1,0,0.5,arousal,oracle_relative,0.5254653728340251
20260920,1,0,0.5,dominance,oracle_relative,0.3451398224312815
20260920,1,0,0.5,valence,oracle_hybrid,0.02920233336748572
20260920,1,0,0.5,arousal,oracle_hybrid,0.5294432141266212
20260920,1,0,0.5,dominance,oracle_hybrid,0.35049953141301843
20260920,1,0,0.75,valence,absolute,0.02644958679475298
20260920,1,0,0.75,arousal,absolute,0.42564349932200984
20260920,1,0,0.75,dominance,absolute,0.31696666406029206
20260920,1,0,0.75,valence,oracle_relative,0.0294061314377483
20260920,1,0,0.75,arousal,oracle_relative,0.5213871218867826
20260920,1,0,0.75,dominance,oracle_relative,0.3308564526701483
20260920,1,0,0.75,valence,oracle_hybrid,0.029163934850429032
20260920,1,0,0.75,arousal,oracle_hybrid,0.5293603060715643
20260920,1,0,0.75,dominance,oracle_hybrid,0.3400606568969851
20260920,1,0,1.0,valence,absolute,0.025501870416506776
20260920,1,0,1.0,arousal,absolute,0.4263316029424711
20260920,1,0,1.0,dominance,absolute,0.305772475591669
20260920,1,0,1.0,valence,oracle_relative,0.029371626305653483
20260920,1,0,1.0,arousal,oracle_relative,0.5155677199577785
20260920,1,0,1.0,dominance,oracle_relative,0.31233994749192806
20260920,1,0,1.0,valence,oracle_hybrid,0.029158641622713793
20260920,1,0,1.0,arousal,oracle_hybrid,0.5286097700139929
20260920,1,0,1.0,dominance,oracle_hybrid,0.32597452393857324
20260920,2,0,0.0,valence,absolute,0.029432820651585936
20260920,2,0,0.0,arousal,absolute,0.3034399307190259
20260920,2,0,0.0,dominance,absolute,0.23686591068543983
20260920,2,0,0.0,valence,oracle_relative,0.029205683192450562
20260920,2,0,0.0,arousal,oracle_relative,0.41201371824688154
20260920,2,0,0.0,dominance,oracle_relative,0.2718457026919782
20260920,2,0,0.0,valence,oracle_hybrid,0.02919284957672179
20260920,2,0,0.0,arousal,oracle_hybrid,0.4127033875638328
20260920,2,0,0.0,dominance,oracle_hybrid,0.272733315463987
20260920,2,0,0.25,valence,absolute,0.030002048706536548
20260920,2,0,0.25,arousal,absolute,0.3287345819028013
20260920,2,0,0.25,dominance,absolute,0.24797107740138402
20260920,2,0,0.25,valence,oracle_relative,0.02907900117937779
20260920,2,0,0.25,arousal,oracle_relative,0.4091540825270657
20260920,2,0,0.25,dominance,oracle_relative,0.2708056222064661
20260920,2,0,0.25,valence,oracle_hybrid,0.029152959819170102
20260920,2,0,0.25,arousal,oracle_hybrid,0.41113495945495276
20260920,2,0,0.25,dominance,oracle_hybrid,0.27453032792812293
20260920,2,0,0.5,valence,absolute,0.03030463952511046
20260920,2,0,0.5,arousal,absolute,0.34990649739197965
20260920,2,0,0.5,dominance,absolute,0.2563110864814122
20260920,2,0,0.5,valence,oracle_relative,0.028940388778813213
20260920,2,0,0.5,arousal,oracle_relative,0.40300946440821855
20260920,2,0,0.5,dominance,oracle_relative,0.2671336478146964
20260920,2,0,0.5,valence,oracle_hybrid,0.028533793727453814
20260920,2,0,0.5,arousal,oracle_hybrid,0.4054744761062388
20260920,2,0,0.5,dominance,oracle_hybrid,0.27722924266873766
20260920,2,0,0.75,valence,absolute,0.03033998486578981
20260920,2,0,0.75,arousal,absolute,0.3664714708935186
20260920,2,0,0.75,dominance,absolute,0.2616360107639578
20260920,2,0,0.75,valence,oracle_relative,0.028790049685078194
20260920,2,0,0.75,arousal,oracle_relative,0.3938457440862231
20260920,2,0,0.75,dominance,oracle_relative,0.26103543446187766
20260920,2,0,0.75,valence,oracle_hybrid,0.027337951146443634
20260920,2,0,0.75,arousal,oracle_hybrid,0.3964948062482333
20260920,2,0,0.75,dominance,oracle_hybrid,0.28079415503811794
20260920,2,0,1.0,valence,absolute,0.03010830713960039
20260920,2,0,1.0,arousal,absolute,0.37815494955782974
20260920,2,0,1.0,dominance,absolute,0.26385233139078645
20260920,2,0,1.0,valence,oracle_relative,0.028628223629609352
20260920,2,0,1.0,arousal,oracle_relative,0.3820683496286202
20260920,2,0,1.0,dominance,oracle_relative,0.2528603434613325
20260920,2,0,1.0,valence,oracle_hybrid,0.025570124046308707
20260920,2,0,1.0,arousal,oracle_hybrid,0.38514342885876507
20260920,2,0,1.0,dominance,oracle_hybrid,0.2851580700646914
20260920,3,0,0.0,valence,absolute,0.036853870191449783
20260920,3,0,0.0,arousal,absolute,0.4106430203770033
20260920,3,0,0.0,dominance,absolute,0.33801345798009413
20260920,3,0,0.0,valence,oracle_relative,0.03748350848951493
20260920,3,0,0.0,arousal,oracle_relative,0.5240369547205829
20260920,3,0,0.0,dominance,oracle_relative,0.37609186357314134
20260920,3,0,0.0,valence,oracle_hybrid,0.03748318502755869
20260920,3,0,0.0,arousal,oracle_hybrid,0.5250119488012812
20260920,3,0,0.0,dominance,oracle_hybrid,0.37685279303903657
20260920,3,0,0.25,valence,absolute,0.03679890262161493
20260920,3,0,0.25,arousal,absolute,0.4079963727288423
20260920,3,0,0.25,dominance,absolute,0.34040237068530554
20260920,3,0,0.25,valence,oracle_relative,0.03729792533215231
20260920,3,0,0.25,arousal,oracle_relative,0.5238429872150215
20260920,3,0,0.25,dominance,oracle_relative,0.3786535320713121
20260920,3,0,0.25,valence,oracle_hybrid,0.03732809918465589
20260920,3,0,0.25,arousal,oracle_hybrid,0.5269034364347438
20260920,3,0,0.25,dominance,oracle_hybrid,0.3780704475501374
20260920,3,0,0.5,valence,absolute,0.036843268744678144
20260920,3,0,0.5,arousal,absolute,0.4018245506951371
20260920,3,0,0.5,dominance,absolute,0.340630356738278
20260920,3,0,0.5,valence,oracle_relative,0.037106966442376786
20260920,3,0,0.5,arousal,oracle_relative,0.5203744454966732
20260920,3,0,0.5,dominance,oracle_relative,0.3799710250958117
20260920,3,0,0.5,valence,oracle_hybrid,0.03713722852455996
20260920,3,0,0.5,arousal,oracle_hybrid,0.527417367626306
20260920,3,0,0.5,dominance,oracle_hybrid,0.37538329958577704
20260920,3,0,0.75,valence,absolute,0.036986204927933676
20260920,3,0,0.75,arousal,absolute,0.392358248833317
20260920,3,0,0.75,dominance,absolute,0.3387724972031891
20260920,3,0,0.75,valence,oracle_relative,0.03691062519939653
20260920,3,0,0.75,arousal,oracle_relative,0.5138163830661563
20260920,3,0,0.75,dominance,oracle_relative,0.3800488995319392
20260920,3,0,0.75,valence,oracle_hybrid,0.03691074441966036
20260920,3,0,0.75,arousal,oracle_hybrid,0.5265541802985387
20260920,3,0,0.75,dominance,oracle_hybrid,0.36902290400085974
20260920,3,0,1.0,valence,absolute,0.03722742480425986
20260920,3,0,1.0,arousal,absolute,0.37993610582971765
20260920,3,0,1.0,dominance,absolute,0.3349435291666055
20260920,3,0,1.0,valence,oracle_relative,0.03670904933754175
20260920,3,0,1.0,arousal,oracle_relative,0.504448313816137
20260920,3,0,1.0,dominance,oracle_relative,0.3789126967087267
20260920,3,0,1.0,valence,oracle_hybrid,0.03664930276087855
20260920,3,0,1.0,arousal,oracle_hybrid,0.5243371463104556
20260920,3,0,1.0,dominance,oracle_hybrid,0.35944854849899477
20260920,4,0,0.0,valence,absolute,0.03126516702505635
20260920,4,0,0.0,arousal,absolute,0.31798468476469466
20260920,4,0,0.0,dominance,absolute,0.18782910416620235
20260920,4,0,0.0,valence,oracle_relative,0.0338430679024709
20260920,4,0,0.0,arousal,oracle_relative,0.4485048813032984
20260920,4,0,0.0,dominance,oracle_relative,0.20713992685145513
20260920,4,0,0.0,valence,oracle_hybrid,0.03385856736017585
20260920,4,0,0.0,arousal,oracle_hybrid,0.44824361641490057
20260920,4,0,0.0,dominance,oracle_hybrid,0.20757499999674103
20260920,4,0,0.25,valence,absolute,0.031896604603893514
20260920,4,0,0.25,arousal,absolute,0.31815472857772825
20260920,4,0,0.25,dominance,absolute,0.19098771602101708
20260920,4,0,0.25,valence,oracle_relative,0.03370585413238824
20260920,4,0,0.25,arousal,oracle_relative,0.44610433101442537
20260920,4,0,0.25,dominance,oracle_relative,0.20714086962650968
20260920,4,0,0.25,valence,oracle_hybrid,0.03389406288382201
20260920,4,0,0.25,arousal,oracle_hybrid,0.4443869008863265
20260920,4,0,0.25,dominance,oracle_hybrid,0.20849341230039944
20260920,4,0,0.5,valence,absolute,0.03249928964031028
20260920,4,0,0.5,arousal,absolute,0.314800982880526
20260920,4,0,0.5,dominance,absolute,0.1931965511450133
20260920,4,0,0.5,valence,oracle_relative,0.033509579875833966
20260920,4,0,0.5,arousal,oracle_relative,0.43913905628090144
20260920,4,0,0.5,dominance,oracle_relative,0.20638289634979035
20260920,4,0,0.5,valence,oracle_hybrid,0.03405331156598215
20260920,4,0,0.5,arousal,oracle_hybrid,0.43878523966149896
20260920,4,0,0.5,dominance,oracle_hybrid,0.21052402929540368
20260920,4,0,0.75,valence,absolute,0.0330713448229397
20260920,4,0,0.75,arousal,absolute,0.30860557188836657
20260920,4,0,0.75,dominance,absolute,0.19448386299310658
20260920,4,0,0.75,valence,oracle_relative,0.033256521210229
20260920,4,0,0.75,arousal,oracle_relative,0.4279923174855427
20260920,4,0,0.75,dominance,oracle_relative,0.20488737319703793
20260920,4,0,0.75,valence,oracle_hybrid,0.03433535495445797
20260920,4,0,0.75,arousal,oracle_hybrid,0.4318038419018345
20260920,4,0,0.75,dominance,oracle_hybrid,0.21362672840523933
20260920,4,0,1.0,valence,absolute,0.033609571226425404
20260920,4,0,1.0,arousal,absolute,0.3003750516044014
20260920,4,0,1.0,dominance,absolute,0.19489800942018323
20260920,4,0,1.0,valence,oracle_relative,0.032947894773622866
20260920,4,0,1.0,arousal,oracle_relative,0.41330860494085825
20260920,4,0,1.0,dominance,oracle_relative,0.20268649423766774
20260920,4,0,1.0,valence,oracle_hybrid,0.03473708151203904
20260920,4,0,1.0,arousal,oracle_hybrid,0.4239425721027273
20260920,4,0,1.0,dominance,oracle_hybrid,0.21774131059441793
20260920,0,5,0.0,valence,absolute,0.027256075546980257
20260920,0,5,0.0,arousal,absolute,0.3943523780544444
20260920,0,5,0.0,dominance,absolute,0.3172987190057025
20260920,0,5,0.0,valence,kshot_relative,0.022827491788165948
20260920,0,5,0.0,arousal,kshot_relative,0.4283125223682919
20260920,0,5,0.0,dominance,kshot_relative,0.3177312350279161
20260920,0,5,0.0,valence,kshot_hybrid,0.027879685678370462
20260920,0,5,0.0,arousal,kshot_hybrid,0.4660802259825515
20260920,0,5,0.0,dominance,kshot_hybrid,0.3373135242040088
20260920,0,5,0.25,valence,absolute,0.028188345747310516
20260920,0,5,0.25,arousal,absolute,0.40308716864243316
20260920,0,5,0.25,dominance,absolute,0.3228652848170188
20260920,0,5,0.25,valence,kshot_relative,0.02135534567179321
20260920,0,5,0.25,arousal,kshot_relative,0.43011398611018437
20260920,0,5,0.25,dominance,kshot_relative,0.3173398735446478
20260920,0,5,0.25,valence,kshot_hybrid,0.028085809186797133
20260920,0,5,0.25,arousal,kshot_hybrid,0.4715715298701078
20260920,0,5,0.25,dominance,kshot_hybrid,0.3405056336230704
20260920,0,5,0.5,valence,absolute,0.029120225346701653
20260920,0,5,0.5,arousal,absolute,0.41132811073319947
20260920,0,5,0.5,dominance,absolute,0.3282146385828601
20260920,0,5,0.5,valence,kshot_relative,0.01991608137739936
20260920,0,5,0.5,arousal,kshot_relative,0.431029829012013
20260920,0,5,0.5,dominance,kshot_relative,0.31651142620622613
20260920,0,5,0.5,valence,kshot_hybrid,0.028472663890335034
20260920,0,5,0.5,arousal,kshot_hybrid,0.47572008839624025
20260920,0,5,0.5,dominance,kshot_hybrid,0.3429959255469449
20260920,0,5,0.75,valence,absolute,0.030048174776637026
20260920,0,5,0.75,arousal,absolute,0.4189981146257337
20260920,0,5,0.75,dominance,absolute,0.3333185881079471
20260920,0,5,0.75,valence,kshot_relative,0.018515257840616493
20260920,0,5,0.75,arousal,kshot_relative,0.431120363200625
20260920,0,5,0.75,dominance,kshot_relative,0.31528156134007024
20260920,0,5,0.75,valence,kshot_hybrid,0.029038194931798458
20260920,0,5,0.75,arousal,kshot_hybrid,0.4785417921070285
20260920,0,5,0.75,dominance,kshot_hybrid,0.3447989015659242
20260920,0,5,1.0,valence,absolute,0.03096946399908502
20260920,0,5,1.0,arousal,absolute,0.426126033188486
20260920,0,5,1.0,dominance,absolute,0.338193183976551
20260920,0,5,1.0,valence,kshot_relative,0.017158513261017458
20260920,0,5,1.0,arousal,kshot_relative,0.43036749545996794
20260920,0,5,1.0,dominance,kshot_relative,0.3136524161995833
20260920,0,5,1.0,valence,kshot_hybrid,0.02977961136521472
20260920,0,5,1.0,arousal,kshot_hybrid,0.48005565013781687
20260920,0,5,1.0,dominance,kshot_hybrid,0.3459275415767481
20260920,1,5,0.0,valence,absolute,0.029417672780849353
20260920,1,5,0.0,arousal,absolute,0.4123862486586213
20260920,1,5,0.0,dominance,absolute,0.3143747729412172
20260920,1,5,0.0,valence,kshot_relative,0.02976632347142905
20260920,1,5,0.0,arousal,kshot_relative,0.44932239740189867
20260920,1,5,0.0,dominance,kshot_relative,0.3183335417359093
20260920,1,5,0.0,valence,kshot_hybrid,0.029905312176779227
20260920,1,5,0.0,arousal,kshot_hybrid,0.48438131931684775
20260920,1,5,0.0,dominance,kshot_hybrid,0.34334079440083803
20260920,1,5,0.25,valence,absolute,0.028407952909921107
20260920,1,5,0.25,arousal,absolute,0.4186763286036246
20260920,1,5,0.25,dominance,absolute,0.3219405675661647
20260920,1,5,0.25,valence,kshot_relative,0.02988794828240227
20260920,1,5,0.25,arousal,kshot_relative,0.45856423790681317
20260920,1,5,0.25,dominance,kshot_relative,0.32152387244165453
20260920,1,5,0.25,valence,kshot_hybrid,0.029679687817382602
20260920,1,5,0.25,arousal,kshot_hybrid,0.49180546154112276
20260920,1,5,0.25,dominance,kshot_hybrid,0.3556359260848471
20260920,1,5,0.5,valence,absolute,0.027418455729480717
20260920,1,5,0.5,arousal,absolute,0.42310905271589233
20260920,1,5,0.5,dominance,absolute,0.32268845617382574
20260920,1,5,0.5,valence,kshot_relative,0.03000471328920084
20260920,1,5,0.5,arousal,kshot_relative,0.46667702721325
20260920,1,5,0.5,dominance,kshot_relative,0.319740482207655
20260920,1,5,0.5,valence,kshot_hybrid,0.029500110276765662
20260920,1,5,0.5,arousal,kshot_hybrid,0.4982173143292465
20260920,1,5,0.5,dominance,kshot_hybrid,0.36424328921075233
20260920,1,5,0.75,valence,absolute,0.02644958679475298
20260920,1,5,0.75,arousal,absolute,0.42564349932200984
20260920,1,5,0.75,dominance,absolute,0.31696666406029206
20260920,1,5,0.75,valence,kshot_relative,0.030116324437076805
20260920,1,5,0.75,arousal,kshot_relative,0.47356969483800054
20260920,1,5,0.75,dominance,kshot_relative,0.3133174437147017
20260920,1,5,0.75,valence,kshot_hybrid,0.02936767664729249
20260920,1,5,0.75,arousal,kshot_hybrid,0.503591510166258
20260920,1,5,0.75,dominance,kshot_hybrid,0.3688806073834978
20260920,1,5,1.0,valence,absolute,0.025501870416506776
20260920,1,5,1.0,arousal,absolute,0.4263316029424711
20260920,1,5,1.0,dominance,absolute,0.305772475591669
20260920,1,5,1.0,valence,kshot_relative,0.03022248833011219
20260920,1,5,1.0,arousal,kshot_relative,0.4791301048062506
20260920,1,5,1.0,dominance,kshot_relative,0.30298034292520265
20260920,1,5,1.0,valence,kshot_hybrid,0.02928340877276019
20260920,1,5,1.0,arousal,kshot_hybrid,0.5078503888543682
20260920,1,5,1.0,dominance,kshot_hybrid,0.36967846495446577
20260920,2,5,0.0,valence,absolute,0.029432820651585936
20260920,2,5,0.0,arousal,absolute,0.3034399307190259
20260920,2,5,0.0,dominance,absolute,0.23686591068543983
20260920,2,5,0.0,valence,kshot_relative,0.026881547128995674
20260920,2,5,0.0,arousal,kshot_relative,0.3518748300655609
20260920,2,5,0.0,dominance,kshot_relative,0.24458766457846673
20260920,2,5,0.0,valence,kshot_hybrid,0.029567356090446015
20260920,2,5,0.0,arousal,kshot_hybrid,0.37447506542631714
20260920,2,5,0.0,dominance,kshot_hybrid,0.26298449175584854
20260920,2,5,0.25,valence,absolute,0.030002048706536548
20260920,2,5,0.25,arousal,absolute,0.3287345819028013
20260920,2,5,0.25,dominance,absolute,0.24797107740138402
20260920,2,5,0.25,valence,kshot_relative,0.025372352711218286
20260920,2,5,0.25,arousal,kshot_relative,0.36577894531591415
20260920,2,5,0.25,dominance,kshot_relative,0.25275909533622754
20260920,2,5,0.25,valence,kshot_hybrid,0.02925818666740154
20260920,2,5,0.25,arousal,kshot_hybrid,0.4040430947593172
20260920,2,5,0.25,dominance,kshot_hybrid,0.27568531562927623
20260920,2,5,0.5,valence,absolute,0.03030463952511046
20260920,2,5,0.5,arousal,absolute,0.34990649739197965
20260920,2,5,0.5,dominance,absolute,0.2563110864814122
20260920,2,5,0.5,valence,kshot_relative,0.023917428459646426
20260920,2,5,0.5,arousal,kshot_relative,0.37668059456505515
20260920,2,5,0.5,dominance,kshot_relative,0.25856757596138696
20260920,2,5,0.5,valence,kshot_hybrid,0.028694589012972883
20260920,2,5,0.5,arousal,kshot_hybrid,0.4196216112145749
20260920,2,5,0.5,dominance,kshot_hybrid,0.28281057408928106
20260920,2,5,0.75,valence,absolute,0.03033998486578981
20260920,2,5,0.75,arousal,absolute,0.3664714708935186
20260920,2,5,0.75,dominance,absolute,0.2616360107639578
20260920,2,5,0.75,valence,kshot_relative,0.022518622224486553
20260920,2,5,0.75,arousal,kshot_relative,0.38447006686892843
20260920,2,5,0.75,dominance,kshot_relative,0.2620125950121297
20260920,2,5,0.75,valence,kshot_hybrid,0.02787796688258966
20260920,2,5,0.75,arousal,kshot_hybrid,0.4204719018105195
20260920,2,5,0.75,dominance,kshot_hybrid,0.2842277691999376
20260920,2,5,1.0,valence,absolute,0.03010830713960039
20260920,2,5,1.0,arousal,absolute,0.37815494955782974
20260920,2,5,1.0,dominance,absolute,0.26385233139078645
20260920,2,5,1.0,valence,kshot_relative,0.02117762774343748
20260920,2,5,1.0,arousal,kshot_relative,0.38922265170255
20260920,2,5,1.0,dominance,kshot_relative,0.2632597243171107
20260920,2,5,1.0,valence,kshot_hybrid,0.026810382795945463
20260920,2,5,1.0,arousal,kshot_hybrid,0.40714762281000916
20260920,2,5,1.0,dominance,kshot_hybrid,0.2799687815584902
20260920,3,5,0.0,valence,absolute,0.036853870191449783
20260920,3,5,0.0,arousal,absolute,0.4106430203770033
20260920,3,5,0.0,dominance,absolute,0.33801345798009413
20260920,3,5,0.0,valence,kshot_relative,0.0336292269362354
20260920,3,5,0.0,arousal,kshot_relative,0.4346735723240543
20260920,3,5,0.0,dominance,kshot_relative,0.3383638759656982
20260920,3,5,0.0,valence,kshot_hybrid,0.03705761484793905
20260920,3,5,0.0,arousal,kshot_hybrid,0.4837931819434241
20260920,3,5,0.0,dominance,kshot_hybrid,0.36288659504582776
20260920,3,5,0.25,valence,absolute,0.03679890262161493
20260920,3,5,0.25,arousal,absolute,0.4079963727288423
20260920,3,5,0.25,dominance,absolute,0.34040237068530554
20260920,3,5,0.25,valence,kshot_relative,0.03259401648604167
20260920,3,5,0.25,arousal,kshot_relative,0.4455132202314871
20260920,3,5,0.25,dominance,kshot_relative,0.3505140877497619
20260920,3,5,0.25,valence,kshot_hybrid,0.03682257284111032
20260920,3,5,0.25,arousal,kshot_hybrid,0.4910398061173481
20260920,3,5,0.25,dominance,kshot_hybrid,0.3746919946558506
20260920,3,5,0.5,valence,absolute,0.036843268744678144
20260920,3,5,0.5,arousal,absolute,0.4018245506951371
20260920,3,5,0.5,dominance,absolute,0.340630356738278
20260920,3,5,0.5,valence,kshot_relative,0.03159097695180656
20260920,3,5,0.5,arousal,kshot_relative,0.4532781349408059
20260920,3,5,0.5,dominance,kshot_relative,0.36239516328879673
20260920,3,5,0.5,valence,kshot_hybrid,0.036804370765072814
20260920,3,5,0.5,arousal,kshot_hybrid,0.49504872305761416
20260920,3,5,0.5,dominance,kshot_hybrid,0.38167728487755587
20260920,3,5,0.75,valence,absolute,0.036986204927933676
20260920,3,5,0.75,arousal,absolute,0.392358248833317
20260920,3,5,0.75,dominance,absolute,0.3387724972031891
20260920,3,5,0.75,valence,kshot_relative,0.03062103002274948
20260920,3,5,0.75,arousal,kshot_relative,0.45808656828469857
20260920,3,5,0.75,dominance,kshot_relative,0.37384384415281224
20260920,3,5,0.75,valence,kshot_hybrid,0.03700045531067424
20260920,3,5,0.75,arousal,kshot_hybrid,0.495932925046039
20260920,3,5,0.75,dominance,kshot_hybrid,0.3837565140353337
20260920,3,5,1.0,valence,absolute,0.03722742480425986
20260920,3,5,1.0,arousal,absolute,0.37993610582971765
20260920,3,5,1.0,dominance,absolute,0.3349435291666055
20260920,3,5,1.0,valence,kshot_relative,0.029684916848695675
20260920,3,5,1.0,arousal,kshot_relative,0.46015361681303846
20260920,3,5,1.0,dominance,kshot_relative,0.384710318271706
20260920,3,5,1.0,valence,kshot_hybrid,0.03740735915819729
20260920,3,5,1.0,arousal,kshot_hybrid,0.49387058592628064
20260920,3,5,1.0,dominance,kshot_hybrid,0.3811722681215564
20260920,4,5,0.0,valence,absolute,0.03126516702505635
20260920,4,5,0.0,arousal,absolute,0.31798468476469466
20260920,4,5,0.0,dominance,absolute,0.18782910416620235
20260920,4,5,0.0,valence,kshot_relative,0.028722537180674725
20260920,4,5,0.0,arousal,kshot_relative,0.3593850170025693
20260920,4,5,0.0,dominance,kshot_relative,0.18617314878132504
20260920,4,5,0.0,valence,kshot_hybrid,0.03318888810702232
20260920,4,5,0.0,arousal,kshot_hybrid,0.42264740558022296
20260920,4,5,0.0,dominance,kshot_hybrid,0.20259872938896897
20260920,4,5,0.25,valence,absolute,0.031896604603893514
20260920,4,5,0.25,arousal,absolute,0.31815472857772825
20260920,4,5,0.25,dominance,absolute,0.19098771602101708
20260920,4,5,0.25,valence,kshot_relative,0.02729349029836734
20260920,4,5,0.25,arousal,kshot_relative,0.357897243797891
20260920,4,5,0.25,dominance,kshot_relative,0.18470628269524494
20260920,4,5,0.25,valence,kshot_hybrid,0.03355332792458518
20260920,4,5,0.25,arousal,kshot_hybrid,0.42323085349334166
20260920,4,5,0.25,dominance,kshot_hybrid,0.20463495758222297
20260920,4,5,0.5,valence,absolute,0.03249928964031028
20260920,4,5,0.5,arousal,absolute,0.314800982880526
20260920,4,5,0.5,dominance,absolute,0.1931965511450133
20260920,4,5,0.5,valence,kshot_relative,0.025834948806243284
20260920,4,5,0.5,arousal,kshot_relative,0.3524246008497522
20260920,4,5,0.5,dominance,kshot_relative,0.18229304501871796
20260920,4,5,0.5,valence,kshot_hybrid,0.03413954289471989
20260920,4,5,0.5,arousal,kshot_hybrid,0.41987666047729744
20260920,4,5,0.5,dominance,kshot_hybrid,0.2057118222571449
20260920,4,5,0.75,valence,absolute,0.0330713448229397
20260920,4,5,0.75,arousal,absolute,0.30860557188836657
20260920,4,5,0.75,dominance,absolute,0.19448386299310658
20260920,4,5,0.75,valence,kshot_relative,0.024355816160698332
20260920,4,5,0.75,arousal,kshot_relative,0.3429838724849219
20260920,4,5,0.75,dominance,kshot_relative,0.1789599737934781
20260920,4,5,0.75,valence,kshot_hybrid,0.034944366468894775
20260920,4,5,0.75,arousal,kshot_hybrid,0.41285551802796105
20260920,4,5,0.75,dominance,kshot_hybrid,0.205845190196913
20260920,4,5,1.0,valence,absolute,0.033609571226425404
20260920,4,5,1.0,arousal,absolute,0.3003750516044014
20260920,4,5,1.0,dominance,absolute,0.19489800942018323
20260920,4,5,1.0,valence,kshot_relative,0.022863213503141265
20260920,4,5,1.0,arousal,kshot_relative,0.3297130207362886
20260920,4,5,1.0,dominance,kshot_relative,0.17474402268125988
20260920,4,5,1.0,valence,kshot_hybrid,0.03596178976139543
20260920,4,5,1.0,arousal,kshot_hybrid,0.40263433579593566
20260920,4,5,1.0,dominance,kshot_hybrid,0.20506099121875512
20260920,0,10,0.0,valence,absolute,0.027256075546980257
20260920,0,10,0.0,arousal,absolute,0.3943523780544444
20260920,0,10,0.0,dominance,absolute,0.3172987190057025
20260920,0,10,0.0,valence,kshot_relative,0.024660928312450963
20260920,0,10,0.0,arousal,kshot_relative,0.4588319867176629
20260920,0,10,0.0,dominance,kshot_relative,0.3230310585396603
20260920,0,10,0.0,valence,kshot_hybrid,0.027295342267163597
20260920,0,10,0.0,arousal,kshot_hybrid,0.4735518380647199
20260920,0,10,0.0,dominance,kshot_hybrid,0.33881754520987156
20260920,0,10,0.25,valence,absolute,0.028188345747310516
20260920,0,10,0.25,arousal,absolute,0.40308716864243316
20260920,0,10,0.25,dominance,absolute,0.3228652848170188
20260920,0,10,0.25,valence,kshot_relative,0.0227888556187237
20260920,0,10,0.25,arousal,kshot_relative,0.4597097423424052
20260920,0,10,0.25,dominance,kshot_relative,0.32005837925746244
20260920,0,10,0.25,valence,kshot_hybrid,0.02728354436772445
20260920,0,10,0.25,arousal,kshot_hybrid,0.47713489304866613
20260920,0,10,0.25,dominance,kshot_hybrid,0.340411197119903
20260920,0,10,0.5,valence,absolute,0.029120225346701653
20260920,0,10,0.5,arousal,absolute,0.41132811073319947
20260920,0,10,0.5,dominance,absolute,0.3282146385828601
20260920,0,10,0.5,valence,kshot_relative,0.02087504109781643
20260920,0,10,0.5,arousal,kshot_relative,0.4599768697567681
20260920,0,10,0.5,dominance,kshot_relative,0.3170039932928713
20260920,0,10,0.5,valence,kshot_hybrid,0.027682660126676813
20260920,0,10,0.5,arousal,kshot_hybrid,0.4801526914688276
20260920,0,10,0.5,dominance,kshot_hybrid,0.3422327006251731
20260920,0,10,0.75,valence,absolute,0.030048174776637026
20260920,0,10,0.75,arousal,absolute,0.4189981146257337
20260920,0,10,0.75,dominance,absolute,0.3333185881079471
20260920,0,10,0.75,valence,kshot_relative,0.018927153915821334
20260920,0,10,0.75,arousal,kshot_relative,0.4596519165386159
20260920,0,10,0.75,dominance,kshot_relative,0.3138767046459037
20260920,0,10,0.75,valence,kshot_hybrid,0.028488657580250338
20260920,0,10,0.75,arousal,kshot_hybrid,0.4825806331582912
20260920,0,10,0.75,dominance,kshot_hybrid,0.34426429916019835
20260920,0,10,1.0,valence,absolute,0.03096946399908502
20260920,0,10,1.0,arousal,absolute,0.426126033188486
20260920,0,10,1.0,dominance,absolute,0.338193183976551
20260920,0,10,1.0,valence,kshot_relative,0.016953654909777058
20260920,0,10,1.0,arousal,kshot_relative,0.4587352262120279
20260920,0,10,1.0,dominance,kshot_relative,0.3106769076081758
20260920,0,10,1.0,valence,kshot_hybrid,0.029695008221123965
20260920,0,10,1.0,arousal,kshot_hybrid,0.48444854970435347
20260920,0,10,1.0,dominance,kshot_hybrid,0.34651058670438695
20260920,1,10,0.0,valence,absolute,0.029417672780849353
20260920,1,10,0.0,arousal,absolute,0.4123862486586213
20260920,1,10,0.0,dominance,absolute,0.3143747729412172
20260920,1,10,0.0,valence,kshot_relative,0.02815882163583956
20260920,1,10,0.0,arousal,kshot_relative,0.4961234744071048
20260920,1,10,0.0,dominance,kshot_relative,0.3323950398195389
20260920,1,10,0.0,valence,kshot_hybrid,0.02823099771831433
20260920,1,10,0.0,arousal,kshot_hybrid,0.5232617023617304
20260920,1,10,0.0,dominance,kshot_hybrid,0.35387779997630864
20260920,1,10,0.25,valence,absolute,0.028407952909921107
20260920,1,10,0.25,arousal,absolute,0.4186763286036246
20260920,1,10,0.25,dominance,absolute,0.3219405675661647
20260920,1,10,0.25,valence,kshot_relative,0.027242728729109336
20260920,1,10,0.25,arousal,kshot_relative,0.49837447330138007
20260920,1,10,0.25,dominance,kshot_relative,0.3225349100397459
20260920,1,10,0.25,valence,kshot_hybrid,0.02744988036026649
20260920,1,10,0.25,arousal,kshot_hybrid,0.5252097780846283
20260920,1,10,0.25,dominance,kshot_hybrid,0.35355551076813413
20260920,1,10,0.5,valence,absolute,0.027418455729480717
20260920,1,10,0.5,arousal,absolute,0.42310905271589233
20260920,1,10,0.5,dominance,absolute,0.32268845617382574
20260920,1,10,0.5,valence,kshot_relative,0.02633246691828721
20260920,1,10,0.5,arousal,kshot_relative,0.4986608525747125
20260920,1,10,0.5,dominance,kshot_relative,0.30672068422276166
20260920,1,10,0.5,valence,kshot_hybrid,0.026787599384941397
20260920,1,10,0.5,arousal,kshot_hybrid,0.5265974786052798
20260920,1,10,0.5,dominance,kshot_hybrid,0.3488451632916282
20260920,1,10,0.75,valence,absolute,0.02644958679475298
20260920,1,10,0.75,arousal,absolute,0.42564349932200984
20260920,1,10,0.75,dominance,absolute,0.31696666406029206
20260920,1,10,0.75,valence,kshot_relative,0.025428437107021605
20260920,1,10,0.75,arousal,kshot_relative,0.49701138819596263
20260920,1,10,0.75,dominance,kshot_relative,0.28638370826518716
20260920,1,10,0.75,valence,kshot_hybrid,0.02624571672238958
20260920,1,10,0.75,arousal,kshot_hybrid,0.5274178249834416
20260920,1,10,0.75,dominance,kshot_hybrid,0.3402939520300341
20260920,1,10,1.0,valence,absolute,0.025501870416506776
20260920,1,10,1.0,arousal,absolute,0.4263316029424711
20260920,1,10,1.0,dominance,absolute,0.305772475591669
20260920,1,10,1.0,valence,kshot_relative,0.024531280390707844
20260920,1,10,1.0,arousal,kshot_relative,0.49359314334251664
20260920,1,10,1.0,dominance,kshot_relative,0.26314284788530934
20260920,1,10,1.0,valence,kshot_hybrid,0.025825422469772524
20260920,1,10,1.0,arousal,kshot_hybrid,0.5277229470084733
20260920,1,10,1.0,dominance,kshot_hybrid,0.3286622252642994
20260920,2,10,0.0,valence,absolute,0.029432820651585936
20260920,2,10,0.0,arousal,absolute,0.3034399307190259
20260920,2,10,0.0,dominance,absolute,0.23686591068543983
20260920,2,10,0.0,valence,kshot_relative,0.026733907748432168
20260920,2,10,0.0,arousal,kshot_relative,0.3836896114917224
20260920,2,10,0.0,dominance,kshot_relative,0.25656716494229165
20260920,2,10,0.0,valence,kshot_hybrid,0.029461257794441306
20260920,2,10,0.0,arousal,kshot_hybrid,0.396677865366538
20260920,2,10,0.0,dominance,kshot_hybrid,0.27048303208340174
20260920,2,10,0.25,valence,absolute,0.030002048706536548
20260920,2,10,0.25,arousal,absolute,0.3287345819028013
20260920,2,10,0.25,dominance,absolute,0.24797107740138402
20260920,2,10,0.25,valence,kshot_relative,0.025103588616266794
20260920,2,10,0.25,arousal,kshot_relative,0.3732680560100347
20260920,2,10,0.25,dominance,kshot_relative,0.2510854521624563
20260920,2,10,0.25,valence,kshot_hybrid,0.028301608755085486
20260920,2,10,0.25,arousal,kshot_hybrid,0.40187766086004295
20260920,2,10,0.25,dominance,kshot_hybrid,0.2725272269851033
20260920,2,10,0.5,valence,absolute,0.03030463952511046
20260920,2,10,0.5,arousal,absolute,0.34990649739197965
20260920,2,10,0.5,dominance,absolute,0.2563110864814122
20260920,2,10,0.5,valence,kshot_relative,0.02349167137843618
20260920,2,10,0.5,arousal,kshot_relative,0.36006531073231574
20260920,2,10,0.5,dominance,kshot_relative,0.24327923118614633
20260920,2,10,0.5,valence,kshot_hybrid,0.026910264068124815
20260920,2,10,0.5,arousal,kshot_hybrid,0.3929117216465457
20260920,2,10,0.5,dominance,kshot_hybrid,0.26867796290842627
20260920,2,10,0.75,valence,absolute,0.03033998486578981
20260920,2,10,0.75,arousal,absolute,0.3664714708935186
20260920,2,10,0.75,dominance,absolute,0.2616360107639578
20260920,2,10,0.75,valence,kshot_relative,0.02190005686294428
20260920,2,10,0.75,arousal,kshot_relative,0.344586170821214
20260920,2,10,0.75,dominance,kshot_relative,0.2335462857218836
20260920,2,10,0.75,valence,kshot_hybrid,0.025289303304965365
20260920,2,10,0.75,arousal,kshot_hybrid,0.37024114903403915
20260920,2,10,0.75,dominance,kshot_hybrid,0.25902879426572534
20260920,2,10,1.0,valence,absolute,0.03010830713960039
20260920,2,10,1.0,arousal,absolute,0.37815494955782974
20260920,2,10,1.0,dominance,absolute,0.26385233139078645
20260920,2,10,1.0,valence,kshot_relative,0.020330652268240677
20260920,2,10,1.0,arousal,kshot_relative,0.3274320504038535
20260920,2,10,1.0,dominance,kshot_relative,0.2223926570928245
20260920,2,10,1.0,valence,kshot_hybrid,0.02344117347423192
20260920,2,10,1.0,arousal,kshot_hybrid,0.3352485910529688
20260920,2,10,1.0,dominance,kshot_hybrid,0.24384936912216165
20260920,3,10,0.0,valence,absolute,0.036853870191449783
20260920,3,10,0.0,arousal,absolute,0.4106430203770033
20260920,3,10,0.0,dominance,absolute,0.33801345798009413
20260920,3,10,0.0,valence,kshot_relative,0.03391227181279725
20260920,3,10,0.0,arousal,kshot_relative,0.49441218918224744
20260920,3,10,0.0,dominance,kshot_relative,0.3516905721553021
20260920,3,10,0.0,valence,kshot_hybrid,0.03692986005553291
20260920,3,10,0.0,arousal,kshot_hybrid,0.518799744172813
20260920,3,10,0.0,dominance,kshot_hybrid,0.37390253397300993
20260920,3,10,0.25,valence,absolute,0.03679890262161493
20260920,3,10,0.25,arousal,absolute,0.4079963727288423
20260920,3,10,0.25,dominance,absolute,0.34040237068530554
20260920,3,10,0.25,valence,kshot_relative,0.032020370805211376
20260920,3,10,0.25,arousal,kshot_relative,0.5048135214083683
20260920,3,10,0.25,dominance,kshot_relative,0.35636797327999525
20260920,3,10,0.25,valence,kshot_hybrid,0.03642513965578912
20260920,3,10,0.25,arousal,kshot_hybrid,0.5206926976947547
20260920,3,10,0.25,dominance,kshot_hybrid,0.3711618054972397
20260920,3,10,0.5,valence,absolute,0.036843268744678144
20260920,3,10,0.5,arousal,absolute,0.4018245506951371
20260920,3,10,0.5,dominance,absolute,0.340630356738278
20260920,3,10,0.5,valence,kshot_relative,0.030166426289838618
20260920,3,10,0.5,arousal,kshot_relative,0.5121404915077032
20260920,3,10,0.5,dominance,kshot_relative,0.3594642568824897
20260920,3,10,0.5,valence,kshot_hybrid,0.03606463199693248
20260920,3,10,0.5,arousal,kshot_hybrid,0.5170895683894912
20260920,3,10,0.5,dominance,kshot_hybrid,0.3561567410555287
20260920,3,10,0.75,valence,absolute,0.036986204927933676
20260920,3,10,0.75,arousal,absolute,0.392358248833317
20260920,3,10,0.75,dominance,absolute,0.3387724972031891
20260920,3,10,0.75,valence,kshot_relative,0.028351569955194666
20260920,3,10,0.75,arousal,kshot_relative,0.5162801436663568
20260920,3,10,0.75,dominance,kshot_relative,0.3609476722824297
20260920,3,10,0.75,valence,kshot_hybrid,0.0358482459707089
20260920,3,10,0.75,arousal,kshot_hybrid,0.508121587372884
20260920,3,10,0.75,dominance,kshot_hybrid,0.33050473837137845
20260920,3,10,1.0,valence,absolute,0.03722742480425986
20260920,3,10,1.0,arousal,absolute,0.37993610582971765
20260920,3,10,1.0,dominance,absolute,0.3349435291666055
20260920,3,10,1.0,valence,kshot_relative,0.0265770345101693
20260920,3,10,1.0,arousal,kshot_relative,0.5172243585862325
20260920,3,10,1.0,dominance,kshot_relative,0.3608202952477466
20260920,3,10,1.0,valence,kshot_hybrid,0.035776025552394126
20260920,3,10,1.0,arousal,kshot_hybrid,0.49402986067845417
20260920,3,10,1.0,dominance,kshot_hybrid,0.296517059831136
20260920,4,10,0.0,valence,absolute,0.03126516702505635
20260920,4,10,0.0,arousal,absolute,0.31798468476469466
20260920,4,10,0.0,dominance,absolute,0.18782910416620235
20260920,4,10,0.0,valence,kshot_relative,0.030298018012021168
20260920,4,10,0.0,arousal,kshot_relative,0.39768104465023507
20260920,4,10,0.0,dominance,kshot_relative,0.1912827632190296
20260920,4,10,0.0,valence,kshot_hybrid,0.03257282405976584
20260920,4,10,0.0,arousal,kshot_hybrid,0.43182148674941867
20260920,4,10,0.0,dominance,kshot_hybrid,0.2069077536419982
20260920,4,10,0.25,valence,absolute,0.031896604603893514
20260920,4,10,0.25,arousal,absolute,0.31815472857772825
20260920,4,10,0.25,dominance,absolute,0.19098771602101708
20260920,4,10,0.25,valence,kshot_relative,0.028984377346047724
20260920,4,10,0.25,arousal,kshot_relative,0.4043153569320382
20260920,4,10,0.25,dominance,kshot_relative,0.19047242749277793
20260920,4,10,0.25,valence,kshot_hybrid,0.03314231765647114
20260920,4,10,0.25,arousal,kshot_hybrid,0.43458378758089616
20260920,4,10,0.25,dominance,kshot_hybrid,0.20903432863024313
20260920,4,10,0.5,valence,absolute,0.03249928964031028
20260920,4,10,0.5,arousal,absolute,0.314800982880526
20260920,4,10,0.5,dominance,absolute,0.1931965511450133
20260920,4,10,0.5,valence,kshot_relative,0.027645397861152613
20260920,4,10,0.5,arousal,kshot_relative,0.4069686561793632
20260920,4,10,0.5,dominance,kshot_relative,0.18885929406563412
20260920,4,10,0.5,valence,kshot_hybrid,0.0340679558684359
20260920,4,10,0.5,arousal,kshot_hybrid,0.43098162565322834
20260920,4,10,0.5,dominance,kshot_hybrid,0.21066043704038165
20260920,4,10,0.75,valence,absolute,0.0330713448229397
20260920,4,10,0.75,arousal,absolute,0.30860557188836657
20260920,4,10,0.75,dominance,absolute,0.19448386299310658
20260920,4,10,0.75,valence,kshot_relative,0.02628947986339797
20260920,4,10,0.75,arousal,kshot_relative,0.4052984515373403
20260920,4,10,0.75,dominance,kshot_relative,0.1864372039939244
20260920,4,10,0.75,valence,kshot_hybrid,0.035344995757877654
20260920,4,10,0.75,arousal,kshot_hybrid,0.42104070189808024
20260920,4,10,0.75,dominance,kshot_hybrid,0.21177663233016097
20260920,4,10,1.0,valence,absolute,0.033609571226425404
20260920,4,10,1.0,arousal,absolute,0.3003750516044014
20260920,4,10,1.0,dominance,absolute,0.19489800942018323
20260920,4,10,1.0,valence,kshot_relative,0.02492300636843267
20260920,4,10,1.0,arousal,kshot_relative,0.39912640209578637
20260920,4,10,1.0,dominance,kshot_relative,0.18321384375446573
20260920,4,10,1.0,valence,kshot_hybrid,0.03696549994196775
20260920,4,10,1.0,arousal,kshot_hybrid,0.4050174705330464
20260920,4,10,1.0,dominance,kshot_hybrid,0.21237936967197915
20260920,0,20,0.0,valence,absolute,0.027256075546980257
20260920,0,20,0.0,arousal,absolute,0.3943523780544444
20260920,0,20,0.0,dominance,absolute,0.3172987190057025
20260920,0,20,0.0,valence,kshot_relative,0.026120532429988536
20260920,0,20,0.0,arousal,kshot_relative,0.458763160991692
20260920,0,20,0.0,dominance,kshot_relative,0.32720545213725344
20260920,0,20,0.0,valence,kshot_hybrid,0.02780148328211715
20260920,0,20,0.0,arousal,kshot_hybrid,0.46431244368899294
20260920,0,20,0.0,dominance,kshot_hybrid,0.33479826493799
20260920,0,20,0.25,valence,absolute,0.028188345747310516
20260920,0,20,0.25,arousal,absolute,0.40308716864243316
20260920,0,20,0.25,dominance,absolute,0.3228652848170188
20260920,0,20,0.25,valence,kshot_relative,0.025624372902454468
20260920,0,20,0.25,arousal,kshot_relative,0.46268425711636124
20260920,0,20,0.25,dominance,kshot_relative,0.32901918939338004
20260920,0,20,0.25,valence,kshot_hybrid,0.02813640411104676
20260920,0,20,0.25,arousal,kshot_hybrid,0.47438393498846804
20260920,0,20,0.25,dominance,kshot_hybrid,0.34056211494340166
20260920,0,20,0.5,valence,absolute,0.029120225346701653
20260920,0,20,0.5,arousal,absolute,0.41132811073319947
20260920,0,20,0.5,dominance,absolute,0.3282146385828601
20260920,0,20,0.5,valence,kshot_relative,0.025077155891649532
20260920,0,20,0.5,arousal,kshot_relative,0.46596079347893293
20260920,0,20,0.5,dominance,kshot_relative,0.33068281686107304
20260920,0,20,0.5,valence,kshot_hybrid,0.028639548562668433
20260920,0,20,0.5,arousal,kshot_hybrid,0.4804673104328702
20260920,0,20,0.5,dominance,kshot_hybrid,0.34429811676665223
20260920,0,20,0.75,valence,absolute,0.030048174776637026
20260920,0,20,0.75,arousal,absolute,0.4189981146257337
20260920,0,20,0.75,dominance,absolute,0.3333185881079471
20260920,0,20,0.75,valence,kshot_relative,0.024481004013604223
20260920,0,20,0.75,arousal,kshot_relative,0.4685981617717221
20260920,0,20,0.75,dominance,kshot_relative,0.3321966469009817
20260920,0,20,0.75,valence,kshot_hybrid,0.029308415551288883
20260920,0,20,0.75,arousal,kshot_hybrid,0.48244139085453946
20260920,0,20,0.75,dominance,kshot_hybrid,0.34597727903669373
20260920,0,20,1.0,valence,absolute,0.03096946399908502
20260920,0,20,1.0,arousal,absolute,0.426126033188486
20260920,0,20,1.0,dominance,absolute,0.338193183976551
20260920,0,20,1.0,valence,kshot_relative,0.02383907677041655
20260920,0,20,1.0,arousal,kshot_relative,0.470590753694572
20260920,0,20,1.0,dominance,kshot_relative,0.3335604354037023
20260920,0,20,1.0,valence,kshot_hybrid,0.030139683023306132
20260920,0,20,1.0,arousal,kshot_hybrid,0.4803164493453188
20260920,0,20,1.0,dominance,kshot_hybrid,0.3456206311581758
20260920,1,20,0.0,valence,absolute,0.029417672780849353
20260920,1,20,0.0,arousal,absolute,0.4123862486586213
20260920,1,20,0.0,dominance,absolute,0.3143747729412172
20260920,1,20,0.0,valence,kshot_relative,0.029451122381620287
20260920,1,20,0.0,arousal,kshot_relative,0.4926858842175578
20260920,1,20,0.0,dominance,kshot_relative,0.33549286659550887
20260920,1,20,0.0,valence,kshot_hybrid,0.029191097095682978
20260920,1,20,0.0,arousal,kshot_hybrid,0.505379814271887
20260920,1,20,0.0,dominance,kshot_hybrid,0.3484263356336867
20260920,1,20,0.25,valence,absolute,0.028407952909921107
20260920,1,20,0.25,arousal,absolute,0.4186763286036246
20260920,1,20,0.25,dominance,absolute,0.3219405675661647
20260920,1,20,0.25,valence,kshot_relative,0.029091373449277022
20260920,1,20,0.25,arousal,kshot_relative,0.5005475414972494
20260920,1,20,0.25,dominance,kshot_relative,0.33652630751804896
20260920,1,20,0.25,valence,kshot_hybrid,0.02868723064122694
20260920,1,20,0.25,arousal,kshot_hybrid,0.5142649619878731
20260920,1,20,0.25,dominance,kshot_hybrid,0.3568017495931487
20260920,1,20,0.5,valence,absolute,0.027418455729480717
20260920,1,20,0.5,arousal,absolute,0.42310905271589233
20260920,1,20,0.5,dominance,absolute,0.32268845617382574
20260920,1,20,0.5,valence,kshot_relative,0.028731790971084446
20260920,1,20,0.5,arousal,kshot_relative,0.5067672189505661
20260920,1,20,0.5,dominance,kshot_relative,0.3309856960640739
20260920,1,20,0.5,valence,kshot_hybrid,0.028297042338690986
20260920,1,20,0.5,arousal,kshot_hybrid,0.5211752685599318
20260920,1,20,0.5,dominance,kshot_hybrid,0.36058957601003616
20260920,1,20,0.75,valence,absolute,0.02644958679475298
20260920,1,20,0.75,arousal,absolute,0.42564349932200984
20260920,1,20,0.75,dominance,absolute,0.31696666406029206
20260920,1,20,0.75,valence,kshot_relative,0.028372516912962508
20260920,1,20,0.75,arousal,kshot_relative,0.5112376613041878
20260920,1,20,0.75,dominance,kshot_relative,0.31942045656059065
20260920,1,20,0.75,valence,kshot_hybrid,0.028022492600037557
20260920,1,20,0.75,arousal,kshot_hybrid,0.5260043171969342
20260920,1,20,0.75,dominance,kshot_hybrid,0.3597182603717703
20260920,1,20,1.0,valence,absolute,0.025501870416506776
20260920,1,20,1.0,arousal,absolute,0.4263316029424711
20260920,1,20,1.0,dominance,absolute,0.305772475591669
20260920,1,20,1.0,valence,kshot_relative,0.028013749185707242
20260920,1,20,1.0,arousal,kshot_relative,0.5138699823846397
20260920,1,20,1.0,dominance,kshot_relative,0.3029514905555878
20260920,1,20,1.0,valence,kshot_hybrid,0.027864496412868808
20260920,1,20,1.0,arousal,kshot_hybrid,0.5286577049252285
20260920,1,20,1.0,dominance,kshot_hybrid,0.35462986626635284
20260920,2,20,0.0,valence,absolute,0.029432820651585936
20260920,2,20,0.0,arousal,absolute,0.3034399307190259
20260920,2,20,0.0,dominance,absolute,0.23686591068543983
20260920,2,20,0.0,valence,kshot_relative,0.027968270655797385
20260920,2,20,0.0,arousal,kshot_relative,0.38414517815419996
20260920,2,20,0.0,dominance,kshot_relative,0.2552173809856786
20260920,2,20,0.0,valence,kshot_hybrid,0.029597874135689668
20260920,2,20,0.0,arousal,kshot_hybrid,0.3970407983710794
20260920,2,20,0.0,dominance,kshot_hybrid,0.2651514848169103
20260920,2,20,0.25,valence,absolute,0.030002048706536548
20260920,2,20,0.25,arousal,absolute,0.3287345819028013
20260920,2,20,0.25,dominance,absolute,0.24797107740138402
20260920,2,20,0.25,valence,kshot_relative,0.026883220719575843
20260920,2,20,0.25,arousal,kshot_relative,0.38284865109895266
20260920,2,20,0.25,dominance,kshot_relative,0.2577111426963337
20260920,2,20,0.25,valence,kshot_hybrid,0.028949716021336575
20260920,2,20,0.25,arousal,kshot_hybrid,0.4069913277439003
20260920,2,20,0.25,dominance,kshot_hybrid,0.2729990799958998
20260920,2,20,0.5,valence,absolute,0.03030463952511046
20260920,2,20,0.5,arousal,absolute,0.34990649739197965
20260920,2,20,0.5,dominance,absolute,0.2563110864814122
20260920,2,20,0.5,valence,kshot_relative,0.02580623193373745
20260920,2,20,0.5,arousal,kshot_relative,0.3779624817507588
20260920,2,20,0.5,dominance,kshot_relative,0.25696615564735126
20260920,2,20,0.5,valence,kshot_hybrid,0.027941327819225655
20260920,2,20,0.5,arousal,kshot_hybrid,0.40401505692538775
20260920,2,20,0.5,dominance,kshot_hybrid,0.2746668927876398
20260920,2,20,0.75,valence,absolute,0.03033998486578981
20260920,2,20,0.75,arousal,absolute,0.3664714708935186
20260920,2,20,0.75,dominance,absolute,0.2616360107639578
20260920,2,20,0.75,valence,kshot_relative,0.02473859043704526
20260920,2,20,0.75,arousal,kshot_relative,0.3698340784399069
20260920,2,20,0.75,dominance,kshot_relative,0.25325168356988786
20260920,2,20,0.75,valence,kshot_hybrid,0.02657548725691332
20260920,2,20,0.75,arousal,kshot_hybrid,0.388638707661444
20260920,2,20,0.75,dominance,kshot_hybrid,0.27022147061713225
20260920,2,20,1.0,valence,absolute,0.03010830713960039
20260920,2,20,1.0,arousal,absolute,0.37815494955782974
20260920,2,20,1.0,dominance,absolute,0.26385233139078645
20260920,2,20,1.0,valence,kshot_relative,0.02368163974444582
20260920,2,20,1.0,arousal,kshot_relative,0.3589663344199594
20260920,2,20,1.0,dominance,kshot_relative,0.24702105623661974
20260920,2,20,1.0,valence,kshot_hybrid,0.024856340595321578
20260920,2,20,1.0,arousal,kshot_hybrid,0.3621146763689385
20260920,2,20,1.0,dominance,kshot_hybrid,0.2599371446313157
20260920,3,20,0.0,valence,absolute,0.036853870191449783
20260920,3,20,0.0,arousal,absolute,0.4106430203770033
20260920,3,20,0.0,dominance,absolute,0.33801345798009413
20260920,3,20,0.0,valence,kshot_relative,0.03534896760761058
20260920,3,20,0.0,arousal,kshot_relative,0.4924125519249826
20260920,3,20,0.0,dominance,kshot_relative,0.3547977655494674
20260920,3,20,0.0,valence,kshot_hybrid,0.03712456141289619
20260920,3,20,0.0,arousal,kshot_hybrid,0.5124762547990528
20260920,3,20,0.0,dominance,kshot_hybrid,0.3684578680894654
20260920,3,20,0.25,valence,absolute,0.03679890262161493
20260920,3,20,0.25,arousal,absolute,0.4079963727288423
20260920,3,20,0.25,dominance,absolute,0.34040237068530554
20260920,3,20,0.25,valence,kshot_relative,0.03437933638497925
20260920,3,20,0.25,arousal,kshot_relative,0.5005597004697209
20260920,3,20,0.25,dominance,kshot_relative,0.3646649271402943
20260920,3,20,0.25,valence,kshot_hybrid,0.03689463349030863
20260920,3,20,0.25,arousal,kshot_hybrid,0.5207747564206584
20260920,3,20,0.25,dominance,kshot_hybrid,0.37686513019320306
20260920,3,20,0.5,valence,absolute,0.036843268744678144
20260920,3,20,0.5,arousal,absolute,0.4018245506951371
20260920,3,20,0.5,dominance,absolute,0.340630356738278
20260920,3,20,0.5,valence,kshot_relative,0.03342005380467582
20260920,3,20,0.5,arousal,kshot_relative,0.5053608934601277
20260920,3,20,0.5,dominance,kshot_relative,0.3733897536115287
20260920,3,20,0.5,valence,kshot_hybrid,0.03662163086290817
20260920,3,20,0.5,arousal,kshot_hybrid,0.5234483203484568
20260920,3,20,0.5,dominance,kshot_hybrid,0.3786251314198758
20260920,3,20,0.75,valence,absolute,0.036986204927933676
20260920,3,20,0.75,arousal,absolute,0.392358248833317
20260920,3,20,0.75,dominance,absolute,0.3387724972031891
20260920,3,20,0.75,valence,kshot_relative,0.03247177312729553
20260920,3,20,0.75,arousal,kshot_relative,0.5069127432749521
20260920,3,20,0.75,dominance,kshot_relative,0.3809009813943114
20260920,3,20,0.75,valence,kshot_hybrid,0.03630572045556989
20260920,3,20,0.75,arousal,kshot_hybrid,0.5206199870401174
20260920,3,20,0.75,dominance,kshot_hybrid,0.3739546299391744
20260920,3,20,1.0,valence,absolute,0.03722742480425986
20260920,3,20,1.0,arousal,absolute,0.37993610582971765
20260920,3,20,1.0,dominance,absolute,0.3349435291666055
20260920,3,20,1.0,valence,kshot_relative,0.03153504910744071
20260920,3,20,1.0,arousal,kshot_relative,0.5054183685115828
20260920,3,20,1.0,dominance,kshot_relative,0.38715230382079363
20260920,3,20,1.0,valence,kshot_hybrid,0.035947657745957366
20260920,3,20,1.0,arousal,kshot_hybrid,0.5125551325730743
20260920,3,20,1.0,dominance,kshot_hybrid,0.36335780965084774
20260920,4,20,0.0,valence,absolute,0.03126516702505635
20260920,4,20,0.0,arousal,absolute,0.31798468476469466
20260920,4,20,0.0,dominance,absolute,0.18782910416620235
20260920,4,20,0.0,valence,kshot_relative,0.031834102339873376
20260920,4,20,0.0,arousal,kshot_relative,0.40412449581490834
20260920,4,20,0.0,dominance,kshot_relative,0.1936068774036347
20260920,4,20,0.0,valence,kshot_hybrid,0.03304941012047454
20260920,4,20,0.0,arousal,kshot_hybrid,0.4247952173903661
20260920,4,20,0.0,dominance,kshot_hybrid,0.20159292050127764
20260920,4,20,0.25,valence,absolute,0.031896604603893514
20260920,4,20,0.25,arousal,absolute,0.31815472857772825
20260920,4,20,0.25,dominance,absolute,0.19098771602101708
20260920,4,20,0.25,valence,kshot_relative,0.030465519710140332
20260920,4,20,0.25,arousal,kshot_relative,0.4063492086555741
20260920,4,20,0.25,dominance,kshot_relative,0.1937451779411651
20260920,4,20,0.25,valence,kshot_hybrid,0.032920068551391866
20260920,4,20,0.25,arousal,kshot_hybrid,0.4335821991775977
20260920,4,20,0.25,dominance,kshot_hybrid,0.20558116892386008
20260920,4,20,0.5,valence,absolute,0.03249928964031028
20260920,4,20,0.5,arousal,absolute,0.314800982880526
20260920,4,20,0.5,dominance,absolute,0.1931965511450133
20260920,4,20,0.5,valence,kshot_relative,0.02905454469432612
20260920,4,20,0.5,arousal,kshot_relative,0.40449797037317975
20260920,4,20,0.5,dominance,kshot_relative,0.1932518132997185
20260920,4,20,0.5,valence,kshot_hybrid,0.033068661533440166
20260920,4,20,0.5,arousal,kshot_hybrid,0.4363682612147315
20260920,4,20,0.5,dominance,kshot_hybrid,0.21025532181368844
20260920,4,20,0.75,valence,absolute,0.0330713448229397
20260920,4,20,0.75,arousal,absolute,0.30860557188836657
20260920,4,20,0.75,dominance,absolute,0.19448386299310658
20260920,4,20,0.75,valence,kshot_relative,0.02761017757411592
20260920,4,20,0.75,arousal,kshot_relative,0.39850657075162493
20260920,4,20,0.75,dominance,kshot_relative,0.19213121623072948
20260920,4,20,0.75,valence,kshot_hybrid,0.03349379042212495
20260920,4,20,0.75,arousal,kshot_hybrid,0.4330136921293165
20260920,4,20,0.75,dominance,kshot_hybrid,0.21552950832640344
20260920,4,20,1.0,valence,absolute,0.033609571226425404
20260920,4,20,1.0,arousal,absolute,0.3003750516044014
20260920,4,20,1.0,dominance,absolute,0.19489800942018323
20260920,4,20,1.0,valence,kshot_relative,0.026139857551886254
20260920,4,20,1.0,arousal,kshot_relative,0.38850698355863333
20260920,4,20,1.0,dominance,kshot_relative,0.19039549852760335
20260920,4,20,1.0,valence,kshot_hybrid,0.03419124923492769
20260920,4,20,1.0,arousal,kshot_hybrid,0.4241530696384317
20260920,4,20,1.0,dominance,kshot_hybrid,0.22129392873477463
20260920,0,50,0.0,valence,absolute,0.027256075546980257
20260920,0,50,0.0,arousal,absolute,0.3943523780544444
20260920,0,50,0.0,dominance,absolute,0.3172987190057025
20260920,0,50,0.0,valence,kshot_relative,0.027515709665754142
20260920,0,50,0.0,arousal,kshot_relative,0.47539530085759496
20260920,0,50,0.0,dominance,kshot_relative,0.33709481300916233
20260920,0,50,0.0,valence,kshot_hybrid,0.02796009259751171
20260920,0,50,0.0,arousal,kshot_hybrid,0.479787946113553
20260920,0,50,0.0,dominance,kshot_hybrid,0.34026191146972307
20260920,0,50,0.25,valence,absolute,0.028188345747310516
20260920,0,50,0.25,arousal,absolute,0.40308716864243316
20260920,0,50,0.25,dominance,absolute,0.3228652848170188
20260920,0,50,0.25,valence,kshot_relative,0.02666726298121718
20260920,0,50,0.25,arousal,kshot_relative,0.47529284890405754
20260920,0,50,0.25,dominance,kshot_relative,0.33799910220514895
20260920,0,50,0.25,valence,kshot_hybrid,0.02827587630025233
20260920,0,50,0.25,arousal,kshot_hybrid,0.48315603726507966
20260920,0,50,0.25,dominance,kshot_hybrid,0.34326512212063487
20260920,0,50,0.5,valence,absolute,0.029120225346701653
20260920,0,50,0.5,arousal,absolute,0.41132811073319947
20260920,0,50,0.5,dominance,absolute,0.3282146385828601
20260920,0,50,0.5,valence,kshot_relative,0.025803609231626022
20260920,0,50,0.5,arousal,kshot_relative,0.47460528585338624
20260920,0,50,0.5,dominance,kshot_relative,0.3387873109834158
20260920,0,50,0.5,valence,kshot_hybrid,0.029467786886192587
20260920,0,50,0.5,arousal,kshot_hybrid,0.4815472053194947
20260920,0,50,0.5,dominance,kshot_hybrid,0.34446298476618675
20260920,0,50,0.75,valence,absolute,0.030048174776637026
20260920,0,50,0.75,arousal,absolute,0.4189981146257337
20260920,0,50,0.75,dominance,absolute,0.3333185881079471
20260920,0,50,0.75,valence,kshot_relative,0.024928009146880814
20260920,0,50,0.75,arousal,kshot_relative,0.47336162307277263
20260920,0,50,0.75,dominance,kshot_relative,0.33946760534889836
20260920,0,50,0.75,valence,kshot_hybrid,0.03152693289729386
20260920,0,50,0.75,arousal,kshot_hybrid,0.4750125953235248
20260920,0,50,0.75,dominance,kshot_hybrid,0.34385928032621726
20260920,0,50,1.0,valence,absolute,0.03096946399908502
20260920,0,50,1.0,arousal,absolute,0.426126033188486
20260920,0,50,1.0,dominance,absolute,0.338193183976551
20260920,0,50,1.0,valence,kshot_relative,0.02404436591641806
20260920,0,50,1.0,arousal,kshot_relative,0.47155163122254745
20260920,0,50,1.0,dominance,kshot_relative,0.3400356224181916
20260920,0,50,1.0,valence,kshot_hybrid,0.03443795585029588
20260920,0,50,1.0,arousal,kshot_hybrid,0.4637239956308895
20260920,0,50,1.0,dominance,kshot_hybrid,0.3414836164490835
20260920,1,50,0.0,valence,absolute,0.029417672780849353
20260920,1,50,0.0,arousal,absolute,0.4123862486586213
20260920,1,50,0.0,dominance,absolute,0.3143747729412172
20260920,1,50,0.0,valence,kshot_relative,0.028959049641502907
20260920,1,50,0.0,arousal,kshot_relative,0.5187324517464491
20260920,1,50,0.0,dominance,kshot_relative,0.3502023890229083
20260920,1,50,0.0,valence,kshot_hybrid,0.02892998070588725
20260920,1,50,0.0,arousal,kshot_hybrid,0.5241609837334344
20260920,1,50,0.0,dominance,kshot_hybrid,0.35439698994077196
20260920,1,50,0.25,valence,absolute,0.028407952909921107
20260920,1,50,0.25,arousal,absolute,0.4186763286036246
20260920,1,50,0.25,dominance,absolute,0.3219405675661647
20260920,1,50,0.25,valence,kshot_relative,0.028672469636013637
20260920,1,50,0.25,arousal,kshot_relative,0.5225434309834573
20260920,1,50,0.25,dominance,kshot_relative,0.3503648123462373
20260920,1,50,0.25,valence,kshot_hybrid,0.02849773168246943
20260920,1,50,0.25,arousal,kshot_hybrid,0.5265758335708012
20260920,1,50,0.25,dominance,kshot_hybrid,0.35770851872322407
20260920,1,50,0.5,valence,absolute,0.027418455729480717
20260920,1,50,0.5,arousal,absolute,0.42310905271589233
20260920,1,50,0.5,dominance,absolute,0.32268845617382574
20260920,1,50,0.5,valence,kshot_relative,0.028385673293847707
20260920,1,50,0.5,arousal,kshot_relative,0.5245057717639318
20260920,1,50,0.5,dominance,kshot_relative,0.3438923738559471
20260920,1,50,0.5,valence,kshot_hybrid,0.02817185494064511
20260920,1,50,0.5,arousal,kshot_hybrid,0.5274529734139045
20260920,1,50,0.5,dominance,kshot_hybrid,0.35669300093853495
20260920,1,50,0.75,valence,absolute,0.02644958679475298
20260920,1,50,0.75,arousal,absolute,0.42564349932200984
20260920,1,50,0.75,dominance,absolute,0.31696666406029206
20260920,1,50,0.75,valence,kshot_relative,0.028098739851474833
20260920,1,50,0.75,arousal,kshot_relative,0.5245687619387147
20260920,1,50,0.75,dominance,kshot_relative,0.331471239543557
20260920,1,50,0.75,valence,kshot_hybrid,0.02795320596931093
20260920,1,50,0.75,arousal,kshot_hybrid,0.5267738939585033
20260920,1,50,0.75,dominance,kshot_hybrid,0.3516136733734319
20260920,1,50,1.0,valence,absolute,0.025501870416506776
20260920,1,50,1.0,arousal,absolute,0.4263316029424711
20260920,1,50,1.0,dominance,absolute,0.305772475591669
20260920,1,50,1.0,valence,kshot_relative,0.02781180260666485
20260920,1,50,1.0,arousal,kshot_relative,0.5227529339082322
20260920,1,50,1.0,dominance,kshot_relative,0.31430566355557726
20260920,1,50,1.0,valence,kshot_hybrid,0.02784213875596649
20260920,1,50,1.0,arousal,kshot_hybrid,0.5245565926095583
20260920,1,50,1.0,dominance,kshot_hybrid,0.34308257495372624
20260920,2,50,0.0,valence,absolute,0.029432820651585936
20260920,2,50,0.0,arousal,absolute,0.3034399307190259
20260920,2,50,0.0,dominance,absolute,0.23686591068543983
20260920,2,50,0.0,valence,kshot_relative,0.02866716374529569
20260920,2,50,0.0,arousal,kshot_relative,0.40435076746566534
20260920,2,50,0.0,dominance,kshot_relative,0.2668086213977857
20260920,2,50,0.0,valence,kshot_hybrid,0.029416876589347576
20260920,2,50,0.0,arousal,kshot_hybrid,0.4095959212080778
20260920,2,50,0.0,dominance,kshot_hybrid,0.27022714652655805
20260920,2,50,0.25,valence,absolute,0.030002048706536548
20260920,2,50,0.25,arousal,absolute,0.3287345819028013
20260920,2,50,0.25,dominance,absolute,0.24797107740138402
20260920,2,50,0.25,valence,kshot_relative,0.027822014800492626
20260920,2,50,0.25,arousal,kshot_relative,0.4011068762866191
20260920,2,50,0.25,dominance,kshot_relative,0.2676655636948647
20260920,2,50,0.25,valence,kshot_hybrid,0.028823112008053167
20260920,2,50,0.25,arousal,kshot_hybrid,0.40869577250451977
20260920,2,50,0.25,dominance,kshot_hybrid,0.27366483591606855
20260920,2,50,0.5,valence,absolute,0.03030463952511046
20260920,2,50,0.5,arousal,absolute,0.34990649739197965
20260920,2,50,0.5,dominance,absolute,0.2563110864814122
20260920,2,50,0.5,valence,kshot_relative,0.026981414327540452
20260920,2,50,0.5,arousal,kshot_relative,0.3940622753263397
20260920,2,50,0.5,dominance,kshot_relative,0.26548104546876206
20260920,2,50,0.5,valence,kshot_hybrid,0.027939242082309617
20260920,2,50,0.5,arousal,kshot_hybrid,0.4025595689016584
20260920,2,50,0.5,dominance,kshot_hybrid,0.2750255569517801
20260920,2,50,0.75,valence,absolute,0.03033998486578981
20260920,2,50,0.75,arousal,absolute,0.3664714708935186
20260920,2,50,0.75,dominance,absolute,0.2616360107639578
20260920,2,50,0.75,valence,kshot_relative,0.026146393400992226
20260920,2,50,0.75,arousal,kshot_relative,0.3835400989799362
20260920,2,50,0.75,dominance,kshot_relative,0.260444625840816
20260920,2,50,0.75,valence,kshot_hybrid,0.026766932966960862
20260920,2,50,0.75,arousal,kshot_hybrid,0.3916048465275188
20260920,2,50,0.75,dominance,kshot_hybrid,0.2743293611672072
20260920,2,50,1.0,valence,absolute,0.03010830713960039
20260920,2,50,1.0,arousal,absolute,0.37815494955782974
20260920,2,50,1.0,dominance,absolute,0.26385233139078645
20260920,2,50,1.0,valence,kshot_relative,0.025318003947102558
20260920,2,50,1.0,arousal,kshot_relative,0.370013101371747
20260920,2,50,1.0,dominance,kshot_relative,0.25291096419510445
20260920,2,50,1.0,valence,kshot_hybrid,0.025308680054150497
20260920,2,50,1.0,arousal,kshot_hybrid,0.3764201070338873
20260920,2,50,1.0,dominance,kshot_hybrid,0.271627634246697
20260920,3,50,0.0,valence,absolute,0.036853870191449783
20260920,3,50,0.0,arousal,absolute,0.4106430203770033
20260920,3,50,0.0,dominance,absolute,0.33801345798009413
20260920,3,50,0.0,valence,kshot_relative,0.036834305263109206
20260920,3,50,0.0,arousal,kshot_relative,0.5194624902356714
20260920,3,50,0.0,dominance,kshot_relative,0.36979378388961953
20260920,3,50,0.0,valence,kshot_hybrid,0.037223671566105204
20260920,3,50,0.0,arousal,kshot_hybrid,0.525141126953883
20260920,3,50,0.0,dominance,kshot_hybrid,0.3749339681644281
20260920,3,50,0.25,valence,absolute,0.03679890262161493
20260920,3,50,0.25,arousal,absolute,0.4079963727288423
20260920,3,50,0.25,dominance,absolute,0.34040237068530554
20260920,3,50,0.25,valence,kshot_relative,0.0361095749832519
20260920,3,50,0.25,arousal,kshot_relative,0.5222043121892354
20260920,3,50,0.25,dominance,kshot_relative,0.37528385888551374
20260920,3,50,0.25,valence,kshot_hybrid,0.036900415678656165
20260920,3,50,0.25,arousal,kshot_hybrid,0.5253711064401427
20260920,3,50,0.25,dominance,kshot_hybrid,0.3767465623006896
20260920,3,50,0.5,valence,absolute,0.036843268744678144
20260920,3,50,0.5,arousal,absolute,0.4018245506951371
20260920,3,50,0.5,dominance,absolute,0.340630356738278
20260920,3,50,0.5,valence,kshot_relative,0.03538473391694831
20260920,3,50,0.5,arousal,kshot_relative,0.5215338295271666
20260920,3,50,0.5,dominance,kshot_relative,0.3793482331588579
20260920,3,50,0.5,valence,kshot_hybrid,0.03658297490679661
20260920,3,50,0.5,arousal,kshot_hybrid,0.5218905067067479
20260920,3,50,0.5,dominance,kshot_hybrid,0.3713510846062082
20260920,3,50,0.75,valence,absolute,0.036986204927933676
20260920,3,50,0.75,arousal,absolute,0.392358248833317
20260920,3,50,0.75,dominance,absolute,0.3387724972031891
20260920,3,50,0.75,valence,kshot_relative,0.03466018273035649
20260920,3,50,0.75,arousal,kshot_relative,0.5175791046722439
20260920,3,50,0.75,dominance,kshot_relative,0.3819731714655944
20260920,3,50,0.75,valence,kshot_hybrid,0.03627140090826437
20260920,3,50,0.75,arousal,kshot_hybrid,0.5147770310138725
20260920,3,50,0.75,dominance,kshot_hybrid,0.35928104157071417
20260920,3,50,1.0,valence,absolute,0.03722742480425986
20260920,3,50,1.0,arousal,absolute,0.37993610582971765
20260920,3,50,1.0,dominance,absolute,0.3349435291666055
20260920,3,50,1.0,valence,kshot_relative,0.03393639037817903
20260920,3,50,1.0,arousal,kshot_relative,0.5105726569194634
20260920,3,50,1.0,dominance,kshot_relative,0.38317240735534397
20260920,3,50,1.0,valence,kshot_hybrid,0.035966092992115964
20260920,3,50,1.0,arousal,kshot_hybrid,0.5041698161128573
20260920,3,50,1.0,dominance,kshot_hybrid,0.3414849275749268
20260920,4,50,0.0,valence,absolute,0.03126516702505635
20260920,4,50,0.0,arousal,absolute,0.31798468476469466
20260920,4,50,0.0,dominance,absolute,0.18782910416620235
20260920,4,50,0.0,valence,kshot_relative,0.0327387838521167
20260920,4,50,0.0,arousal,kshot_relative,0.4346756820088664
20260920,4,50,0.0,dominance,kshot_relative,0.2023578008188138
20260920,4,50,0.0,valence,kshot_hybrid,0.03331285650215289
20260920,4,50,0.0,arousal,kshot_hybrid,0.444785497243692
20260920,4,50,0.0,dominance,kshot_hybrid,0.20545323175554364
20260920,4,50,0.25,valence,absolute,0.031896604603893514
20260920,4,50,0.25,arousal,absolute,0.31815472857772825
20260920,4,50,0.25,dominance,absolute,0.19098771602101708
20260920,4,50,0.25,valence,kshot_relative,0.03140940355215139
20260920,4,50,0.25,arousal,kshot_relative,0.43456134123855605
20260920,4,50,0.25,dominance,kshot_relative,0.20268351457726144
20260920,4,50,0.25,valence,kshot_hybrid,0.03304920535280301
20260920,4,50,0.25,arousal,kshot_hybrid,0.4426491416077267
20260920,4,50,0.25,dominance,kshot_hybrid,0.20732574559874747
20260920,4,50,0.5,valence,absolute,0.03249928964031028
20260920,4,50,0.5,arousal,absolute,0.314800982880526
20260920,4,50,0.5,dominance,absolute,0.1931965511450133
20260920,4,50,0.5,valence,kshot_relative,0.030053058690462056
20260920,4,50,0.5,arousal,kshot_relative,0.4298004503767861
20260920,4,50,0.5,dominance,kshot_relative,0.2023325981726245
20260920,4,50,0.5,valence,kshot_hybrid,0.03319829474824765
20260920,4,50,0.5,arousal,kshot_hybrid,0.4385125758360199
20260920,4,50,0.5,dominance,kshot_hybrid,0.21068355309564668
20260920,4,50,0.75,valence,absolute,0.0330713448229397
20260920,4,50,0.75,arousal,absolute,0.30860557188836657
20260920,4,50,0.75,dominance,absolute,0.19448386299310658
20260920,4,50,0.75,valence,kshot_relative,0.028678109892407707
20260920,4,50,0.75,arousal,kshot_relative,0.4205276576914803
20260920,4,50,0.75,dominance,kshot_relative,0.201313736698518
20260920,4,50,0.75,valence,kshot_hybrid,0.03375885853104449
20260920,4,50,0.75,arousal,kshot_hybrid,0.4326403190390275
20260920,4,50,0.75,dominance,kshot_hybrid,0.21544865055747622
20260920,4,50,1.0,valence,absolute,0.033609571226425404
20260920,4,50,1.0,arousal,absolute,0.3003750516044014
20260920,4,50,1.0,dominance,absolute,0.19489800942018323
20260920,4,50,1.0,valence,kshot_relative,0.027291607032934533
20260920,4,50,1.0,arousal,kshot_relative,0.40714470388279334
20260920,4,50,1.0,dominance,kshot_relative,0.1996446455851977
20260920,4,50,1.0,valence,kshot_hybrid,0.03472698746216176
20260920,4,50,1.0,arousal,kshot_hybrid,0.425479169155413
20260920,4,50,1.0,dominance,kshot_hybrid,0.2214972532415663
20260920,0,100,0.0,valence,absolute,0.027256075546980257
20260920,0,100,0.0,arousal,absolute,0.3943523780544444
20260920,0,100,0.0,dominance,absolute,0.3172987190057025
20260920,0,100,0.0,valence,kshot_relative,0.02777572048506339
20260920,0,100,0.0,arousal,kshot_relative,0.4742199209358351
20260920,0,100,0.0,dominance,kshot_relative,0.3367413675775246
20260920,0,100,0.0,valence,kshot_hybrid,0.02800700736221209
20260920,0,100,0.0,arousal,kshot_hybrid,0.4787168658788667
20260920,0,100,0.0,dominance,kshot_hybrid,0.33917242692460564
20260920,0,100,0.25,valence,absolute,0.028188345747310516
20260920,0,100,0.25,arousal,absolute,0.40308716864243316
20260920,0,100,0.25,dominance,absolute,0.3228652848170188
20260920,0,100,0.25,valence,kshot_relative,0.027809896856118822
20260920,0,100,0.25,arousal,kshot_relative,0.47668475828014684
20260920,0,100,0.25,dominance,kshot_relative,0.33992739747182243
20260920,0,100,0.25,valence,kshot_hybrid,0.028812551435527665
20260920,0,100,0.25,arousal,kshot_hybrid,0.48211087728144136
20260920,0,100,0.25,dominance,kshot_hybrid,0.3432444214922197
20260920,0,100,0.5,valence,absolute,0.029120225346701653
20260920,0,100,0.5,arousal,absolute,0.41132811073319947
20260920,0,100,0.5,dominance,absolute,0.3282146385828601
20260920,0,100,0.5,valence,kshot_relative,0.027802173485151713
20260920,0,100,0.5,arousal,kshot_relative,0.478536245132449
20260920,0,100,0.5,dominance,kshot_relative,0.34294510998215594
20260920,0,100,0.5,valence,kshot_hybrid,0.030013116502240075
20260920,0,100,0.5,arousal,kshot_hybrid,0.47960219472819815
20260920,0,100,0.5,dominance,kshot_hybrid,0.3442162683856196
20260920,0,100,0.75,valence,absolute,0.030048174776637026
20260920,0,100,0.75,arousal,absolute,0.4189981146257337
20260920,0,100,0.75,dominance,absolute,0.3333185881079471
20260920,0,100,0.75,valence,kshot_relative,0.027752442767005923
20260920,0,100,0.75,arousal,kshot_relative,0.47979818562510007
20260920,0,100,0.75,dominance,kshot_relative,0.34580029537257717
20260920,0,100,0.75,valence,kshot_hybrid,0.03160314463926263
20260920,0,100,0.75,arousal,kshot_hybrid,0.4713950365024217
20260920,0,100,0.75,dominance,kshot_hybrid,0.3421214387729568
20260920,0,100,1.0,valence,absolute,0.03096946399908502
20260920,0,100,1.0,arousal,absolute,0.426126033188486
20260920,0,100,1.0,dominance,absolute,0.338193183976551
20260920,0,100,1.0,valence,kshot_relative,0.027661449276310222
20260920,0,100,1.0,arousal,kshot_relative,0.4804545076345457
20260920,0,100,1.0,dominance,kshot_relative,0.34848844276472846
20260920,0,100,1.0,valence,kshot_hybrid,0.03357438246908585
20260920,0,100,1.0,arousal,kshot_hybrid,0.45785077112473344
20260920,0,100,1.0,dominance,kshot_hybrid,0.3370676669741539
20260920,1,100,0.0,valence,absolute,0.029417672780849353
20260920,1,100,0.0,arousal,absolute,0.4123862486586213
20260920,1,100,0.0,dominance,absolute,0.3143747729412172
20260920,1,100,0.0,valence,kshot_relative,0.02934975616618163
20260920,1,100,0.0,arousal,kshot_relative,0.5184201391515952
20260920,1,100,0.0,dominance,kshot_relative,0.34970500212724176
20260920,1,100,0.0,valence,kshot_hybrid,0.029080293293032106
20260920,1,100,0.0,arousal,kshot_hybrid,0.520486311254793
20260920,1,100,0.0,dominance,kshot_hybrid,0.35224589059746253
20260920,1,100,0.25,valence,absolute,0.028407952909921107
20260920,1,100,0.25,arousal,absolute,0.4186763286036246
20260920,1,100,0.25,dominance,absolute,0.3219405675661647
20260920,1,100,0.25,valence,kshot_relative,0.029286330777248692
20260920,1,100,0.25,arousal,kshot_relative,0.5230318788165254
20260920,1,100,0.25,dominance,kshot_relative,0.3515891261739288
20260920,1,100,0.25,valence,kshot_hybrid,0.02875344360405204
20260920,1,100,0.25,arousal,kshot_hybrid,0.5269770777428815
20260920,1,100,0.25,dominance,kshot_hybrid,0.35707525680302976
20260920,1,100,0.5,valence,absolute,0.027418455729480717
20260920,1,100,0.5,arousal,absolute,0.42310905271589233
20260920,1,100,0.5,dominance,absolute,0.32268845617382574
20260920,1,100,0.5,valence,kshot_relative,0.029220208874398863
20260920,1,100,0.5,arousal,kshot_relative,0.5257817094430839
20260920,1,100,0.5,dominance,kshot_relative,0.3467874628723538
20260920,1,100,0.5,valence,kshot_hybrid,0.02850660601089627
20260920,1,100,0.5,arousal,kshot_hybrid,0.5311905913165487
20260920,1,100,0.5,dominance,kshot_hybrid,0.3550415185643452
20260920,1,100,0.75,valence,absolute,0.02644958679475298
20260920,1,100,0.75,arousal,absolute,0.42564349932200984
20260920,1,100,0.75,dominance,absolute,0.31696666406029206
20260920,1,100,0.75,valence,kshot_relative,0.029151439396384485
20260920,1,100,0.75,arousal,kshot_relative,0.5266209858039457
20260920,1,100,0.75,dominance,kshot_relative,0.3358680591869423
20260920,1,100,0.75,valence,kshot_hybrid,0.028341022884720835
20260920,1,100,0.75,arousal,kshot_hybrid,0.5330444465517856
20260920,1,100,0.75,dominance,kshot_hybrid,0.34661652112950103
20260920,1,100,1.0,valence,absolute,0.025501870416506776
20260920,1,100,1.0,arousal,absolute,0.4263316029424711
20260920,1,100,1.0,dominance,absolute,0.305772475591669
20260920,1,100,1.0,valence,kshot_relative,0.029079927630578626
20260920,1,100,1.0,arousal,kshot_relative,0.5255751915779453
20260920,1,100,1.0,dominance,kshot_relative,0.3199528042965893
20260920,1,100,1.0,valence,kshot_hybrid,0.02825725247288054
20260920,1,100,1.0,arousal,kshot_hybrid,0.532539938534442
20260920,1,100,1.0,dominance,kshot_hybrid,0.3330214861628023
20260920,2,100,0.0,valence,absolute,0.029432820651585936
20260920,2,100,0.0,arousal,absolute,0.3034399307190259
20260920,2,100,0.0,dominance,absolute,0.23686591068543983
20260920,2,100,0.0,valence,kshot_relative,0.028796973468921558
20260920,2,100,0.0,arousal,kshot_relative,0.40594616080999657
20260920,2,100,0.0,dominance,kshot_relative,0.2669230502915915
20260920,2,100,0.0,valence,kshot_hybrid,0.029130294843428325
20260920,2,100,0.0,arousal,kshot_hybrid,0.4056644667541887
20260920,2,100,0.0,dominance,kshot_hybrid,0.26929319144834946
20260920,2,100,0.25,valence,absolute,0.030002048706536548
20260920,2,100,0.25,arousal,absolute,0.3287345819028013
20260920,2,100,0.25,dominance,absolute,0.24797107740138402
20260920,2,100,0.25,valence,kshot_relative,0.02835032752642684
20260920,2,100,0.25,arousal,kshot_relative,0.4054540261630824
20260920,2,100,0.25,dominance,kshot_relative,0.26840378696076134
20260920,2,100,0.25,valence,kshot_hybrid,0.028800782909369604
20260920,2,100,0.25,arousal,kshot_hybrid,0.41042832191998757
20260920,2,100,0.25,dominance,kshot_hybrid,0.2753871148833254
20260920,2,100,0.5,valence,absolute,0.03030463952511046
20260920,2,100,0.5,arousal,absolute,0.34990649739197965
20260920,2,100,0.5,dominance,absolute,0.2563110864814122
20260920,2,100,0.5,valence,kshot_relative,0.027894299841257124
20260920,2,100,0.5,arousal,kshot_relative,0.40169893285472563
20260920,2,100,0.5,dominance,kshot_relative,0.267189403447723
20260920,2,100,0.5,valence,kshot_hybrid,0.028170314228006872
20260920,2,100,0.5,arousal,kshot_hybrid,0.4103103689547493
20260920,2,100,0.5,dominance,kshot_hybrid,0.2781080180698546
20260920,2,100,0.75,valence,absolute,0.03033998486578981
20260920,2,100,0.75,arousal,absolute,0.3664714708935186
20260920,2,100,0.75,dominance,absolute,0.2616360107639578
20260920,2,100,0.75,valence,kshot_relative,0.027429426528735333
20260920,2,100,0.75,arousal,kshot_relative,0.3949194160230523
20260920,2,100,0.75,dominance,kshot_relative,0.26344733955275224
20260920,2,100,0.75,valence,kshot_hybrid,0.027243687599923596
20260920,2,100,0.75,arousal,kshot_hybrid,0.40559636018918005
20260920,2,100,0.75,dominance,kshot_hybrid,0.2774581744311318
20260920,2,100,1.0,valence,absolute,0.03010830713960039
20260920,2,100,1.0,arousal,absolute,0.37815494955782974
20260920,2,100,1.0,dominance,absolute,0.26385233139078645
20260920,2,100,1.0,valence,kshot_relative,0.026956317074132586
20260920,2,100,1.0,arousal,kshot_relative,0.38549759121961025
20260920,2,100,1.0,dominance,kshot_relative,0.257498479330531
20260920,2,100,1.0,valence,kshot_hybrid,0.02602812158135609
20260920,2,100,1.0,arousal,kshot_hybrid,0.39670987280066156
20260920,2,100,1.0,dominance,kshot_hybrid,0.2736202025873626
20260920,3,100,0.0,valence,absolute,0.036853870191449783
20260920,3,100,0.0,arousal,absolute,0.4106430203770033
20260920,3,100,0.0,dominance,absolute,0.33801345798009413
20260920,3,100,0.0,valence,kshot_relative,0.036849466101175635
20260920,3,100,0.0,arousal,kshot_relative,0.5143731011537002
20260920,3,100,0.0,dominance,kshot_relative,0.369316284229071
20260920,3,100,0.0,valence,kshot_hybrid,0.03700656001704015
20260920,3,100,0.0,arousal,kshot_hybrid,0.5184806611172628
20260920,3,100,0.0,dominance,kshot_hybrid,0.37240243572483533
20260920,3,100,0.25,valence,absolute,0.03679890262161493
20260920,3,100,0.25,arousal,absolute,0.4079963727288423
20260920,3,100,0.25,dominance,absolute,0.34040237068530554
20260920,3,100,0.25,valence,kshot_relative,0.03644824595284066
20260920,3,100,0.25,arousal,kshot_relative,0.5170264969516263
20260920,3,100,0.25,dominance,kshot_relative,0.3772211794206032
20260920,3,100,0.25,valence,kshot_hybrid,0.036890885160264945
20260920,3,100,0.25,arousal,kshot_hybrid,0.5225220292774188
20260920,3,100,0.25,dominance,kshot_hybrid,0.37893525741360123
20260920,3,100,0.5,valence,absolute,0.036843268744678144
20260920,3,100,0.5,arousal,absolute,0.4018245506951371
20260920,3,100,0.5,dominance,absolute,0.340630356738278
20260920,3,100,0.5,valence,kshot_relative,0.0360439568213931
20260920,3,100,0.5,arousal,kshot_relative,0.5164152562238299
20260920,3,100,0.5,dominance,kshot_relative,0.38390285986477496
20260920,3,100,0.5,valence,kshot_hybrid,0.03676414708920107
20260920,3,100,0.5,arousal,kshot_hybrid,0.5210499631888442
20260920,3,100,0.5,dominance,kshot_hybrid,0.3772013638287682
20260920,3,100,0.75,valence,absolute,0.036986204927933676
20260920,3,100,0.75,arousal,absolute,0.392358248833317
20260920,3,100,0.75,dominance,absolute,0.3387724972031891
20260920,3,100,0.75,valence,kshot_relative,0.03563668207388077
20260920,3,100,0.75,arousal,kshot_relative,0.5127389847102565
20260920,3,100,0.75,dominance,kshot_relative,0.389324001705044
20260920,3,100,0.75,valence,kshot_hybrid,0.036626213976888734
20260920,3,100,0.75,arousal,kshot_hybrid,0.5142452775216358
20260920,3,100,0.75,dominance,kshot_hybrid,0.3674953904079894
20260920,3,100,1.0,valence,absolute,0.03722742480425986
20260920,3,100,1.0,arousal,absolute,0.37993610582971765
20260920,3,100,1.0,dominance,absolute,0.3349435291666055
20260920,3,100,1.0,valence,kshot_relative,0.03522670553299485
20260920,3,100,1.0,arousal,kshot_relative,0.5062868111928329
20260920,3,100,1.0,dominance,kshot_relative,0.3934695383222171
20260920,3,100,1.0,valence,kshot_hybrid,0.036477367543355094
20260920,3,100,1.0,arousal,kshot_hybrid,0.502417353788953
20260920,3,100,1.0,dominance,kshot_hybrid,0.35054887617877767
20260920,4,100,0.0,valence,absolute,0.03126516702505635
20260920,4,100,0.0,arousal,absolute,0.31798468476469466
20260920,4,100,0.0,dominance,absolute,0.18782910416620235
20260920,4,100,0.0,valence,kshot_relative,0.033462035588211134
20260920,4,100,0.0,arousal,kshot_relative,0.4391586026438608
20260920,4,100,0.0,dominance,kshot_relative,0.2033261886364019
20260920,4,100,0.0,valence,kshot_hybrid,0.03348961021422064
20260920,4,100,0.0,arousal,kshot_hybrid,0.4460301962704677
20260920,4,100,0.0,dominance,kshot_hybrid,0.20588828611161256
20260920,4,100,0.25,valence,absolute,0.031896604603893514
20260920,4,100,0.25,arousal,absolute,0.31815472857772825
20260920,4,100,0.25,dominance,absolute,0.19098771602101708
20260920,4,100,0.25,valence,kshot_relative,0.03343669031450042
20260920,4,100,0.25,arousal,kshot_relative,0.44330645379672784
20260920,4,100,0.25,dominance,kshot_relative,0.2058181285164597
20260920,4,100,0.25,valence,kshot_hybrid,0.033695112432393114
20260920,4,100,0.25,arousal,kshot_hybrid,0.44859313262210854
20260920,4,100,0.25,dominance,kshot_hybrid,0.20899725886054654
20260920,4,100,0.5,valence,absolute,0.03249928964031028
20260920,4,100,0.5,arousal,absolute,0.314800982880526
20260920,4,100,0.5,dominance,absolute,0.1931965511450133
20260920,4,100,0.5,valence,kshot_relative,0.03334891504620614
20260920,4,100,0.5,arousal,kshot_relative,0.4428702372579445
20260920,4,100,0.5,dominance,kshot_relative,0.2075866561781494
20260920,4,100,0.5,valence,kshot_hybrid,0.03401134711952703
20260920,4,100,0.5,arousal,kshot_hybrid,0.44467346781502404
20260920,4,100,0.5,dominance,kshot_hybrid,0.21159718606751968
20260920,4,100,0.75,valence,absolute,0.0330713448229397
20260920,4,100,0.75,arousal,absolute,0.30860557188836657
20260920,4,100,0.75,dominance,absolute,0.19448386299310658
20260920,4,100,0.75,valence,kshot_relative,0.03320076667882637
20260920,4,100,0.75,arousal,kshot_relative,0.4379014714354184
20260920,4,100,0.75,dominance,kshot_relative,0.2086191466049257
20260920,4,100,0.75,valence,kshot_hybrid,0.034437538369682656
20260920,4,100,0.75,arousal,kshot_hybrid,0.43497259500608965
20260920,4,100,0.75,dominance,kshot_hybrid,0.21365598391406013
20260920,4,100,1.0,valence,absolute,0.033609571226425404
20260920,4,100,1.0,arousal,absolute,0.3003750516044014
20260920,4,100,1.0,dominance,absolute,0.19489800942018323
20260920,4,100,1.0,valence,kshot_relative,0.03299284888459467
20260920,4,100,1.0,arousal,kshot_relative,0.4287308028982069
20260920,4,100,1.0,dominance,kshot_relative,0.20891399517315498
20260920,4,100,1.0,valence,kshot_hybrid,0.0349711611849181
20260920,4,100,1.0,arousal,kshot_hybrid,0.4207671676538285
20260920,4,100,1.0,dominance,kshot_hybrid,0.21515796349899313
20260921,0,0,0.0,valence,absolute,0.0432412812688628
20260921,0,0,0.0,arousal,absolute,0.4116008777053839
20260921,0,0,0.0,dominance,absolute,0.3512510501658859
20260921,0,0,0.0,valence,oracle_relative,0.04480374907746617
20260921,0,0,0.0,arousal,oracle_relative,0.4884279503037554
20260921,0,0,0.0,dominance,oracle_relative,0.3760252807197475
20260921,0,0,0.0,valence,oracle_hybrid,0.04473614476583038
20260921,0,0,0.0,arousal,oracle_hybrid,0.48953886691541865
20260921,0,0,0.0,dominance,oracle_hybrid,0.3768405348910295
20260921,0,0,0.25,valence,absolute,0.04426465340436623
20260921,0,0,0.25,arousal,absolute,0.41796367016057234
20260921,0,0,0.25,dominance,absolute,0.3588628110680392
20260921,0,0,0.25,valence,oracle_relative,0.044699406082142686
20260921,0,0,0.25,arousal,oracle_relative,0.4867065885780073
20260921,0,0,0.25,dominance,oracle_relative,0.37627209566538516
20260921,0,0,0.25,valence,oracle_hybrid,0.04479623764293694
20260921,0,0,0.25,arousal,oracle_hybrid,0.48928324287022634
20260921,0,0,0.25,dominance,oracle_hybrid,0.3775293515921952
20260921,0,0,0.5,valence,absolute,0.04523034367184241
20260921,0,0,0.5,arousal,absolute,0.42158840230723227
20260921,0,0,0.5,dominance,absolute,0.36548250006516625
20260921,0,0,0.5,valence,oracle_relative,0.04451081131704978
20260921,0,0,0.5,arousal,oracle_relative,0.4821845745823674
20260921,0,0,0.5,dominance,oracle_relative,0.3756580530050507
20260921,0,0,0.5,valence,oracle_hybrid,0.04513555377031844
20260921,0,0,0.5,arousal,oracle_hybrid,0.4897967569366089
20260921,0,0,0.5,dominance,oracle_hybrid,0.3793087245867609
20260921,0,0,0.75,valence,absolute,0.04613483102937874
20260921,0,0,0.75,arousal,absolute,0.4226449055342149
20260921,0,0,0.75,dominance,absolute,0.3710841299250069
20260921,0,0,0.75,valence,oracle_relative,0.044240114374943636
20260921,0,0,0.75,arousal,oracle_relative,0.47500355653971543
20260921,0,0,0.75,dominance,oracle_relative,0.37419740559859277
20260921,0,0,0.75,valence,oracle_hybrid,0.045747505961827015
20260921,0,0,0.75,arousal,oracle_hybrid,0.49105055703499595
20260921,0,0,0.75,dominance,oracle_hybrid,0.38213726033488504
20260921,0,0,1.0,valence,absolute,0.04697435812694571
20260921,0,0,1.0,arousal,absolute,0.42131580374009575
20260921,0,0,1.0,dominance,absolute,0.37568686775043103
20260921,0,0,1.0,valence,oracle_relative,0.04388982949577674
20260921,0,0,1.0,arousal,oracle_relative,0.4653838001682786
20260921,0,0,1.0,dominance,oracle_relative,0.3719145300816991
20260921,0,0,1.0,valence,oracle_hybrid,0.04662021890365015
20260921,0,0,1.0,arousal,oracle_hybrid,0.49299718848428375
20260921,0,0,1.0,dominance,oracle_hybrid,0.3859317445334692
20260921,1,0,0.0,valence,absolute,0.02230582897428186
20260921,1,0,0.0,arousal,absolute,0.37027388294123825
20260921,1,0,0.0,dominance,absolute,0.25298719094650945
20260921,1,0,0.0,valence,oracle_relative,0.024743554190697743
20260921,1,0,0.0,arousal,oracle_relative,0.5007407701301645
20260921,1,0,0.0,dominance,oracle_relative,0.28274058781224387
20260921,1,0,0.0,valence,oracle_hybrid,0.024736566804879866
20260921,1,0,0.0,arousal,oracle_hybrid,0.5009160211705815
20260921,1,0,0.0,dominance,oracle_hybrid,0.283531002579945
20260921,1,0,0.25,valence,absolute,0.022288245591017206
20260921,1,0,0.25,arousal,absolute,0.3742579651575781
20260921,1,0,0.25,dominance,absolute,0.2570405675788405
20260921,1,0,0.25,valence,oracle_relative,0.024663040561598185
20260921,1,0,0.25,arousal,oracle_relative,0.5008410357253432
20260921,1,0,0.25,dominance,oracle_relative,0.2825139784785595
20260921,1,0,0.25,valence,oracle_hybrid,0.02489585434994366
20260921,1,0,0.25,arousal,oracle_hybrid,0.5009571465661734
20260921,1,0,0.25,dominance,oracle_hybrid,0.2842837357899666
20260921,1,0,0.5,valence,absolute,0.022259234064747904
20260921,1,0,0.5,arousal,absolute,0.37758537400880193
20260921,1,0,0.5,dominance,absolute,0.2564410548824146
20260921,1,0,0.5,valence,oracle_relative,0.024535720926969148
20260921,1,0,0.5,arousal,oracle_relative,0.5001029112631958
20260921,1,0,0.5,dominance,oracle_relative,0.27751314487790457
20260921,1,0,0.5,valence,oracle_hybrid,0.025236380702266113
20260921,1,0,0.5,arousal,oracle_hybrid,0.5012190287872677
20260921,1,0,0.5,dominance,oracle_hybrid,0.28382356308313533
20260921,1,0,0.75,valence,absolute,0.022218788872796907
20260921,1,0,0.75,arousal,absolute,0.3802180760135156
20260921,1,0,0.75,dominance,absolute,0.2513103763804762
20260921,1,0,0.75,valence,oracle_relative,0.024362475954322463
20260921,1,0,0.75,arousal,oracle_relative,0.4985391237584311
20260921,1,0,0.75,dominance,oracle_relative,0.2683466814518066
20260921,1,0,0.75,valence,oracle_hybrid,0.025755218744245013
20260921,1,0,0.75,arousal,oracle_hybrid,0.5016939696490911
20260921,1,0,0.75,dominance,oracle_hybrid,0.2822367571076184
20260921,1,0,1.0,valence,absolute,0.022167349405194662
20260921,1,0,1.0,arousal,absolute,0.38213771492561277
20260921,1,0,1.0,dominance,absolute,0.24227327009669208
20260921,1,0,1.0,valence,oracle_relative,0.024145497125782022
20260921,1,0,1.0,arousal,oracle_relative,0.49617105765894526
20260921,1,0,1.0,dominance,oracle_relative,0.2559323330124289
20260921,1,0,1.0,valence,oracle_hybrid,0.02644853443185256
20260921,1,0,1.0,arousal,oracle_hybrid,0.5023747692788838
20260921,1,0,1.0,dominance,oracle_hybrid,0.2796963286700172
20260921,2,0,0.0,valence,absolute,0.0314809743381788
20260921,2,0,0.0,arousal,absolute,0.4250813701266022
20260921,2,0,0.0,dominance,absolute,0.2808497365599869
20260921,2,0,0.0,valence,oracle_relative,0.032331318827454
20260921,2,0,0.0,arousal,oracle_relative,0.5482702022021738
20260921,2,0,0.0,dominance,oracle_relative,0.3183420612380712
20260921,2,0,0.0,valence,oracle_hybrid,0.032362478127848954
20260921,2,0,0.0,arousal,oracle_hybrid,0.5495954228619034
20260921,2,0,0.0,dominance,oracle_hybrid,0.318928581882577
20260921,2,0,0.25,valence,absolute,0.03200644266929459
20260921,2,0,0.25,arousal,absolute,0.42533280622814573
20260921,2,0,0.25,dominance,absolute,0.2844049838671236
20260921,2,0,0.25,valence,oracle_relative,0.03222419058291791
20260921,2,0,0.25,arousal,oracle_relative,0.5452285239079678
20260921,2,0,0.25,dominance,oracle_relative,0.318567809122526
20260921,2,0,0.25,valence,oracle_hybrid,0.03235540818711035
20260921,2,0,0.25,arousal,oracle_hybrid,0.5494164953135123
20260921,2,0,0.25,dominance,oracle_hybrid,0.31919546764002554
20260921,2,0,0.5,valence,absolute,0.03252917809807139
20260921,2,0,0.5,arousal,absolute,0.4209015007911765
20260921,2,0,0.5,dominance,absolute,0.28570328652838956
20260921,2,0,0.5,valence,oracle_relative,0.032115873831914825
20260921,2,0,0.5,arousal,oracle_relative,0.537336973780449
20260921,2,0,0.5,dominance,oracle_relative,0.3170616007235542
20260921,2,0,0.5,valence,oracle_hybrid,0.03234626304614994
20260921,2,0,0.5,arousal,oracle_hybrid,0.5480994548960111
20260921,2,0,0.5,dominance,oracle_hybrid,0.31709143957836256
20260921,2,0,0.75,valence,absolute,0.03304861701373552
20260921,2,0,0.75,arousal,absolute,0.4125528174607407
20260921,2,0,0.75,dominance,absolute,0.28489070181142206
20260921,2,0,0.75,valence,oracle_relative,0.032006206708241114
20260921,2,0,0.75,arousal,oracle_relative,0.5248994187947871
20260921,2,0,0.75,dominance,oracle_relative,0.3138668695564773
20260921,2,0,0.75,valence,oracle_hybrid,0.032335158311993725
20260921,2,0,0.75,arousal,oracle_hybrid,0.5457250837194816
20260921,2,0,0.75,dominance,oracle_hybrid,0.3127642472389125
20260921,2,0,1.0,valence,absolute,0.03356495770797098
20260921,2,0,1.0,arousal,absolute,0.40115464017810937
20260921,2,0,1.0,dominance,absolute,0.2821950416403163
20260921,2,0,1.0,valence,oracle_relative,0.03189536579776678
20260921,2,0,1.0,arousal,oracle_relative,0.508439169324018
20260921,2,0,1.0,dominance,oracle_relative,0.30908842738894915
20260921,2,0,1.0,valence,oracle_hybrid,0.032321957587432205
20260921,2,0,1.0,arousal,oracle_hybrid,0.5424447431460435
20260921,2,0,1.0,dominance,oracle_hybrid,0.3065038469697922
20260921,3,0,0.0,valence,absolute,0.026824228849872494
20260921,3,0,0.0,arousal,absolute,0.302573527008614
20260921,3,0,0.0,dominance,absolute,0.23974642973614643
20260921,3,0,0.0,valence,oracle_relative,0.027120080521433613
20260921,3,0,0.0,arousal,oracle_relative,0.4034279651708786
20260921,3,0,0.0,dominance,oracle_relative,0.272494922020262
20260921,3,0,0.0,valence,oracle_hybrid,0.027084131997600805
20260921,3,0,0.0,arousal,oracle_hybrid,0.4039156858277753
20260921,3,0,0.0,dominance,oracle_hybrid,0.2730281717548053
20260921,3,0,0.25,valence,absolute,0.027563247350689563
20260921,3,0,0.25,arousal,absolute,0.3167048970862018
20260921,3,0,0.25,dominance,absolute,0.25115659628227865
20260921,3,0,0.25,valence,oracle_relative,0.02700583703972475
20260921,3,0,0.25,arousal,oracle_relative,0.4021151019656116
20260921,3,0,0.25,dominance,oracle_relative,0.2720792249841707
20260921,3,0,0.25,valence,oracle_hybrid,0.027370845745704017
20260921,3,0,0.25,arousal,oracle_hybrid,0.406507610319031
20260921,3,0,0.25,dominance,oracle_hybrid,0.27586435025188777
20260921,3,0,0.5,valence,absolute,0.028294432908047958
20260921,3,0,0.5,arousal,absolute,0.3290625580106784
20260921,3,0,0.5,dominance,absolute,0.26059903102824167
20260921,3,0,0.5,valence,oracle_relative,0.02688864185261399
20260921,3,0,0.5,arousal,oracle_relative,0.39803490074716164
20260921,3,0,0.5,dominance,oracle_relative,0.2695095220274825
20260921,3,0,0.5,valence,oracle_hybrid,0.027749746178135345
20260921,3,0,0.5,arousal,oracle_hybrid,0.4118712179069204
20260921,3,0,0.5,dominance,oracle_hybrid,0.28217187637883523
20260921,3,0,0.75,valence,absolute,0.029016864228727058
20260921,3,0,0.75,arousal,absolute,0.3392519750672368
20260921,3,0,0.75,dominance,absolute,0.2677743945001943
20260921,3,0,0.75,valence,oracle_relative,0.026768541348779682
20260921,3,0,0.75,arousal,oracle_relative,0.3913715788269591
20260921,3,0,0.75,dominance,oracle_relative,0.2649332921267336
20260921,3,0,0.75,valence,oracle_hybrid,0.02821701200418107
20260921,3,0,0.75,arousal,oracle_hybrid,0.41984600705359354
20260921,3,0,0.75,dominance,oracle_hybrid,0.2917266985609249
20260921,3,0,1.0,valence,absolute,0.029729425256353262
20260921,3,0,1.0,arousal,absolute,0.3469569695929898
20260921,3,0,1.0,dominance,absolute,0.27249960969276094
20260921,3,0,1.0,valence,oracle_relative,0.026645555690939935
20260921,3,0,1.0,arousal,oracle_relative,0.3823974461122302
20260921,3,0,1.0,dominance,oracle_relative,0.25858091280602624
20260921,3,0,1.0,valence,oracle_hybrid,0.028767208942161303
20260921,3,0,1.0,arousal,oracle_hybrid,0.4301982245236598
20260921,3,0,1.0,dominance,oracle_hybrid,0.3042026430287214
20260921,4,0,0.0,valence,absolute,0.037263116034351895
20260921,4,0,0.0,arousal,absolute,0.3803443978940583
20260921,4,0,0.0,dominance,absolute,0.28659206130866466
20260921,4,0,0.0,valence,oracle_relative,0.03982748070263997
20260921,4,0,0.0,arousal,oracle_relative,0.4917172001124151
20260921,4,0,0.0,dominance,oracle_relative,0.32204088513093027
20260921,4,0,0.0,valence,oracle_hybrid,0.03978558043821556
20260921,4,0,0.0,arousal,oracle_hybrid,0.4924755220365257
20260921,4,0,0.0,dominance,oracle_hybrid,0.32286503478266154
20260921,4,0,0.25,valence,absolute,0.03697904241113511
20260921,4,0,0.25,arousal,absolute,0.3835307612527801
20260921,4,0,0.25,dominance,absolute,0.2919588709628695
20260921,4,0,0.25,valence,oracle_relative,0.03981234773603753
20260921,4,0,0.25,arousal,oracle_relative,0.4910289838954558
20260921,4,0,0.25,dominance,oracle_relative,0.3234347289700593
20260921,4,0,0.25,valence,oracle_hybrid,0.038896686536823384
20260921,4,0,0.25,arousal,oracle_hybrid,0.4908524657597247
20260921,4,0,0.25,dominance,oracle_hybrid,0.32479542999580513
20260921,4,0,0.5,valence,absolute,0.036454971064524846
20260921,4,0,0.5,arousal,absolute,0.38468738166017497
20260921,4,0,0.5,dominance,absolute,0.29666888776729927
20260921,4,0,0.5,valence,oracle_relative,0.039777709331043916
20260921,4,0,0.5,arousal,oracle_relative,0.48840739591316
20260921,4,0,0.5,dominance,oracle_relative,0.32436448221072944
20260921,4,0,0.5,valence,oracle_hybrid,0.03688599021013291
20260921,4,0,0.5,arousal,oracle_hybrid,0.48400018885848156
20260921,4,0,0.5,dominance,oracle_hybrid,0.3294165413808708
20260921,4,0,0.75,valence,absolute,0.03569197676832829
20260921,4,0,0.75,arousal,absolute,0.3838815019183293
20260921,4,0,0.75,dominance,absolute,0.30071544601735944
20260921,4,0,0.75,valence,oracle_relative,0.039723610141261946
20260921,4,0,0.75,arousal,oracle_relative,0.4839269247021146
20260921,4,0,0.75,dominance,oracle_relative,0.3248302668999469
20260921,4,0,0.75,valence,oracle_hybrid,0.033769134048487214
20260921,4,0,0.75,arousal,oracle_hybrid,0.4724095197462748
20260921,4,0,0.75,dominance,oracle_hybrid,0.33657138446944346
20260921,4,0,1.0,valence,absolute,0.034692195872351894
20260921,4,0,1.0,arousal,absolute,0.38119489740019274
20260921,4,0,1.0,dominance,absolute,0.304098661168618
20260921,4,0,1.0,valence,oracle_relative,0.03965033788534014
20260921,4,0,1.0,arousal,oracle_relative,0.47765596230036184
20260921,4,0,1.0,dominance,oracle_relative,0.324836005598482
20260921,4,0,1.0,valence,oracle_hybrid,0.029570362572110123
20260921,4,0,1.0,arousal,oracle_hybrid,0.456781564182987
20260921,4,0,1.0,dominance,oracle_hybrid,0.3460248456354273
20260921,0,5,0.0,valence,absolute,0.0432412812688628
20260921,0,5,0.0,arousal,absolute,0.4116008777053839
20260921,0,5,0.0,dominance,absolute,0.3512510501658859
20260921,0,5,0.0,valence,kshot_relative,0.03871068983105101
20260921,0,5,0.0,arousal,kshot_relative,0.4347915803124963
20260921,0,5,0.0,dominance,kshot_relative,0.34786849196681435
20260921,0,5,0.0,valence,kshot_hybrid,0.04404151580334619
20260921,0,5,0.0,arousal,kshot_hybrid,0.4715560993049892
20260921,0,5,0.0,dominance,kshot_hybrid,0.3695632515838017
20260921,0,5,0.25,valence,absolute,0.04426465340436623
20260921,0,5,0.25,arousal,absolute,0.41796367016057234
20260921,0,5,0.25,dominance,absolute,0.3588628110680392
20260921,0,5,0.25,valence,kshot_relative,0.037130892291542476
20260921,0,5,0.25,arousal,kshot_relative,0.43675873034685825
20260921,0,5,0.25,dominance,kshot_relative,0.3471347814955057
20260921,0,5,0.25,valence,kshot_hybrid,0.04429942280199007
20260921,0,5,0.25,arousal,kshot_hybrid,0.4753339719550106
20260921,0,5,0.25,dominance,kshot_hybrid,0.374382228865459
20260921,0,5,0.5,valence,absolute,0.04523034367184241
20260921,0,5,0.5,arousal,absolute,0.42158840230723227
20260921,0,5,0.5,dominance,absolute,0.36548250006516625
20260921,0,5,0.5,valence,kshot_relative,0.035498658880838474
20260921,0,5,0.5,arousal,kshot_relative,0.4360151879972145
20260921,0,5,0.5,dominance,kshot_relative,0.3456418999645807
20260921,0,5,0.5,valence,kshot_hybrid,0.044743321261343574
20260921,0,5,0.5,arousal,kshot_hybrid,0.4773338218902608
20260921,0,5,0.5,dominance,kshot_hybrid,0.3797694136627607
20260921,0,5,0.75,valence,absolute,0.04613483102937874
20260921,0,5,0.75,arousal,absolute,0.4226449055342149
20260921,0,5,0.75,dominance,absolute,0.3710841299250069
20260921,0,5,0.75,valence,kshot_relative,0.033823520119959025
20260921,0,5,0.75,arousal,kshot_relative,0.4326481142494085
20260921,0,5,0.75,dominance,kshot_relative,0.3434195461412843
20260921,0,5,0.75,valence,kshot_hybrid,0.04536779469039543
20260921,0,5,0.75,arousal,kshot_hybrid,0.4776255685444548
20260921,0,5,0.75,dominance,kshot_hybrid,0.38565098081002264
20260921,0,5,1.0,valence,absolute,0.04697435812694571
20260921,0,5,1.0,arousal,absolute,0.42131580374009575
20260921,0,5,1.0,dominance,absolute,0.37568686775043103
20260921,0,5,1.0,valence,kshot_relative,0.032115081350934764
20260921,0,5,1.0,arousal,kshot_relative,0.4268495118596375
20260921,0,5,1.0,dominance,kshot_relative,0.3404960065274235
20260921,0,5,1.0,valence,kshot_hybrid,0.046164200650237526
20260921,0,5,1.0,arousal,kshot_hybrid,0.47630011651320114
20260921,0,5,1.0,dominance,kshot_hybrid,0.39194005393875037
20260921,1,5,0.0,valence,absolute,0.02230582897428186
20260921,1,5,0.0,arousal,absolute,0.37027388294123825
20260921,1,5,0.0,dominance,absolute,0.25298719094650945
20260921,1,5,0.0,valence,kshot_relative,0.0216502538789531
20260921,1,5,0.0,arousal,kshot_relative,0.4198204622266698
20260921,1,5,0.0,dominance,kshot_relative,0.2532372396599466
20260921,1,5,0.0,valence,kshot_hybrid,0.025383738450819242
20260921,1,5,0.0,arousal,kshot_hybrid,0.45735663757654127
20260921,1,5,0.0,dominance,kshot_hybrid,0.2720869746266723
20260921,1,5,0.25,valence,absolute,0.022288245591017206
20260921,1,5,0.25,arousal,absolute,0.3742579651575781
20260921,1,5,0.25,dominance,absolute,0.2570405675788405
20260921,1,5,0.25,valence,kshot_relative,0.021195743076719065
20260921,1,5,0.25,arousal,kshot_relative,0.43185787395335484
20260921,1,5,0.25,dominance,kshot_relative,0.2705128880419741
20260921,1,5,0.25,valence,kshot_hybrid,0.026255200960481163
20260921,1,5,0.25,arousal,kshot_hybrid,0.46692063243993337
20260921,1,5,0.25,dominance,kshot_hybrid,0.2890698193576257
20260921,1,5,0.5,valence,absolute,0.022259234064747904
20260921,1,5,0.5,arousal,absolute,0.37758537400880193
20260921,1,5,0.5,dominance,absolute,0.2564410548824146
20260921,1,5,0.5,valence,kshot_relative,0.020809477552528613
20260921,1,5,0.5,arousal,kshot_relative,0.44336066152382886
20260921,1,5,0.5,dominance,kshot_relative,0.2851899415745484
20260921,1,5,0.5,valence,kshot_hybrid,0.027426935329320775
20260921,1,5,0.5,arousal,kshot_hybrid,0.4768071597162281
20260921,1,5,0.5,dominance,kshot_hybrid,0.3095679624235023
20260921,1,5,0.75,valence,absolute,0.022218788872796907
20260921,1,5,0.75,arousal,absolute,0.3802180760135156
20260921,1,5,0.75,dominance,absolute,0.2513103763804762
20260921,1,5,0.75,valence,kshot_relative,0.02049189494958046
20260921,1,5,0.75,arousal,kshot_relative,0.45428168293482396
20260921,1,5,0.75,dominance,kshot_relative,0.29686076351457236
20260921,1,5,0.75,valence,kshot_hybrid,0.028892230213545426
20260921,1,5,0.75,arousal,kshot_hybrid,0.4868479083615817
20260921,1,5,0.75,dominance,kshot_hybrid,0.3319011960327215
20260921,1,5,1.0,valence,absolute,0.022167349405194662
20260921,1,5,1.0,arousal,absolute,0.38213771492561277
20260921,1,5,1.0,dominance,absolute,0.24227327009669208
20260921,1,5,1.0,valence,kshot_relative,0.02024384485388677
20260921,1,5,1.0,arousal,kshot_relative,0.4645843917292917
20260921,1,5,1.0,dominance,kshot_relative,0.3054654211860834
20260921,1,5,1.0,valence,kshot_hybrid,0.03064296345401615
20260921,1,5,1.0,arousal,kshot_hybrid,0.49689349420465245
20260921,1,5,1.0,dominance,kshot_hybrid,0.35441730451485975
20260921,2,5,0.0,valence,absolute,0.0314809743381788
20260921,2,5,0.0,arousal,absolute,0.4250813701266022
20260921,2,5,0.0,dominance,absolute,0.2808497365599869
20260921,2,5,0.0,valence,kshot_relative,0.028213475717052745
20260921,2,5,0.0,arousal,kshot_relative,0.4482740816175803
20260921,2,5,0.0,dominance,kshot_relative,0.2859159251045169
20260921,2,5,0.0,valence,kshot_hybrid,0.03197961296467296
20260921,2,5,0.0,arousal,kshot_hybrid,0.5054849701383902
20260921,2,5,0.0,dominance,kshot_hybrid,0.30562809690526493
20260921,2,5,0.25,valence,absolute,0.03200644266929459
20260921,2,5,0.25,arousal,absolute,0.42533280622814573
20260921,2,5,0.25,dominance,absolute,0.2844049838671236
20260921,2,5,0.25,valence,kshot_relative,0.02721863752670189
20260921,2,5,0.25,arousal,kshot_relative,0.4535703851893347
20260921,2,5,0.25,dominance,kshot_relative,0.2914495721155279
20260921,2,5,0.25,valence,kshot_hybrid,0.031787131826140125
20260921,2,5,0.25,arousal,kshot_hybrid,0.5137922510250715
20260921,2,5,0.25,dominance,kshot_hybrid,0.31349943931807106
20260921,2,5,0.5,valence,absolute,0.03252917809807139
20260921,2,5,0.5,arousal,absolute,0.4209015007911765
20260921,2,5,0.5,dominance,absolute,0.28570328652838956
20260921,2,5,0.5,valence,kshot_relative,0.02622011206513945
20260921,2,5,0.5,arousal,kshot_relative,0.45501643284368065
20260921,2,5,0.5,dominance,kshot_relative,0.29571225458150796
20260921,2,5,0.5,valence,kshot_hybrid,0.031561806411533284
20260921,2,5,0.5,arousal,kshot_hybrid,0.5175176578356514
20260921,2,5,0.5,dominance,kshot_hybrid,0.3174428677599268
20260921,2,5,0.75,valence,absolute,0.03304861701373552
20260921,2,5,0.75,arousal,absolute,0.4125528174607407
20260921,2,5,0.75,dominance,absolute,0.28489070181142206
20260921,2,5,0.75,valence,kshot_relative,0.025217928469962146
20260921,2,5,0.75,arousal,kshot_relative,0.45247652480124206
20260921,2,5,0.75,dominance,kshot_relative,0.2986207028119692
20260921,2,5,0.75,valence,kshot_hybrid,0.031304161059992466
20260921,2,5,0.75,arousal,kshot_hybrid,0.5164491740287331
20260921,2,5,0.75,dominance,kshot_hybrid,0.31735182065525464
20260921,2,5,1.0,valence,absolute,0.03356495770797098
20260921,2,5,1.0,arousal,absolute,0.40115464017810937
20260921,2,5,1.0,dominance,absolute,0.2821950416403163
20260921,2,5,1.0,valence,kshot_relative,0.02421239259852173
20260921,2,5,1.0,arousal,kshot_relative,0.44600423957328994
20260921,2,5,1.0,dominance,kshot_relative,0.3001322664176444
20260921,2,5,1.0,valence,kshot_hybrid,0.03101444148783793
20260921,2,5,1.0,arousal,kshot_hybrid,0.5108612310456204
20260921,2,5,1.0,dominance,kshot_hybrid,0.3135005248530838
20260921,3,5,0.0,valence,absolute,0.026824228849872494
20260921,3,5,0.0,arousal,absolute,0.302573527008614
20260921,3,5,0.0,dominance,absolute,0.23974642973614643
20260921,3,5,0.0,valence,kshot_relative,0.022526082814906936
20260921,3,5,0.0,arousal,kshot_relative,0.3498386224455625
20260921,3,5,0.0,dominance,kshot_relative,0.24858017634372537
20260921,3,5,0.0,valence,kshot_hybrid,0.027267645397251922
20260921,3,5,0.0,arousal,kshot_hybrid,0.3716606492944706
20260921,3,5,0.0,dominance,kshot_hybrid,0.2621695722279359
20260921,3,5,0.25,valence,absolute,0.027563247350689563
20260921,3,5,0.25,arousal,absolute,0.3167048970862018
20260921,3,5,0.25,dominance,absolute,0.25115659628227865
20260921,3,5,0.25,valence,kshot_relative,0.02150997004386185
20260921,3,5,0.25,arousal,kshot_relative,0.35875013177089254
20260921,3,5,0.25,dominance,kshot_relative,0.2563083241386092
20260921,3,5,0.25,valence,kshot_hybrid,0.027485126729476644
20260921,3,5,0.25,arousal,kshot_hybrid,0.38679257454149063
20260921,3,5,0.25,dominance,kshot_hybrid,0.2756597443784051
20260921,3,5,0.5,valence,absolute,0.028294432908047958
20260921,3,5,0.5,arousal,absolute,0.3290625580106784
20260921,3,5,0.5,dominance,absolute,0.26059903102824167
20260921,3,5,0.5,valence,kshot_relative,0.02047775828728799
20260921,3,5,0.5,arousal,kshot_relative,0.36533715562095487
20260921,3,5,0.5,dominance,kshot_relative,0.2627368796269141
20260921,3,5,0.5,valence,kshot_hybrid,0.02766196293508108
20260921,3,5,0.5,arousal,kshot_hybrid,0.40024900109064054
20260921,3,5,0.5,dominance,kshot_hybrid,0.28898309306764497
20260921,3,5,0.75,valence,absolute,0.029016864228727058
20260921,3,5,0.75,arousal,absolute,0.3392519750672368
20260921,3,5,0.75,dominance,absolute,0.2677743945001943
20260921,3,5,0.75,valence,kshot_relative,0.019429789115361668
20260921,3,5,0.75,arousal,kshot_relative,0.3695806146418834
20260921,3,5,0.75,dominance,kshot_relative,0.26777856607412687
20260921,3,5,0.75,valence,kshot_hybrid,0.02779786967870453
20260921,3,5,0.75,arousal,kshot_hybrid,0.41178194341064367
20260921,3,5,0.75,dominance,kshot_hybrid,0.3018033260574489
20260921,3,5,1.0,valence,absolute,0.029729425256353262
20260921,3,5,1.0,arousal,absolute,0.3469569695929898
20260921,3,5,1.0,dominance,absolute,0.27249960969276094
20260921,3,5,1.0,valence,kshot_relative,0.01836636985643087
20260921,3,5,1.0,arousal,kshot_relative,0.37155217074499064
20260921,3,5,1.0,dominance,kshot_relative,0.27142423611395194
20260921,3,5,1.0,valence,kshot_hybrid,0.027892581821141703
20260921,3,5,1.0,arousal,kshot_hybrid,0.42121355567451774
20260921,3,5,1.0,dominance,kshot_hybrid,0.31382231529102694
20260921,4,5,0.0,valence,absolute,0.037263116034351895
20260921,4,5,0.0,arousal,absolute,0.3803443978940583
20260921,4,5,0.0,dominance,absolute,0.28659206130866466
20260921,4,5,0.0,valence,kshot_relative,0.03809704456779091
20260921,4,5,0.0,arousal,kshot_relative,0.4159425166765519
20260921,4,5,0.0,dominance,kshot_relative,0.2895734212914862
20260921,4,5,0.0,valence,kshot_hybrid,0.03924189313279172
20260921,4,5,0.0,arousal,kshot_hybrid,0.4385335694950038
20260921,4,5,0.0,dominance,kshot_hybrid,0.3061983805318196
20260921,4,5,0.25,valence,absolute,0.03697904241113511
20260921,4,5,0.25,arousal,absolute,0.3835307612527801
20260921,4,5,0.25,dominance,absolute,0.2919588709628695
20260921,4,5,0.25,valence,kshot_relative,0.03773725213378955
20260921,4,5,0.25,arousal,kshot_relative,0.4263455536230304
20260921,4,5,0.25,dominance,kshot_relative,0.2935213176354488
20260921,4,5,0.25,valence,kshot_hybrid,0.0383522455651894
20260921,4,5,0.25,arousal,kshot_hybrid,0.46561107974860283
20260921,4,5,0.25,dominance,kshot_hybrid,0.31620656400480557
20260921,4,5,0.5,valence,absolute,0.036454971064524846
20260921,4,5,0.5,arousal,absolute,0.38468738166017497
20260921,4,5,0.5,dominance,absolute,0.29666888776729927
20260921,4,5,0.5,valence,kshot_relative,0.03725670646761078
20260921,4,5,0.5,arousal,kshot_relative,0.4348434593798065
20260921,4,5,0.5,dominance,kshot_relative,0.2970454663796842
20260921,4,5,0.5,valence,kshot_hybrid,0.03656183324644298
20260921,4,5,0.5,arousal,kshot_hybrid,0.4665870381254919
20260921,4,5,0.5,dominance,kshot_hybrid,0.3221108684854026
20260921,4,5,0.75,valence,absolute,0.03569197676832829
20260921,4,5,0.75,arousal,absolute,0.3838815019183293
20260921,4,5,0.75,dominance,absolute,0.30071544601735944
20260921,4,5,0.75,valence,kshot_relative,0.036656361843149354
20260921,4,5,0.75,arousal,kshot_relative,0.44126252008244626
20260921,4,5,0.75,dominance,kshot_relative,0.3001137283348027
20260921,4,5,0.75,valence,kshot_hybrid,0.03387889882848063
20260921,4,5,0.75,arousal,kshot_hybrid,0.4411334488312742
20260921,4,5,0.75,dominance,kshot_hybrid,0.3234209684834258
20260921,4,5,1.0,valence,absolute,0.034692195872351894
20260921,4,5,1.0,arousal,absolute,0.38119489740019274
20260921,4,5,1.0,dominance,absolute,0.304098661168618
20260921,4,5,1.0,valence,kshot_relative,0.035938020663440595
20260921,4,5,1.0,arousal,kshot_relative,0.44549985212460175
20260921,4,5,1.0,dominance,kshot_relative,0.3027085881682881
20260921,4,5,1.0,valence,kshot_hybrid,0.030319862873319604
20260921,4,5,1.0,arousal,kshot_hybrid,0.3970945170743981
20260921,4,5,1.0,dominance,kshot_hybrid,0.320435553150944
20260921,0,10,0.0,valence,absolute,0.0432412812688628
20260921,0,10,0.0,arousal,absolute,0.4116008777053839
20260921,0,10,0.0,dominance,absolute,0.3512510501658859
20260921,0,10,0.0,valence,kshot_relative,0.040325987758126604
20260921,0,10,0.0,arousal,kshot_relative,0.4600561024542339
20260921,0,10,0.0,dominance,kshot_relative,0.35256140637617905
20260921,0,10,0.0,valence,kshot_hybrid,0.043878091718531576
20260921,0,10,0.0,arousal,kshot_hybrid,0.48468934190534047
20260921,0,10,0.0,dominance,kshot_hybrid,0.3740261120598896
20260921,0,10,0.25,valence,absolute,0.04426465340436623
20260921,0,10,0.25,arousal,absolute,0.41796367016057234
20260921,0,10,0.25,dominance,absolute,0.3588628110680392
20260921,0,10,0.25,valence,kshot_relative,0.03926041917256892
20260921,0,10,0.25,arousal,kshot_relative,0.46885010703363317
20260921,0,10,0.25,dominance,kshot_relative,0.3523530019651331
20260921,0,10,0.25,valence,kshot_hybrid,0.044188400666854
20260921,0,10,0.25,arousal,kshot_hybrid,0.49322485190617743
20260921,0,10,0.25,dominance,kshot_hybrid,0.378668455075367
20260921,0,10,0.5,valence,absolute,0.04523034367184241
20260921,0,10,0.5,arousal,absolute,0.42158840230723227
20260921,0,10,0.5,dominance,absolute,0.36548250006516625
20260921,0,10,0.5,valence,kshot_relative,0.03810461417571231
20260921,0,10,0.5,arousal,kshot_relative,0.4751095469336506
20260921,0,10,0.5,dominance,kshot_relative,0.35136601092500935
20260921,0,10,0.5,valence,kshot_hybrid,0.04454302554757418
20260921,0,10,0.5,arousal,kshot_hybrid,0.499396198859456
20260921,0,10,0.5,dominance,kshot_hybrid,0.3836114633735632
20260921,0,10,0.75,valence,absolute,0.04613483102937874
20260921,0,10,0.75,arousal,absolute,0.4226449055342149
20260921,0,10,0.75,dominance,absolute,0.3710841299250069
20260921,0,10,0.75,valence,kshot_relative,0.036866381425487774
20260921,0,10,0.75,arousal,kshot_relative,0.47875061757314175
20260921,0,10,0.75,dominance,kshot_relative,0.3496120920937488
20260921,0,10,0.75,valence,kshot_hybrid,0.04494035435720215
20260921,0,10,0.75,arousal,kshot_hybrid,0.5031907976747081
20260921,0,10,0.75,dominance,kshot_hybrid,0.3888134530322406
20260921,0,10,1.0,valence,absolute,0.04697435812694571
20260921,0,10,1.0,arousal,absolute,0.42131580374009575
20260921,0,10,1.0,dominance,absolute,0.37568686775043103
20260921,0,10,1.0,valence,kshot_relative,0.03555340610735969
20260921,0,10,1.0,arousal,kshot_relative,0.479802905276711
20260921,0,10,1.0,dominance,kshot_relative,0.34708840851403405
20260921,0,10,1.0,valence,kshot_hybrid,0.04537758953106402
20260921,0,10,1.0,arousal,kshot_hybrid,0.5046628456776272
20260921,0,10,1.0,dominance,kshot_hybrid,0.39422896914279015
20260921,1,10,0.0,valence,absolute,0.02230582897428186
20260921,1,10,0.0,arousal,absolute,0.37027388294123825
20260921,1,10,0.0,dominance,absolute,0.25298719094650945
20260921,1,10,0.0,valence,kshot_relative,0.022419963012474998
20260921,1,10,0.0,arousal,kshot_relative,0.46226747333456547
20260921,1,10,0.0,dominance,kshot_relative,0.26404735845871985
20260921,1,10,0.0,valence,kshot_hybrid,0.02393527310213748
20260921,1,10,0.0,arousal,kshot_hybrid,0.4946620872408662
20260921,1,10,0.0,dominance,kshot_hybrid,0.2807729228866718
20260921,1,10,0.25,valence,absolute,0.022288245591017206
20260921,1,10,0.25,arousal,absolute,0.3742579651575781
20260921,1,10,0.25,dominance,absolute,0.2570405675788405
20260921,1,10,0.25,valence,kshot_relative,0.021723384253836246
20260921,1,10,0.25,arousal,kshot_relative,0.462089588818428
20260921,1,10,0.25,dominance,kshot_relative,0.2609118658378952
20260921,1,10,0.25,valence,kshot_hybrid,0.024546124430872087
20260921,1,10,0.25,arousal,kshot_hybrid,0.49700838955651094
20260921,1,10,0.25,dominance,kshot_hybrid,0.28127372407649154
20260921,1,10,0.5,valence,absolute,0.022259234064747904
20260921,1,10,0.5,arousal,absolute,0.37758537400880193
20260921,1,10,0.5,dominance,absolute,0.2564410548824146
20260921,1,10,0.5,valence,kshot_relative,0.020970639348020594
20260921,1,10,0.5,arousal,kshot_relative,0.4609839072003403
20260921,1,10,0.5,dominance,kshot_relative,0.25363873318716446
20260921,1,10,0.5,valence,kshot_hybrid,0.02537982436921379
20260921,1,10,0.5,arousal,kshot_hybrid,0.49183929455870634
20260921,1,10,0.5,dominance,kshot_hybrid,0.28376788855510604
20260921,1,10,0.75,valence,absolute,0.022218788872796907
20260921,1,10,0.75,arousal,absolute,0.3802180760135156
20260921,1,10,0.75,dominance,absolute,0.2513103763804762
20260921,1,10,0.75,valence,kshot_relative,0.020166572632219267
20260921,1,10,0.75,arousal,kshot_relative,0.45902156929360666
20260921,1,10,0.75,dominance,kshot_relative,0.2431687579729296
20260921,1,10,0.75,valence,kshot_hybrid,0.026434326677192997
20260921,1,10,0.75,arousal,kshot_hybrid,0.4802068001457154
20260921,1,10,0.75,dominance,kshot_hybrid,0.28778029199992433
20260921,1,10,1.0,valence,absolute,0.022167349405194662
20260921,1,10,1.0,arousal,absolute,0.38213771492561277
20260921,1,10,1.0,dominance,absolute,0.24227327009669208
20260921,1,10,1.0,valence,kshot_relative,0.01931763415826851
20260921,1,10,1.0,arousal,kshot_relative,0.4562712434735768
20260921,1,10,1.0,dominance,kshot_relative,0.23052688500117802
20260921,1,10,1.0,valence,kshot_hybrid,0.027706986167277
20260921,1,10,1.0,arousal,kshot_hybrid,0.4638942523099565
20260921,1,10,1.0,dominance,kshot_hybrid,0.29264621814979996
20260921,2,10,0.0,valence,absolute,0.0314809743381788
20260921,2,10,0.0,arousal,absolute,0.4250813701266022
20260921,2,10,0.0,dominance,absolute,0.2808497365599869
20260921,2,10,0.0,valence,kshot_relative,0.029208357182446156
20260921,2,10,0.0,arousal,kshot_relative,0.5166129428957056
20260921,2,10,0.0,dominance,kshot_relative,0.29773749316871984
20260921,2,10,0.0,valence,kshot_hybrid,0.031592754996694866
20260921,2,10,0.0,arousal,kshot_hybrid,0.5447802741353077
20260921,2,10,0.0,dominance,kshot_hybrid,0.3167578554136196
20260921,2,10,0.25,valence,absolute,0.03200644266929459
20260921,2,10,0.25,arousal,absolute,0.42533280622814573
20260921,2,10,0.25,dominance,absolute,0.2844049838671236
20260921,2,10,0.25,valence,kshot_relative,0.02811125816579439
20260921,2,10,0.25,arousal,kshot_relative,0.5311337254579267
20260921,2,10,0.25,dominance,kshot_relative,0.29773073392583976
20260921,2,10,0.25,valence,kshot_hybrid,0.031511624523726765
20260921,2,10,0.25,arousal,kshot_hybrid,0.5514736820831138
20260921,2,10,0.25,dominance,kshot_hybrid,0.31583850479111963
20260921,2,10,0.5,valence,absolute,0.03252917809807139
20260921,2,10,0.5,arousal,absolute,0.4209015007911765
20260921,2,10,0.5,dominance,absolute,0.28570328652838956
20260921,2,10,0.5,valence,kshot_relative,0.027011857415730287
20260921,2,10,0.5,arousal,kshot_relative,0.5407742702430938
20260921,2,10,0.5,dominance,kshot_relative,0.29590789792107064
20260921,2,10,0.5,valence,kshot_hybrid,0.03142871001418018
20260921,2,10,0.5,arousal,kshot_hybrid,0.5503274428346807
20260921,2,10,0.5,dominance,kshot_hybrid,0.307190840109214
20260921,2,10,0.75,valence,absolute,0.03304861701373552
20260921,2,10,0.75,arousal,absolute,0.4125528174607407
20260921,2,10,0.75,dominance,absolute,0.28489070181142206
20260921,2,10,0.75,valence,kshot_relative,0.025909762150241746
20260921,2,10,0.75,arousal,kshot_relative,0.5452355339827096
20260921,2,10,0.75,dominance,kshot_relative,0.2922541713883878
20260921,2,10,0.75,valence,kshot_hybrid,0.03134366403076271
20260921,2,10,0.75,arousal,kshot_hybrid,0.542147959668838
20260921,2,10,0.75,dominance,kshot_hybrid,0.292325926392258
20260921,2,10,1.0,valence,absolute,0.03356495770797098
20260921,2,10,1.0,arousal,absolute,0.40115464017810937
20260921,2,10,1.0,dominance,absolute,0.2821950416403163
20260921,2,10,1.0,valence,kshot_relative,0.024805605981367884
20260921,2,10,1.0,arousal,kshot_relative,0.5445027355808313
20260921,2,10,1.0,dominance,kshot_relative,0.28683211722982127
20260921,2,10,1.0,valence,kshot_hybrid,0.03125674314752561
20260921,2,10,1.0,arousal,kshot_hybrid,0.5284263529020293
20260921,2,10,1.0,dominance,kshot_hybrid,0.27342842666538986
20260921,3,10,0.0,valence,absolute,0.026824228849872494
20260921,3,10,0.0,arousal,absolute,0.302573527008614
20260921,3,10,0.0,dominance,absolute,0.23974642973614643
20260921,3,10,0.0,valence,kshot_relative,0.023940270568083625
20260921,3,10,0.0,arousal,kshot_relative,0.37830964005424483
20260921,3,10,0.0,dominance,kshot_relative,0.2573874033572125
20260921,3,10,0.0,valence,kshot_hybrid,0.027372786338270477
20260921,3,10,0.0,arousal,kshot_hybrid,0.3999256871900018
20260921,3,10,0.0,dominance,kshot_hybrid,0.27060754330658143
20260921,3,10,0.25,valence,absolute,0.027563247350689563
20260921,3,10,0.25,arousal,absolute,0.3167048970862018
20260921,3,10,0.25,dominance,absolute,0.25115659628227865
20260921,3,10,0.25,valence,kshot_relative,0.02283536929966694
20260921,3,10,0.25,arousal,kshot_relative,0.3678521953144344
20260921,3,10,0.25,dominance,kshot_relative,0.2480637691183444
20260921,3,10,0.25,valence,kshot_hybrid,0.02782341636436185
20260921,3,10,0.25,arousal,kshot_hybrid,0.3950707683596184
20260921,3,10,0.25,dominance,kshot_hybrid,0.2723686683540705
20260921,3,10,0.5,valence,absolute,0.028294432908047958
20260921,3,10,0.5,arousal,absolute,0.3290625580106784
20260921,3,10,0.5,dominance,absolute,0.26059903102824167
20260921,3,10,0.5,valence,kshot_relative,0.02171808451480005
20260921,3,10,0.5,arousal,kshot_relative,0.35516489849824434
20260921,3,10,0.5,dominance,kshot_relative,0.236784288299197
20260921,3,10,0.5,valence,kshot_hybrid,0.028355719648375355
20260921,3,10,0.5,arousal,kshot_hybrid,0.38711556657005075
20260921,3,10,0.5,dominance,kshot_hybrid,0.2741049707490671
20260921,3,10,0.75,valence,absolute,0.029016864228727058
20260921,3,10,0.75,arousal,absolute,0.3392519750672368
20260921,3,10,0.75,dominance,absolute,0.2677743945001943
20260921,3,10,0.75,valence,kshot_relative,0.020588888706303772
20260921,3,10,0.75,arousal,kshot_relative,0.3406724429421526
20260921,3,10,0.75,dominance,kshot_relative,0.2239354830916405
20260921,3,10,0.75,valence,kshot_hybrid,0.02896655399297152
20260921,3,10,0.75,arousal,kshot_hybrid,0.3764298209479012
20260921,3,10,0.75,dominance,kshot_hybrid,0.27576290285149047
20260921,3,10,1.0,valence,absolute,0.029729425256353262
20260921,3,10,1.0,arousal,absolute,0.3469569695929898
20260921,3,10,1.0,dominance,absolute,0.27249960969276094
20260921,3,10,1.0,valence,kshot_relative,0.01944824502795173
20260921,3,10,1.0,arousal,kshot_relative,0.3248244066459161
20260921,3,10,1.0,dominance,kshot_relative,0.2099453311710351
20260921,3,10,1.0,valence,kshot_hybrid,0.029651918114234885
20260921,3,10,1.0,arousal,kshot_hybrid,0.36349138590575314
20260921,3,10,1.0,dominance,kshot_hybrid,0.2772959372584106
20260921,4,10,0.0,valence,absolute,0.037263116034351895
20260921,4,10,0.0,arousal,absolute,0.3803443978940583
20260921,4,10,0.0,dominance,absolute,0.28659206130866466
20260921,4,10,0.0,valence,kshot_relative,0.03643093839385389
20260921,4,10,0.0,arousal,kshot_relative,0.4631208681950192
20260921,4,10,0.0,dominance,kshot_relative,0.3012377887946269
20260921,4,10,0.0,valence,kshot_hybrid,0.03825448783932601
20260921,4,10,0.0,arousal,kshot_hybrid,0.47987511644279135
20260921,4,10,0.0,dominance,kshot_hybrid,0.3188485841156598
20260921,4,10,0.25,valence,absolute,0.03697904241113511
20260921,4,10,0.25,arousal,absolute,0.3835307612527801
20260921,4,10,0.25,dominance,absolute,0.2919588709628695
20260921,4,10,0.25,valence,kshot_relative,0.03527662859410437
20260921,4,10,0.25,arousal,kshot_relative,0.466984913680756
20260921,4,10,0.25,dominance,kshot_relative,0.2998207483125216
20260921,4,10,0.25,valence,kshot_hybrid,0.037444265082586144
20260921,4,10,0.25,arousal,kshot_hybrid,0.48772216884909
20260921,4,10,0.25,dominance,kshot_hybrid,0.321419855162687
20260921,4,10,0.5,valence,absolute,0.036454971064524846
20260921,4,10,0.5,arousal,absolute,0.38468738166017497
20260921,4,10,0.5,dominance,absolute,0.29666888776729927
20260921,4,10,0.5,valence,kshot_relative,0.03411609635814061
20260921,4,10,0.5,arousal,kshot_relative,0.46888806358181734
20260921,4,10,0.5,dominance,kshot_relative,0.2979466868693886
20260921,4,10,0.5,valence,kshot_hybrid,0.03641595912206658
20260921,4,10,0.5,arousal,kshot_hybrid,0.4713014421822757
20260921,4,10,0.5,dominance,kshot_hybrid,0.3195953243228229
20260921,4,10,0.75,valence,absolute,0.03569197676832829
20260921,4,10,0.75,arousal,absolute,0.3838815019183293
20260921,4,10,0.75,dominance,absolute,0.30071544601735944
20260921,4,10,0.75,valence,kshot_relative,0.03295090403106057
20260921,4,10,0.75,arousal,kshot_relative,0.46881435911708624
20260921,4,10,0.75,dominance,kshot_relative,0.2956173637638311
20260921,4,10,0.75,valence,kshot_hybrid,0.035174138205817614
20260921,4,10,0.75,arousal,kshot_hybrid,0.4353137993976871
20260921,4,10,0.75,dominance,kshot_hybrid,0.31380738984754447
20260921,4,10,1.0,valence,absolute,0.034692195872351894
20260921,4,10,1.0,arousal,absolute,0.38119489740019274
20260921,4,10,1.0,dominance,absolute,0.304098661168618
20260921,4,10,1.0,valence,kshot_relative,0.0317829953472363
20260921,4,10,1.0,arousal,kshot_relative,0.466776868101513
20260921,4,10,1.0,dominance,kshot_relative,0.29284362572255024
20260921,4,10,1.0,valence,kshot_hybrid,0.03372497408025453
20260921,4,10,1.0,arousal,kshot_hybrid,0.38830273337804655
20260921,4,10,1.0,dominance,kshot_hybrid,0.3050674030400802
20260921,0,20,0.0,valence,absolute,0.0432412812688628
20260921,0,20,0.0,arousal,absolute,0.4116008777053839
20260921,0,20,0.0,dominance,absolute,0.3512510501658859
20260921,0,20,0.0,valence,kshot_relative,0.04166135680687711
20260921,0,20,0.0,arousal,kshot_relative,0.46435873638606656
20260921,0,20,0.0,dominance,kshot_relative,0.35745833326588883
20260921,0,20,0.0,valence,kshot_hybrid,0.044042914677105076
20260921,0,20,0.0,arousal,kshot_hybrid,0.47176016395794385
20260921,0,20,0.0,dominance,kshot_hybrid,0.3688052596028873
20260921,0,20,0.25,valence,absolute,0.04426465340436623
20260921,0,20,0.25,arousal,absolute,0.41796367016057234
20260921,0,20,0.25,dominance,absolute,0.3588628110680392
20260921,0,20,0.25,valence,kshot_relative,0.04068474684060364
20260921,0,20,0.25,arousal,kshot_relative,0.4722214904230874
20260921,0,20,0.25,dominance,kshot_relative,0.3612253240715513
20260921,0,20,0.25,valence,kshot_hybrid,0.0442232712327959
20260921,0,20,0.25,arousal,kshot_hybrid,0.48464935115609525
20260921,0,20,0.25,dominance,kshot_hybrid,0.37753451009856864
20260921,0,20,0.5,valence,absolute,0.04523034367184241
20260921,0,20,0.5,arousal,absolute,0.42158840230723227
20260921,0,20,0.5,dominance,absolute,0.36548250006516625
20260921,0,20,0.5,valence,kshot_relative,0.03962714683417996
20260921,0,20,0.5,arousal,kshot_relative,0.47718726930146155
20260921,0,20,0.5,dominance,kshot_relative,0.3642613401901011
20260921,0,20,0.5,valence,kshot_hybrid,0.044602766360305725
20260921,0,20,0.5,arousal,kshot_hybrid,0.4920453346137228
20260921,0,20,0.5,dominance,kshot_hybrid,0.3846665243190299
20260921,0,20,0.75,valence,absolute,0.04613483102937874
20260921,0,20,0.75,arousal,absolute,0.4226449055342149
20260921,0,20,0.75,dominance,absolute,0.3710841299250069
20260921,0,20,0.75,valence,kshot_relative,0.03849547142461985
20260921,0,20,0.75,arousal,kshot_relative,0.4792691188422422
20260921,0,20,0.75,dominance,kshot_relative,0.36655545601381767
20260921,0,20,0.75,valence,kshot_hybrid,0.04517601432917882
20260921,0,20,0.75,arousal,kshot_hybrid,0.4939865755838828
20260921,0,20,0.75,dominance,kshot_hybrid,0.39016747995128315
20260921,0,20,1.0,valence,absolute,0.04697435812694571
20260921,0,20,1.0,arousal,absolute,0.42131580374009575
20260921,0,20,1.0,dominance,absolute,0.37568686775043103
20260921,0,20,1.0,valence,kshot_relative,0.03729686085396569
20260921,0,20,1.0,arousal,kshot_relative,0.47857084333355276
20260921,0,20,1.0,dominance,kshot_relative,0.3681113363237119
20260921,0,20,1.0,valence,kshot_hybrid,0.045934214431865336
20260921,0,20,1.0,arousal,kshot_hybrid,0.4906411882518662
20260921,0,20,1.0,dominance,kshot_hybrid,0.394034647927505
20260921,1,20,0.0,valence,absolute,0.02230582897428186
20260921,1,20,0.0,arousal,absolute,0.37027388294123825
20260921,1,20,0.0,dominance,absolute,0.25298719094650945
20260921,1,20,0.0,valence,kshot_relative,0.024057811918618586
20260921,1,20,0.0,arousal,kshot_relative,0.46550798777999053
20260921,1,20,0.0,dominance,kshot_relative,0.26544211642673143
20260921,1,20,0.0,valence,kshot_hybrid,0.024434472573235878
20260921,1,20,0.0,arousal,kshot_hybrid,0.48196701017336746
20260921,1,20,0.0,dominance,kshot_hybrid,0.276314722152422
20260921,1,20,0.25,valence,absolute,0.022288245591017206
20260921,1,20,0.25,arousal,absolute,0.3742579651575781
20260921,1,20,0.25,dominance,absolute,0.2570405675788405
20260921,1,20,0.25,valence,kshot_relative,0.023458636535209448
20260921,1,20,0.25,arousal,kshot_relative,0.4740747663414312
20260921,1,20,0.25,dominance,kshot_relative,0.278163772315782
20260921,1,20,0.25,valence,kshot_hybrid,0.02442607712305291
20260921,1,20,0.25,arousal,kshot_hybrid,0.4903564814364828
20260921,1,20,0.25,dominance,kshot_hybrid,0.2895524750662048
20260921,1,20,0.5,valence,absolute,0.022259234064747904
20260921,1,20,0.5,arousal,absolute,0.37758537400880193
20260921,1,20,0.5,dominance,absolute,0.2564410548824146
20260921,1,20,0.5,valence,kshot_relative,0.022802607410857982
20260921,1,20,0.5,arousal,kshot_relative,0.48176867241057797
20260921,1,20,0.5,dominance,kshot_relative,0.2857721748260751
20260921,1,20,0.5,valence,kshot_hybrid,0.024663676942428225
20260921,1,20,0.5,arousal,kshot_hybrid,0.49865761531735747
20260921,1,20,0.5,dominance,kshot_hybrid,0.3003737294872787
20260921,1,20,0.75,valence,absolute,0.022218788872796907
20260921,1,20,0.75,arousal,absolute,0.3802180760135156
20260921,1,20,0.75,dominance,absolute,0.2513103763804762
20260921,1,20,0.75,valence,kshot_relative,0.022094065583545652
20260921,1,20,0.75,arousal,kshot_relative,0.48858193223785357
20260921,1,20,0.75,dominance,kshot_relative,0.2884740960730343
20260921,1,20,0.75,valence,kshot_hybrid,0.025144234981468533
20260921,1,20,0.75,arousal,kshot_hybrid,0.506840252993167
20260921,1,20,0.75,dominance,kshot_hybrid,0.308412296349892
20260921,1,20,1.0,valence,absolute,0.022167349405194662
20260921,1,20,1.0,arousal,absolute,0.38213771492561277
20260921,1,20,1.0,dominance,absolute,0.24227327009669208
20260921,1,20,1.0,valence,kshot_relative,0.02133898734922585
20260921,1,20,1.0,arousal,kshot_relative,0.49451382938619276
20260921,1,20,1.0,dominance,kshot_relative,0.28687500754169476
20260921,1,20,1.0,valence,kshot_hybrid,0.02586368925414521
20260921,1,20,1.0,arousal,kshot_hybrid,0.51488168996416
20260921,1,20,1.0,dominance,kshot_hybrid,0.31361137523760224
20260921,2,20,0.0,valence,absolute,0.0314809743381788
20260921,2,20,0.0,arousal,absolute,0.4250813701266022
20260921,2,20,0.0,dominance,absolute,0.2808497365599869
20260921,2,20,0.0,valence,kshot_relative,0.030630448252426026
20260921,2,20,0.0,arousal,kshot_relative,0.512826373409947
20260921,2,20,0.0,dominance,kshot_relative,0.2994169067769167
20260921,2,20,0.0,valence,kshot_hybrid,0.03186161921278788
20260921,2,20,0.0,arousal,kshot_hybrid,0.53758007262524
20260921,2,20,0.0,dominance,kshot_hybrid,0.3114467516890891
20260921,2,20,0.25,valence,absolute,0.03200644266929459
20260921,2,20,0.25,arousal,absolute,0.42533280622814573
20260921,2,20,0.25,dominance,absolute,0.2844049838671236
20260921,2,20,0.25,valence,kshot_relative,0.02997975496128932
20260921,2,20,0.25,arousal,kshot_relative,0.5180342473591251
20260921,2,20,0.25,dominance,kshot_relative,0.3034781228248138
20260921,2,20,0.25,valence,kshot_hybrid,0.03184023896297146
20260921,2,20,0.25,arousal,kshot_hybrid,0.5435401631844315
20260921,2,20,0.25,dominance,kshot_hybrid,0.31678770766768904
20260921,2,20,0.5,valence,absolute,0.03252917809807139
20260921,2,20,0.5,arousal,absolute,0.4209015007911765
20260921,2,20,0.5,dominance,absolute,0.28570328652838956
20260921,2,20,0.5,valence,kshot_relative,0.02932643992700859
20260921,2,20,0.5,arousal,kshot_relative,0.5186259382837939
20260921,2,20,0.5,dominance,kshot_relative,0.3060411136997383
20260921,2,20,0.5,valence,kshot_hybrid,0.03181880160426667
20260921,2,20,0.5,arousal,kshot_hybrid,0.5453386186613602
20260921,2,20,0.5,dominance,kshot_hybrid,0.3192209085071735
20260921,2,20,0.75,valence,absolute,0.03304861701373552
20260921,2,20,0.75,arousal,absolute,0.4125528174607407
20260921,2,20,0.75,dominance,absolute,0.28489070181142206
20260921,2,20,0.75,valence,kshot_relative,0.028670319617060434
20260921,2,20,0.75,arousal,kshot_relative,0.5145763642342152
20260921,2,20,0.75,dominance,kshot_relative,0.3070582177362904
20260921,2,20,0.75,valence,kshot_hybrid,0.03179734371394765
20260921,2,20,0.75,arousal,kshot_hybrid,0.543065912637247
20260921,2,20,0.75,dominance,kshot_hybrid,0.3187826133386272
20260921,2,20,1.0,valence,absolute,0.03356495770797098
20260921,2,20,1.0,arousal,absolute,0.40115464017810937
20260921,2,20,1.0,dominance,absolute,0.2821950416403163
20260921,2,20,1.0,valence,kshot_relative,0.02801170792280838
20260921,2,20,1.0,arousal,kshot_relative,0.5060941331035272
20260921,2,20,1.0,dominance,kshot_relative,0.30653668440255394
20260921,2,20,1.0,valence,kshot_hybrid,0.0317758016339638
20260921,2,20,1.0,arousal,kshot_hybrid,0.5371162339907863
20260921,2,20,1.0,dominance,kshot_hybrid,0.315722207827895
20260921,3,20,0.0,valence,absolute,0.026824228849872494
20260921,3,20,0.0,arousal,absolute,0.302573527008614
20260921,3,20,0.0,dominance,absolute,0.23974642973614643
20260921,3,20,0.0,valence,kshot_relative,0.025457219555102186
20260921,3,20,0.0,arousal,kshot_relative,0.3769794423694703
20260921,3,20,0.0,dominance,kshot_relative,0.2568176510177591
20260921,3,20,0.0,valence,kshot_hybrid,0.02748179047474549
20260921,3,20,0.0,arousal,kshot_hybrid,0.38690053855841117
20260921,3,20,0.0,dominance,kshot_hybrid,0.26377294946865065
20260921,3,20,0.25,valence,absolute,0.027563247350689563
20260921,3,20,0.25,arousal,absolute,0.3167048970862018
20260921,3,20,0.25,dominance,absolute,0.25115659628227865
20260921,3,20,0.25,valence,kshot_relative,0.024755940720492094
20260921,3,20,0.25,arousal,kshot_relative,0.37556760426310193
20260921,3,20,0.25,dominance,kshot_relative,0.25802678761319375
20260921,3,20,0.25,valence,kshot_hybrid,0.027798785558038965
20260921,3,20,0.25,arousal,kshot_hybrid,0.39603245102978574
20260921,3,20,0.25,dominance,kshot_hybrid,0.27412912691735886
20260921,3,20,0.5,valence,absolute,0.028294432908047958
20260921,3,20,0.5,arousal,absolute,0.3290625580106784
20260921,3,20,0.5,dominance,absolute,0.26059903102824167
20260921,3,20,0.5,valence,kshot_relative,0.024044782205094654
20260921,3,20,0.5,arousal,kshot_relative,0.37132175722099864
20260921,3,20,0.5,dominance,kshot_relative,0.2565065061565196
20260921,3,20,0.5,valence,kshot_hybrid,0.028154936241662255
20260921,3,20,0.5,arousal,kshot_hybrid,0.4003225229295535
20260921,3,20,0.5,dominance,kshot_hybrid,0.28043146872511254
20260921,3,20,0.75,valence,absolute,0.029016864228727058
20260921,3,20,0.75,arousal,absolute,0.3392519750672368
20260921,3,20,0.75,dominance,absolute,0.2677743945001943
20260921,3,20,0.75,valence,kshot_relative,0.02332398788361466
20260921,3,20,0.75,arousal,kshot_relative,0.3645158099916862
20260921,3,20,0.75,dominance,kshot_relative,0.2524785980582482
20260921,3,20,0.75,valence,kshot_hybrid,0.028548478299631523
20260921,3,20,0.75,arousal,kshot_hybrid,0.3997013923373098
20260921,3,20,0.75,dominance,kshot_hybrid,0.28248780686876607
20260921,3,20,1.0,valence,absolute,0.029729425256353262
20260921,3,20,1.0,arousal,absolute,0.3469569695929898
20260921,3,20,1.0,dominance,absolute,0.27249960969276094
20260921,3,20,1.0,valence,kshot_relative,0.022593807598495007
20260921,3,20,1.0,arousal,kshot_relative,0.3554985988042967
20260921,3,20,1.0,dominance,kshot_relative,0.2462676993723293
20260921,3,20,1.0,valence,kshot_hybrid,0.028977078978669888
20260921,3,20,1.0,arousal,kshot_hybrid,0.3944670830738026
20260921,3,20,1.0,dominance,kshot_hybrid,0.2805598351469998
20260921,4,20,0.0,valence,absolute,0.037263116034351895
20260921,4,20,0.0,arousal,absolute,0.3803443978940583
20260921,4,20,0.0,dominance,absolute,0.28659206130866466
20260921,4,20,0.0,valence,kshot_relative,0.03829376173039212
20260921,4,20,0.0,arousal,kshot_relative,0.4596684009528673
20260921,4,20,0.0,dominance,kshot_relative,0.30349248973787135
20260921,4,20,0.0,valence,kshot_hybrid,0.03914727642731124
20260921,4,20,0.0,arousal,kshot_hybrid,0.46590097478685477
20260921,4,20,0.0,dominance,kshot_hybrid,0.3123681243456853
20260921,4,20,0.25,valence,absolute,0.03697904241113511
20260921,4,20,0.25,arousal,absolute,0.3835307612527801
20260921,4,20,0.25,dominance,absolute,0.2919588709628695
20260921,4,20,0.25,valence,kshot_relative,0.0377668456805096
20260921,4,20,0.25,arousal,kshot_relative,0.4667045027664547
20260921,4,20,0.25,dominance,kshot_relative,0.3083034169427112
20260921,4,20,0.25,valence,kshot_hybrid,0.0382356557188187
20260921,4,20,0.25,arousal,kshot_hybrid,0.48356503466870965
20260921,4,20,0.25,dominance,kshot_hybrid,0.32209238258722644
20260921,4,20,0.5,valence,absolute,0.036454971064524846
20260921,4,20,0.5,arousal,absolute,0.38468738166017497
20260921,4,20,0.5,dominance,absolute,0.29666888776729927
20260921,4,20,0.5,valence,kshot_relative,0.037213900077796146
20260921,4,20,0.5,arousal,kshot_relative,0.47183903187838616
20260921,4,20,0.5,dominance,kshot_relative,0.31273304035846433
20260921,4,20,0.5,valence,kshot_hybrid,0.036390776388595045
20260921,4,20,0.5,arousal,kshot_hybrid,0.47867662896912533
20260921,4,20,0.5,dominance,kshot_hybrid,0.3272436477216395
20260921,4,20,0.75,valence,absolute,0.03569197676832829
20260921,4,20,0.75,arousal,absolute,0.3838815019183293
20260921,4,20,0.75,dominance,absolute,0.30071544601735944
20260921,4,20,0.75,valence,kshot_relative,0.03663572736102951
20260921,4,20,0.75,arousal,kshot_relative,0.4749927304386725
20260921,4,20,0.75,dominance,kshot_relative,0.31675555538138866
20260921,4,20,0.75,valence,kshot_hybrid,0.0336215605910636
20260921,4,20,0.75,arousal,kshot_hybrid,0.4528796965546792
20260921,4,20,0.75,dominance,kshot_hybrid,0.32759997824415227
20260921,4,20,1.0,valence,absolute,0.034692195872351894
20260921,4,20,1.0,arousal,absolute,0.38119489740019274
20260921,4,20,1.0,dominance,absolute,0.304098661168618
20260921,4,20,1.0,valence,kshot_relative,0.03603363385190641
20260921,4,20,1.0,arousal,kshot_relative,0.47613426437784345
20260921,4,20,1.0,dominance,kshot_relative,0.3203558294158328
20260921,4,20,1.0,valence,kshot_hybrid,0.02994373868219834
20260921,4,20,1.0,arousal,kshot_hybrid,0.4126612580901675
20260921,4,20,1.0,dominance,kshot_hybrid,0.3236033291392172
20260921,0,50,0.0,valence,absolute,0.0432412812688628
20260921,0,50,0.0,arousal,absolute,0.4116008777053839
20260921,0,50,0.0,dominance,absolute,0.3512510501658859
20260921,0,50,0.0,valence,kshot_relative,0.043712021789135386
20260921,0,50,0.0,arousal,kshot_relative,0.4827074720520907
20260921,0,50,0.0,dominance,kshot_relative,0.3703372047714294
20260921,0,50,0.0,valence,kshot_hybrid,0.044282345866247165
20260921,0,50,0.0,arousal,kshot_hybrid,0.48503470169285345
20260921,0,50,0.0,dominance,kshot_hybrid,0.374062249289708
20260921,0,50,0.25,valence,absolute,0.04426465340436623
20260921,0,50,0.25,arousal,absolute,0.41796367016057234
20260921,0,50,0.25,dominance,absolute,0.3588628110680392
20260921,0,50,0.25,valence,kshot_relative,0.04315996782567573
20260921,0,50,0.25,arousal,kshot_relative,0.48299359958515425
20260921,0,50,0.25,dominance,kshot_relative,0.3720871626579176
20260921,0,50,0.25,valence,kshot_hybrid,0.044516819181124545
20260921,0,50,0.25,arousal,kshot_hybrid,0.4886928523078088
20260921,0,50,0.25,dominance,kshot_hybrid,0.37842532081672114
20260921,0,50,0.5,valence,absolute,0.04523034367184241
20260921,0,50,0.5,arousal,absolute,0.42158840230723227
20260921,0,50,0.5,dominance,absolute,0.36548250006516625
20260921,0,50,0.5,valence,kshot_relative,0.042536291014159684
20260921,0,50,0.5,arousal,kshot_relative,0.4804240966728161
20260921,0,50,0.5,dominance,kshot_relative,0.3729787241337813
20260921,0,50,0.5,valence,kshot_hybrid,0.045074203477725984
20260921,0,50,0.5,arousal,kshot_hybrid,0.48863035011363876
20260921,0,50,0.5,dominance,kshot_hybrid,0.38174522311017833
20260921,0,50,0.75,valence,absolute,0.04613483102937874
20260921,0,50,0.75,arousal,absolute,0.4226449055342149
20260921,0,50,0.75,dominance,absolute,0.3710841299250069
20260921,0,50,0.75,valence,kshot_relative,0.04184561103273911
20260921,0,50,0.75,arousal,kshot_relative,0.4751082160392555
20260921,0,50,0.75,dominance,kshot_relative,0.37302160125577066
20260921,0,50,0.75,valence,kshot_hybrid,0.04594829859518746
20260921,0,50,0.75,arousal,kshot_hybrid,0.48491484440190236
20260921,0,50,0.75,dominance,kshot_hybrid,0.38400565080123794
20260921,0,50,1.0,valence,absolute,0.04697435812694571
20260921,0,50,1.0,arousal,absolute,0.42131580374009575
20260921,0,50,1.0,dominance,absolute,0.37568686775043103
20260921,0,50,1.0,valence,kshot_relative,0.041092534566017726
20260921,0,50,1.0,arousal,kshot_relative,0.46724574305465677
20260921,0,50,1.0,dominance,kshot_relative,0.37223027882989235
20260921,0,50,1.0,valence,kshot_hybrid,0.047129031653212035
20260921,0,50,1.0,arousal,kshot_hybrid,0.4777145584725726
20260921,0,50,1.0,dominance,kshot_hybrid,0.3852084513883438
20260921,1,50,0.0,valence,absolute,0.02230582897428186
20260921,1,50,0.0,arousal,absolute,0.37027388294123825
20260921,1,50,0.0,dominance,absolute,0.25298719094650945
20260921,1,50,0.0,valence,kshot_relative,0.023709728391587085
20260921,1,50,0.0,arousal,kshot_relative,0.49066505302999674
20260921,1,50,0.0,dominance,kshot_relative,0.27711761414398933
20260921,1,50,0.0,valence,kshot_hybrid,0.024214767967167535
20260921,1,50,0.0,arousal,kshot_hybrid,0.4983735917443361
20260921,1,50,0.0,dominance,kshot_hybrid,0.28123021406592846
20260921,1,50,0.25,valence,absolute,0.022288245591017206
20260921,1,50,0.25,arousal,absolute,0.3742579651575781
20260921,1,50,0.25,dominance,absolute,0.2570405675788405
20260921,1,50,0.25,valence,kshot_relative,0.023301535111178114
20260921,1,50,0.25,arousal,kshot_relative,0.49532400929147674
20260921,1,50,0.25,dominance,kshot_relative,0.2845900955324841
20260921,1,50,0.25,valence,kshot_hybrid,0.0243775457885699
20260921,1,50,0.25,arousal,kshot_hybrid,0.5012831906574523
20260921,1,50,0.25,dominance,kshot_hybrid,0.2879720762124669
20260921,1,50,0.5,valence,absolute,0.022259234064747904
20260921,1,50,0.5,arousal,absolute,0.37758537400880193
20260921,1,50,0.5,dominance,absolute,0.2564410548824146
20260921,1,50,0.5,valence,kshot_relative,0.02283410738904669
20260921,1,50,0.5,arousal,kshot_relative,0.4991517640908648
20260921,1,50,0.5,dominance,kshot_relative,0.28704487211478596
20260921,1,50,0.5,valence,kshot_hybrid,0.024878606741580756
20260921,1,50,0.5,arousal,kshot_hybrid,0.5038737173062511
20260921,1,50,0.5,dominance,kshot_hybrid,0.29246942915500634
20260921,1,50,0.75,valence,absolute,0.022218788872796907
20260921,1,50,0.75,arousal,absolute,0.3802180760135156
20260921,1,50,0.75,dominance,absolute,0.2513103763804762
20260921,1,50,0.75,valence,kshot_relative,0.022310624097872597
20260921,1,50,0.75,arousal,kshot_relative,0.5021502884531909
20260921,1,50,0.75,dominance,kshot_relative,0.2848437424308933
20260921,1,50,0.75,valence,kshot_hybrid,0.025714118334166425
20260921,1,50,0.75,arousal,kshot_hybrid,0.5061367485280736
20260921,1,50,0.75,dominance,kshot_hybrid,0.29467407672764556
20260921,1,50,1.0,valence,absolute,0.022167349405194662
20260921,1,50,1.0,arousal,absolute,0.38213771492561277
20260921,1,50,1.0,dominance,absolute,0.24227327009669208
20260921,1,50,1.0,valence,kshot_relative,0.021735755581552853
20260921,1,50,1.0,arousal,kshot_relative,0.5043278534826502
20260921,1,50,1.0,dominance,kshot_relative,0.27871223879944584
20260921,1,50,1.0,valence,kshot_hybrid,0.0268788421140213
20260921,1,50,1.0,arousal,kshot_hybrid,0.5080672152526934
20260921,1,50,1.0,dominance,kshot_hybrid,0.2947401957838935
20260921,2,50,0.0,valence,absolute,0.0314809743381788
20260921,2,50,0.0,arousal,absolute,0.4250813701266022
20260921,2,50,0.0,dominance,absolute,0.2808497365599869
20260921,2,50,0.0,valence,kshot_relative,0.03184489064529828
20260921,2,50,0.0,arousal,kshot_relative,0.543876247368843
20260921,2,50,0.0,dominance,kshot_relative,0.31255148402053046
20260921,2,50,0.0,valence,kshot_hybrid,0.03229897215389709
20260921,2,50,0.0,arousal,kshot_hybrid,0.5498484090853667
20260921,2,50,0.0,dominance,kshot_hybrid,0.3165663102747253
20260921,2,50,0.25,valence,absolute,0.03200644266929459
20260921,2,50,0.25,arousal,absolute,0.42533280622814573
20260921,2,50,0.25,dominance,absolute,0.2844049838671236
20260921,2,50,0.25,valence,kshot_relative,0.031370680863862806
20260921,2,50,0.25,arousal,kshot_relative,0.5468495101975194
20260921,2,50,0.25,dominance,kshot_relative,0.31490610462470403
20260921,2,50,0.25,valence,kshot_hybrid,0.0323278298378881
20260921,2,50,0.25,arousal,kshot_hybrid,0.549021470982394
20260921,2,50,0.25,dominance,kshot_hybrid,0.3186473936833015
20260921,2,50,0.5,valence,absolute,0.03252917809807139
20260921,2,50,0.5,arousal,absolute,0.4209015007911765
20260921,2,50,0.5,dominance,absolute,0.28570328652838956
20260921,2,50,0.5,valence,kshot_relative,0.030893163942743076
20260921,2,50,0.5,arousal,kshot_relative,0.5447549487484471
20260921,2,50,0.5,dominance,kshot_relative,0.31559473631268825
20260921,2,50,0.5,valence,kshot_hybrid,0.0323601205433831
20260921,2,50,0.5,arousal,kshot_hybrid,0.5477179397711955
20260921,2,50,0.5,dominance,kshot_hybrid,0.317479666069069
20260921,2,50,0.75,valence,absolute,0.03304861701373552
20260921,2,50,0.75,arousal,absolute,0.4125528174607407
20260921,2,50,0.75,dominance,absolute,0.28489070181142206
20260921,2,50,0.75,valence,kshot_relative,0.03041227889331897
20260921,2,50,0.75,arousal,kshot_relative,0.5377664896455963
20260921,2,50,0.75,dominance,kshot_relative,0.3146308792834611
20260921,2,50,0.75,valence,kshot_hybrid,0.03239583974324845
20260921,2,50,0.75,arousal,kshot_hybrid,0.546014429649067
20260921,2,50,0.75,dominance,kshot_hybrid,0.3132871201085686
20260921,2,50,1.0,valence,absolute,0.03356495770797098
20260921,2,50,1.0,arousal,absolute,0.40115464017810937
20260921,2,50,1.0,dominance,absolute,0.2821950416403163
20260921,2,50,1.0,valence,kshot_relative,0.0299282391266831
20260921,2,50,1.0,arousal,kshot_relative,0.5263033882631353
20260921,2,50,1.0,dominance,kshot_relative,0.312088170199992
20260921,2,50,1.0,valence,kshot_hybrid,0.03243495572206357
20260921,2,50,1.0,arousal,kshot_hybrid,0.5440150757652428
20260921,2,50,1.0,dominance,kshot_hybrid,0.3065444009746847
20260921,3,50,0.0,valence,absolute,0.026824228849872494
20260921,3,50,0.0,arousal,absolute,0.302573527008614
20260921,3,50,0.0,dominance,absolute,0.23974642973614643
20260921,3,50,0.0,valence,kshot_relative,0.02628894495236203
20260921,3,50,0.0,arousal,kshot_relative,0.3963175519702086
20260921,3,50,0.0,dominance,kshot_relative,0.2676473958849398
20260921,3,50,0.0,valence,kshot_hybrid,0.027311881857865976
20260921,3,50,0.0,arousal,kshot_hybrid,0.40150249531244725
20260921,3,50,0.0,dominance,kshot_hybrid,0.27014041804541766
20260921,3,50,0.25,valence,absolute,0.027563247350689563
20260921,3,50,0.25,arousal,absolute,0.3167048970862018
20260921,3,50,0.25,dominance,absolute,0.25115659628227865
20260921,3,50,0.25,valence,kshot_relative,0.02574216671204222
20260921,3,50,0.25,arousal,kshot_relative,0.39709850307928235
20260921,3,50,0.25,dominance,kshot_relative,0.26966353425114287
20260921,3,50,0.25,valence,kshot_hybrid,0.02752797479132694
20260921,3,50,0.25,arousal,kshot_hybrid,0.40489059277454575
20260921,3,50,0.25,dominance,kshot_hybrid,0.27676777759670657
20260921,3,50,0.5,valence,absolute,0.028294432908047958
20260921,3,50,0.5,arousal,absolute,0.3290625580106784
20260921,3,50,0.5,dominance,absolute,0.26059903102824167
20260921,3,50,0.5,valence,kshot_relative,0.02519047025518748
20260921,3,50,0.5,arousal,kshot_relative,0.3949613446057322
20260921,3,50,0.5,dominance,kshot_relative,0.2692558134884272
20260921,3,50,0.5,valence,kshot_hybrid,0.027816759892264953
20260921,3,50,0.5,arousal,kshot_hybrid,0.4084945391448067
20260921,3,50,0.5,dominance,kshot_hybrid,0.28284434642794765
20260921,3,50,0.75,valence,absolute,0.029016864228727058
20260921,3,50,0.75,arousal,absolute,0.3392519750672368
20260921,3,50,0.75,dominance,absolute,0.2677743945001943
20260921,3,50,0.75,valence,kshot_relative,0.02463400971942106
20260921,3,50,0.75,arousal,kshot_relative,0.3900833810756849
20260921,3,50,0.75,dominance,kshot_relative,0.2665655066546743
20260921,3,50,0.75,valence,kshot_hybrid,0.028176723241557674
20260921,3,50,0.75,arousal,kshot_hybrid,0.41223058282139996
20260921,3,50,0.75,dominance,kshot_hybrid,0.2881170355222324
20260921,3,50,1.0,valence,absolute,0.029729425256353262
20260921,3,50,1.0,arousal,absolute,0.3469569695929898
20260921,3,50,1.0,dominance,absolute,0.27249960969276094
20260921,3,50,1.0,valence,kshot_relative,0.024072945792928676
20260921,3,50,1.0,arousal,kshot_relative,0.38273889804259287
20260921,3,50,1.0,dominance,kshot_relative,0.26183555642644174
20260921,3,50,1.0,valence,kshot_hybrid,0.028605669367596315
20260921,3,50,1.0,arousal,kshot_hybrid,0.4160103642794578
20260921,3,50,1.0,dominance,kshot_hybrid,0.29242717622554887
20260921,4,50,0.0,valence,absolute,0.037263116034351895
20260921,4,50,0.0,arousal,absolute,0.3803443978940583
20260921,4,50,0.0,dominance,absolute,0.28659206130866466
20260921,4,50,0.0,valence,kshot_relative,0.03885609206227688
20260921,4,50,0.0,arousal,kshot_relative,0.48359711154377844
20260921,4,50,0.0,dominance,kshot_relative,0.3164998908828806
20260921,4,50,0.0,valence,kshot_hybrid,0.03926314157056607
20260921,4,50,0.0,arousal,kshot_hybrid,0.4901231808519348
20260921,4,50,0.0,dominance,kshot_hybrid,0.3208326251936863
20260921,4,50,0.25,valence,absolute,0.03697904241113511
20260921,4,50,0.25,arousal,absolute,0.3835307612527801
20260921,4,50,0.25,dominance,absolute,0.2919588709628695
20260921,4,50,0.25,valence,kshot_relative,0.03857576580354149
20260921,4,50,0.25,arousal,kshot_relative,0.4849690609045225
20260921,4,50,0.25,dominance,kshot_relative,0.3214649218930326
20260921,4,50,0.25,valence,kshot_hybrid,0.038602218526935066
20260921,4,50,0.25,arousal,kshot_hybrid,0.48785616322601744
20260921,4,50,0.25,dominance,kshot_hybrid,0.32434858830466
20260921,4,50,0.5,valence,absolute,0.036454971064524846
20260921,4,50,0.5,arousal,absolute,0.38468738166017497
20260921,4,50,0.5,dominance,absolute,0.29666888776729927
20260921,4,50,0.5,valence,kshot_relative,0.03827268614185748
20260921,4,50,0.5,arousal,kshot_relative,0.48427396322156413
20260921,4,50,0.5,dominance,kshot_relative,0.3260071830867534
20260921,4,50,0.5,valence,kshot_hybrid,0.03715650513234532
20260921,4,50,0.5,arousal,kshot_hybrid,0.47594363718769056
20260921,4,50,0.5,dominance,kshot_hybrid,0.32714976179681304
20260921,4,50,0.75,valence,absolute,0.03569197676832829
20260921,4,50,0.75,arousal,absolute,0.3838815019183293
20260921,4,50,0.75,dominance,absolute,0.30071544601735944
20260921,4,50,0.75,valence,kshot_relative,0.03794732285529646
20260921,4,50,0.75,arousal,kshot_relative,0.48157878619924155
20260921,4,50,0.75,dominance,kshot_relative,0.33010937237163357
20260921,4,50,0.75,valence,kshot_hybrid,0.03493216422396816
20260921,4,50,0.75,arousal,kshot_hybrid,0.4558652438316815
20260921,4,50,0.75,dominance,kshot_hybrid,0.3292028819758069
20260921,4,50,1.0,valence,absolute,0.034692195872351894
20260921,4,50,1.0,arousal,absolute,0.38119489740019274
20260921,4,50,1.0,dominance,absolute,0.304098661168618
20260921,4,50,1.0,valence,kshot_relative,0.03760045445049122
20260921,4,50,1.0,arousal,kshot_relative,0.47695293523324195
20260921,4,50,1.0,dominance,kshot_relative,0.3337596100627011
20260921,4,50,1.0,valence,kshot_hybrid,0.03193931838936522
20260921,4,50,1.0,arousal,kshot_hybrid,0.4297105766917038
20260921,4,50,1.0,dominance,kshot_hybrid,0.33050829635387585
20260921,0,100,0.0,valence,absolute,0.0432412812688628
20260921,0,100,0.0,arousal,absolute,0.4116008777053839
20260921,0,100,0.0,dominance,absolute,0.3512510501658859
20260921,0,100,0.0,valence,kshot_relative,0.04373176001719124
20260921,0,100,0.0,arousal,kshot_relative,0.4819271746593493
20260921,0,100,0.0,dominance,kshot_relative,0.3699882419341825
20260921,0,100,0.0,valence,kshot_hybrid,0.04402328068892018
20260921,0,100,0.0,arousal,kshot_hybrid,0.4844067687188731
20260921,0,100,0.0,dominance,kshot_hybrid,0.37264827438603676
20260921,0,100,0.25,valence,absolute,0.04426465340436623
20260921,0,100,0.25,arousal,absolute,0.41796367016057234
20260921,0,100,0.25,dominance,absolute,0.3588628110680392
20260921,0,100,0.25,valence,kshot_relative,0.043724131646613165
20260921,0,100,0.25,arousal,kshot_relative,0.48327509091271054
20260921,0,100,0.25,dominance,kshot_relative,0.3739150037504372
20260921,0,100,0.25,valence,kshot_hybrid,0.04448590129355264
20260921,0,100,0.25,arousal,kshot_hybrid,0.4875830682782204
20260921,0,100,0.25,dominance,kshot_hybrid,0.37817998480577697
20260921,0,100,0.5,valence,absolute,0.04523034367184241
20260921,0,100,0.5,arousal,absolute,0.42158840230723227
20260921,0,100,0.5,dominance,absolute,0.36548250006516625
20260921,0,100,0.5,valence,kshot_relative,0.0436333643583123
20260921,0,100,0.5,arousal,kshot_relative,0.48178065147662386
20260921,0,100,0.5,dominance,kshot_relative,0.37692347246039926
20260921,0,100,0.5,valence,kshot_hybrid,0.045089892537075175
20260921,0,100,0.5,arousal,kshot_hybrid,0.4850134996999082
20260921,0,100,0.5,dominance,kshot_hybrid,0.3808670356971019
20260921,0,100,0.75,valence,absolute,0.04613483102937874
20260921,0,100,0.75,arousal,absolute,0.4226449055342149
20260921,0,100,0.75,dominance,absolute,0.3710841299250069
20260921,0,100,0.75,valence,kshot_relative,0.04346108926924849
20260921,0,100,0.75,arousal,kshot_relative,0.47757450800285023
20260921,0,100,0.75,dominance,kshot_relative,0.3790141215691982
20260921,0,100,0.75,valence,kshot_hybrid,0.04582808441555046
20260921,0,100,0.75,arousal,kshot_hybrid,0.47690597144248925
20260921,0,100,0.75,dominance,kshot_hybrid,0.3807315955902248
20260921,0,100,1.0,valence,absolute,0.04697435812694571
20260921,0,100,1.0,arousal,absolute,0.42131580374009575
20260921,0,100,1.0,dominance,absolute,0.37568686775043103
20260921,0,100,1.0,valence,kshot_relative,0.043209264232352586
20260921,0,100,1.0,arousal,kshot_relative,0.4708632639468903
20260921,0,100,1.0,dominance,kshot_relative,0.3802010419982494
20260921,0,100,1.0,valence,kshot_hybrid,0.04669044328256348
20260921,0,100,1.0,arousal,kshot_hybrid,0.46362393836589944
20260921,0,100,1.0,dominance,kshot_hybrid,0.37785551552133756
20260921,1,100,0.0,valence,absolute,0.02230582897428186
20260921,1,100,0.0,arousal,absolute,0.37027388294123825
20260921,1,100,0.0,dominance,absolute,0.25298719094650945
20260921,1,100,0.0,valence,kshot_relative,0.02434106362754374
20260921,1,100,0.0,arousal,kshot_relative,0.4935023868212939
20260921,1,100,0.0,dominance,kshot_relative,0.2770010489871924
20260921,1,100,0.0,valence,kshot_hybrid,0.02431375588633994
20260921,1,100,0.0,arousal,kshot_hybrid,0.49555598312600097
20260921,1,100,0.0,dominance,kshot_hybrid,0.2801502589463468
20260921,1,100,0.25,valence,absolute,0.022288245591017206
20260921,1,100,0.25,arousal,absolute,0.3742579651575781
20260921,1,100,0.25,dominance,absolute,0.2570405675788405
20260921,1,100,0.25,valence,kshot_relative,0.023955705442578454
20260921,1,100,0.25,arousal,kshot_relative,0.4969344786576427
20260921,1,100,0.25,dominance,kshot_relative,0.28374186714665517
20260921,1,100,0.25,valence,kshot_hybrid,0.024426388417846803
20260921,1,100,0.25,arousal,kshot_hybrid,0.4996843317502559
20260921,1,100,0.25,dominance,kshot_hybrid,0.2860754051170184
20260921,1,100,0.5,valence,absolute,0.022259234064747904
20260921,1,100,0.5,arousal,absolute,0.37758537400880193
20260921,1,100,0.5,dominance,absolute,0.2564410548824146
20260921,1,100,0.5,valence,kshot_relative,0.023524436898796398
20260921,1,100,0.5,arousal,kshot_relative,0.49946618322855413
20260921,1,100,0.5,dominance,kshot_relative,0.2854710201181031
20260921,1,100,0.5,valence,kshot_hybrid,0.02481857052334054
20260921,1,100,0.5,arousal,kshot_hybrid,0.5035122226853115
20260921,1,100,0.5,dominance,kshot_hybrid,0.28831473362011917
20260921,1,100,0.75,valence,absolute,0.022218788872796907
20260921,1,100,0.75,arousal,absolute,0.3802180760135156
20260921,1,100,0.75,dominance,absolute,0.2513103763804762
20260921,1,100,0.75,valence,kshot_relative,0.023049903635966793
20260921,1,100,0.75,arousal,kshot_relative,0.5011011965263372
20260921,1,100,0.75,dominance,kshot_relative,0.28251587930505195
20260921,1,100,0.75,valence,kshot_hybrid,0.02548707487512536
20260921,1,100,0.75,arousal,kshot_hybrid,0.5070181950810106
20260921,1,100,0.75,dominance,kshot_hybrid,0.2869670305643599
20260921,1,100,1.0,valence,absolute,0.022167349405194662
20260921,1,100,1.0,arousal,absolute,0.38213771492561277
20260921,1,100,1.0,dominance,absolute,0.24227327009669208
20260921,1,100,1.0,valence,kshot_relative,0.022535993059941643
20260921,1,100,1.0,arousal,kshot_relative,0.5018531759791032
20260921,1,100,1.0,dominance,kshot_relative,0.27559432507644643
20260921,1,100,1.0,valence,kshot_hybrid,0.026427010571250947
20260921,1,100,1.0,arousal,kshot_hybrid,0.510190472020765
20260921,1,100,1.0,dominance,kshot_hybrid,0.2825036567759108
20260921,2,100,0.0,valence,absolute,0.0314809743381788
20260921,2,100,0.0,arousal,absolute,0.4250813701266022
20260921,2,100,0.0,dominance,absolute,0.2808497365599869
20260921,2,100,0.0,valence,kshot_relative,0.03197467370527929
20260921,2,100,0.0,arousal,kshot_relative,0.5343435442272965
20260921,2,100,0.0,dominance,kshot_relative,0.3123915940024822
20260921,2,100,0.0,valence,kshot_hybrid,0.0320521009710857
20260921,2,100,0.0,arousal,kshot_hybrid,0.5406494541803427
20260921,2,100,0.0,dominance,kshot_hybrid,0.3150079285970355
20260921,2,100,0.25,valence,absolute,0.03200644266929459
20260921,2,100,0.25,arousal,absolute,0.42533280622814573
20260921,2,100,0.25,dominance,absolute,0.2844049838671236
20260921,2,100,0.25,valence,kshot_relative,0.03182626559773004
20260921,2,100,0.25,arousal,kshot_relative,0.5387794502715294
20260921,2,100,0.25,dominance,kshot_relative,0.31646480009716305
20260921,2,100,0.25,valence,kshot_hybrid,0.032163977902317016
20260921,2,100,0.25,arousal,kshot_hybrid,0.548399919924257
20260921,2,100,0.25,dominance,kshot_hybrid,0.31965054354840633
20260921,2,100,0.5,valence,absolute,0.03252917809807139
20260921,2,100,0.5,arousal,absolute,0.4209015007911765
20260921,2,100,0.5,dominance,absolute,0.28570328652838956
20260921,2,100,0.5,valence,kshot_relative,0.031676966391057146
20260921,2,100,0.5,arousal,kshot_relative,0.5385113971601276
20260921,2,100,0.5,dominance,kshot_relative,0.3188953247509327
20260921,2,100,0.5,valence,kshot_hybrid,0.03228311545316548
20260921,2,100,0.5,arousal,kshot_hybrid,0.5509693219170503
20260921,2,100,0.5,dominance,kshot_hybrid,0.3191794958976892
20260921,2,100,0.75,valence,absolute,0.03304861701373552
20260921,2,100,0.75,arousal,absolute,0.4125528174607407
20260921,2,100,0.75,dominance,absolute,0.28489070181142206
20260921,2,100,0.75,valence,kshot_relative,0.031526291645215095
20260921,2,100,0.75,arousal,kshot_relative,0.533523834386684
20260921,2,100,0.75,dominance,kshot_relative,0.31963116238895506
20260921,2,100,0.75,valence,kshot_hybrid,0.03240921557948824
20260921,2,100,0.75,arousal,kshot_hybrid,0.5483182609598398
20260921,2,100,0.75,dominance,kshot_hybrid,0.31382203526923863
20260921,2,100,1.0,valence,absolute,0.03356495770797098
20260921,2,100,1.0,arousal,absolute,0.40115464017810937
20260921,2,100,1.0,dominance,absolute,0.2821950416403163
20260921,2,100,1.0,valence,kshot_relative,0.031374658193199026
20260921,2,100,1.0,arousal,kshot_relative,0.5240375894256393
20260921,2,100,1.0,dominance,kshot_relative,0.31868207127259823
20260921,2,100,1.0,valence,kshot_hybrid,0.03254232570363971
20260921,2,100,1.0,arousal,kshot_hybrid,0.5409465433911262
20260921,2,100,1.0,dominance,kshot_hybrid,0.30432310871850365
20260921,3,100,0.0,valence,absolute,0.026824228849872494
20260921,3,100,0.0,arousal,absolute,0.302573527008614
20260921,3,100,0.0,dominance,absolute,0.23974642973614643
20260921,3,100,0.0,valence,kshot_relative,0.026715221785141328
20260921,3,100,0.0,arousal,kshot_relative,0.39657586189028887
20260921,3,100,0.0,dominance,kshot_relative,0.26784823394484547
20260921,3,100,0.0,valence,kshot_hybrid,0.027093648649928918
20260921,3,100,0.0,arousal,kshot_hybrid,0.39908590907396835
20260921,3,100,0.0,dominance,kshot_hybrid,0.2699962073542056
20260921,3,100,0.25,valence,absolute,0.027563247350689563
20260921,3,100,0.25,arousal,absolute,0.3167048970862018
20260921,3,100,0.25,dominance,absolute,0.25115659628227865
20260921,3,100,0.25,valence,kshot_relative,0.026527881715870356
20260921,3,100,0.25,arousal,kshot_relative,0.39796667408223696
20260921,3,100,0.25,dominance,kshot_relative,0.27073813380624406
20260921,3,100,0.25,valence,kshot_hybrid,0.027390555002457823
20260921,3,100,0.25,arousal,kshot_hybrid,0.40716965642521424
20260921,3,100,0.25,dominance,kshot_hybrid,0.2775468806668753
20260921,3,100,0.5,valence,absolute,0.028294432908047958
20260921,3,100,0.5,arousal,absolute,0.3290625580106784
20260921,3,100,0.5,dominance,absolute,0.26059903102824167
20260921,3,100,0.5,valence,kshot_relative,0.026335558761541925
20260921,3,100,0.5,arousal,kshot_relative,0.39662033995870055
20260921,3,100,0.5,dominance,kshot_relative,0.2713873717785813
20260921,3,100,0.5,valence,kshot_hybrid,0.027722419312676494
20260921,3,100,0.5,arousal,kshot_hybrid,0.4126766627368066
20260921,3,100,0.5,dominance,kshot_hybrid,0.28339302547000333
20260921,3,100,0.75,valence,absolute,0.029016864228727058
20260921,3,100,0.75,arousal,absolute,0.3392519750672368
20260921,3,100,0.75,dominance,absolute,0.2677743945001943
20260921,3,100,0.75,valence,kshot_relative,0.02613832998192733
20260921,3,100,0.75,arousal,kshot_relative,0.3927058626375755
20260921,3,100,0.75,dominance,kshot_relative,0.26990482894121776
20260921,3,100,0.75,valence,kshot_hybrid,0.028087650578899524
20260921,3,100,0.75,arousal,kshot_hybrid,0.41555585174759807
20260921,3,100,0.75,dominance,kshot_hybrid,0.2874320261525347
20260921,3,100,1.0,valence,absolute,0.029729425256353262
20260921,3,100,1.0,arousal,absolute,0.3469569695929898
20260921,3,100,1.0,dominance,absolute,0.27249960969276094
20260921,3,100,1.0,valence,kshot_relative,0.025936227150944527
20260921,3,100,1.0,arousal,kshot_relative,0.3864763910949801
20260921,3,100,1.0,dominance,kshot_relative,0.2664899516746812
20260921,3,100,1.0,valence,kshot_hybrid,0.028484122497615335
20260921,3,100,1.0,arousal,kshot_hybrid,0.4158606232069904
20260921,3,100,1.0,dominance,kshot_hybrid,0.2896658422129556
20260921,4,100,0.0,valence,absolute,0.037263116034351895
20260921,4,100,0.0,arousal,absolute,0.3803443978940583
20260921,4,100,0.0,dominance,absolute,0.28659206130866466
20260921,4,100,0.0,valence,kshot_relative,0.039435399597140874
20260921,4,100,0.0,arousal,kshot_relative,0.4833843357158144
20260921,4,100,0.0,dominance,kshot_relative,0.3162716352359638
20260921,4,100,0.0,valence,kshot_hybrid,0.039530693132032974
20260921,4,100,0.0,arousal,kshot_hybrid,0.48456051664996846
20260921,4,100,0.0,dominance,kshot_hybrid,0.31838728958238033
20260921,4,100,0.25,valence,absolute,0.03697904241113511
20260921,4,100,0.25,arousal,absolute,0.3835307612527801
20260921,4,100,0.25,dominance,absolute,0.2919588709628695
20260921,4,100,0.25,valence,kshot_relative,0.039473256121930506
20260921,4,100,0.25,arousal,kshot_relative,0.48686542816786177
20260921,4,100,0.25,dominance,kshot_relative,0.32150069747781373
20260921,4,100,0.25,valence,kshot_hybrid,0.038939607810041195
20260921,4,100,0.25,arousal,kshot_hybrid,0.4907810533561944
20260921,4,100,0.25,dominance,kshot_hybrid,0.3246558233153066
20260921,4,100,0.5,valence,absolute,0.036454971064524846
20260921,4,100,0.5,arousal,absolute,0.38468738166017497
20260921,4,100,0.5,dominance,absolute,0.29666888776729927
20260921,4,100,0.5,valence,kshot_relative,0.03949024895044471
20260921,4,100,0.5,arousal,kshot_relative,0.48847248227823475
20260921,4,100,0.5,dominance,kshot_relative,0.3262639675381458
20260921,4,100,0.5,valence,kshot_hybrid,0.03744743794888447
20260921,4,100,0.5,arousal,kshot_hybrid,0.4817505891281454
20260921,4,100,0.5,dominance,kshot_hybrid,0.3302103712713678
20260921,4,100,0.75,valence,absolute,0.03569197676832829
20260921,4,100,0.75,arousal,absolute,0.3838815019183293
20260921,4,100,0.75,dominance,absolute,0.30071544601735944
20260921,4,100,0.75,valence,kshot_relative,0.039486435689924416
20260921,4,100,0.75,arousal,kshot_relative,0.48820335377900526
20260921,4,100,0.75,dominance,kshot_relative,0.3305453186148692
20260921,4,100,0.75,valence,kshot_hybrid,0.03506186524344228
20260921,4,100,0.75,arousal,kshot_hybrid,0.4593256750141425
20260921,4,100,0.75,dominance,kshot_hybrid,0.3349417256855757
20260921,4,100,1.0,valence,absolute,0.034692195872351894
20260921,4,100,1.0,arousal,absolute,0.38119489740019274
20260921,4,100,1.0,dominance,absolute,0.304098661168618
20260921,4,100,1.0,valence,kshot_relative,0.03946220718445911
20260921,4,100,1.0,arousal,kshot_relative,0.48607551412088046
20260921,4,100,1.0,dominance,kshot_relative,0.33433572517639815
20260921,4,100,1.0,valence,kshot_hybrid,0.03179599278958802
20260921,4,100,1.0,arousal,kshot_hybrid,0.42723449193191254
20260921,4,100,1.0,dominance,kshot_hybrid,0.3387844841214746
20260922,0,0,0.0,valence,absolute,0.042441039767738296
20260922,0,0,0.0,arousal,absolute,0.3808403239615344
20260922,0,0,0.0,dominance,absolute,0.31857313157923434
20260922,0,0,0.0,valence,oracle_relative,0.044282471031679226
20260922,0,0,0.0,arousal,oracle_relative,0.4805304942935574
20260922,0,0,0.0,dominance,oracle_relative,0.35250022449327234
20260922,0,0,0.0,valence,oracle_hybrid,0.04419400965060637
20260922,0,0,0.0,arousal,oracle_hybrid,0.48151613130078696
20260922,0,0,0.0,dominance,oracle_hybrid,0.3533216069873322
20260922,0,0,0.25,valence,absolute,0.041857577728659855
20260922,0,0,0.25,arousal,absolute,0.38263852977626794
20260922,0,0,0.25,dominance,absolute,0.3243360821883357
20260922,0,0,0.25,valence,oracle_relative,0.044194601451268016
20260922,0,0,0.25,arousal,oracle_relative,0.47956015201936725
20260922,0,0,0.25,dominance,oracle_relative,0.35307444953701644
20260922,0,0,0.25,valence,oracle_hybrid,0.0435425494738012
20260922,0,0,0.25,arousal,oracle_hybrid,0.48128726204752925
20260922,0,0,0.25,dominance,oracle_hybrid,0.35382751867504353
20260922,0,0,0.5,valence,absolute,0.04127503483057866
20260922,0,0,0.5,arousal,absolute,0.38043041270984396
20260922,0,0,0.5,dominance,absolute,0.3284378033793541
20260922,0,0,0.5,valence,oracle_relative,0.04409841425867035
20260922,0,0,0.5,arousal,oracle_relative,0.4745772134094615
20260922,0,0,0.5,dominance,oracle_relative,0.35217323070642254
20260922,0,0,0.5,valence,oracle_hybrid,0.0423351647155772
20260922,0,0,0.5,arousal,oracle_hybrid,0.48009971914774463
20260922,0,0,0.5,dominance,oracle_hybrid,0.3543367641150749
20260922,0,0,0.75,valence,absolute,0.04069424239877287
20260922,0,0,0.75,arousal,absolute,0.3745408685725733
20260922,0,0,0.75,dominance,absolute,0.33087455754014294
20260922,0,0,0.75,valence,oracle_relative,0.04399424151724841
20260922,0,0,0.75,arousal,oracle_relative,0.46578680289449126
20260922,0,0,0.75,dominance,oracle_relative,0.3498306839039934
20260922,0,0,0.75,valence,oracle_hybrid,0.040576922167591664
20260922,0,0,0.75,arousal,oracle_hybrid,0.477961287345499
20260922,0,0,0.75,dominance,oracle_hybrid,0.35484268472466407
20260922,0,0,1.0,valence,absolute,0.04011535116812629
20260922,0,0,1.0,arousal,absolute,0.3655202293258979
20260922,0,0,1.0,dominance,absolute,0.33168656324998547
20260922,0,0,1.0,valence,oracle_relative,0.04388211919728778
20260922,0,0,1.0,arousal,oracle_relative,0.4535934670753515
20260922,0,0,1.0,dominance,oracle_relative,0.3461121998749336
20260922,0,0,1.0,valence,oracle_hybrid,0.038275359127785284
20260922,0,0,1.0,arousal,oracle_hybrid,0.474911865002913
20260922,0,0,1.0,dominance,oracle_hybrid,0.35534504082421525
20260922,1,0,0.0,valence,absolute,0.026824228849872494
20260922,1,0,0.0,arousal,absolute,0.302573527008614
20260922,1,0,0.0,dominance,absolute,0.23974642973614643
20260922,1,0,0.0,valence,oracle_relative,0.027120080521433613
20260922,1,0,0.0,arousal,oracle_relative,0.4034279651708786
20260922,1,0,0.0,dominance,oracle_relative,0.272494922020262
20260922,1,0,0.0,valence,oracle_hybrid,0.027084131997600805
20260922,1,0,0.0,arousal,oracle_hybrid,0.4039156858277753
20260922,1,0,0.0,dominance,oracle_hybrid,0.2730281717548053
20260922,1,0,0.25,valence,absolute,0.027563247350689563
20260922,1,0,0.25,arousal,absolute,0.3167048970862018
20260922,1,0,0.25,dominance,absolute,0.25115659628227865
20260922,1,0,0.25,valence,oracle_relative,0.02700583703972475
20260922,1,0,0.25,arousal,oracle_relative,0.4021151019656116
20260922,1,0,0.25,dominance,oracle_relative,0.2720792249841707
20260922,1,0,0.25,valence,oracle_hybrid,0.027370845745704017
20260922,1,0,0.25,arousal,oracle_hybrid,0.406507610319031
20260922,1,0,0.25,dominance,oracle_hybrid,0.27586435025188777
20260922,1,0,0.5,valence,absolute,0.028294432908047958
20260922,1,0,0.5,arousal,absolute,0.3290625580106784
20260922,1,0,0.5,dominance,absolute,0.26059903102824167
20260922,1,0,0.5,valence,oracle_relative,0.02688864185261399
20260922,1,0,0.5,arousal,oracle_relative,0.39803490074716164
20260922,1,0,0.5,dominance,oracle_relative,0.2695095220274825
20260922,1,0,0.5,valence,oracle_hybrid,0.027749746178135345
20260922,1,0,0.5,arousal,oracle_hybrid,0.4118712179069204
20260922,1,0,0.5,dominance,oracle_hybrid,0.28217187637883523
20260922,1,0,0.75,valence,absolute,0.029016864228727058
20260922,1,0,0.75,arousal,absolute,0.3392519750672368
20260922,1,0,0.75,dominance,absolute,0.2677743945001943
20260922,1,0,0.75,valence,oracle_relative,0.026768541348779682
20260922,1,0,0.75,arousal,oracle_relative,0.3913715788269591
20260922,1,0,0.75,dominance,oracle_relative,0.2649332921267336
20260922,1,0,0.75,valence,oracle_hybrid,0.02821701200418107
20260922,1,0,0.75,arousal,oracle_hybrid,0.41984600705359354
20260922,1,0,0.75,dominance,oracle_hybrid,0.2917266985609249
20260922,1,0,1.0,valence,absolute,0.029729425256353262
20260922,1,0,1.0,arousal,absolute,0.3469569695929898
20260922,1,0,1.0,dominance,absolute,0.27249960969276094
20260922,1,0,1.0,valence,oracle_relative,0.026645555690939935
20260922,1,0,1.0,arousal,oracle_relative,0.3823974461122302
20260922,1,0,1.0,dominance,oracle_relative,0.25858091280602624
20260922,1,0,1.0,valence,oracle_hybrid,0.028767208942161303
20260922,1,0,1.0,arousal,oracle_hybrid,0.4301982245236598
20260922,1,0,1.0,dominance,oracle_hybrid,0.3042026430287214
20260922,2,0,0.0,valence,absolute,0.03126516702505635
20260922,2,0,0.0,arousal,absolute,0.31798468476469466
20260922,2,0,0.0,dominance,absolute,0.18782910416620235
20260922,2,0,0.0,valence,oracle_relative,0.0338430679024709
20260922,2,0,0.0,arousal,oracle_relative,0.4485048813032984
20260922,2,0,0.0,dominance,oracle_relative,0.20713992685145513
20260922,2,0,0.0,valence,oracle_hybrid,0.03385856736017585
20260922,2,0,0.0,arousal,oracle_hybrid,0.44824361641490057
20260922,2,0,0.0,dominance,oracle_hybrid,0.20757499999674103
20260922,2,0,0.25,valence,absolute,0.031896604603893514
20260922,2,0,0.25,arousal,absolute,0.31815472857772825
20260922,2,0,0.25,dominance,absolute,0.19098771602101708
20260922,2,0,0.25,valence,oracle_relative,0.03370585413238824
20260922,2,0,0.25,arousal,oracle_relative,0.44610433101442537
20260922,2,0,0.25,dominance,oracle_relative,0.20714086962650968
20260922,2,0,0.25,valence,oracle_hybrid,0.03389406288382201
20260922,2,0,0.25,arousal,oracle_hybrid,0.4443869008863265
20260922,2,0,0.25,dominance,oracle_hybrid,0.20849341230039944
20260922,2,0,0.5,valence,absolute,0.03249928964031028
20260922,2,0,0.5,arousal,absolute,0.314800982880526
20260922,2,0,0.5,dominance,absolute,0.1931965511450133
20260922,2,0,0.5,valence,oracle_relative,0.033509579875833966
20260922,2,0,0.5,arousal,oracle_relative,0.43913905628090144
20260922,2,0,0.5,dominance,oracle_relative,0.20638289634979035
20260922,2,0,0.5,valence,oracle_hybrid,0.03405331156598215
20260922,2,0,0.5,arousal,oracle_hybrid,0.43878523966149896
20260922,2,0,0.5,dominance,oracle_hybrid,0.21052402929540368
20260922,2,0,0.75,valence,absolute,0.0330713448229397
20260922,2,0,0.75,arousal,absolute,0.30860557188836657
20260922,2,0,0.75,dominance,absolute,0.19448386299310658
20260922,2,0,0.75,valence,oracle_relative,0.033256521210229
20260922,2,0,0.75,arousal,oracle_relative,0.4279923174855427
20260922,2,0,0.75,dominance,oracle_relative,0.20488737319703793
20260922,2,0,0.75,valence,oracle_hybrid,0.03433535495445797
20260922,2,0,0.75,arousal,oracle_hybrid,0.4318038419018345
20260922,2,0,0.75,dominance,oracle_hybrid,0.21362672840523933
20260922,2,0,1.0,valence,absolute,0.033609571226425404
20260922,2,0,1.0,arousal,absolute,0.3003750516044014
20260922,2,0,1.0,dominance,absolute,0.19489800942018323
20260922,2,0,1.0,valence,oracle_relative,0.032947894773622866
20260922,2,0,1.0,arousal,oracle_relative,0.41330860494085825
20260922,2,0,1.0,dominance,oracle_relative,0.20268649423766774
20260922,2,0,1.0,valence,oracle_hybrid,0.03473708151203904
20260922,2,0,1.0,arousal,oracle_hybrid,0.4239425721027273
20260922,2,0,1.0,dominance,oracle_hybrid,0.21774131059441793
20260922,3,0,0.0,valence,absolute,0.03397346209492257
20260922,3,0,0.0,arousal,absolute,0.4197472099075024
20260922,3,0,0.0,dominance,absolute,0.3210105010050537
20260922,3,0,0.0,valence,oracle_relative,0.03352428633438526
20260922,3,0,0.0,arousal,oracle_relative,0.49720752569057863
20260922,3,0,0.0,dominance,oracle_relative,0.3445425769978548
20260922,3,0,0.0,valence,oracle_hybrid,0.033486922379158526
20260922,3,0,0.0,arousal,oracle_hybrid,0.49825720419033553
20260922,3,0,0.0,dominance,oracle_hybrid,0.34544424544583346
20260922,3,0,0.25,valence,absolute,0.03399744926397555
20260922,3,0,0.25,arousal,absolute,0.43529415320913456
20260922,3,0,0.25,dominance,absolute,0.3265399351940399
20260922,3,0,0.25,valence,oracle_relative,0.03339299435730741
20260922,3,0,0.25,arousal,oracle_relative,0.4951403868810348
20260922,3,0,0.25,dominance,oracle_relative,0.3449666689520503
20260922,3,0,0.25,valence,oracle_hybrid,0.03363386826788991
20260922,3,0,0.25,arousal,oracle_hybrid,0.4936217976939367
20260922,3,0,0.25,dominance,oracle_hybrid,0.3452665935978532
20260922,3,0,0.5,valence,absolute,0.03408642055372561
20260922,3,0,0.5,arousal,absolute,0.44874141820228236
20260922,3,0,0.5,dominance,absolute,0.33168581167209776
20260922,3,0,0.5,valence,oracle_relative,0.033169799805814075
20260922,3,0,0.5,arousal,oracle_relative,0.4920108330309801
20260922,3,0,0.5,dominance,oracle_relative,0.34507395227891885
20260922,3,0,0.5,valence,oracle_hybrid,0.03409076642905796
20260922,3,0,0.5,arousal,oracle_hybrid,0.47980385040523277
20260922,3,0,0.5,dominance,oracle_hybrid,0.3445329168638913
20260922,3,0,0.75,valence,absolute,0.034239672961458315
20260922,3,0,0.75,arousal,absolute,0.46005484165911636
20260922,3,0,0.75,dominance,absolute,0.33644546710836404
20260922,3,0,0.75,valence,oracle_relative,0.032857949581778165
20260922,3,0,0.75,arousal,oracle_relative,0.4878494497037875
20260922,3,0,0.75,dominance,oracle_relative,0.3448646087057947
20260922,3,0,0.75,valence,oracle_hybrid,0.03485093486143161
20260922,3,0,0.75,arousal,oracle_hybrid,0.4574103746175288
20260922,3,0,0.75,dominance,oracle_hybrid,0.3432558470431341
20260922,3,0,1.0,valence,absolute,0.03445443203670369
20260922,3,0,1.0,arousal,absolute,0.46920278799103315
20260922,3,0,1.0,dominance,absolute,0.34081114951621816
20260922,3,0,1.0,valence,oracle_relative,0.03246084678110301
20260922,3,0,1.0,arousal,oracle_relative,0.48270398461112335
20260922,3,0,1.0,dominance,oracle_relative,0.3443403626078076
20260922,3,0,1.0,valence,oracle_hybrid,0.035901782752668095
20260922,3,0,1.0,arousal,oracle_hybrid,0.4273639495860112
20260922,3,0,1.0,dominance,oracle_hybrid,0.3414554082137877
20260922,4,0,0.0,valence,absolute,0.026124951280345875
20260922,4,0,0.0,arousal,absolute,0.44409719735549535
20260922,4,0,0.0,dominance,absolute,0.33158415728973367
20260922,4,0,0.0,valence,oracle_relative,0.02814418104872473
20260922,4,0,0.0,arousal,oracle_relative,0.5772068369385728
20260922,4,0,0.0,dominance,oracle_relative,0.37810260877060786
20260922,4,0,0.0,valence,oracle_hybrid,0.028170419021567413
20260922,4,0,0.0,arousal,oracle_hybrid,0.5783783732944994
20260922,4,0,0.0,dominance,oracle_hybrid,0.3788921932787987
20260922,4,0,0.25,valence,absolute,0.025781377536459284
20260922,4,0,0.25,arousal,absolute,0.45206336908058625
20260922,4,0,0.25,dominance,absolute,0.33756018560489615
20260922,4,0,0.25,valence,oracle_relative,0.028124191664918825
20260922,4,0,0.25,arousal,oracle_relative,0.5770835015080863
20260922,4,0,0.25,dominance,oracle_relative,0.3789113571463447
20260922,4,0,0.25,valence,oracle_hybrid,0.02819714650218838
20260922,4,0,0.25,arousal,oracle_hybrid,0.5804887534025946
20260922,4,0,0.25,dominance,oracle_hybrid,0.3808480305724105
20260922,4,0,0.5,valence,absolute,0.02542933613459908
20260922,4,0,0.5,arousal,absolute,0.45920214594107217
20260922,4,0,0.5,dominance,absolute,0.33758002387343494
20260922,4,0,0.5,valence,oracle_relative,0.028100919149674934
20260922,4,0,0.5,arousal,oracle_relative,0.5759993178125498
20260922,4,0,0.5,dominance,oracle_relative,0.373355102100225
20260922,4,0,0.5,valence,oracle_hybrid,0.02820228593886021
20260922,4,0,0.5,arousal,oracle_hybrid,0.5816094635557606
20260922,4,0,0.5,dominance,oracle_hybrid,0.3794770880303519
20260922,4,0,0.75,valence,absolute,0.025069073762338395
20260922,4,0,0.75,arousal,absolute,0.46541896698044255
20260922,4,0,0.75,dominance,absolute,0.33186507359156947
20260922,4,0,0.75,valence,oracle_relative,0.028074275966775447
20260922,4,0,0.75,arousal,oracle_relative,0.573993522354675
20260922,4,0,0.75,dominance,oracle_relative,0.36222936010990664
20260922,4,0,0.75,valence,oracle_hybrid,0.028185897773947394
20260922,4,0,0.75,arousal,oracle_hybrid,0.5817391415447977
20260922,4,0,0.75,dominance,oracle_hybrid,0.37500749186680254
20260922,4,0,1.0,valence,absolute,0.024700649810218068
20260922,4,0,1.0,arousal,absolute,0.47067702315833443
20260922,4,0,1.0,dominance,absolute,0.3212271011951067
20260922,4,0,1.0,valence,oracle_relative,0.028044234381209454
20260922,4,0,1.0,arousal,oracle_relative,0.5710987768761052
20260922,4,0,1.0,dominance,oracle_relative,0.34666453070299874
20260922,4,0,1.0,valence,oracle_hybrid,0.028147926873743973
20260922,4,0,1.0,arousal,oracle_hybrid,0.5808788529606567
20260922,4,0,1.0,dominance,oracle_hybrid,0.367827805274036
20260922,0,5,0.0,valence,absolute,0.042441039767738296
20260922,0,5,0.0,arousal,absolute,0.3808403239615344
20260922,0,5,0.0,dominance,absolute,0.31857313157923434
20260922,0,5,0.0,valence,kshot_relative,0.04095152233951326
20260922,0,5,0.0,arousal,kshot_relative,0.41292874147411
20260922,0,5,0.0,dominance,kshot_relative,0.3196877294537155
20260922,0,5,0.0,valence,kshot_hybrid,0.044080434277819006
20260922,0,5,0.0,arousal,kshot_hybrid,0.4538572512505577
20260922,0,5,0.0,dominance,kshot_hybrid,0.34249068679244754
20260922,0,5,0.25,valence,absolute,0.041857577728659855
20260922,0,5,0.25,arousal,absolute,0.38263852977626794
20260922,0,5,0.25,dominance,absolute,0.3243360821883357
20260922,0,5,0.25,valence,kshot_relative,0.04049326291577484
20260922,0,5,0.25,arousal,kshot_relative,0.4189924268212137
20260922,0,5,0.25,dominance,kshot_relative,0.3235598392523305
20260922,0,5,0.25,valence,kshot_hybrid,0.043024724420544135
20260922,0,5,0.25,arousal,kshot_hybrid,0.4555953918658496
20260922,0,5,0.25,dominance,kshot_hybrid,0.34779215348213005
20260922,0,5,0.5,valence,absolute,0.04127503483057866
20260922,0,5,0.5,arousal,absolute,0.38043041270984396
20260922,0,5,0.5,dominance,absolute,0.3284378033793541
20260922,0,5,0.5,valence,kshot_relative,0.039919902165608194
20260922,0,5,0.5,arousal,kshot_relative,0.4216157372183123
20260922,0,5,0.5,dominance,kshot_relative,0.3262059883109793
20260922,0,5,0.5,valence,kshot_hybrid,0.04120384658046071
20260922,0,5,0.5,arousal,kshot_hybrid,0.45429190027379546
20260922,0,5,0.5,dominance,kshot_hybrid,0.35291524359691756
20260922,0,5,0.75,valence,absolute,0.04069424239877287
20260922,0,5,0.75,arousal,absolute,0.3745408685725733
20260922,0,5,0.75,dominance,absolute,0.33087455754014294
20260922,0,5,0.75,valence,kshot_relative,0.039232466485743196
20260922,0,5,0.75,arousal,kshot_relative,0.4207811312312674
20260922,0,5,0.75,dominance,kshot_relative,0.3276027778476693
20260922,0,5,0.75,valence,kshot_hybrid,0.038630452401049495
20260922,0,5,0.75,arousal,kshot_hybrid,0.4501215829244199
20260922,0,5,0.75,dominance,kshot_hybrid,0.3578461769006057
20260922,0,5,1.0,valence,absolute,0.04011535116812629
20260922,0,5,1.0,arousal,absolute,0.3655202293258979
20260922,0,5,1.0,dominance,absolute,0.33168656324998547
20260922,0,5,1.0,valence,kshot_relative,0.03843084123865602
20260922,0,5,1.0,arousal,kshot_relative,0.41662455667809584
20260922,0,5,1.0,dominance,kshot_relative,0.32775963599446256
20260922,0,5,1.0,valence,kshot_hybrid,0.035323769561749235
20260922,0,5,1.0,arousal,kshot_hybrid,0.443416816923676
20260922,0,5,1.0,dominance,kshot_hybrid,0.3625690945413549
20260922,1,5,0.0,valence,absolute,0.026824228849872494
20260922,1,5,0.0,arousal,absolute,0.302573527008614
20260922,1,5,0.0,dominance,absolute,0.23974642973614643
20260922,1,5,0.0,valence,kshot_relative,0.022526082814906936
20260922,1,5,0.0,arousal,kshot_relative,0.3498386224455625
20260922,1,5,0.0,dominance,kshot_relative,0.24858017634372537
20260922,1,5,0.0,valence,kshot_hybrid,0.027267645397251922
20260922,1,5,0.0,arousal,kshot_hybrid,0.3716606492944706
20260922,1,5,0.0,dominance,kshot_hybrid,0.2621695722279359
20260922,1,5,0.25,valence,absolute,0.027563247350689563
20260922,1,5,0.25,arousal,absolute,0.3167048970862018
20260922,1,5,0.25,dominance,absolute,0.25115659628227865
20260922,1,5,0.25,valence,kshot_relative,0.02150997004386185
20260922,1,5,0.25,arousal,kshot_relative,0.35875013177089254
20260922,1,5,0.25,dominance,kshot_relative,0.2563083241386092
20260922,1,5,0.25,valence,kshot_hybrid,0.027485126729476644
20260922,1,5,0.25,arousal,kshot_hybrid,0.38679257454149063
20260922,1,5,0.25,dominance,kshot_hybrid,0.2756597443784051
20260922,1,5,0.5,valence,absolute,0.028294432908047958
20260922,1,5,0.5,arousal,absolute,0.3290625580106784
20260922,1,5,0.5,dominance,absolute,0.26059903102824167
20260922,1,5,0.5,valence,kshot_relative,0.02047775828728799
20260922,1,5,0.5,arousal,kshot_relative,0.36533715562095487
20260922,1,5,0.5,dominance,kshot_relative,0.2627368796269141
20260922,1,5,0.5,valence,kshot_hybrid,0.02766196293508108
20260922,1,5,0.5,arousal,kshot_hybrid,0.40024900109064054
20260922,1,5,0.5,dominance,kshot_hybrid,0.28898309306764497
20260922,1,5,0.75,valence,absolute,0.029016864228727058
20260922,1,5,0.75,arousal,absolute,0.3392519750672368
20260922,1,5,0.75,dominance,absolute,0.2677743945001943
20260922,1,5,0.75,valence,kshot_relative,0.019429789115361668
20260922,1,5,0.75,arousal,kshot_relative,0.3695806146418834
20260922,1,5,0.75,dominance,kshot_relative,0.26777856607412687
20260922,1,5,0.75,valence,kshot_hybrid,0.02779786967870453
20260922,1,5,0.75,arousal,kshot_hybrid,0.41178194341064367
20260922,1,5,0.75,dominance,kshot_hybrid,0.3018033260574489
20260922,1,5,1.0,valence,absolute,0.029729425256353262
20260922,1,5,1.0,arousal,absolute,0.3469569695929898
20260922,1,5,1.0,dominance,absolute,0.27249960969276094
20260922,1,5,1.0,valence,kshot_relative,0.01836636985643087
20260922,1,5,1.0,arousal,kshot_relative,0.37155217074499064
20260922,1,5,1.0,dominance,kshot_relative,0.27142423611395194
20260922,1,5,1.0,valence,kshot_hybrid,0.027892581821141703
20260922,1,5,1.0,arousal,kshot_hybrid,0.42121355567451774
20260922,1,5,1.0,dominance,kshot_hybrid,0.31382231529102694
20260922,2,5,0.0,valence,absolute,0.03126516702505635
20260922,2,5,0.0,arousal,absolute,0.31798468476469466
20260922,2,5,0.0,dominance,absolute,0.18782910416620235
20260922,2,5,0.0,valence,kshot_relative,0.028722537180674725
20260922,2,5,0.0,arousal,kshot_relative,0.3593850170025693
20260922,2,5,0.0,dominance,kshot_relative,0.18617314878132504
20260922,2,5,0.0,valence,kshot_hybrid,0.03318888810702232
20260922,2,5,0.0,arousal,kshot_hybrid,0.42264740558022296
20260922,2,5,0.0,dominance,kshot_hybrid,0.20259872938896897
20260922,2,5,0.25,valence,absolute,0.031896604603893514
20260922,2,5,0.25,arousal,absolute,0.31815472857772825
20260922,2,5,0.25,dominance,absolute,0.19098771602101708
20260922,2,5,0.25,valence,kshot_relative,0.02729349029836734
20260922,2,5,0.25,arousal,kshot_relative,0.357897243797891
20260922,2,5,0.25,dominance,kshot_relative,0.18470628269524494
20260922,2,5,0.25,valence,kshot_hybrid,0.03355332792458518
20260922,2,5,0.25,arousal,kshot_hybrid,0.42323085349334166
20260922,2,5,0.25,dominance,kshot_hybrid,0.20463495758222297
20260922,2,5,0.5,valence,absolute,0.03249928964031028
20260922,2,5,0.5,arousal,absolute,0.314800982880526
20260922,2,5,0.5,dominance,absolute,0.1931965511450133
20260922,2,5,0.5,valence,kshot_relative,0.025834948806243284
20260922,2,5,0.5,arousal,kshot_relative,0.3524246008497522
20260922,2,5,0.5,dominance,kshot_relative,0.18229304501871796
20260922,2,5,0.5,valence,kshot_hybrid,0.03413954289471989
20260922,2,5,0.5,arousal,kshot_hybrid,0.41987666047729744
20260922,2,5,0.5,dominance,kshot_hybrid,0.2057118222571449
20260922,2,5,0.75,valence,absolute,0.0330713448229397
20260922,2,5,0.75,arousal,absolute,0.30860557188836657
20260922,2,5,0.75,dominance,absolute,0.19448386299310658
20260922,2,5,0.75,valence,kshot_relative,0.024355816160698332
20260922,2,5,0.75,arousal,kshot_relative,0.3429838724849219
20260922,2,5,0.75,dominance,kshot_relative,0.1789599737934781
20260922,2,5,0.75,valence,kshot_hybrid,0.034944366468894775
20260922,2,5,0.75,arousal,kshot_hybrid,0.41285551802796105
20260922,2,5,0.75,dominance,kshot_hybrid,0.205845190196913
20260922,2,5,1.0,valence,absolute,0.033609571226425404
20260922,2,5,1.0,arousal,absolute,0.3003750516044014
20260922,2,5,1.0,dominance,absolute,0.19489800942018323
20260922,2,5,1.0,valence,kshot_relative,0.022863213503141265
20260922,2,5,1.0,arousal,kshot_relative,0.3297130207362886
20260922,2,5,1.0,dominance,kshot_relative,0.17474402268125988
20260922,2,5,1.0,valence,kshot_hybrid,0.03596178976139543
20260922,2,5,1.0,arousal,kshot_hybrid,0.40263433579593566
20260922,2,5,1.0,dominance,kshot_hybrid,0.20506099121875512
20260922,3,5,0.0,valence,absolute,0.03397346209492257
20260922,3,5,0.0,arousal,absolute,0.4197472099075024
20260922,3,5,0.0,dominance,absolute,0.3210105010050537
20260922,3,5,0.0,valence,kshot_relative,0.028848174677489794
20260922,3,5,0.0,arousal,kshot_relative,0.44548484834171753
20260922,3,5,0.0,dominance,kshot_relative,0.3193730425811572
20260922,3,5,0.0,valence,kshot_hybrid,0.033274618346930684
20260922,3,5,0.0,arousal,kshot_hybrid,0.45201665817165526
20260922,3,5,0.0,dominance,kshot_hybrid,0.3322614276575168
20260922,3,5,0.25,valence,absolute,0.03399744926397555
20260922,3,5,0.25,arousal,absolute,0.43529415320913456
20260922,3,5,0.25,dominance,absolute,0.3265399351940399
20260922,3,5,0.25,valence,kshot_relative,0.0286604533513304
20260922,3,5,0.25,arousal,kshot_relative,0.448538231990918
20260922,3,5,0.25,dominance,kshot_relative,0.3188155693111907
20260922,3,5,0.25,valence,kshot_hybrid,0.03371605194090295
20260922,3,5,0.25,arousal,kshot_hybrid,0.4818000559975247
20260922,3,5,0.25,dominance,kshot_hybrid,0.3402146543538345
20260922,3,5,0.5,valence,absolute,0.03408642055372561
20260922,3,5,0.5,arousal,absolute,0.44874141820228236
20260922,3,5,0.5,dominance,absolute,0.33168581167209776
20260922,3,5,0.5,valence,kshot_relative,0.02839933880728951
20260922,3,5,0.5,arousal,kshot_relative,0.45012563101182873
20260922,3,5,0.5,dominance,kshot_relative,0.3176215015873776
20260922,3,5,0.5,valence,kshot_hybrid,0.03439355305888405
20260922,3,5,0.5,arousal,kshot_hybrid,0.49641423669310253
20260922,3,5,0.5,dominance,kshot_hybrid,0.3450837826958352
20260922,3,5,0.75,valence,absolute,0.034239672961458315
20260922,3,5,0.75,arousal,absolute,0.46005484165911636
20260922,3,5,0.75,dominance,absolute,0.33644546710836404
20260922,3,5,0.75,valence,kshot_relative,0.028068824438684394
20260922,3,5,0.75,arousal,kshot_relative,0.4502460900201424
20260922,3,5,0.75,dominance,kshot_relative,0.31580892730583765
20260922,3,5,0.75,valence,kshot_hybrid,0.0352976258019993
20260922,3,5,0.75,arousal,kshot_hybrid,0.4939927647258759
20260922,3,5,0.75,dominance,kshot_hybrid,0.3466508011138815
20260922,3,5,1.0,valence,absolute,0.03445443203670369
20260922,3,5,1.0,arousal,absolute,0.46920278799103315
20260922,3,5,1.0,dominance,absolute,0.34081114951621816
20260922,3,5,1.0,valence,kshot_relative,0.027672393186837924
20260922,3,5,1.0,arousal,kshot_relative,0.4489760585548794
20260922,3,5,1.0,dominance,kshot_relative,0.31341578337684006
20260922,3,5,1.0,valence,kshot_hybrid,0.03641365217035124
20260922,3,5,1.0,arousal,kshot_hybrid,0.47441708322272624
20260922,3,5,1.0,dominance,kshot_hybrid,0.344923841150785
20260922,4,5,0.0,valence,absolute,0.026124951280345875
20260922,4,5,0.0,arousal,absolute,0.44409719735549535
20260922,4,5,0.0,dominance,absolute,0.33158415728973367
20260922,4,5,0.0,valence,kshot_relative,0.026358016871488858
20260922,4,5,0.0,arousal,kshot_relative,0.48207374467579694
20260922,4,5,0.0,dominance,kshot_relative,0.336895765821582
20260922,4,5,0.0,valence,kshot_hybrid,0.02819042098470093
20260922,4,5,0.0,arousal,kshot_hybrid,0.5300087578644029
20260922,4,5,0.0,dominance,kshot_hybrid,0.36507659253832464
20260922,4,5,0.25,valence,absolute,0.025781377536459284
20260922,4,5,0.25,arousal,absolute,0.45206336908058625
20260922,4,5,0.25,dominance,absolute,0.33756018560489615
20260922,4,5,0.25,valence,kshot_relative,0.02633881194340989
20260922,4,5,0.25,arousal,kshot_relative,0.4949939249141774
20260922,4,5,0.25,dominance,kshot_relative,0.3564289839025154
20260922,4,5,0.25,valence,kshot_hybrid,0.028241196023064137
20260922,4,5,0.25,arousal,kshot_hybrid,0.5386776279661831
20260922,4,5,0.25,dominance,kshot_hybrid,0.3839588394239954
20260922,4,5,0.5,valence,absolute,0.02542933613459908
20260922,4,5,0.5,arousal,absolute,0.45920214594107217
20260922,4,5,0.5,dominance,absolute,0.33758002387343494
20260922,4,5,0.5,valence,kshot_relative,0.02626734888581537
20260922,4,5,0.5,arousal,kshot_relative,0.507112769278267
20260922,4,5,0.5,dominance,kshot_relative,0.37104539993947144
20260922,4,5,0.5,valence,kshot_hybrid,0.0281947517901411
20260922,4,5,0.5,arousal,kshot_hybrid,0.5466740054756118
20260922,4,5,0.5,dominance,kshot_hybrid,0.3993059744717585
20260922,4,5,0.75,valence,absolute,0.025069073762338395
20260922,4,5,0.75,arousal,absolute,0.46541896698044255
20260922,4,5,0.75,dominance,absolute,0.33186507359156947
20260922,4,5,0.75,valence,kshot_relative,0.02614319421272094
20260922,4,5,0.75,arousal,kshot_relative,0.5184157267877143
20260922,4,5,0.75,dominance,kshot_relative,0.38062820679399784
20260922,4,5,0.75,valence,kshot_hybrid,0.028050895417640855
20260922,4,5,0.75,arousal,kshot_hybrid,0.55396953329867
20260922,4,5,0.75,dominance,kshot_hybrid,0.4108091172557891
20260922,4,5,1.0,valence,absolute,0.024700649810218068
20260922,4,5,1.0,arousal,absolute,0.47067702315833443
20260922,4,5,1.0,dominance,absolute,0.3212271011951067
20260922,4,5,1.0,valence,kshot_relative,0.02596663067383105
20260922,4,5,1.0,arousal,kshot_relative,0.5288882703579942
20260922,4,5,1.0,dominance,kshot_relative,0.3854078735661017
20260922,4,5,1.0,valence,kshot_hybrid,0.02780987657270605
20260922,4,5,1.0,arousal,kshot_hybrid,0.5605683058211877
20260922,4,5,1.0,dominance,kshot_hybrid,0.4184506505632753
20260922,0,10,0.0,valence,absolute,0.042441039767738296
20260922,0,10,0.0,arousal,absolute,0.3808403239615344
20260922,0,10,0.0,dominance,absolute,0.31857313157923434
20260922,0,10,0.0,valence,kshot_relative,0.0400526430014361
20260922,0,10,0.0,arousal,kshot_relative,0.4495822713201336
20260922,0,10,0.0,dominance,kshot_relative,0.32969616951404723
20260922,0,10,0.0,valence,kshot_hybrid,0.04328495458797581
20260922,0,10,0.0,arousal,kshot_hybrid,0.47567872478170564
20260922,0,10,0.0,dominance,kshot_hybrid,0.3504106044606416
20260922,0,10,0.25,valence,absolute,0.041857577728659855
20260922,0,10,0.25,arousal,absolute,0.38263852977626794
20260922,0,10,0.25,dominance,absolute,0.3243360821883357
20260922,0,10,0.25,valence,kshot_relative,0.03855589731364969
20260922,0,10,0.25,arousal,kshot_relative,0.4566481781903107
20260922,0,10,0.25,dominance,kshot_relative,0.32927170536280376
20260922,0,10,0.25,valence,kshot_hybrid,0.042291766857921895
20260922,0,10,0.25,arousal,kshot_hybrid,0.47908303347946396
20260922,0,10,0.25,dominance,kshot_hybrid,0.3524065077213626
20260922,0,10,0.5,valence,absolute,0.04127503483057866
20260922,0,10,0.5,arousal,absolute,0.38043041270984396
20260922,0,10,0.5,dominance,absolute,0.3284378033793541
20260922,0,10,0.5,valence,kshot_relative,0.037062986149036796
20260922,0,10,0.5,arousal,kshot_relative,0.4599479390001047
20260922,0,10,0.5,dominance,kshot_relative,0.3273177996546731
20260922,0,10,0.5,valence,kshot_hybrid,0.0409507301408834
20260922,0,10,0.5,arousal,kshot_hybrid,0.478682443551797
20260922,0,10,0.5,dominance,kshot_hybrid,0.35352737577949783
20260922,0,10,0.75,valence,absolute,0.04069424239877287
20260922,0,10,0.75,arousal,absolute,0.3745408685725733
20260922,0,10,0.75,dominance,absolute,0.33087455754014294
20260922,0,10,0.75,valence,kshot_relative,0.03557574083730887
20260922,0,10,0.75,arousal,kshot_relative,0.45935803531737274
20260922,0,10,0.75,dominance,kshot_relative,0.3238052775232116
20260922,0,10,0.75,valence,kshot_hybrid,0.03926559279874725
20260922,0,10,0.75,arousal,kshot_hybrid,0.4745621918378588
20260922,0,10,0.75,dominance,kshot_hybrid,0.35376523976641755
20260922,0,10,1.0,valence,absolute,0.04011535116812629
20260922,0,10,1.0,arousal,absolute,0.3655202293258979
20260922,0,10,1.0,dominance,absolute,0.33168656324998547
20260922,0,10,1.0,valence,kshot_relative,0.0340946758565511
20260922,0,10,1.0,arousal,kshot_relative,0.45491209147672823
20260922,0,10,1.0,dominance,kshot_relative,0.31876800275829087
20260922,0,10,1.0,valence,kshot_hybrid,0.03724096410480798
20260922,0,10,1.0,arousal,kshot_hybrid,0.46697515283043994
20260922,0,10,1.0,dominance,kshot_hybrid,0.3531323429383304
20260922,1,10,0.0,valence,absolute,0.026824228849872494
20260922,1,10,0.0,arousal,absolute,0.302573527008614
20260922,1,10,0.0,dominance,absolute,0.23974642973614643
20260922,1,10,0.0,valence,kshot_relative,0.023940270568083625
20260922,1,10,0.0,arousal,kshot_relative,0.37830964005424483
20260922,1,10,0.0,dominance,kshot_relative,0.2573874033572125
20260922,1,10,0.0,valence,kshot_hybrid,0.027372786338270477
20260922,1,10,0.0,arousal,kshot_hybrid,0.3999256871900018
20260922,1,10,0.0,dominance,kshot_hybrid,0.27060754330658143
20260922,1,10,0.25,valence,absolute,0.027563247350689563
20260922,1,10,0.25,arousal,absolute,0.3167048970862018
20260922,1,10,0.25,dominance,absolute,0.25115659628227865
20260922,1,10,0.25,valence,kshot_relative,0.02283536929966694
20260922,1,10,0.25,arousal,kshot_relative,0.3678521953144344
20260922,1,10,0.25,dominance,kshot_relative,0.2480637691183444
20260922,1,10,0.25,valence,kshot_hybrid,0.02782341636436185
20260922,1,10,0.25,arousal,kshot_hybrid,0.3950707683596184
20260922,1,10,0.25,dominance,kshot_hybrid,0.2723686683540705
20260922,1,10,0.5,valence,absolute,0.028294432908047958
20260922,1,10,0.5,arousal,absolute,0.3290625580106784
20260922,1,10,0.5,dominance,absolute,0.26059903102824167
20260922,1,10,0.5,valence,kshot_relative,0.02171808451480005
20260922,1,10,0.5,arousal,kshot_relative,0.35516489849824434
20260922,1,10,0.5,dominance,kshot_relative,0.236784288299197
20260922,1,10,0.5,valence,kshot_hybrid,0.028355719648375355
20260922,1,10,0.5,arousal,kshot_hybrid,0.38711556657005075
20260922,1,10,0.5,dominance,kshot_hybrid,0.2741049707490671
20260922,1,10,0.75,valence,absolute,0.029016864228727058
20260922,1,10,0.75,arousal,absolute,0.3392519750672368
20260922,1,10,0.75,dominance,absolute,0.2677743945001943
20260922,1,10,0.75,valence,kshot_relative,0.020588888706303772
20260922,1,10,0.75,arousal,kshot_relative,0.3406724429421526
20260922,1,10,0.75,dominance,kshot_relative,0.2239354830916405
20260922,1,10,0.75,valence,kshot_hybrid,0.02896655399297152
20260922,1,10,0.75,arousal,kshot_hybrid,0.3764298209479012
20260922,1,10,0.75,dominance,kshot_hybrid,0.27576290285149047
20260922,1,10,1.0,valence,absolute,0.029729425256353262
20260922,1,10,1.0,arousal,absolute,0.3469569695929898
20260922,1,10,1.0,dominance,absolute,0.27249960969276094
20260922,1,10,1.0,valence,kshot_relative,0.01944824502795173
20260922,1,10,1.0,arousal,kshot_relative,0.3248244066459161
20260922,1,10,1.0,dominance,kshot_relative,0.2099453311710351
20260922,1,10,1.0,valence,kshot_hybrid,0.029651918114234885
20260922,1,10,1.0,arousal,kshot_hybrid,0.36349138590575314
20260922,1,10,1.0,dominance,kshot_hybrid,0.2772959372584106
20260922,2,10,0.0,valence,absolute,0.03126516702505635
20260922,2,10,0.0,arousal,absolute,0.31798468476469466
20260922,2,10,0.0,dominance,absolute,0.18782910416620235
20260922,2,10,0.0,valence,kshot_relative,0.030298018012021168
20260922,2,10,0.0,arousal,kshot_relative,0.39768104465023507
20260922,2,10,0.0,dominance,kshot_relative,0.1912827632190296
20260922,2,10,0.0,valence,kshot_hybrid,0.03257282405976584
20260922,2,10,0.0,arousal,kshot_hybrid,0.43182148674941867
20260922,2,10,0.0,dominance,kshot_hybrid,0.2069077536419982
20260922,2,10,0.25,valence,absolute,0.031896604603893514
20260922,2,10,0.25,arousal,absolute,0.31815472857772825
20260922,2,10,0.25,dominance,absolute,0.19098771602101708
20260922,2,10,0.25,valence,kshot_relative,0.028984377346047724
20260922,2,10,0.25,arousal,kshot_relative,0.4043153569320382
20260922,2,10,0.25,dominance,kshot_relative,0.19047242749277793
20260922,2,10,0.25,valence,kshot_hybrid,0.03314231765647114
20260922,2,10,0.25,arousal,kshot_hybrid,0.43458378758089616
20260922,2,10,0.25,dominance,kshot_hybrid,0.20903432863024313
20260922,2,10,0.5,valence,absolute,0.03249928964031028
20260922,2,10,0.5,arousal,absolute,0.314800982880526
20260922,2,10,0.5,dominance,absolute,0.1931965511450133
20260922,2,10,0.5,valence,kshot_relative,0.027645397861152613
20260922,2,10,0.5,arousal,kshot_relative,0.4069686561793632
20260922,2,10,0.5,dominance,kshot_relative,0.18885929406563412
20260922,2,10,0.5,valence,kshot_hybrid,0.0340679558684359
20260922,2,10,0.5,arousal,kshot_hybrid,0.43098162565322834
20260922,2,10,0.5,dominance,kshot_hybrid,0.21066043704038165
20260922,2,10,0.75,valence,absolute,0.0330713448229397
20260922,2,10,0.75,arousal,absolute,0.30860557188836657
20260922,2,10,0.75,dominance,absolute,0.19448386299310658
20260922,2,10,0.75,valence,kshot_relative,0.02628947986339797
20260922,2,10,0.75,arousal,kshot_relative,0.4052984515373403
20260922,2,10,0.75,dominance,kshot_relative,0.1864372039939244
20260922,2,10,0.75,valence,kshot_hybrid,0.035344995757877654
20260922,2,10,0.75,arousal,kshot_hybrid,0.42104070189808024
20260922,2,10,0.75,dominance,kshot_hybrid,0.21177663233016097
20260922,2,10,1.0,valence,absolute,0.033609571226425404
20260922,2,10,1.0,arousal,absolute,0.3003750516044014
20260922,2,10,1.0,dominance,absolute,0.19489800942018323
20260922,2,10,1.0,valence,kshot_relative,0.02492300636843267
20260922,2,10,1.0,arousal,kshot_relative,0.39912640209578637
20260922,2,10,1.0,dominance,kshot_relative,0.18321384375446573
20260922,2,10,1.0,valence,kshot_hybrid,0.03696549994196775
20260922,2,10,1.0,arousal,kshot_hybrid,0.4050174705330464
20260922,2,10,1.0,dominance,kshot_hybrid,0.21237936967197915
20260922,3,10,0.0,valence,absolute,0.03397346209492257
20260922,3,10,0.0,arousal,absolute,0.4197472099075024
20260922,3,10,0.0,dominance,absolute,0.3210105010050537
20260922,3,10,0.0,valence,kshot_relative,0.02975957478161807
20260922,3,10,0.0,arousal,kshot_relative,0.4755121433930177
20260922,3,10,0.0,dominance,kshot_relative,0.325412972533878
20260922,3,10,0.0,valence,kshot_hybrid,0.032504473653366985
20260922,3,10,0.0,arousal,kshot_hybrid,0.48634658017874
20260922,3,10,0.0,dominance,kshot_hybrid,0.3423117103253645
20260922,3,10,0.25,valence,absolute,0.03399744926397555
20260922,3,10,0.25,arousal,absolute,0.43529415320913456
20260922,3,10,0.25,dominance,absolute,0.3265399351940399
20260922,3,10,0.25,valence,kshot_relative,0.028871785191885716
20260922,3,10,0.25,arousal,kshot_relative,0.47754066764306446
20260922,3,10,0.25,dominance,kshot_relative,0.32254748124368726
20260922,3,10,0.25,valence,kshot_hybrid,0.03257187648663615
20260922,3,10,0.25,arousal,kshot_hybrid,0.4997914431799954
20260922,3,10,0.25,dominance,kshot_hybrid,0.34485404517904594
20260922,3,10,0.5,valence,absolute,0.03408642055372561
20260922,3,10,0.5,arousal,absolute,0.44874141820228236
20260922,3,10,0.5,dominance,absolute,0.33168581167209776
20260922,3,10,0.5,valence,kshot_relative,0.02790742410375173
20260922,3,10,0.5,arousal,kshot_relative,0.47849189916388174
20260922,3,10,0.5,dominance,kshot_relative,0.31938833246721626
20260922,3,10,0.5,valence,kshot_hybrid,0.03271177430265019
20260922,3,10,0.5,arousal,kshot_hybrid,0.5015253198542317
20260922,3,10,0.5,dominance,kshot_hybrid,0.34500647037944177
20260922,3,10,0.75,valence,absolute,0.034239672961458315
20260922,3,10,0.75,arousal,absolute,0.46005484165911636
20260922,3,10,0.75,dominance,absolute,0.33644546710836404
20260922,3,10,0.75,valence,kshot_relative,0.026876352231525402
20260922,3,10,0.75,arousal,kshot_relative,0.47837039985131086
20260922,3,10,0.75,dominance,kshot_relative,0.31593712837854215
20260922,3,10,0.75,valence,kshot_hybrid,0.03292250633556999
20260922,3,10,0.75,arousal,kshot_hybrid,0.49156041673873774
20260922,3,10,0.75,dominance,kshot_hybrid,0.34278402563150717
20260922,3,10,1.0,valence,absolute,0.03445443203670369
20260922,3,10,1.0,arousal,absolute,0.46920278799103315
20260922,3,10,1.0,dominance,absolute,0.34081114951621816
20260922,3,10,1.0,valence,kshot_relative,0.025787698863099496
20260922,3,10,1.0,arousal,kshot_relative,0.47721504947175253
20260922,3,10,1.0,dominance,kshot_relative,0.3122055273976648
20260922,3,10,1.0,valence,kshot_hybrid,0.03320031994056138
20260922,3,10,1.0,arousal,kshot_hybrid,0.4707133702594102
20260922,3,10,1.0,dominance,kshot_hybrid,0.338315577148289
20260922,4,10,0.0,valence,absolute,0.026124951280345875
20260922,4,10,0.0,arousal,absolute,0.44409719735549535
20260922,4,10,0.0,dominance,absolute,0.33158415728973367
20260922,4,10,0.0,valence,kshot_relative,0.026995788933128314
20260922,4,10,0.0,arousal,kshot_relative,0.5459321610913013
20260922,4,10,0.0,dominance,kshot_relative,0.3496389581518155
20260922,4,10,0.0,valence,kshot_hybrid,0.027761673560423767
20260922,4,10,0.0,arousal,kshot_hybrid,0.5653457520041127
20260922,4,10,0.0,dominance,kshot_hybrid,0.37566206121337314
20260922,4,10,0.25,valence,absolute,0.025781377536459284
20260922,4,10,0.25,arousal,absolute,0.45206336908058625
20260922,4,10,0.25,dominance,absolute,0.33756018560489615
20260922,4,10,0.25,valence,kshot_relative,0.026457387539188634
20260922,4,10,0.25,arousal,kshot_relative,0.5475874745932423
20260922,4,10,0.25,dominance,kshot_relative,0.34326069835623396
20260922,4,10,0.25,valence,kshot_hybrid,0.027585943872174282
20260922,4,10,0.25,arousal,kshot_hybrid,0.5576575378097657
20260922,4,10,0.25,dominance,kshot_hybrid,0.3745279084216341
20260922,4,10,0.5,valence,absolute,0.02542933613459908
20260922,4,10,0.5,arousal,absolute,0.45920214594107217
20260922,4,10,0.5,dominance,absolute,0.33758002387343494
20260922,4,10,0.5,valence,kshot_relative,0.02591907832648789
20260922,4,10,0.5,arousal,kshot_relative,0.5479022779656424
20260922,4,10,0.5,dominance,kshot_relative,0.3312219111407668
20260922,4,10,0.5,valence,kshot_hybrid,0.027428623153220213
20260922,4,10,0.5,arousal,kshot_hybrid,0.5464564246589716
20260922,4,10,0.5,dominance,kshot_hybrid,0.36708515360485916
20260922,4,10,0.75,valence,absolute,0.025069073762338395
20260922,4,10,0.75,arousal,absolute,0.46541896698044255
20260922,4,10,0.75,dominance,absolute,0.33186507359156947
20260922,4,10,0.75,valence,kshot_relative,0.025380289811684605
20260922,4,10,0.75,arousal,kshot_relative,0.5469412244035937
20260922,4,10,0.75,dominance,kshot_relative,0.31478693545338987
20260922,4,10,0.75,valence,kshot_hybrid,0.02728938693779949
20260922,4,10,0.75,arousal,kshot_hybrid,0.5322140635498491
20260922,4,10,0.75,dominance,kshot_hybrid,0.354064628424379
20260922,4,10,1.0,valence,absolute,0.024700649810218068
20260922,4,10,1.0,arousal,absolute,0.47067702315833443
20260922,4,10,1.0,dominance,absolute,0.3212271011951067
20260922,4,10,1.0,valence,kshot_relative,0.024841333805481546
20260922,4,10,1.0,arousal,kshot_relative,0.5447665751627706
20260922,4,10,1.0,dominance,kshot_relative,0.2952947505984327
20260922,4,10,1.0,valence,kshot_hybrid,0.027168603385874894
20260922,4,10,1.0,arousal,kshot_hybrid,0.5154895871792013
20260922,4,10,1.0,dominance,kshot_hybrid,0.33661901099527025
20260922,0,20,0.0,valence,absolute,0.042441039767738296
20260922,0,20,0.0,arousal,absolute,0.3808403239615344
20260922,0,20,0.0,dominance,absolute,0.31857313157923434
20260922,0,20,0.0,valence,kshot_relative,0.04209257909144563
20260922,0,20,0.0,arousal,kshot_relative,0.45002973021829046
20260922,0,20,0.0,dominance,kshot_relative,0.33342468055737706
20260922,0,20,0.0,valence,kshot_hybrid,0.04381804424073574
20260922,0,20,0.0,arousal,kshot_hybrid,0.4675998538990758
20260922,0,20,0.0,dominance,kshot_hybrid,0.3460894893818317
20260922,0,20,0.25,valence,absolute,0.041857577728659855
20260922,0,20,0.25,arousal,absolute,0.38263852977626794
20260922,0,20,0.25,dominance,absolute,0.3243360821883357
20260922,0,20,0.25,valence,kshot_relative,0.041449316166901104
20260922,0,20,0.25,arousal,kshot_relative,0.45660623756416713
20260922,0,20,0.25,dominance,kshot_relative,0.3373334056317135
20260922,0,20,0.25,valence,kshot_hybrid,0.04269916969351682
20260922,0,20,0.25,arousal,kshot_hybrid,0.4733775213663783
20260922,0,20,0.25,dominance,kshot_hybrid,0.3516415149899173
20260922,0,20,0.5,valence,absolute,0.04127503483057866
20260922,0,20,0.5,arousal,absolute,0.38043041270984396
20260922,0,20,0.5,dominance,absolute,0.3284378033793541
20260922,0,20,0.5,valence,kshot_relative,0.040784000017342184
20260922,0,20,0.5,arousal,kshot_relative,0.45935853311456665
20260922,0,20,0.5,dominance,kshot_relative,0.3398891989548332
20260922,0,20,0.5,valence,kshot_hybrid,0.04070313307990737
20260922,0,20,0.5,arousal,kshot_hybrid,0.47516612642109085
20260922,0,20,0.5,dominance,kshot_hybrid,0.3562819760838671
20260922,0,20,0.75,valence,absolute,0.04069424239877287
20260922,0,20,0.75,arousal,absolute,0.3745408685725733
20260922,0,20,0.75,dominance,absolute,0.33087455754014294
20260922,0,20,0.75,valence,kshot_relative,0.040097751363098795
20260922,0,20,0.75,arousal,kshot_relative,0.45819343439000115
20260922,0,20,0.75,dominance,kshot_relative,0.3410342979148966
20260922,0,20,0.75,valence,kshot_hybrid,0.03784634399694699
20260922,0,20,0.75,arousal,kshot_hybrid,0.472987982524144
20260922,0,20,0.75,dominance,kshot_hybrid,0.3599573292505795
20260922,0,20,1.0,valence,absolute,0.04011535116812629
20260922,0,20,1.0,arousal,absolute,0.3655202293258979
20260922,0,20,1.0,dominance,absolute,0.33168656324998547
20260922,0,20,1.0,valence,kshot_relative,0.03939074545207453
20260922,0,20,1.0,arousal,kshot_relative,0.45317213858471345
20260922,0,20,1.0,dominance,kshot_relative,0.34076556430124627
20260922,0,20,1.0,valence,kshot_hybrid,0.03415332954987197
20260922,0,20,1.0,arousal,kshot_hybrid,0.46705565667408094
20260922,0,20,1.0,dominance,kshot_hybrid,0.3626517013157631
20260922,1,20,0.0,valence,absolute,0.026824228849872494
20260922,1,20,0.0,arousal,absolute,0.302573527008614
20260922,1,20,0.0,dominance,absolute,0.23974642973614643
20260922,1,20,0.0,valence,kshot_relative,0.025457219555102186
20260922,1,20,0.0,arousal,kshot_relative,0.3769794423694703
20260922,1,20,0.0,dominance,kshot_relative,0.2568176510177591
20260922,1,20,0.0,valence,kshot_hybrid,0.02748179047474549
20260922,1,20,0.0,arousal,kshot_hybrid,0.38690053855841117
20260922,1,20,0.0,dominance,kshot_hybrid,0.26377294946865065
20260922,1,20,0.25,valence,absolute,0.027563247350689563
20260922,1,20,0.25,arousal,absolute,0.3167048970862018
20260922,1,20,0.25,dominance,absolute,0.25115659628227865
20260922,1,20,0.25,valence,kshot_relative,0.024755940720492094
20260922,1,20,0.25,arousal,kshot_relative,0.37556760426310193
20260922,1,20,0.25,dominance,kshot_relative,0.25802678761319375
20260922,1,20,0.25,valence,kshot_hybrid,0.027798785558038965
20260922,1,20,0.25,arousal,kshot_hybrid,0.39603245102978574
20260922,1,20,0.25,dominance,kshot_hybrid,0.27412912691735886
20260922,1,20,0.5,valence,absolute,0.028294432908047958
20260922,1,20,0.5,arousal,absolute,0.3290625580106784
20260922,1,20,0.5,dominance,absolute,0.26059903102824167
20260922,1,20,0.5,valence,kshot_relative,0.024044782205094654
20260922,1,20,0.5,arousal,kshot_relative,0.37132175722099864
20260922,1,20,0.5,dominance,kshot_relative,0.2565065061565196
20260922,1,20,0.5,valence,kshot_hybrid,0.028154936241662255
20260922,1,20,0.5,arousal,kshot_hybrid,0.4003225229295535
20260922,1,20,0.5,dominance,kshot_hybrid,0.28043146872511254
20260922,1,20,0.75,valence,absolute,0.029016864228727058
20260922,1,20,0.75,arousal,absolute,0.3392519750672368
20260922,1,20,0.75,dominance,absolute,0.2677743945001943
20260922,1,20,0.75,valence,kshot_relative,0.02332398788361466
20260922,1,20,0.75,arousal,kshot_relative,0.3645158099916862
20260922,1,20,0.75,dominance,kshot_relative,0.2524785980582482
20260922,1,20,0.75,valence,kshot_hybrid,0.028548478299631523
20260922,1,20,0.75,arousal,kshot_hybrid,0.3997013923373098
20260922,1,20,0.75,dominance,kshot_hybrid,0.28248780686876607
20260922,1,20,1.0,valence,absolute,0.029729425256353262
20260922,1,20,1.0,arousal,absolute,0.3469569695929898
20260922,1,20,1.0,dominance,absolute,0.27249960969276094
20260922,1,20,1.0,valence,kshot_relative,0.022593807598495007
20260922,1,20,1.0,arousal,kshot_relative,0.3554985988042967
20260922,1,20,1.0,dominance,kshot_relative,0.2462676993723293
20260922,1,20,1.0,valence,kshot_hybrid,0.028977078978669888
20260922,1,20,1.0,arousal,kshot_hybrid,0.3944670830738026
20260922,1,20,1.0,dominance,kshot_hybrid,0.2805598351469998
20260922,2,20,0.0,valence,absolute,0.03126516702505635
20260922,2,20,0.0,arousal,absolute,0.31798468476469466
20260922,2,20,0.0,dominance,absolute,0.18782910416620235
20260922,2,20,0.0,valence,kshot_relative,0.031834102339873376
20260922,2,20,0.0,arousal,kshot_relative,0.40412449581490834
20260922,2,20,0.0,dominance,kshot_relative,0.1936068774036347
20260922,2,20,0.0,valence,kshot_hybrid,0.03304941012047454
20260922,2,20,0.0,arousal,kshot_hybrid,0.4247952173903661
20260922,2,20,0.0,dominance,kshot_hybrid,0.20159292050127764
20260922,2,20,0.25,valence,absolute,0.031896604603893514
20260922,2,20,0.25,arousal,absolute,0.31815472857772825
20260922,2,20,0.25,dominance,absolute,0.19098771602101708
20260922,2,20,0.25,valence,kshot_relative,0.030465519710140332
20260922,2,20,0.25,arousal,kshot_relative,0.4063492086555741
20260922,2,20,0.25,dominance,kshot_relative,0.1937451779411651
20260922,2,20,0.25,valence,kshot_hybrid,0.032920068551391866
20260922,2,20,0.25,arousal,kshot_hybrid,0.4335821991775977
20260922,2,20,0.25,dominance,kshot_hybrid,0.20558116892386008
20260922,2,20,0.5,valence,absolute,0.03249928964031028
20260922,2,20,0.5,arousal,absolute,0.314800982880526
20260922,2,20,0.5,dominance,absolute,0.1931965511450133
20260922,2,20,0.5,valence,kshot_relative,0.02905454469432612
20260922,2,20,0.5,arousal,kshot_relative,0.40449797037317975
20260922,2,20,0.5,dominance,kshot_relative,0.1932518132997185
20260922,2,20,0.5,valence,kshot_hybrid,0.033068661533440166
20260922,2,20,0.5,arousal,kshot_hybrid,0.4363682612147315
20260922,2,20,0.5,dominance,kshot_hybrid,0.21025532181368844
20260922,2,20,0.75,valence,absolute,0.0330713448229397
20260922,2,20,0.75,arousal,absolute,0.30860557188836657
20260922,2,20,0.75,dominance,absolute,0.19448386299310658
20260922,2,20,0.75,valence,kshot_relative,0.02761017757411592
20260922,2,20,0.75,arousal,kshot_relative,0.39850657075162493
20260922,2,20,0.75,dominance,kshot_relative,0.19213121623072948
20260922,2,20,0.75,valence,kshot_hybrid,0.03349379042212495
20260922,2,20,0.75,arousal,kshot_hybrid,0.4330136921293165
20260922,2,20,0.75,dominance,kshot_hybrid,0.21552950832640344
20260922,2,20,1.0,valence,absolute,0.033609571226425404
20260922,2,20,1.0,arousal,absolute,0.3003750516044014
20260922,2,20,1.0,dominance,absolute,0.19489800942018323
20260922,2,20,1.0,valence,kshot_relative,0.026139857551886254
20260922,2,20,1.0,arousal,kshot_relative,0.38850698355863333
20260922,2,20,1.0,dominance,kshot_relative,0.19039549852760335
20260922,2,20,1.0,valence,kshot_hybrid,0.03419124923492769
20260922,2,20,1.0,arousal,kshot_hybrid,0.4241530696384317
20260922,2,20,1.0,dominance,kshot_hybrid,0.22129392873477463
20260922,3,20,0.0,valence,absolute,0.03397346209492257
20260922,3,20,0.0,arousal,absolute,0.4197472099075024
20260922,3,20,0.0,dominance,absolute,0.3210105010050537
20260922,3,20,0.0,valence,kshot_relative,0.03108498603398361
20260922,3,20,0.0,arousal,kshot_relative,0.47572011278851634
20260922,3,20,0.0,dominance,kshot_relative,0.3293065409683937
20260922,3,20,0.0,valence,kshot_hybrid,0.03288442271012455
20260922,3,20,0.0,arousal,kshot_hybrid,0.4720517941842809
20260922,3,20,0.0,dominance,kshot_hybrid,0.3366190281403348
20260922,3,20,0.25,valence,absolute,0.03399744926397555
20260922,3,20,0.25,arousal,absolute,0.43529415320913456
20260922,3,20,0.25,dominance,absolute,0.3265399351940399
20260922,3,20,0.25,valence,kshot_relative,0.03070954042848076
20260922,3,20,0.25,arousal,kshot_relative,0.4804375272207027
20260922,3,20,0.25,dominance,kshot_relative,0.3304729884643353
20260922,3,20,0.25,valence,kshot_hybrid,0.03314981739631707
20260922,3,20,0.25,arousal,kshot_hybrid,0.4930258205210372
20260922,3,20,0.25,dominance,kshot_hybrid,0.34315594788699777
20260922,3,20,0.5,valence,absolute,0.03408642055372561
20260922,3,20,0.5,arousal,absolute,0.44874141820228236
20260922,3,20,0.5,dominance,absolute,0.33168581167209776
20260922,3,20,0.5,valence,kshot_relative,0.030244184320461356
20260922,3,20,0.5,arousal,kshot_relative,0.4839373598316865
20260922,3,20,0.5,dominance,kshot_relative,0.33127436986973274
20260922,3,20,0.5,valence,kshot_hybrid,0.03370649941742765
20260922,3,20,0.5,arousal,kshot_hybrid,0.4936076950422262
20260922,3,20,0.5,dominance,kshot_hybrid,0.34625548143601936
20260922,3,20,0.75,valence,absolute,0.034239672961458315
20260922,3,20,0.75,arousal,absolute,0.46005484165911636
20260922,3,20,0.75,dominance,absolute,0.33644546710836404
20260922,3,20,0.75,valence,kshot_relative,0.029694751756657582
20260922,3,20,0.75,arousal,kshot_relative,0.4862261726887329
20260922,3,20,0.75,dominance,kshot_relative,0.3317123130904857
20260922,3,20,0.75,valence,kshot_hybrid,0.034546749249612076
20260922,3,20,0.75,arousal,kshot_hybrid,0.4734706082956862
20260922,3,20,0.75,dominance,kshot_hybrid,0.3458084359163207
20260922,3,20,1.0,valence,absolute,0.03445443203670369
20260922,3,20,1.0,arousal,absolute,0.46920278799103315
20260922,3,20,1.0,dominance,absolute,0.34081114951621816
20260922,3,20,1.0,valence,kshot_relative,0.029066848897374518
20260922,3,20,1.0,arousal,kshot_relative,0.48732540622378817
20260922,3,20,1.0,dominance,kshot_relative,0.3317916728285774
20260922,3,20,1.0,valence,kshot_hybrid,0.03565779663667054
20260922,3,20,1.0,arousal,kshot_hybrid,0.43453693557233536
20260922,3,20,1.0,dominance,kshot_hybrid,0.34195082629957607
20260922,4,20,0.0,valence,absolute,0.026124951280345875
20260922,4,20,0.0,arousal,absolute,0.44409719735549535
20260922,4,20,0.0,dominance,absolute,0.33158415728973367
20260922,4,20,0.0,valence,kshot_relative,0.02735837161165068
20260922,4,20,0.0,arousal,kshot_relative,0.541607860198608
20260922,4,20,0.0,dominance,kshot_relative,0.3548211352200978
20260922,4,20,0.0,valence,kshot_hybrid,0.027863163868934428
20260922,4,20,0.0,arousal,kshot_hybrid,0.5548612499872191
20260922,4,20,0.0,dominance,kshot_hybrid,0.3702069657889687
20260922,4,20,0.25,valence,absolute,0.025781377536459284
20260922,4,20,0.25,arousal,absolute,0.45206336908058625
20260922,4,20,0.25,dominance,absolute,0.33756018560489615
20260922,4,20,0.25,valence,kshot_relative,0.027132331305454387
20260922,4,20,0.25,arousal,kshot_relative,0.5497013696956808
20260922,4,20,0.25,dominance,kshot_relative,0.36630947046929824
20260922,4,20,0.25,valence,kshot_hybrid,0.027765360666739177
20260922,4,20,0.25,arousal,kshot_hybrid,0.5621395162877394
20260922,4,20,0.25,dominance,kshot_hybrid,0.38271147604555955
20260922,4,20,0.5,valence,absolute,0.02542933613459908
20260922,4,20,0.5,arousal,absolute,0.45920214594107217
20260922,4,20,0.5,dominance,absolute,0.33758002387343494
20260922,4,20,0.5,valence,kshot_relative,0.026897478787662257
20260922,4,20,0.5,arousal,kshot_relative,0.5567199013914468
20260922,4,20,0.5,dominance,kshot_relative,0.3712472674174333
20260922,4,20,0.5,valence,kshot_hybrid,0.02766540433069166
20260922,4,20,0.5,arousal,kshot_hybrid,0.5687614491731819
20260922,4,20,0.5,dominance,kshot_hybrid,0.38923674192232577
20260922,4,20,0.75,valence,absolute,0.025069073762338395
20260922,4,20,0.75,arousal,absolute,0.46541896698044255
20260922,4,20,0.75,dominance,absolute,0.33186507359156947
20260922,4,20,0.75,valence,kshot_relative,0.026653297843835997
20260922,4,20,0.75,arousal,kshot_relative,0.5626656158990133
20260922,4,20,0.75,dominance,kshot_relative,0.37004582425226196
20260922,4,20,0.75,valence,kshot_hybrid,0.0275631025205496
20260922,4,20,0.75,arousal,kshot_hybrid,0.5746989507749367
20260922,4,20,0.75,dominance,kshot_hybrid,0.3898548702787522
20260922,4,20,1.0,valence,absolute,0.024700649810218068
20260922,4,20,1.0,arousal,absolute,0.47067702315833443
20260922,4,20,1.0,dominance,absolute,0.3212271011951067
20260922,4,20,1.0,valence,kshot_relative,0.026399929239012094
20260922,4,20,1.0,arousal,kshot_relative,0.567547293929426
20260922,4,20,1.0,dominance,kshot_relative,0.3635274283320675
20260922,4,20,1.0,valence,kshot_hybrid,0.02745846411520098
20260922,4,20,1.0,arousal,kshot_hybrid,0.5799586553246348
20260922,4,20,1.0,dominance,kshot_hybrid,0.3850489685714582
20260922,0,50,0.0,valence,absolute,0.042441039767738296
20260922,0,50,0.0,arousal,absolute,0.3808403239615344
20260922,0,50,0.0,dominance,absolute,0.31857313157923434
20260922,0,50,0.0,valence,kshot_relative,0.043366091919251726
20260922,0,50,0.0,arousal,kshot_relative,0.47289196941112316
20260922,0,50,0.0,dominance,kshot_relative,0.3468978552305642
20260922,0,50,0.0,valence,kshot_hybrid,0.043915790610070414
20260922,0,50,0.0,arousal,kshot_hybrid,0.47950774406714575
20260922,0,50,0.0,dominance,kshot_hybrid,0.35140589358457924
20260922,0,50,0.25,valence,absolute,0.041857577728659855
20260922,0,50,0.25,arousal,absolute,0.38263852977626794
20260922,0,50,0.25,dominance,absolute,0.3243360821883357
20260922,0,50,0.25,valence,kshot_relative,0.04295953867341041
20260922,0,50,0.25,arousal,kshot_relative,0.47545775971597903
20260922,0,50,0.25,dominance,kshot_relative,0.34957693063218787
20260922,0,50,0.25,valence,kshot_hybrid,0.043127076336502465
20260922,0,50,0.25,arousal,kshot_hybrid,0.4797745855381848
20260922,0,50,0.25,dominance,kshot_hybrid,0.3538757190459232
20260922,0,50,0.5,valence,absolute,0.04127503483057866
20260922,0,50,0.5,arousal,absolute,0.38043041270984396
20260922,0,50,0.5,dominance,absolute,0.3284378033793541
20260922,0,50,0.5,valence,kshot_relative,0.04253788933318289
20260922,0,50,0.5,arousal,kshot_relative,0.47392773890929324
20260922,0,50,0.5,dominance,kshot_relative,0.35077513977137564
20260922,0,50,0.5,valence,kshot_hybrid,0.04177362872278522
20260922,0,50,0.5,arousal,kshot_hybrid,0.47727766112735664
20260922,0,50,0.5,dominance,kshot_hybrid,0.3557264240643917
20260922,0,50,0.75,valence,absolute,0.04069424239877287
20260922,0,50,0.75,arousal,absolute,0.3745408685725733
20260922,0,50,0.75,dominance,absolute,0.33087455754014294
20260922,0,50,0.75,valence,kshot_relative,0.04210200207679003
20260922,0,50,0.75,arousal,kshot_relative,0.468365030290797
20260922,0,50,0.75,dominance,kshot_relative,0.3504713839417001
20260922,0,50,0.75,valence,kshot_hybrid,0.03986141400889967
20260922,0,50,0.75,arousal,kshot_hybrid,0.47211453682190696
20260922,0,50,0.75,dominance,kshot_hybrid,0.3569448197217303
20260922,0,50,1.0,valence,absolute,0.04011535116812629
20260922,0,50,1.0,arousal,absolute,0.3655202293258979
20260922,0,50,1.0,dominance,absolute,0.33168656324998547
20260922,0,50,1.0,valence,kshot_relative,0.04165197948066263
20260922,0,50,1.0,arousal,kshot_relative,0.4590256976851322
20260922,0,50,1.0,dominance,kshot_relative,0.34869371572360236
20260922,0,50,1.0,valence,kshot_hybrid,0.037399016090330583
20260922,0,50,1.0,arousal,kshot_hybrid,0.46451155512622755
20260922,0,50,1.0,dominance,kshot_hybrid,0.3575347148332299
20260922,1,50,0.0,valence,absolute,0.026824228849872494
20260922,1,50,0.0,arousal,absolute,0.302573527008614
20260922,1,50,0.0,dominance,absolute,0.23974642973614643
20260922,1,50,0.0,valence,kshot_relative,0.02628894495236203
20260922,1,50,0.0,arousal,kshot_relative,0.3963175519702086
20260922,1,50,0.0,dominance,kshot_relative,0.2676473958849398
20260922,1,50,0.0,valence,kshot_hybrid,0.027311881857865976
20260922,1,50,0.0,arousal,kshot_hybrid,0.40150249531244725
20260922,1,50,0.0,dominance,kshot_hybrid,0.27014041804541766
20260922,1,50,0.25,valence,absolute,0.027563247350689563
20260922,1,50,0.25,arousal,absolute,0.3167048970862018
20260922,1,50,0.25,dominance,absolute,0.25115659628227865
20260922,1,50,0.25,valence,kshot_relative,0.02574216671204222
20260922,1,50,0.25,arousal,kshot_relative,0.39709850307928235
20260922,1,50,0.25,dominance,kshot_relative,0.26966353425114287
20260922,1,50,0.25,valence,kshot_hybrid,0.02752797479132694
20260922,1,50,0.25,arousal,kshot_hybrid,0.40489059277454575
20260922,1,50,0.25,dominance,kshot_hybrid,0.27676777759670657
20260922,1,50,0.5,valence,absolute,0.028294432908047958
20260922,1,50,0.5,arousal,absolute,0.3290625580106784
20260922,1,50,0.5,dominance,absolute,0.26059903102824167
20260922,1,50,0.5,valence,kshot_relative,0.02519047025518748
20260922,1,50,0.5,arousal,kshot_relative,0.3949613446057322
20260922,1,50,0.5,dominance,kshot_relative,0.2692558134884272
20260922,1,50,0.5,valence,kshot_hybrid,0.027816759892264953
20260922,1,50,0.5,arousal,kshot_hybrid,0.4084945391448067
20260922,1,50,0.5,dominance,kshot_hybrid,0.28284434642794765
20260922,1,50,0.75,valence,absolute,0.029016864228727058
20260922,1,50,0.75,arousal,absolute,0.3392519750672368
20260922,1,50,0.75,dominance,absolute,0.2677743945001943
20260922,1,50,0.75,valence,kshot_relative,0.02463400971942106
20260922,1,50,0.75,arousal,kshot_relative,0.3900833810756849
20260922,1,50,0.75,dominance,kshot_relative,0.2665655066546743
20260922,1,50,0.75,valence,kshot_hybrid,0.028176723241557674
20260922,1,50,0.75,arousal,kshot_hybrid,0.41223058282139996
20260922,1,50,0.75,dominance,kshot_hybrid,0.2881170355222324
20260922,1,50,1.0,valence,absolute,0.029729425256353262
20260922,1,50,1.0,arousal,absolute,0.3469569695929898
20260922,1,50,1.0,dominance,absolute,0.27249960969276094
20260922,1,50,1.0,valence,kshot_relative,0.024072945792928676
20260922,1,50,1.0,arousal,kshot_relative,0.38273889804259287
20260922,1,50,1.0,dominance,kshot_relative,0.26183555642644174
20260922,1,50,1.0,valence,kshot_hybrid,0.028605669367596315
20260922,1,50,1.0,arousal,kshot_hybrid,0.4160103642794578
20260922,1,50,1.0,dominance,kshot_hybrid,0.29242717622554887
20260922,2,50,0.0,valence,absolute,0.03126516702505635
20260922,2,50,0.0,arousal,absolute,0.31798468476469466
20260922,2,50,0.0,dominance,absolute,0.18782910416620235
20260922,2,50,0.0,valence,kshot_relative,0.0327387838521167
20260922,2,50,0.0,arousal,kshot_relative,0.4346756820088664
20260922,2,50,0.0,dominance,kshot_relative,0.2023578008188138
20260922,2,50,0.0,valence,kshot_hybrid,0.03331285650215289
20260922,2,50,0.0,arousal,kshot_hybrid,0.444785497243692
20260922,2,50,0.0,dominance,kshot_hybrid,0.20545323175554364
20260922,2,50,0.25,valence,absolute,0.031896604603893514
20260922,2,50,0.25,arousal,absolute,0.31815472857772825
20260922,2,50,0.25,dominance,absolute,0.19098771602101708
20260922,2,50,0.25,valence,kshot_relative,0.03140940355215139
20260922,2,50,0.25,arousal,kshot_relative,0.43456134123855605
20260922,2,50,0.25,dominance,kshot_relative,0.20268351457726144
20260922,2,50,0.25,valence,kshot_hybrid,0.03304920535280301
20260922,2,50,0.25,arousal,kshot_hybrid,0.4426491416077267
20260922,2,50,0.25,dominance,kshot_hybrid,0.20732574559874747
20260922,2,50,0.5,valence,absolute,0.03249928964031028
20260922,2,50,0.5,arousal,absolute,0.314800982880526
20260922,2,50,0.5,dominance,absolute,0.1931965511450133
20260922,2,50,0.5,valence,kshot_relative,0.030053058690462056
20260922,2,50,0.5,arousal,kshot_relative,0.4298004503767861
20260922,2,50,0.5,dominance,kshot_relative,0.2023325981726245
20260922,2,50,0.5,valence,kshot_hybrid,0.03319829474824765
20260922,2,50,0.5,arousal,kshot_hybrid,0.4385125758360199
20260922,2,50,0.5,dominance,kshot_hybrid,0.21068355309564668
20260922,2,50,0.75,valence,absolute,0.0330713448229397
20260922,2,50,0.75,arousal,absolute,0.30860557188836657
20260922,2,50,0.75,dominance,absolute,0.19448386299310658
20260922,2,50,0.75,valence,kshot_relative,0.028678109892407707
20260922,2,50,0.75,arousal,kshot_relative,0.4205276576914803
20260922,2,50,0.75,dominance,kshot_relative,0.201313736698518
20260922,2,50,0.75,valence,kshot_hybrid,0.03375885853104449
20260922,2,50,0.75,arousal,kshot_hybrid,0.4326403190390275
20260922,2,50,0.75,dominance,kshot_hybrid,0.21544865055747622
20260922,2,50,1.0,valence,absolute,0.033609571226425404
20260922,2,50,1.0,arousal,absolute,0.3003750516044014
20260922,2,50,1.0,dominance,absolute,0.19489800942018323
20260922,2,50,1.0,valence,kshot_relative,0.027291607032934533
20260922,2,50,1.0,arousal,kshot_relative,0.40714470388279334
20260922,2,50,1.0,dominance,kshot_relative,0.1996446455851977
20260922,2,50,1.0,valence,kshot_hybrid,0.03472698746216176
20260922,2,50,1.0,arousal,kshot_hybrid,0.425479169155413
20260922,2,50,1.0,dominance,kshot_hybrid,0.2214972532415663
20260922,3,50,0.0,valence,absolute,0.03397346209492257
20260922,3,50,0.0,arousal,absolute,0.4197472099075024
20260922,3,50,0.0,dominance,absolute,0.3210105010050537
20260922,3,50,0.0,valence,kshot_relative,0.032571598000843485
20260922,3,50,0.0,arousal,kshot_relative,0.49064648507348557
20260922,3,50,0.0,dominance,kshot_relative,0.33920992052117743
20260922,3,50,0.0,valence,kshot_hybrid,0.03305590089215532
20260922,3,50,0.0,arousal,kshot_hybrid,0.4945191761449305
20260922,3,50,0.0,dominance,kshot_hybrid,0.3430124703238348
20260922,3,50,0.25,valence,absolute,0.03399744926397555
20260922,3,50,0.25,arousal,absolute,0.43529415320913456
20260922,3,50,0.25,dominance,absolute,0.3265399351940399
20260922,3,50,0.25,valence,kshot_relative,0.03212183784482551
20260922,3,50,0.25,arousal,kshot_relative,0.4869982603829945
20260922,3,50,0.25,dominance,kshot_relative,0.340707022247501
20260922,3,50,0.25,valence,kshot_hybrid,0.033100983667397665
20260922,3,50,0.25,arousal,kshot_hybrid,0.4939054251893982
20260922,3,50,0.25,dominance,kshot_hybrid,0.34511403942363683
20260922,3,50,0.5,valence,absolute,0.03408642055372561
20260922,3,50,0.5,arousal,absolute,0.44874141820228236
20260922,3,50,0.5,dominance,absolute,0.33168581167209776
20260922,3,50,0.5,valence,kshot_relative,0.031592754934646854
20260922,3,50,0.5,arousal,kshot_relative,0.48222010474088733
20260922,3,50,0.5,dominance,kshot_relative,0.3418901784918557
20260922,3,50,0.5,valence,kshot_hybrid,0.03354986353839869
20260922,3,50,0.5,arousal,kshot_hybrid,0.48184242288482865
20260922,3,50,0.5,dominance,kshot_hybrid,0.3460989506841397
20260922,3,50,0.75,valence,absolute,0.034239672961458315
20260922,3,50,0.75,arousal,absolute,0.46005484165911636
20260922,3,50,0.75,dominance,absolute,0.33644546710836404
20260922,3,50,0.75,valence,kshot_relative,0.03099029655235847
20260922,3,50,0.75,arousal,kshot_relative,0.47637186421652666
20260922,3,50,0.75,dominance,kshot_relative,0.3427602478963735
20260922,3,50,0.75,valence,kshot_hybrid,0.03439643072516989
20260922,3,50,0.75,arousal,kshot_hybrid,0.45896142224281783
20260922,3,50,0.75,dominance,kshot_hybrid,0.3459741415540075
20260922,3,50,1.0,valence,absolute,0.03445443203670369
20260922,3,50,1.0,arousal,absolute,0.46920278799103315
20260922,3,50,1.0,dominance,absolute,0.34081114951621816
20260922,3,50,1.0,valence,kshot_relative,0.030320140909554996
20260922,3,50,1.0,arousal,kshot_relative,0.46951869300637783
20260922,3,50,1.0,dominance,kshot_relative,0.34331776593543006
20260922,3,50,1.0,valence,kshot_hybrid,0.035629087931999294
20260922,3,50,1.0,arousal,kshot_hybrid,0.426358864605328
20260922,3,50,1.0,dominance,kshot_hybrid,0.3447669193867768
20260922,4,50,0.0,valence,absolute,0.026124951280345875
20260922,4,50,0.0,arousal,absolute,0.44409719735549535
20260922,4,50,0.0,dominance,absolute,0.33158415728973367
20260922,4,50,0.0,valence,kshot_relative,0.027729083229206933
20260922,4,50,0.0,arousal,kshot_relative,0.5704627575583486
20260922,4,50,0.0,dominance,kshot_relative,0.37099670647588584
20260922,4,50,0.0,valence,kshot_hybrid,0.027950933576736517
20260922,4,50,0.0,arousal,kshot_hybrid,0.574503608575608
20260922,4,50,0.0,dominance,kshot_hybrid,0.3766028397272164
20260922,4,50,0.25,valence,absolute,0.025781377536459284
20260922,4,50,0.25,arousal,absolute,0.45206336908058625
20260922,4,50,0.25,dominance,absolute,0.33756018560489615
20260922,4,50,0.25,valence,kshot_relative,0.027614783703361404
20260922,4,50,0.25,arousal,kshot_relative,0.5742160299661335
20260922,4,50,0.25,dominance,kshot_relative,0.3766348648483558
20260922,4,50,0.25,valence,kshot_hybrid,0.027967422236389403
20260922,4,50,0.25,arousal,kshot_hybrid,0.5738857198934486
20260922,4,50,0.25,dominance,kshot_hybrid,0.38150736176152816
20260922,4,50,0.5,valence,absolute,0.02542933613459908
20260922,4,50,0.5,arousal,absolute,0.45920214594107217
20260922,4,50,0.5,dominance,absolute,0.33758002387343494
20260922,4,50,0.5,valence,kshot_relative,0.027497169695486108
20260922,4,50,0.5,arousal,kshot_relative,0.576995107411608
20260922,4,50,0.5,dominance,kshot_relative,0.37580887604205926
20260922,4,50,0.5,valence,kshot_hybrid,0.02799718216977561
20260922,4,50,0.5,arousal,kshot_hybrid,0.5709630306606825
20260922,4,50,0.5,dominance,kshot_hybrid,0.37987816414191905
20260922,4,50,0.75,valence,absolute,0.025069073762338395
20260922,4,50,0.75,arousal,absolute,0.46541896698044255
20260922,4,50,0.75,dominance,absolute,0.33186507359156947
20260922,4,50,0.75,valence,kshot_relative,0.02737581315166022
20260922,4,50,0.75,arousal,kshot_relative,0.5787989980596141
20260922,4,50,0.75,dominance,kshot_relative,0.36910357765104573
20260922,4,50,0.75,valence,kshot_hybrid,0.02803980770866459
20260922,4,50,0.75,arousal,kshot_hybrid,0.5658052617693959
20260922,4,50,0.75,dominance,kshot_hybrid,0.37208626478368734
20260922,4,50,1.0,valence,absolute,0.024700649810218068
20260922,4,50,1.0,arousal,absolute,0.47067702315833443
20260922,4,50,1.0,dominance,absolute,0.3212271011951067
20260922,4,50,1.0,valence,kshot_relative,0.02725078611377022
20260922,4,50,1.0,arousal,kshot_relative,0.5796408430264303
20260922,4,50,1.0,dominance,kshot_relative,0.35749863768001566
20260922,4,50,1.0,valence,kshot_hybrid,0.028095367719862874
20260922,4,50,1.0,arousal,kshot_hybrid,0.5585386243727987
20260922,4,50,1.0,dominance,kshot_hybrid,0.3588831264864562
20260922,0,100,0.0,valence,absolute,0.042441039767738296
20260922,0,100,0.0,arousal,absolute,0.3808403239615344
20260922,0,100,0.0,dominance,absolute,0.31857313157923434
20260922,0,100,0.0,valence,kshot_relative,0.04395692306942186
20260922,0,100,0.0,arousal,kshot_relative,0.4723748897007565
20260922,0,100,0.0,dominance,kshot_relative,0.34652741949036275
20260922,0,100,0.0,valence,kshot_hybrid,0.043918526590129375
20260922,0,100,0.0,arousal,kshot_hybrid,0.47663955672808034
20260922,0,100,0.0,dominance,kshot_hybrid,0.34967978022491614
20260922,0,100,0.25,valence,absolute,0.041857577728659855
20260922,0,100,0.25,arousal,absolute,0.38263852977626794
20260922,0,100,0.25,dominance,absolute,0.3243360821883357
20260922,0,100,0.25,valence,kshot_relative,0.04393869760055958
20260922,0,100,0.25,arousal,kshot_relative,0.4751332458740638
20260922,0,100,0.25,dominance,kshot_relative,0.3505690807040529
20260922,0,100,0.25,valence,kshot_hybrid,0.043143864967157684
20260922,0,100,0.25,arousal,kshot_hybrid,0.47866864630012856
20260922,0,100,0.25,dominance,kshot_hybrid,0.3539070493559637
20260922,0,100,0.5,valence,absolute,0.04127503483057866
20260922,0,100,0.5,arousal,absolute,0.38043041270984396
20260922,0,100,0.5,dominance,absolute,0.3284378033793541
20260922,0,100,0.5,valence,kshot_relative,0.04390935766460412
20260922,0,100,0.5,arousal,kshot_relative,0.4738896202516715
20260922,0,100,0.5,dominance,kshot_relative,0.35317252952559264
20260922,0,100,0.5,valence,kshot_hybrid,0.041613133217462274
20260922,0,100,0.5,arousal,kshot_hybrid,0.47684298530738845
20260922,0,100,0.5,dominance,kshot_hybrid,0.35729332355211435
20260922,0,100,0.75,valence,absolute,0.04069424239877287
20260922,0,100,0.75,arousal,absolute,0.3745408685725733
20260922,0,100,0.75,dominance,absolute,0.33087455754014294
20260922,0,100,0.75,valence,kshot_relative,0.04386963026916407
20260922,0,100,0.75,arousal,kshot_relative,0.468730308931865
20260922,0,100,0.75,dominance,kshot_relative,0.35430830458972645
20260922,0,100,0.75,valence,kshot_hybrid,0.03933690014881637
20260922,0,100,0.75,arousal,kshot_hybrid,0.4712927279836192
20260922,0,100,0.75,dominance,kshot_hybrid,0.35981388711296847
20260922,0,100,1.0,valence,absolute,0.04011535116812629
20260922,0,100,1.0,arousal,absolute,0.3655202293258979
20260922,0,100,1.0,dominance,absolute,0.33168656324998547
20260922,0,100,1.0,valence,kshot_relative,0.043819396905222255
20260922,0,100,1.0,arousal,kshot_relative,0.4599236344671128
20260922,0,100,1.0,dominance,kshot_relative,0.35399412032364735
20260922,0,100,1.0,valence,kshot_hybrid,0.03633134910932965
20260922,0,100,1.0,arousal,kshot_hybrid,0.4623152335771516
20260922,0,100,1.0,dominance,kshot_hybrid,0.3614677462231582
20260922,1,100,0.0,valence,absolute,0.026824228849872494
20260922,1,100,0.0,arousal,absolute,0.302573527008614
20260922,1,100,0.0,dominance,absolute,0.23974642973614643
20260922,1,100,0.0,valence,kshot_relative,0.026715221785141328
20260922,1,100,0.0,arousal,kshot_relative,0.39657586189028887
20260922,1,100,0.0,dominance,kshot_relative,0.26784823394484547
20260922,1,100,0.0,valence,kshot_hybrid,0.027093648649928918
20260922,1,100,0.0,arousal,kshot_hybrid,0.39908590907396835
20260922,1,100,0.0,dominance,kshot_hybrid,0.2699962073542056
20260922,1,100,0.25,valence,absolute,0.027563247350689563
20260922,1,100,0.25,arousal,absolute,0.3167048970862018
20260922,1,100,0.25,dominance,absolute,0.25115659628227865
20260922,1,100,0.25,valence,kshot_relative,0.026527881715870356
20260922,1,100,0.25,arousal,kshot_relative,0.39796667408223696
20260922,1,100,0.25,dominance,kshot_relative,0.27073813380624406
20260922,1,100,0.25,valence,kshot_hybrid,0.027390555002457823
20260922,1,100,0.25,arousal,kshot_hybrid,0.40716965642521424
20260922,1,100,0.25,dominance,kshot_hybrid,0.2775468806668753
20260922,1,100,0.5,valence,absolute,0.028294432908047958
20260922,1,100,0.5,arousal,absolute,0.3290625580106784
20260922,1,100,0.5,dominance,absolute,0.26059903102824167
20260922,1,100,0.5,valence,kshot_relative,0.026335558761541925
20260922,1,100,0.5,arousal,kshot_relative,0.39662033995870055
20260922,1,100,0.5,dominance,kshot_relative,0.2713873717785813
20260922,1,100,0.5,valence,kshot_hybrid,0.027722419312676494
20260922,1,100,0.5,arousal,kshot_hybrid,0.4126766627368066
20260922,1,100,0.5,dominance,kshot_hybrid,0.28339302547000333
20260922,1,100,0.75,valence,absolute,0.029016864228727058
20260922,1,100,0.75,arousal,absolute,0.3392519750672368
20260922,1,100,0.75,dominance,absolute,0.2677743945001943
20260922,1,100,0.75,valence,kshot_relative,0.02613832998192733
20260922,1,100,0.75,arousal,kshot_relative,0.3927058626375755
20260922,1,100,0.75,dominance,kshot_relative,0.26990482894121776
20260922,1,100,0.75,valence,kshot_hybrid,0.028087650578899524
20260922,1,100,0.75,arousal,kshot_hybrid,0.41555585174759807
20260922,1,100,0.75,dominance,kshot_hybrid,0.2874320261525347
20260922,1,100,1.0,valence,absolute,0.029729425256353262
20260922,1,100,1.0,arousal,absolute,0.3469569695929898
20260922,1,100,1.0,dominance,absolute,0.27249960969276094
20260922,1,100,1.0,valence,kshot_relative,0.025936227150944527
20260922,1,100,1.0,arousal,kshot_relative,0.3864763910949801
20260922,1,100,1.0,dominance,kshot_relative,0.2664899516746812
20260922,1,100,1.0,valence,kshot_hybrid,0.028484122497615335
20260922,1,100,1.0,arousal,kshot_hybrid,0.4158606232069904
20260922,1,100,1.0,dominance,kshot_hybrid,0.2896658422129556
20260922,2,100,0.0,valence,absolute,0.03126516702505635
20260922,2,100,0.0,arousal,absolute,0.31798468476469466
20260922,2,100,0.0,dominance,absolute,0.18782910416620235
20260922,2,100,0.0,valence,kshot_relative,0.033462035588211134
20260922,2,100,0.0,arousal,kshot_relative,0.4391586026438608
20260922,2,100,0.0,dominance,kshot_relative,0.2033261886364019
20260922,2,100,0.0,valence,kshot_hybrid,0.03348961021422064
20260922,2,100,0.0,arousal,kshot_hybrid,0.4460301962704677
20260922,2,100,0.0,dominance,kshot_hybrid,0.20588828611161256
20260922,2,100,0.25,valence,absolute,0.031896604603893514
20260922,2,100,0.25,arousal,absolute,0.31815472857772825
20260922,2,100,0.25,dominance,absolute,0.19098771602101708
20260922,2,100,0.25,valence,kshot_relative,0.03343669031450042
20260922,2,100,0.25,arousal,kshot_relative,0.44330645379672784
20260922,2,100,0.25,dominance,kshot_relative,0.2058181285164597
20260922,2,100,0.25,valence,kshot_hybrid,0.033695112432393114
20260922,2,100,0.25,arousal,kshot_hybrid,0.44859313262210854
20260922,2,100,0.25,dominance,kshot_hybrid,0.20899725886054654
20260922,2,100,0.5,valence,absolute,0.03249928964031028
20260922,2,100,0.5,arousal,absolute,0.314800982880526
20260922,2,100,0.5,dominance,absolute,0.1931965511450133
20260922,2,100,0.5,valence,kshot_relative,0.03334891504620614
20260922,2,100,0.5,arousal,kshot_relative,0.4428702372579445
20260922,2,100,0.5,dominance,kshot_relative,0.2075866561781494
20260922,2,100,0.5,valence,kshot_hybrid,0.03401134711952703
20260922,2,100,0.5,arousal,kshot_hybrid,0.44467346781502404
20260922,2,100,0.5,dominance,kshot_hybrid,0.21159718606751968
20260922,2,100,0.75,valence,absolute,0.0330713448229397
20260922,2,100,0.75,arousal,absolute,0.30860557188836657
20260922,2,100,0.75,dominance,absolute,0.19448386299310658
20260922,2,100,0.75,valence,kshot_relative,0.03320076667882637
20260922,2,100,0.75,arousal,kshot_relative,0.4379014714354184
20260922,2,100,0.75,dominance,kshot_relative,0.2086191466049257
20260922,2,100,0.75,valence,kshot_hybrid,0.034437538369682656
20260922,2,100,0.75,arousal,kshot_hybrid,0.43497259500608965
20260922,2,100,0.75,dominance,kshot_hybrid,0.21365598391406013
20260922,2,100,1.0,valence,absolute,0.033609571226425404
20260922,2,100,1.0,arousal,absolute,0.3003750516044014
20260922,2,100,1.0,dominance,absolute,0.19489800942018323
20260922,2,100,1.0,valence,kshot_relative,0.03299284888459467
20260922,2,100,1.0,arousal,kshot_relative,0.4287308028982069
20260922,2,100,1.0,dominance,kshot_relative,0.20891399517315498
20260922,2,100,1.0,valence,kshot_hybrid,0.0349711611849181
20260922,2,100,1.0,arousal,kshot_hybrid,0.4207671676538285
20260922,2,100,1.0,dominance,kshot_hybrid,0.21515796349899313
20260922,3,100,0.0,valence,absolute,0.03397346209492257
20260922,3,100,0.0,arousal,absolute,0.4197472099075024
20260922,3,100,0.0,dominance,absolute,0.3210105010050537
20260922,3,100,0.0,valence,kshot_relative,0.03252693639234784
20260922,3,100,0.0,arousal,kshot_relative,0.49120617251094334
20260922,3,100,0.0,dominance,kshot_relative,0.3394075124766598
20260922,3,100,0.0,valence,kshot_hybrid,0.03263448411040646
20260922,3,100,0.0,arousal,kshot_hybrid,0.49347857714747423
20260922,3,100,0.0,dominance,kshot_hybrid,0.34184219541016325
20260922,3,100,0.25,valence,absolute,0.03399744926397555
20260922,3,100,0.25,arousal,absolute,0.43529415320913456
20260922,3,100,0.25,dominance,absolute,0.3265399351940399
20260922,3,100,0.25,valence,kshot_relative,0.032586440043147605
20260922,3,100,0.25,arousal,kshot_relative,0.49255128007970866
20260922,3,100,0.25,dominance,kshot_relative,0.342216326607032
20260922,3,100,0.25,valence,kshot_hybrid,0.03360046411770409
20260922,3,100,0.25,arousal,kshot_hybrid,0.4944862814731996
20260922,3,100,0.25,dominance,kshot_hybrid,0.3456680371848147
20260922,3,100,0.5,valence,absolute,0.03408642055372561
20260922,3,100,0.5,arousal,absolute,0.44874141820228236
20260922,3,100,0.5,dominance,absolute,0.33168581167209776
20260922,3,100,0.5,valence,kshot_relative,0.0325547010484649
20260922,3,100,0.5,arousal,kshot_relative,0.492825810631494
20260922,3,100,0.5,dominance,kshot_relative,0.3446285926375865
20260922,3,100,0.5,valence,kshot_hybrid,0.03500819557560798
20260922,3,100,0.5,arousal,kshot_hybrid,0.4745224338108448
20260922,3,100,0.5,dominance,kshot_hybrid,0.34683479631179115
20260922,3,100,0.75,valence,absolute,0.034239672961458315
20260922,3,100,0.75,arousal,absolute,0.46005484165911636
20260922,3,100,0.75,dominance,absolute,0.33644546710836404
20260922,3,100,0.75,valence,kshot_relative,0.03243335150136399
20260922,3,100,0.75,arousal,kshot_relative,0.49205005343488184
20260922,3,100,0.75,dominance,kshot_relative,0.34664332993848024
20260922,3,100,0.75,valence,kshot_hybrid,0.036841722686874724
20260922,3,100,0.75,arousal,kshot_hybrid,0.43573691793115304
20260922,3,100,0.75,dominance,kshot_hybrid,0.3453632536130355
20260922,3,100,1.0,valence,absolute,0.03445443203670369
20260922,3,100,1.0,arousal,absolute,0.46920278799103315
20260922,3,100,1.0,dominance,absolute,0.34081114951621816
20260922,3,100,1.0,valence,kshot_relative,0.03222427205859992
20260922,3,100,1.0,arousal,kshot_relative,0.49026218037838404
20260922,3,100,1.0,dominance,kshot_relative,0.3482609514760227
20260922,3,100,1.0,valence,kshot_hybrid,0.03907810596607387
20260922,3,100,1.0,arousal,kshot_hybrid,0.3819726389838886
20260922,3,100,1.0,dominance,kshot_hybrid,0.34140652136388955
20260922,4,100,0.0,valence,absolute,0.026124951280345875
20260922,4,100,0.0,arousal,absolute,0.44409719735549535
20260922,4,100,0.0,dominance,absolute,0.33158415728973367
20260922,4,100,0.0,valence,kshot_relative,0.02770415066365444
20260922,4,100,0.0,arousal,kshot_relative,0.5672939035136444
20260922,4,100,0.0,dominance,kshot_relative,0.3711729941805674
20260922,4,100,0.0,valence,kshot_hybrid,0.027776918917763484
20260922,4,100,0.0,arousal,kshot_hybrid,0.5729033910793749
20260922,4,100,0.0,dominance,kshot_hybrid,0.3749947712596889
20260922,4,100,0.25,valence,absolute,0.025781377536459284
20260922,4,100,0.25,arousal,absolute,0.45206336908058625
20260922,4,100,0.25,dominance,absolute,0.33756018560489615
20260922,4,100,0.25,valence,kshot_relative,0.027751888227402367
20260922,4,100,0.25,arousal,kshot_relative,0.5712444331867589
20260922,4,100,0.25,dominance,kshot_relative,0.3805253782568551
20260922,4,100,0.25,valence,kshot_hybrid,0.027910741345031662
20260922,4,100,0.25,arousal,kshot_hybrid,0.5790266598941943
20260922,4,100,0.25,dominance,kshot_hybrid,0.38341589196093673
20260922,4,100,0.5,valence,absolute,0.02542933613459908
20260922,4,100,0.5,arousal,absolute,0.45920214594107217
20260922,4,100,0.5,dominance,absolute,0.33758002387343494
20260922,4,100,0.5,valence,kshot_relative,0.02779508974846709
20260922,4,100,0.5,arousal,kshot_relative,0.574132262369046
20260922,4,100,0.5,dominance,kshot_relative,0.3832314484981102
20260922,4,100,0.5,valence,kshot_hybrid,0.028042988847981044
20260922,4,100,0.5,arousal,kshot_hybrid,0.583677516725792
20260922,4,100,0.5,dominance,kshot_hybrid,0.38283557827901554
20260922,4,100,0.75,valence,absolute,0.025069073762338395
20260922,4,100,0.75,arousal,absolute,0.46541896698044255
20260922,4,100,0.75,dominance,absolute,0.33186507359156947
20260922,4,100,0.75,valence,kshot_relative,0.02783357317420298
20260922,4,100,0.75,arousal,kshot_relative,0.575990217690853
20260922,4,100,0.75,dominance,kshot_relative,0.3797679410599444
20260922,4,100,0.75,valence,kshot_hybrid,0.028173534787704072
20260922,4,100,0.75,arousal,kshot_hybrid,0.5868526778928754
20260922,4,100,0.75,dominance,kshot_hybrid,0.3737672893494953
20260922,4,100,1.0,valence,absolute,0.024700649810218068
20260922,4,100,1.0,arousal,absolute,0.47067702315833443
20260922,4,100,1.0,dominance,absolute,0.3212271011951067
20260922,4,100,1.0,valence,kshot_relative,0.027867304375255343
20260922,4,100,1.0,arousal,kshot_relative,0.5768466766834618
20260922,4,100,1.0,dominance,kshot_relative,0.37103020708631834
20260922,4,100,1.0,valence,kshot_hybrid,0.028302299122688866
20260922,4,100,1.0,arousal,kshot_hybrid,0.5885554602315797
20260922,4,100,1.0,dominance,kshot_hybrid,0.3572506883695524
