dataset,seed,fold,emotion,representation,speaker_balanced_f1,speaker_balanced_recall,support
esd_english,20260920,0,angry,absolute,0.10835681351321959,0.10035905358506704,697
esd_english,20260920,0,happy,absolute,0.15892945040337372,0.11730117158315495,698
esd_english,20260920,0,neutral,absolute,0.3381408640294801,0.49899404153575755,697
esd_english,20260920,0,sad,absolute,0.033310413689603975,0.02287024159237805,698
esd_english,20260920,0,surprise,absolute,0.4275412187330036,0.5017372083503853,700
esd_english,20260920,0,angry,relative,0.30858433492240084,0.307006848081768,697
esd_english,20260920,0,happy,relative,0.18490085329883424,0.1418699353864075,698
esd_english,20260920,0,neutral,relative,0.5782052927933512,0.6628538634642566,697
esd_english,20260920,0,sad,relative,0.3030770424693906,0.2821612772392779,698
esd_english,20260920,0,surprise,relative,0.4847118494809338,0.5623593941874693,700
esd_english,20260920,0,angry,baseline_only,0.0,0.0,697
esd_english,20260920,0,happy,baseline_only,0.0,0.0,698
esd_english,20260920,0,neutral,baseline_only,0.2859950878401725,0.5010059584642306,697
esd_english,20260920,0,sad,baseline_only,0.0,0.0,698
esd_english,20260920,0,surprise,baseline_only,0.2869559164178402,0.501146131805149,700
esd_english,20260920,0,angry,relative_plus_baseline,0.3572495585420231,0.3919817669514426,697
esd_english,20260920,0,happy,relative_plus_baseline,0.3008013477809426,0.23512779041222645,698
esd_english,20260920,0,neutral,relative_plus_baseline,0.573543432650024,0.6570820380299104,697
esd_english,20260920,0,sad,relative_plus_baseline,0.29961864322291576,0.2837548706816531,698
esd_english,20260920,0,surprise,relative_plus_baseline,0.493480995305676,0.5076283258288949,700
esd_english,20260920,1,angry,absolute,0.20252896339615473,0.18429837820172137,700
esd_english,20260920,1,happy,absolute,0.1895266491679828,0.1371322357939441,700
esd_english,20260920,1,neutral,absolute,0.6025981676477696,0.7604611127886632,697
esd_english,20260920,1,sad,absolute,0.08631542458509339,0.06855999019567699,700
esd_english,20260920,1,surprise,absolute,0.5130985239783368,0.672836308672734,700
esd_english,20260920,1,angry,relative,0.17685746219283854,0.1571444911965337,700
esd_english,20260920,1,happy,relative,0.1986728235073846,0.14999550635238176,700
esd_english,20260920,1,neutral,relative,0.620660580435707,0.5810549567409259,697
esd_english,20260920,1,sad,relative,0.23654819039167826,0.1785963478900257,700
esd_english,20260920,1,surprise,relative,0.5113876893174005,0.8514620695289812,700
esd_english,20260920,1,angry,baseline_only,0.0,0.0,700
esd_english,20260920,1,happy,baseline_only,0.0,0.0,700
esd_english,20260920,1,neutral,baseline_only,0.2853406349363719,0.5005743806535432,697
esd_english,20260920,1,sad,baseline_only,0.0,0.0,700
esd_english,20260920,1,surprise,baseline_only,0.2859710894276802,0.500142979696875,700
esd_english,20260920,1,angry,relative_plus_baseline,0.23251187888991506,0.21573348584500682,700
esd_english,20260920,1,happy,relative_plus_baseline,0.24509239204387684,0.19572368152293532,700
esd_english,20260920,1,neutral,relative_plus_baseline,0.6173880134712426,0.5695739080203179,697
esd_english,20260920,1,sad,relative_plus_baseline,0.2773177033644545,0.22146411209607914,700
esd_english,20260920,1,surprise,relative_plus_baseline,0.5301688787633401,0.82288083663548,700
esd_english,20260920,2,angry,absolute,0.21739143816538375,0.2326252346606075,698
esd_english,20260920,2,happy,absolute,0.05458060747121921,0.03916480357713212,691
esd_english,20260920,2,neutral,absolute,0.0,0.0,700
esd_english,20260920,2,sad,absolute,0.011089632719503577,0.0057274220032841085,700
esd_english,20260920,2,surprise,absolute,0.3491087706609983,0.7708276499903574,691
esd_english,20260920,2,angry,relative,0.20516215755314196,0.20207489378519977,698
esd_english,20260920,2,happy,relative,0.13775257616201697,0.08979426168423346,691
esd_english,20260920,2,neutral,relative,0.5458660343149784,0.7128866995073957,700
esd_english,20260920,2,sad,relative,0.3217928926212603,0.4155270935960625,700
esd_english,20260920,2,surprise,relative,0.3771793589372355,0.2860146513809697,691
esd_english,20260920,2,angry,baseline_only,0.0,0.0,698
esd_english,20260920,2,happy,baseline_only,0.0,0.0,691
esd_english,20260920,2,neutral,baseline_only,0.33492970325997456,1.0,700
esd_english,20260920,2,sad,baseline_only,0.0,0.0,700
esd_english,20260920,2,surprise,baseline_only,0.0,0.0,691
esd_english,20260920,2,angry,relative_plus_baseline,0.24652866284763741,0.24208411553535625,698
esd_english,20260920,2,happy,relative_plus_baseline,0.23328258937237623,0.15192829766847707,691
esd_english,20260920,2,neutral,relative_plus_baseline,0.5435226928951504,0.7257339901477894,700
esd_english,20260920,2,sad,relative_plus_baseline,0.2471359404564305,0.258653530377669,700
esd_english,20260920,2,surprise,relative_plus_baseline,0.5349920233529127,0.5243557584185614,691
esd_english,20260920,3,angry,absolute,0.14089256000258063,0.1503576136788458,698
esd_english,20260920,3,happy,absolute,0.09728673431040928,0.07142611894543197,700
esd_english,20260920,3,neutral,absolute,0.42732121725922234,0.3560196198651111,700
esd_english,20260920,3,sad,absolute,0.2713382458571473,0.24946321187451434,698
esd_english,20260920,3,surprise,absolute,0.37256453132559686,0.5389950560826399,699
esd_english,20260920,3,angry,relative,0.19522387203972694,0.2177434429293813,698
esd_english,20260920,3,happy,relative,0.0997522252045161,0.0628448804414467,700
esd_english,20260920,3,neutral,relative,0.46721253848217864,0.5785775597792753,700
esd_english,20260920,3,sad,relative,0.17729865971831868,0.1920410246319949,698
esd_english,20260920,3,surprise,relative,0.23899392577821774,0.22312466383572235,699
esd_english,20260920,3,angry,baseline_only,0.0,0.0,698
esd_english,20260920,3,happy,baseline_only,0.0,0.0,700
esd_english,20260920,3,neutral,baseline_only,0.28576078020969625,0.49957081545064425,700
esd_english,20260920,3,sad,baseline_only,0.0,0.0,698
esd_english,20260920,3,surprise,baseline_only,0.28555068645028153,0.49971387661573424,699
esd_english,20260920,3,angry,relative_plus_baseline,0.1893500675031437,0.2019705645081942,698
esd_english,20260920,3,happy,relative_plus_baseline,0.13428068884605987,0.08996443899448155,700
esd_english,20260920,3,neutral,relative_plus_baseline,0.47599766908157143,0.5999852851011638,700
esd_english,20260920,3,sad,relative_plus_baseline,0.17392475205248084,0.17631983472090623,698
esd_english,20260920,3,surprise,relative_plus_baseline,0.26742282347362817,0.2645720306409886,699
esd_english,20260920,4,angry,absolute,0.06580259222333057,0.047210300429185184,699
esd_english,20260920,4,happy,absolute,0.06607369758576954,0.037142857142857644,700
esd_english,20260920,4,neutral,absolute,0.4474532559638801,0.9942693409742122,698
esd_english,20260920,4,sad,absolute,0.0031250000000000327,0.0028653295128940205,698
esd_english,20260920,4,surprise,absolute,0.21078431372549225,0.12303290414878537,699
esd_english,20260920,4,angry,relative,0.3110749185667785,0.273247496423466,699
esd_english,20260920,4,happy,relative,0.19314641744548416,0.13285714285714434,700
esd_english,20260920,4,neutral,relative,0.49738766980146487,0.6819484240687771,698
esd_english,20260920,4,sad,relative,0.13906678865507854,0.10888252148997263,698
esd_english,20260920,4,surprise,relative,0.5363128491620153,0.6866952789699661,699
esd_english,20260920,4,angry,baseline_only,0.0,0.0,699
esd_english,20260920,4,happy,baseline_only,0.0,0.0,700
esd_english,20260920,4,neutral,baseline_only,0.0,0.0,698
esd_english,20260920,4,sad,baseline_only,0.0,0.0,698
esd_english,20260920,4,surprise,baseline_only,0.33341283090864354,1.0,699
esd_english,20260920,4,angry,relative_plus_baseline,0.33712984054670153,0.31759656652360996,699
esd_english,20260920,4,happy,relative_plus_baseline,0.22302158273381412,0.1771428571428592,700
esd_english,20260920,4,neutral,relative_plus_baseline,0.5087179487179493,0.7106017191977161,698
esd_english,20260920,4,sad,relative_plus_baseline,0.12687813021702926,0.10888252148997263,698
esd_english,20260920,4,surprise,relative_plus_baseline,0.5131112686038358,0.5178826895565181,699
esd_english,20260921,0,angry,absolute,0.08081040806543283,0.08022696416976535,698
esd_english,20260921,0,happy,absolute,0.13268438594717546,0.1015354841244888,699
esd_english,20260921,0,neutral,absolute,0.42768820570233107,0.35601961986511116,700
esd_english,20260921,0,sad,absolute,0.24991753481283466,0.22050166148042322,699
esd_english,20260921,0,surprise,absolute,0.3725192582576153,0.5690171354751254,699
esd_english,20260921,0,angry,relative,0.25760710278968996,0.2950829348916811,698
esd_english,20260921,0,happy,relative,0.11046402404658992,0.07292812794718609,699
esd_english,20260921,0,neutral,relative,0.573665409465725,0.5785628448804405,700
esd_english,20260921,0,sad,relative,0.26025330099703414,0.28463996345479686,699
esd_english,20260921,0,surprise,relative,0.4372117704461694,0.4775583482944341,699
esd_english,20260921,0,angry,baseline_only,0.0,0.0,698
esd_english,20260921,0,happy,baseline_only,0.0,0.0,699
esd_english,20260921,0,neutral,baseline_only,0.28576078020969625,0.4995708154506443,700
esd_english,20260921,0,sad,baseline_only,0.0,0.0,699
esd_english,20260921,0,surprise,baseline_only,0.28555068645028153,0.49971387661573424,699
esd_english,20260921,0,angry,relative_plus_baseline,0.23346989059566475,0.2535613796902963,698
esd_english,20260921,0,happy,relative_plus_baseline,0.14712445490709009,0.09723750392958155,699
esd_english,20260921,0,neutral,relative_plus_baseline,0.5788768631092271,0.5871195585530341,700
esd_english,20260921,0,sad,relative_plus_baseline,0.24450158705590747,0.25606200895455533,699
esd_english,20260921,0,surprise,relative_plus_baseline,0.45594548860945233,0.5433077828016518,699
esd_english,20260921,1,angry,absolute,0.157097631411538,0.15451311166418835,699
esd_english,20260921,1,happy,absolute,0.19218348306505328,0.13712651193200412,700
esd_english,20260921,1,neutral,absolute,0.5588105268895172,0.6806542720948408,698
esd_english,20260921,1,sad,absolute,0.07345287931083326,0.0657854353763266,699
esd_english,20260921,1,surprise,absolute,0.4345660762039664,0.5170153644982052,700
esd_english,20260921,1,angry,relative,0.3395706843411632,0.3820948708148552,699
esd_english,20260921,1,happy,relative,0.2645124065699756,0.22142775416802918,700
esd_english,20260921,1,neutral,relative,0.5933716135436465,0.6231952358159678,698
esd_english,20260921,1,sad,relative,0.18431321377121712,0.14450288946851955,699
esd_english,20260921,1,surprise,relative,0.4688574611734844,0.5642227852239329,700
esd_english,20260921,1,angry,baseline_only,0.0,0.0,699
esd_english,20260921,1,happy,baseline_only,0.0,0.0,700
esd_english,20260921,1,neutral,baseline_only,0.285200674430553,0.49971395881007163,698
esd_english,20260921,1,sad,baseline_only,0.0,0.0,699
esd_english,20260921,1,surprise,baseline_only,0.28611136492858175,0.5002860411899334,700
esd_english,20260921,1,angry,relative_plus_baseline,0.33342054989444586,0.38066834663146465,699
esd_english,20260921,1,happy,relative_plus_baseline,0.24776961333116918,0.19714612618502805,700
esd_english,20260921,1,neutral,relative_plus_baseline,0.5924103794341796,0.6217601122527305,698
esd_english,20260921,1,sad,relative_plus_baseline,0.1898155269430793,0.15452293282896198,699
esd_english,20260921,1,surprise,relative_plus_baseline,0.4621921965825169,0.5542039882314517,700
esd_english,20260921,2,angry,absolute,0.19581734998700617,0.20137708401438403,700
esd_english,20260921,2,happy,absolute,0.07533461204113925,0.052835076822491035,700
esd_english,20260921,2,neutral,absolute,0.37735853817869347,0.48955068989590594,699
esd_english,20260921,2,sad,absolute,0.09076760668157657,0.0787514834800968,698
esd_english,20260921,2,surprise,absolute,0.42941473461029867,0.47473546283466905,699
esd_english,20260921,2,angry,relative,0.1544397397697084,0.13279911735861424,700
esd_english,20260921,2,happy,relative,0.11033312729329148,0.068563255966002,700
esd_english,20260921,2,neutral,relative,0.44845338975420307,0.6624007346231289,699
esd_english,20260921,2,sad,relative,0.09914443983694658,0.08308635985129145,698
esd_english,20260921,2,surprise,relative,0.48608667488879653,0.5852980437058235,699
esd_english,20260921,2,angry,baseline_only,0.0,0.0,700
esd_english,20260921,2,happy,baseline_only,0.0,0.0,700
esd_english,20260921,2,neutral,baseline_only,0.28590105004168315,0.5004292667436567,699
esd_english,20260921,2,sad,baseline_only,0.0,0.0,698
esd_english,20260921,2,surprise,baseline_only,0.2854105598928658,0.49957073325634865,699
esd_english,20260921,2,angry,relative_plus_baseline,0.2076610101934407,0.18138525661981064,700
esd_english,20260921,2,happy,relative_plus_baseline,0.1475469929196815,0.10855508336057547,700
esd_english,20260921,2,neutral,relative_plus_baseline,0.4441468169122916,0.6566717218384278,699
esd_english,20260921,2,sad,relative_plus_baseline,0.085310128507693,0.06734261997337937,698
esd_english,20260921,2,surprise,relative_plus_baseline,0.48283925275459266,0.5423108054910164,699
esd_english,20260921,3,angry,absolute,0.2587442651448171,0.2862510030983424,696
esd_english,20260921,3,happy,absolute,0.1312749676732331,0.08992326257039093,690
esd_english,20260921,3,neutral,absolute,0.3425581935135144,0.51580699521845,697
esd_english,20260921,3,sad,absolute,0.16526858168711014,0.14634134281791591,698
esd_english,20260921,3,surprise,absolute,0.19256625097427765,0.15681503752935894,696
esd_english,20260921,3,angry,relative,0.27491476947666915,0.25714358913752755,696
esd_english,20260921,3,happy,relative,0.23099468473012957,0.17388259715141882,690
esd_english,20260921,3,neutral,relative,0.5443252812037286,0.7260010794377008,697
esd_english,20260921,3,sad,relative,0.2769829219400073,0.2736769846672107,698
esd_english,20260921,3,surprise,relative,0.2020651430221372,0.19953454006905721,696
esd_english,20260921,3,angry,baseline_only,0.0,0.0,696
esd_english,20260921,3,happy,baseline_only,0.0,0.0,690
esd_english,20260921,3,neutral,baseline_only,0.28782853949748743,0.5028710732152566,697
esd_english,20260921,3,sad,baseline_only,0.0,0.0,698
esd_english,20260921,3,surprise,baseline_only,0.28712099768402755,0.5021545703834546,696
esd_english,20260921,3,angry,relative_plus_baseline,0.31493857219496374,0.32166419697173526,696
esd_english,20260921,3,happy,relative_plus_baseline,0.3186884177620151,0.25929331538208045,690
esd_english,20260921,3,neutral,relative_plus_baseline,0.5316364413094165,0.7045237352505718,697
esd_english,20260921,3,sad,relative_plus_baseline,0.2864464433059707,0.2979518376105683,698
esd_english,20260921,3,surprise,relative_plus_baseline,0.12971849779125,0.10344499853717268,696
esd_english,20260921,4,angry,absolute,0.20749386061576275,0.1471848134953271,699
esd_english,20260921,4,happy,absolute,0.07909644194756525,0.04423498609065601,700
esd_english,20260921,4,neutral,absolute,0.4434611330819683,0.473667281523442,698
esd_english,20260921,4,sad,absolute,0.025591735512935164,0.017123220422189382,700
esd_english,20260921,4,surprise,absolute,0.4250226702367963,0.8505265933776122,695
esd_english,20260921,4,angry,relative,0.22181558223366563,0.1916929137729286,699
esd_english,20260921,4,happy,relative,0.19279724239697088,0.1342693503518238,700
esd_english,20260921,4,neutral,relative,0.5635097509160474,0.63902218079415,698
esd_english,20260921,4,sad,relative,0.3504728727698722,0.3700932744231683,700
esd_english,20260921,4,surprise,relative,0.6610250973006033,0.8271883704448434,695
esd_english,20260921,4,angry,baseline_only,0.0,0.0,699
esd_english,20260921,4,happy,baseline_only,0.2858539747002295,0.4994272623138568,700
esd_english,20260921,4,neutral,baseline_only,0.286743794091902,0.5020053958605485,698
esd_english,20260921,4,sad,baseline_only,0.0,0.0,700
esd_english,20260921,4,surprise,baseline_only,0.0,0.0,695
esd_english,20260921,4,angry,relative_plus_baseline,0.33207637042035254,0.3290321946295281,699
esd_english,20260921,4,happy,relative_plus_baseline,0.23399359767849906,0.1599247259041064,700
esd_english,20260921,4,neutral,relative_plus_baseline,0.5635858713364396,0.6447725139327425,698
esd_english,20260921,4,sad,relative_plus_baseline,0.3056192945885998,0.27135002454589835,700
esd_english,20260921,4,surprise,relative_plus_baseline,0.7192901262037393,0.9324180442701024,695
esd_english,20260922,0,angry,absolute,0.10024456233306817,0.07590101393795623,698
esd_english,20260922,0,happy,absolute,0.11918209171107078,0.07142202960176593,700
esd_english,20260922,0,neutral,absolute,0.5691121785548585,0.9498445147153368,698
esd_english,20260922,0,sad,absolute,0.22216102368138937,0.22328588087314094,699
esd_english,20260922,0,surprise,absolute,0.37125791946818015,0.36037937947118487,699
esd_english,20260922,0,angry,relative,0.21428279421533947,0.20632866547919976,698
esd_english,20260922,0,happy,relative,0.11538710780009695,0.07425791152179209,700
esd_english,20260922,0,neutral,relative,0.558383947031123,0.568769435660578,698
esd_english,20260922,0,sad,relative,0.27179789689663847,0.2603459683970525,699
esd_english,20260922,0,surprise,relative,0.408565726119739,0.5791760567071043,699
esd_english,20260922,0,angry,baseline_only,0.0,0.0,698
esd_english,20260922,0,happy,baseline_only,0.0,0.0,700
esd_english,20260922,0,neutral,baseline_only,0.0,0.0,698
esd_english,20260922,0,sad,baseline_only,0.0,0.0,699
esd_english,20260922,0,surprise,baseline_only,0.3334126944255717,1.0,699
esd_english,20260922,0,angry,relative_plus_baseline,0.2591631461993123,0.2621592187658869,698
esd_english,20260922,0,happy,relative_plus_baseline,0.175375043273087,0.12137705454248018,700
esd_english,20260922,0,neutral,relative_plus_baseline,0.5534241763724888,0.553017529817743,698
esd_english,20260922,0,sad,relative_plus_baseline,0.30407483023211745,0.3104003432824062,699
esd_english,20260922,0,surprise,relative_plus_baseline,0.42451729514668,0.5419931343518204,699
esd_english,20260922,1,angry,absolute,0.2587442651448171,0.2862510030983424,696
esd_english,20260922,1,happy,absolute,0.1312749676732331,0.08992326257039093,690
esd_english,20260922,1,neutral,absolute,0.3425581935135144,0.51580699521845,697
esd_english,20260922,1,sad,absolute,0.16526858168711014,0.14634134281791591,698
esd_english,20260922,1,surprise,absolute,0.19256625097427765,0.15681503752935894,696
esd_english,20260922,1,angry,relative,0.27491476947666915,0.25714358913752755,696
esd_english,20260922,1,happy,relative,0.23099468473012957,0.17388259715141882,690
esd_english,20260922,1,neutral,relative,0.5443252812037286,0.7260010794377008,697
esd_english,20260922,1,sad,relative,0.2769829219400073,0.2736769846672107,698
esd_english,20260922,1,surprise,relative,0.2020651430221372,0.19953454006905721,696
esd_english,20260922,1,angry,baseline_only,0.0,0.0,696
esd_english,20260922,1,happy,baseline_only,0.0,0.0,690
esd_english,20260922,1,neutral,baseline_only,0.28782853949748743,0.5028710732152566,697
esd_english,20260922,1,sad,baseline_only,0.0,0.0,698
esd_english,20260922,1,surprise,baseline_only,0.28712099768402755,0.5021545703834546,696
esd_english,20260922,1,angry,relative_plus_baseline,0.31493857219496374,0.32166419697173526,696
esd_english,20260922,1,happy,relative_plus_baseline,0.3186884177620151,0.25929331538208045,690
esd_english,20260922,1,neutral,relative_plus_baseline,0.5316364413094165,0.7045237352505718,697
esd_english,20260922,1,sad,relative_plus_baseline,0.2864464433059707,0.2979518376105683,698
esd_english,20260922,1,surprise,relative_plus_baseline,0.12971849779125,0.10344499853717268,696
esd_english,20260922,2,angry,absolute,0.06580259222333057,0.047210300429185184,699
esd_english,20260922,2,happy,absolute,0.06607369758576954,0.037142857142857644,700
esd_english,20260922,2,neutral,absolute,0.4474532559638801,0.9942693409742122,698
esd_english,20260922,2,sad,absolute,0.0031250000000000327,0.0028653295128940205,698
esd_english,20260922,2,surprise,absolute,0.21078431372549225,0.12303290414878537,699
esd_english,20260922,2,angry,relative,0.3110749185667785,0.273247496423466,699
esd_english,20260922,2,happy,relative,0.19314641744548416,0.13285714285714434,700
esd_english,20260922,2,neutral,relative,0.49738766980146487,0.6819484240687771,698
esd_english,20260922,2,sad,relative,0.13906678865507854,0.10888252148997263,698
esd_english,20260922,2,surprise,relative,0.5363128491620153,0.6866952789699661,699
esd_english,20260922,2,angry,baseline_only,0.0,0.0,699
esd_english,20260922,2,happy,baseline_only,0.0,0.0,700
esd_english,20260922,2,neutral,baseline_only,0.0,0.0,698
esd_english,20260922,2,sad,baseline_only,0.0,0.0,698
esd_english,20260922,2,surprise,baseline_only,0.33341283090864354,1.0,699
esd_english,20260922,2,angry,relative_plus_baseline,0.33712984054670153,0.31759656652360996,699
esd_english,20260922,2,happy,relative_plus_baseline,0.22302158273381412,0.1771428571428592,700
esd_english,20260922,2,neutral,relative_plus_baseline,0.5087179487179493,0.7106017191977161,698
esd_english,20260922,2,sad,relative_plus_baseline,0.12687813021702926,0.10888252148997263,698
esd_english,20260922,2,surprise,relative_plus_baseline,0.5131112686038358,0.5178826895565181,699
esd_english,20260922,3,angry,absolute,0.023554589393927253,0.015714272842174883,699
esd_english,20260922,3,happy,absolute,0.3499209527595831,0.9242860864052115,699
esd_english,20260922,3,neutral,absolute,0.0,0.0,700
esd_english,20260922,3,sad,absolute,0.0,0.0,700
esd_english,20260922,3,surprise,absolute,0.0,0.0,695
esd_english,20260922,3,angry,relative,0.2523842755889528,0.27313132934851664,699
esd_english,20260922,3,happy,relative,0.10053084530676736,0.09576705881196501,699
esd_english,20260922,3,neutral,relative,0.5819600334073489,0.6543143429716607,700
esd_english,20260922,3,sad,relative,0.33512451434156476,0.4072348779191027,700
esd_english,20260922,3,surprise,relative,0.22876482913151153,0.14252783601978866,695
esd_english,20260922,3,angry,baseline_only,0.0,0.0,699
esd_english,20260922,3,happy,baseline_only,0.0,0.0,699
esd_english,20260922,3,neutral,baseline_only,0.33389038628923484,1.0,700
esd_english,20260922,3,sad,baseline_only,0.0,0.0,700
esd_english,20260922,3,surprise,baseline_only,0.0,0.0,695
esd_english,20260922,3,angry,relative_plus_baseline,0.33535711586425776,0.363458909355414,699
esd_english,20260922,3,happy,relative_plus_baseline,0.09771162422792544,0.09147317427994268,699
esd_english,20260922,3,neutral,relative_plus_baseline,0.5769668491120405,0.6371551265796933,700
esd_english,20260922,3,sad,relative_plus_baseline,0.24765942984762881,0.21279375076683876,700
esd_english,20260922,3,surprise,relative_plus_baseline,0.2930999833066712,0.2979827896573157,695
esd_english,20260922,4,angry,absolute,0.13020134228187796,0.13857142857142732,700
esd_english,20260922,4,happy,absolute,0.1315570358034959,0.11285714285714173,700
esd_english,20260922,4,neutral,absolute,0.166666666666665,0.0915593705293266,699
esd_english,20260922,4,sad,absolute,0.05341880341880296,0.03576537911301818,699
esd_english,20260922,4,surprise,absolute,0.4698193002691308,0.8728571428571421,700
esd_english,20260922,4,angry,relative,0.21415153412648438,0.24428571428571128,700
esd_english,20260922,4,happy,relative,0.2112029384756641,0.16428571428571273,700
esd_english,20260922,4,neutral,relative,0.5176908752327721,0.5965665236051477,699
esd_english,20260922,4,sad,relative,0.13553431798436025,0.1115879828326169,699
esd_english,20260922,4,surprise,relative,0.412144702842374,0.4557142857142824,700
esd_english,20260922,4,angry,baseline_only,0.0,0.0,700
esd_english,20260922,4,happy,baseline_only,0.0,0.0,700
esd_english,20260922,4,neutral,baseline_only,0.33309506790567245,1.0,699
esd_english,20260922,4,sad,baseline_only,0.0,0.0,699
esd_english,20260922,4,surprise,baseline_only,0.0,0.0,700
esd_english,20260922,4,angry,relative_plus_baseline,0.2185338865836765,0.22571428571428306,700
esd_english,20260922,4,happy,relative_plus_baseline,0.23268206039076164,0.18714285714285517,700
esd_english,20260922,4,neutral,relative_plus_baseline,0.5301204819277084,0.629470672389125,699
esd_english,20260922,4,sad,relative_plus_baseline,0.1162790697674408,0.08583690987124366,699
esd_english,20260922,4,surprise,relative_plus_baseline,0.43187066974595567,0.5342857142857115,700
mead_part0,20260920,0,angry,absolute,0.07308308332448696,0.043683818550760534,869
mead_part0,20260920,0,happy,absolute,0.06600396194010442,0.04230165438676694,896
mead_part0,20260920,0,neutral,absolute,0.20478709602147033,0.586017010760466,396
mead_part0,20260920,0,sad,absolute,0.03309897408943624,0.01804856414072672,890
mead_part0,20260920,0,surprise,absolute,0.2951929515871807,0.40634679781909255,899
mead_part0,20260920,0,angry,relative,0.09997835913902,0.06416419353958457,869
mead_part0,20260920,0,happy,relative,0.2848844880229303,0.28277392608180035,896
mead_part0,20260920,0,neutral,relative,0.32712116437105293,0.7644452972514056,396
mead_part0,20260920,0,sad,relative,0.07117867511016326,0.041321402375498535,890
mead_part0,20260920,0,surprise,relative,0.29394691557014546,0.3467734568415713,899
mead_part0,20260920,0,angry,baseline_only,0.0,0.0,869
mead_part0,20260920,0,happy,baseline_only,0.3269500535478905,0.595793752344609,896
mead_part0,20260920,0,neutral,baseline_only,0.0,0.0,396
mead_part0,20260920,0,sad,baseline_only,0.0,0.0,890
mead_part0,20260920,0,surprise,baseline_only,0.29221865725229723,0.4028255355080549,899
mead_part0,20260920,0,angry,relative_plus_baseline,0.09524880102856755,0.06344291643149758,869
mead_part0,20260920,0,happy,relative_plus_baseline,0.25022224576683416,0.24173014319346334,896
mead_part0,20260920,0,neutral,relative_plus_baseline,0.3267153386953287,0.7591743269146559,396
mead_part0,20260920,0,sad,relative_plus_baseline,0.0523186679237574,0.029058812380601467,890
mead_part0,20260920,0,surprise,relative_plus_baseline,0.29661534022555486,0.3599011661076011,899
mead_part0,20260920,1,angry,absolute,0.04180487328757604,0.02344872474600095,865
mead_part0,20260920,1,happy,absolute,0.09017646913526269,0.05214397472655379,884
mead_part0,20260920,1,neutral,absolute,0.20228933942038543,0.5038381056068818,400
mead_part0,20260920,1,sad,absolute,0.03025160545308376,0.015921291317273163,891
mead_part0,20260920,1,surprise,absolute,0.33331501441131944,0.5493142462804198,892
mead_part0,20260920,1,angry,relative,0.1721014687263938,0.12480550852951558,865
mead_part0,20260920,1,happy,relative,0.2579846537410305,0.2695093057514903,884
mead_part0,20260920,1,neutral,relative,0.3409653490580794,0.7871533928950823,400
mead_part0,20260920,1,sad,relative,0.032655587608369445,0.01800960444939985,891
mead_part0,20260920,1,surprise,relative,0.2947093561075183,0.31925352885862673,892
mead_part0,20260920,1,angry,baseline_only,0.0,0.0,865
mead_part0,20260920,1,happy,baseline_only,0.0,0.0,884
mead_part0,20260920,1,neutral,baseline_only,0.0,0.0,400
mead_part0,20260920,1,sad,baseline_only,0.3107324138115878,0.4981612042432263,891
mead_part0,20260920,1,surprise,baseline_only,0.31372381790920395,0.5025078628945792,892
mead_part0,20260920,1,angry,relative_plus_baseline,0.15825492501076335,0.1121159964264744,865
mead_part0,20260920,1,happy,relative_plus_baseline,0.24998150081918435,0.2539759717833099,884
mead_part0,20260920,1,neutral,relative_plus_baseline,0.34648815479539946,0.7946545145525813,400
mead_part0,20260920,1,sad,relative_plus_baseline,0.037402219878571764,0.021276926262840425,891
mead_part0,20260920,1,surprise,relative_plus_baseline,0.3175387164653933,0.35480904316157824,892
mead_part0,20260920,2,angry,absolute,0.048215634753189934,0.02623369014888912,883
mead_part0,20260920,2,happy,absolute,0.08123925527147134,0.04912530243876951,894
mead_part0,20260920,2,neutral,absolute,0.21129438299119827,0.4929899106054627,400
mead_part0,20260920,2,sad,absolute,0.008614442335339706,0.004403214838532575,894
mead_part0,20260920,2,surprise,absolute,0.3516677136168194,0.6219230683371362,861
mead_part0,20260920,2,angry,relative,0.11033187697162807,0.07289999246160593,883
mead_part0,20260920,2,happy,relative,0.25272651861399265,0.23233981118983568,894
mead_part0,20260920,2,neutral,relative,0.3276409434255594,0.787450445766253,400
mead_part0,20260920,2,sad,relative,0.023047525276318623,0.012349706490615769,894
mead_part0,20260920,2,surprise,relative,0.3592827897308085,0.45354924174825245,861
mead_part0,20260920,2,angry,baseline_only,0.0,0.0,883
mead_part0,20260920,2,happy,baseline_only,0.3144296803899636,0.5027477260499084,894
mead_part0,20260920,2,neutral,baseline_only,0.16821376864169307,0.49713296896768294,400
mead_part0,20260920,2,sad,baseline_only,0.0,0.0,894
mead_part0,20260920,2,surprise,baseline_only,0.0,0.0,861
mead_part0,20260920,2,angry,relative_plus_baseline,0.11103101330754259,0.06823454296422038,883
mead_part0,20260920,2,happy,relative_plus_baseline,0.24493824540942333,0.22052245000458567,894
mead_part0,20260920,2,neutral,relative_plus_baseline,0.32840593164180637,0.779984133872651,400
mead_part0,20260920,2,sad,relative_plus_baseline,0.03505284362660018,0.01894225956354909,894
mead_part0,20260920,2,surprise,relative_plus_baseline,0.39283638869081916,0.5256723113835056,861
mead_part0,20260920,3,angry,absolute,0.0705595800093174,0.03869320483211292,778
mead_part0,20260920,3,happy,absolute,0.05606480399441848,0.032113817818745415,810
mead_part0,20260920,3,neutral,absolute,0.19251753259172685,0.6625814417363072,360
mead_part0,20260920,3,sad,absolute,0.018880629911496388,0.009956535661879233,808
mead_part0,20260920,3,surprise,absolute,0.30771653856804476,0.3837884210139139,810
mead_part0,20260920,3,angry,relative,0.07827162348363248,0.050204957504703,778
mead_part0,20260920,3,happy,relative,0.24673827329252468,0.2224324722385245,810
mead_part0,20260920,3,neutral,relative,0.385423233496929,0.7697220377690133,360
mead_part0,20260920,3,sad,relative,0.037038072433980475,0.021017153664115083,808
mead_part0,20260920,3,surprise,relative,0.3737933135727459,0.5349731361964558,810
mead_part0,20260920,3,angry,baseline_only,0.0,0.0,778
mead_part0,20260920,3,happy,baseline_only,0.3381834779872388,0.6653536722114368,810
mead_part0,20260920,3,neutral,baseline_only,0.0,0.0,360
mead_part0,20260920,3,sad,baseline_only,0.0,0.0,808
mead_part0,20260920,3,surprise,baseline_only,0.2712504796778951,0.33464632778856496,810
mead_part0,20260920,3,angry,relative_plus_baseline,0.1063416830750851,0.07211116385821177,778
mead_part0,20260920,3,happy,relative_plus_baseline,0.29201873873546375,0.2731808425829954,810
mead_part0,20260920,3,neutral,relative_plus_baseline,0.3837081807342862,0.7778486409482807,360
mead_part0,20260920,3,sad,relative_plus_baseline,0.16759003384502533,0.12345184172348304,808
mead_part0,20260920,3,surprise,relative_plus_baseline,0.3604559343310028,0.4252736888389504,810
mead_part0,20260920,4,angry,absolute,0.029377109271899845,0.015229003965683606,788
mead_part0,20260920,4,happy,absolute,0.03169674428470681,0.01727430219321195,810
mead_part0,20260920,4,neutral,absolute,0.17881955587398682,0.44360111742547487,360
mead_part0,20260920,4,sad,absolute,0.002439022541538143,0.0012376113226434367,808
mead_part0,20260920,4,surprise,absolute,0.3251169653054815,0.5720762501795852,807
mead_part0,20260920,4,angry,relative,0.120799523505086,0.08866953613655373,788
mead_part0,20260920,4,happy,relative,0.23517424554179525,0.22966161053460352,810
mead_part0,20260920,4,neutral,relative,0.37183231871903316,0.8028962606115482,360
mead_part0,20260920,4,sad,relative,0.08111571154799753,0.04588043335654249,808
mead_part0,20260920,4,surprise,relative,0.35596422706960495,0.4275097445098615,807
mead_part0,20260920,4,angry,baseline_only,0.0,0.0,788
mead_part0,20260920,4,happy,baseline_only,0.0,0.0,810
mead_part0,20260920,4,neutral,baseline_only,0.0,0.0,360
mead_part0,20260920,4,sad,baseline_only,0.2999363789883565,0.44470468850885075,808
mead_part0,20260920,4,surprise,baseline_only,0.32068133393033005,0.554737241921277,807
mead_part0,20260920,4,angry,relative_plus_baseline,0.06397720087943637,0.04050968087696017,788
mead_part0,20260920,4,happy,relative_plus_baseline,0.2612066765111848,0.25526921523144,810
mead_part0,20260920,4,neutral,relative_plus_baseline,0.3744807513209477,0.7777424998921352,360
mead_part0,20260920,4,sad,relative_plus_baseline,0.06936612176127951,0.03956643398491067,808
mead_part0,20260920,4,surprise,relative_plus_baseline,0.3737072055853566,0.4973007056731024,807
mead_part0,20260921,0,angry,absolute,0.04836564704992579,0.026627146645885842,863
mead_part0,20260921,0,happy,absolute,0.0636254704733874,0.038568853461794506,894
mead_part0,20260921,0,neutral,absolute,0.22296285436961538,0.5958568476447034,400
mead_part0,20260921,0,sad,absolute,0.019550835832055573,0.01014072286760238,899
mead_part0,20260921,0,surprise,absolute,0.33771667430108726,0.5355990938122953,862
mead_part0,20260921,0,angry,relative,0.10266855236546348,0.06763619270667243,863
mead_part0,20260921,0,happy,relative,0.28072148128346586,0.2602394689039194,894
mead_part0,20260921,0,neutral,relative,0.3859377241919035,0.7897982984118803,400
mead_part0,20260921,0,sad,relative,0.02932122027639795,0.015985672254202683,899
mead_part0,20260921,0,surprise,relative,0.38548768686126245,0.5424644097480903,862
mead_part0,20260921,0,angry,baseline_only,0.0,0.0,863
mead_part0,20260921,0,happy,baseline_only,0.0,0.0,894
mead_part0,20260921,0,neutral,baseline_only,0.16143821302273095,0.3967467673872215,400
mead_part0,20260921,0,sad,baseline_only,0.33369195161344367,0.6028135815974669,899
mead_part0,20260921,0,surprise,baseline_only,0.0,0.0,862
mead_part0,20260921,0,angry,relative_plus_baseline,0.10802374665434461,0.06964854541985833,863
mead_part0,20260921,0,happy,relative_plus_baseline,0.312573570629114,0.29970869266111905,894
mead_part0,20260921,0,neutral,relative_plus_baseline,0.39232482979203,0.7897538949443,400
mead_part0,20260921,0,sad,relative_plus_baseline,0.026249824363155344,0.014456057138999485,899
mead_part0,20260921,0,surprise,relative_plus_baseline,0.4060008429476213,0.5675949803427359,862
mead_part0,20260921,1,angry,absolute,0.07106239575568196,0.03879687978932599,877
mead_part0,20260921,1,happy,absolute,0.06820560489061758,0.03938446354507859,896
mead_part0,20260921,1,neutral,absolute,0.19985338755919918,0.49717658932147785,396
mead_part0,20260921,1,sad,absolute,0.0153930837261457,0.007931131410428088,892
mead_part0,20260921,1,surprise,absolute,0.3297037995563678,0.5586887681389724,893
mead_part0,20260921,1,angry,relative,0.11080411507758395,0.07627308586375199,877
mead_part0,20260921,1,happy,relative,0.27853897264600636,0.2613591821810896,896
mead_part0,20260921,1,neutral,relative,0.3739208176679887,0.800419356198382,396
mead_part0,20260921,1,sad,relative,0.04073577682775591,0.023487311422473754,892
mead_part0,20260921,1,surprise,relative,0.32970454085879,0.4237201482621876,893
mead_part0,20260921,1,angry,baseline_only,0.0,0.0,877
mead_part0,20260921,1,happy,baseline_only,0.31029114108745287,0.4974563634301188,896
mead_part0,20260921,1,neutral,baseline_only,0.0,0.0,396
mead_part0,20260921,1,sad,baseline_only,0.0,0.0,892
mead_part0,20260921,1,surprise,baseline_only,0.30880649738688376,0.4962606888605278,893
mead_part0,20260921,1,angry,relative_plus_baseline,0.08325902704248032,0.05492204075395358,877
mead_part0,20260921,1,happy,relative_plus_baseline,0.29052322137470143,0.2669686188036088,896
mead_part0,20260921,1,neutral,relative_plus_baseline,0.3760752169764073,0.7904089003735834,396
mead_part0,20260921,1,sad,relative_plus_baseline,0.07215496280102623,0.04249749543198715,892
mead_part0,20260921,1,surprise,relative_plus_baseline,0.35751180578402614,0.478233601097435,893
mead_part0,20260921,2,angry,absolute,0.0655718972788791,0.03695202826479949,868
mead_part0,20260921,2,happy,absolute,0.05888125280519154,0.034332773641680255,900
mead_part0,20260921,2,neutral,absolute,0.19183329613331218,0.5802727738449396,400
mead_part0,20260921,2,sad,absolute,0.025961510124882816,0.013659338438477421,890
mead_part0,20260921,2,surprise,absolute,0.32036048656609145,0.4505679148113841,899
mead_part0,20260921,2,angry,relative,0.08226259871983614,0.051839541848675924,868
mead_part0,20260921,2,happy,relative,0.2196086499722506,0.2077400537393085,900
mead_part0,20260921,2,neutral,relative,0.28938958589317487,0.7796201588315563,400
mead_part0,20260921,2,sad,relative,0.04551446305386111,0.02461565030243741,890
mead_part0,20260921,2,surprise,relative,0.30394358029253044,0.33784861114159603,899
mead_part0,20260921,2,angry,baseline_only,0.2757295437598511,0.38937498356641886,868
mead_part0,20260921,2,happy,baseline_only,0.32724056204971463,0.5951386596277352,900
mead_part0,20260921,2,neutral,baseline_only,0.0,0.0,400
mead_part0,20260921,2,sad,baseline_only,0.0,0.0,890
mead_part0,20260921,2,surprise,baseline_only,0.0,0.0,899
mead_part0,20260921,2,angry,relative_plus_baseline,0.09098966940152618,0.05899565977491872,868
mead_part0,20260921,2,happy,relative_plus_baseline,0.21181375985823592,0.19850169026056044,900
mead_part0,20260921,2,neutral,relative_plus_baseline,0.286247798723751,0.7690596051273734,400
mead_part0,20260921,2,sad,relative_plus_baseline,0.061725622948854024,0.034615493576656504,890
mead_part0,20260921,2,surprise,relative_plus_baseline,0.3235499663419168,0.35147280955056515,899
mead_part0,20260921,3,angry,absolute,0.07102801023427395,0.04245394314585196,781
mead_part0,20260921,3,happy,absolute,0.08215418759577615,0.04989923554127341,798
mead_part0,20260921,3,neutral,absolute,0.188277364285061,0.4539132244955233,360
mead_part0,20260921,3,sad,absolute,0.028217827149546154,0.015352652359445062,804
mead_part0,20260921,3,surprise,absolute,0.3200416618405018,0.5126800717398139,807
mead_part0,20260921,3,angry,relative,0.08462157156019855,0.05542506957386227,781
mead_part0,20260921,3,happy,relative,0.21750191223059506,0.20031841901652755,798
mead_part0,20260921,3,neutral,relative,0.3309974917784116,0.7778074485015466,360
mead_part0,20260921,3,sad,relative,0.09800921588229347,0.057158117555709355,804
mead_part0,20260921,3,surprise,relative,0.3333415600778777,0.40829543853602507,807
mead_part0,20260921,3,angry,baseline_only,0.0,0.0,781
mead_part0,20260921,3,happy,baseline_only,0.0,0.0,798
mead_part0,20260921,3,neutral,baseline_only,0.0,0.0,360
mead_part0,20260921,3,sad,baseline_only,0.3011061758867573,0.44597863302727675,804
mead_part0,20260921,3,surprise,baseline_only,0.32281938158434625,0.5557693410933742,807
mead_part0,20260921,3,angry,relative_plus_baseline,0.09507545955955449,0.061538986319702754,781
mead_part0,20260921,3,happy,relative_plus_baseline,0.21905188390593078,0.199098022023291,798
mead_part0,20260921,3,neutral,relative_plus_baseline,0.3328143363883728,0.7777727068179198,360
mead_part0,20260921,3,sad,relative_plus_baseline,0.06848319721644283,0.0384068598591949,804
mead_part0,20260921,3,surprise,relative_plus_baseline,0.31721182715274043,0.4035924876825079,807
mead_part0,20260921,4,angry,absolute,0.017042034684639933,0.008832339386878333,794
mead_part0,20260921,4,happy,absolute,0.03405417091964142,0.01865077066439902,806
mead_part0,20260921,4,neutral,absolute,0.18880982189217596,0.5557073708706284,360
mead_part0,20260921,4,sad,absolute,0.01219523984772525,0.006195978456118129,806
mead_part0,20260921,4,surprise,absolute,0.3202744197468156,0.4962427934029961,808
mead_part0,20260921,4,angry,relative,0.2051540695672016,0.15974982903659282,794
mead_part0,20260921,4,happy,relative,0.2760247649378374,0.30506730484616645,806
mead_part0,20260921,4,neutral,relative,0.37879880524391224,0.7470536004888455,360
mead_part0,20260921,4,sad,relative,0.043213657558530884,0.024849334690099763,806
mead_part0,20260921,4,surprise,relative,0.3216068576886245,0.35481908557100117,808
mead_part0,20260921,4,angry,baseline_only,0.0,0.0,794
mead_part0,20260921,4,happy,baseline_only,0.0,0.0,806
mead_part0,20260921,4,neutral,baseline_only,0.0,0.0,360
mead_part0,20260921,4,sad,baseline_only,0.31962728631126325,0.5534963320098272,806
mead_part0,20260921,4,surprise,baseline_only,0.3003531924955879,0.4453982033419332,808
mead_part0,20260921,4,angry,relative_plus_baseline,0.12168931535210203,0.08940054414505051,794
mead_part0,20260921,4,happy,relative_plus_baseline,0.25221661289224034,0.2629346308860402,806
mead_part0,20260921,4,neutral,relative_plus_baseline,0.3811141619757161,0.766558835745046,360
mead_part0,20260921,4,sad,relative_plus_baseline,0.09901507465003859,0.0606842466851418,806
mead_part0,20260921,4,surprise,relative_plus_baseline,0.3449943708873526,0.39807876613509957,808
mead_part0,20260922,0,angry,absolute,0.04719140832662854,0.02534302291399921,871
mead_part0,20260922,0,happy,absolute,0.06328265511092378,0.037260420404045674,900
mead_part0,20260922,0,neutral,absolute,0.18567647375220794,0.6026194476547213,400
mead_part0,20260922,0,sad,absolute,0.017204317025355312,0.009020711377260047,893
mead_part0,20260922,0,surprise,absolute,0.30187801242548173,0.40324205136011426,893
mead_part0,20260922,0,angry,relative,0.06403951950213871,0.037903196414073,871
mead_part0,20260922,0,happy,relative,0.20135909297204455,0.1883110691498973,900
mead_part0,20260922,0,neutral,relative,0.2764313008633491,0.8424797369646121,400
mead_part0,20260922,0,sad,relative,0.06166984580532176,0.033484952198696356,893
mead_part0,20260922,0,surprise,relative,0.3049955272701831,0.30593393639491123,893
mead_part0,20260922,0,angry,baseline_only,0.0,0.0,871
mead_part0,20260922,0,happy,baseline_only,0.3284981135525336,0.5974943175444535,900
mead_part0,20260922,0,neutral,baseline_only,0.0,0.0,400
mead_part0,20260922,0,sad,baseline_only,0.0,0.0,893
mead_part0,20260922,0,surprise,baseline_only,0.28687938035429505,0.39770392238022995,893
mead_part0,20260922,0,angry,relative_plus_baseline,0.05805913786751646,0.03446556155872807,871
mead_part0,20260922,0,happy,relative_plus_baseline,0.20468093416809297,0.1915985405545375,900
mead_part0,20260922,0,neutral,relative_plus_baseline,0.27287474965949116,0.844749756827019,400
mead_part0,20260922,0,sad,relative_plus_baseline,0.05687578677536864,0.031198766519711214,893
mead_part0,20260922,0,surprise,relative_plus_baseline,0.3040920513691507,0.2959965111201409,893
mead_part0,20260922,1,angry,absolute,0.025993727192774926,0.013600659251991049,882
mead_part0,20260922,1,happy,absolute,0.04816833308103467,0.026766788550121795,896
mead_part0,20260922,1,neutral,absolute,0.1849326018634195,0.4867979500693602,400
mead_part0,20260922,1,sad,absolute,0.01531671372724077,0.007794870649667617,898
mead_part0,20260922,1,surprise,absolute,0.31635281706796,0.5310214786998404,894
mead_part0,20260922,1,angry,relative,0.17074824908817474,0.1304704166365747,882
mead_part0,20260922,1,happy,relative,0.27836002853070196,0.26460626834219014,896
mead_part0,20260922,1,neutral,relative,0.3686802820720459,0.7952126233142859,400
mead_part0,20260922,1,sad,relative,0.07958661510511592,0.047949308416863665,898
mead_part0,20260922,1,surprise,relative,0.2943363062649711,0.3425732641376662,894
mead_part0,20260922,1,angry,baseline_only,0.0,0.0,882
mead_part0,20260922,1,happy,baseline_only,0.0,0.0,896
mead_part0,20260922,1,neutral,baseline_only,0.0,0.0,400
mead_part0,20260922,1,sad,baseline_only,0.31170686535844233,0.5003522663737604,898
mead_part0,20260922,1,surprise,baseline_only,0.3109988351862824,0.5007604562899499,894
mead_part0,20260922,1,angry,relative_plus_baseline,0.12674013302743345,0.0885434049189686,882
mead_part0,20260922,1,happy,relative_plus_baseline,0.28831392037338593,0.26901295356231425,896
mead_part0,20260922,1,neutral,relative_plus_baseline,0.3740699526875554,0.7852424953736575,400
mead_part0,20260922,1,sad,relative_plus_baseline,0.10260853738589792,0.06454723770006722,898
mead_part0,20260922,1,surprise,relative_plus_baseline,0.3561198762568938,0.443436958235484,894
mead_part0,20260922,2,angry,absolute,0.05128041495322878,0.029403449369744792,862
mead_part0,20260922,2,happy,absolute,0.10917009724990909,0.06933507662245875,885
mead_part0,20260922,2,neutral,absolute,0.21039341051195046,0.7033110210815575,400
mead_part0,20260922,2,sad,absolute,0.0196735745078123,0.010171767519006539,896
mead_part0,20260922,2,surprise,absolute,0.3073621751597981,0.3735982719838226,865
mead_part0,20260922,2,angry,relative,0.12700257991254757,0.0902650375825662,862
mead_part0,20260922,2,happy,relative,0.29418529453393505,0.28351076183434337,885
mead_part0,20260922,2,neutral,relative,0.4239448697436072,0.7496539819569145,400
mead_part0,20260922,2,sad,relative,0.027818798357308536,0.014843760354158278,896
mead_part0,20260922,2,surprise,relative,0.41161149919271245,0.5986339565010167,865
mead_part0,20260922,2,angry,baseline_only,0.0,0.0,862
mead_part0,20260922,2,happy,baseline_only,0.0,0.0,885
mead_part0,20260922,2,neutral,baseline_only,0.15376198691564438,0.30201621189596073,400
mead_part0,20260922,2,sad,baseline_only,0.34620368268848534,0.7012114521165046,896
mead_part0,20260922,2,surprise,baseline_only,0.0,0.0,865
mead_part0,20260922,2,angry,relative_plus_baseline,0.137526465895068,0.09662758260004953,862
mead_part0,20260922,2,happy,relative_plus_baseline,0.32349805561827955,0.3255736895223571,885
mead_part0,20260922,2,neutral,relative_plus_baseline,0.4243908718215172,0.7698766236560834,400
mead_part0,20260922,2,sad,relative_plus_baseline,0.0632845007322041,0.03750457489231151,896
mead_part0,20260922,2,surprise,relative_plus_baseline,0.4033576424448328,0.5389399181076082,865
mead_part0,20260922,3,angry,absolute,0.039437813411987314,0.021462723525782237,793
mead_part0,20260922,3,happy,absolute,0.060251141392467955,0.03499238853266252,803
mead_part0,20260922,3,neutral,absolute,0.2223181929504877,0.4432008460875041,356
mead_part0,20260922,3,sad,absolute,0.04222937364315333,0.023775029152950725,803
mead_part0,20260922,3,surprise,absolute,0.3656636673595424,0.6807087694498151,807
mead_part0,20260922,3,angry,relative,0.04396300578975927,0.023949359471565713,793
mead_part0,20260922,3,happy,relative,0.24793488885950873,0.22166137224286764,803
mead_part0,20260922,3,neutral,relative,0.4097664570873317,0.7467132438501469,356
mead_part0,20260922,3,sad,relative,0.03620420776428216,0.02228634244067618,803
mead_part0,20260922,3,surprise,relative,0.3625737982628852,0.5701762326752703,807
mead_part0,20260922,3,angry,baseline_only,0.0,0.0,793
mead_part0,20260922,3,happy,baseline_only,0.0,0.0,803
mead_part0,20260922,3,neutral,baseline_only,0.0,0.0,356
mead_part0,20260922,3,sad,baseline_only,0.29911537890689754,0.44438405853632823,803
mead_part0,20260922,3,surprise,baseline_only,0.3217506658859471,0.5553454173342119,807
mead_part0,20260922,3,angry,relative_plus_baseline,0.060028909409921755,0.03509634256769218,793
mead_part0,20260922,3,happy,relative_plus_baseline,0.22799493225915393,0.19455664174228124,803
mead_part0,20260922,3,neutral,relative_plus_baseline,0.41526460482427363,0.7581000219301366,356
mead_part0,20260922,3,sad,relative_plus_baseline,0.01104168342605448,0.006260867942755865,803
mead_part0,20260922,3,surprise,relative_plus_baseline,0.3715156004826768,0.6021258377168953,807
mead_part0,20260922,4,angry,absolute,0.0744949978146697,0.04130302623923763,775
mead_part0,20260922,4,happy,absolute,0.058083673561861705,0.03439481961265127,810
mead_part0,20260922,4,neutral,absolute,0.192188622920823,0.4339275010060431,360
mead_part0,20260922,4,sad,absolute,0.00978323015779096,0.0050962072008450925,801
mead_part0,20260922,4,surprise,absolute,0.32506918677679497,0.5683424141016107,810
mead_part0,20260922,4,angry,relative,0.14963101703196008,0.11188035979356091,775
mead_part0,20260922,4,happy,relative,0.25087841650995835,0.2709946548794735,810
mead_part0,20260922,4,neutral,relative,0.3167374840434057,0.7493956544900003,360
mead_part0,20260922,4,sad,relative,0.06621937380832124,0.03867109627203151,801
mead_part0,20260922,4,surprise,relative,0.2418033238945387,0.23337335190566066,810
mead_part0,20260922,4,angry,baseline_only,0.0,0.0,775
mead_part0,20260922,4,happy,baseline_only,0.2997407140098849,0.4422191093055148,810
mead_part0,20260922,4,neutral,baseline_only,0.0,0.0,360
mead_part0,20260922,4,sad,baseline_only,0.0,0.0,801
mead_part0,20260922,4,surprise,baseline_only,0.3244471167685471,0.5577808906944758,810
mead_part0,20260922,4,angry,relative_plus_baseline,0.12075761095079864,0.0928810743155544,775
mead_part0,20260922,4,happy,relative_plus_baseline,0.24699978288401078,0.2525118013206977,810
mead_part0,20260922,4,neutral,relative_plus_baseline,0.317142864211346,0.7051175256043481,360
mead_part0,20260922,4,sad,relative_plus_baseline,0.049182689812628626,0.027341973601437294,801
mead_part0,20260922,4,surprise,relative_plus_baseline,0.2941687956694196,0.3217108982528367,810
ravdess_speech,20260920,0,angry,absolute,0.35088167102716344,0.7338078291814948,37
ravdess_speech,20260920,0,happy,absolute,0.21618282890673257,0.17691659646166813,39
ravdess_speech,20260920,0,neutral,absolute,0.2464278318492441,0.19546649145860706,20
ravdess_speech,20260920,0,sad,absolute,0.1374768946395564,0.09773324572930356,40
ravdess_speech,20260920,0,surprise,absolute,0.0,0.0,40
ravdess_speech,20260920,0,angry,relative,0.30374591379217974,0.37820284697508905,37
ravdess_speech,20260920,0,happy,relative,0.19691495275152865,0.17906486941870264,39
ravdess_speech,20260920,0,neutral,relative,0.43859378217006406,0.6998193166885677,20
ravdess_speech,20260920,0,sad,relative,0.1800764673753204,0.17600197109067023,40
ravdess_speech,20260920,0,surprise,relative,0.04281966066118594,0.025131406044678062,40
ravdess_speech,20260920,0,angry,baseline_only,0.21685649202733487,0.21174377224199292,37
ravdess_speech,20260920,0,happy,baseline_only,0.0,0.0,39
ravdess_speech,20260920,0,neutral,baseline_only,0.0,0.0,20
ravdess_speech,20260920,0,sad,baseline_only,0.356114584848045,0.8045335085413933,40
ravdess_speech,20260920,0,surprise,baseline_only,0.0,0.0,40
ravdess_speech,20260920,0,angry,relative_plus_baseline,0.3361443284716945,0.4326512455516015,37
ravdess_speech,20260920,0,happy,relative_plus_baseline,0.12270149510225126,0.07518955349620894,39
ravdess_speech,20260920,0,neutral,relative_plus_baseline,0.46764722024038213,0.6998193166885677,20
ravdess_speech,20260920,0,sad,relative_plus_baseline,0.1664541977781825,0.1501314060446781,40
ravdess_speech,20260920,0,surprise,relative_plus_baseline,0.31134913691936766,0.299605781865966,40
ravdess_speech,20260920,1,angry,absolute,0.4468325791855209,0.5741279069767444,40
ravdess_speech,20260920,1,happy,absolute,0.10793650793650794,0.07412790697674419,40
ravdess_speech,20260920,1,neutral,absolute,0.26229508196721346,0.6046511627906976,20
ravdess_speech,20260920,1,sad,absolute,0.0,0.0,38
ravdess_speech,20260920,1,surprise,absolute,0.09446693657219975,0.05087209302325582,40
ravdess_speech,20260920,1,angry,relative,0.38698224852071045,0.4752906976744188,40
ravdess_speech,20260920,1,happy,relative,0.0,0.0,40
ravdess_speech,20260920,1,neutral,relative,0.4744094488188978,0.7005813953488372,20
ravdess_speech,20260920,1,sad,relative,0.3444374607165308,0.42024539877300626,38
ravdess_speech,20260920,1,surprise,relative,0.21616712079927344,0.17296511627906982,40
ravdess_speech,20260920,1,angry,baseline_only,0.3296354992076076,0.6046511627906979,40
ravdess_speech,20260920,1,happy,baseline_only,0.0,0.0,40
ravdess_speech,20260920,1,neutral,baseline_only,0.0,0.0,20
ravdess_speech,20260920,1,sad,baseline_only,0.28997867803837996,0.4171779141104296,38
ravdess_speech,20260920,1,surprise,baseline_only,0.0,0.0,40
ravdess_speech,20260920,1,angry,relative_plus_baseline,0.3865336658354118,0.4505813953488374,40
ravdess_speech,20260920,1,happy,relative_plus_baseline,0.15401785714285712,0.10029069767441862,40
ravdess_speech,20260920,1,neutral,relative_plus_baseline,0.46660212971926446,0.7005813953488372,20
ravdess_speech,20260920,1,sad,relative_plus_baseline,0.33454987834549915,0.4217791411042946,38
ravdess_speech,20260920,1,surprise,relative_plus_baseline,0.21633085896076357,0.1482558139534884,40
ravdess_speech,20260920,2,angry,absolute,0.33563218390804633,0.6517857142857143,36
ravdess_speech,20260920,2,happy,absolute,0.11180124223602482,0.07758620689655171,37
ravdess_speech,20260920,2,neutral,absolute,0.26249999999999996,0.328125,20
ravdess_speech,20260920,2,sad,absolute,0.07407407407407406,0.049999999999999996,38
ravdess_speech,20260920,2,surprise,absolute,0.0,0.0,40
ravdess_speech,20260920,2,angry,relative,0.2400000000000001,0.2678571428571429,36
ravdess_speech,20260920,2,happy,relative,0.16438356164383558,0.10344827586206895,37
ravdess_speech,20260920,2,neutral,relative,0.3832335329341317,0.5,20
ravdess_speech,20260920,2,sad,relative,0.2805970149253735,0.3916666666666667,38
ravdess_speech,20260920,2,surprise,relative,0.26373626373626385,0.1875000000000001,40
ravdess_speech,20260920,2,angry,baseline_only,0.2926829268292687,0.42857142857142866,36
ravdess_speech,20260920,2,happy,baseline_only,0.0,0.0,37
ravdess_speech,20260920,2,neutral,baseline_only,0.0,0.0,20
ravdess_speech,20260920,2,sad,baseline_only,0.3243243243243247,0.6000000000000001,38
ravdess_speech,20260920,2,surprise,baseline_only,0.0,0.0,40
ravdess_speech,20260920,2,angry,relative_plus_baseline,0.2264150943396228,0.2678571428571429,36
ravdess_speech,20260920,2,happy,relative_plus_baseline,0.23225806451612904,0.15517241379310345,37
ravdess_speech,20260920,2,neutral,relative_plus_baseline,0.3566878980891719,0.4375,20
ravdess_speech,20260920,2,sad,relative_plus_baseline,0.27810650887573996,0.3916666666666667,38
ravdess_speech,20260920,2,surprise,relative_plus_baseline,0.1454545454545455,0.09375000000000004,40
ravdess_speech,20260920,3,angry,absolute,0.34408602150537665,0.4000000000000002,40
ravdess_speech,20260920,3,happy,absolute,0.045454545454545456,0.025,40
ravdess_speech,20260920,3,neutral,absolute,0.31067961165048597,0.8,20
ravdess_speech,20260920,3,sad,absolute,0.2461538461538462,0.20000000000000007,40
ravdess_speech,20260920,3,surprise,absolute,0.10909090909090909,0.07500000000000001,40
ravdess_speech,20260920,3,angry,relative,0.42622950819672195,0.6500000000000002,40
ravdess_speech,20260920,3,happy,relative,0.12765957446808512,0.07500000000000001,40
ravdess_speech,20260920,3,neutral,relative,0.40000000000000036,0.7000000000000001,20
ravdess_speech,20260920,3,sad,relative,0.23880597014925378,0.20000000000000007,40
ravdess_speech,20260920,3,surprise,relative,0.1851851851851852,0.12500000000000003,40
ravdess_speech,20260920,3,angry,baseline_only,0.34782608695652256,0.8000000000000004,40
ravdess_speech,20260920,3,happy,baseline_only,0.0,0.0,40
ravdess_speech,20260920,3,neutral,baseline_only,0.0,0.0,20
ravdess_speech,20260920,3,sad,baseline_only,0.21052631578947373,0.20000000000000007,40
ravdess_speech,20260920,3,surprise,baseline_only,0.0,0.0,40
ravdess_speech,20260920,3,angry,relative_plus_baseline,0.4173913043478266,0.6000000000000003,40
ravdess_speech,20260920,3,happy,relative_plus_baseline,0.1639344262295082,0.12500000000000003,40
ravdess_speech,20260920,3,neutral,relative_plus_baseline,0.4383561643835621,0.8,20
ravdess_speech,20260920,3,sad,relative_plus_baseline,0.276923076923077,0.2250000000000001,40
ravdess_speech,20260920,3,surprise,relative_plus_baseline,0.13043478260869565,0.07500000000000001,40
ravdess_speech,20260920,4,angry,absolute,0.05882352941176469,0.030303030303030297,32
ravdess_speech,20260920,4,happy,absolute,0.12765957446808504,0.09090909090909087,32
ravdess_speech,20260920,4,neutral,absolute,0.24817518248175197,0.5151515151515151,16
ravdess_speech,20260920,4,sad,absolute,0.2683438155136268,0.28070175438596484,28
ravdess_speech,20260920,4,surprise,absolute,0.3042789223454834,0.36363636363636365,32
ravdess_speech,20260920,4,angry,relative,0.4089979550102249,0.37878787878787873,32
ravdess_speech,20260920,4,happy,relative,0.23940149625935156,0.18181818181818177,32
ravdess_speech,20260920,4,neutral,relative,0.42649434571890193,1.0,16
ravdess_speech,20260920,4,sad,relative,0.1606118546845124,0.18421052631578944,28
ravdess_speech,20260920,4,surprise,relative,0.0,0.0,32
ravdess_speech,20260920,4,angry,baseline_only,0.323809523809524,0.5151515151515151,32
ravdess_speech,20260920,4,happy,baseline_only,0.0,0.0,32
ravdess_speech,20260920,4,neutral,baseline_only,0.18079096045197768,0.48484848484848486,16
ravdess_speech,20260920,4,sad,baseline_only,0.0,0.0,28
ravdess_speech,20260920,4,surprise,baseline_only,0.0,0.0,32
ravdess_speech,20260920,4,angry,relative_plus_baseline,0.37254901960784315,0.28787878787878785,32
ravdess_speech,20260920,4,happy,relative_plus_baseline,0.1658031088082901,0.12121212121212116,32
ravdess_speech,20260920,4,neutral,relative_plus_baseline,0.42649434571890193,1.0,16
ravdess_speech,20260920,4,sad,relative_plus_baseline,0.16568047337278102,0.18421052631578944,28
ravdess_speech,20260920,4,surprise,relative_plus_baseline,0.20833333333333331,0.15151515151515152,32
ravdess_speech,20260921,0,angry,absolute,0.3305213236086663,0.6963755828740992,35
ravdess_speech,20260921,0,happy,absolute,0.12595300983863714,0.07770251038879719,37
ravdess_speech,20260921,0,neutral,absolute,0.3454190849918932,0.3798057048367094,20
ravdess_speech,20260921,0,sad,absolute,0.14102450152579032,0.10367659871057677,36
ravdess_speech,20260921,0,surprise,absolute,0.041448277374503836,0.02441608102521704,40
ravdess_speech,20260921,0,angry,relative,0.33872468923866095,0.4958820323381578,35
ravdess_speech,20260921,0,happy,relative,0.11401484698831661,0.07770251038879719,37
ravdess_speech,20260921,0,neutral,relative,0.4129792363325297,0.5488321620504341,20
ravdess_speech,20260921,0,sad,relative,0.29070340020959345,0.3343207295115294,36
ravdess_speech,20260921,0,surprise,relative,0.07969355311275815,0.04743695742042167,40
ravdess_speech,20260921,0,angry,baseline_only,0.3022017556482951,0.44510385756676557,35
ravdess_speech,20260921,0,happy,baseline_only,0.0,0.0,37
ravdess_speech,20260921,0,neutral,baseline_only,0.0,0.0,20
ravdess_speech,20260921,0,sad,baseline_only,0.330581544670703,0.6279839693326367,36
ravdess_speech,20260921,0,surprise,baseline_only,0.0,0.0,40
ravdess_speech,20260921,0,angry,relative_plus_baseline,0.3778552453560606,0.579270877490462,35
ravdess_speech,20260921,0,happy,relative_plus_baseline,0.11828679130830391,0.07770251038879719,37
ravdess_speech,20260921,0,neutral,relative_plus_baseline,0.4202716471949904,0.5488321620504341,20
ravdess_speech,20260921,0,sad,relative_plus_baseline,0.27923956377055137,0.30766103270023826,36
ravdess_speech,20260921,0,surprise,relative_plus_baseline,0.07737204745148445,0.04743695742042167,40
ravdess_speech,20260921,1,angry,absolute,0.2882882882882887,0.4000000000000002,40
ravdess_speech,20260921,1,happy,absolute,0.11320754716981132,0.07500000000000001,40
ravdess_speech,20260921,1,neutral,absolute,0.311688311688312,0.6,20
ravdess_speech,20260921,1,sad,absolute,0.26470588235294124,0.2250000000000001,40
ravdess_speech,20260921,1,surprise,absolute,0.0784313725490196,0.05,40
ravdess_speech,20260921,1,angry,relative,0.27450980392156893,0.35000000000000014,40
ravdess_speech,20260921,1,happy,relative,0.14814814814814814,0.1,40
ravdess_speech,20260921,1,neutral,relative,0.40000000000000036,0.7000000000000001,20
ravdess_speech,20260921,1,sad,relative,0.3947368421052633,0.37500000000000017,40
ravdess_speech,20260921,1,surprise,relative,0.24137931034482762,0.17500000000000004,40
ravdess_speech,20260921,1,angry,baseline_only,0.32432432432432495,0.6000000000000003,40
ravdess_speech,20260921,1,happy,baseline_only,0.0,0.0,40
ravdess_speech,20260921,1,neutral,baseline_only,0.0,0.0,20
ravdess_speech,20260921,1,sad,baseline_only,0.28571428571428614,0.4000000000000002,40
ravdess_speech,20260921,1,surprise,baseline_only,0.0,0.0,40
ravdess_speech,20260921,1,angry,relative_plus_baseline,0.2376237623762379,0.30000000000000016,40
ravdess_speech,20260921,1,happy,relative_plus_baseline,0.2622950819672132,0.20000000000000007,40
ravdess_speech,20260921,1,neutral,relative_plus_baseline,0.347826086956522,0.6,20
ravdess_speech,20260921,1,sad,relative_plus_baseline,0.36363636363636376,0.35000000000000014,40
ravdess_speech,20260921,1,surprise,relative_plus_baseline,0.19230769230769232,0.12500000000000003,40
ravdess_speech,20260921,2,angry,absolute,0.04761904761904762,0.024390243902439025,40
ravdess_speech,20260921,2,happy,absolute,0.1111111111111111,0.07317073170731707,40
ravdess_speech,20260921,2,neutral,absolute,0.25380710659898503,0.6097560975609756,20
ravdess_speech,20260921,2,sad,absolute,0.06941431670281993,0.05479452054794518,36
ravdess_speech,20260921,2,surprise,absolute,0.29663962920046383,0.3902439024390245,40
ravdess_speech,20260921,2,angry,relative,0.0,0.0,40
ravdess_speech,20260921,2,happy,relative,0.18635607321131448,0.1707317073170732,40
ravdess_speech,20260921,2,neutral,relative,0.45051194539249184,0.8048780487804879,20
ravdess_speech,20260921,2,sad,relative,0.20000000000000007,0.2260273972602739,36
ravdess_speech,20260921,2,surprise,relative,0.06966618287373005,0.07317073170731707,40
ravdess_speech,20260921,2,angry,baseline_only,0.33557046979865823,0.6097560975609758,40
ravdess_speech,20260921,2,happy,baseline_only,0.0,0.0,40
ravdess_speech,20260921,2,neutral,baseline_only,0.0,0.0,20
ravdess_speech,20260921,2,sad,baseline_only,0.29493087557603725,0.4383561643835616,36
ravdess_speech,20260921,2,surprise,baseline_only,0.0,0.0,40
ravdess_speech,20260921,2,angry,relative_plus_baseline,0.19793814432989695,0.14634146341463417,40
ravdess_speech,20260921,2,happy,relative_plus_baseline,0.07673860911270983,0.04878048780487805,40
ravdess_speech,20260921,2,neutral,relative_plus_baseline,0.43781094527363223,0.8048780487804879,20
ravdess_speech,20260921,2,sad,relative_plus_baseline,0.2330708661417323,0.25342465753424653,36
ravdess_speech,20260921,2,surprise,relative_plus_baseline,0.25945945945945964,0.2926829268292684,40
ravdess_speech,20260921,3,angry,absolute,0.45544554455445596,0.5750000000000003,40
ravdess_speech,20260921,3,happy,absolute,0.04761904761904762,0.025,40
ravdess_speech,20260921,3,neutral,absolute,0.27906976744186085,0.6,20
ravdess_speech,20260921,3,sad,absolute,0.23684210526315794,0.2250000000000001,40
ravdess_speech,20260921,3,surprise,absolute,0.10909090909090909,0.07500000000000001,40
ravdess_speech,20260921,3,angry,relative,0.40000000000000036,0.4750000000000002,40
ravdess_speech,20260921,3,happy,relative,0.0,0.0,40
ravdess_speech,20260921,3,neutral,relative,0.44444444444444486,0.8,20
ravdess_speech,20260921,3,sad,relative,0.2608695652173915,0.30000000000000016,40
ravdess_speech,20260921,3,surprise,relative,0.20000000000000004,0.15000000000000005,40
ravdess_speech,20260921,3,angry,baseline_only,0.32432432432432495,0.6000000000000003,40
ravdess_speech,20260921,3,happy,baseline_only,0.0,0.0,40
ravdess_speech,20260921,3,neutral,baseline_only,0.0,0.0,20
ravdess_speech,20260921,3,sad,baseline_only,0.28571428571428614,0.4000000000000002,40
ravdess_speech,20260921,3,surprise,baseline_only,0.0,0.0,40
ravdess_speech,20260921,3,angry,relative_plus_baseline,0.40860215053763477,0.4750000000000002,40
ravdess_speech,20260921,3,happy,relative_plus_baseline,0.11538461538461538,0.07500000000000001,40
ravdess_speech,20260921,3,neutral,relative_plus_baseline,0.48648648648648696,0.9,20
ravdess_speech,20260921,3,sad,relative_plus_baseline,0.22727272727272743,0.2500000000000001,40
ravdess_speech,20260921,3,surprise,relative_plus_baseline,0.22641509433962267,0.15000000000000005,40
ravdess_speech,20260921,4,angry,absolute,0.3879215276568582,0.7346120026379424,30
ravdess_speech,20260921,4,happy,absolute,0.13170589095161522,0.09562725535979619,31
ravdess_speech,20260921,4,neutral,absolute,0.19826724425191594,0.24465460526315783,16
ravdess_speech,20260921,4,sad,absolute,0.2028762026080252,0.15553042763157893,32
ravdess_speech,20260921,4,surprise,absolute,0.0,0.0,32
ravdess_speech,20260921,4,angry,relative,0.305942995755003,0.3327104858210595,30
ravdess_speech,20260921,4,happy,relative,0.16656393397712482,0.12905964763319885,31
ravdess_speech,20260921,4,neutral,relative,0.4223411951960644,0.7501027960526315,16
ravdess_speech,20260921,4,sad,relative,0.14988367544419517,0.18708881578947362,32
ravdess_speech,20260921,4,surprise,relative,0.0,0.0,32
ravdess_speech,20260921,4,angry,baseline_only,0.24030694668820676,0.2615959551549791,30
ravdess_speech,20260921,4,happy,baseline_only,0.0,0.0,31
ravdess_speech,20260921,4,neutral,baseline_only,0.0,0.0,16
ravdess_speech,20260921,4,sad,baseline_only,0.3510917865163177,0.755345394736842,32
ravdess_speech,20260921,4,surprise,baseline_only,0.0,0.0,32
ravdess_speech,20260921,4,angry,relative_plus_baseline,0.31585537642823597,0.3327104858210595,30
ravdess_speech,20260921,4,happy,relative_plus_baseline,0.05768578215134033,0.03157503714710252,31
ravdess_speech,20260921,4,neutral,relative_plus_baseline,0.43762744392467323,0.7501027960526315,16
ravdess_speech,20260921,4,sad,relative_plus_baseline,0.1917258482696427,0.21854440789473684,32
ravdess_speech,20260921,4,surprise,relative_plus_baseline,0.2834495878249841,0.2527240953947368,32
ravdess_speech,20260922,0,angry,absolute,0.3636789141118657,0.566326530612245,39
ravdess_speech,20260922,0,happy,absolute,0.0,0.0,40
ravdess_speech,20260922,0,neutral,absolute,0.2958788305741462,0.5965909090909092,20
ravdess_speech,20260922,0,sad,absolute,0.10299166257969593,0.07457386363636365,40
ravdess_speech,20260922,0,surprise,absolute,0.07954545454545454,0.049715909090909095,40
ravdess_speech,20260922,0,angry,relative,0.32109354060573614,0.436588921282799,39
ravdess_speech,20260922,0,happy,relative,0.10110736639383726,0.07457386363636365,40
ravdess_speech,20260922,0,neutral,relative,0.4236453201970444,0.5497159090909091,20
ravdess_speech,20260922,0,sad,relative,0.42248184401641964,0.47514204545454564,40
ravdess_speech,20260922,0,surprise,relative,0.23581757508342607,0.15056818181818185,40
ravdess_speech,20260922,0,angry,baseline_only,0.32608695652173975,0.6122448979591839,39
ravdess_speech,20260922,0,happy,baseline_only,0.0,0.0,40
ravdess_speech,20260922,0,neutral,baseline_only,0.0,0.0,20
ravdess_speech,20260922,0,sad,baseline_only,0.28920570264765827,0.4034090909090911,40
ravdess_speech,20260922,0,surprise,baseline_only,0.0,0.0,40
ravdess_speech,20260922,0,angry,relative_plus_baseline,0.3117598457725148,0.4125364431486882,39
ravdess_speech,20260922,0,happy,relative_plus_baseline,0.2613159122725152,0.19886363636363644,40
ravdess_speech,20260922,0,neutral,relative_plus_baseline,0.444913020558777,0.5994318181818182,20
ravdess_speech,20260922,0,sad,relative_plus_baseline,0.39084967320261466,0.4247159090909093,40
ravdess_speech,20260922,0,surprise,relative_plus_baseline,0.15195291599785982,0.10085227272727273,40
ravdess_speech,20260922,1,angry,absolute,0.43278998346326547,0.6505681818181821,40
ravdess_speech,20260922,1,happy,absolute,0.16674561819043107,0.12827988338192423,39
ravdess_speech,20260922,1,neutral,absolute,0.2618045815801777,0.3977272727272727,20
ravdess_speech,20260922,1,sad,absolute,0.33008952899961086,0.30113636363636376,40
ravdess_speech,20260922,1,surprise,absolute,0.04521963824289406,0.024857954545454548,40
ravdess_speech,20260922,1,angry,relative,0.4037876225904636,0.42400568181818205,40
ravdess_speech,20260922,1,happy,relative,0.22202166064981954,0.17930029154518953,39
ravdess_speech,20260922,1,neutral,relative,0.3577413479052828,0.6974431818181819,20
ravdess_speech,20260922,1,sad,relative,0.1546717171717173,0.17400568181818188,40
ravdess_speech,20260922,1,surprise,relative,0.0,0.0,40
ravdess_speech,20260922,1,angry,baseline_only,0.28513238289205745,0.39772727272727293,40
ravdess_speech,20260922,1,happy,baseline_only,0.0,0.0,39
ravdess_speech,20260922,1,neutral,baseline_only,0.0,0.0,20
ravdess_speech,20260922,1,sad,baseline_only,0.3269082498072481,0.6022727272727275,40
ravdess_speech,20260922,1,surprise,baseline_only,0.0,0.0,40
ravdess_speech,20260922,1,angry,relative_plus_baseline,0.3655310621242486,0.3238636363636365,40
ravdess_speech,20260922,1,happy,relative_plus_baseline,0.11070110701107011,0.07653061224489796,39
ravdess_speech,20260922,1,neutral,relative_plus_baseline,0.3577413479052828,0.6974431818181819,20
ravdess_speech,20260922,1,sad,relative_plus_baseline,0.12131715771230506,0.12428977272727275,40
ravdess_speech,20260922,1,surprise,relative_plus_baseline,0.24670287044220332,0.22585227272727282,40
ravdess_speech,20260922,2,angry,absolute,0.355582524271845,0.425872093023256,40
ravdess_speech,20260922,2,happy,absolute,0.04539722572509458,0.026162790697674423,40
ravdess_speech,20260922,2,neutral,absolute,0.33353474320241744,0.8023255813953489,20
ravdess_speech,20260922,2,sad,absolute,0.09604519774011298,0.07822085889570551,38
ravdess_speech,20260922,2,surprise,absolute,0.1101871101871102,0.07703488372093024,40
ravdess_speech,20260922,2,angry,relative,0.40332031250000056,0.6002906976744189,40
ravdess_speech,20260922,2,happy,relative,0.11643835616438357,0.07412790697674419,40
ravdess_speech,20260922,2,neutral,relative,0.41840277777777807,0.7005813953488372,20
ravdess_speech,20260922,2,sad,relative,0.14553014553014554,0.10736196319018405,38
ravdess_speech,20260922,2,surprise,relative,0.15711645101663588,0.123546511627907,40
ravdess_speech,20260922,2,angry,baseline_only,0.3520408163265314,0.8023255813953492,40
ravdess_speech,20260922,2,happy,baseline_only,0.0,0.0,40
ravdess_speech,20260922,2,neutral,baseline_only,0.0,0.0,20
ravdess_speech,20260922,2,sad,baseline_only,0.21518987341772153,0.20858895705521477,38
ravdess_speech,20260922,2,surprise,baseline_only,0.0,0.0,40
ravdess_speech,20260922,2,angry,relative_plus_baseline,0.40332031250000056,0.6002906976744189,40
ravdess_speech,20260922,2,happy,relative_plus_baseline,0.0,0.0,40
ravdess_speech,20260922,2,neutral,relative_plus_baseline,0.4704875962360996,0.7994186046511629,20
ravdess_speech,20260922,2,sad,relative_plus_baseline,0.18087318087318086,0.1334355828220859,38
ravdess_speech,20260922,2,surprise,relative_plus_baseline,0.1697171381031614,0.1482558139534884,40
ravdess_speech,20260922,3,angry,absolute,0.31877729257641957,0.6517857142857143,36
ravdess_speech,20260922,3,happy,absolute,0.07142857142857141,0.051724137931034475,37
ravdess_speech,20260922,3,neutral,absolute,0.18461538461538454,0.18749999999999997,20
ravdess_speech,20260922,3,sad,absolute,0.14285714285714285,0.1,38
ravdess_speech,20260922,3,surprise,absolute,0.038461538461538464,0.023437500000000003,40
ravdess_speech,20260922,3,angry,relative,0.24626865671641807,0.29464285714285715,36
ravdess_speech,20260922,3,happy,relative,0.20809248554913296,0.15517241379310345,37
ravdess_speech,20260922,3,neutral,relative,0.448430493273543,0.7812500000000001,20
ravdess_speech,20260922,3,sad,relative,0.1914893617021278,0.2250000000000001,38
ravdess_speech,20260922,3,surprise,relative,0.08955223880597016,0.04687500000000001,40
ravdess_speech,20260922,3,angry,baseline_only,0.2181818181818182,0.2142857142857143,36
ravdess_speech,20260922,3,happy,baseline_only,0.0,0.0,37
ravdess_speech,20260922,3,neutral,baseline_only,0.0,0.0,20
ravdess_speech,20260922,3,sad,baseline_only,0.3478260869565223,0.8000000000000004,38
ravdess_speech,20260922,3,surprise,baseline_only,0.0,0.0,40
ravdess_speech,20260922,3,angry,relative_plus_baseline,0.25441696113074225,0.32142857142857145,36
ravdess_speech,20260922,3,happy,relative_plus_baseline,0.04545454545454545,0.025862068965517238,37
ravdess_speech,20260922,3,neutral,relative_plus_baseline,0.4433962264150946,0.7343750000000001,20
ravdess_speech,20260922,3,sad,relative_plus_baseline,0.23443223443223454,0.2666666666666667,38
ravdess_speech,20260922,3,surprise,relative_plus_baseline,0.2333333333333334,0.16406250000000006,40
ravdess_speech,20260922,4,angry,absolute,0.10985460420032307,0.06378986866791743,30
ravdess_speech,20260922,4,happy,absolute,0.052604435275915414,0.033611599297012296,32
ravdess_speech,20260922,4,neutral,absolute,0.2369823698236983,0.5079086115992969,16
ravdess_speech,20260922,4,sad,absolute,0.16798539257455872,0.14010152284263958,28
ravdess_speech,20260922,4,surprise,absolute,0.3472786016071579,0.460456942003515,32
ravdess_speech,20260922,4,angry,relative,0.445996387718242,0.4343339587242026,30
ravdess_speech,20260922,4,happy,relative,0.12528233699744012,0.09138840070298769,32
ravdess_speech,20260922,4,neutral,relative,0.4315435405506417,0.7609841827768014,16
ravdess_speech,20260922,4,sad,relative,0.2688929472128013,0.39238578680203046,28
ravdess_speech,20260922,4,surprise,relative,0.06132879045996592,0.03163444639718804,32
ravdess_speech,20260922,4,angry,baseline_only,0.32896983494593074,0.5422138836772983,30
ravdess_speech,20260922,4,happy,baseline_only,0.0,0.0,32
ravdess_speech,20260922,4,neutral,baseline_only,0.1856148491879353,0.49209138840070293,16
ravdess_speech,20260922,4,sad,baseline_only,0.0,0.0,28
ravdess_speech,20260922,4,surprise,baseline_only,0.0,0.0,32
ravdess_speech,20260922,4,angry,relative_plus_baseline,0.4012422360248447,0.3030018761726079,30
ravdess_speech,20260922,4,happy,relative_plus_baseline,0.09149007736293305,0.059753954305799634,32
ravdess_speech,20260922,4,neutral,relative_plus_baseline,0.4243537914982238,0.7609841827768014,16
ravdess_speech,20260922,4,sad,relative_plus_baseline,0.24492934730366253,0.32335025380710664,28
ravdess_speech,20260922,4,surprise,relative_plus_baseline,0.23953261927945474,0.21616871704745166,32
msp,20260920,0,angry,absolute,0.2998047916008124,0.5448197755850803,5471
msp,20260920,0,happy,absolute,0.1561130234055979,0.10522947479870706,7995
msp,20260920,0,neutral,absolute,0.5528216909161244,0.5199893567847966,12109
msp,20260920,0,sad,absolute,0.09717913572577219,0.08820765489361194,2762
msp,20260920,0,surprise,absolute,0.04998456071760905,0.1091386249862237,870
msp,20260920,0,angry,relative,0.30956976554183396,0.4941963117729547,5471
msp,20260920,0,happy,relative,0.20797906637150954,0.15235550934727146,7995
msp,20260920,0,neutral,relative,0.2366059026371697,0.15115250922796283,12109
msp,20260920,0,sad,relative,0.2285997400557197,0.5676986615093703,2762
msp,20260920,0,surprise,relative,0.05782530243449639,0.08393576101164456,870
msp,20260920,0,angry,baseline_only,0.1900428652168958,0.4463551999809744,5471
msp,20260920,0,happy,baseline_only,0.09727545131564425,0.05927599774660597,7995
msp,20260920,0,neutral,baseline_only,0.5208677318605897,0.5364337011660657,12109
msp,20260920,0,sad,baseline_only,0.049671513316047945,0.029904592598994195,2762
msp,20260920,0,surprise,baseline_only,0.007479903220746102,0.00588593406785615,870
msp,20260920,0,angry,relative_plus_baseline,0.28422720808900775,0.4451302188572138,5471
msp,20260920,0,happy,relative_plus_baseline,0.1283516732844855,0.08230129405562572,7995
msp,20260920,0,neutral,relative_plus_baseline,0.5013751850099049,0.42395909045413505,12109
msp,20260920,0,sad,relative_plus_baseline,0.20976265160175797,0.3145686899069134,2762
msp,20260920,0,surprise,relative_plus_baseline,0.08897730131174167,0.23556493059617103,870
msp,20260920,1,angry,absolute,0.3005523261038822,0.5258520227808281,8208
msp,20260920,1,happy,absolute,0.11566353116508712,0.07366303890526933,7150
msp,20260920,1,neutral,absolute,0.5697434898277787,0.5606083845597775,11774
msp,20260920,1,sad,absolute,0.10875712110064328,0.08948517518066845,2982
msp,20260920,1,surprise,absolute,0.040143179814081185,0.09687327358724301,855
msp,20260920,1,angry,relative,0.3432602473603807,0.5584218005427926,8208
msp,20260920,1,happy,relative,0.20223823787514514,0.15394321592020396,7150
msp,20260920,1,neutral,relative,0.21681056621841666,0.13852030509469102,11774
msp,20260920,1,sad,relative,0.23989618709335342,0.5313791772239562,2982
msp,20260920,1,surprise,relative,0.047978000339419735,0.06333790056573002,855
msp,20260920,1,angry,baseline_only,0.1560257093920516,0.31266440022290626,8208
msp,20260920,1,happy,baseline_only,0.13504472928257089,0.08943752639807803,7150
msp,20260920,1,neutral,baseline_only,0.5515771214365732,0.5930183783774857,11774
msp,20260920,1,sad,baseline_only,0.044887468930052986,0.02646266535669869,2982
msp,20260920,1,surprise,baseline_only,0.022955110851763154,0.018871367118997957,855
msp,20260920,1,angry,relative_plus_baseline,0.23577601299333967,0.3751866041076362,8208
msp,20260920,1,happy,relative_plus_baseline,0.0789602415255933,0.04544089374592728,7150
msp,20260920,1,neutral,relative_plus_baseline,0.5331333853195609,0.48015996628985497,11774
msp,20260920,1,sad,relative_plus_baseline,0.17882847395287638,0.20293916243961396,2982
msp,20260920,1,surprise,relative_plus_baseline,0.08609740033177574,0.3034541534153923,855
msp,20260920,2,angry,absolute,0.25413725898726214,0.47256249652227533,5240
msp,20260920,2,happy,absolute,0.12042284782511263,0.08080050941698994,8624
msp,20260920,2,neutral,absolute,0.5436425960559865,0.5197463001624765,12443
msp,20260920,2,sad,absolute,0.11951612821943683,0.0981925578218978,3262
msp,20260920,2,surprise,absolute,0.04107848858591506,0.10277371194449747,1050
msp,20260920,2,angry,relative,0.27097218720175614,0.44723699781485177,5240
msp,20260920,2,happy,relative,0.18079126927978792,0.13365793664002606,8624
msp,20260920,2,neutral,relative,0.22745523972199505,0.1452950039723988,12443
msp,20260920,2,sad,relative,0.247899595568422,0.5314671766014378,3262
msp,20260920,2,surprise,relative,0.04737548879298193,0.07693618261176906,1050
msp,20260920,2,angry,baseline_only,0.18649783761992228,0.4697828769972227,5240
msp,20260920,2,happy,baseline_only,0.11396562003694785,0.07258843298028266,8624
msp,20260920,2,neutral,baseline_only,0.5205245145947154,0.5357740287212887,12443
msp,20260920,2,sad,baseline_only,0.018808708920809818,0.009795430665915907,3262
msp,20260920,2,surprise,baseline_only,0.011155566202354751,0.009174470320973153,1050
msp,20260920,2,angry,relative_plus_baseline,0.2575652809925466,0.42965726678015387,5240
msp,20260920,2,happy,relative_plus_baseline,0.10398631721188249,0.06555376802476787,8624
msp,20260920,2,neutral,relative_plus_baseline,0.4681602941719907,0.38669626236832116,12443
msp,20260920,2,sad,relative_plus_baseline,0.22137024234561914,0.3149417322700157,3262
msp,20260920,2,surprise,relative_plus_baseline,0.06775666824596659,0.19171944432139953,1050
msp,20260920,3,angry,absolute,0.30693130144360653,0.5949255443218644,5151
msp,20260920,3,happy,absolute,0.13982859150423363,0.09355802064886104,7794
msp,20260920,3,neutral,absolute,0.5343875485724635,0.500933991924834,10577
msp,20260920,3,sad,absolute,0.10898960496069483,0.08870486021041549,2736
msp,20260920,3,surprise,absolute,0.049966540147970424,0.10398842333143812,910
msp,20260920,3,angry,relative,0.3248860306645244,0.5271282050363645,5151
msp,20260920,3,happy,relative,0.18174597333403483,0.13233885232659381,7794
msp,20260920,3,neutral,relative,0.22237550460375566,0.14157305131558776,10577
msp,20260920,3,sad,relative,0.25750364797972075,0.5539247266754903,2736
msp,20260920,3,surprise,relative,0.047367839231096096,0.07017389386247667,910
msp,20260920,3,angry,baseline_only,0.22397157066578854,0.5617716628842879,5151
msp,20260920,3,happy,baseline_only,0.08534212866627251,0.05040449553677777,7794
msp,20260920,3,neutral,baseline_only,0.5021349169191319,0.5078026228600445,10577
msp,20260920,3,sad,baseline_only,0.03180192427497981,0.01933404494521532,2736
msp,20260920,3,surprise,baseline_only,0.0,0.0,910
msp,20260920,3,angry,relative_plus_baseline,0.3048183950273593,0.5299298423605299,5151
msp,20260920,3,happy,relative_plus_baseline,0.12428290625800686,0.07926220317821805,7794
msp,20260920,3,neutral,relative_plus_baseline,0.4831627908313363,0.4032048017349521,10577
msp,20260920,3,sad,relative_plus_baseline,0.23735051268713675,0.3155043533305988,2736
msp,20260920,3,surprise,relative_plus_baseline,0.09020571970756491,0.21528591992995688,910
msp,20260920,4,angry,absolute,0.3034187980122334,0.5082884105138699,3660
msp,20260920,4,happy,absolute,0.13108462392577022,0.0878426699852371,8963
msp,20260920,4,neutral,absolute,0.555898302193021,0.541532230482975,12715
msp,20260920,4,sad,absolute,0.1468540315227581,0.13976997838806682,2968
msp,20260920,4,surprise,absolute,0.045639589310921026,0.09238416484873975,1086
msp,20260920,4,angry,relative,0.302609803801712,0.452277557923216,3660
msp,20260920,4,happy,relative,0.19361869269498594,0.14365098911175778,8963
msp,20260920,4,neutral,relative,0.23361993592357716,0.1525871313997326,12715
msp,20260920,4,sad,relative,0.2365201330814392,0.5374673619493683,2968
msp,20260920,4,surprise,relative,0.050109918631029156,0.07621607965851623,1086
msp,20260920,4,angry,baseline_only,0.2264608359594597,0.4984478800557017,3660
msp,20260920,4,happy,baseline_only,0.11709000938022066,0.07291258589147455,8963
msp,20260920,4,neutral,baseline_only,0.5373721653852783,0.5575068397340547,12715
msp,20260920,4,sad,baseline_only,0.01584029134753614,0.008640088601025515,2968
msp,20260920,4,surprise,baseline_only,0.024511477107073316,0.029872888126817647,1086
msp,20260920,4,angry,relative_plus_baseline,0.3083803278021817,0.4444719425325467,3660
msp,20260920,4,happy,relative_plus_baseline,0.14915390631810016,0.10278804179577802,8963
msp,20260920,4,neutral,relative_plus_baseline,0.5008919183949085,0.4279328297044059,12715
msp,20260920,4,sad,relative_plus_baseline,0.22775916463311752,0.32145803352919516,2968
msp,20260920,4,surprise,relative_plus_baseline,0.07367832654330814,0.1944099640447214,1086
msp,20260921,0,angry,absolute,0.3155489353411159,0.5599635055740985,5724
msp,20260921,0,happy,absolute,0.139617695319233,0.09496738132650202,6850
msp,20260921,0,neutral,absolute,0.556446097201828,0.5167865557012834,12887
msp,20260921,0,sad,absolute,0.12147651352245412,0.11200185503274745,2481
msp,20260921,0,surprise,absolute,0.04757247482496218,0.10555478310016997,763
msp,20260921,0,angry,relative,0.3037794490028502,0.4312749438143093,5724
msp,20260921,0,happy,relative,0.1999299635694489,0.15328185139801967,6850
msp,20260921,0,neutral,relative,0.2406506619367997,0.15571756099725895,12887
msp,20260921,0,sad,relative,0.22824546173959595,0.5518560315823161,2481
msp,20260921,0,surprise,relative,0.06119749729331496,0.09796509295867706,763
msp,20260921,0,angry,baseline_only,0.22283903457980997,0.5358989439644548,5724
msp,20260921,0,happy,baseline_only,0.05665517642707076,0.032565232654236546,6850
msp,20260921,0,neutral,baseline_only,0.5396487781907802,0.5484537884605526,12887
msp,20260921,0,sad,baseline_only,0.02746742221435776,0.015743547032194917,2481
msp,20260921,0,surprise,baseline_only,0.029136300470081797,0.022309868052528766,763
msp,20260921,0,angry,relative_plus_baseline,0.3228558517524407,0.49062216363043976,5724
msp,20260921,0,happy,relative_plus_baseline,0.12330907288242245,0.08070524283480551,6850
msp,20260921,0,neutral,relative_plus_baseline,0.5085393477220822,0.428832208946059,12887
msp,20260921,0,sad,relative_plus_baseline,0.2220584028295917,0.3316039999373029,2481
msp,20260921,0,surprise,relative_plus_baseline,0.07344809362489092,0.18846969623981136,763
msp,20260921,1,angry,absolute,0.2614236828133867,0.5165366978592666,4082
msp,20260921,1,happy,absolute,0.1501253198180184,0.10042118624158645,9040
msp,20260921,1,neutral,absolute,0.5591224318297066,0.5477039256426113,11505
msp,20260921,1,sad,absolute,0.08568194488300825,0.07270766911042253,3176
msp,20260921,1,surprise,absolute,0.03871975962382364,0.07621160568761395,1108
msp,20260921,1,angry,relative,0.279464698972043,0.5029972623170593,4082
msp,20260921,1,happy,relative,0.20393015500333095,0.15057055895348656,9040
msp,20260921,1,neutral,relative,0.23041838018313174,0.1501985394960175,11505
msp,20260921,1,sad,relative,0.2342814220231361,0.4996251682354326,3176
msp,20260921,1,surprise,relative,0.05992002804739469,0.08761761038867762,1108
msp,20260921,1,angry,baseline_only,0.17167146698128452,0.42384548498179764,4082
msp,20260921,1,happy,baseline_only,0.118761747770304,0.07399723700791314,9040
msp,20260921,1,neutral,baseline_only,0.5345492135608887,0.5660495570090983,11505
msp,20260921,1,sad,baseline_only,0.029066611049508896,0.016757418123351353,3176
msp,20260921,1,surprise,baseline_only,0.01641715179935342,0.01514973563317355,1108
msp,20260921,1,angry,relative_plus_baseline,0.26007285518274986,0.44914187476577355,4082
msp,20260921,1,happy,relative_plus_baseline,0.14905881662104922,0.10052086364247532,9040
msp,20260921,1,neutral,relative_plus_baseline,0.4921204664200596,0.42358979235700805,11505
msp,20260921,1,sad,relative_plus_baseline,0.18781769937772852,0.24225716533496042,3176
msp,20260921,1,surprise,relative_plus_baseline,0.08996109331092839,0.23108674910507832,1108
msp,20260921,2,angry,absolute,0.2719806215731824,0.47494534993545173,4811
msp,20260921,2,happy,absolute,0.18738585904919916,0.1343385625269142,8854
msp,20260921,2,neutral,absolute,0.5184541624803114,0.48515688179850625,12250
msp,20260921,2,sad,absolute,0.1301166524500924,0.12022444040648722,2803
msp,20260921,2,surprise,absolute,0.04526791450798363,0.09303699473528904,1114
msp,20260921,2,angry,relative,0.31256430399580143,0.4779465715056496,4811
msp,20260921,2,happy,relative,0.19115075589141986,0.13906311121203346,8854
msp,20260921,2,neutral,relative,0.21063799638355518,0.13287000376484737,12250
msp,20260921,2,sad,relative,0.24167935481271893,0.5646824182091944,2803
msp,20260921,2,surprise,relative,0.05378624959885473,0.08408079482369891,1114
msp,20260921,2,angry,baseline_only,0.16581058107751848,0.3805384287407895,4811
msp,20260921,2,happy,baseline_only,0.1622484528287112,0.10686047633206745,8854
msp,20260921,2,neutral,baseline_only,0.4930541509967447,0.4979761060506012,12250
msp,20260921,2,sad,baseline_only,0.03690326896283092,0.021854429083517948,2803
msp,20260921,2,surprise,baseline_only,0.005396239250351453,0.004380294434140676,1114
msp,20260921,2,angry,relative_plus_baseline,0.25263595469648303,0.3924234937256651,4811
msp,20260921,2,happy,relative_plus_baseline,0.1360946831576013,0.08722608412919543,8854
msp,20260921,2,neutral,relative_plus_baseline,0.4749290295606188,0.39611163291460844,12250
msp,20260921,2,sad,relative_plus_baseline,0.23592026038185526,0.3413859528719393,2803
msp,20260921,2,surprise,relative_plus_baseline,0.07487727665863726,0.2151099135672728,1114
msp,20260921,3,angry,absolute,0.28786860691187666,0.5241656307018304,7404
msp,20260921,3,happy,absolute,0.10360044820474046,0.06593810385527736,8048
msp,20260921,3,neutral,absolute,0.5510177199841726,0.5332714135496804,10722
msp,20260921,3,sad,absolute,0.11351754942817764,0.09341270491474868,2918
msp,20260921,3,surprise,absolute,0.05078363568173383,0.12471228896110195,943
msp,20260921,3,angry,relative,0.3199646668117646,0.5373664619672377,7404
msp,20260921,3,happy,relative,0.17804685965653935,0.12762893996550964,8048
msp,20260921,3,neutral,relative,0.23458022093262973,0.15101467074204797,10722
msp,20260921,3,sad,relative,0.24612968334162466,0.559017601856363,2918
msp,20260921,3,surprise,relative,0.040385869651399814,0.05743258588841681,943
msp,20260921,3,angry,baseline_only,0.1790245287823889,0.38938002300081126,7404
msp,20260921,3,happy,baseline_only,0.10747605891641339,0.0719387424617797,8048
msp,20260921,3,neutral,baseline_only,0.5284739693499741,0.5553004771306763,10722
msp,20260921,3,sad,baseline_only,0.00513837484756384,0.0027502674264227975,2918
msp,20260921,3,surprise,baseline_only,0.0,0.0,943
msp,20260921,3,angry,relative_plus_baseline,0.25953984320405016,0.4290476812478857,7404
msp,20260921,3,happy,relative_plus_baseline,0.07315923105085291,0.04168187151671283,8048
msp,20260921,3,neutral,relative_plus_baseline,0.49828289969968864,0.4254437323276592,10722
msp,20260921,3,sad,relative_plus_baseline,0.21719835302495571,0.292378820423257,2918
msp,20260921,3,surprise,relative_plus_baseline,0.08178713631347546,0.2737213013417938,943
msp,20260921,4,angry,absolute,0.328013423834206,0.5743753023614838,5709
msp,20260921,4,happy,absolute,0.14491915642649125,0.10018249873268138,7734
msp,20260921,4,neutral,absolute,0.5714249172475231,0.5599087265552005,12254
msp,20260921,4,sad,absolute,0.11345952036379293,0.08882107740854213,3332
msp,20260921,4,surprise,absolute,0.05253145053555052,0.10377943201652651,843
msp,20260921,4,angry,relative,0.33518040947001965,0.534920916150579,5709
msp,20260921,4,happy,relative,0.19661590567325124,0.15011209955977792,7734
msp,20260921,4,neutral,relative,0.22696498850693894,0.14481465599980253,12254
msp,20260921,4,sad,relative,0.25922401086965025,0.5400595731717983,3332
msp,20260921,4,surprise,relative,0.05074766231465933,0.06627459153396327,843
msp,20260921,4,angry,baseline_only,0.2369933627820125,0.5293625441323727,5709
msp,20260921,4,happy,baseline_only,0.09408321375359338,0.0581927359970908,7734
msp,20260921,4,neutral,baseline_only,0.5401192181908006,0.5658984871829059,12254
msp,20260921,4,sad,baseline_only,0.04175045938183223,0.024662719401797352,3332
msp,20260921,4,surprise,baseline_only,0.02565056214627725,0.01931088946178549,843
msp,20260921,4,angry,relative_plus_baseline,0.329471140124383,0.5113905968195802,5709
msp,20260921,4,happy,relative_plus_baseline,0.10003397199141485,0.06364014314539718,7734
msp,20260921,4,neutral,relative_plus_baseline,0.512442017237373,0.44914081468659,12254
msp,20260921,4,sad,relative_plus_baseline,0.21770510543284904,0.27291543323164713,3332
msp,20260921,4,surprise,relative_plus_baseline,0.09608801906683467,0.24346006300099166,843
msp,20260922,0,angry,absolute,0.2696586313775221,0.46539073715859747,4053
msp,20260922,0,happy,absolute,0.1432119302480578,0.09640833483540372,7517
msp,20260922,0,neutral,absolute,0.5691128274597175,0.554703554798696,10961
msp,20260922,0,sad,absolute,0.13549735204371977,0.12647171031759186,2602
msp,20260922,0,surprise,absolute,0.04067093213387561,0.08177986517262874,901
msp,20260922,0,angry,relative,0.27555444858265643,0.45071329213349093,4053
msp,20260922,0,happy,relative,0.21354097120097926,0.1588016382336694,7517
msp,20260922,0,neutral,relative,0.22969456276795583,0.1471949861533257,10961
msp,20260922,0,sad,relative,0.23873109621544578,0.546860437560741,2602
msp,20260922,0,surprise,relative,0.04551492589105799,0.06510430290244343,901
msp,20260922,0,angry,baseline_only,0.18521775072586535,0.4034016311389118,4053
msp,20260922,0,happy,baseline_only,0.1259188424454784,0.0810258253368342,7517
msp,20260922,0,neutral,baseline_only,0.5469936125731621,0.580091286377194,10961
msp,20260922,0,sad,baseline_only,0.022474803238421777,0.012533303463538795,2602
msp,20260922,0,surprise,baseline_only,0.029363712082764566,0.0275496309546816,901
msp,20260922,0,angry,relative_plus_baseline,0.2627218344852292,0.404377052127661,4053
msp,20260922,0,happy,relative_plus_baseline,0.1149653812896381,0.07037806676064262,7517
msp,20260922,0,neutral,relative_plus_baseline,0.5205101722961408,0.45405441333013397,10961
msp,20260922,0,sad,relative_plus_baseline,0.21531701557619973,0.3039619531059722,2602
msp,20260922,0,surprise,relative_plus_baseline,0.08055669847598596,0.22802449258045626,901
msp,20260922,1,angry,absolute,0.29165031620023896,0.5670365150525235,4790
msp,20260922,1,happy,absolute,0.1305758428005323,0.08579395550769607,9182
msp,20260922,1,neutral,absolute,0.5275614599114682,0.4970398014111481,12878
msp,20260922,1,sad,absolute,0.08593728832837906,0.07357383466860562,3150
msp,20260922,1,surprise,absolute,0.053355184211045764,0.11928760388659586,1048
msp,20260922,1,angry,relative,0.315283925256382,0.5024679629254835,4790
msp,20260922,1,happy,relative,0.19483737840087678,0.14241918906696543,9182
msp,20260922,1,neutral,relative,0.22199689110645932,0.14249059478477108,12878
msp,20260922,1,sad,relative,0.24894459660552276,0.5760459867504016,3150
msp,20260922,1,surprise,relative,0.055232410278896714,0.08174439136318118,1048
msp,20260922,1,angry,baseline_only,0.19228826759439135,0.48074587522598483,4790
msp,20260922,1,happy,baseline_only,0.14068761605099483,0.09247839676576194,9182
msp,20260922,1,neutral,baseline_only,0.4948934511484203,0.49643963398152996,12878
msp,20260922,1,sad,baseline_only,0.018846393182853048,0.010723471880976282,3150
msp,20260922,1,surprise,baseline_only,0.02725696125525089,0.01823421898596883,1048
msp,20260922,1,angry,relative_plus_baseline,0.2906454080831483,0.5015265110069775,4790
msp,20260922,1,happy,relative_plus_baseline,0.1203799833757378,0.07802420761161463,9182
msp,20260922,1,neutral,relative_plus_baseline,0.4729076911077497,0.40061960097468396,12878
msp,20260922,1,sad,relative_plus_baseline,0.1988436527564334,0.2743595443930671,3150
msp,20260922,1,surprise,relative_plus_baseline,0.09545386949251117,0.2281980702711927,1048
msp,20260922,2,angry,absolute,0.29834180378861475,0.5098672588325689,6601
msp,20260922,2,happy,absolute,0.14525138180143807,0.09979968289520953,8439
msp,20260922,2,neutral,absolute,0.5353244987977804,0.5038657510967991,12625
msp,20260922,2,sad,absolute,0.1156386330463973,0.10626570281773529,2765
msp,20260922,2,surprise,absolute,0.05894207461285931,0.13917814050752192,1067
msp,20260922,2,angry,relative,0.3082222276375312,0.5357605908525748,6601
msp,20260922,2,happy,relative,0.1782296685852752,0.13055733312927945,8439
msp,20260922,2,neutral,relative,0.22093662743611067,0.14022257407203798,12625
msp,20260922,2,sad,relative,0.23638336102601817,0.5560741030988378,2765
msp,20260922,2,surprise,relative,0.06512372274812582,0.07939193343857047,1067
msp,20260922,2,angry,baseline_only,0.1850863507114445,0.4043414870674313,6601
msp,20260922,2,happy,baseline_only,0.14292865879093317,0.09718253717095611,8439
msp,20260922,2,neutral,baseline_only,0.5118719254471372,0.5261285458655673,12625
msp,20260922,2,sad,baseline_only,0.03176844165838046,0.019293602221010838,2765
msp,20260922,2,surprise,baseline_only,0.011171224727025798,0.00962070427142048,1067
msp,20260922,2,angry,relative_plus_baseline,0.22928078612570665,0.34745465720884305,6601
msp,20260922,2,happy,relative_plus_baseline,0.10992340030334873,0.06671201235403787,8439
msp,20260922,2,neutral,relative_plus_baseline,0.4724722567744569,0.39105493027319377,12625
msp,20260922,2,sad,relative_plus_baseline,0.21276002702255264,0.3099767950514348,2765
msp,20260922,2,surprise,relative_plus_baseline,0.08474252076440568,0.2788459613535731,1067
msp,20260922,3,angry,absolute,0.2985074357466904,0.5702306784326435,4730
msp,20260922,3,happy,absolute,0.15223814599992558,0.10432534110972343,7369
msp,20260922,3,neutral,absolute,0.561113363450441,0.5416747875471503,9707
msp,20260922,3,sad,absolute,0.12179752302049514,0.09473905449993286,2737
msp,20260922,3,surprise,absolute,0.035357365922713706,0.0675929139346551,827
msp,20260922,3,angry,relative,0.3262370163686051,0.5247156361004423,4730
msp,20260922,3,happy,relative,0.19646134516341765,0.14571611408540022,7369
msp,20260922,3,neutral,relative,0.24133317310575286,0.1562136408829605,9707
msp,20260922,3,sad,relative,0.23891258407027893,0.5099950013770456,2737
msp,20260922,3,surprise,relative,0.03431398548788119,0.052172297306885246,827
msp,20260922,3,angry,baseline_only,0.22133535121493836,0.5136594774105974,4730
msp,20260922,3,happy,baseline_only,0.08374326815170983,0.05004723216802879,7369
msp,20260922,3,neutral,baseline_only,0.5300025912302808,0.5504328329759056,9707
msp,20260922,3,sad,baseline_only,0.07533364281662648,0.04501328986218334,2737
msp,20260922,3,surprise,baseline_only,0.011111599218369213,0.009999377809443585,827
msp,20260922,3,angry,relative_plus_baseline,0.29568707715570874,0.5074072556173971,4730
msp,20260922,3,happy,relative_plus_baseline,0.10413997525145167,0.06555201524290409,7369
msp,20260922,3,neutral,relative_plus_baseline,0.49005691499270626,0.40875279644536777,9707
msp,20260922,3,sad,relative_plus_baseline,0.23988133707956308,0.30943468168667576,2737
msp,20260922,3,surprise,relative_plus_baseline,0.07881162145787524,0.22674083234002546,827
msp,20260922,4,angry,absolute,0.30359876015016735,0.5288889110889682,7556
msp,20260922,4,happy,absolute,0.13976961577767216,0.09351117752113776,8019
msp,20260922,4,neutral,absolute,0.5657450329108762,0.5511965071820346,13447
msp,20260922,4,sad,absolute,0.1166754503703383,0.09397448152776634,3456
msp,20260922,4,surprise,absolute,0.03994628140515322,0.09103566208138875,928
msp,20260922,4,angry,relative,0.32876955778259964,0.4676087609026002,7556
msp,20260922,4,happy,relative,0.18888653774787942,0.14274128169773914,8019
msp,20260922,4,neutral,relative,0.2335078879389463,0.1514577684632363,13447
msp,20260922,4,sad,relative,0.2481379628318091,0.5295387349390207,3456
msp,20260922,4,surprise,relative,0.06290808531744221,0.11319649084528412,928
msp,20260922,4,angry,baseline_only,0.21514228497431778,0.4948385646703066,7556
msp,20260922,4,happy,baseline_only,0.0759383333022784,0.04441076932802907,8019
msp,20260922,4,neutral,baseline_only,0.5449084738447432,0.5742181215549246,13447
msp,20260922,4,sad,baseline_only,0.014995677103446563,0.007972645792766145,3456
msp,20260922,4,surprise,baseline_only,0.014276013473027576,0.010635914752370556,928
msp,20260922,4,angry,relative_plus_baseline,0.31325566024598345,0.4708082481330447,7556
msp,20260922,4,happy,relative_plus_baseline,0.13443355788211744,0.08861571477862883,8019
msp,20260922,4,neutral,relative_plus_baseline,0.5255929877222992,0.4593619622955089,13447
msp,20260922,4,sad,relative_plus_baseline,0.21605279195516572,0.27858946301891313,3456
msp,20260922,4,surprise,relative_plus_baseline,0.07686384672791277,0.20809991452355744,928
meld,20260920,0,angry,absolute,0.29194496644511037,0.7401241235589835,23
meld,20260920,0,happy,absolute,0.18530902286681053,0.14655154876932971,51
meld,20260920,0,neutral,absolute,0.5623951387120798,0.5125569390307108,161
meld,20260920,0,sad,absolute,0.0,0.0,29
meld,20260920,0,surprise,absolute,0.02523102374668011,0.019014263171342905,26
meld,20260920,0,angry,relative,0.25509527025993334,0.596205389204156,23
meld,20260920,0,happy,relative,0.05821870527846884,0.03979354134945752,51
meld,20260920,0,neutral,relative,0.6291211210479749,0.6338489496076086,161
meld,20260920,0,sad,relative,0.03335517257850387,0.023341215069774005,29
meld,20260920,0,surprise,relative,0.0,0.0,26
meld,20260920,0,angry,baseline_only,0.0,0.0,23
meld,20260920,0,happy,baseline_only,0.0,0.0,51
meld,20260920,0,neutral,baseline_only,0.5896902931987166,0.5598796951693216,161
meld,20260920,0,sad,baseline_only,0.22693991069019737,0.57431358925526,29
meld,20260920,0,surprise,baseline_only,0.0,0.0,26
meld,20260920,0,angry,relative_plus_baseline,0.2627563350438963,0.596205389204156,23
meld,20260920,0,happy,relative_plus_baseline,0.06796048069322759,0.04154725879547225,51
meld,20260920,0,neutral,relative_plus_baseline,0.5182518548226115,0.4062907891158155,161
meld,20260920,0,sad,relative_plus_baseline,0.22377665386967752,0.4208002132194385,29
meld,20260920,0,surprise,relative_plus_baseline,0.0,0.0,26
meld,20260920,1,angry,absolute,0.08945232787481636,0.13803745219954222,216
meld,20260920,1,happy,absolute,0.08866491145919592,0.060658429217298325,275
meld,20260920,1,neutral,absolute,0.6002060920030563,0.5950762136664103,941
meld,20260920,1,sad,absolute,0.07362001005425006,0.07959657491765204,124
meld,20260920,1,surprise,absolute,0.02145043017697474,0.021066870169450205,192
meld,20260920,1,angry,relative,0.09060643195960462,0.1315481020823292,216
meld,20260920,1,happy,relative,0.10826368838431491,0.0762782605320196,275
meld,20260920,1,neutral,relative,0.5899163304518911,0.5940362567723925,941
meld,20260920,1,sad,relative,0.05279569337948659,0.05329329307952207,124
meld,20260920,1,surprise,relative,0.18780175413808092,0.18991172038046705,192
meld,20260920,1,angry,baseline_only,0.0,0.0,216
meld,20260920,1,happy,baseline_only,0.0,0.0,275
meld,20260920,1,neutral,baseline_only,0.50946203221401,0.4807372489217975,941
meld,20260920,1,sad,baseline_only,0.19217154294381594,0.778475975940039,124
meld,20260920,1,surprise,baseline_only,0.0,0.0,192
meld,20260920,1,angry,relative_plus_baseline,0.06770672621748317,0.09312884586739632,216
meld,20260920,1,happy,relative_plus_baseline,0.18543370241604767,0.14029629066667137,275
meld,20260920,1,neutral,relative_plus_baseline,0.4733475991065025,0.3802078127126359,941
meld,20260920,1,sad,relative_plus_baseline,0.2373325415109064,0.696278220195883,124
meld,20260920,1,surprise,relative_plus_baseline,0.026814109460195096,0.01964729632555651,192
meld,20260920,2,angry,absolute,0.2566148234597355,0.4092314396597276,257
meld,20260920,2,happy,absolute,0.02465817467328811,0.013605483810413148,355
meld,20260920,2,neutral,absolute,0.6304631739479793,0.693294592721654,1064
meld,20260920,2,sad,absolute,0.11074311404211838,0.12753262764878012,160
meld,20260920,2,surprise,absolute,0.006761685927233106,0.005034918922996737,217
meld,20260920,2,angry,relative,0.21120316650748486,0.36430974634809643,257
meld,20260920,2,happy,relative,0.05702038096604859,0.03918326654015401,355
meld,20260920,2,neutral,relative,0.5916628950944484,0.6048888107094941,1064
meld,20260920,2,sad,relative,0.06443740442661147,0.0732056297153275,160
meld,20260920,2,surprise,relative,0.13263659159561172,0.09914347702783283,217
meld,20260920,2,angry,baseline_only,0.0,0.0,257
meld,20260920,2,happy,baseline_only,0.0,0.0,355
meld,20260920,2,neutral,baseline_only,0.572953345258102,0.6465449886141935,1064
meld,20260920,2,sad,baseline_only,0.09520903106728418,0.37238081970291237,160
meld,20260920,2,surprise,baseline_only,0.0,0.0,217
meld,20260920,2,angry,relative_plus_baseline,0.26491712035328246,0.42318874927814176,257
meld,20260920,2,happy,relative_plus_baseline,0.012122275383775546,0.007612748927801353,355
meld,20260920,2,neutral,relative_plus_baseline,0.5321053890649075,0.48864434181782573,1064
meld,20260920,2,sad,relative_plus_baseline,0.09038238509428742,0.2758376442243795,160
meld,20260920,2,surprise,relative_plus_baseline,0.04584005540342169,0.028852059906780334,217
meld,20260920,3,angry,absolute,0.13141920689272224,0.35803942363477637,437
meld,20260920,3,happy,absolute,0.049234436505526176,0.031789254065971974,606
meld,20260920,3,neutral,absolute,0.6048013392310506,0.5788484389145607,1677
meld,20260920,3,sad,absolute,0.07320894742568589,0.07820127268339866,235
meld,20260920,3,surprise,absolute,0.08560495692835511,0.06772262104020335,428
meld,20260920,3,angry,relative,0.1434042411102126,0.44451292008809523,437
meld,20260920,3,happy,relative,0.04446594085538153,0.031789254065971974,606
meld,20260920,3,neutral,relative,0.1317889639243458,0.07250775595238881,1677
meld,20260920,3,sad,relative,0.06393181446272805,0.2556369076842791,235
meld,20260920,3,surprise,relative,0.24415054392526037,0.21157271236540984,428
meld,20260920,3,angry,baseline_only,0.0,0.0,437
meld,20260920,3,happy,baseline_only,0.0,0.0,606
meld,20260920,3,neutral,baseline_only,0.6044949907637465,0.6002652089893415,1677
meld,20260920,3,sad,baseline_only,0.05716700022129347,0.20492853706874287,235
meld,20260920,3,surprise,baseline_only,0.0,0.0,428
meld,20260920,3,angry,relative_plus_baseline,0.1446067166235651,0.44293494834528974,437
meld,20260920,3,happy,relative_plus_baseline,0.0,0.0,606
meld,20260920,3,neutral,relative_plus_baseline,0.5281533969869916,0.43314645557315745,1677
meld,20260920,3,sad,relative_plus_baseline,0.021218405757168293,0.053793740980545006,235
meld,20260920,3,surprise,relative_plus_baseline,0.06327684642782443,0.03719340091273658,428
meld,20260920,4,angry,absolute,0.12721958768184816,0.7388917126937964,365
meld,20260920,4,happy,absolute,0.1080767720084186,0.07118028004132952,543
meld,20260920,4,neutral,absolute,0.4507818479479666,0.32976373409732357,1488
meld,20260920,4,sad,absolute,0.12730742710772253,0.08791923003649771,333
meld,20260920,4,surprise,absolute,0.14462200627103247,0.1399537900835613,376
meld,20260920,4,angry,relative,0.18643809561421104,0.5501109184694573,365
meld,20260920,4,happy,relative,0.12479873521546425,0.09256238209190788,543
meld,20260920,4,neutral,relative,0.5580108177155142,0.5370662389300027,1488
meld,20260920,4,sad,relative,0.07607583726946196,0.06293339588221593,333
meld,20260920,4,surprise,relative,0.034451215025271424,0.030316473918059916,376
meld,20260920,4,angry,baseline_only,0.0,0.0,365
meld,20260920,4,happy,baseline_only,0.0,0.0,543
meld,20260920,4,neutral,baseline_only,0.40221142090668177,0.3002935685376113,1488
meld,20260920,4,sad,baseline_only,0.20056032208891944,0.9212784080946561,333
meld,20260920,4,surprise,baseline_only,0.0,0.0,376
meld,20260920,4,angry,relative_plus_baseline,0.1753684824589121,0.6842945878691914,365
meld,20260920,4,happy,relative_plus_baseline,0.0,0.0,543
meld,20260920,4,neutral,relative_plus_baseline,0.3565940284353488,0.23888390957019226,1488
meld,20260920,4,sad,relative_plus_baseline,0.24016648793441067,0.6527417965050876,333
meld,20260920,4,surprise,relative_plus_baseline,0.030849144542069787,0.021121232436362176,376
meld,20260921,0,angry,absolute,0.27966980388448953,0.7005179702165155,245
meld,20260921,0,happy,absolute,0.2017667999645212,0.13035738260612628,359
meld,20260921,0,neutral,absolute,0.680939217228342,0.6862582531039609,996
meld,20260921,0,sad,absolute,0.0014460842729992894,0.0010629896462692,136
meld,20260921,0,surprise,absolute,0.06188588850537447,0.04315770097181249,240
meld,20260921,0,angry,relative,0.2367908304089008,0.6789233377934045,245
meld,20260921,0,happy,relative,0.10711456404384807,0.06823531140257855,359
meld,20260921,0,neutral,relative,0.6043868361540601,0.5594273982529915,996
meld,20260921,0,sad,relative,0.0021776797354807376,0.0015944844694037996,136
meld,20260921,0,surprise,relative,0.1559336870131703,0.13784739283098413,240
meld,20260921,0,angry,baseline_only,0.0,0.0,245
meld,20260921,0,happy,baseline_only,0.0,0.0,359
meld,20260921,0,neutral,baseline_only,0.6609030365563578,0.6820500021174036,996
meld,20260921,0,sad,baseline_only,0.21838021099726013,0.513570848943008,136
meld,20260921,0,surprise,baseline_only,0.08517142992664872,0.07702942120173908,240
meld,20260921,0,angry,relative_plus_baseline,0.24361177254720615,0.637641331274496,245
meld,20260921,0,happy,relative_plus_baseline,0.04006893835470832,0.02178537022115799,359
meld,20260921,0,neutral,relative_plus_baseline,0.6093092829641067,0.5302474387839664,996
meld,20260921,0,sad,relative_plus_baseline,0.1377123848138188,0.22117527132148584,136
meld,20260921,0,surprise,relative_plus_baseline,0.05029185769064024,0.03851471060086955,240
meld,20260921,1,angry,absolute,0.15512134635973385,0.3919289421851962,16
meld,20260921,1,happy,absolute,0.11552177865861311,0.08435364180760094,41
meld,20260921,1,neutral,absolute,0.5531328190552105,0.5259239375561993,118
meld,20260921,1,sad,absolute,0.0,0.0,12
meld,20260921,1,surprise,absolute,0.0,0.0,24
meld,20260921,1,angry,relative,0.1296906771331558,0.37872609572356136,16
meld,20260921,1,happy,relative,0.0588867025271586,0.040400433060675464,41
meld,20260921,1,neutral,relative,0.5935537872398914,0.5611886206657511,118
meld,20260921,1,sad,relative,0.0,0.0,12
meld,20260921,1,surprise,relative,0.1508750557299722,0.11232873392795456,24
meld,20260921,1,angry,baseline_only,0.0,0.0,16
meld,20260921,1,happy,baseline_only,0.0,0.0,41
meld,20260921,1,neutral,baseline_only,0.5519496392890779,0.5973092716173581,118
meld,20260921,1,sad,baseline_only,0.035055324613243205,0.1104646011164604,12
meld,20260921,1,surprise,baseline_only,0.0,0.0,24
meld,20260921,1,angry,relative_plus_baseline,0.13093184407902356,0.37872609572356136,16
meld,20260921,1,happy,relative_plus_baseline,0.027393297223240166,0.017445641548928043,41
meld,20260921,1,neutral,relative_plus_baseline,0.500314214506719,0.4209557238770324,118
meld,20260921,1,sad,relative_plus_baseline,0.05126347643894207,0.1104646011164604,12
meld,20260921,1,surprise,relative_plus_baseline,0.03615129803883421,0.02297633193980889,24
meld,20260921,2,angry,absolute,0.24863288484218504,0.43549109855528206,427
meld,20260921,2,happy,absolute,0.15445672755183862,0.13351186107382718,634
meld,20260921,2,neutral,absolute,0.5129152236801867,0.4741068582228645,1749
meld,20260921,2,sad,absolute,0.005996916825124745,0.006282665682869068,341
meld,20260921,2,surprise,absolute,0.011868632516180656,0.010357312434119047,405
meld,20260921,2,angry,relative,0.1868891903310843,0.3024825973831604,427
meld,20260921,2,happy,relative,0.10155487575195622,0.07145993293458013,634
meld,20260921,2,neutral,relative,0.6169579663476102,0.6191025273706791,1749
meld,20260921,2,sad,relative,0.08484078079954895,0.08618622716914581,341
meld,20260921,2,surprise,relative,0.11433345446527507,0.09823502335261086,405
meld,20260921,2,angry,baseline_only,0.0,0.0,427
meld,20260921,2,happy,baseline_only,0.0,0.0,634
meld,20260921,2,neutral,baseline_only,0.4855970354432166,0.4562502821069353,1749
meld,20260921,2,sad,baseline_only,0.11150559820868663,0.43403880936390493,341
meld,20260921,2,surprise,baseline_only,0.0,0.0,405
meld,20260921,2,angry,relative_plus_baseline,0.2280257218295811,0.3356348042593025,427
meld,20260921,2,happy,relative_plus_baseline,0.15468815519522194,0.10177991433248114,634
meld,20260921,2,neutral,relative_plus_baseline,0.43825914107648695,0.34974699126473796,1749
meld,20260921,2,sad,relative_plus_baseline,0.13607687219477255,0.38573094862525825,341
meld,20260921,2,surprise,relative_plus_baseline,0.17897642802443064,0.16541735273735855,405
meld,20260921,3,angry,absolute,0.1550942825984126,0.39499975952933597,227
meld,20260921,3,happy,absolute,0.1281916802574392,0.0877432616096057,297
meld,20260921,3,neutral,absolute,0.5407404877154721,0.4608248683493852,824
meld,20260921,3,sad,absolute,0.17691743497875584,0.1584742190678758,124
meld,20260921,3,surprise,absolute,0.007823690911984708,0.007231123184995293,214
meld,20260921,3,angry,relative,0.12258936822161849,0.19515111059013587,227
meld,20260921,3,happy,relative,0.11053469776464137,0.0949002207685208,297
meld,20260921,3,neutral,relative,0.600029938457635,0.6059989147543674,824
meld,20260921,3,sad,relative,0.007407306914843092,0.0059862732342686594,124
meld,20260921,3,surprise,relative,0.13273467325627342,0.09627553265311917,214
meld,20260921,3,angry,baseline_only,0.0,0.0,227
meld,20260921,3,happy,baseline_only,0.0,0.0,297
meld,20260921,3,neutral,baseline_only,0.37677800589262006,0.2716780517047876,824
meld,20260921,3,sad,baseline_only,0.16596607435563684,0.8122254464122557,124
meld,20260921,3,surprise,baseline_only,0.0,0.0,214
meld,20260921,3,angry,relative_plus_baseline,0.15762346656222723,0.2375140946234175,227
meld,20260921,3,happy,relative_plus_baseline,0.0,0.0,297
meld,20260921,3,neutral,relative_plus_baseline,0.33147732505243555,0.2244997014447132,824
meld,20260921,3,sad,relative_plus_baseline,0.19039469063124234,0.7147517657922364,124
meld,20260921,3,surprise,relative_plus_baseline,0.0,0.0,214
meld,20260921,4,angry,absolute,0.10802739591607613,0.3158596645839573,383
meld,20260921,4,happy,absolute,0.13734853574096756,0.09380003771872868,499
meld,20260921,4,neutral,absolute,0.5492840482626077,0.5330285739876354,1644
meld,20260921,4,sad,absolute,0.043991866120043924,0.035781217043699354,268
meld,20260921,4,surprise,absolute,0.023706676351678193,0.01701100133565733,356
meld,20260921,4,angry,relative,0.17996897317736568,0.3836389727827908,383
meld,20260921,4,happy,relative,0.10828982093199886,0.07968927847516778,499
meld,20260921,4,neutral,relative,0.5778797692237011,0.5917567254440198,1644
meld,20260921,4,sad,relative,0.15250588236680104,0.14805426664212926,268
meld,20260921,4,surprise,relative,0.1409440382803048,0.10083666912171632,356
meld,20260921,4,angry,baseline_only,0.0,0.0,383
meld,20260921,4,happy,baseline_only,0.0,0.0,499
meld,20260921,4,neutral,baseline_only,0.5288002821293987,0.4875571432615193,1644
meld,20260921,4,sad,baseline_only,0.21159878780782027,0.7717757289220265,268
meld,20260921,4,surprise,baseline_only,0.0,0.0,356
meld,20260921,4,angry,relative_plus_baseline,0.1916929236113277,0.38077078483064425,383
meld,20260921,4,happy,relative_plus_baseline,0.08747415011974215,0.06071225758461775,499
meld,20260921,4,neutral,relative_plus_baseline,0.458948024331543,0.3615787285441682,1644
meld,20260921,4,sad,relative_plus_baseline,0.21668062225377707,0.6067260627191718,268
meld,20260921,4,surprise,relative_plus_baseline,0.08760515507260334,0.05299661853118657,356
meld,20260922,0,angry,absolute,0.2967802783735297,0.4496100435570614,434
meld,20260922,0,happy,absolute,0.012997884811982857,0.008315427361261606,561
meld,20260922,0,neutral,absolute,0.6137990924011701,0.6363862841801465,1726
meld,20260922,0,sad,absolute,0.0703409733992371,0.0785219060577151,300
meld,20260922,0,surprise,absolute,0.06917758920614633,0.04803632600434569,357
meld,20260922,0,angry,relative,0.17194803979738515,0.28210594834493374,434
meld,20260922,0,happy,relative,0.05668878480265912,0.04329146922634804,561
meld,20260922,0,neutral,relative,0.5970265121403152,0.5752653406229475,1726
meld,20260922,0,sad,relative,0.10996690766166686,0.09584965756978614,300
meld,20260922,0,surprise,relative,0.23522970918918518,0.21550221787449564,357
meld,20260922,0,angry,baseline_only,0.0,0.0,434
meld,20260922,0,happy,baseline_only,0.0,0.0,561
meld,20260922,0,neutral,baseline_only,0.6124255446930131,0.6727811730579516,1726
meld,20260922,0,sad,baseline_only,0.09136447776393475,0.20891812748480842,300
meld,20260922,0,surprise,baseline_only,0.0,0.0,357
meld,20260922,0,angry,relative_plus_baseline,0.17421193803638904,0.28210594834493374,434
meld,20260922,0,happy,relative_plus_baseline,0.04541515887454147,0.0381881273424923,561
meld,20260922,0,neutral,relative_plus_baseline,0.5434906470564699,0.49832524096386077,1726
meld,20260922,0,sad,relative_plus_baseline,0.07416789756887192,0.12030039264185978,300
meld,20260922,0,surprise,relative_plus_baseline,0.00652252773932047,0.00402411426035335,357
meld,20260922,1,angry,absolute,0.28017266505246824,0.5740874753216295,243
meld,20260922,1,happy,absolute,0.08017300808505345,0.0755880170779167,298
meld,20260922,1,neutral,absolute,0.5475478653720488,0.4661558040208892,853
meld,20260922,1,sad,absolute,0.12083733122906304,0.10162660509355512,135
meld,20260922,1,surprise,absolute,0.03003882113219775,0.025778509482219665,222
meld,20260922,1,angry,relative,0.23662408317572764,0.4076999643864304,243
meld,20260922,1,happy,relative,0.054551953855928,0.04363506886061044,298
meld,20260922,1,neutral,relative,0.6295676352291625,0.5965117114751225,853
meld,20260922,1,sad,relative,0.09387753834703115,0.0781857131067739,135
meld,20260922,1,surprise,relative,0.05421028614935788,0.04594375667212896,222
meld,20260922,1,angry,baseline_only,0.0,0.0,243
meld,20260922,1,happy,baseline_only,0.0,0.0,298
meld,20260922,1,neutral,baseline_only,0.5856623344751068,0.5375678057981664,853
meld,20260922,1,sad,baseline_only,0.19805126092391842,0.6683258396425188,135
meld,20260922,1,surprise,baseline_only,0.0,0.0,222
meld,20260922,1,angry,relative_plus_baseline,0.24796882847640966,0.4337996534271278,243
meld,20260922,1,happy,relative_plus_baseline,0.0,0.0,298
meld,20260922,1,neutral,relative_plus_baseline,0.4934511364718865,0.36347660646415203,853
meld,20260922,1,sad,relative_plus_baseline,0.19981846438208856,0.5439431722194614,135
meld,20260922,1,surprise,relative_plus_baseline,0.046912708741457865,0.03444608518625398,222
meld,20260922,2,angry,absolute,0.16360125642038922,0.56586215230829,379
meld,20260922,2,happy,absolute,0.19739685303665555,0.14351537766550523,552
meld,20260922,2,neutral,absolute,0.447119126084737,0.383857379240503,1654
meld,20260922,2,sad,absolute,0.008088937859036275,0.006672463092167658,297
meld,20260922,2,surprise,absolute,0.049253748408899865,0.04335507186315192,405
meld,20260922,2,angry,relative,0.25300003852767783,0.5487629225979088,379
meld,20260922,2,happy,relative,0.06382567525086524,0.04574064791401071,552
meld,20260922,2,neutral,relative,0.6181615744622883,0.6529113936960107,1654
meld,20260922,2,sad,relative,0.061873147795335696,0.05352004743844908,297
meld,20260922,2,surprise,relative,0.1098218134220804,0.07242537266424397,405
meld,20260922,2,angry,baseline_only,0.1332120258804546,0.1535235296764011,379
meld,20260922,2,happy,baseline_only,0.0,0.0,552
meld,20260922,2,neutral,baseline_only,0.3524648642889149,0.2574515859864784,1654
meld,20260922,2,sad,baseline_only,0.17905238514447702,0.7561832360826407,297
meld,20260922,2,surprise,baseline_only,0.0,0.0,405
meld,20260922,2,angry,relative_plus_baseline,0.2269106964263776,0.5182475486956856,379
meld,20260922,2,happy,relative_plus_baseline,0.030562097830137552,0.017382139184776036,552
meld,20260922,2,neutral,relative_plus_baseline,0.339148741638437,0.23478131148786713,1654
meld,20260922,2,sad,relative_plus_baseline,0.2004432885182154,0.6696860641883713,297
meld,20260922,2,surprise,relative_plus_baseline,0.11636864198706512,0.07249280826199962,405
meld,20260922,3,angry,absolute,0.044419058464432455,0.12735556190798816,232
meld,20260922,3,happy,absolute,0.09625691055114709,0.059624407515623874,361
meld,20260922,3,neutral,absolute,0.5512713817414746,0.5432506342732778,972
meld,20260922,3,sad,absolute,0.09483782583861629,0.12358427439674177,130
meld,20260922,3,surprise,absolute,0.0067856961264330115,0.004896039414331157,234
meld,20260922,3,angry,relative,0.08241292463941267,0.22655568764858436,232
meld,20260922,3,happy,relative,0.14070224556040942,0.09591768411173653,361
meld,20260922,3,neutral,relative,0.5277759226332699,0.5106583904793898,972
meld,20260922,3,sad,relative,0.002473749313576209,0.002726123699928127,130
meld,20260922,3,surprise,relative,0.14096701431162842,0.11756788859941203,234
meld,20260922,3,angry,baseline_only,0.0,0.0,232
meld,20260922,3,happy,baseline_only,0.0,0.0,361
meld,20260922,3,neutral,baseline_only,0.5371188899424388,0.5208013164984969,972
meld,20260922,3,sad,baseline_only,0.12759183204527025,0.6697177222823434,130
meld,20260922,3,surprise,baseline_only,0.0,0.0,234
meld,20260922,3,angry,relative_plus_baseline,0.0801252610900484,0.21803156477221813,232
meld,20260922,3,happy,relative_plus_baseline,0.024391217546520617,0.013561102632811697,361
meld,20260922,3,neutral,relative_plus_baseline,0.48909296939638236,0.4038675483262108,972
meld,20260922,3,sad,relative_plus_baseline,0.14507971116342114,0.507361910819957,130
meld,20260922,3,surprise,relative_plus_baseline,0.1355132493528732,0.09036766963090564,234
meld,20260922,4,angry,absolute,0.16650057131330143,0.5756719641970062,10
meld,20260922,4,happy,absolute,0.018912513738118534,0.01145606399768013,58
meld,20260922,4,neutral,absolute,0.6710277880732259,0.6801951635274539,126
meld,20260922,4,sad,absolute,0.061071437340348825,0.04517496064898899,19
meld,20260922,4,surprise,absolute,0.0,0.0,21
meld,20260922,4,angry,relative,0.16665164939680632,0.5640186855695364,10
meld,20260922,4,happy,relative,0.12892427434877585,0.08737451887461423,58
meld,20260922,4,neutral,relative,0.6124043361369613,0.5915211605654757,126
meld,20260922,4,sad,relative,0.04743165746373765,0.03474996972999153,19
meld,20260922,4,surprise,relative,0.0987133624185713,0.08701018204257947,21
meld,20260922,4,angry,baseline_only,0.0,0.0,10
meld,20260922,4,happy,baseline_only,0.0,0.0,58
meld,20260922,4,neutral,baseline_only,0.6155128091499157,0.6538406850150605,126
meld,20260922,4,sad,baseline_only,0.20700658671635136,0.47756386971788345,19
meld,20260922,4,surprise,baseline_only,0.0,0.0,21
meld,20260922,4,angry,relative_plus_baseline,0.16797363681738706,0.5640186855695364,10
meld,20260922,4,happy,relative_plus_baseline,0.13006160612201775,0.0801924479837609,58
meld,20260922,4,neutral,relative_plus_baseline,0.5589269667535842,0.48181689548431994,126
meld,20260922,4,sad,relative_plus_baseline,0.13975025868405896,0.24093312346127457,19
meld,20260922,4,surprise,relative_plus_baseline,0.08411970881639257,0.048133292193767364,21
